ticker,pdufa_date,outcome,confidence,cohort,year,entry_date,exit_date,entry_px,ret,excess,beat_xbi,rs_21,rs_63,rs_126,mom_126,beta_xbi,atr14,dnvol_60,review_priority,prior_fda_approvals,adv_usd,premom_60_30,prevol_60_30,xbi_above_200d,xbi_ret_63d,vix,tnx,tnx_chg_63d,split
ARQT,2026-06-30,Approved,other,P,2026,2026-05-29,2026-06-23,21.46,0.224138,0.147437,1,-0.101114,-0.277474,-0.431611,-0.30166,1.2075,0.0467,0.02591,STANDARD,2,46876614.0,-0.080942,0.042077,1,0.073173,15.32,4.453,0.1239,OOS
UNCY,2026-06-30,CRL,other,P,2026,2026-05-29,2026-06-23,7.38,0.086721,0.010019,1,-0.029708,-0.008238,0.160258,0.29021,1.3531,0.07002,0.02564,,0,5367003.0,-0.03781,0.040978,1,0.073173,15.32,4.453,0.1239,OOS
VRDN,2026-06-29,Approved,other,P,2026,2026-05-29,2026-06-22,17.62,0.000567,-0.067566,0,0.264378,-0.473445,-0.568984,-0.439032,0.9264,0.04784,0.05701,,0,60911613.0,0.307122,0.081068,1,0.073173,15.32,4.453,0.1239,OOS
ABBV,2026-06-26,Approved,other,P,2026,2026-05-27,2026-06-18,215.4,0.00506,-0.041574,0,0.080698,-0.09099,-0.229817,-0.073411,0.3195,0.02369,0.0115,STANDARD,96,1242695191.0,0.091296,0.014579,1,0.048098,16.29,4.481,0.107,OOS
VRDN,2026-06-26,Approved,other,P,2026,2026-05-27,2026-06-18,17.26,-0.036501,-0.083135,0,0.26792,-0.451691,-0.58752,-0.431114,0.9375,0.05118,0.05715,,0,60412024.0,0.278519,0.079553,1,0.048098,16.29,4.481,0.107,OOS
LNTH,2026-06-26,CRL,other,P,2026,2026-05-27,2026-06-18,99.09,0.048138,0.001504,1,0.167502,0.260539,0.618764,0.77517,0.392,0.04154,0.01355,,1,108157652.0,0.1781,0.029538,1,0.048098,16.29,4.481,0.107,OOS
PFE,2026-06-24,Approved,other,P,2026,2026-05-22,2026-06-17,25.9,0.000772,-0.05794,0,0.008201,-0.064006,-0.077767,0.075906,0.2518,0.01928,0.00888,STANDARD,92,959727152.0,-0.024907,0.008851,1,0.036938,16.7,4.558,0.1313,OOS
IONS,2026-06-24,Approved,other,P,2026,2026-05-22,2026-06-17,75.56,-0.016543,-0.075255,0,0.040883,-0.143794,-0.132592,0.021081,0.66,0.03094,0.01319,,0,143453373.0,0.031254,0.016508,1,0.036938,16.7,4.558,0.1313,OOS
GILD,2026-06-24,Approved,other,P,2026,2026-05-22,2026-06-17,133.4827,-0.060178,-0.11889,0,0.02643,-0.135096,-0.091633,0.06204,0.3072,0.02466,0.01028,,6,822216047.0,0.030368,0.01403,1,0.036938,16.7,4.558,0.1313,OOS
MRK,2026-06-24,Approved,other,P,2026,2026-05-22,2026-06-17,121.536,-0.050158,-0.10887,0,0.089006,-0.041003,0.154803,0.308476,0.2338,0.02146,0.01061,,58,1006146106.0,0.093923,0.017215,1,0.036938,16.7,4.558,0.1313,OOS
ACHV,2026-06-22,CRL,other,P,2026,2026-05-22,2026-06-15,4.69,0.19403,0.158028,1,0.151163,0.074437,-0.068025,0.085648,1.1371,0.09199,0.05083,,0,6246771.0,0.13012,0.051826,1,0.036938,16.7,4.558,0.1313,OOS
MRK,2026-06-18,Approved,other,P,2026,2026-05-19,2026-06-11,113.4243,0.057073,0.010145,1,0.055408,-0.063509,0.133362,0.249137,0.2791,0.02307,0.01113,,58,945384387.0,-0.040564,0.01497,1,0.009475,18.06,4.667,0.1442,OOS
GSK,2026-06-17,Approved,other,P,2026,2026-05-18,2026-06-10,50.26,0.018106,0.008863,1,-0.051458,-0.184452,-0.07327,0.071332,0.3007,0.02345,0.01285,,0,223625462.0,-0.130783,0.01607,1,0.024392,17.82,4.623,0.1409,OOS
SPRO,2026-06-17,Approved,other,P,2026,2026-05-18,2026-06-10,2.58,-0.015504,-0.024747,0,0.017507,0.07348,-0.087225,0.057377,0.6461,0.06262,0.0201,,0,1423454.0,-0.061818,0.040419,1,0.024392,17.82,4.623,0.1409,OOS
ABBV,2026-06-16,Approved,other,P,2026,2026-05-15,2026-06-09,210.39,0.071439,0.066159,1,0.041912,-0.147379,-0.232215,-0.083127,0.3377,0.02766,0.01146,STANDARD,96,1360479422.0,0.009646,0.016086,1,0.063731,18.43,4.595,0.1329,OOS
BAYRY,2026-06-15,Approved,other,P,2026,2026-05-15,2026-06-08,10.9,-0.068807,-0.051514,0,-0.038287,-0.258673,0.157089,0.306176,0.4165,0.02661,0.01858,,6,16957823.0,-0.0735,0.024851,1,0.063731,18.43,4.595,0.1329,OOS
MRK,2026-06-12,Approved,other,P,2026,2026-05-13,2026-06-05,112.64,0.064698,0.117551,1,-0.055226,-0.131924,0.090655,0.328728,0.3128,0.02453,0.01089,,58,1048498166.0,-0.055764,0.016393,1,0.089852,17.87,4.481,0.0741,OOS
AZN,2026-06-12,Approved,other,P,2026,2026-05-13,2026-06-05,187.72,-0.009429,0.043424,1,-0.082473,-0.163513,-0.153956,0.084117,0.3268,0.02005,0.01016,STANDARD,59,391715324.0,-0.071796,0.013211,1,0.089852,17.87,4.481,0.0741,OOS
LLY,2026-06-09,Approved,other,P,2026,2026-05-08,2026-06-02,946.8201,0.12392,0.175512,1,-0.02898,-0.175502,-0.209905,0.027671,0.5497,0.03372,0.01456,STANDARD,68,3213583494.0,0.009559,0.028554,1,0.073301,17.19,4.364,0.0376,OOS
PFE,2026-06-08,Approved,other,P,2026,2026-05-08,2026-06-01,25.68,-0.001947,0.006144,1,-0.062927,-0.114304,-0.140115,0.097461,0.2642,0.02359,0.00909,STANDARD,92,979438603.0,-0.041003,0.009982,1,0.073301,17.19,4.364,0.0376,OOS
XOMA,2026-06-08,Approved,other,P,2026,2026-05-08,2026-06-01,41.89,-0.004774,0.003317,1,0.11763,0.611735,0.017367,0.254943,0.5487,0.03139,0.01081,,0,17038172.0,0.139554,0.028621,1,0.073301,17.19,4.364,0.0376,OOS
LGND,2026-06-08,Approved,other,P,2026,2026-05-08,2026-06-01,221.41,0.037803,0.045895,1,0.054764,0.089322,-0.074586,0.16299,0.6857,0.05046,0.01907,,0,53340569.0,0.076687,0.037643,1,0.073301,17.19,4.364,0.0376,OOS
ZVRA,2026-06-08,Approved,other,P,2026,2026-05-08,2026-06-01,11.13,0.032345,0.040437,1,0.124317,0.220885,-0.132313,0.105263,0.7637,0.04935,0.01632,,0,11279096.0,0.146241,0.029545,1,0.073301,17.19,4.364,0.0376,OOS
AMRX,2026-06-04,Approved,other,P,2026,2026-05-05,2026-05-28,13.41,-0.034303,-0.050747,0,0.047088,-0.107048,0.048416,0.239372,0.5281,0.0392,0.01611,,100,20638014.0,0.074519,0.021948,1,0.0481,17.38,4.416,0.0332,OOS
CING,2026-06-02,CRL,other,P,2026,2026-05-01,2026-05-26,5.37,-0.10987,-0.132336,0,-0.121036,-0.109911,0.32916,0.508427,0.9185,0.0931,0.05217,,0,2520213.0,-0.125407,0.048395,1,0.045451,16.99,4.378,0.0323,OOS
BMY,2026-06-01,Approved,other,P,2026,2026-05-01,2026-05-22,57.5701,0.021299,0.011791,1,-0.061683,0.023038,0.217809,0.397076,0.4341,0.02527,0.01091,STANDARD,21,579825615.0,-0.023154,0.019662,1,0.045451,16.99,4.378,0.0323,OOS
JNJ,2026-05-29,Approved,other,P,2026,2026-04-29,2026-05-22,226.05,0.030746,0.009334,1,-0.147635,-0.019821,0.049726,0.208669,0.1738,0.0214,0.00732,,0,1781680684.0,-0.062436,0.010238,1,0.023503,18.81,4.418,0.0393,OOS
MNKD,2026-05-29,Approved,other,P,2026,2026-04-29,2026-05-22,2.75,0.229091,0.207679,1,0.075138,-0.535915,-0.651563,-0.49262,0.7209,0.04727,0.05479,STANDARD,1,9630196.0,0.160338,0.028936,1,0.023503,18.81,4.418,0.0393,OOS
AZN,2026-05-28,Approved,other,P,2026,2026-04-28,2026-05-21,186.68,0.016445,0.004094,1,-0.105982,-0.033924,-0.081732,0.132346,0.3098,0.01988,0.01056,STANDARD,59,383283699.0,-0.009235,0.014666,1,0.020462,17.83,4.354,0.031,OOS
IRWD,2026-05-27,Approved,other,P,2026,2026-04-27,2026-05-20,4.04,-0.029703,-0.019706,0,0.20877,-0.26059,1.237545,1.478528,1.135,0.06188,0.03984,,0,7017964.0,0.320261,0.056803,1,0.040513,18.02,4.336,0.0292,OOS
ABBV,2026-05-27,Approved,other,P,2026,2026-04-27,2026-05-20,197.38,0.07559,0.085587,1,-0.131094,-0.139043,-0.36204,-0.121057,0.3801,0.02567,0.01243,PRIORITY,96,1371771099.0,-0.049582,0.014842,1,0.040513,18.02,4.336,0.0292,OOS
PGEN,2026-05-27,Approved,other,P,2026,2026-04-27,2026-05-20,3.96,0.078283,0.08828,1,-0.055774,-0.206829,-0.309218,-0.068235,1.4962,0.05934,0.03349,,0,16734562.0,0.079019,0.05648,1,0.040513,18.02,4.336,0.0292,OOS
GILD,2026-05-26,Approved,other,P,2026,2026-04-24,2026-05-19,129.5486,0.000767,0.049461,1,-0.132382,-0.076159,-0.159169,0.086833,0.3003,0.02427,0.0111,,6,724671467.0,-0.028678,0.012853,1,0.040925,18.71,4.31,0.0167,OOS
AZN,2026-05-22,Approved,other,P,2026,2026-04-22,2026-05-15,194.81,-0.067912,-0.0197,0,-0.069919,0.015811,-0.076981,0.173488,0.3012,0.0203,0.01069,STANDARD,59,370856408.0,0.058347,0.015644,1,0.071228,18.92,4.294,0.0096,OOS
AZN,2026-05-18,Approved,other,P,2026,2026-04-17,2026-05-11,204.8,-0.112012,-0.083743,0,-0.058059,-0.014323,-0.064126,0.219705,0.2882,0.02055,0.00986,STANDARD,59,375843409.0,0.083999,0.015391,1,0.115159,17.48,4.246,0.0207,OOS
SPRY,2026-05-15,Approved,other,P,2026,2026-04-15,2026-05-08,8.02,0.089775,0.102527,1,-0.179363,-0.392629,-0.566719,-0.26624,1.1878,0.05859,0.02444,,0,12854247.0,-0.078161,0.035246,1,0.101736,18.17,4.282,0.0266,OOS
AZN,2026-05-15,Approved,other,P,2026,2026-04-15,2026-05-08,201.21,-0.091248,-0.078496,0,-0.053288,-0.026148,-0.097617,0.202862,0.2751,0.0235,0.01157,STANDARD,59,373904691.0,0.047914,0.015016,1,0.101736,18.17,4.282,0.0266,OOS
ONC,2026-05-13,Approved,other,P,2026,2026-04-13,2026-05-06,305.64,0.025128,-0.017508,0,-0.005611,-0.156088,-0.33359,-0.089815,0.5335,0.0314,0.01854,,0,61161749.0,0.076008,0.020509,1,0.060643,19.12,4.297,0.0302,OOS
ARGX,2026-05-08,Approved,other,P,2026,2026-04-08,2026-05-01,785.07,-0.002,-0.000239,0,0.032563,-0.093341,-0.268427,-0.003642,0.4704,0.02677,0.01391,,0,241046570.0,0.060332,0.01923,1,0.070112,21.04,4.291,0.0268,OOS
ADMA,2026-05-04,Approved,other,P,2026,2026-04-02,2026-04-27,9.19,0.189336,0.157699,1,-0.464469,-0.553818,-0.665497,-0.389369,0.5794,0.13446,0.04125,,0,101843622.0,-0.41465,0.066612,1,0.057656,23.87,4.313,0.036,OOS
PFE,2026-05-01,Approved,other,P,2026,2026-04-01,2026-04-24,28.0864,-0.054291,-0.091086,0,0.033225,0.105048,-0.127862,0.159316,0.2886,0.02319,0.00878,STANDARD,92,1159784708.0,0.047322,0.014438,1,0.056546,24.54,4.319,0.0458,OOS
ARVN,2026-05-01,Approved,other,P,2026,2026-04-01,2026-04-24,11.33,-0.078553,-0.115348,0,-0.192837,-0.090647,0.042634,0.329812,1.1569,0.05806,0.02638,,0,10980440.0,-0.153846,0.041029,1,0.056546,24.54,4.319,0.0458,OOS
INCY,2026-05-01,Approved,other,P,2026,2026-04-01,2026-04-24,94.3,0.003712,-0.033083,0,-0.079333,-0.103154,-0.175281,0.111897,0.524,0.02629,0.01644,,0,155303266.0,-0.057377,0.01626,1,0.056546,24.54,4.319,0.0458,OOS
AXSM,2026-04-30,Approved,other,P,2026,2026-03-31,2026-04-23,169.02,0.081055,0.028131,1,0.006543,0.086542,0.147739,0.437001,0.6638,0.03335,0.01567,STANDARD,2,91820610.0,0.031302,0.023045,1,0.035173,25.25,4.311,0.0474,OOS
JAGX,2026-04-29,Approved,other,P,2026,2026-03-30,2026-04-22,11.655,0.231231,0.075229,1,-0.557559,-0.644887,-1.061788,-0.845116,1.133,0.15444,0.08276,,0,245555.0,-0.625,0.08491,1,-0.049608,30.61,4.342,0.0498,OOS
AZN,2026-04-28,Approved,other,P,2026,2026-03-27,2026-04-21,188.42,0.039062,-0.101418,0,-0.012994,0.082789,0.042927,0.294603,0.2673,0.02128,0.01191,STANDARD,59,362945068.0,-0.09609,0.013308,1,-0.053128,31.05,4.44,0.0735,OOS
AZN,2026-04-27,Approved,other,P,2026,2026-03-27,2026-04-20,188.42,0.06512,-0.087066,0,-0.012994,0.082789,0.042927,0.294603,0.2673,0.02128,0.01191,STANDARD,59,362945068.0,-0.076282,0.014191,1,-0.053128,31.05,4.44,0.0735,OOS
REGN,2026-04-23,Approved,other,P,2026,2026-03-24,2026-04-16,740.5839,0.005811,-0.127366,0,0.000897,-0.004734,0.01554,0.248175,0.5257,0.02762,0.01241,,0,484397639.0,-0.048713,0.017664,1,-0.028312,26.95,4.392,0.0581,OOS
GRCE,2026-04-23,CRL,other,P,2026,2026-03-24,2026-04-16,4.44,0.011261,-0.121916,0,0.162995,0.334194,0.195017,0.427653,0.4779,0.07272,0.01649,,0,1693838.0,0.14433,0.025185,1,-0.028312,26.95,4.392,0.0581,OOS
ABBV,2026-04-23,CRL,other,P,2026,2026-03-24,2026-04-16,203.5116,0.026919,-0.106258,0,-0.047287,-0.059727,-0.296645,-0.064009,0.3851,0.02967,0.01361,,96,1683137745.0,-0.087229,0.016118,1,-0.028312,26.95,4.392,0.0581,OOS
REGN,2026-04-22,Approved,other,P,2026,2026-03-23,2026-04-15,735.4316,0.023624,-0.097575,0,-0.030648,-0.032522,-0.030367,0.247218,0.5349,0.02899,0.01241,,0,489836214.0,-0.055331,0.017965,1,0.017437,26.15,4.334,0.053,OOS
SNY,2026-04-22,Approved,other,P,2026,2026-03-23,2026-04-15,42.4169,0.072593,-0.048606,0,-0.017874,-0.084534,-0.337828,-0.060243,0.285,0.02095,0.01191,,5,203651607.0,-0.042558,0.014108,1,0.017437,26.15,4.334,0.053,OOS
MRK,2026-04-21,Approved,other,P,2026,2026-03-20,2026-04-14,113.3648,0.050622,-0.077464,0,-0.005349,0.161685,0.174013,0.422897,0.3865,0.02355,0.00938,,58,1301000442.0,-0.059171,0.014869,1,-0.001918,26.78,4.391,0.0578,OOS
LGND,2026-04-13,Approved,other,P,2026,2026-03-13,2026-04-06,202.91,0.00345,-0.053761,0,0.113772,0.101092,-0.06302,0.214594,0.5542,0.05836,0.01688,,0,42326678.0,0.117038,0.023134,1,0.0015,27.19,4.285,0.0291,OOS
TVTX,2026-04-13,Approved,other,P,2026,2026-03-13,2026-04-06,27.8,0.144964,0.087753,1,-0.057456,-0.19289,-0.165613,0.112,1.0562,0.04965,0.03077,STANDARD,1,43375393.0,-0.091503,0.035383,1,0.0015,27.19,4.285,0.0291,OOS
REPL,2026-04-10,CRL,other,P,2026,2026-03-11,2026-04-02,7.9,0.064557,0.044142,1,0.013936,-0.289123,0.022013,0.357388,1.4713,0.07128,0.02992,,0,11441224.0,0.016077,0.055423,1,0.025377,24.23,4.208,0.0086,OOS
ANIP,2026-04-08,Approved,other,P,2026,2026-03-09,2026-04-01,74.81,0.015372,0.004123,1,-0.135101,-0.130654,-0.551717,-0.215417,0.1057,0.03579,0.01552,,0,27019232.0,-0.085899,0.019429,1,0.034812,25.5,4.136,0.0068,OOS
INCY,2026-04-08,CRL,other,P,2026,2026-03-09,2026-04-01,97.1,-0.028836,-0.040085,0,-0.108095,-0.068258,-0.215571,0.120729,0.4762,0.02991,0.01554,,0,186713511.0,-0.104161,0.020927,1,0.034812,25.5,4.136,0.0068,OOS
MGNX,2026-04-08,CRL,other,P,2026,2026-03-09,2026-04-01,2.36,0.228814,0.217564,1,0.33522,0.675333,-0.1563,0.18,0.9319,0.05527,0.01678,,0,1218531.0,0.303867,0.038327,1,0.034812,25.5,4.136,0.0068,OOS
OTLK,2026-04-07,CRL,other,P,2026,2026-03-06,2026-03-31,0.414,-0.502415,-0.532496,0,0.045296,-0.811027,-0.865178,-0.533784,0.648,0.09006,0.08952,,0,559073.0,-0.034965,0.061262,1,0.021179,29.49,4.133,0.0187,OOS
REGN,2026-04-02,Approved,other,P,2026,2026-03-03,2026-03-26,765.5166,-0.012952,-0.016191,0,0.045265,-0.022238,-0.05597,0.32348,0.5052,0.03006,0.01099,,0,585397297.0,0.035245,0.017984,1,0.006078,23.57,4.056,0.0097,OOS
LLY,2026-04-01,Approved,other,P,2026,2026-03-02,2026-03-25,1016.2206,-0.099865,-0.079083,0,-0.002866,-0.110197,-0.011517,0.395112,0.5172,0.03143,0.01631,,68,3926908680.0,-0.016855,0.035998,1,0.033526,21.44,4.048,0.0125,OOS
IONS,2026-03-30,Approved,other,P,2026,2026-02-27,2026-03-23,81.15,-0.127665,-0.083149,0,-0.020754,-0.050189,0.482502,0.898246,0.7871,0.03231,0.01271,,0,180303528.0,-0.032546,0.019141,1,0.052907,19.86,3.962,-0.01,OOS
BIIB,2026-03-30,Approved,other,P,2026,2026-02-27,2026-03-23,191.82,-0.042644,0.001872,1,0.085826,0.00128,-0.009026,0.406718,0.4771,0.02902,0.01335,STANDARD,6,277146873.0,0.088773,0.026823,1,0.052907,19.86,3.962,-0.01,OOS
TEVA,2026-03-30,Approved,other,P,2026,2026-02-27,2026-03-23,33.86,-0.150325,-0.105809,0,0.008218,0.302035,0.460157,0.8759,0.4153,0.02553,0.00716,,84,305255765.0,0.023889,0.015911,1,0.052907,19.86,3.962,-0.01,OOS
RCKT,2026-03-27,Approved,other,P,2026,2026-02-25,2026-03-20,4.33,-0.04388,0.01825,1,0.189553,0.374478,-0.226783,0.223164,1.6131,0.05252,0.02412,,0,7302377.0,0.192837,0.038032,1,0.103338,17.93,4.048,-0.0037,OOS
NVO,2026-03-26,Approved,other,P,2026,2026-02-24,2026-03-19,37.2248,-0.039129,0.013751,1,-0.388927,-0.327714,-0.748437,-0.322745,0.576,0.06666,0.0337,STANDARD,10,1293961086.0,-0.38018,0.055926,1,0.138428,19.55,4.033,-0.0178,OOS
DNLI,2026-03-25,Approved,other,P,2026,2026-02-23,2026-03-18,20.86,-0.038351,0.007802,1,0.031618,0.120284,-0.047439,0.369665,1.5302,0.06523,0.02388,,0,36066823.0,0.030123,0.033132,1,0.112577,21.01,4.029,-0.0252,OOS
CORT,2026-03-25,Approved,other,P,2026,2026-02-23,2026-03-18,35.34,-0.057725,-0.011572,0,-0.109347,-0.648188,-0.919218,-0.502113,1.1442,0.06959,0.07373,,0,81312363.0,-0.196453,0.047173,1,0.112577,21.01,4.029,-0.0252,OOS
RYTM,2026-03-20,Approved,other,P,2026,2026-02-18,2026-03-13,101.3,-0.137414,-0.107398,0,-0.014682,-0.08629,-0.364583,0.032725,0.8624,0.05411,0.02105,PRIORITY,1,65817177.0,-0.003247,0.0279,1,0.105302,19.62,4.079,-0.0166,OOS
BMY,2026-03-20,Approved,other,P,2026,2026-02-18,2026-03-13,58.4605,-0.010882,0.019134,1,0.069455,0.190215,-0.125954,0.271353,0.3982,0.02607,0.00769,STANDARD,21,770505716.0,0.08089,0.016732,1,0.105302,19.62,4.079,-0.0166,OOS
GSK,2026-03-19,Approved,other,P,2026,2026-02-17,2026-03-12,59.8376,-0.101084,-0.084956,0,0.236958,0.158139,0.180677,0.560007,0.169,0.02395,0.00828,,0,375117820.0,0.262339,0.019847,1,0.117347,20.29,4.052,-0.0146,OOS
NVO,2026-03-19,Approved,other,P,2026,2026-02-17,2026-03-12,47.6234,-0.229897,-0.213769,0,-0.137931,-0.113075,-0.426719,-0.047389,0.6524,0.0578,0.02699,STANDARD,10,1334449706.0,-0.207926,0.04894,1,0.117347,20.29,4.052,-0.0146,OOS
JNJ,2026-03-18,Approved,other,P,2026,2026-02-13,2026-03-11,240.7779,0.003417,-0.025234,0,0.145158,0.180089,0.03592,0.412511,0.1006,0.01603,0.00501,,0,2236392282.0,0.113372,0.007048,1,0.080242,20.6,4.056,-0.0022,OOS
PTGX,2026-03-18,Approved,other,P,2026,2026-02-13,2026-03-11,81.49,0.183949,0.155299,1,-0.012656,-0.119842,0.105314,0.481906,0.6095,0.04382,0.01507,,0,58835038.0,-0.006098,0.020944,1,0.080242,20.6,4.056,-0.0022,OOS
ALDX,2026-03-17,CRL,other,P,2026,2026-02-13,2026-03-10,5.28,-0.051136,-0.088333,0,0.276508,-0.084016,-0.380365,-0.003774,1.0661,0.06709,0.03219,,0,4316854.0,0.140389,0.032097,1,0.080242,20.6,4.056,-0.0022,OOS
GSK,2026-03-13,Approved,other,P,2026,2026-02-11,2026-03-06,57.498,-0.060543,-0.055328,0,0.154936,0.109799,0.121522,0.56075,0.1692,0.02462,0.00842,,0,364679545.0,0.160746,0.022121,1,0.136001,17.65,4.172,0.0151,OOS
NVS,2026-03-13,Approved,other,P,2026,2026-02-11,2026-03-06,155.3322,0.000375,0.00559,1,0.122804,0.122332,-0.097681,0.341547,0.2253,0.01842,0.00733,STANDARD,88,358187534.0,0.128614,0.0136,1,0.136001,17.65,4.172,0.0151,OOS
LNTH,2026-03-06,Approved,other,P,2026,2026-02-04,2026-02-27,65.93,0.136205,0.119604,1,-0.086996,0.016107,-0.540032,-0.092248,0.6444,0.03051,0.01107,,1,51958230.0,-0.044216,0.012007,1,0.144224,18.64,4.275,0.0412,OOS
BMY,2026-03-06,Approved,other,P,2026,2026-02-04,2026-02-27,56.3953,0.082437,0.065835,1,0.043161,0.122636,-0.158749,0.289035,0.4446,0.02162,0.00935,STANDARD,21,719425467.0,0.08594,0.016506,1,0.144224,18.64,4.275,0.0412,OOS
HALO,2026-03-05,Approved,other,P,2026,2026-02-03,2026-02-26,76.48,-0.094927,-0.095083,0,0.03731,0.036887,-0.200685,0.274879,0.3181,0.0324,0.01277,,0,138496791.0,0.087754,0.020891,1,0.136299,18.0,4.274,0.0422,OOS
JNJ,2026-03-05,Approved,other,P,2026,2026-02-03,2026-02-26,230.5415,0.05004,0.049883,1,0.073742,0.105719,-0.094005,0.381559,0.1352,0.01756,0.00493,,0,2112579880.0,0.124186,0.01041,1,0.136299,18.0,4.274,0.0422,OOS
OTLK,2026-03-05,CRL,other,P,2026,2026-02-03,2026-02-26,0.43,0.006977,0.00682,1,-0.398929,-0.79503,-1.261634,-0.78607,0.6016,0.08505,0.08776,,0,2114024.0,-0.348485,0.053721,1,0.136299,18.0,4.274,0.0422,OOS
NVO,2026-03-03,Approved,other,P,2026,2026-01-30,2026-02-24,57.3275,-0.350665,-0.386015,0,0.134975,0.028902,-0.184755,0.276815,0.4196,0.03988,0.01582,STANDARD,10,1329441203.0,0.134377,0.031916,1,0.127998,17.44,4.241,0.0451,OOS
ASND,2026-02-27,Approved,other,P,2026,2026-01-28,2026-02-20,222.45,0.011463,0.020674,1,0.056775,-0.037757,-0.110368,0.36205,0.4011,0.05728,0.01839,PRIORITY,0,145980878.0,0.054165,0.029433,1,0.13233,16.35,4.251,0.0635,OOS
BMRN,2026-02-27,Approved,other,P,2026,2026-01-28,2026-02-20,56.68,0.130558,0.139768,1,-0.062227,-0.056195,-0.499036,-0.026619,0.7074,0.02887,0.01231,,2,116965236.0,-0.055963,0.017938,1,0.13233,16.35,4.251,0.0635,OOS
AMPH,2026-02-24,Approved,other,P,2026,2026-01-23,2026-02-17,25.92,0.097608,0.12424,1,-0.068161,-0.139918,-0.31725,0.151488,0.4224,0.04453,0.01659,,0,8526973.0,-0.044248,0.025365,1,0.197014,16.09,4.239,0.0724,OOS
PFE,2026-02-24,Approved,other,P,2026,2026-01-23,2026-02-17,25.2335,0.067057,0.093689,1,0.01758,-0.123435,-0.403775,0.064963,0.4209,0.02154,0.00895,STANDARD,92,1099673844.0,0.039445,0.008106,1,0.197014,16.09,4.239,0.0724,OOS
RHHBY,2026-02-20,Approved,other,P,2026,2026-01-21,2026-02-13,52.6149,0.077929,0.119433,1,0.008158,0.064633,-0.133986,0.349242,0.3121,0.01553,0.00776,,19,138343486.0,0.056237,0.009675,1,0.167324,16.9,4.253,0.067,OOS
VNDA,2026-02-20,Approved,other,P,2026,2026-01-21,2026-02-13,7.93,-0.23203,-0.190526,0,0.117294,0.320481,0.200424,0.683652,1.0232,0.08224,0.03763,,0,23346985.0,0.128023,0.072389,1,0.167324,16.9,4.253,0.067,OOS
HRMY,2026-02-17,Approved,other,P,2026,2026-01-16,2026-02-10,36.22,0.047211,0.03787,1,-0.088369,0.24118,-0.415627,0.028977,0.3256,0.03716,0.01266,PRIORITY,2,24517917.0,-0.042052,0.019309,1,0.154581,15.86,4.231,0.0641,OOS
EBS,2026-02-13,Approved,other,P,2026,2026-01-14,2026-02-06,12.54,-0.129187,-0.118857,0,0.06566,0.169116,0.344715,0.793991,1.1167,0.04859,0.02829,STANDARD,2,10689359.0,0.017032,0.025328,1,0.210422,16.75,4.14,0.0293,OOS
IRON,2026-02-13,CRL,other,P,2026,2026-01-14,2026-02-06,77.08,0.03425,0.04458,1,-0.194181,-0.154532,-0.105015,0.344262,0.5855,0.03707,0.02112,,0,51800039.0,-0.162174,0.033777,1,0.210422,16.75,4.14,0.0293,OOS
NVCR,2026-02-12,Approved,other,P,2026,2026-01-13,2026-02-05,13.65,-0.260806,-0.235533,0,-0.01081,-0.149424,-0.633819,-0.187016,1.1876,0.04547,0.02254,,0,17860323.0,0.024775,0.027247,1,0.180391,15.98,4.171,0.0296,OOS
MRK,2026-02-11,Approved,other,P,2026,2026-01-12,2026-02-04,107.6133,0.083707,0.072733,1,0.109318,0.096349,-0.079868,0.329163,0.5373,0.02148,0.00865,,58,1467802358.0,0.097939,0.012437,1,0.184303,15.12,4.187,0.0336,OOS
RGNX,2026-02-09,CRL,other,P,2026,2026-01-09,2026-02-02,14.59,-0.261138,-0.284029,0,0.116301,0.026188,0.245031,0.680876,2.0737,0.06373,0.02428,,0,10226270.0,0.135409,0.042456,1,0.172661,14.49,4.171,0.0055,OOS
GILD,2026-02-06,Approved,other,P,2026,2026-01-07,2026-01-30,122.8405,0.141536,0.154824,1,0.004736,-0.151604,-0.330959,0.113039,0.3075,0.02095,0.00989,,6,789453283.0,0.032852,0.015386,1,0.223459,15.38,4.138,0.0027,OOS
VERA,2026-07-07,Approved,other,P,2026,2026-06-05,2026-06-30,32.29,0.328894,0.097797,1,-0.052197,-0.211196,-0.27704,-0.217402,1.1114,0.07035,0.02382,,0,39520589.0,-0.107765,0.041532,1,0.037661,21.51,4.536,0.0975,OOS
AZN,2026-06-30,Approved,other,P,2026,2026-05-29,2026-06-23,185.67,-0.025044,-0.101746,0,-0.057897,-0.182455,-0.123915,0.006036,0.3034,0.01915,0.00988,STANDARD,59,332029655.0,0.005034,0.011952,1,0.073173,15.32,4.453,0.1239,OOS
VRDN,2026-06-30,Approved,other,P,2026,2026-05-29,2026-06-23,17.62,-0.019296,-0.095998,0,0.264378,-0.473445,-0.568984,-0.439032,0.9264,0.04784,0.05701,,0,60911613.0,0.312966,0.083031,1,0.073173,15.32,4.453,0.1239,OOS
IONS,2026-06-30,Approved,other,P,2026,2026-05-29,2026-06-23,76.5,-0.006667,-0.083368,0,-0.038117,-0.130474,-0.18469,-0.054739,0.6778,0.02987,0.0122,,0,126271894.0,0.016206,0.013967,1,0.073173,15.32,4.453,0.1239,OOS
UNCY,2026-06-29,CRL,other,P,2026,2026-05-29,2026-06-22,7.38,0.066396,-0.001738,0,-0.029708,-0.008238,0.160258,0.29021,1.3531,0.07002,0.02564,,0,5367003.0,-0.036553,0.039944,1,0.073173,15.32,4.453,0.1239,OOS
ARQT,2026-06-29,Approved,other,P,2026,2026-05-29,2026-06-22,21.46,0.242311,0.174178,1,-0.101114,-0.277474,-0.431611,-0.30166,1.2075,0.0467,0.02591,STANDARD,2,46876614.0,-0.075797,0.041059,1,0.073173,15.32,4.453,0.1239,OOS
LNTH,2026-06-29,CRL,other,P,2026,2026-05-29,2026-06-22,99.3,0.069486,0.001353,1,0.162924,0.252418,0.55139,0.681341,0.3783,0.03755,0.01346,,1,112677241.0,0.173481,0.028033,1,0.073173,15.32,4.453,0.1239,OOS
ACHV,2026-06-20,CRL,other,P,2026,2026-05-21,2026-06-12,4.6,0.2,0.192394,1,0.120461,0.013171,-0.094262,0.062356,1.1441,0.09363,0.05083,,0,6214621.0,0.092637,0.05084,1,0.064113,16.76,4.586,0.1224,OOS
GSK,2026-06-18,Approved,other,P,2026,2026-05-19,2026-06-11,51.05,0.035455,-0.011473,0,-0.021894,-0.160655,-0.01508,0.100695,0.3053,0.01822,0.01284,,0,222192901.0,-0.11712,0.01637,1,0.009475,18.06,4.667,0.1442,OOS
SPRO,2026-06-18,Approved,other,P,2026,2026-05-19,2026-06-11,2.59,0.042471,-0.004457,0,-0.008197,0.102113,-0.041086,0.074689,0.6358,0.0602,0.01981,,0,1428055.0,-0.058182,0.039511,1,0.009475,18.06,4.667,0.1442,OOS
ASND,2026-02-28,Approved,price-only,P,2026,2026-01-29,2026-02-20,223.95,0.004689,0.020153,1,0.034124,-0.04774,-0.132111,0.342787,0.4244,0.05528,0.01834,PRIORITY,1,150745390.0,0.069791,0.029331,1,0.135351,16.88,4.227,0.0613,OOS
ETON,2026-02-25,Approved,price-only,P,2026,2026-01-26,2026-02-18,15.11,0.138981,0.156656,1,-0.11079,-0.37767,-0.483495,-0.018831,0.4383,0.04221,0.02248,STANDARD,6,3417979.0,-0.102198,0.020148,1,0.192665,16.15,4.213,0.0556,OOS
REGN,2026-02-24,Approved,price-only,P,2026,2026-01-23,2026-02-17,751.5222,0.053056,0.079688,1,-0.050034,0.093294,-0.130469,0.338269,0.5681,0.03094,0.01104,,0,601035942.0,-0.040027,0.017298,1,0.197014,16.09,4.239,0.0724,OOS
SNY,2026-02-24,Approved,price-only,P,2026,2026-01-23,2026-02-17,44.7191,-0.016314,0.010319,1,-0.034198,-0.252826,-0.527186,-0.058448,0.3141,0.02267,0.00934,,5,137571637.0,-0.026202,0.013239,1,0.197014,16.09,4.239,0.0724,OOS
VNDA,2026-02-21,Approved,price-only,P,2026,2026-01-22,2026-02-13,8.1,-0.248148,-0.181948,0,0.130525,0.326323,0.176812,0.673554,0.9806,0.06076,0.03763,,0,23195077.0,0.184211,0.071934,1,0.204868,15.64,4.249,0.0722,OOS
AZN,2026-02-20,Approved,price-only,P,2026,2026-01-21,2026-02-13,179.2117,0.135134,0.176638,1,-0.072384,-0.087796,-0.189675,0.293553,0.4217,0.02513,0.00949,STANDARD,59,758994999.0,-0.011032,0.017008,1,0.167324,16.9,4.253,0.067,OOS
ABBV,2026-02-20,Approved,price-only,P,2026,2026-01-21,2026-02-13,214.3715,0.071016,0.11252,1,-0.093741,-0.228389,-0.310336,0.172892,0.4231,0.02976,0.01239,STANDARD,96,1376156423.0,-0.043969,0.018195,1,0.167324,16.9,4.253,0.067,OOS
MRK,2026-02-20,Approved,price-only,P,2026,2026-01-21,2026-02-13,109.5056,0.092701,0.134205,1,0.031875,0.130865,-0.096553,0.386676,0.5299,0.02505,0.00904,,58,1295903798.0,0.06102,0.011451,1,0.167324,16.9,4.253,0.067,OOS
JNJ,2026-02-17,Approved,price-only,P,2026,2026-01-16,2026-02-10,216.26,0.090049,0.080707,1,0.023568,-0.009212,-0.090521,0.354084,0.1613,0.01648,0.00592,,0,1699978466.0,0.059553,0.010792,1,0.154581,15.86,4.231,0.0641,OOS
INVA,2026-02-17,Approved,price-only,P,2026,2026-01-16,2026-02-10,19.44,0.123457,0.114116,1,-0.045249,-0.027624,-0.451247,-0.006643,0.2812,0.02513,0.01003,,0,16943687.0,-0.027514,0.012647,1,0.154581,15.86,4.231,0.0641,OOS
IRON,2026-02-15,CRL,price-only,P,2026,2026-01-16,2026-02-06,70.93,0.123925,0.113215,1,-0.245707,-0.200708,-0.216805,0.2278,0.6422,0.04743,0.02303,,0,53768838.0,-0.189279,0.036389,1,0.154581,15.86,4.231,0.0641,OOS
RGNX,2026-02-08,CRL,price-only,P,2026,2026-01-09,2026-01-30,14.59,-0.235093,-0.237101,0,0.116301,0.026188,0.245031,0.680876,2.0737,0.06373,0.02428,,0,10226270.0,0.117152,0.041702,1,0.172661,14.49,4.171,0.0055,OOS
AQST,2026-02-02,CRL,price-only,P,2026,2026-01-02,2026-01-26,6.45,-0.497674,-0.549847,0,0.058464,-0.070589,0.303129,0.733871,1.129,0.04532,0.02578,,2,14544902.0,0.001553,0.033523,1,0.18844,14.51,4.187,0.0242,OOS
PHAR,2026-02-01,CRL,source-verified,P,2026,2026-01-02,2026-01-23,17.14,0.149358,0.095705,1,0.028147,-0.063029,0.189296,0.620038,0.1712,0.05147,0.02826,,1,475930.0,0.084124,0.041987,1,0.18844,14.51,4.187,0.0242,OOS
GKOS,2026-01-28,Approved,price-only,P,2026,2025-12-29,2026-01-21,115.55,0.074513,0.035693,1,0.088685,0.176174,-0.374531,0.118695,0.6879,0.02551,0.01693,STANDARD,5,77736442.0,0.08712,0.011458,1,0.245455,14.2,4.116,-0.006,OOS
JNJ,2026-01-27,Approved,price-only,P,2026,2025-12-26,2026-01-20,205.3511,0.050956,0.048476,1,-0.028505,-0.117481,-0.129985,0.381025,0.1952,0.01904,0.00555,,0,1752740086.0,0.003431,0.012118,1,0.280178,13.6,4.136,-0.0122,OOS
GLSI,2026-01-22,Approved,price-only,P,2026,2025-12-23,2026-01-15,14.57,0.866163,0.870487,1,0.713549,0.045249,0.113682,0.618889,0.7619,0.0877,0.02294,,0,3839338.0,0.78773,0.053145,1,0.285952,14.0,4.169,0.0053,OOS
IBRX,2026-01-16,CRL,source-verified,P,2026,2025-12-17,2026-01-09,2.11,0.104265,0.071424,1,-0.0138,-0.510933,-0.720682,-0.257042,1.4424,0.08196,0.02854,,0,28284333.0,0.039409,0.048078,1,0.251284,17.62,4.151,0.0115,OOS
EBS,2026-01-14,Approved,price-only,P,2026,2025-12-15,2026-01-07,12.33,0.127332,0.094702,1,0.0971,0.263909,0.501988,0.975962,1.3122,0.04159,0.02983,STANDARD,2,9346876.0,0.219585,0.043461,1,0.310803,16.5,4.182,0.0387,OOS
FBIO,2026-01-13,Approved,price-only,P,2026,2025-12-12,2026-01-06,2.93,0.43686,0.442026,1,0.039274,-0.492905,0.110396,0.583784,1.1839,0.05193,0.0467,,0,849315.0,0.118321,0.029004,1,0.318257,15.74,4.194,0.0397,OOS
ATRA,2026-01-12,CRL,price-only,P,2026,2025-12-12,2026-01-05,17.995,-0.063073,-0.042099,0,0.364017,0.188862,0.566861,1.04025,1.3829,0.06746,0.03774,,0,1055036.0,0.343913,0.05285,1,0.318257,15.74,4.194,0.0397,OOS
OTLK,2025-12-31,CRL,price-only,P,2025,2025-12-01,2025-12-24,1.86,-0.016129,-0.073433,0,0.42905,0.847192,-0.424953,0.050847,0.7697,0.12131,0.02878,,0,8114840.0,0.47619,0.063036,1,0.290739,17.24,4.096,-0.0423,IS
CORT,2025-12-31,CRL,price-only,P,2025,2025-12-01,2025-12-24,79.78,0.047756,-0.009547,0,0.033119,-0.173059,-0.362799,0.113002,0.9294,0.0339,0.02545,,0,49730508.0,0.085885,0.028469,1,0.290739,17.24,4.096,-0.0423,IS
VNDA,2025-12-30,Approved,price-only,P,2025,2025-11-28,2025-12-23,5.36,0.276119,0.258718,1,-0.119192,-0.237924,-0.320795,0.235023,0.8373,0.04917,0.02964,,0,4466125.0,0.232184,0.054195,1,0.371116,16.35,4.017,-0.0497,IS
SNY,2025-12-28,CRL,price-only,P,2025,2025-11-28,2025-12-19,47.2583,-0.034082,-0.036274,0,-0.125735,-0.363032,-0.545488,0.01033,0.4674,0.02047,0.00886,,5,111247555.0,-0.015785,0.013135,1,0.371116,16.35,4.017,-0.0497,IS
OMER,2025-12-24,Approved,price-only,P,2025,2025-11-24,2025-12-17,9.76,-0.095287,-0.10666,0,0.189477,0.89779,1.570366,2.078864,3.5582,0.0726,0.03526,,0,13943758.0,0.292715,0.077765,1,0.33052,20.52,4.038,-0.0517,IS
AGIO,2025-12-23,Approved,price-only,P,2025,2025-11-21,2025-12-16,25.24,0.033677,-0.012273,0,-0.484844,-0.636743,-0.629398,-0.15302,1.4064,0.14441,0.0687,,0,57474976.0,-0.417494,0.117974,1,0.314145,23.43,4.063,-0.0496,IS
NVO,2025-12-22,Approved,price-only,P,2025,2025-11-21,2025-12-15,45.945,0.057527,0.004462,1,-0.189715,-0.468742,-0.761207,-0.28483,0.7688,0.04002,0.01452,STANDARD,9,956709172.0,-0.105204,0.023295,1,0.314145,23.43,4.063,-0.0496,IS
AMRX,2025-12-22,Approved,price-only,P,2025,2025-11-21,2025-12-15,11.95,0.042678,-0.010387,0,0.062322,-0.02643,0.192617,0.668994,0.5911,0.03174,0.01132,,98,22058191.0,0.146833,0.027506,1,0.314145,23.43,4.063,-0.0496,IS
RHHBY,2025-12-22,Approved,price-only,P,2025,2025-11-21,2025-12-15,47.5066,0.045093,-0.007972,0,0.06948,-0.09256,-0.240935,0.235442,0.4162,0.02329,0.00957,STANDARD,19,98935869.0,0.153991,0.025889,1,0.314145,23.43,4.063,-0.0496,IS
CRSP,2025-12-22,CRL,price-only,P,2025,2025-11-21,2025-12-15,50.23,0.119849,0.066784,1,-0.337152,-0.386194,-0.113654,0.362724,1.344,0.07867,0.02702,,0,146882911.0,-0.252641,0.033212,1,0.314145,23.43,4.063,-0.0496,IS
CYTK,2025-12-19,Approved,price-only,P,2025,2025-11-19,2025-12-12,64.79,-0.022226,-0.097597,0,0.076233,0.429046,0.625439,1.069307,1.906,0.04128,0.0183,STANDARD,0,119632043.0,0.09166,0.029395,1,0.273714,23.66,4.133,-0.0455,IS
PBM,2025-12-19,Approved,price-only,P,2025,2025-11-19,2025-12-12,108.9844,-0.433692,-0.509063,0,-0.23522,-0.401839,-0.841277,-0.397408,1.569,0.09124,0.04888,,0,374603.0,-0.184211,0.050666,1,0.273714,23.66,4.133,-0.0455,IS
COCP,2025-12-18,Approved,price-only,P,2025,2025-11-18,2025-12-11,1.02,0.039216,-0.028852,0,-0.109695,-0.620278,-0.744455,-0.328947,0.3288,0.05322,0.03229,,0,190162.0,-0.046729,0.047285,1,0.291331,24.69,4.123,-0.0403,IS
JNJ,2025-12-18,Approved,price-only,P,2025,2025-11-18,2025-12-11,196.5568,0.056717,-0.01135,0,-0.013057,-0.164804,-0.093139,0.322369,0.1922,0.01529,0.00481,,0,1554874786.0,0.035089,0.010118,1,0.291331,24.69,4.123,-0.0403,IS
PFE,2025-12-17,CRL,price-only,P,2025,2025-11-17,2025-12-10,24.2662,0.027911,-0.034965,0,-0.02394,-0.285533,-0.312163,0.128783,0.4218,0.0287,0.01112,STANDARD,92,2405660157.0,0.041274,0.013905,1,0.293496,22.38,4.133,-0.0393,IS
MRK,2025-12-17,CRL,price-only,P,2025,2025-11-17,2025-12-10,90.7435,0.05126,-0.011615,0,0.029963,-0.189325,-0.214529,0.226417,0.565,0.02904,0.00976,,58,1035128185.0,0.095176,0.015904,1,0.293496,22.38,4.133,-0.0393,IS
ALPMY,2025-12-17,CRL,price-only,P,2025,2025-11-17,2025-12-10,12.14,0.09061,0.027734,1,0.072556,-0.239676,-0.153565,0.287381,0.3157,0.03995,0.01156,STANDARD,39,1318153.0,0.137769,0.021605,1,0.293496,22.38,4.133,-0.0393,IS
GILD,2025-12-16,Approved,price-only,P,2025,2025-11-14,2025-12-09,122.692,-0.045273,-0.10825,0,0.004312,-0.197246,-0.206432,0.236898,0.3209,0.0303,0.00922,,6,833133358.0,0.017995,0.015319,1,0.264186,19.83,4.148,-0.0445,IS
DSNKY,2025-12-15,Approved,price-only,P,2025,2025-11-14,2025-12-08,22.54,-0.023957,-0.108599,0,-0.220785,-0.388506,-0.514993,-0.071664,0.459,0.0457,0.01847,,1,6284742.0,-0.164257,0.026721,1,0.264186,19.83,4.148,-0.0445,IS
MIST,2025-12-15,Approved,price-only,P,2025,2025-11-14,2025-12-08,2.0,0.33,0.245358,1,-0.0413,-0.087715,0.196015,0.639344,1.1279,0.0595,0.01861,,0,3191851.0,0.015228,0.032791,1,0.264186,19.83,4.148,-0.0445,IS
JNJ,2025-12-15,Approved,price-only,P,2025,2025-11-14,2025-12-08,192.5569,0.035575,-0.049067,0,-0.036697,-0.144367,-0.127925,0.315404,0.1933,0.0156,0.00485,,0,1440154592.0,0.019831,0.009688,1,0.264186,19.83,4.148,-0.0445,IS
AZN,2025-12-15,Approved,price-only,P,2025,2025-11-14,2025-12-08,176.3614,0.024467,-0.060175,0,0.006337,-0.138049,-0.139455,0.303875,0.3561,0.02081,0.00765,,59,379523501.0,0.062865,0.013321,1,0.264186,19.83,4.148,-0.0445,IS
INVA,2025-12-15,Approved,price-only,P,2025,2025-11-14,2025-12-08,22.25,-0.05618,-0.140821,0,0.233327,-0.193445,-0.245805,0.197524,0.3596,0.03371,0.0118,,0,18008810.0,0.289855,0.03162,1,0.264186,19.83,4.148,-0.0445,IS
AMPH,2025-12-15,Approved,price-only,P,2025,2025-11-14,2025-12-08,26.06,-0.001919,-0.08656,0,0.06578,-0.388514,-0.395059,0.04827,0.5652,0.05287,0.01733,,0,11512539.0,0.122308,0.028525,1,0.264186,19.83,4.148,-0.0445,IS
ACAD,2025-12-12,Approved,price-only,P,2025,2025-11-12,2025-12-05,24.13,0.137174,0.055673,1,0.099646,-0.290642,-0.088545,0.406177,0.6227,0.04334,0.01954,,0,39536281.0,0.202891,0.028738,1,0.274336,17.51,4.065,-0.0531,IS
BCRX,2025-12-12,Approved,price-only,P,2025,2025-11-12,2025-12-05,7.18,0.057103,-0.024397,0,0.032859,-0.424631,-0.765788,-0.271066,0.8794,0.0381,0.01796,PRIORITY,3,39976434.0,0.019886,0.032659,1,0.274336,17.51,4.065,-0.0531,IS
AMGN,2025-12-11,Approved,price-only,P,2025,2025-11-11,2025-12-04,331.2393,0.012221,-0.068825,0,0.074465,-0.094669,-0.197955,0.272734,0.5469,0.0249,0.0084,,9,744589550.0,0.166546,0.02039,1,0.27393,17.28,4.12,-0.0278,IS
GSK,2025-12-11,Approved,price-only,P,2025,2025-11-11,2025-12-04,47.1767,0.012072,-0.068974,0,0.025009,-0.023126,-0.108672,0.362017,0.3344,0.02754,0.0102,,0,256083942.0,0.111851,0.018511,1,0.27393,17.28,4.12,-0.0278,IS
AAPG,2025-12-09,CRL,price-only,P,2025,2025-11-07,2025-12-02,31.73,0.022376,-0.064812,0,-0.165571,-0.487378,-0.121665,0.305224,0.4865,0.0376,0.02497,,0,286975.0,-0.091872,0.026742,1,0.279835,19.08,4.093,-0.0421,IS
LYEL,2025-12-08,CRL,price-only,P,2025,2025-11-07,2025-12-01,17.51,0.262136,0.162191,1,-0.094979,0.375174,0.761861,1.18875,1.1359,0.06841,0.02432,,0,438970.0,-0.072072,0.047402,1,0.279835,19.08,4.093,-0.0421,IS
ONC,2025-12-08,CRL,price-only,P,2025,2025-11-07,2025-12-01,319.97,0.048848,-0.051097,0,-0.070048,-0.175538,-0.047648,0.37924,0.7765,0.03203,0.02066,,0,72113025.0,-0.047141,0.020098,1,0.279835,19.08,4.093,-0.0421,IS
AUTL,2025-12-08,CRL,price-only,P,2025,2025-11-07,2025-12-01,1.33,0.037594,-0.062351,0,-0.267225,-0.741374,-0.419313,0.007576,1.344,0.07347,0.03153,,0,3496918.0,-0.244318,0.04343,1,0.279835,19.08,4.093,-0.0421,IS
ALXO,2025-12-08,CRL,price-only,P,2025,2025-11-07,2025-12-01,1.38,-0.043478,-0.143423,0,-0.311566,0.964067,1.843253,2.270142,0.8954,0.1221,0.05043,,0,662077.0,-0.28866,0.081194,1,0.279835,19.08,4.093,-0.0421,IS
NRIX,2025-12-08,CRL,price-only,P,2025,2025-11-07,2025-12-01,12.31,0.37368,0.273735,1,0.110611,-0.004188,-0.131099,0.29579,1.9984,0.06977,0.02546,,0,21366334.0,0.133518,0.051477,1,0.279835,19.08,4.093,-0.0421,IS
CLLS,2025-12-07,CRL,price-only,P,2025,2025-11-07,2025-11-28,3.19,0.589342,0.459019,1,-0.257918,-0.076062,0.592099,1.018987,0.8761,0.06623,0.03445,,0,559391.0,-0.25814,0.047777,1,0.279835,19.08,4.093,-0.0421,IS
IMMX,2025-12-07,CRL,price-only,P,2025,2025-11-07,2025-11-28,3.15,0.349206,0.218883,1,0.198024,0.077923,0.080288,0.507177,1.2554,0.1266,0.02936,,0,2599805.0,0.240158,0.058721,1,0.279835,19.08,4.093,-0.0421,IS
AXGN,2025-12-04,Approved,price-only,P,2025,2025-11-04,2025-11-26,23.77,0.201094,0.064015,1,0.342743,0.47399,0.047966,0.448507,0.4477,0.04787,0.01696,,0,17315766.0,0.329418,0.053442,1,0.254737,19.0,4.089,-0.031,IS
BMY,2025-12-04,Approved,price-only,P,2025,2025-11-04,2025-11-26,44.0999,0.080281,-0.056798,0,-0.032486,-0.223577,-0.416178,-0.015637,0.5311,0.02248,0.00924,,21,737757764.0,0.00308,0.017573,1,0.254737,19.0,4.089,-0.031,IS
PLRX,2025-12-04,CRL,price-only,P,2025,2025-11-04,2025-11-26,1.61,-0.018634,-0.155712,0,0.038082,-0.302075,-0.274666,0.125874,1.3341,0.08642,0.0254,,0,1738808.0,0.059211,0.043247,1,0.254737,19.0,4.089,-0.031,IS
LLY,2025-12-03,Approved,price-only,P,2025,2025-11-03,2025-11-26,892.1879,0.233603,0.115361,1,0.007038,-0.092245,-0.233683,0.096025,0.6255,0.02634,0.00881,,68,2537854475.0,0.067463,0.016788,1,0.265297,17.17,4.106,-0.0214,IS
AMRN,2025-12-02,Approved,price-only,P,2025,2025-10-31,2025-11-25,16.29,-0.034991,-0.111825,0,-0.125527,-0.239402,0.142809,0.493126,0.9675,0.06647,0.01907,,0,2933180.0,-0.13535,0.033177,1,0.29857,17.44,4.101,-0.0236,IS
AMRX,2025-12-01,Approved,price-only,P,2025,2025-10-31,2025-11-24,10.82,0.122921,0.061968,1,-0.05826,0.060727,0.007275,0.357591,0.5798,0.03119,0.01113,,98,15485729.0,0.040385,0.025236,1,0.29857,17.44,4.101,-0.0236,IS
JANX,2025-12-01,Approved,price-only,P,2025,2025-10-31,2025-11-24,28.71,0.098224,0.037271,1,0.133015,-0.097817,-0.477141,-0.126825,1.6793,0.06606,0.02227,,0,31982002.0,0.23166,0.049255,1,0.29857,17.44,4.101,-0.0236,IS
AZN,2025-11-25,Approved,price-only,P,2025,2025-10-24,2025-11-18,164.8613,0.075159,0.012515,1,0.002023,-0.084797,-0.145614,0.205537,0.3924,0.01436,0.00701,STANDARD,59,503203849.0,0.129203,0.02387,1,0.252404,16.37,3.997,-0.0957,IS
SRPT,2025-11-25,Approved,price-only,P,2025,2025-10-24,2025-11-18,22.81,-0.235423,-0.298067,0,0.156535,0.393339,-0.973752,-0.622601,2.2068,0.05756,0.02533,,0,124731742.0,0.242375,0.042771,1,0.252404,16.37,3.997,-0.0957,IS
RHHBY,2025-11-25,Approved,price-only,P,2025,2025-10-24,2025-11-18,40.9733,0.156139,0.093495,1,-0.072904,-0.211271,-0.281566,0.069585,0.418,0.01754,0.00964,,19,84430806.0,0.067694,0.021314,1,0.252404,16.37,3.997,-0.0957,IS
NVS,2025-11-24,Approved,price-only,P,2025,2025-10-24,2025-11-17,126.5095,0.009129,-0.050287,0,-0.064198,-0.130352,-0.188675,0.162475,0.3251,0.01202,0.00714,STANDARD,88,214618128.0,0.066514,0.010839,1,0.252404,16.37,3.997,-0.0957,IS
MRK,2025-11-21,Approved,price-only,P,2025,2025-10-22,2025-11-14,85.6132,0.06061,-0.001727,0,-0.013349,-0.1751,-0.222372,0.13489,0.6986,0.02047,0.01026,,58,1082255998.0,0.089677,0.023692,1,0.227001,18.6,3.953,-0.1032,IS
ALPMY,2025-11-21,Approved,price-only,P,2025,2025-10-22,2025-11-14,10.7,0.145794,0.083457,1,-0.16044,-0.163383,-0.235669,0.121593,0.2836,0.04059,0.00962,PRIORITY,39,1540753.0,-0.057269,0.012556,1,0.227001,18.6,3.953,-0.1032,IS
PFE,2025-11-21,Approved,price-only,P,2025,2025-10-22,2025-11-14,23.5041,0.031605,-0.030732,0,-0.084571,-0.235027,-0.212721,0.144541,0.545,0.02188,0.01168,STANDARD,92,1532138219.0,0.028286,0.023938,1,0.227001,18.6,3.953,-0.1032,IS
BAYRY,2025-11-20,Approved,price-only,P,2025,2025-10-21,2025-11-13,7.8664,0.089987,0.068538,1,-0.145878,-0.312917,-0.126816,0.284831,0.4011,0.02025,0.01646,,6,3580779.0,-0.018657,0.017536,1,0.242246,17.87,3.963,-0.0969,IS
AZN,2025-11-20,Approved,price-only,P,2025,2025-10-21,2025-11-13,164.7227,0.064768,0.043319,1,-0.052196,-0.094318,-0.176952,0.234695,0.4145,0.01652,0.00916,STANDARD,59,516150142.0,0.090981,0.024411,1,0.242246,17.87,3.963,-0.0969,IS
AMGN,2025-11-19,Approved,price-only,P,2025,2025-10-20,2025-11-12,296.8675,0.108628,0.072865,1,-0.089945,-0.270293,-0.332345,0.127204,0.5607,0.02286,0.01101,,9,669824179.0,0.062787,0.017945,1,0.270623,18.23,3.986,-0.0807,IS
TARA,2025-11-19,CRL,price-only,P,2025,2025-10-20,2025-11-12,5.56,-0.046763,-0.082525,0,0.590215,0.399047,-0.015392,0.444156,1.2724,0.07113,0.01964,,0,3539571.0,0.742947,0.065314,1,0.270623,18.23,3.986,-0.0807,IS
REGN,2025-11-19,Approved,price-only,P,2025,2025-10-20,2025-11-12,574.4976,0.181962,0.146199,1,-0.178441,-0.240823,-0.429255,0.030293,0.9686,0.03698,0.01331,,0,642463429.0,-0.02571,0.023712,1,0.270623,18.23,3.986,-0.0807,IS
ARWR,2025-11-18,Approved,price-only,P,2025,2025-10-17,2025-11-11,36.81,0.127411,0.069804,1,0.052867,1.246639,1.854661,2.274911,1.7529,0.04753,0.01817,STANDARD,0,71418482.0,0.199414,0.029761,1,0.255741,20.78,4.007,-0.0835,IS
KZIA,2025-11-18,CRL,price-only,P,2025,2025-10-17,2025-11-11,7.0,0.094286,0.036679,1,-0.209771,-0.475362,0.700962,1.121212,0.6673,0.06755,0.02985,,0,1216443.0,-0.097938,0.036787,1,0.255741,20.78,4.007,-0.0835,IS
GMAB,2025-11-18,Approved,price-only,P,2025,2025-10-17,2025-11-11,33.17,-0.086222,-0.143829,0,0.067619,0.273535,0.234939,0.655189,0.6903,0.02684,0.01186,,0,82129008.0,0.172914,0.019545,1,0.255741,20.78,4.007,-0.0835,IS
ABBV,2025-11-18,Approved,price-only,P,2025,2025-10-17,2025-11-11,225.8639,-0.019166,-0.076773,0,-0.073733,-0.004861,-0.072068,0.348183,0.5012,0.02507,0.00652,N/A,96,1481166332.0,0.039354,0.018163,1,0.255741,20.78,4.007,-0.0835,IS
OGN,2025-11-17,Approved,price-only,P,2025,2025-10-17,2025-11-10,9.2184,-0.169181,-0.190424,0,-0.260034,-0.271634,-0.582012,-0.161762,0.7021,0.03859,0.02207,,27,33689018.0,-0.144701,0.019354,1,0.255741,20.78,4.007,-0.0835,IS
KURA,2025-11-13,Approved,price-only,P,2025,2025-10-14,2025-11-06,9.62,0.056133,0.016464,1,0.046304,0.310505,0.27054,0.644444,1.6721,0.05151,0.02137,PRIORITY,0,15737549.0,0.174603,0.032882,1,0.197332,20.81,4.022,-0.0972,IS
AMRX,2025-11-13,Approved,price-only,P,2025,2025-10-14,2025-11-06,9.72,0.199588,0.159919,1,-0.132588,-0.020577,-0.025777,0.348128,0.709,0.03061,0.01013,STANDARD,97,17439391.0,-0.028,0.017108,1,0.197332,20.81,4.022,-0.0972,IS
ENGN,2025-11-11,CRL,source-verified,P,2025,2025-10-10,2025-11-04,8.39,-0.221692,-0.250743,0,0.287104,1.322221,0.630825,1.0975,0.797,0.08759,0.02365,,0,2787529.0,0.469352,0.065503,1,0.189755,21.66,4.051,-0.0849,IS
CYTK,2025-11-07,CRL,price-only,P,2025,2025-10-08,2025-10-31,60.82,0.045544,-0.023405,0,0.070529,0.468836,0.248172,0.759329,1.643,0.03839,0.01685,,0,131581324.0,0.167595,0.02938,1,0.193367,16.3,4.129,-0.0499,IS
RPRX,2025-11-07,CRL,price-only,P,2025,2025-10-08,2025-10-31,35.4771,0.042199,-0.02675,0,-0.123593,-0.190088,-0.328637,0.18252,0.2439,0.02197,0.01006,,0,185231570.0,0.006145,0.013866,1,0.193367,16.3,4.129,-0.0499,IS
JNJ,2025-11-07,Approved,price-only,P,2025,2025-10-08,2025-10-31,186.4243,-0.004323,-0.073272,0,-0.038505,0.018392,-0.226354,0.284803,0.2111,0.01618,0.00463,,0,1585988079.0,0.064896,0.009321,1,0.193367,16.3,4.129,-0.0499,IS
BCAB,2025-11-07,Approved,price-only,P,2025,2025-10-08,2025-10-31,45.7,-0.23523,-0.304179,0,0.171465,1.16839,1.912064,2.423221,1.4672,0.0912,0.03519,,0,693476.0,0.495908,0.081578,1,0.193367,16.3,4.129,-0.0499,IS
JNJ,2025-11-06,Approved,price-only,P,2025,2025-10-07,2025-10-30,185.6381,0.000847,-0.078532,0,-0.037861,0.037278,-0.146872,0.274118,0.2081,0.01678,0.00483,,0,1592014538.0,0.058623,0.009364,1,0.180258,17.24,4.127,-0.0495,IS
CLDX,2025-11-06,CRL,price-only,P,2025,2025-10-07,2025-10-30,26.22,-0.008391,-0.087769,0,0.022247,-0.01285,0.245888,0.666879,1.5236,0.03994,0.02443,,0,28666929.0,0.14648,0.026932,1,0.180258,17.24,4.127,-0.0495,IS
IBRX,2025-11-05,CRL,price-only,P,2025,2025-10-06,2025-10-29,2.53,-0.043478,-0.114107,0,-0.031717,-0.290235,-0.513529,-0.106007,1.5038,0.05449,0.02452,,0,28696505.0,0.054167,0.028704,1,0.223814,16.37,4.162,-0.0573,IS
BHVN,2025-11-04,CRL,price-only,P,2025,2025-10-03,2025-10-28,15.81,0.087919,0.006838,1,-0.124869,-0.093398,-0.55697,-0.230657,1.7129,0.05853,0.02974,,0,36467217.0,-0.003781,0.045765,1,0.239881,16.65,4.119,-0.0628,IS
ESLA,2025-11-03,CRL,source-verified,P,2025,2025-10-03,2025-10-27,1.31,0.740458,0.663334,1,0.104273,0.24538,0.067304,0.393617,0.4102,0.08817,0.02017,,0,124502.0,0.212963,0.045814,1,0.239881,16.65,4.119,-0.0628,IS
AGIO,2025-11-03,Approved,price-only,P,2025,2025-10-03,2025-10-27,40.5,0.063704,-0.01342,0,0.012262,-0.08964,0.135254,0.461566,1.0343,0.03688,0.02166,,0,23541618.0,0.120952,0.019599,1,0.239881,16.65,4.119,-0.0628,IS
ALVO,2025-11-02,CRL,price-only,P,2025,2025-10-03,2025-10-24,8.32,0.009615,-0.03662,0,-0.073864,-0.317486,-0.428794,-0.102481,0.3389,0.03845,0.02014,,0,2965788.0,0.046541,0.026137,1,0.239881,16.65,4.119,-0.0628,IS
AMRX,2025-10-29,Approved,price-only,P,2025,2025-09-29,2025-10-22,9.87,0.056738,-0.02294,0,-0.0677,0.021085,0.013871,0.192029,0.7378,0.0275,0.00992,STANDARD,96,16616419.0,0.032427,0.013628,1,0.19894,16.12,4.141,-0.021,IS
ONCY,2025-10-28,Approved,price-only,P,2025,2025-09-26,2025-10-21,1.29,-0.139535,-0.258065,0,0.131837,0.539688,0.969121,1.114754,0.925,0.07032,0.03407,,0,1700590.0,0.240385,0.063512,1,0.180312,15.29,4.187,-0.0224,IS
LLY,2025-10-27,Approved,price-only,P,2025,2025-09-26,2025-10-20,721.0308,0.116515,-0.008242,0,-0.098261,-0.243912,-0.260095,-0.114462,0.7229,0.02271,0.0226,,68,2459992606.0,-0.010137,0.01344,1,0.180312,15.29,4.187,-0.0224,IS
MRK,2025-10-27,Approved,price-only,P,2025,2025-09-26,2025-10-20,76.7695,0.098778,-0.02598,0,-0.141454,-0.177328,-0.230903,-0.08527,0.6882,0.01844,0.01104,,58,1025729956.0,-0.046557,0.011969,1,0.180312,15.29,4.187,-0.0224,IS
SNDX,2025-10-24,Approved,price-only,P,2025,2025-09-24,2025-10-17,15.01,-0.047302,-0.153624,0,-0.139238,0.516017,-0.002567,0.116816,1.6195,0.05099,0.02057,PRIORITY,1,31388633.0,-0.041507,0.029239,1,0.1705,16.18,4.147,-0.034,IS
BAYRY,2025-10-24,Approved,price-only,P,2025,2025-09-24,2025-10-17,8.0459,-0.030979,-0.137301,0,-0.105111,-0.116975,0.159523,0.278905,0.4895,0.01838,0.01598,,6,3007809.0,-0.00738,0.01566,1,0.1705,16.18,4.147,-0.034,IS
GSK,2025-10-23,Approved,price-only,P,2025,2025-09-23,2025-10-16,39.4877,0.080207,-0.034911,0,-0.056432,-0.095699,-0.015493,0.074414,0.4609,0.01708,0.01146,,0,155105679.0,0.008211,0.012279,1,0.154824,16.64,4.12,-0.0403,IS
GKOS,2025-10-20,Approved,price-only,P,2025,2025-09-19,2025-10-13,83.47,-0.004553,-0.106014,0,-0.153651,-0.327125,-0.274737,-0.170526,0.9584,0.04197,0.0199,STANDARD,5,71154029.0,-0.070386,0.029263,1,0.160575,15.45,4.139,-0.0539,IS
RHHBY,2025-10-20,Approved,price-only,P,2025,2025-09-19,2025-10-13,40.5081,0.083513,-0.017949,0,-0.045987,-0.094503,-0.109745,-0.005534,0.4077,0.01425,0.00866,STANDARD,19,55614141.0,0.033127,0.011377,1,0.160575,15.45,4.139,-0.0539,IS
AZN,2025-10-17,Approved,price-only,P,2025,2025-09-17,2025-10-10,153.7768,0.088042,-0.031929,0,-0.057537,-0.03994,-0.073298,0.015055,0.4599,0.01493,0.00922,,59,275762518.0,-0.018074,0.009566,1,0.142241,15.72,4.076,-0.0722,IS
AMGN,2025-10-17,Approved,price-only,P,2025,2025-09-17,2025-10-10,268.8572,0.056132,-0.063839,0,-0.093053,-0.187445,-0.211573,-0.12322,0.5416,0.01912,0.01026,STANDARD,9,565817352.0,-0.05359,0.009608,1,0.142241,15.72,4.076,-0.0722,IS
REGN,2025-10-17,CRL,price-only,P,2025,2025-09-17,2025-10-10,583.1932,-0.035645,-0.155615,0,-0.019269,0.010118,-0.205209,-0.116856,0.8693,0.02439,0.01085,,0,556661296.0,0.020195,0.017202,1,0.142241,15.72,4.076,-0.0722,IS
NVO,2025-10-15,Approved,price-only,P,2025,2025-09-15,2025-10-08,53.6523,0.071737,-0.057127,0,0.060865,-0.413097,-0.331654,-0.259195,0.6954,0.02418,0.03415,STANDARD,9,810886177.0,0.073207,0.01531,1,0.117679,15.69,4.034,-0.0882,IS
CGEM,2025-10-13,CRL,price-only,P,2025,2025-09-12,2025-10-06,6.53,-0.105666,-0.207125,0,-0.196673,-0.386181,-0.362894,-0.267937,1.0347,0.0668,0.02932,,0,3936807.0,-0.138522,0.040074,1,0.11579,14.76,4.061,-0.0679,IS
ABBV,2025-10-13,Approved,price-only,P,2025,2025-09-12,2025-10-06,213.2776,0.054273,-0.047185,0,0.032349,0.028716,-0.044325,0.050631,0.5778,0.01614,0.00681,STANDARD,96,963333518.0,0.066738,0.011188,1,0.11579,14.76,4.061,-0.0679,IS
TEVA,2025-10-10,Approved,price-only,P,2025,2025-09-10,2025-10-03,19.57,0.022483,-0.08113,0,0.089209,0.011392,0.125666,0.215528,0.7325,0.02803,0.01409,,84,194821766.0,0.191839,0.020899,1,0.101172,15.35,4.032,-0.0988,IS
REGN,2025-10-08,Approved,price-only,P,2025,2025-09-08,2025-10-01,556.2399,0.074314,0.000305,1,-0.107689,0.013159,-0.290157,-0.20833,0.8635,0.03283,0.01136,,0,579607926.0,-0.006593,0.018509,1,0.120793,15.11,4.046,-0.1029,IS
ARQT,2025-10-06,Approved,price-only,P,2025,2025-09-05,2025-09-29,17.15,0.085714,0.044255,1,0.008096,0.112961,0.086002,0.182759,1.215,0.04003,0.01917,STANDARD,2,25871164.0,0.214589,0.031739,1,0.156469,15.18,4.086,-0.0701,IS
RHHBY,2025-10-02,Approved,price-only,P,2025,2025-09-02,2025-09-25,39.7617,-0.025841,-0.058217,0,-0.024752,-0.135018,-0.071955,0.013246,0.3922,0.01401,0.00926,STANDARD,19,58698253.0,0.056128,0.012684,1,0.143376,17.17,4.277,-0.0415,IS
JAZZ,2025-10-02,Approved,price-only,P,2025,2025-09-02,2025-09-25,129.66,-0.014345,-0.046721,0,0.041523,0.053964,-0.160511,-0.07531,0.7917,0.02122,0.01142,PRIORITY,4,107525857.0,0.122403,0.022691,1,0.143376,17.17,4.277,-0.0415,IS
FBIO,2025-10-01,CRL,price-only,P,2025,2025-08-29,2025-09-24,2.58,0.430233,0.345452,1,0.34568,0.23037,0.630317,0.643312,0.6504,0.06451,0.02068,,0,991484.0,0.425414,0.040549,1,0.134709,15.36,4.227,-0.0428,IS
NVS,2025-09-30,Approved,price-only,P,2025,2025-08-29,2025-09-23,122.812,-0.029475,-0.106796,0,0.063711,-0.041499,0.190655,0.20365,0.3624,0.01219,0.00909,PRIORITY,87,156495836.0,0.097572,0.013275,1,0.134709,15.36,4.227,-0.0428,IS
JNJ,2025-09-29,Approved,price-only,P,2025,2025-08-29,2025-09-22,174.1199,-0.016707,-0.099929,0,0.034432,0.015155,0.077784,0.09078,0.2759,0.01341,0.00513,,0,1453898541.0,0.083346,0.007379,1,0.134709,15.36,4.227,-0.0428,IS
LLY,2025-09-25,Approved,price-only,P,2025,2025-08-26,2025-09-18,732.4651,0.036547,-0.03887,0,-0.125661,-0.116631,-0.194139,-0.180352,0.7893,0.03907,0.02254,,68,4807734411.0,-0.092339,0.038879,1,0.133766,14.62,4.258,-0.0397,IS
CRNX,2025-09-25,Approved,price-only,P,2025,2025-08-26,2025-09-18,30.93,0.147106,0.071689,1,-0.017674,-0.085291,-0.056202,-0.042415,1.3628,0.04557,0.01713,STANDARD,0,29911382.0,-0.001936,0.029318,1,0.133766,14.62,4.258,-0.0397,IS
BIIB,2025-09-23,CRL,price-only,P,2025,2025-08-22,2025-09-16,139.31,0.031369,0.000352,1,0.011478,-0.044344,-0.001092,-0.009457,0.7535,0.02795,0.01194,,6,207454995.0,0.05923,0.018997,1,0.147353,14.22,4.26,-0.0644,IS
AMRX,2025-09-23,Approved,price-only,P,2025,2025-08-22,2025-09-16,9.59,0.015641,-0.015375,0,0.159546,0.186444,0.233141,0.224777,0.7144,0.0302,0.01025,STANDARD,94,15076470.0,0.189826,0.018315,1,0.147353,14.22,4.26,-0.0644,IS
SRRK,2025-09-23,CRL,price-only,P,2025,2025-08-22,2025-09-16,35.49,-0.088757,-0.119774,0,-0.131764,0.017782,-0.050256,-0.058621,1.4381,0.06874,0.02419,,0,64965135.0,-0.088832,0.045254,1,0.147353,14.22,4.26,-0.0644,IS
IONS,2025-09-23,CRL,price-only,P,2025,2025-08-22,2025-09-16,42.69,0.436402,0.405386,1,-0.026393,0.136171,0.329219,0.320854,1.0444,0.03236,0.01128,,0,94154519.0,0.010414,0.022278,1,0.147353,14.22,4.26,-0.0644,IS
INCY,2025-09-19,Approved,price-only,P,2025,2025-08-20,2025-09-12,86.2,-0.035963,-0.090883,0,0.222379,0.223899,0.264255,0.22862,0.6581,0.02423,0.01143,,0,157148778.0,0.279311,0.026717,1,0.096162,15.69,4.296,-0.0413,IS
MRK,2025-09-19,Approved,price-only,P,2025,2025-08-20,2025-09-12,81.9212,-0.021852,-0.076773,0,0.008663,0.000512,0.043186,0.007551,0.5891,0.02161,0.01024,,58,969918328.0,0.067457,0.016746,1,0.096162,15.69,4.296,-0.0413,IS
JNJ,2025-09-19,Approved,price-only,P,2025,2025-08-20,2025-09-12,174.4804,0.002947,-0.051974,0,0.036258,0.077684,0.178033,0.142398,0.2558,0.01452,0.00518,,0,1439814277.0,0.088099,0.009633,1,0.096162,15.69,4.296,-0.0413,IS
KRYS,2025-09-15,Approved,price-only,P,2025,2025-08-15,2025-09-08,150.27,-0.033739,-0.075094,0,-0.028252,-0.015961,-0.034335,-0.035185,0.9891,0.04452,0.02114,,0,62300882.0,0.000799,0.036316,1,0.168957,15.09,4.328,-0.0285,IS
GMAB,2025-09-12,CRL,price-only,P,2025,2025-08-13,2025-09-05,22.67,0.214821,0.148356,1,0.029847,0.019553,0.194685,0.200106,0.6361,0.02869,0.01331,,0,24999175.0,0.056384,0.027379,1,0.15445,14.49,4.238,-0.058,IS
AMRX,2025-09-11,Approved,price-only,P,2025,2025-08-12,2025-09-04,9.02,0.058758,-0.016598,0,0.086553,0.092728,0.172311,0.134591,0.6495,0.02752,0.01069,STANDARD,94,12429076.0,0.082833,0.018285,0,0.094114,14.73,4.293,-0.0368,IS
JNJ,2025-09-09,Approved,price-only,P,2025,2025-08-08,2025-09-02,169.1047,0.034829,-0.052377,0,0.132561,0.028275,0.232815,0.147908,0.2523,0.01587,0.00546,,0,1579720699.0,0.104716,0.016698,0,0.094788,15.15,4.285,-0.0201,IS
TAK,2025-09-05,Approved,price-only,P,2025,2025-08-06,2025-08-29,14.27,0.050455,0.007265,1,-0.066696,-0.17553,0.165445,0.096009,0.2183,0.01967,0.01034,,1,79861770.0,-0.053086,0.016684,0,0.116202,16.77,4.22,-0.0204,IS
AMRX,2025-09-04,Approved,price-only,P,2025,2025-08-05,2025-08-28,8.13,0.174662,0.135053,1,-0.072418,0.027343,0.043741,-0.006112,0.6421,0.02723,0.01109,STANDARD,94,10905812.0,-0.034442,0.014186,0,0.050906,17.85,4.196,-0.0338,IS
SNY,2025-08-29,Approved,price-only,P,2025,2025-07-30,2025-08-22,46.6614,0.04264,-0.011628,0,-0.020456,-0.095922,0.04532,-0.029028,0.4143,0.01639,0.01177,,5,88879660.0,0.019458,0.011799,0,0.053338,15.48,4.376,0.0486,IS
BIIB,2025-08-29,Approved,price-only,P,2025,2025-07-30,2025-08-22,126.64,0.100047,0.04578,1,-0.031553,0.000502,-0.055214,-0.129562,0.6783,0.02654,0.01308,,6,157741881.0,0.008361,0.021851,0,0.053338,15.48,4.376,0.0486,IS
OTLK,2025-08-28,CRL,source-verified,P,2025,2025-07-29,2025-08-21,1.97,0.22335,0.17582,1,0.197158,0.276057,0.120843,0.047872,0.8322,0.08347,0.03074,,0,1768619.0,0.23125,0.043999,0,0.055024,15.98,4.33,0.027,IS
TEVA,2025-08-28,Approved,price-only,P,2025,2025-07-29,2025-08-21,16.54,0.136638,0.089108,1,-0.047219,0.046175,-0.167617,-0.240588,0.7156,0.02319,0.01622,,84,175398677.0,-0.013126,0.012352,0,0.055024,15.98,4.33,0.027,IS
LGND,2025-08-27,Approved,price-only,P,2025,2025-07-28,2025-08-20,134.92,0.150682,0.120071,1,0.131684,0.169604,0.236481,0.172911,0.7857,0.04293,0.01348,,0,23152459.0,0.181954,0.029973,0,0.078846,15.03,4.42,0.0361,IS
BNTX,2025-08-27,Approved,price-only,P,2025,2025-07-28,2025-08-20,112.79,-0.01321,-0.043822,0,0.028117,0.026722,0.018285,-0.045285,1.0416,0.02351,0.0161,,0,68339742.0,0.056878,0.013583,0,0.078846,15.03,4.42,0.0361,IS
MRNA,2025-08-27,Approved,price-only,P,2025,2025-07-28,2025-08-20,33.91,-0.207019,-0.23763,0,0.196764,0.16693,-0.117546,-0.181116,1.3941,0.04097,0.02504,,0,290151423.0,0.248527,0.034114,0,0.078846,15.03,4.42,0.0361,IS
TVTX,2025-08-27,Approved,price-only,P,2025,2025-07-28,2025-08-20,15.4,0.166883,0.136272,1,-0.016691,-0.238693,-0.178183,-0.241753,1.1894,0.0429,0.03365,STANDARD,1,20215498.0,0.042654,0.026036,0,0.078846,15.03,4.42,0.0361,IS
NVAX,2025-08-27,Approved,price-only,P,2025,2025-07-28,2025-08-20,7.28,0.200549,0.169938,1,0.085464,0.012609,-0.146842,-0.210412,1.2834,0.04582,0.0261,,0,35809804.0,0.142857,0.030817,0,0.078846,15.03,4.42,0.0361,IS
PRTA,2025-08-27,Approved,price-only,P,2025,2025-07-28,2025-08-20,6.87,0.240175,0.209564,1,0.077114,-0.370598,-0.496609,-0.560179,0.8613,0.04068,0.04628,,0,5385813.0,0.129934,0.022108,0,0.078846,15.03,4.42,0.0361,IS
PFE,2025-08-27,Approved,price-only,P,2025,2025-07-28,2025-08-20,23.1142,0.044015,0.013404,1,-0.014343,0.020685,0.029505,-0.034065,0.5269,0.02151,0.01068,STANDARD,92,989842218.0,0.022302,0.014892,0,0.078846,15.03,4.42,0.0361,IS
MRKR,2025-08-26,CRL,price-only,P,2025,2025-07-25,2025-08-19,1.56,-0.275641,-0.289224,0,-0.00514,0.145178,-0.269966,-0.327586,1.3514,0.21886,0.03712,,0,6496827.0,0.068493,0.072635,0,0.083168,14.93,4.386,0.0188,IS
VALN,2025-08-25,Approved,price-only,P,2025,2025-07-25,2025-08-18,7.68,0.580729,0.551052,1,0.343736,0.015545,0.677873,0.620253,0.8585,0.05552,0.01372,,0,282983.0,0.335652,0.041321,0,0.083168,14.93,4.386,0.0188,IS
IONI,2025-08-21,Approved,price-only,P,2025,2025-07-22,2025-08-14,0.932,0.078326,0.045581,1,0.811106,1.592489,1.486104,1.472148,-0.0737,0.19589,0.06867,,0,40485.0,0.864,0.144645,0,0.148687,16.5,4.336,-0.0157,IS
IONS,2025-08-21,Approved,price-only,P,2025,2025-07-22,2025-08-14,41.95,0.021454,-0.011291,0,0.068464,0.322726,0.348667,0.334712,1.0299,0.03533,0.01178,,0,84068757.0,0.121358,0.026505,0,0.148687,16.5,4.336,-0.0157,IS
PTCT,2025-08-19,CRL,price-only,P,2025,2025-07-18,2025-08-12,47.63,-0.049549,-0.057083,0,-0.114204,-0.122086,0.152413,0.126804,1.0871,0.03298,0.02966,,0,54006013.0,-0.051195,0.015786,0,0.148374,16.41,4.432,0.0358,IS
PGEN,2025-08-15,Approved,price-only,P,2025,2025-07-16,2025-08-08,1.84,-0.032609,-0.005394,0,0.159959,0.166814,0.734183,0.719626,1.9366,0.0691,0.02663,,0,3887144.0,0.194805,0.050534,0,0.147472,17.16,4.455,0.0209,IS
NVO,2025-08-15,Approved,price-only,P,2025,2025-07-16,2025-08-08,63.9477,-0.238067,-0.210852,0,-0.210783,-0.132636,-0.180429,-0.194986,0.619,0.02441,0.01674,PRIORITY,9,532638906.0,-0.129577,0.02021,0,0.147472,17.16,4.455,0.0209,IS
TNXP,2025-08-15,Approved,price-only,P,2025,2025-07-16,2025-08-08,45.06,0.031735,0.05895,1,0.358438,1.642621,0.747634,0.733077,0.8125,0.06729,0.02921,STANDARD,0,29811722.0,0.218826,0.0471,0,0.147472,17.16,4.455,0.0209,IS
IBRX,2025-08-13,CRL,price-only,P,2025,2025-07-14,2025-08-06,2.9,-0.17931,-0.155066,0,-0.151252,-0.053892,0.176442,0.132813,1.5864,0.05527,0.03626,,0,20223634.0,-0.055375,0.030648,0,0.232754,17.2,4.427,0.0075,IS
INSM,2025-08-12,Approved,price-only,P,2025,2025-07-11,2025-08-05,98.18,0.13679,0.138743,1,0.059242,0.291217,0.547958,0.485101,0.8275,0.02911,0.01635,,1,509185238.0,-0.005571,0.017986,0,0.162225,16.4,4.423,0.0052,IS
PHRRF,2025-08-11,Approved,price-only,P,2025,2025-07-11,2025-08-04,0.34,0.188235,0.190534,1,1.145115,1.356294,1.256406,1.193548,0.5073,0.13676,0.04035,,0,153972.0,1.222222,0.097495,0,0.162225,16.4,4.423,0.0052,IS
AMPH,2025-08-11,Approved,price-only,P,2025,2025-07-11,2025-08-04,21.66,-0.012004,-0.009705,0,-0.215884,-0.303723,-0.322674,-0.385532,0.5532,0.03545,0.01574,,0,11905237.0,-0.180787,0.014334,0,0.162225,16.4,4.423,0.0052,IS
TEVA,2025-08-06,Approved,price-only,P,2025,2025-07-07,2025-07-30,16.85,-0.001187,-0.033013,0,-0.051665,0.06497,-0.163661,-0.235481,0.719,0.02658,0.02008,,84,178665862.0,-0.051773,0.019417,0,0.06971,17.79,4.395,0.0838,IS
JAZZ,2025-08-06,Approved,price-only,P,2025,2025-07-07,2025-07-30,107.6,0.079182,0.047356,1,-0.030325,-0.179129,-0.054449,-0.126269,0.71,0.0244,0.0191,,4,73079921.0,-0.031765,0.013351,0,0.06971,17.79,4.395,0.0838,IS
LENZ,2025-07-31,Approved,price-only,P,2025,2025-07-01,2025-07-24,30.05,0.111481,0.0584,1,-0.020102,0.144304,0.041934,-0.061231,1.4527,0.05745,0.03161,,0,10979565.0,0.02911,0.03473,0,0.024502,16.83,4.251,0.0012,IS
REGN,2025-07-30,CRL,price-only,P,2025,2025-06-30,2025-07-23,522.1387,0.090267,0.026478,1,-0.163576,-0.157739,-0.164896,-0.263158,0.8472,0.02436,0.03143,,0,704702700.0,0.070817,0.015297,0,-0.017334,16.73,4.23,-0.0059,IS
ZLAB,2025-07-30,CRL,price-only,P,2025,2025-06-30,2025-07-23,34.97,0.06863,0.004841,1,0.08611,-0.044881,0.398746,0.300484,1.0658,0.05797,0.03461,,0,38165757.0,0.160252,0.051269,0,-0.017334,16.73,4.23,-0.0059,IS
ANIK,2025-07-30,Approved,price-only,P,2025,2025-06-30,2025-07-23,10.58,0.086957,0.023168,1,-0.091177,-0.282468,-0.25385,-0.352113,0.7168,0.04105,0.03407,,0,736296.0,-0.051121,0.021742,0,-0.017334,16.73,4.23,-0.0059,IS
ASND,2025-07-28,Approved,price-only,P,2025,2025-06-27,2025-07-21,172.22,-0.024387,-0.058841,0,0.027595,0.119795,0.329293,0.232785,0.6344,0.03236,0.01552,,0,77109921.0,0.052883,0.025259,0,-0.029381,16.32,4.283,-0.0197,IS
PTCT,2025-07-28,Approved,price-only,P,2025,2025-06-27,2025-07-21,49.84,-0.039727,-0.074181,0,0.000228,-0.064273,0.190451,0.093942,1.1056,0.03011,0.03297,,0,56998216.0,0.019431,0.01308,0,-0.029381,16.32,4.283,-0.0197,IS
PHIO,2025-07-28,CRL,price-only,P,2025,2025-06-27,2025-07-21,2.17,0.101382,0.066929,1,0.031083,0.68587,0.069603,-0.026906,1.3959,0.09984,0.04666,,0,1749397.0,0.063726,0.074362,0,-0.029381,16.32,4.283,-0.0197,IS
REPL,2025-07-22,CRL,source-verified,P,2025,2025-06-20,2025-07-15,9.27,0.337648,0.294709,1,-0.003334,-0.152297,-0.126644,-0.257211,1.6736,0.06625,0.04546,,0,12622972.0,0.11018,0.037683,0,-0.048565,20.62,4.375,0.0335,IS
RHHBY,2025-07-18,CRL,price-only,P,2025,2025-06-18,2025-07-11,38.4046,0.021959,-0.030877,0,-0.027966,-0.001041,0.271664,0.156755,0.369,0.01691,0.0149,STANDARD,19,45282604.0,0.008913,0.012644,0,-0.054828,20.14,4.397,0.0331,IS
GSK,2025-07-17,Approved,price-only,P,2025,2025-06-17,2025-07-10,38.2858,-0.003525,-0.080108,0,0.016283,0.041948,0.317119,0.188747,0.4215,0.02164,0.01531,,0,181063301.0,0.05526,0.016283,0,-0.047178,21.6,4.393,0.0262,IS
CUE,2025-07-16,CRL,price-only,P,2025,2025-06-16,2025-07-09,17.7,0.327119,0.273053,1,-0.259715,-0.323276,-0.318544,-0.458716,1.0551,0.0862,0.04031,,0,109404.0,-0.186207,0.053142,0,-0.055671,19.11,4.452,0.0339,IS
CAPR,2025-07-11,CRL,source-verified,P,2025,2025-06-11,2025-07-03,13.14,-0.219939,-0.230337,0,0.786175,0.037199,0.033157,-0.115747,1.6231,0.08464,0.05883,,0,26947810.0,0.848101,0.070292,0,-0.031843,17.26,4.412,0.0218,IS
ABEO,2025-07-11,CRL,price-only,P,2025,2025-06-11,2025-07-03,6.22,-0.053055,-0.063452,0,0.048788,0.144545,0.180413,0.031509,1.184,0.05616,0.02839,,0,7561169.0,0.110714,0.031195,0,-0.031843,17.26,4.412,0.0218,IS
RARE,2025-07-11,CRL,price-only,P,2025,2025-06-11,2025-07-03,37.51,0.063983,0.053586,1,-0.02258,-0.037156,-0.091476,-0.240381,1.102,0.03427,0.02365,,0,36131473.0,0.039346,0.023176,0,-0.031843,17.26,4.412,0.0218,IS
JSPR,2025-07-07,CRL,source-verified,P,2025,2025-06-06,2025-06-30,6.01,-0.076539,-0.060838,0,0.301869,0.153948,-0.608157,-0.745555,1.3725,0.07121,0.0321,,0,1161473.0,0.356659,0.040011,0,-0.034767,16.77,4.51,0.0447,IS
CMND,2025-07-03,Approved,price-only,P,2025,2025-06-03,2025-06-26,377.6,-0.065678,-0.082038,0,-0.050528,-0.127981,-0.085974,-0.2625,0.2817,0.05584,0.02159,,0,61616.0,-0.06442,0.02153,0,-0.043948,17.69,4.46,0.0594,IS
REGN,2025-07-02,Approved,price-only,P,2025,2025-06-02,2025-06-25,488.135,0.060064,0.034989,1,-0.151617,-0.231414,-0.168344,-0.346418,0.8271,0.04904,0.03285,,0,861022702.0,-0.188364,0.052122,0,-0.05088,18.36,4.462,0.0675,IS
EXEL,2025-07-02,Approved,price-only,P,2025,2025-06-02,2025-06-25,42.88,0.015159,-0.009916,0,0.11787,0.163202,0.354481,0.176406,0.4383,0.04401,0.01661,,1,169507726.0,0.082828,0.051235,0,-0.05088,18.36,4.462,0.0675,IS
UNCY,2025-06-30,CRL,source-verified,P,2025,2025-05-30,2025-06-23,5.86,0.213311,0.174329,1,-0.055899,0.172719,0.248478,0.059674,1.087,0.08874,0.03444,,0,518719.0,-0.098462,0.050578,0,-0.107265,18.57,4.416,0.0437,IS
ABBV,2025-06-30,Approved,price-only,P,2025,2025-05-30,2025-06-23,180.2382,-0.012627,-0.051609,0,-0.00075,0.005844,0.259633,0.07083,0.4587,0.02644,0.01802,PRIORITY,96,1353422910.0,-0.037395,0.021181,0,-0.107265,18.57,4.416,0.0437,IS
TAK,2025-06-30,Approved,price-only,P,2025,2025-05-30,2025-06-23,15.03,-0.020625,-0.059607,0,0.028324,0.174326,0.328636,0.139833,0.1999,0.01716,0.01163,,1,32207444.0,0.0,0.017242,0,-0.107265,18.57,4.416,0.0437,IS
INTS,2025-06-30,CRL,price-only,P,2025,2025-05-30,2025-06-23,11.875,-0.372632,-0.411614,0,-0.146848,-0.689744,-0.645113,-0.833916,-0.1275,0.16556,0.0859,,0,410919.0,-0.150268,0.09307,0,-0.107265,18.57,4.416,0.0437,IS
BMY,2025-06-27,Approved,price-only,P,2025,2025-05-28,2025-06-20,44.2354,-0.002342,-0.048172,0,0.001206,-0.065178,-0.011016,-0.175628,0.4345,0.02921,0.01813,,21,749739076.0,-0.030747,0.023747,0,-0.107371,19.31,4.477,0.0537,IS
GSK,2025-06-24,Approved,price-only,P,2025,2025-05-23,2025-06-17,37.2641,0.027419,-0.011296,0,0.065712,0.177453,0.333156,0.181575,0.3968,0.02101,0.01433,,0,207383249.0,0.044792,0.018194,0,-0.1228,22.29,4.509,0.0264,IS
AVBP,2025-06-23,Approved,price-only,P,2025,2025-05-23,2025-06-16,20.4,0.246078,0.191296,1,-0.013502,-0.0696,-0.104436,-0.256018,1.0119,0.06173,0.02289,,0,3861713.0,-0.036372,0.026125,0,-0.1228,22.29,4.509,0.0264,IS
AZN,2025-06-23,Approved,price-only,P,2025,2025-05-23,2025-06-16,138.4046,0.044596,-0.010187,0,0.035236,0.065496,0.270951,0.119369,0.3964,0.0218,0.01507,,58,365427166.0,0.012365,0.017304,0,-0.1228,22.29,4.509,0.0264,IS
DSNKY,2025-06-23,Approved,price-only,P,2025,2025-05-23,2025-06-16,26.34,-0.080866,-0.135648,0,0.143722,0.295125,0.049955,-0.101626,0.236,0.03946,0.0155,,1,6551216.0,0.120851,0.027318,0,-0.1228,22.29,4.509,0.0264,IS
GHRS,2025-06-20,CRL,price-only,P,2025,2025-05-21,2025-06-13,11.79,0.082273,0.028447,1,0.231155,-0.013493,0.433073,0.29703,0.7799,0.08038,0.03226,,0,1575302.0,0.285714,0.049824,0,-0.144364,20.87,4.596,0.0213,IS
GILD,2025-06-18,Approved,price-only,P,2025,2025-05-19,2025-06-11,102.7352,0.029578,-0.028751,0,-0.034418,0.142797,0.366617,0.163809,0.4447,0.03366,0.0145,,6,963610668.0,0.015496,0.026845,0,-0.127071,18.14,4.475,-0.0152,IS
NVS,2025-06-18,Approved,price-only,P,2025,2025-05-19,2025-06-11,107.4399,0.06648,0.008151,1,-0.051268,0.204163,0.308419,0.105611,0.3256,0.02184,0.01186,STANDARD,87,216779287.0,-0.001353,0.014771,0,-0.127071,18.14,4.475,-0.0152,IS
XNCR,2025-06-18,Approved,price-only,P,2025,2025-05-19,2025-06-11,8.06,0.181141,0.122812,1,-0.218987,-0.376011,-0.455811,-0.658619,1.5877,0.10308,0.04496,,0,9316663.0,-0.169072,0.063266,0,-0.127071,18.14,4.475,-0.0152,IS
INCY,2025-06-18,Approved,price-only,P,2025,2025-05-19,2025-06-11,63.81,0.078984,0.020655,1,0.046289,0.022399,-0.004324,-0.207132,0.6247,0.03021,0.01988,,0,112576073.0,0.096203,0.017128,0,-0.127071,18.14,4.475,-0.0152,IS
CSLLY,2025-06-17,Approved,price-only,P,2025,2025-05-16,2025-06-10,38.3192,0.026801,-0.05242,0,-0.04464,0.104304,0.056051,-0.157687,0.4643,0.03558,0.01587,,0,7235033.0,0.011337,0.016019,0,-0.135494,17.24,4.441,-0.0069,IS
LYEL,2025-06-17,CRL,price-only,P,2025,2025-05-16,2025-06-10,8.3,0.301205,0.221984,1,-0.106447,-0.184179,-0.430038,-0.643777,1.2562,0.10499,0.04259,,0,289154.0,-0.043779,0.041809,0,-0.135494,17.24,4.441,-0.0069,IS
LTRN,2025-06-16,CRL,price-only,P,2025,2025-05-16,2025-06-09,3.32,0.01506,-0.051379,0,-0.100488,-0.201832,0.141113,-0.072626,1.2063,0.11908,0.03885,,0,185283.0,-0.02924,0.06681,0,-0.135494,17.24,4.441,-0.0069,IS
JSPR,2025-06-16,CRL,price-only,P,2025,2025-05-16,2025-06-09,4.93,0.204868,0.138429,1,0.205876,-0.053651,-0.579726,-0.793465,1.3368,0.08676,0.03309,,0,801039.0,0.241814,0.050737,0,-0.135494,17.24,4.441,-0.0069,IS
INCY,2025-06-15,CRL,price-only,P,2025,2025-05-16,2025-06-06,63.31,0.086242,0.01993,1,0.04488,0.034528,-0.000583,-0.214321,0.6232,0.03183,0.01988,,0,114831421.0,0.096657,0.017132,0,-0.135494,17.24,4.441,-0.0069,IS
GMAB,2025-06-15,CRL,price-only,P,2025,2025-05-16,2025-06-06,19.88,0.1167,0.050388,1,-0.034897,0.068827,0.098474,-0.115265,0.5333,0.03334,0.02265,,0,29671545.0,0.01688,0.023372,0,-0.135494,17.24,4.441,-0.0069,IS
JNJ,2025-06-13,CRL,price-only,P,2025,2025-05-14,2025-06-06,141.5784,0.068318,-0.034995,0,-0.049606,0.101335,0.223429,-0.043447,0.188,0.02071,0.01378,,0,1222659100.0,-0.051827,0.012289,0,-0.151113,18.62,4.528,-0.0235,IS
MRK,2025-06-13,Approved,price-only,P,2025,2025-05-14,2025-06-06,70.3885,0.074861,-0.028452,0,-0.069776,0.016115,-0.007338,-0.274214,0.3837,0.0415,0.01798,,58,1324233182.0,-0.071997,0.025686,0,-0.151113,18.62,4.528,-0.0235,IS
AMRX,2025-06-12,Approved,price-only,P,2025,2025-05-13,2025-06-05,7.5,-0.044,-0.108603,0,0.031178,0.071302,0.118173,-0.12892,0.5908,0.04357,0.01932,STANDARD,91,15615881.0,0.074499,0.023974,0,-0.129091,18.22,4.499,-0.0084,IS
MRNA,2025-06-12,Approved,price-only,P,2025,2025-05-13,2025-06-05,25.49,0.024716,-0.039888,0,-0.07042,-0.04679,-0.245946,-0.493039,1.3657,0.05787,0.03381,,0,224071287.0,-0.027099,0.037251,0,-0.129091,18.22,4.499,-0.0084,IS
URGN,2025-06-12,Approved,price-only,P,2025,2025-05-13,2025-06-05,10.14,-0.493097,-0.5577,0,-0.041344,0.119325,0.085109,-0.161983,1.1721,0.10147,0.03062,,0,7487824.0,0.001976,0.05954,0,-0.129091,18.22,4.499,-0.0084,IS
BMY,2025-06-12,CRL,price-only,P,2025,2025-05-13,2025-06-05,43.8775,0.02683,-0.037774,0,-0.124567,-0.029025,0.117406,-0.129687,0.4017,0.03461,0.01672,,21,833330435.0,-0.081246,0.020322,0,-0.129091,18.22,4.499,-0.0084,IS
NRIX,2025-06-12,CRL,price-only,P,2025,2025-05-13,2025-06-05,9.73,0.284687,0.220083,1,0.021231,-0.302568,-0.395712,-0.642805,1.3818,0.0624,0.04039,,0,9884770.0,0.064551,0.044911,0,-0.129091,18.22,4.499,-0.0084,IS
ADCT,2025-06-12,CRL,price-only,P,2025,2025-05-13,2025-06-05,1.32,1.606061,1.541457,1,0.038647,0.078731,-0.302396,-0.549488,1.7526,0.07029,0.03284,,0,319615.0,0.081967,0.038969,0,-0.129091,18.22,4.499,-0.0084,IS
NUVB,2025-06-11,Approved,price-only,P,2025,2025-05-12,2025-06-04,2.15,0.139535,0.101398,1,0.11909,0.063477,0.070811,-0.153543,1.2927,0.07558,0.03162,PRIORITY,0,6696634.0,0.080402,0.042297,0,-0.120494,18.39,4.457,-0.008,IS
ABBV,2025-06-11,Approved,price-only,P,2025,2025-05-12,2025-06-04,184.0733,-0.014363,-0.052501,0,-0.008296,0.128304,0.186757,-0.037597,0.4476,0.03447,0.01637,PRIORITY,96,1485322648.0,0.095839,0.020928,0,-0.120494,18.39,4.457,-0.008,IS
ENTA,2025-06-11,Approved,price-only,P,2025,2025-05-12,2025-06-04,5.55,0.281081,0.242944,1,0.193335,0.253147,-0.293875,-0.518229,0.8976,0.0619,0.03121,,0,958932.0,0.183369,0.039933,0,-0.120494,18.39,4.457,-0.008,IS
MRK,2025-06-09,Approved,price-only,P,2025,2025-05-09,2025-06-02,72.7836,0.003686,-0.059804,0,-0.092684,0.040646,0.000597,-0.240141,0.3138,0.03432,0.01631,,58,1249624546.0,-0.020374,0.01887,0,-0.162709,21.9,4.375,-0.025,IS
AXSM,2025-06-09,CRL,price-only,P,2025,2025-05-09,2025-06-02,107.76,-0.000928,-0.064418,0,0.039734,0.18162,0.448269,0.20753,0.7308,0.03375,0.021,,2,71588306.0,0.126607,0.020087,0,-0.162709,21.9,4.375,-0.025,IS
TRAW,2025-06-03,CRL,source-verified,P,2025,2025-05-02,2025-05-27,1.42,-0.014084,0.036215,1,-0.42404,-0.706044,-0.566088,-0.718812,1.3357,0.15996,0.06686,,0,100552.0,-0.27551,0.061343,0,-0.098902,22.68,4.322,-0.0541,IS
IMMX,2025-06-03,CRL,price-only,P,2025,2025-05-02,2025-05-27,2.095,-0.059666,-0.009366,0,0.233588,0.178798,0.37787,0.225146,1.1243,0.07354,0.03138,,0,114147.0,0.396667,0.054014,0,-0.098902,22.68,4.322,-0.0541,IS
REGN,2025-06-02,Approved,price-only,P,2025,2025-05-02,2025-05-23,601.4208,-0.027081,0.026332,1,-0.068062,-4.9e-05,-0.193369,-0.346092,0.642,0.03969,0.01984,,0,734982127.0,-0.008237,0.03311,0,-0.098902,22.68,4.322,-0.0541,IS
SNY,2025-06-02,Approved,price-only,P,2025,2025-05-02,2025-05-23,50.2972,-0.020863,0.032551,1,-0.008491,0.119144,0.182633,0.029909,0.3533,0.02383,0.01178,STANDARD,5,183256346.0,0.015013,0.022467,0,-0.098902,22.68,4.322,-0.0541,IS
GMAB,2025-06-02,CRL,price-only,P,2025,2025-05-02,2025-05-23,21.48,-0.031192,0.022221,1,0.10523,0.19092,0.08179,-0.070934,0.5133,0.02142,0.02011,,0,29334055.0,0.116424,0.023274,0,-0.098902,22.68,4.322,-0.0541,IS
MRNA,2025-05-31,Approved,price-only,P,2025,2025-05-01,2025-05-23,27.03,-0.028487,0.013453,1,-0.060314,-0.223401,-0.344476,-0.506752,1.278,0.0541,0.03088,,0,234789736.0,-0.004786,0.041334,0,-0.117974,24.6,4.231,-0.0623,IS
ETON,2025-05-29,Approved,price-only,P,2025,2025-04-29,2025-05-22,16.49,0.228017,0.260137,1,0.296371,0.056028,1.171401,1.013431,1.1244,0.06229,0.03063,STANDARD,6,3468210.0,0.266513,0.042738,0,-0.12122,24.17,4.173,-0.0831,IS
ALC,2025-05-28,Approved,price-only,P,2025,2025-04-28,2025-05-21,94.5244,-0.078402,-0.053331,0,0.033349,0.164778,0.166765,0.008571,0.5486,0.0279,0.01428,,23,166688508.0,-0.004699,0.028582,0,-0.121319,25.15,4.216,-0.0689,IS
SVRA,2025-05-27,CRL,source-verified,P,2025,2025-04-25,2025-05-20,3.18,-0.014151,-0.028481,0,0.234548,0.288371,0.102374,-0.080925,1.0,0.05912,0.02146,,0,2329282.0,0.092783,0.040994,0,-0.132007,24.84,4.266,-0.0778,IS
BMY,2025-05-23,CRL,price-only,P,2025,2025-04-23,2025-05-16,45.7045,-0.036678,-0.035667,0,-0.087027,-0.008004,0.139515,-0.068067,0.2816,0.05262,0.01683,STANDARD,21,774663284.0,-0.196461,0.021156,0,-0.132721,28.45,4.387,-0.0461,IS
REGN,2025-05-23,CRL,price-only,P,2025,2025-04-23,2025-05-16,583.7837,0.011006,0.012018,1,-0.001231,-0.001721,-0.198276,-0.405857,0.6333,0.04895,0.0178,,0,639092816.0,-0.110666,0.027323,0,-0.132721,28.45,4.387,-0.0461,IS
BCTX,2025-05-23,Approved,price-only,P,2025,2025-04-23,2025-05-16,54.3,-0.458564,-0.457552,0,0.326924,12.376623,5.671867,5.464286,-0.5093,0.11813,0.05258,,0,5118965.0,0.217489,0.093144,0,-0.132721,28.45,4.387,-0.0461,IS
LQDA,2025-05-23,Approved,price-only,P,2025,2025-04-23,2025-05-16,13.55,0.393358,0.394369,1,-0.025303,0.104047,0.423919,0.216338,0.9715,0.06805,0.0214,,0,15157895.0,-0.134738,0.036999,0,-0.132721,28.45,4.387,-0.0461,IS
RHHBY,2025-05-22,Approved,price-only,P,2025,2025-04-22,2025-05-15,37.7843,-0.014879,-0.014107,0,0.030418,0.217326,0.248403,0.030347,0.3128,0.03898,0.01347,STANDARD,19,100440546.0,-0.078347,0.023159,0,-0.142145,30.57,4.389,-0.0404,IS
ARQT,2025-05-22,Approved,price-only,P,2025,2025-04-22,2025-05-15,13.83,-0.014461,-0.013689,0,-0.078185,0.199485,0.67538,0.457324,1.5545,0.10911,0.03083,STANDARD,2,37904496.0,-0.186949,0.049758,0,-0.142145,30.57,4.389,-0.0404,IS
GSK,2025-05-22,Approved,price-only,P,2025,2025-04-22,2025-05-15,34.9042,0.025662,0.026435,1,0.04225,0.238409,0.179439,-0.038618,0.3317,0.03931,0.014,,0,226638979.0,-0.066514,0.023322,0,-0.142145,30.57,4.389,-0.0404,IS
NVAX,2025-05-19,Approved,price-only,P,2025,2025-04-17,2025-05-12,6.0,0.056667,0.010308,1,-0.109685,-0.160571,-0.288454,-0.52381,1.1555,0.11798,0.03837,,0,37511094.0,-0.222798,0.068078,0,-0.13603,29.65,4.333,-0.0593,IS
AMRX,2025-05-15,Approved,price-only,P,2025,2025-04-15,2025-05-08,7.17,0.040446,0.020849,1,-0.035179,0.030103,0.060931,-0.163361,0.5645,0.05763,0.01807,STANDARD,89,15585141.0,-0.180571,0.030192,0,-0.116728,30.12,4.323,-0.0971,IS
INCY,2025-05-15,Approved,price-only,P,2025,2025-04-15,2025-05-08,58.46,0.021724,0.002127,1,0.075786,-0.070538,0.108442,-0.11585,0.6187,0.04654,0.02186,,0,144105762.0,-0.138521,0.030997,0,-0.116728,30.12,4.323,-0.0971,IS
MRK,2025-05-14,Approved,price-only,P,2025,2025-04-14,2025-05-07,75.8494,-0.000631,-0.011214,0,-0.034118,-0.068005,-0.059771,-0.264231,0.2694,0.04413,0.01915,,58,1623477204.0,-0.15561,0.023579,0,-0.141205,30.89,4.364,-0.0914,IS
ABBV,2025-05-14,Approved,price-only,P,2025,2025-04-14,2025-05-07,171.8611,0.059901,0.049318,1,-0.032779,0.164114,0.142111,-0.062348,0.3767,0.05404,0.01488,STANDARD,96,1870516236.0,-0.154271,0.024417,0,-0.141205,30.89,4.364,-0.0914,IS
CING,2025-05-14,Approved,price-only,P,2025,2025-04-14,2025-05-07,4.02,-0.0199,-0.030483,0,0.241269,0.009456,0.10783,-0.096629,0.3006,0.07424,0.02361,,0,340791.0,0.119777,0.035784,0,-0.141205,30.89,4.364,-0.0914,IS
OGEN,2025-05-13,Approved,price-only,P,2025,2025-04-11,2025-05-06,5.7,-0.052632,-0.090839,0,-0.209481,-0.272284,-0.271848,-0.5,0.6526,0.10902,0.03767,,0,95861.0,-0.321429,0.049206,0,-0.168892,37.56,4.493,-0.0593,IS
VSTM,2025-05-08,Approved,price-only,P,2025,2025-04-08,2025-05-01,4.64,0.601293,0.419345,1,-0.15773,-0.066535,0.900836,0.616725,1.4542,0.121,0.03105,,0,5145572.0,-0.337143,0.04344,0,-0.242989,52.33,4.262,-0.0771,IS
PHIO,2025-05-07,CRL,price-only,P,2025,2025-04-07,2025-04-30,1.03,0.864078,0.727621,1,-0.043823,-0.267052,-0.429396,-0.674051,1.0285,0.0681,0.07841,,0,111951.0,-0.207692,0.030196,0,-0.210105,46.98,4.155,-0.096,IS
TEVA,2025-05-05,Approved,price-only,P,2025,2025-04-04,2025-04-28,13.8,0.088406,-0.016264,0,0.052891,-0.156922,0.039367,-0.209622,0.3077,0.0411,0.0253,,84,175361343.0,-0.100977,0.031353,0,-0.19519,45.31,3.985,-0.129,IS
ALVO,2025-05-05,Approved,price-only,P,2025,2025-04-04,2025-04-28,8.5,-0.045882,-0.150553,0,-0.08243,-0.158913,-0.059954,-0.308943,0.0782,0.05389,0.02566,,0,1344176.0,-0.236298,0.036732,0,-0.19519,45.31,3.985,-0.129,IS
JNJ,2025-04-30,Approved,price-only,P,2025,2025-03-31,2025-04-23,160.422,-0.063073,-0.038412,0,0.090702,0.272899,0.218085,0.044109,0.0056,0.01383,0.0068,,0,1460125542.0,0.004969,0.008364,0,-0.124613,22.28,4.246,-0.0727,IS
XRTX,2025-04-30,Approved,price-only,P,2025,2025-03-31,2025-04-23,4.8,0.15625,0.180911,1,0.065325,-0.019009,-0.194445,-0.368421,0.3038,0.08638,0.03804,,0,16898.0,-0.020408,0.044695,0,-0.124613,22.28,4.246,-0.0727,IS
ABEO,2025-04-29,Approved,price-only,P,2025,2025-03-28,2025-04-22,4.97,0.062374,0.142469,1,-0.002131,-0.042644,-0.025394,-0.161889,0.8632,0.0503,0.02134,,0,2325752.0,-0.051527,0.02811,0,-0.082356,21.65,4.255,-0.0732,IS
ABBV,2025-04-29,Approved,price-only,P,2025,2025-03-28,2025-04-22,196.9925,-0.145667,-0.065572,0,0.03226,0.233611,0.228625,0.09213,0.2294,0.02261,0.00787,STANDARD,96,1440343793.0,-0.017892,0.013006,0,-0.082356,21.65,4.255,-0.0732,IS
TLX,2025-04-28,CRL,price-only,P,2025,2025-03-28,2025-04-21,17.24,-0.059745,0.045587,1,-0.056888,0.167999,,,,0.04239,0.01967,,1,584617.0,-0.087831,0.025444,0,-0.082356,21.65,4.255,-0.0732,IS
CLDI,2025-04-28,CRL,price-only,P,2025,2025-03-28,2025-04-21,7.8,-0.323077,-0.217745,0,-0.188745,-0.469368,-0.298288,-0.434783,1.9627,0.09901,0.06788,,0,355637.0,-0.219688,0.059451,0,-0.082356,21.65,4.255,-0.0732,IS
URGN,2025-04-27,CRL,price-only,P,2025,2025-03-28,2025-04-17,11.2,-0.136607,-0.036252,0,0.23654,0.117477,0.007412,-0.129082,1.0453,0.05776,0.02011,,0,4543248.0,0.196581,0.029426,0,-0.082356,21.65,4.255,-0.0732,IS
TARA,2025-04-26,CRL,price-only,P,2025,2025-03-27,2025-04-17,4.54,-0.140969,-0.028728,0,0.327909,-0.049287,1.655666,1.522222,0.9295,0.06248,0.03116,,0,949725.0,0.289773,0.051589,0,-0.06916,18.69,4.369,-0.05,IS
ALXO,2025-04-25,CRL,price-only,P,2025,2025-03-26,2025-04-17,0.68,-0.191176,-0.083631,0,-0.311732,-0.512408,-0.516117,-0.658291,0.6315,0.14569,0.05314,,0,1547171.0,-0.364486,0.08851,0,-0.067839,18.33,4.338,-0.0411,IS
JNJ,2025-04-24,CRL,price-only,P,2025,2025-03-25,2025-04-17,155.7595,-0.022047,0.105996,1,0.016958,0.160752,0.139451,-0.003343,0.0278,0.01556,0.00698,,0,1533592536.0,-0.007887,0.009251,0,-0.03031,17.15,4.307,-0.0575,IS
EQ,2025-04-24,Approved,price-only,P,2025,2025-03-25,2025-04-17,0.8,-0.4125,-0.284457,0,0.03357,0.363643,0.08397,-0.058824,0.7213,0.07946,0.03075,,0,41253.0,-0.090909,0.041459,0,-0.03031,17.15,4.307,-0.0575,IS
REGN,2025-04-20,CRL,price-only,P,2025,2025-03-21,2025-04-11,653.9251,-0.158395,-0.011635,0,0.006462,-0.030088,-0.285395,-0.421039,0.5887,0.03582,0.01493,,0,672618887.0,-0.038406,0.021326,0,-0.078942,19.28,4.252,-0.0303,IS
REGN,2025-04-18,Approved,price-only,P,2025,2025-03-19,2025-04-11,667.7092,-0.175769,-0.025692,0,0.032409,-0.015848,-0.279854,-0.416151,0.5922,0.03636,0.01488,,0,636423418.0,-0.000558,0.021286,0,-0.063567,19.9,4.256,-0.0325,IS
SNY,2025-04-18,Approved,price-only,P,2025,2025-03-19,2025-04-11,53.1641,-0.12116,0.028917,1,0.128565,0.315703,0.15845,0.022152,0.207,0.01997,0.00621,,5,164967844.0,0.075229,0.014041,0,-0.063567,19.9,4.256,-0.0325,IS
MIRM,2025-04-14,Approved,price-only,P,2025,2025-03-14,2025-04-07,44.28,-0.074074,0.088164,1,-0.095405,0.109678,0.1754,0.05655,0.7813,0.04788,0.01566,STANDARD,4,28493748.0,-0.126627,0.025382,0,-0.105596,21.77,4.308,0.0206,IS
IRWD,2025-04-14,Approved,price-only,P,2025,2025-03-14,2025-04-07,1.49,-0.147651,0.014587,1,-0.200393,-0.493866,-0.538621,-0.657471,1.1987,0.0954,0.06084,,0,4118264.0,-0.258706,0.030293,0,-0.105596,21.77,4.308,0.0206,IS
BMY,2025-04-11,Approved,price-only,P,2025,2025-03-12,2025-04-04,55.7238,-0.065384,0.089358,1,0.112387,0.139271,0.370319,0.260765,0.1505,0.03158,0.01148,PRIORITY,20,734481508.0,0.077076,0.018048,0,-0.120911,24.23,4.318,0.0402,IS
HALO,2025-04-10,Approved,price-only,P,2025,2025-03-11,2025-04-03,61.45,0.007648,0.100784,1,0.13175,0.393243,0.144902,0.037831,0.9731,0.02882,0.00821,,0,80916466.0,0.076182,0.010659,0,-0.114632,26.92,4.288,0.0258,IS
ARGX,2025-04-10,Approved,price-only,P,2025,2025-03-11,2025-04-03,580.43,0.016591,0.109727,1,-0.046823,0.041659,0.177975,0.070904,0.4454,0.03272,0.01175,,0,182034375.0,-0.102391,0.017198,0,-0.114632,26.92,4.288,0.0258,IS
BMY,2025-04-08,Approved,price-only,P,2025,2025-03-07,2025-04-01,56.9164,-0.025209,0.079436,1,0.101253,0.15871,0.36384,0.250114,0.193,0.0264,0.01108,PRIORITY,20,704496292.0,0.074582,0.016019,0,-0.106327,23.37,4.317,0.0223,IS
ALDX,2025-04-03,CRL,source-verified,P,2025,2025-03-04,2025-03-27,6.17,0.014587,0.021496,1,0.248054,0.38766,0.29422,0.147907,0.9,0.0851,0.03198,,0,3269836.0,0.177481,0.064917,0,-0.138672,23.51,4.21,-0.0075,IS
AMGN,2025-04-03,Approved,price-only,P,2025,2025-03-04,2025-03-27,300.4251,-0.020564,-0.013655,0,0.173201,0.262363,0.10468,-0.041634,0.4386,0.02206,0.00863,STANDARD,9,983933946.0,0.102628,0.019249,0,-0.138672,23.51,4.21,-0.0075,IS
NVS,2025-04-03,Approved,price-only,P,2025,2025-03-04,2025-03-27,104.2504,0.037017,0.043926,1,0.134553,0.20113,0.071575,-0.074738,0.157,0.01687,0.00812,STANDARD,87,241923807.0,0.06398,0.013748,0,-0.138672,23.51,4.21,-0.0075,IS
ABBV,2025-04-02,Approved,price-only,P,2025,2025-03-03,2025-03-26,202.9323,-0.048137,-0.042119,0,0.288869,0.312517,0.249667,0.101223,0.2336,0.01885,0.00707,STANDARD,96,1180699163.0,0.149973,0.00998,0,-0.134013,22.78,4.18,-0.0284,IS
CMPX,2025-04-01,CRL,price-only,P,2025,2025-02-28,2025-03-25,2.9,-0.253448,-0.23513,0,-0.025722,1.024669,1.42372,1.301587,1.8045,0.11938,0.03939,,0,3471496.0,-0.099379,0.056251,0,-0.091335,19.63,4.231,-0.008,IS
AZN,2025-03-31,Approved,price-only,P,2025,2025-02-28,2025-03-24,149.8056,-0.027818,-0.029115,0,0.142137,0.25547,0.008483,-0.11365,0.1996,0.01593,0.00787,,58,471715789.0,0.085044,0.012012,0,-0.091335,19.63,4.231,-0.008,IS
MIST,2025-03-28,CRL,source-verified,P,2025,2025-02-26,2025-03-21,1.75,0.085714,0.098519,1,-0.086584,0.010072,0.320947,0.190476,0.8732,0.08371,0.02628,,0,2000707.0,-0.133663,0.031445,0,-0.064126,19.1,4.249,-0.0413,IS
ALNY,2025-03-28,Approved,price-only,P,2025,2025-02-26,2025-03-21,243.86,0.161896,0.174701,1,-0.071701,0.052214,0.02491,-0.10556,0.965,0.03486,0.01413,,0,183779404.0,-0.11878,0.013038,0,-0.064126,19.1,4.249,-0.0413,IS
INTE,2025-03-28,Approved,price-only,P,2025,2025-02-26,2025-03-21,11.1,-0.009009,0.003796,1,0.049789,0.081541,0.128672,-0.001799,0.0015,0.00019,0.00483,,0,3330.0,0.00271,0.000577,0,-0.064126,19.1,4.249,-0.0413,IS
SNY,2025-03-28,Approved,price-only,P,2025,2025-02-26,2025-03-21,49.8527,0.035487,0.048291,1,0.077263,0.209395,0.108055,-0.022416,0.2759,0.01582,0.00835,,5,125074883.0,0.030184,0.013219,0,-0.064126,19.1,4.249,-0.0413,IS
NVS,2025-03-28,Approved,price-only,P,2025,2025-02-26,2025-03-21,101.0692,0.076667,0.089472,1,0.091659,0.10428,0.04157,-0.0889,0.1921,0.01782,0.00821,STANDARD,87,252468228.0,0.04458,0.014462,0,-0.064126,19.1,4.249,-0.0413,IS
EQ,2025-03-27,CRL,source-verified,P,2025,2025-02-25,2025-03-20,0.79,0.012658,0.036336,1,0.202539,0.153781,-0.045394,-0.159574,0.7988,0.13653,0.03307,,0,2024980.0,0.161765,0.090382,0,-0.056559,19.43,4.298,-0.0245,IS
WVE,2025-03-26,Approved,price-only,P,2025,2025-02-24,2025-03-19,10.48,-0.041985,-0.012576,0,-0.091411,-0.22968,0.9063,0.791453,1.982,0.06638,0.03012,,0,8664053.0,-0.127394,0.030324,0,-0.032812,18.98,4.393,0.0032,IS
IPSEY,2025-03-26,Approved,price-only,P,2025,2025-02-24,2025-03-19,27.5832,0.08,0.109408,1,-0.081884,0.029355,0.06077,-0.054077,-0.058,0.01694,0.01506,STANDARD,4,29256.0,-0.087238,0.019395,0,-0.032812,18.98,4.393,0.0032,IS
EXEL,2025-03-26,Approved,price-only,P,2025,2025-02-24,2025-03-19,37.13,-0.001885,0.027523,1,0.118766,0.111858,0.525026,0.410179,0.418,0.03188,0.01757,,1,86931953.0,0.146695,0.018283,0,-0.032812,18.98,4.393,0.0032,IS
GSK,2025-03-25,Approved,price-only,P,2025,2025-02-21,2025-03-18,34.9137,0.102347,0.162652,1,0.102671,0.102287,-0.008998,-0.099383,0.3339,0.02478,0.0091,,0,189621506.0,0.080884,0.023053,0,-0.002795,18.21,4.42,0.0014,IS
CGON,2025-03-24,CRL,price-only,P,2025,2025-02-21,2025-03-17,27.85,-0.006463,0.030723,1,-0.083492,-0.158602,-0.124445,-0.214829,1.1903,0.04197,0.02299,,0,12605078.0,-0.094309,0.018193,0,-0.002795,18.21,4.42,0.0014,IS
AURA,2025-03-24,CRL,price-only,P,2025,2025-02-21,2025-03-17,7.51,0.003995,0.041181,1,-0.058335,-0.175542,0.077893,-0.012492,1.1483,0.04211,0.01728,,0,1128730.0,-0.07284,0.019458,0,-0.002795,18.21,4.42,0.0014,IS
TLX,2025-03-21,Approved,price-only,P,2025,2025-02-19,2025-03-14,17.19,0.006399,0.064759,1,-0.027402,0.180311,,,,0.04882,0.01586,,1,325143.0,0.024434,0.020879,0,-0.045658,15.27,4.535,0.0265,IS
NVS,2025-03-20,Approved,price-only,P,2025,2025-02-18,2025-03-13,99.75,0.061526,0.120214,1,0.050274,0.113239,0.005997,-0.05913,0.2187,0.01918,0.00804,STANDARD,87,227104337.0,0.0931,0.016962,0,-0.086761,15.35,4.544,0.0209,IS
ALNY,2025-03-20,Approved,price-only,P,2025,2025-02-18,2025-03-13,250.0,-0.033,0.025688,1,-0.035769,0.031584,0.016782,-0.048344,0.9658,0.03539,0.01403,,0,188804002.0,0.015146,0.023576,0,-0.086761,15.35,4.544,0.0209,IS
JNJ,2025-03-20,Approved,price-only,P,2025,2025-02-18,2025-03-13,149.9265,0.051616,0.110305,1,0.018115,0.114457,0.062546,-0.00258,0.0895,0.01407,0.00732,,0,1414387433.0,0.062576,0.012609,0,-0.086761,15.35,4.544,0.0209,IS
XERS,2025-03-17,Approved,price-only,P,2025,2025-02-14,2025-03-10,3.59,0.278552,0.33511,1,0.075727,0.230191,0.456376,0.407843,1.0231,0.04059,0.01616,STANDARD,2,5150015.0,0.114907,0.017692,0,-0.090508,14.77,4.472,0.009,IS
GLSI,2025-03-17,Approved,price-only,P,2025,2025-02-14,2025-03-10,12.38,-0.062197,-0.005639,0,-0.039515,0.002815,0.001573,-0.046959,1.0522,0.04574,0.02139,,0,374536.0,-0.015115,0.021819,0,-0.090508,14.77,4.472,0.009,IS
ANIP,2025-03-14,Approved,price-only,P,2025,2025-02-12,2025-03-07,59.68,0.015751,0.045427,1,0.097195,0.107724,0.060784,0.0,0.6094,0.02797,0.01309,,0,10760006.0,0.10662,0.015184,0,-0.13637,15.89,4.637,0.0769,IS
RNAZ,2025-03-13,Approved,price-only,P,2025,2025-02-11,2025-03-06,303.24,-0.843952,-0.821605,0,2.30619,-0.166248,0.325163,0.257402,1.6658,0.35668,0.07842,,0,43652146.0,2.301829,0.208031,0,-0.135492,16.02,4.537,0.0452,IS
PHIO,2025-03-10,CRL,price-only,P,2025,2025-02-07,2025-03-03,1.89,-0.301587,-0.239772,0,0.06175,-0.327053,-0.298271,-0.310219,1.063,0.14471,0.09032,,0,105880580.0,0.118343,0.658199,0,-0.093192,16.54,4.487,0.0462,IS
SPRY,2025-03-05,Approved,price-only,P,2025,2025-02-03,2025-02-26,12.31,-0.168968,-0.134293,0,0.151724,-0.066258,0.246809,0.173499,1.3242,0.0787,0.03251,,0,18190847.0,0.100089,0.036205,0,-0.071093,18.62,4.543,0.0649,IS
RHHBY,2025-03-03,Approved,price-only,P,2025,2025-01-31,2025-02-24,36.8215,0.05758,0.085205,1,0.085399,0.044673,0.033234,-0.031103,0.2461,0.01721,0.0086,,19,72180785.0,0.123354,0.012869,0,-0.05973,16.43,4.569,0.069,IS
INDV,2025-02-24,Approved,price-only,P,2025,2025-01-24,2025-02-14,11.99,-0.18015,-0.168794,0,0.015341,0.435671,0.168291,0.102022,0.6459,0.03473,0.0145,PRIORITY,7,13142627.0,-0.026786,0.023925,0,-0.059092,14.85,4.626,0.1004,IS
MIRM,2025-02-24,Approved,price-only,P,2025,2025-01-24,2025-02-14,47.53,0.052809,0.064165,1,0.132065,0.256925,0.282804,0.216534,0.7112,0.03965,0.01565,PRIORITY,3,18431718.0,0.130859,0.028051,0,-0.059092,14.85,4.626,0.1004,IS
SLS,2025-02-20,CRL,price-only,P,2025,2025-01-21,2025-02-13,1.15,0.104348,0.101475,1,0.34992,0.00849,0.107656,0.036036,0.5872,0.07826,0.03047,,0,1441106.0,0.292135,0.04414,0,-0.08849,15.06,4.574,0.1167,IS
IBRX,2025-02-19,Approved,price-only,P,2025,2025-01-17,2025-02-12,2.94,0.102041,0.079306,1,0.032409,-0.085082,-0.41041,-0.508361,1.6998,0.08613,0.05521,,0,16960284.0,0.122137,0.076995,0,-0.122465,15.97,4.609,0.1477,IS
HRMY,2025-02-19,CRL,price-only,P,2025,2025-01-17,2025-02-12,39.05,-0.030986,-0.053721,0,0.25281,0.243303,0.293603,0.195652,0.7392,0.03519,0.02758,,2,21059128.0,0.139148,0.024392,0,-0.122465,15.97,4.609,0.1477,IS
GSK,2025-02-17,Approved,price-only,P,2025,2025-01-17,2025-02-10,31.5093,0.090936,0.063995,1,0.067157,-0.015192,-0.034908,-0.132858,0.2116,0.01877,0.01052,,0,121110907.0,0.0,0.012283,0,-0.122465,15.97,4.609,0.1477,IS
ALLO,2025-02-14,CRL,source-verified,P,2025,2025-01-15,2025-02-07,1.87,-0.192513,-0.222892,0,-0.01431,-0.182815,-0.335287,-0.465714,1.9831,0.10084,0.03892,,0,6390585.0,-0.092233,0.049149,0,-0.106158,16.12,4.653,0.1354,IS
CLLS,2025-02-14,CRL,price-only,P,2025,2025-01-15,2025-02-07,1.64,-0.067073,-0.097451,0,-0.053566,-0.052816,-0.113812,-0.24424,0.3245,0.11807,0.02926,,0,405155.0,-0.052023,0.100633,0,-0.106158,16.12,4.653,0.1354,IS
ALPMY,2025-02-13,Approved,price-only,P,2025,2025-01-14,2025-02-06,9.2931,-0.01782,-0.095249,0,0.028923,-0.063533,0.067379,-0.064997,0.0081,0.03328,0.01257,STANDARD,39,3455496.0,-0.053571,0.008603,0,-0.121779,18.71,4.788,0.1755,IS
PFE,2025-02-12,Approved,price-only,P,2025,2025-01-13,2025-02-05,24.1808,0.002877,-0.059616,0,0.133169,0.001272,0.05354,-0.04563,0.3135,0.0202,0.01071,STANDARD,92,1076918855.0,0.047694,0.014599,0,-0.073655,19.19,4.803,0.1726,IS
RHHBY,2025-02-12,Approved,price-only,P,2025,2025-01-13,2025-02-05,33.9508,0.119923,0.05743,1,0.100498,0.004707,0.11318,0.01401,0.2331,0.01546,0.0089,STANDARD,19,50626430.0,0.022605,0.011398,0,-0.073655,19.19,4.803,0.1726,IS
ABBV,2025-02-07,Approved,price-only,P,2025,2025-01-08,2025-01-31,169.6852,0.039967,0.036068,1,0.081973,-0.018493,0.112949,0.079923,0.3478,0.01807,0.01794,PRIORITY,95,1033854908.0,0.010931,0.010881,0,-0.049299,17.7,4.693,0.1636,IS
RNAZ,2025-02-06,Approved,price-only,P,2025,2025-01-07,2025-01-30,101.08,1.229917,1.222702,1,-0.539265,-0.761907,-0.855584,-0.871301,0.8329,0.16609,0.07626,,0,453404.0,-0.532988,0.100033,0,-0.035886,17.82,4.683,0.1632,IS
SUPN,2025-02-04,Approved,price-only,P,2025,2025-01-03,2025-01-28,36.92,0.060401,0.052068,1,0.051047,0.193895,0.410549,0.418363,0.3121,0.03206,0.01058,,0,13164654.0,-0.006726,0.012862,0,-0.043739,16.13,4.596,0.1938,IS
RHHBY,2025-02-04,Approved,price-only,P,2025,2025-01-03,2025-01-28,33.0033,0.106879,0.098546,1,0.033416,-0.037243,0.025979,0.033794,0.158,0.01684,0.0088,STANDARD,19,40351679.0,-0.036428,0.010963,0,-0.043739,16.13,4.596,0.1938,IS
VRTX,2025-01-30,Approved,price-only,P,2025,2024-12-31,2025-01-23,402.7,0.091954,0.059531,1,-0.043834,-0.062045,-0.135976,-0.150027,0.5412,0.03661,0.01963,,0,799314412.0,-0.139769,0.028358,0,-0.080709,17.35,4.573,0.2217,IS
AXSM,2025-01-30,Approved,price-only,P,2025,2024-12-31,2025-01-23,84.61,0.227869,0.195446,1,-0.042632,0.015523,0.086014,0.071963,0.5486,0.05175,0.01518,STANDARD,1,62386098.0,-0.138566,0.020528,0,-0.080709,17.35,4.573,0.2217,IS
NVS,2025-01-29,Approved,price-only,P,2025,2024-12-30,2025-01-22,91.0671,0.00863,-0.006054,0,0.029172,-0.063647,-0.052764,-0.086446,0.1858,0.01264,0.0095,STANDARD,87,105007802.0,-0.079796,0.00985,0,-0.090152,17.4,4.545,0.1954,IS
NVO,2025-01-28,Approved,price-only,P,2025,2024-12-27,2025-01-21,82.0183,-0.072565,-0.06337,0,-0.100922,-0.2046,-0.371126,-0.385617,0.4889,0.05006,0.02593,STANDARD,9,782969059.0,-0.181929,0.043368,0,-0.071899,15.95,4.619,0.2321,IS
DSNKY,2025-01-27,Approved,price-only,P,2025,2024-12-27,2025-01-17,27.6836,-0.041189,-0.004189,0,0.018767,-0.079546,-0.172331,-0.186822,0.3654,0.03746,0.01376,,1,5554855.0,-0.089367,0.019568,0,-0.071899,15.95,4.619,0.2321,IS
AZN,2025-01-27,Approved,price-only,P,2025,2024-12-27,2025-01-17,128.4127,0.005131,0.042132,1,0.074335,-0.074455,-0.13069,-0.145182,0.2337,0.01694,0.01448,PRIORITY,58,359260979.0,-0.013988,0.013685,0,-0.071899,15.95,4.619,0.2321,IS
BIIB,2025-01-26,Approved,price-only,P,2025,2024-12-27,2025-01-17,151.31,-0.071112,-0.034112,0,0.035383,-0.150837,-0.332804,-0.347295,0.4277,0.02495,0.01218,,6,235077219.0,-0.053307,0.013636,0,-0.071899,15.95,4.619,0.2321,IS
AMRX,2025-01-23,Approved,price-only,P,2025,2024-12-24,2025-01-16,7.85,0.058599,0.103065,1,-0.020129,0.000244,0.21539,0.213292,0.8801,0.03475,0.01521,STANDARD,86,9330131.0,-0.064362,0.022108,0,-0.058997,14.27,4.591,0.2142,IS
LSTA,2025-01-22,CRL,source-verified,P,2025,2024-12-23,2025-01-15,3.02,0.231788,0.268136,1,0.088905,0.085896,-0.131869,-0.144476,0.5569,0.07379,0.02037,,0,52422.0,0.048611,0.042783,0,-0.069061,16.78,4.599,0.231,IS
CHRS,2025-01-22,CRL,price-only,P,2025,2024-12-23,2025-01-15,1.43,0.020979,0.057327,1,0.325525,0.499061,-0.08233,-0.094937,1.6031,0.13187,0.03484,,0,16415273.0,0.311927,0.087013,0,-0.069061,16.78,4.599,0.231,IS
IRON,2025-01-21,Approved,price-only,P,2025,2024-12-20,2025-01-14,64.5,-0.103411,-0.052829,0,0.060215,0.453548,0.46007,0.433971,0.8278,0.05184,0.01923,,0,17112880.0,-0.007081,0.023061,0,-0.079746,18.36,4.524,0.2099,IS
JNJ,2025-01-21,Approved,price-only,P,2025,2024-12-20,2025-01-14,138.6404,0.001938,0.05252,1,-0.019819,-0.028027,0.010102,-0.015997,0.0562,0.01704,0.00693,,0,1339137456.0,-0.061486,0.00896,0,-0.079746,18.36,4.524,0.2099,IS
INBX,2025-01-21,CRL,price-only,P,2025,2024-12-20,2025-01-14,14.6,-0.127397,-0.076815,0,0.068926,0.011463,-0.030139,-0.056238,1.0782,0.05246,0.01882,,0,1204709.0,0.036932,0.027324,0,-0.079746,18.36,4.524,0.2099,IS
AZN,2025-01-17,Approved,price-only,P,2025,2024-12-18,2025-01-10,125.2731,0.036665,0.04208,1,0.041794,-0.05883,-0.173972,-0.172132,0.2208,0.01859,0.01448,PRIORITY,58,379930713.0,0.019719,0.014228,0,-0.121905,27.62,4.494,0.2016,IS
AMGN,2025-01-17,Approved,price-only,P,2025,2024-12-18,2025-01-10,247.0321,0.013332,0.018748,1,-0.0496,-0.101642,-0.15423,-0.152391,0.5732,0.02294,0.01597,PRIORITY,9,1294337789.0,-0.071675,0.015976,0,-0.121905,27.62,4.494,0.2016,IS
ATRA,2025-01-16,CRL,source-verified,P,2025,2024-12-17,2025-01-08,10.35,0.597101,0.621173,1,-0.167556,0.376682,-0.007884,0.048101,2.006,0.08608,0.03275,,0,896313.0,-0.1375,0.041506,0,-0.061562,15.87,4.385,0.19,IS
INCY,2025-01-16,Approved,price-only,P,2025,2024-12-17,2025-01-08,69.4,0.053746,0.077818,1,-0.115333,0.126469,0.073572,0.129557,0.6872,0.03029,0.01613,,0,166459040.0,-0.085277,0.026744,0,-0.061562,15.87,4.385,0.19,IS
SNDX,2025-01-16,Approved,price-only,P,2025,2024-12-17,2025-01-08,13.63,0.013206,0.037278,1,-0.169032,-0.181216,-0.340875,-0.28489,1.5146,0.06032,0.03853,,1,29364694.0,-0.138977,0.030308,0,-0.061562,15.87,4.385,0.19,IS
LEXX,2025-01-15,Approved,price-only,P,2025,2024-12-16,2025-01-08,2.16,0.023148,0.048971,1,0.041558,-0.276245,-0.310289,-0.262799,0.6849,0.12103,0.02897,,0,440225.0,0.074627,0.059756,0,-0.061179,14.69,4.397,0.2073,IS
LLY,2025-01-15,Approved,price-only,P,2025,2024-12-16,2025-01-08,770.6176,0.010552,0.036375,1,0.015135,-0.077745,-0.164584,-0.117094,0.6398,0.02718,0.01538,STANDARD,68,3071505619.0,0.043956,0.01731,0,-0.061179,14.69,4.397,0.2073,IS
PHIO,2025-01-13,CRL,source-verified,P,2025,2024-12-13,2025-01-06,2.81,-0.345196,-0.332487,0,0.261838,-0.073389,-0.580272,-0.560869,1.0835,0.07463,0.04416,,0,117353.0,0.26009,0.050896,0,-0.077668,13.81,4.399,0.2149,IS
JSPR,2025-01-08,CRL,source-verified,P,2025,2024-12-09,2024-12-31,22.4,-0.045536,0.0377,1,0.033525,0.102417,-0.13415,-0.064718,1.6621,0.07562,0.0336,,0,4587511.0,-0.086832,0.03535,1,0.001575,14.19,4.199,0.1517,IS
KZIA,2025-01-02,Approved,price-only,P,2025,2024-12-03,2024-12-26,24.7,-0.388664,-0.337103,0,-0.089156,0.308278,0.902991,0.976,2.3496,0.12449,0.0466,,0,428176.0,-0.105072,0.087056,1,-0.008278,13.3,4.223,0.1208,IS
ANIP,2025-01-02,Approved,price-only,P,2025,2024-12-03,2024-12-26,56.87,-0.02409,0.027471,1,-0.006768,-0.088163,-0.194843,-0.121835,0.8191,0.03945,0.01678,,0,16367375.0,-0.022684,0.024096,1,-0.008278,13.3,4.223,0.1208,IS
IMCR,2022-01-25,Approved,drugscom-approval,regime2223,2022,2021-12-23,2022-01-18,35.44,-0.40491,-0.204436,0,-0.022506,0.112759,,,,0.0743,0.02608,,,2469430.0,-0.025838,0.058343,0,-0.093196,17.96,1.493,0.0226,OOS_regime
AGIO,2022-02-17,Approved,drugscom-approval,regime2223,2022,2022-01-18,2022-02-10,31.14,-0.00289,-0.001197,0,0.135095,-0.068529,,,,0.05517,0.02272,,0,15513319.0,-0.083309,0.028343,0,-0.228219,22.79,1.865,0.1774,OOS_regime
BTAI,2022-04-05,Approved,drugscom-approval,regime2223,2022,2022-03-04,2022-03-29,265.44,0.325497,0.210479,1,0.141898,-0.000822,-0.075005,-0.460488,1.5898,0.0694,0.03258,,,5156682.0,0.059387,0.047578,0,-0.267697,31.98,1.724,0.1906,OOS_regime
SLGL,2022-04-22,Approved,drugscom-approval,regime2223,2022,2022-03-23,2022-04-14,71.85,0.000696,0.023954,1,-0.02906,0.278104,0.101611,-0.21044,0.4095,0.04575,0.01915,,,50551.0,-0.025102,0.024711,0,-0.229199,23.57,2.321,0.5609,OOS_regime
PHAT,2022-05-03,Approved,drugscom-approval,regime2223,2022,2022-04-01,2022-04-26,14.24,-0.093399,0.084276,1,-0.281641,-0.109031,-0.297474,-0.558313,0.8503,0.07214,0.02964,PRIORITY,0,1630635.0,-0.180196,0.051648,0,-0.167024,19.63,2.377,0.5721,OOS_regime
ARQT,2022-07-29,Approved,drugscom-approval,regime2223,2022,2022-06-29,2022-07-22,22.12,-0.027125,-0.105734,0,0.001648,0.399344,0.395632,0.056351,0.9374,0.06939,0.03239,STANDARD,0,10084839.0,0.053835,0.036576,0,-0.200428,28.16,3.093,0.2887,OOS_regime
CHRS,2022-08-02,Approved,drugscom-approval,regime2223,2022,2022-07-01,2022-07-26,7.83,-0.051086,-0.113275,0,-0.069563,-0.245073,-0.208168,-0.532258,0.8471,0.05971,0.03232,,0,7568310.0,0.034346,0.048779,0,-0.14842,26.7,2.889,0.2415,OOS_regime
AXSM,2022-08-18,Approved,drugscom-approval,regime2223,2022,2022-07-19,2022-08-11,43.97,0.030703,-0.05857,0,0.719741,0.347639,0.708076,0.537413,1.2307,0.07143,0.05328,PRIORITY,0,98067101.0,0.937858,0.115695,0,-0.002991,24.5,3.019,0.0549,OOS_regime
HRTX,2022-09-16,Approved,drugscom-approval,regime2223,2022,2022-08-17,2022-09-09,5.11,-0.009785,0.007632,1,0.547468,0.094856,-0.358478,-0.421946,1.2414,0.09128,0.03557,,,13915264.0,0.812057,0.063622,0,0.253429,19.9,2.893,-0.0253,OOS_regime
FENC,2022-09-20,Approved,drugscom-approval,regime2223,2022,2022-08-19,2022-09-13,6.36,0.04717,0.083036,1,-0.105275,-0.160941,0.34014,0.303279,0.3104,0.05099,0.01451,,,377033.0,-0.071533,0.025307,0,0.257493,20.6,2.989,0.0469,OOS_regime
HROW,2022-09-27,Approved,drugscom-approval,regime2223,2022,2022-08-26,2022-09-20,9.21,-0.091205,-0.05534,0,0.34179,0.108436,0.247559,0.194553,0.266,0.06778,0.02109,,,662982.0,0.370536,0.04049,0,0.242004,25.56,3.035,0.1012,OOS_regime
AMLX,2022-09-29,Approved,drugscom-approval,regime2223,2022,2022-08-30,2022-09-22,24.03,0.213067,0.273356,1,-0.114643,1.494837,-0.075775,-0.14301,0.8398,0.07085,0.02436,,,14528796.0,-0.10967,0.030482,0,0.2082,26.21,3.11,0.0935,OOS_regime
TGTX,2022-12-28,Approved,drugscom-approval,regime2223,2022,2022-11-28,2022-12-21,7.98,0.106516,0.06973,1,0.518398,0.26226,0.42311,0.54352,2.271,0.10926,0.0417,,,23521623.0,0.395105,0.146278,0,-0.051334,22.21,3.703,0.1907,OOS_regime
VCEL,2022-12-28,Approved,drugscom-approval,regime2223,2022,2022-11-28,2022-12-21,21.09,0.170697,0.133911,1,-0.167302,-0.147983,-0.369075,-0.248664,1.0506,0.08968,0.03775,,,11824600.0,-0.19962,0.085108,0,-0.051334,22.21,3.703,0.1907,OOS_regime
TVTX,2023-02-17,Approved,drugscom-approval,regime2223,2023,2023-01-18,2023-02-10,21.0,-0.024286,-0.022421,0,0.072054,-0.092972,-0.191623,-0.162345,0.9901,0.04804,0.01809,PRIORITY,0,18046746.0,0.086957,0.023366,1,0.062949,20.34,3.375,-0.1594,OOS_regime
ACAD,2023-03-10,Approved,drugscom-approval,regime2223,2023,2023-02-08,2023-03-03,19.72,0.03144,0.07273,1,0.096788,0.258941,0.255012,0.215783,1.0086,0.02901,0.01346,,0,24740107.0,0.169632,0.025442,1,0.101997,19.63,3.653,-0.1331,OOS_regime
MCRB,2023-04-26,Approved,drugscom-approval,regime2223,2023,2023-03-27,2023-04-19,109.2,0.14652,0.047787,1,0.174218,0.098702,-0.050826,-0.073005,1.0864,0.07585,0.02261,,,7004924.0,0.094188,0.046714,0,-0.095025,20.6,3.528,-0.0384,OOS_regime
PLX,2023-05-09,Approved,drugscom-approval,regime2223,2023,2023-04-06,2023-05-02,2.21,0.19457,0.157364,1,0.076823,0.613923,1.195158,1.125,0.3843,0.04977,0.02873,,,2495790.0,0.194595,0.027595,0,-0.068468,18.4,3.288,-0.1161,OOS_regime
KRYS,2023-05-19,Approved,drugscom-approval,regime2223,2023,2023-04-19,2023-05-12,89.11,-0.010661,-0.048062,0,0.118447,0.180083,0.279102,0.299548,0.7828,0.03847,0.01527,,0,17617749.0,0.190992,0.027582,0,-0.039986,16.46,3.602,0.0673,OOS_regime
INVA,2023-05-23,Approved,drugscom-approval,regime2223,2023,2023-04-21,2023-05-16,11.98,0.10601,0.072462,1,-0.035892,-0.025618,-0.17422,-0.107303,0.4922,0.02617,0.01437,,0,6748357.0,0.055507,0.019728,0,-0.054259,16.77,3.57,0.0247,OOS_regime
LXRX,2023-05-26,Approved,drugscom-approval,regime2223,2023,2023-04-26,2023-05-19,2.41,0.248963,0.173096,1,-0.015416,0.178535,0.231183,0.242268,1.4974,0.0735,0.02779,,,1208513.0,0.04329,0.038658,0,-0.107424,18.84,3.432,-0.0087,OOS_regime
SRPT,2023-06-22,Approved,drugscom-approval,regime2223,2023,2023-05-23,2023-06-15,146.91,-0.104145,-0.123576,0,0.082496,0.11528,0.231706,0.311696,0.6924,0.05349,0.02918,,0,263873052.0,0.147914,0.068087,1,0.046156,18.53,3.698,-0.0574,OOS_regime
BMRN,2023-06-29,Approved,drugscom-approval,regime2223,2023,2023-05-30,2023-06-22,87.22,0.096194,0.054662,1,-0.128495,-0.12771,-0.125743,-0.100083,0.5253,0.02323,0.01473,,2,80676617.0,-0.091837,0.013704,1,0.0035,17.46,3.7,-0.0552,OOS_regime
VRCA,2023-07-21,Approved,drugscom-approval,regime2223,2023,2023-06-21,2023-07-14,60.5,0.105785,0.137222,1,-0.002484,-0.296861,0.960419,1.037037,0.6161,0.05366,0.02247,,,913192.0,0.050347,0.033803,1,0.14658,13.2,3.723,0.0324,OOS_regime
TARS,2023-07-25,Approved,drugscom-approval,regime2223,2023,2023-06-23,2023-07-18,18.25,0.021918,0.016514,1,0.133116,0.348616,0.201396,0.255158,0.9243,0.0572,0.01902,,,4932836.0,0.144918,0.033796,1,0.154679,13.44,3.739,0.0978,OOS_regime
DCTH,2023-08-14,Approved,drugscom-approval,regime2223,2023,2023-07-14,2023-08-07,4.95,-0.183838,-0.115964,0,-0.219288,-0.170967,0.38256,0.383068,-0.0277,0.06896,0.02556,,,475938.0,-0.26009,0.037492,1,0.062859,13.34,3.819,0.1063,OOS_regime
BLRX,2023-09-08,Approved,drugscom-approval,regime2223,2023,2023-08-09,2023-09-01,61.2,0.320261,0.296668,1,-0.045485,0.291661,1.63062,1.508197,0.6256,0.0775,0.02553,,,567183.0,-0.089286,0.036904,0,-0.077375,15.96,4.012,0.1394,OOS_regime
ARDX,2023-10-17,Approved,drugscom-approval,regime2223,2023,2023-09-15,2023-10-10,4.55,-0.09011,-0.025138,0,0.235542,0.296126,0.143315,0.129032,1.5738,0.06633,0.02125,,,28528672.0,0.260388,0.050927,0,-0.135412,13.79,4.322,0.1593,OOS_regime
CPRX,2023-10-26,Approved,drugscom-approval,regime2223,2023,2023-09-26,2023-10-19,12.14,0.066722,0.150317,1,-0.077831,0.041701,-0.238375,-0.261557,0.7982,0.03136,0.01645,,,16294061.0,-0.147472,0.020265,0,-0.117101,18.94,4.558,0.2097,OOS_regime
PHAT,2023-11-01,Approved,drugscom-approval,regime2223,2023,2023-10-02,2023-10-25,10.15,-0.1133,-0.040406,0,-0.186694,-0.089236,0.494493,0.421569,1.3069,0.07454,0.02324,STANDARD,2,6079125.0,-0.300964,0.03109,0,-0.148179,17.61,4.683,0.2138,OOS_regime
CRMD,2023-11-15,Approved,drugscom-approval,regime2223,2023,2023-10-16,2023-11-08,3.31,-0.030211,-0.019102,0,-0.06397,0.043828,-0.215309,-0.357282,1.4383,0.04726,0.01996,,,1490811.0,-0.153453,0.022994,0,-0.179598,17.21,4.712,0.2436,OOS_regime
GKOS,2023-12-13,Approved,drugscom-approval,regime2223,2023,2023-11-13,2023-12-06,63.49,-0.019058,-0.201282,0,0.001317,0.003299,0.291255,0.059756,0.4168,0.05054,0.01916,STANDARD,3,40589584.0,-0.032017,0.028546,0,-0.157104,14.76,4.632,0.0974,OOS_regime
