date,open,high,low,close,adjclose
2021-08-02,21.68000030517578,21.75,20.959999084472656,21.0,21.0
2021-08-03,21.010000228881836,21.700000762939453,20.559999465942383,21.6299991607666,21.6299991607666
2021-08-04,21.440000534057617,21.989999771118164,20.600000381469727,21.049999237060547,21.049999237060547
2021-08-05,19.65999984741211,20.639999389648438,19.100000381469727,19.25,19.25
2021-08-06,19.239999771118164,19.559999465942383,18.90999984741211,19.18000030517578,19.18000030517578
2021-08-09,19.290000915527344,19.829999923706055,18.940000534057617,19.15999984741211,19.15999984741211
2021-08-10,19.1200008392334,19.18000030517578,18.229999542236328,18.489999771118164,18.489999771118164
2021-08-11,18.579999923706055,18.68000030517578,18.270000457763672,18.329999923706055,18.329999923706055
2021-08-12,18.299999237060547,18.399999618530273,17.68000030517578,18.040000915527344,18.040000915527344
2021-08-13,18.09000015258789,18.25,17.540000915527344,17.579999923706055,17.579999923706055
2021-08-16,17.5,17.5,16.790000915527344,16.84000015258789,16.84000015258789
2021-08-17,16.6299991607666,17.31999969482422,16.510000228881836,17.239999771118164,17.239999771118164
2021-08-18,17.31999969482422,17.520000457763672,16.68000030517578,16.719999313354492,16.719999313354492
2021-08-19,16.6200008392334,16.790000915527344,16.0,16.139999389648438,16.139999389648438
2021-08-20,16.09000015258789,16.780000686645508,16.09000015258789,16.68000030517578,16.68000030517578
2021-08-23,16.850000381469727,17.1200008392334,16.709999084472656,17.0,17.0
2021-08-24,17.049999237060547,17.06999969482422,16.6299991607666,17.0,17.0
2021-08-25,16.899999618530273,17.420000076293945,16.770000457763672,17.18000030517578,17.18000030517578
2021-08-26,17.15999984741211,17.309999465942383,16.6299991607666,16.68000030517578,16.68000030517578
2021-08-27,16.68000030517578,17.3799991607666,16.440000534057617,17.110000610351562,17.110000610351562
2021-08-30,17.219999313354492,17.360000610351562,16.829999923706055,16.969999313354492,16.969999313354492
2021-08-31,16.969999313354492,17.530000686645508,16.93000030517578,17.510000228881836,17.510000228881836
2021-09-01,17.530000686645508,17.8700008392334,17.360000610351562,17.690000534057617,17.690000534057617
2021-09-02,17.549999237060547,17.770000457763672,17.049999237060547,17.170000076293945,17.170000076293945
2021-09-03,17.170000076293945,17.219999313354492,16.700000762939453,16.780000686645508,16.780000686645508
2021-09-07,16.68000030517578,16.920000076293945,16.18000030517578,16.280000686645508,16.280000686645508
2021-09-08,16.420000076293945,16.549999237060547,16.0,16.530000686645508,16.530000686645508
2021-09-09,16.43000030517578,16.790000915527344,16.350000381469727,16.450000762939453,16.450000762939453
2021-09-10,16.469999313354492,16.489999771118164,16.079999923706055,16.09000015258789,16.09000015258789
2021-09-13,16.100000381469727,16.6200008392334,15.920000076293945,16.260000228881836,16.260000228881836
2021-09-14,16.329999923706055,16.450000762939453,15.680000305175781,15.779999732971191,15.779999732971191
2021-09-15,15.75,16.309999465942383,15.699999809265137,15.899999618530273,15.899999618530273
2021-09-16,15.920000076293945,16.1299991607666,15.710000038146973,16.1200008392334,16.1200008392334
2021-09-17,16.15999984741211,16.770000457763672,16.030000686645508,16.700000762939453,16.700000762939453
2021-09-20,16.389999389648438,16.8799991607666,16.15999984741211,16.709999084472656,16.709999084472656
2021-09-21,16.75,17.31999969482422,16.610000610351562,17.020000457763672,17.020000457763672
2021-09-22,17.010000228881836,17.18000030517578,16.68000030517578,17.040000915527344,17.040000915527344
2021-09-23,17.0,17.520000457763672,16.889999389648438,17.3700008392334,17.3700008392334
2021-09-24,17.280000686645508,17.420000076293945,16.940000534057617,16.940000534057617,16.940000534057617
2021-09-27,16.920000076293945,17.690000534057617,16.81999969482422,17.40999984741211,17.40999984741211
2021-09-28,17.239999771118164,17.989999771118164,17.18000030517578,17.270000457763672,17.270000457763672
2021-09-29,17.360000610351562,17.5,16.889999389648438,16.959999084472656,16.959999084472656
2021-09-30,17.0,17.18000030517578,16.540000915527344,16.610000610351562,16.610000610351562
2021-10-01,16.56999969482422,17.559999465942383,16.56999969482422,17.479999542236328,17.479999542236328
2021-10-04,17.3799991607666,17.549999237060547,16.649999618530273,16.790000915527344,16.790000915527344
2021-10-05,16.739999771118164,17.31999969482422,16.549999237060547,16.920000076293945,16.920000076293945
2021-10-06,16.739999771118164,17.09000015258789,16.709999084472656,16.8700008392334,16.8700008392334
2021-10-07,16.850000381469727,17.34000015258789,16.790000915527344,17.059999465942383,17.059999465942383
2021-10-08,17.25,17.25,16.860000610351562,16.93000030517578,16.93000030517578
2021-10-11,16.940000534057617,17.59000015258789,16.829999923706055,17.399999618530273,17.399999618530273
2021-10-12,17.309999465942383,17.899999618530273,17.309999465942383,17.6299991607666,17.6299991607666
2021-10-13,17.520000457763672,18.219999313354492,17.520000457763672,17.84000015258789,17.84000015258789
2021-10-14,17.40999984741211,17.84000015258789,16.639999389648438,17.81999969482422,17.81999969482422
2021-10-15,17.979999542236328,18.34000015258789,17.459999084472656,17.510000228881836,17.510000228881836
2021-10-18,17.40999984741211,17.639999389648438,16.8700008392334,17.600000381469727,17.600000381469727
2021-10-19,17.729999542236328,17.8799991607666,17.489999771118164,17.690000534057617,17.690000534057617
2021-10-20,17.65999984741211,18.43000030517578,17.530000686645508,17.979999542236328,17.979999542236328
2021-10-21,17.920000076293945,18.260000228881836,17.84000015258789,18.049999237060547,18.049999237060547
2021-10-22,18.100000381469727,18.56999969482422,17.940000534057617,18.540000915527344,18.540000915527344
2021-10-25,18.450000762939453,18.559999465942383,17.329999923706055,17.360000610351562,17.360000610351562
2021-10-26,17.350000381469727,17.90999984741211,17.139999389648438,17.559999465942383,17.559999465942383
2021-10-27,17.600000381469727,17.93000030517578,16.8799991607666,17.559999465942383,17.559999465942383
2021-10-28,17.420000076293945,18.1200008392334,17.399999618530273,18.110000610351562,18.110000610351562
2021-10-29,18.200000762939453,18.530000686645508,17.84000015258789,17.950000762939453,17.950000762939453
2021-11-01,18.5,20.610000610351562,18.270000457763672,20.530000686645508,20.530000686645508
2021-11-02,20.18000030517578,20.18000030517578,19.059999465942383,19.18000030517578,19.18000030517578
2021-11-03,19.170000076293945,20.579999923706055,19.059999465942383,20.3700008392334,20.3700008392334
2021-11-04,20.239999771118164,20.56999969482422,19.90999984741211,20.020000457763672,20.020000457763672
2021-11-05,20.0,20.110000610351562,19.530000686645508,20.020000457763672,20.020000457763672
2021-11-08,20.18000030517578,20.600000381469727,19.360000610351562,19.56999969482422,19.56999969482422
2021-11-09,20.84000015258789,21.8799991607666,20.690000534057617,21.56999969482422,21.56999969482422
2021-11-10,21.559999465942383,21.65999984741211,20.280000686645508,20.34000015258789,20.34000015258789
2021-11-11,20.309999465942383,21.200000762939453,20.309999465942383,20.68000030517578,20.68000030517578
2021-11-12,20.729999542236328,20.850000381469727,20.420000076293945,20.649999618530273,20.649999618530273
2021-11-15,20.90999984741211,20.93000030517578,19.75,19.770000457763672,19.770000457763672
2021-11-16,19.829999923706055,20.479999542236328,19.43000030517578,20.459999084472656,20.459999084472656
2021-11-17,20.270000457763672,20.75,19.389999389648438,19.479999542236328,19.479999542236328
2021-11-18,19.59000015258789,19.670000076293945,18.81999969482422,18.950000762939453,18.950000762939453
2021-11-19,18.93000030517578,19.530000686645508,18.850000381469727,19.149999618530273,19.149999618530273
2021-11-22,19.010000228881836,19.6299991607666,18.959999084472656,19.290000915527344,19.290000915527344
2021-11-23,19.209999084472656,19.549999237060547,18.790000915527344,19.489999771118164,19.489999771118164
2021-11-24,19.31999969482422,19.969999313354492,19.040000915527344,19.780000686645508,19.780000686645508
2021-11-26,19.450000762939453,19.899999618530273,18.579999923706055,18.790000915527344,18.790000915527344
2021-11-29,19.06999969482422,19.489999771118164,18.81999969482422,18.84000015258789,18.84000015258789
2021-11-30,18.649999618530273,19.239999771118164,18.56999969482422,19.200000762939453,19.200000762939453
2021-12-01,19.010000228881836,19.979999542236328,18.8700008392334,18.899999618530273,18.899999618530273
2021-12-02,18.899999618530273,19.989999771118164,18.75,19.940000534057617,19.940000534057617
2021-12-03,20.0,20.0,18.5,18.790000915527344,18.790000915527344
2021-12-06,18.81999969482422,19.489999771118164,18.5,19.399999618530273,19.399999618530273
2021-12-07,21.799999237060547,21.860000610351562,19.809999465942383,21.31999969482422,21.31999969482422
2021-12-08,21.59000015258789,21.959999084472656,21.1200008392334,21.780000686645508,21.780000686645508
2021-12-09,21.739999771118164,23.350000381469727,21.56999969482422,22.6200008392334,22.6200008392334
2021-12-10,22.610000610351562,23.149999618530273,22.1299991607666,22.260000228881836,22.260000228881836
2021-12-13,22.299999237060547,23.25,22.209999084472656,22.899999618530273,22.899999618530273
2021-12-14,22.549999237060547,23.469999313354492,22.420000076293945,23.0,23.0
2021-12-15,23.1299991607666,24.420000076293945,22.190000534057617,24.3799991607666,24.3799991607666
2021-12-16,24.170000076293945,24.850000381469727,23.90999984741211,24.790000915527344,24.790000915527344
2021-12-17,24.729999542236328,26.329999923706055,24.360000610351562,25.760000228881836,25.760000228881836
2021-12-20,25.5,27.190000534057617,24.940000534057617,27.09000015258789,27.09000015258789
2021-12-21,25.15999984741211,25.290000915527344,20.84000015258789,21.450000762939453,21.450000762939453
2021-12-22,21.510000228881836,24.010000228881836,21.209999084472656,23.920000076293945,23.920000076293945
2021-12-23,23.850000381469727,24.579999923706055,23.3700008392334,24.299999237060547,24.299999237060547
2021-12-27,24.170000076293945,24.739999771118164,23.899999618530273,24.31999969482422,24.31999969482422
2021-12-28,24.34000015258789,25.09000015258789,24.290000915527344,24.670000076293945,24.670000076293945
2021-12-29,24.600000381469727,24.739999771118164,23.8700008392334,23.959999084472656,23.959999084472656
2021-12-30,23.920000076293945,24.200000762939453,23.510000228881836,23.540000915527344,23.540000915527344
2021-12-31,23.65999984741211,23.729999542236328,22.940000534057617,23.34000015258789,23.34000015258789
2022-01-03,23.329999923706055,24.549999237060547,23.1200008392334,24.389999389648438,24.389999389648438
2022-01-04,24.389999389648438,24.59000015258789,23.3799991607666,23.6200008392334,23.6200008392334
2022-01-05,24.360000610351562,24.989999771118164,23.100000381469727,23.110000610351562,23.110000610351562
2022-01-06,23.3799991607666,24.079999923706055,22.639999389648438,23.389999389648438,23.389999389648438
2022-01-07,23.049999237060547,23.639999389648438,22.540000915527344,22.59000015258789,22.59000015258789
2022-01-10,22.6299991607666,22.780000686645508,21.670000076293945,22.709999084472656,22.709999084472656
2022-01-11,22.649999618530273,23.299999237060547,22.31999969482422,22.75,22.75
2022-01-12,22.68000030517578,22.799999237060547,21.850000381469727,22.139999389648438,22.139999389648438
2022-01-13,22.200000762939453,22.770000457763672,21.6299991607666,22.139999389648438,22.139999389648438
2022-01-14,21.860000610351562,23.06999969482422,21.65999984741211,23.049999237060547,23.049999237060547
2022-01-18,22.780000686645508,22.829999923706055,20.889999389648438,20.940000534057617,20.940000534057617
2022-01-19,21.09000015258789,22.229999542236328,21.09000015258789,21.8700008392334,21.8700008392334
2022-01-20,22.309999465942383,22.90999984741211,21.3799991607666,21.489999771118164,21.489999771118164
2022-01-21,21.389999389648438,22.049999237060547,20.940000534057617,21.18000030517578,21.18000030517578
2022-01-24,20.920000076293945,22.549999237060547,20.739999771118164,22.450000762939453,22.450000762939453
2022-01-25,22.0,22.170000076293945,21.299999237060547,21.93000030517578,21.93000030517578
2022-01-26,22.149999618530273,22.8700008392334,21.709999084472656,21.93000030517578,21.93000030517578
2022-01-27,22.06999969482422,22.3700008392334,21.510000228881836,21.530000686645508,21.530000686645508
2022-01-28,21.5,22.1299991607666,21.030000686645508,22.110000610351562,22.110000610351562
2022-01-31,22.229999542236328,22.690000534057617,22.040000915527344,22.489999771118164,22.489999771118164
2022-02-01,22.770000457763672,23.940000534057617,22.600000381469727,23.84000015258789,23.84000015258789
2022-02-02,23.799999237060547,24.020000457763672,23.09000015258789,23.40999984741211,23.40999984741211
2022-02-03,23.110000610351562,23.93000030517578,23.100000381469727,23.1299991607666,23.1299991607666
2022-02-04,23.010000228881836,23.860000610351562,22.450000762939453,23.600000381469727,23.600000381469727
2022-02-07,23.600000381469727,25.649999618530273,23.479999542236328,25.309999465942383,25.309999465942383
2022-02-08,24.969999313354492,25.3700008392334,24.520000457763672,25.1299991607666,25.1299991607666
2022-02-09,26.34000015258789,26.860000610351562,25.610000610351562,26.850000381469727,26.850000381469727
2022-02-10,26.239999771118164,27.239999771118164,25.899999618530273,26.229999542236328,26.229999542236328
2022-02-11,26.329999923706055,26.799999237060547,25.530000686645508,25.950000762939453,25.950000762939453
2022-02-14,25.959999084472656,26.65999984741211,25.739999771118164,26.190000534057617,26.190000534057617
2022-02-15,26.329999923706055,27.540000915527344,26.139999389648438,27.280000686645508,27.280000686645508
2022-02-16,27.190000534057617,27.809999465942383,26.5,27.5,27.5
2022-02-17,27.329999923706055,27.420000076293945,26.610000610351562,26.6299991607666,26.6299991607666
2022-02-18,26.75,27.190000534057617,25.760000228881836,25.860000610351562,25.860000610351562
2022-02-22,25.299999237060547,26.719999313354492,25.25,26.149999618530273,26.149999618530273
2022-02-23,26.459999084472656,26.459999084472656,24.540000915527344,24.690000534057617,24.690000534057617
2022-02-24,23.799999237060547,25.920000076293945,23.709999084472656,25.81999969482422,25.81999969482422
2022-02-25,25.56999969482422,25.969999313354492,24.940000534057617,25.639999389648438,25.639999389648438
2022-02-28,25.459999084472656,25.739999771118164,24.84000015258789,25.40999984741211,25.40999984741211
2022-03-01,24.239999771118164,25.84000015258789,24.239999771118164,25.06999969482422,25.06999969482422
2022-03-02,25.030000686645508,25.549999237060547,24.510000228881836,24.65999984741211,24.65999984741211
2022-03-03,24.670000076293945,25.270000457763672,24.1299991607666,24.360000610351562,24.360000610351562
2022-03-04,24.139999389648438,24.40999984741211,23.649999618530273,24.040000915527344,24.040000915527344
2022-03-07,23.90999984741211,24.6200008392334,23.829999923706055,24.399999618530273,24.399999618530273
2022-03-08,24.149999618530273,24.399999618530273,22.780000686645508,23.399999618530273,23.399999618530273
2022-03-09,23.899999618530273,27.15999984741211,23.670000076293945,25.780000686645508,25.780000686645508
2022-03-10,25.299999237060547,25.75,24.139999389648438,24.559999465942383,24.559999465942383
2022-03-11,24.59000015258789,25.010000228881836,23.049999237060547,23.18000030517578,23.18000030517578
2022-03-14,23.020000457763672,23.399999618530273,21.979999542236328,22.270000457763672,22.270000457763672
2022-03-15,22.440000534057617,23.059999465942383,21.760000228881836,23.049999237060547,23.049999237060547
2022-03-16,24.360000610351562,24.8700008392334,22.75,23.600000381469727,23.600000381469727
2022-03-17,23.610000610351562,23.989999771118164,23.360000610351562,23.860000610351562,23.860000610351562
2022-03-18,24.190000534057617,25.829999923706055,23.889999389648438,25.3799991607666,25.3799991607666
2022-03-21,25.270000457763672,26.200000762939453,25.030000686645508,25.549999237060547,25.549999237060547
2022-03-22,25.56999969482422,26.440000534057617,25.350000381469727,26.389999389648438,26.389999389648438
2022-03-23,26.170000076293945,26.549999237060547,25.56999969482422,25.68000030517578,25.68000030517578
2022-03-24,26.06999969482422,27.389999389648438,25.959999084472656,27.149999618530273,27.149999618530273
2022-03-25,27.239999771118164,27.270000457763672,26.260000228881836,26.889999389648438,26.889999389648438
2022-03-28,26.700000762939453,27.3700008392334,24.149999618530273,24.649999618530273,24.649999618530273
2022-03-29,24.700000762939453,25.540000915527344,24.700000762939453,25.31999969482422,25.31999969482422
2022-03-30,25.34000015258789,25.549999237060547,24.31999969482422,24.40999984741211,24.40999984741211
2022-03-31,24.5,24.700000762939453,23.93000030517578,24.219999313354492,24.219999313354492
2022-04-01,24.270000457763672,25.600000381469727,24.15999984741211,25.559999465942383,25.559999465942383
2022-04-04,25.81999969482422,26.290000915527344,25.510000228881836,26.219999313354492,26.219999313354492
2022-04-05,26.219999313354492,26.68000030517578,25.6299991607666,25.75,25.75
2022-04-06,25.81999969482422,27.510000228881836,25.780000686645508,27.219999313354492,27.219999313354492
2022-04-07,27.059999465942383,28.059999465942383,26.6299991607666,27.059999465942383,27.059999465942383
2022-04-08,27.049999237060547,27.559999465942383,25.979999542236328,26.0,26.0
2022-04-11,25.610000610351562,25.770000457763672,23.59000015258789,23.6200008392334,23.6200008392334
2022-04-12,23.780000686645508,24.18000030517578,23.020000457763672,23.399999618530273,23.399999618530273
2022-04-13,23.510000228881836,24.739999771118164,23.510000228881836,24.43000030517578,24.43000030517578
2022-04-14,24.229999542236328,24.299999237060547,23.450000762939453,23.469999313354492,23.469999313354492
2022-04-18,23.540000915527344,23.540000915527344,22.299999237060547,22.40999984741211,22.40999984741211
2022-04-19,21.530000686645508,22.1299991607666,21.0,21.719999313354492,21.719999313354492
2022-04-20,21.850000381469727,22.719999313354492,21.270000457763672,22.31999969482422,22.31999969482422
2022-04-21,22.709999084472656,22.709999084472656,21.25,21.34000015258789,21.34000015258789
2022-04-22,21.329999923706055,21.43000030517578,20.350000381469727,20.43000030517578,20.43000030517578
2022-04-25,20.1299991607666,20.469999313354492,19.729999542236328,20.260000228881836,20.260000228881836
2022-04-26,20.049999237060547,20.209999084472656,18.760000228881836,18.940000534057617,18.940000534057617
2022-04-27,19.0,19.56999969482422,18.700000762939453,18.989999771118164,18.989999771118164
2022-04-28,19.43000030517578,19.579999923706055,18.350000381469727,18.959999084472656,18.959999084472656
2022-04-29,18.8799991607666,19.229999542236328,18.399999618530273,18.440000534057617,18.440000534057617
2022-05-02,18.18000030517578,19.56999969482422,18.18000030517578,19.540000915527344,19.540000915527344
2022-05-03,19.56999969482422,20.5,19.450000762939453,19.809999465942383,19.809999465942383
2022-05-04,19.950000762939453,19.950000762939453,18.899999618530273,19.889999389648438,19.889999389648438
2022-05-05,19.510000228881836,19.8799991607666,18.709999084472656,18.829999923706055,18.829999923706055
2022-05-06,18.540000915527344,18.6299991607666,17.649999618530273,17.8799991607666,17.8799991607666
2022-05-09,17.450000762939453,17.760000228881836,16.309999465942383,16.3799991607666,16.3799991607666
2022-05-10,17.31999969482422,17.739999771118164,16.209999084472656,16.84000015258789,16.84000015258789
2022-05-11,16.639999389648438,16.8700008392334,15.15999984741211,15.289999961853027,15.289999961853027
2022-05-12,15.229999542236328,16.030000686645508,15.15999984741211,16.030000686645508,16.030000686645508
2022-05-13,16.360000610351562,16.93000030517578,16.18000030517578,16.850000381469727,16.850000381469727
2022-05-16,16.799999237060547,17.030000686645508,16.389999389648438,16.600000381469727,16.600000381469727
2022-05-17,17.030000686645508,17.229999542236328,16.610000610351562,17.049999237060547,17.049999237060547
2022-05-18,16.559999465942383,16.790000915527344,15.789999961853027,16.040000915527344,16.040000915527344
2022-05-19,16.06999969482422,17.1200008392334,16.06999969482422,16.829999923706055,16.829999923706055
2022-05-20,17.010000228881836,17.209999084472656,16.260000228881836,17.110000610351562,17.110000610351562
2022-05-23,17.329999923706055,17.43000030517578,16.479999542236328,16.790000915527344,16.790000915527344
2022-05-24,16.649999618530273,16.93000030517578,15.880000114440918,15.979999542236328,15.979999542236328
2022-05-25,16.020000457763672,16.290000915527344,15.449999809265137,15.960000038146973,15.960000038146973
2022-05-26,15.930000305175781,16.469999313354492,15.649999618530273,16.229999542236328,16.229999542236328
2022-05-27,16.229999542236328,17.110000610351562,15.920000076293945,17.079999923706055,17.079999923706055
2022-05-31,16.93000030517578,17.020000457763672,16.110000610351562,16.149999618530273,16.149999618530273
2022-06-01,16.239999771118164,16.860000610351562,15.859999656677246,16.3700008392334,16.3700008392334
2022-06-02,16.15999984741211,16.450000762939453,15.920000076293945,16.209999084472656,16.209999084472656
2022-06-03,16.15999984741211,17.940000534057617,16.110000610351562,17.899999618530273,17.899999618530273
2022-06-06,18.020000457763672,18.260000228881836,16.709999084472656,16.93000030517578,16.93000030517578
2022-06-07,16.780000686645508,18.360000610351562,16.780000686645508,18.270000457763672,18.270000457763672
2022-06-08,18.06999969482422,18.469999313354492,17.920000076293945,18.1200008392334,18.1200008392334
2022-06-09,17.90999984741211,18.079999923706055,17.360000610351562,17.43000030517578,17.43000030517578
2022-06-10,17.15999984741211,17.34000015258789,16.700000762939453,17.09000015258789,17.09000015258789
2022-06-13,16.549999237060547,16.799999237060547,15.890000343322754,16.770000457763672,16.770000457763672
2022-06-14,16.8700008392334,16.920000076293945,15.529999732971191,16.25,16.25
2022-06-15,17.389999389648438,19.579999923706055,17.139999389648438,18.770000457763672,18.770000457763672
2022-06-16,18.530000686645508,20.350000381469727,17.889999389648438,19.510000228881836,19.510000228881836
2022-06-17,19.510000228881836,19.510000228881836,19.510000228881836,19.510000228881836,19.510000228881836
2022-06-21,13.199999809265137,13.260000228881836,12.239999771118164,13.010000228881836,13.010000228881836
2022-06-22,12.75,13.609999656677246,12.680000305175781,13.430000305175781,13.430000305175781
2022-06-23,13.4399995803833,14.859999656677246,13.380000114440918,14.720000267028809,14.720000267028809
2022-06-24,14.84000015258789,15.479999542236328,14.350000381469727,14.979999542236328,14.979999542236328
2022-06-27,14.880000114440918,15.25,14.600000381469727,14.640000343322754,14.640000343322754
2022-06-28,14.619999885559082,14.720000267028809,13.869999885559082,14.0,14.0
2022-06-29,14.039999961853027,14.369999885559082,13.890000343322754,14.220000267028809,14.220000267028809
2022-06-30,14.029999732971191,14.3100004196167,13.930000305175781,14.09000015258789,14.09000015258789
2022-07-01,14.0600004196167,14.5,13.979999542236328,14.369999885559082,14.369999885559082
2022-07-05,14.289999961853027,15.279999732971191,14.149999618530273,15.270000457763672,15.270000457763672
2022-07-06,15.170000076293945,15.609999656677246,14.989999771118164,15.119999885559082,15.119999885559082
2022-07-07,15.050000190734863,15.859999656677246,14.920000076293945,15.710000038146973,15.710000038146973
2022-07-08,15.539999961853027,15.960000038146973,15.369999885559082,15.739999771118164,15.739999771118164
2022-07-11,15.710000038146973,16.270000457763672,15.59000015258789,15.920000076293945,15.920000076293945
2022-07-12,15.829999923706055,16.040000915527344,15.170000076293945,15.529999732971191,15.529999732971191
2022-07-13,15.279999732971191,16.190000534057617,15.1899995803833,15.989999771118164,15.989999771118164
2022-07-14,15.899999618530273,15.949999809265137,15.619999885559082,15.739999771118164,15.739999771118164
2022-07-15,15.800000190734863,15.800000190734863,15.0600004196167,15.279999732971191,15.279999732971191
2022-07-18,15.380000114440918,15.739999771118164,14.960000038146973,15.010000228881836,15.010000228881836
2022-07-19,15.229999542236328,15.520000457763672,14.949999809265137,15.470000267028809,15.470000267028809
2022-07-20,15.390000343322754,15.600000381469727,14.960000038146973,15.09000015258789,15.09000015258789
2022-07-21,15.029999732971191,15.25,14.710000038146973,14.979999542236328,14.979999542236328
2022-07-22,15.020000457763672,15.020000457763672,14.390000343322754,14.420000076293945,14.420000076293945
2022-07-25,14.430000305175781,14.479999542236328,13.859999656677246,14.229999542236328,14.229999542236328
2022-07-26,14.270000457763672,14.489999771118164,14.079999923706055,14.15999984741211,14.15999984741211
2022-07-27,14.210000038146973,14.800000190734863,14.050000190734863,14.770000457763672,14.770000457763672
2022-07-28,14.789999961853027,14.850000381469727,14.3100004196167,14.579999923706055,14.579999923706055
2022-07-29,14.520000457763672,14.739999771118164,14.180000305175781,14.6899995803833,14.6899995803833
2022-08-01,14.5600004196167,14.960000038146973,14.079999923706055,14.109999656677246,14.109999656677246
2022-08-02,14.079999923706055,15.0600004196167,13.800000190734863,15.010000228881836,15.010000228881836
2022-08-03,15.380000114440918,15.8100004196167,14.930000305175781,14.970000267028809,14.970000267028809
2022-08-04,15.260000228881836,15.720000267028809,14.890000343322754,15.619999885559082,15.619999885559082
2022-08-05,15.210000038146973,16.969999313354492,14.949999809265137,16.440000534057617,16.440000534057617
2022-08-08,16.030000686645508,16.969999313354492,16.030000686645508,16.6200008392334,16.6200008392334
2022-08-09,16.600000381469727,16.829999923706055,15.210000038146973,16.219999313354492,16.219999313354492
2022-08-10,16.579999923706055,16.65999984741211,15.649999618530273,16.149999618530273,16.149999618530273
2022-08-11,16.110000610351562,16.280000686645508,15.5600004196167,15.739999771118164,15.739999771118164
2022-08-12,15.880000114440918,16.43000030517578,15.729999542236328,16.399999618530273,16.399999618530273
2022-08-15,16.329999923706055,16.68000030517578,16.139999389648438,16.600000381469727,16.600000381469727
2022-08-16,16.600000381469727,16.989999771118164,16.31999969482422,16.959999084472656,16.959999084472656
2022-08-17,16.809999465942383,17.43000030517578,16.729999542236328,17.059999465942383,17.059999465942383
2022-08-18,17.139999389648438,17.670000076293945,16.969999313354492,17.3700008392334,17.3700008392334
2022-08-19,17.219999313354492,17.3700008392334,16.610000610351562,16.90999984741211,16.90999984741211
2022-08-22,16.8799991607666,17.360000610351562,16.670000076293945,16.75,16.75
2022-08-23,16.81999969482422,17.1200008392334,16.6200008392334,16.8799991607666,16.8799991607666
2022-08-24,16.8799991607666,17.299999237060547,16.6299991607666,17.139999389648438,17.139999389648438
2022-08-25,17.280000686645508,17.360000610351562,16.6200008392334,16.84000015258789,16.84000015258789
2022-08-26,16.969999313354492,17.110000610351562,16.5,16.530000686645508,16.530000686645508
2022-08-29,16.31999969482422,16.809999465942383,16.200000762939453,16.469999313354492,16.469999313354492
2022-08-30,16.540000915527344,16.610000610351562,15.65999984741211,16.1200008392334,16.1200008392334
2022-08-31,16.299999237060547,16.739999771118164,16.229999542236328,16.43000030517578,16.43000030517578
2022-09-01,16.3799991607666,16.8700008392334,16.15999984741211,16.8700008392334,16.8700008392334
2022-09-02,16.8700008392334,17.31999969482422,16.579999923706055,16.729999542236328,16.729999542236328
2022-09-06,16.559999465942383,16.639999389648438,16.059999465942383,16.1299991607666,16.1299991607666
2022-09-07,16.1200008392334,16.850000381469727,16.09000015258789,16.850000381469727,16.850000381469727
2022-09-08,16.799999237060547,17.43000030517578,16.799999237060547,17.420000076293945,17.420000076293945
2022-09-09,17.459999084472656,17.489999771118164,17.219999313354492,17.3799991607666,17.3799991607666
2022-09-12,17.360000610351562,18.25,17.25,17.90999984741211,17.90999984741211
2022-09-13,17.6200008392334,17.809999465942383,16.770000457763672,16.899999618530273,16.899999618530273
2022-09-14,16.93000030517578,17.459999084472656,16.65999984741211,17.43000030517578,17.43000030517578
2022-09-15,17.299999237060547,18.280000686645508,17.270000457763672,18.270000457763672,18.270000457763672
2022-09-16,17.969999313354492,18.1299991607666,17.559999465942383,18.020000457763672,18.020000457763672
2022-09-19,17.770000457763672,17.920000076293945,17.549999237060547,17.8700008392334,17.8700008392334
2022-09-20,17.719999313354492,18.309999465942383,17.5,18.15999984741211,18.15999984741211
2022-09-21,18.25,18.290000915527344,17.040000915527344,17.06999969482422,17.06999969482422
2022-09-22,16.950000762939453,17.200000762939453,16.600000381469727,16.989999771118164,16.989999771118164
2022-09-23,16.84000015258789,16.979999542236328,16.399999618530273,16.75,16.75
2022-09-26,16.75,17.280000686645508,16.260000228881836,16.280000686645508,16.280000686645508
2022-09-27,16.450000762939453,17.139999389648438,16.450000762939453,16.729999542236328,16.729999542236328
2022-09-28,16.969999313354492,17.450000762939453,16.559999465942383,16.790000915527344,16.790000915527344
2022-09-29,16.670000076293945,16.709999084472656,15.9399995803833,16.139999389648438,16.139999389648438
2022-09-30,16.049999237060547,16.6200008392334,16.0,16.360000610351562,16.360000610351562
2022-10-03,16.6200008392334,17.149999618530273,16.309999465942383,17.040000915527344,17.040000915527344
2022-10-04,17.239999771118164,18.079999923706055,17.170000076293945,18.059999465942383,18.059999465942383
2022-10-05,17.940000534057617,18.149999618530273,17.6299991607666,18.049999237060547,18.049999237060547
2022-10-06,18.149999618530273,18.780000686645508,18.0,18.6299991607666,18.6299991607666
2022-10-07,18.219999313354492,18.270000457763672,16.030000686645508,16.290000915527344,16.290000915527344
2022-10-10,16.280000686645508,16.469999313354492,15.960000038146973,16.1200008392334,16.1200008392334
2022-10-11,16.049999237060547,16.360000610351562,15.520000457763672,15.880000114440918,15.880000114440918
2022-10-12,15.930000305175781,15.989999771118164,15.5600004196167,15.649999618530273,15.649999618530273
2022-10-13,15.130000114440918,16.229999542236328,15.079999923706055,16.15999984741211,16.15999984741211
2022-10-14,16.239999771118164,16.610000610351562,15.680000305175781,15.720000267028809,15.720000267028809
2022-10-17,15.880000114440918,16.110000610351562,15.789999961853027,15.960000038146973,15.960000038146973
2022-10-18,16.209999084472656,16.440000534057617,15.880000114440918,16.030000686645508,16.030000686645508
2022-10-19,15.649999618530273,16.010000228881836,15.289999961853027,15.600000381469727,15.600000381469727
2022-10-20,15.640000343322754,15.989999771118164,15.600000381469727,15.680000305175781,15.680000305175781
2022-10-21,15.680000305175781,15.9399995803833,15.369999885559082,15.880000114440918,15.880000114440918
2022-10-24,15.9399995803833,15.979999542236328,15.479999542236328,15.510000228881836,15.510000228881836
2022-10-25,15.609999656677246,15.899999618530273,15.600000381469727,15.720000267028809,15.720000267028809
2022-10-26,15.720000267028809,16.229999542236328,15.6899995803833,16.010000228881836,16.010000228881836
2022-10-27,16.100000381469727,16.309999465942383,15.619999885559082,15.699999809265137,15.699999809265137
2022-10-28,15.760000228881836,16.18000030517578,15.550000190734863,16.1299991607666,16.1299991607666
2022-10-31,16.030000686645508,16.299999237060547,15.859999656677246,16.030000686645508,16.030000686645508
2022-11-01,16.110000610351562,16.34000015258789,15.859999656677246,15.859999656677246,15.859999656677246
2022-11-02,15.670000076293945,16.780000686645508,15.670000076293945,15.930000305175781,15.930000305175781
2022-11-03,15.489999771118164,15.829999923706055,14.289999961853027,14.819999694824219,14.819999694824219
2022-11-04,14.270000457763672,14.670000076293945,13.729999542236328,14.670000076293945,14.670000076293945
2022-11-07,14.779999732971191,14.890000343322754,14.430000305175781,14.489999771118164,14.489999771118164
2022-11-08,14.600000381469727,15.449999809265137,14.449999809265137,15.300000190734863,15.300000190734863
2022-11-09,15.210000038146973,15.460000038146973,14.9399995803833,14.960000038146973,14.960000038146973
2022-11-10,15.630000114440918,16.520000457763672,15.369999885559082,16.420000076293945,16.420000076293945
2022-11-11,16.3700008392334,16.59000015258789,15.930000305175781,16.389999389648438,16.389999389648438
2022-11-14,16.31999969482422,16.510000228881836,15.90999984741211,15.920000076293945,15.920000076293945
2022-11-15,16.309999465942383,16.440000534057617,15.329999923706055,15.6899995803833,15.6899995803833
2022-11-16,15.760000228881836,15.819999694824219,15.15999984741211,15.1899995803833,15.1899995803833
2022-11-17,15.069999694824219,15.119999885559082,14.800000190734863,14.979999542236328,14.979999542236328
2022-11-18,15.3100004196167,15.420000076293945,15.0,15.149999618530273,15.149999618530273
2022-11-21,15.270000457763672,15.270000457763672,14.680000305175781,14.779999732971191,14.779999732971191
2022-11-22,14.899999618530273,15.119999885559082,14.619999885559082,15.039999961853027,15.039999961853027
2022-11-23,14.989999771118164,15.260000228881836,14.680000305175781,15.0,15.0
2022-11-25,15.039999961853027,15.539999961853027,14.989999771118164,15.109999656677246,15.109999656677246
2022-11-28,15.0,15.140000343322754,14.699999809265137,14.770000457763672,14.770000457763672
2022-11-29,14.720000267028809,14.920000076293945,14.5600004196167,14.670000076293945,14.670000076293945
2022-11-30,14.75,15.59000015258789,14.649999618530273,15.579999923706055,15.579999923706055
2022-12-01,15.600000381469727,15.75,15.069999694824219,15.34000015258789,15.34000015258789
2022-12-02,15.180000305175781,15.90999984741211,15.0600004196167,15.760000228881836,15.760000228881836
2022-12-05,15.619999885559082,15.630000114440918,15.0600004196167,15.239999771118164,15.239999771118164
2022-12-06,15.170000076293945,15.1899995803833,14.789999961853027,14.899999618530273,14.899999618530273
2022-12-07,14.930000305175781,15.0600004196167,14.65999984741211,14.65999984741211,14.65999984741211
2022-12-08,14.720000267028809,14.84000015258789,14.449999809265137,14.630000114440918,14.630000114440918
2022-12-09,14.59000015258789,14.729999542236328,14.479999542236328,14.489999771118164,14.489999771118164
2022-12-12,14.529999732971191,15.65999984741211,14.479999542236328,15.510000228881836,15.510000228881836
2022-12-13,15.789999961853027,16.040000915527344,15.4399995803833,15.819999694824219,15.819999694824219
2022-12-14,15.699999809265137,16.1299991607666,15.479999542236328,15.779999732971191,15.779999732971191
2022-12-15,15.630000114440918,15.75,14.90999984741211,15.069999694824219,15.069999694824219
2022-12-16,14.930000305175781,15.5,14.869999885559082,15.390000343322754,15.390000343322754
2022-12-19,15.390000343322754,15.479999542236328,14.880000114440918,15.100000381469727,15.100000381469727
2022-12-20,15.0,15.550000190734863,14.800000190734863,15.449999809265137,15.449999809265137
2022-12-21,15.470000267028809,15.65999984741211,15.100000381469727,15.3100004196167,15.3100004196167
2022-12-22,15.15999984741211,15.829999923706055,15.0600004196167,15.819999694824219,15.819999694824219
2022-12-23,15.739999771118164,15.829999923706055,15.369999885559082,15.470000267028809,15.470000267028809
2022-12-27,15.510000228881836,15.609999656677246,15.260000228881836,15.300000190734863,15.300000190734863
2022-12-28,15.329999923706055,15.710000038146973,15.079999923706055,15.279999732971191,15.279999732971191
2022-12-29,15.4399995803833,16.200000762939453,15.25,15.949999809265137,15.949999809265137
2022-12-30,15.800000190734863,15.979999542236328,15.539999961853027,15.920000076293945,15.920000076293945
2023-01-03,16.549999237060547,16.700000762939453,15.770000457763672,16.31999969482422,16.31999969482422
2023-01-04,16.399999618530273,17.1200008392334,16.399999618530273,17.100000381469727,17.100000381469727
2023-01-05,17.0,17.270000457763672,16.760000228881836,17.219999313354492,17.219999313354492
2023-01-06,17.3700008392334,17.56999969482422,17.040000915527344,17.299999237060547,17.299999237060547
2023-01-09,17.1299991607666,17.219999313354492,16.700000762939453,16.860000610351562,16.860000610351562
2023-01-10,16.860000610351562,17.450000762939453,16.780000686645508,17.299999237060547,17.299999237060547
2023-01-11,17.219999313354492,17.219999313354492,16.739999771118164,17.020000457763672,17.020000457763672
2023-01-12,17.030000686645508,18.389999389648438,16.81999969482422,18.34000015258789,18.34000015258789
2023-01-13,18.149999618530273,18.770000457763672,18.149999618530273,18.399999618530273,18.399999618530273
2023-01-17,18.280000686645508,18.329999923706055,17.760000228881836,18.049999237060547,18.049999237060547
2023-01-18,18.1200008392334,18.489999771118164,17.889999389648438,17.969999313354492,17.969999313354492
2023-01-19,17.850000381469727,18.5,17.850000381469727,18.479999542236328,18.479999542236328
2023-01-20,18.670000076293945,19.3799991607666,18.530000686645508,19.350000381469727,19.350000381469727
2023-01-23,19.3799991607666,19.739999771118164,18.959999084472656,19.09000015258789,19.09000015258789
2023-01-24,19.010000228881836,19.540000915527344,18.8799991607666,19.0,19.0
2023-01-25,18.850000381469727,19.18000030517578,18.399999618530273,18.690000534057617,18.690000534057617
2023-01-26,18.790000915527344,18.959999084472656,18.399999618530273,18.65999984741211,18.65999984741211
2023-01-27,18.56999969482422,18.770000457763672,18.389999389648438,18.56999969482422,18.56999969482422
2023-01-30,18.549999237060547,18.729999542236328,18.420000076293945,18.530000686645508,18.530000686645508
2023-01-31,18.639999389648438,19.059999465942383,18.639999389648438,19.030000686645508,19.030000686645508
2023-02-01,18.969999313354492,19.149999618530273,18.760000228881836,18.93000030517578,18.93000030517578
2023-02-02,19.0,19.93000030517578,18.950000762939453,19.90999984741211,19.90999984741211
2023-02-03,19.540000915527344,20.110000610351562,19.530000686645508,19.829999923706055,19.829999923706055
2023-02-06,19.75,20.020000457763672,19.729999542236328,19.850000381469727,19.850000381469727
2023-02-07,19.81999969482422,20.18000030517578,19.739999771118164,20.110000610351562,20.110000610351562
2023-02-08,19.940000534057617,20.1299991607666,19.719999313354492,19.719999313354492,19.719999313354492
2023-02-09,19.969999313354492,20.0,19.030000686645508,19.1299991607666,19.1299991607666
2023-02-10,19.100000381469727,19.200000762939453,18.90999984741211,18.969999313354492,18.969999313354492
2023-02-13,18.959999084472656,19.3799991607666,18.809999465942383,19.18000030517578,19.18000030517578
2023-02-14,19.15999984741211,19.450000762939453,18.920000076293945,19.100000381469727,19.100000381469727
2023-02-15,18.989999771118164,19.299999237060547,18.639999389648438,18.969999313354492,18.969999313354492
2023-02-16,18.850000381469727,18.899999618530273,18.649999618530273,18.709999084472656,18.709999084472656
2023-02-17,18.780000686645508,19.389999389648438,18.520000457763672,19.3700008392334,19.3700008392334
2023-02-21,19.059999465942383,19.15999984741211,18.600000381469727,18.6200008392334,18.6200008392334
2023-02-22,18.649999618530273,18.979999542236328,18.6299991607666,18.959999084472656,18.959999084472656
2023-02-23,18.969999313354492,19.209999084472656,18.600000381469727,19.100000381469727,19.100000381469727
2023-02-24,18.780000686645508,19.020000457763672,18.770000457763672,18.920000076293945,18.920000076293945
2023-02-27,19.139999389648438,19.450000762939453,19.030000686645508,19.399999618530273,19.399999618530273
2023-02-28,19.850000381469727,21.8700008392334,19.350000381469727,20.690000534057617,20.690000534057617
2023-03-01,20.790000915527344,21.290000915527344,20.5,20.920000076293945,20.920000076293945
2023-03-02,20.81999969482422,20.90999984741211,20.049999237060547,20.290000915527344,20.290000915527344
2023-03-03,20.510000228881836,20.540000915527344,19.969999313354492,20.34000015258789,20.34000015258789
2023-03-06,20.420000076293945,20.690000534057617,19.959999084472656,20.6299991607666,20.6299991607666
2023-03-07,20.690000534057617,20.81999969482422,20.31999969482422,20.360000610351562,20.360000610351562
2023-03-08,20.459999084472656,20.81999969482422,20.110000610351562,20.770000457763672,20.770000457763672
2023-03-09,20.860000610351562,21.020000457763672,20.209999084472656,20.510000228881836,20.510000228881836
2023-03-10,20.809999465942383,20.809999465942383,19.969999313354492,20.3700008392334,20.3700008392334
2023-03-13,20.06999969482422,20.149999618530273,18.729999542236328,19.40999984741211,19.40999984741211
2023-03-14,20.06999969482422,20.780000686645508,19.75,20.3799991607666,20.3799991607666
2023-03-15,20.09000015258789,20.209999084472656,19.399999618530273,19.850000381469727,19.850000381469727
2023-03-16,19.799999237060547,20.829999923706055,19.469999313354492,20.6200008392334,20.6200008392334
2023-03-17,20.43000030517578,20.43000030517578,19.719999313354492,19.799999237060547,19.799999237060547
2023-03-20,19.989999771118164,20.25,19.760000228881836,19.760000228881836,19.760000228881836
2023-03-21,19.899999618530273,20.030000686645508,19.329999923706055,19.450000762939453,19.450000762939453
2023-03-22,19.389999389648438,19.389999389648438,18.479999542236328,18.5,18.5
2023-03-23,18.719999313354492,18.850000381469727,18.110000610351562,18.31999969482422,18.31999969482422
2023-03-24,18.209999084472656,18.309999465942383,17.93000030517578,18.239999771118164,18.239999771118164
2023-03-27,18.420000076293945,18.719999313354492,18.15999984741211,18.600000381469727,18.600000381469727
2023-03-28,18.530000686645508,18.709999084472656,18.260000228881836,18.43000030517578,18.43000030517578
2023-03-29,18.510000228881836,18.989999771118164,18.389999389648438,18.979999542236328,18.979999542236328
2023-03-30,19.100000381469727,19.100000381469727,18.399999618530273,18.700000762939453,18.700000762939453
2023-03-31,18.889999389648438,19.100000381469727,18.649999618530273,18.81999969482422,18.81999969482422
2023-04-03,18.68000030517578,19.06999969482422,18.65999984741211,18.93000030517578,18.93000030517578
2023-04-04,19.030000686645508,19.139999389648438,18.200000762939453,18.479999542236328,18.479999542236328
2023-04-05,18.440000534057617,18.700000762939453,18.239999771118164,18.280000686645508,18.280000686645508
2023-04-06,18.15999984741211,18.469999313354492,18.1200008392334,18.350000381469727,18.350000381469727
2023-04-10,18.139999389648438,18.170000076293945,17.709999084472656,17.799999237060547,17.799999237060547
2023-04-11,17.780000686645508,18.219999313354492,17.780000686645508,18.09000015258789,18.09000015258789
2023-04-12,18.309999465942383,18.549999237060547,18.139999389648438,18.34000015258789,18.34000015258789
2023-04-13,18.459999084472656,18.8799991607666,18.329999923706055,18.520000457763672,18.520000457763672
2023-04-14,18.479999542236328,18.479999542236328,17.75,17.989999771118164,17.989999771118164
2023-04-17,18.1299991607666,19.459999084472656,18.079999923706055,19.3700008392334,19.3700008392334
2023-04-18,19.489999771118164,19.81999969482422,19.049999237060547,19.719999313354492,19.719999313354492
2023-04-19,19.639999389648438,20.170000076293945,19.530000686645508,20.020000457763672,20.020000457763672
2023-04-20,19.989999771118164,20.40999984741211,19.65999984741211,19.969999313354492,19.969999313354492
2023-04-21,19.920000076293945,20.1200008392334,19.709999084472656,20.09000015258789,20.09000015258789
2023-04-24,20.079999923706055,20.190000534057617,19.899999618530273,20.139999389648438,20.139999389648438
2023-04-25,20.1299991607666,20.299999237060547,19.93000030517578,20.110000610351562,20.110000610351562
2023-04-26,20.049999237060547,20.43000030517578,19.899999618530273,20.309999465942383,20.309999465942383
2023-04-27,20.389999389648438,20.6200008392334,20.139999389648438,20.5,20.5
2023-04-28,20.510000228881836,21.489999771118164,20.40999984741211,21.329999923706055,21.329999923706055
2023-05-01,21.18000030517578,21.860000610351562,21.15999984741211,21.75,21.75
2023-05-02,21.6200008392334,21.899999618530273,21.270000457763672,21.3799991607666,21.3799991607666
2023-05-03,21.459999084472656,21.850000381469727,21.079999923706055,21.200000762939453,21.200000762939453
2023-05-04,21.059999465942383,21.690000534057617,20.6299991607666,21.549999237060547,21.549999237060547
2023-05-05,21.65999984741211,22.040000915527344,21.25,21.93000030517578,21.93000030517578
2023-05-08,22.06999969482422,22.1200008392334,21.399999618530273,21.549999237060547,21.549999237060547
2023-05-09,21.59000015258789,21.700000762939453,20.420000076293945,21.43000030517578,21.43000030517578
2023-05-10,21.709999084472656,21.90999984741211,21.34000015258789,21.649999618530273,21.649999618530273
2023-05-11,21.6299991607666,21.709999084472656,21.18000030517578,21.34000015258789,21.34000015258789
2023-05-12,21.350000381469727,21.530000686645508,21.139999389648438,21.469999313354492,21.469999313354492
2023-05-15,21.549999237060547,22.149999618530273,21.469999313354492,22.1200008392334,22.1200008392334
2023-05-16,21.790000915527344,22.040000915527344,21.59000015258789,21.8799991607666,21.8799991607666
2023-05-17,21.989999771118164,22.780000686645508,21.989999771118164,22.68000030517578,22.68000030517578
2023-05-18,22.5,23.229999542236328,22.389999389648438,23.200000762939453,23.200000762939453
2023-05-19,23.520000457763672,24.31999969482422,23.479999542236328,24.309999465942383,24.309999465942383
2023-05-22,24.31999969482422,24.850000381469727,24.0,24.799999237060547,24.799999237060547
2023-05-23,24.770000457763672,25.729999542236328,24.639999389648438,25.540000915527344,25.540000915527344
2023-05-24,25.420000076293945,25.670000076293945,25.030000686645508,25.649999618530273,25.649999618530273
2023-05-25,26.0,26.040000915527344,24.049999237060547,24.450000762939453,24.450000762939453
2023-05-26,24.389999389648438,24.799999237060547,24.350000381469727,24.780000686645508,24.780000686645508
2023-05-30,24.780000686645508,24.979999542236328,23.65999984741211,23.790000915527344,23.790000915527344
2023-05-31,23.850000381469727,24.780000686645508,23.399999618530273,23.5,23.5
2023-06-01,23.110000610351562,23.940000534057617,22.350000381469727,23.899999618530273,23.899999618530273
2023-06-02,24.100000381469727,24.610000610351562,24.010000228881836,24.610000610351562,24.610000610351562
2023-06-05,24.360000610351562,24.40999984741211,23.90999984741211,23.969999313354492,23.969999313354492
2023-06-06,24.020000457763672,24.229999542236328,23.8700008392334,23.989999771118164,23.989999771118164
2023-06-07,24.079999923706055,24.799999237060547,23.75,24.6299991607666,24.6299991607666
2023-06-08,24.360000610351562,25.549999237060547,24.360000610351562,25.09000015258789,25.09000015258789
2023-06-09,25.020000457763672,25.229999542236328,24.639999389648438,24.719999313354492,24.719999313354492
2023-06-12,24.8799991607666,25.040000915527344,24.360000610351562,24.610000610351562,24.610000610351562
2023-06-13,24.639999389648438,25.09000015258789,24.639999389648438,25.030000686645508,25.030000686645508
2023-06-14,25.200000762939453,25.200000762939453,24.06999969482422,24.139999389648438,24.139999389648438
2023-06-15,24.149999618530273,24.579999923706055,24.06999969482422,24.389999389648438,24.389999389648438
2023-06-16,24.690000534057617,24.690000534057617,23.979999542236328,24.06999969482422,24.06999969482422
2023-06-20,23.860000610351562,24.040000915527344,23.520000457763672,23.84000015258789,23.84000015258789
2023-06-21,23.829999923706055,24.1200008392334,23.360000610351562,24.09000015258789,24.09000015258789
2023-06-22,23.959999084472656,24.459999084472656,23.799999237060547,24.040000915527344,24.040000915527344
2023-06-23,23.799999237060547,24.579999923706055,23.770000457763672,24.510000228881836,24.510000228881836
2023-06-26,24.450000762939453,24.649999618530273,23.809999465942383,23.860000610351562,23.860000610351562
2023-06-27,23.940000534057617,24.399999618530273,23.84000015258789,24.219999313354492,24.219999313354492
2023-06-28,24.350000381469727,24.549999237060547,24.0,24.170000076293945,24.170000076293945
2023-06-29,24.15999984741211,24.850000381469727,23.969999313354492,24.0,24.0
2023-06-30,24.15999984741211,24.239999771118164,23.90999984741211,23.950000762939453,23.950000762939453
2023-07-03,23.84000015258789,24.149999618530273,23.68000030517578,24.0,24.0
2023-07-05,23.969999313354492,24.309999465942383,23.670000076293945,24.15999984741211,24.15999984741211
2023-07-06,24.040000915527344,24.31999969482422,23.979999542236328,24.229999542236328,24.229999542236328
2023-07-07,24.31999969482422,24.920000076293945,24.309999465942383,24.399999618530273,24.399999618530273
2023-07-10,24.270000457763672,24.770000457763672,24.030000686645508,24.770000457763672,24.770000457763672
2023-07-11,24.790000915527344,25.059999465942383,24.459999084472656,24.860000610351562,24.860000610351562
2023-07-12,25.0,26.059999465942383,24.93000030517578,25.860000610351562,25.860000610351562
2023-07-13,25.920000076293945,26.09000015258789,25.690000534057617,25.799999237060547,25.799999237060547
2023-07-14,30.06999969482422,32.88999938964844,28.729999542236328,32.18000030517578,32.18000030517578
2023-07-17,32.7400016784668,33.7400016784668,31.899999618530273,33.470001220703125,33.470001220703125
2023-07-18,33.61000061035156,33.9900016784668,32.900001525878906,32.9900016784668,32.9900016784668
2023-07-19,33.060001373291016,33.130001068115234,31.459999084472656,31.90999984741211,31.90999984741211
2023-07-20,31.959999084472656,32.290000915527344,31.030000686645508,31.260000228881836,31.260000228881836
2023-07-21,31.59000015258789,31.600000381469727,30.6299991607666,30.799999237060547,30.799999237060547
2023-07-24,30.8799991607666,30.93000030517578,29.93000030517578,30.020000457763672,30.020000457763672
2023-07-25,29.940000534057617,30.260000228881836,29.5,29.600000381469727,29.600000381469727
2023-07-26,29.59000015258789,29.610000610351562,29.020000457763672,29.15999984741211,29.15999984741211
2023-07-27,29.479999542236328,29.479999542236328,28.81999969482422,29.020000457763672,29.020000457763672
2023-07-28,28.75,29.25,27.899999618530273,29.040000915527344,29.040000915527344
2023-07-31,29.229999542236328,29.739999771118164,28.90999984741211,29.239999771118164,29.239999771118164
2023-08-01,29.25,29.360000610351562,28.65999984741211,28.940000534057617,28.940000534057617
2023-08-02,28.75,29.530000686645508,28.709999084472656,29.200000762939453,29.200000762939453
2023-08-03,27.979999542236328,28.290000915527344,27.040000915527344,27.200000762939453,27.200000762939453
2023-08-04,27.200000762939453,27.479999542236328,26.950000762939453,27.190000534057617,27.190000534057617
2023-08-07,27.170000076293945,27.170000076293945,26.520000457763672,26.799999237060547,26.799999237060547
2023-08-08,26.829999923706055,27.149999618530273,26.450000762939453,26.719999313354492,26.719999313354492
2023-08-09,26.719999313354492,26.719999313354492,26.110000610351562,26.59000015258789,26.59000015258789
2023-08-10,26.6299991607666,26.770000457763672,26.280000686645508,26.649999618530273,26.649999618530273
2023-08-11,26.600000381469727,27.540000915527344,26.559999465942383,27.3700008392334,27.3700008392334
2023-08-14,27.290000915527344,28.309999465942383,26.56999969482422,28.010000228881836,28.010000228881836
2023-08-15,28.06999969482422,28.739999771118164,27.760000228881836,28.719999313354492,28.719999313354492
2023-08-16,29.059999465942383,29.989999771118164,28.920000076293945,29.25,29.25
2023-08-17,29.229999542236328,29.260000228881836,28.65999984741211,28.899999618530273,28.899999618530273
2023-08-18,28.600000381469727,29.5,28.489999771118164,29.329999923706055,29.329999923706055
2023-08-21,29.329999923706055,30.489999771118164,28.75,30.31999969482422,30.31999969482422
2023-08-22,30.299999237060547,30.329999923706055,29.059999465942383,29.09000015258789,29.09000015258789
2023-08-23,29.139999389648438,29.350000381469727,28.59000015258789,28.639999389648438,28.639999389648438
2023-08-24,28.739999771118164,28.809999465942383,28.260000228881836,28.399999618530273,28.399999618530273
2023-08-25,28.520000457763672,28.829999923706055,28.170000076293945,28.600000381469727,28.600000381469727
2023-08-28,28.559999465942383,28.65999984741211,27.799999237060547,27.8700008392334,27.8700008392334
2023-08-29,27.8700008392334,27.8700008392334,26.770000457763672,27.09000015258789,27.09000015258789
2023-08-30,27.170000076293945,27.5,26.899999618530273,26.989999771118164,26.989999771118164
2023-08-31,26.989999771118164,27.3799991607666,26.860000610351562,27.020000457763672,27.020000457763672
2023-09-01,27.170000076293945,27.860000610351562,27.170000076293945,27.790000915527344,27.790000915527344
2023-09-05,27.649999618530273,27.81999969482422,27.139999389648438,27.56999969482422,27.56999969482422
2023-09-06,27.56999969482422,27.649999618530273,26.969999313354492,27.110000610351562,27.110000610351562
2023-09-07,26.90999984741211,26.920000076293945,26.290000915527344,26.34000015258789,26.34000015258789
2023-09-08,26.290000915527344,26.68000030517578,26.229999542236328,26.450000762939453,26.450000762939453
2023-09-11,26.450000762939453,27.18000030517578,26.219999313354492,27.1299991607666,27.1299991607666
2023-09-12,27.1299991607666,27.1299991607666,25.90999984741211,26.139999389648438,26.139999389648438
2023-09-13,26.079999923706055,26.3799991607666,25.639999389648438,25.889999389648438,25.889999389648438
2023-09-14,25.969999313354492,26.579999923706055,25.600000381469727,25.850000381469727,25.850000381469727
2023-09-15,25.8799991607666,25.889999389648438,24.670000076293945,24.719999313354492,24.719999313354492
2023-09-18,24.709999084472656,25.09000015258789,24.18000030517578,24.420000076293945,24.420000076293945
2023-09-19,24.6200008392334,24.670000076293945,24.049999237060547,24.440000534057617,24.440000534057617
2023-09-20,24.440000534057617,24.950000762939453,23.760000228881836,23.790000915527344,23.790000915527344
2023-09-21,23.700000762939453,23.950000762939453,23.270000457763672,23.399999618530273,23.399999618530273
2023-09-22,23.559999465942383,23.739999771118164,22.969999313354492,23.559999465942383,23.559999465942383
2023-09-25,23.43000030517578,23.600000381469727,23.079999923706055,23.290000915527344,23.290000915527344
2023-09-26,23.3799991607666,23.760000228881836,23.200000762939453,23.6299991607666,23.6299991607666
2023-09-27,23.68000030517578,26.309999465942383,23.190000534057617,25.579999923706055,25.579999923706055
2023-09-28,25.0,25.18000030517578,21.15999984741211,21.530000686645508,21.530000686645508
2023-09-29,21.639999389648438,21.639999389648438,20.540000915527344,20.84000015258789,20.84000015258789
2023-10-02,20.690000534057617,21.520000457763672,20.309999465942383,21.469999313354492,21.469999313354492
2023-10-03,21.34000015258789,21.40999984741211,20.65999984741211,20.780000686645508,20.780000686645508
2023-10-04,20.610000610351562,21.649999618530273,20.600000381469727,21.520000457763672,21.520000457763672
2023-10-05,21.6200008392334,22.020000457763672,21.479999542236328,21.959999084472656,21.959999084472656
2023-10-06,21.110000610351562,21.84000015258789,21.030000686645508,21.68000030517578,21.68000030517578
2023-10-09,21.479999542236328,21.920000076293945,21.31999969482422,21.739999771118164,21.739999771118164
2023-10-10,23.1200008392334,23.799999237060547,22.860000610351562,23.420000076293945,23.420000076293945
2023-10-11,23.43000030517578,23.709999084472656,23.309999465942383,23.3799991607666,23.3799991607666
2023-10-12,23.25,23.270000457763672,22.3799991607666,22.639999389648438,22.639999389648438
2023-10-13,22.639999389648438,23.139999389648438,22.06999969482422,23.139999389648438,23.139999389648438
2023-10-16,23.09000015258789,23.809999465942383,22.860000610351562,23.780000686645508,23.780000686645508
2023-10-17,24.079999923706055,24.600000381469727,23.389999389648438,23.399999618530273,23.399999618530273
2023-10-18,23.350000381469727,23.540000915527344,22.989999771118164,23.209999084472656,23.209999084472656
2023-10-19,23.360000610351562,23.3700008392334,22.8799991607666,22.93000030517578,22.93000030517578
2023-10-20,23.059999465942383,23.290000915527344,21.969999313354492,22.15999984741211,22.15999984741211
2023-10-23,22.079999923706055,22.81999969482422,22.079999923706055,22.280000686645508,22.280000686645508
2023-10-24,22.760000228881836,23.049999237060547,22.469999313354492,22.979999542236328,22.979999542236328
2023-10-25,22.760000228881836,22.8799991607666,22.3700008392334,22.59000015258789,22.59000015258789
2023-10-26,22.559999465942383,22.989999771118164,21.940000534057617,22.5,22.5
2023-10-27,22.56999969482422,22.690000534057617,21.649999618530273,21.760000228881836,21.760000228881836
2023-10-30,21.969999313354492,22.43000030517578,21.899999618530273,22.229999542236328,22.229999542236328
2023-10-31,22.049999237060547,23.010000228881836,21.940000534057617,22.56999969482422,22.56999969482422
2023-11-01,22.670000076293945,23.0,22.360000610351562,22.920000076293945,22.920000076293945
2023-11-02,22.90999984741211,23.020000457763672,22.479999542236328,22.989999771118164,22.989999771118164
2023-11-03,24.0,24.729999542236328,22.780000686645508,24.06999969482422,24.06999969482422
2023-11-06,25.100000381469727,25.56999969482422,23.56999969482422,23.979999542236328,23.979999542236328
2023-11-07,23.989999771118164,24.049999237060547,23.34000015258789,23.5,23.5
2023-11-08,23.540000915527344,23.829999923706055,22.860000610351562,23.190000534057617,23.190000534057617
2023-11-09,23.270000457763672,23.31999969482422,21.829999923706055,22.010000228881836,22.010000228881836
2023-11-10,22.18000030517578,22.389999389648438,21.579999923706055,22.200000762939453,22.200000762939453
2023-11-13,22.06999969482422,22.459999084472656,21.799999237060547,22.420000076293945,22.420000076293945
2023-11-14,23.139999389648438,23.260000228881836,22.850000381469727,23.200000762939453,23.200000762939453
2023-11-15,23.170000076293945,23.389999389648438,22.56999969482422,22.56999969482422,22.56999969482422
2023-11-16,22.459999084472656,22.6299991607666,21.81999969482422,22.06999969482422,22.06999969482422
2023-11-17,22.290000915527344,22.860000610351562,22.149999618530273,22.84000015258789,22.84000015258789
2023-11-20,22.639999389648438,22.940000534057617,22.540000915527344,22.920000076293945,22.920000076293945
2023-11-21,22.760000228881836,22.90999984741211,22.3700008392334,22.450000762939453,22.450000762939453
2023-11-22,22.270000457763672,22.450000762939453,21.860000610351562,21.989999771118164,21.989999771118164
2023-11-24,22.020000457763672,22.299999237060547,21.860000610351562,22.290000915527344,22.290000915527344
2023-11-27,22.190000534057617,22.280000686645508,21.59000015258789,22.1200008392334,22.1200008392334
2023-11-28,22.15999984741211,22.290000915527344,21.8700008392334,22.290000915527344,22.290000915527344
2023-11-29,22.399999618530273,22.5,22.030000686645508,22.1299991607666,22.1299991607666
2023-11-30,22.399999618530273,22.489999771118164,22.030000686645508,22.280000686645508,22.280000686645508
2023-12-01,22.350000381469727,22.760000228881836,22.06999969482422,22.600000381469727,22.600000381469727
2023-12-04,22.520000457763672,23.059999465942383,22.420000076293945,22.850000381469727,22.850000381469727
2023-12-05,22.690000534057617,22.700000762939453,22.18000030517578,22.290000915527344,22.290000915527344
2023-12-06,22.479999542236328,22.559999465942383,21.200000762939453,21.3799991607666,21.3799991607666
2023-12-07,21.510000228881836,21.84000015258789,21.200000762939453,21.790000915527344,21.790000915527344
2023-12-08,21.729999542236328,21.729999542236328,20.8700008392334,20.979999542236328,20.979999542236328
2023-12-11,21.170000076293945,21.260000228881836,20.8799991607666,21.09000015258789,21.09000015258789
2023-12-12,21.309999465942383,21.389999389648438,20.760000228881836,21.170000076293945,21.170000076293945
2023-12-13,21.5,28.940000534057617,21.40999984741211,28.469999313354492,28.469999313354492
2023-12-14,27.239999771118164,28.799999237060547,27.219999313354492,28.059999465942383,28.059999465942383
2023-12-15,28.299999237060547,29.450000762939453,27.940000534057617,28.579999923706055,28.579999923706055
2023-12-18,28.5,29.3700008392334,28.149999618530273,29.020000457763672,29.020000457763672
2023-12-19,30.200000762939453,30.469999313354492,29.079999923706055,30.1299991607666,30.1299991607666
2023-12-20,30.079999923706055,30.309999465942383,29.0,29.049999237060547,29.049999237060547
2023-12-21,29.559999465942383,29.920000076293945,28.969999313354492,29.520000457763672,29.520000457763672
2023-12-22,30.100000381469727,32.59000015258789,30.06999969482422,31.399999618530273,31.399999618530273
2023-12-26,31.75,31.75,31.100000381469727,31.1299991607666,31.1299991607666
2023-12-27,31.1200008392334,31.93000030517578,30.75,31.770000457763672,31.770000457763672
2023-12-28,31.65999984741211,31.920000076293945,31.260000228881836,31.389999389648438,31.389999389648438
2023-12-29,31.700000762939453,31.799999237060547,31.149999618530273,31.309999465942383,31.309999465942383
2024-01-02,31.09000015258789,31.81999969482422,30.6299991607666,30.860000610351562,30.860000610351562
2024-01-03,30.829999923706055,30.860000610351562,29.200000762939453,29.56999969482422,29.56999969482422
2024-01-04,29.739999771118164,30.040000915527344,29.139999389648438,29.950000762939453,29.950000762939453
2024-01-05,29.59000015258789,30.540000915527344,29.389999389648438,30.329999923706055,30.329999923706055
2024-01-08,30.010000228881836,30.209999084472656,29.5,30.1299991607666,30.1299991607666
2024-01-09,29.65999984741211,30.790000915527344,29.31999969482422,30.65999984741211,30.65999984741211
2024-01-10,30.68000030517578,31.100000381469727,29.100000381469727,29.299999237060547,29.299999237060547
2024-01-11,29.020000457763672,29.299999237060547,27.93000030517578,28.799999237060547,28.799999237060547
2024-01-12,29.149999618530273,29.290000915527344,28.440000534057617,28.729999542236328,28.729999542236328
2024-01-16,28.610000610351562,29.18000030517578,28.239999771118164,28.950000762939453,28.950000762939453
2024-01-17,28.6200008392334,28.719999313354492,27.5,27.979999542236328,27.979999542236328
2024-01-18,28.1299991607666,28.1299991607666,26.989999771118164,27.59000015258789,27.59000015258789
2024-01-19,27.68000030517578,27.68000030517578,27.010000228881836,27.290000915527344,27.290000915527344
2024-01-22,27.40999984741211,28.149999618530273,27.280000686645508,27.760000228881836,27.760000228881836
2024-01-23,28.15999984741211,28.469999313354492,27.559999465942383,28.149999618530273,28.149999618530273
2024-01-24,29.290000915527344,29.290000915527344,27.020000457763672,27.190000534057617,27.190000534057617
2024-01-25,27.440000534057617,27.65999984741211,26.920000076293945,27.170000076293945,27.170000076293945
2024-01-26,27.18000030517578,27.739999771118164,26.8799991607666,26.940000534057617,26.940000534057617
2024-01-29,27.149999618530273,27.579999923706055,26.520000457763672,27.540000915527344,27.540000915527344
2024-01-30,27.889999389648438,27.940000534057617,26.709999084472656,26.829999923706055,26.829999923706055
2024-01-31,26.639999389648438,26.829999923706055,25.670000076293945,25.90999984741211,25.90999984741211
2024-02-01,26.06999969482422,26.329999923706055,25.610000610351562,26.139999389648438,26.139999389648438
2024-02-02,25.780000686645508,25.780000686645508,25.06999969482422,25.290000915527344,25.290000915527344
2024-02-05,24.979999542236328,25.190000534057617,24.520000457763672,25.100000381469727,25.100000381469727
2024-02-06,25.010000228881836,25.90999984741211,24.860000610351562,25.739999771118164,25.739999771118164
2024-02-07,25.700000762939453,25.729999542236328,24.979999542236328,25.209999084472656,25.209999084472656
2024-02-08,25.31999969482422,25.799999237060547,24.940000534057617,25.68000030517578,25.68000030517578
2024-02-09,26.0,26.459999084472656,25.3799991607666,26.360000610351562,26.360000610351562
2024-02-12,26.170000076293945,26.780000686645508,26.09000015258789,26.760000228881836,26.760000228881836
2024-02-13,26.06999969482422,26.40999984741211,25.239999771118164,25.559999465942383,25.559999465942383
2024-02-14,25.969999313354492,25.989999771118164,25.329999923706055,25.559999465942383,25.559999465942383
2024-02-15,25.709999084472656,25.989999771118164,23.540000915527344,25.18000030517578,25.18000030517578
2024-02-16,25.040000915527344,25.280000686645508,24.549999237060547,25.110000610351562,25.110000610351562
2024-02-20,24.729999542236328,25.100000381469727,24.600000381469727,24.850000381469727,24.850000381469727
2024-02-21,24.68000030517578,25.030000686645508,24.469999313354492,24.8700008392334,24.8700008392334
2024-02-22,24.889999389648438,25.100000381469727,24.440000534057617,24.850000381469727,24.850000381469727
2024-02-23,24.93000030517578,25.25,24.600000381469727,24.780000686645508,24.780000686645508
2024-02-26,24.670000076293945,25.969999313354492,24.639999389648438,25.899999618530273,25.899999618530273
2024-02-27,26.040000915527344,26.559999465942383,25.600000381469727,26.360000610351562,26.360000610351562
2024-02-28,24.639999389648438,25.200000762939453,23.360000610351562,23.75,23.75
2024-02-29,24.299999237060547,24.299999237060547,22.979999542236328,23.239999771118164,23.239999771118164
2024-03-01,23.520000457763672,24.530000686645508,23.350000381469727,24.010000228881836,24.010000228881836
2024-03-04,24.010000228881836,24.219999313354492,23.5,23.75,23.75
2024-03-05,23.809999465942383,24.200000762939453,23.690000534057617,23.809999465942383,23.809999465942383
2024-03-06,24.020000457763672,24.15999984741211,22.979999542236328,23.200000762939453,23.200000762939453
2024-03-07,23.420000076293945,24.1299991607666,23.31999969482422,23.520000457763672,23.520000457763672
2024-03-08,23.93000030517578,24.139999389648438,23.219999313354492,23.440000534057617,23.440000534057617
2024-03-11,23.299999237060547,24.270000457763672,23.260000228881836,24.1299991607666,24.1299991607666
2024-03-12,19.489999771118164,20.489999771118164,19.110000610351562,19.979999542236328,19.979999542236328
2024-03-13,19.90999984741211,20.34000015258789,19.15999984741211,19.559999465942383,19.559999465942383
2024-03-14,19.479999542236328,19.5,18.549999237060547,18.729999542236328,18.729999542236328
2024-03-15,18.6200008392334,18.829999923706055,18.209999084472656,18.479999542236328,18.479999542236328
2024-03-18,18.59000015258789,18.770000457763672,18.15999984741211,18.719999313354492,18.719999313354492
2024-03-19,18.6299991607666,18.90999984741211,18.469999313354492,18.700000762939453,18.700000762939453
2024-03-20,18.600000381469727,18.780000686645508,18.299999237060547,18.65999984741211,18.65999984741211
2024-03-21,18.670000076293945,19.0,18.309999465942383,18.40999984741211,18.40999984741211
2024-03-22,18.34000015258789,18.389999389648438,17.90999984741211,17.950000762939453,17.950000762939453
2024-03-25,18.0,18.200000762939453,17.559999465942383,17.84000015258789,17.84000015258789
2024-03-26,17.950000762939453,18.030000686645508,17.68000030517578,17.790000915527344,17.790000915527344
2024-03-27,17.899999618530273,18.200000762939453,17.729999542236328,18.200000762939453,18.200000762939453
2024-03-28,18.200000762939453,18.5,18.049999237060547,18.489999771118164,18.489999771118164
2024-04-01,18.59000015258789,18.59000015258789,17.90999984741211,18.260000228881836,18.260000228881836
2024-04-02,18.040000915527344,18.25,17.860000610351562,18.110000610351562,18.110000610351562
2024-04-03,18.0,18.469999313354492,18.0,18.420000076293945,18.420000076293945
2024-04-04,18.520000457763672,18.6299991607666,18.020000457763672,18.049999237060547,18.049999237060547
2024-04-05,17.90999984741211,18.25,17.610000610351562,18.010000228881836,18.010000228881836
2024-04-08,17.8700008392334,18.079999923706055,17.6299991607666,17.799999237060547,17.799999237060547
2024-04-09,17.940000534057617,18.25,17.84000015258789,18.149999618530273,18.149999618530273
2024-04-10,17.719999313354492,17.770000457763672,17.549999237060547,17.729999542236328,17.729999542236328
2024-04-11,17.899999618530273,17.899999618530273,17.34000015258789,17.40999984741211,17.40999984741211
2024-04-12,17.399999618530273,17.610000610351562,16.850000381469727,17.139999389648438,17.139999389648438
2024-04-15,17.1299991607666,17.280000686645508,16.770000457763672,16.889999389648438,16.889999389648438
2024-04-16,16.75,17.200000762939453,16.600000381469727,17.079999923706055,17.079999923706055
2024-04-17,17.25,17.25,16.969999313354492,17.190000534057617,17.190000534057617
2024-04-18,17.260000228881836,17.350000381469727,17.010000228881836,17.06999969482422,17.06999969482422
2024-04-19,16.979999542236328,17.299999237060547,16.6200008392334,16.81999969482422,16.81999969482422
2024-04-22,17.049999237060547,17.34000015258789,16.940000534057617,16.989999771118164,16.989999771118164
2024-04-23,17.09000015258789,17.239999771118164,16.610000610351562,16.739999771118164,16.739999771118164
2024-04-24,16.809999465942383,16.860000610351562,16.549999237060547,16.59000015258789,16.59000015258789
2024-04-25,16.5,16.510000228881836,16.15999984741211,16.309999465942383,16.309999465942383
2024-04-26,16.450000762939453,16.739999771118164,16.270000457763672,16.709999084472656,16.709999084472656
2024-04-29,16.899999618530273,17.56999969482422,16.860000610351562,17.100000381469727,17.100000381469727
2024-04-30,16.770000457763672,17.170000076293945,16.5,16.709999084472656,16.709999084472656
2024-05-01,16.84000015258789,17.56999969482422,16.84000015258789,17.049999237060547,17.049999237060547
2024-05-02,16.940000534057617,17.3799991607666,16.809999465942383,17.079999923706055,17.079999923706055
2024-05-03,17.440000534057617,17.579999923706055,17.030000686645508,17.049999237060547,17.049999237060547
2024-05-06,17.149999618530273,17.420000076293945,16.90999984741211,17.0,17.0
2024-05-07,17.040000915527344,17.309999465942383,16.760000228881836,17.25,17.25
2024-05-08,17.1200008392334,17.329999923706055,16.950000762939453,17.1299991607666,17.1299991607666
2024-05-09,17.5,17.5,15.170000076293945,15.210000038146973,15.210000038146973
2024-05-10,15.300000190734863,15.529999732971191,15.109999656677246,15.25,15.25
2024-05-13,15.449999809265137,15.5600004196167,15.130000114440918,15.180000305175781,15.180000305175781
2024-05-14,15.350000381469727,15.399999618530273,14.720000267028809,14.859999656677246,14.859999656677246
2024-05-15,15.050000190734863,15.359999656677246,14.979999542236328,15.119999885559082,15.119999885559082
2024-05-16,15.09000015258789,15.170000076293945,14.779999732971191,14.850000381469727,14.850000381469727
2024-05-17,14.8100004196167,14.90999984741211,14.649999618530273,14.789999961853027,14.789999961853027
2024-05-20,14.800000190734863,15.170000076293945,14.6899995803833,15.100000381469727,15.100000381469727
2024-05-21,15.010000228881836,15.279999732971191,14.850000381469727,15.270000457763672,15.270000457763672
2024-05-22,15.199999809265137,16.0,15.170000076293945,15.819999694824219,15.819999694824219
2024-05-23,15.789999961853027,15.899999618530273,15.199999809265137,15.539999961853027,15.539999961853027
2024-05-24,15.75,15.829999923706055,15.1899995803833,15.199999809265137,15.199999809265137
2024-05-28,15.260000228881836,15.350000381469727,14.970000267028809,15.09000015258789,15.09000015258789
2024-05-29,14.890000343322754,14.890000343322754,14.600000381469727,14.619999885559082,14.619999885559082
2024-05-30,14.819999694824219,15.149999618530273,14.720000267028809,15.0,15.0
2024-05-31,15.079999923706055,15.199999809265137,15.0,15.100000381469727,15.100000381469727
2024-06-03,15.119999885559082,15.359999656677246,15.0,15.279999732971191,15.279999732971191
2024-06-04,15.300000190734863,15.729999542236328,15.260000228881836,15.449999809265137,15.449999809265137
2024-06-05,15.569999694824219,15.710000038146973,15.25,15.319999694824219,15.319999694824219
2024-06-06,15.300000190734863,15.40999984741211,15.180000305175781,15.300000190734863,15.300000190734863
2024-06-07,15.180000305175781,15.25,14.859999656677246,14.890000343322754,14.890000343322754
2024-06-10,14.789999961853027,14.880000114440918,14.550000190734863,14.880000114440918,14.880000114440918
2024-06-11,14.760000228881836,15.09000015258789,14.65999984741211,15.029999732971191,15.029999732971191
2024-06-12,15.3100004196167,15.59000015258789,15.149999618530273,15.369999885559082,15.369999885559082
2024-06-13,15.3100004196167,15.319999694824219,15.020000457763672,15.09000015258789,15.09000015258789
2024-06-14,15.010000228881836,15.119999885559082,14.8100004196167,14.90999984741211,14.90999984741211
2024-06-17,14.770000457763672,15.1899995803833,14.619999885559082,14.84000015258789,14.84000015258789
2024-06-18,14.920000076293945,15.210000038146973,14.609999656677246,14.869999885559082,14.869999885559082
2024-06-20,14.869999885559082,15.170000076293945,14.729999542236328,14.75,14.75
2024-06-21,14.859999656677246,15.5600004196167,14.84000015258789,15.300000190734863,15.300000190734863
2024-06-24,15.380000114440918,16.299999237060547,15.380000114440918,15.880000114440918,15.880000114440918
2024-06-25,15.850000381469727,15.850000381469727,15.5600004196167,15.600000381469727,15.600000381469727
2024-06-26,15.529999732971191,15.619999885559082,15.279999732971191,15.5,15.5
2024-06-27,16.0,16.530000686645508,15.65999984741211,16.3700008392334,16.3700008392334
2024-06-28,16.309999465942383,16.389999389648438,16.020000457763672,16.25,16.25
2024-07-01,16.190000534057617,16.40999984741211,15.890000343322754,16.040000915527344,16.040000915527344
2024-07-02,16.299999237060547,16.43000030517578,15.75,15.84000015258789,15.84000015258789
2024-07-03,15.880000114440918,15.930000305175781,15.520000457763672,15.59000015258789,15.59000015258789
2024-07-05,15.550000190734863,16.219999313354492,15.399999618530273,16.1299991607666,16.1299991607666
2024-07-08,16.270000457763672,16.510000228881836,15.90999984741211,16.31999969482422,16.31999969482422
2024-07-09,16.450000762939453,17.479999542236328,16.18000030517578,17.1299991607666,17.1299991607666
2024-07-10,17.1299991607666,17.270000457763672,16.950000762939453,17.110000610351562,17.110000610351562
2024-07-11,17.489999771118164,17.959999084472656,17.360000610351562,17.649999618530273,17.649999618530273
2024-07-12,17.709999084472656,18.079999923706055,17.540000915527344,17.770000457763672,17.770000457763672
2024-07-15,17.739999771118164,18.149999618530273,17.649999618530273,18.030000686645508,18.030000686645508
2024-07-16,18.06999969482422,18.770000457763672,18.06999969482422,18.6200008392334,18.6200008392334
2024-07-17,18.540000915527344,18.93000030517578,18.299999237060547,18.350000381469727,18.350000381469727
2024-07-18,18.469999313354492,18.489999771118164,17.709999084472656,18.0,18.0
2024-07-19,18.079999923706055,18.260000228881836,17.670000076293945,17.75,17.75
2024-07-22,17.8799991607666,18.1299991607666,17.790000915527344,18.1299991607666,18.1299991607666
2024-07-23,18.010000228881836,18.440000534057617,18.010000228881836,18.190000534057617,18.190000534057617
2024-07-24,18.09000015258789,18.59000015258789,18.09000015258789,18.479999542236328,18.479999542236328
2024-07-25,18.559999465942383,19.139999389648438,18.3700008392334,18.549999237060547,18.549999237060547
2024-07-26,18.719999313354492,19.200000762939453,18.549999237060547,19.139999389648438,19.139999389648438
2024-07-29,19.1200008392334,19.149999618530273,18.649999618530273,18.75,18.75
2024-07-30,18.790000915527344,18.940000534057617,18.280000686645508,18.6200008392334,18.6200008392334
2024-07-31,18.670000076293945,19.440000534057617,18.440000534057617,19.020000457763672,19.020000457763672
2024-08-01,19.079999923706055,19.420000076293945,18.729999542236328,18.989999771118164,18.989999771118164
2024-08-02,18.290000915527344,18.8700008392334,17.850000381469727,18.770000457763672,18.770000457763672
2024-08-05,17.920000076293945,18.850000381469727,17.8700008392334,18.40999984741211,18.40999984741211
2024-08-06,18.489999771118164,18.959999084472656,18.15999984741211,18.850000381469727,18.850000381469727
2024-08-07,15.399999618530273,16.049999237060547,15.079999923706055,15.170000076293945,15.170000076293945
2024-08-08,15.3100004196167,15.84000015258789,15.180000305175781,15.720000267028809,15.720000267028809
2024-08-09,15.649999618530273,16.0,15.359999656677246,15.630000114440918,15.630000114440918
2024-08-12,15.59000015258789,15.680000305175781,15.180000305175781,15.289999961853027,15.289999961853027
2024-08-13,15.329999923706055,16.0,15.279999732971191,15.729999542236328,15.729999542236328
2024-08-14,15.739999771118164,15.829999923706055,15.130000114440918,15.140000343322754,15.140000343322754
2024-08-15,15.460000038146973,15.539999961853027,15.140000343322754,15.399999618530273,15.399999618530273
2024-08-16,15.329999923706055,15.600000381469727,15.210000038146973,15.399999618530273,15.399999618530273
2024-08-19,15.279999732971191,15.779999732971191,15.279999732971191,15.760000228881836,15.760000228881836
2024-08-20,15.65999984741211,15.84000015258789,15.520000457763672,15.569999694824219,15.569999694824219
2024-08-21,15.65999984741211,15.970000267028809,15.65999984741211,15.930000305175781,15.930000305175781
2024-08-22,15.850000381469727,16.040000915527344,15.600000381469727,15.680000305175781,15.680000305175781
2024-08-23,15.710000038146973,16.040000915527344,15.6899995803833,15.9399995803833,15.9399995803833
2024-08-26,16.079999923706055,16.329999923706055,15.890000343322754,16.09000015258789,16.09000015258789
2024-08-27,16.059999465942383,16.139999389648438,15.489999771118164,15.75,15.75
2024-08-28,15.770000457763672,15.9399995803833,15.569999694824219,15.699999809265137,15.699999809265137
2024-08-29,15.869999885559082,16.440000534057617,15.710000038146973,16.31999969482422,16.31999969482422
2024-08-30,16.440000534057617,16.6299991607666,16.270000457763672,16.579999923706055,16.579999923706055
2024-09-03,16.559999465942383,17.030000686645508,16.350000381469727,16.360000610351562,16.360000610351562
2024-09-04,16.420000076293945,16.850000381469727,16.190000534057617,16.690000534057617,16.690000534057617
2024-09-05,16.09000015258789,16.770000457763672,16.049999237060547,16.219999313354492,16.219999313354492
2024-09-06,16.31999969482422,16.459999084472656,15.760000228881836,16.06999969482422,16.06999969482422
2024-09-09,15.989999771118164,16.5,15.739999771118164,15.770000457763672,15.770000457763672
2024-09-10,15.770000457763672,15.979999542236328,15.550000190734863,15.630000114440918,15.630000114440918
2024-09-11,15.609999656677246,15.960000038146973,15.399999618530273,15.949999809265137,15.949999809265137
2024-09-12,15.960000038146973,16.100000381469727,15.59000015258789,15.949999809265137,15.949999809265137
2024-09-13,16.059999465942383,16.350000381469727,15.869999885559082,16.31999969482422,16.31999969482422
2024-09-16,16.329999923706055,16.450000762939453,16.1200008392334,16.139999389648438,16.139999389648438
2024-09-17,16.31999969482422,16.43000030517578,16.059999465942383,16.260000228881836,16.260000228881836
2024-09-18,16.290000915527344,16.729999542236328,16.079999923706055,16.329999923706055,16.329999923706055
2024-09-19,16.700000762939453,16.809999465942383,16.34000015258789,16.420000076293945,16.420000076293945
2024-09-20,16.40999984741211,16.59000015258789,16.18000030517578,16.530000686645508,16.530000686645508
2024-09-23,16.530000686645508,16.549999237060547,16.209999084472656,16.290000915527344,16.290000915527344
2024-09-24,16.290000915527344,16.34000015258789,15.289999961853027,15.84000015258789,15.84000015258789
2024-09-25,15.859999656677246,15.859999656677246,15.239999771118164,15.319999694824219,15.319999694824219
2024-09-26,15.510000228881836,15.649999618530273,15.3100004196167,15.479999542236328,15.479999542236328
2024-09-27,15.65999984741211,16.110000610351562,15.65999984741211,15.6899995803833,15.6899995803833
2024-09-30,15.600000381469727,15.84000015258789,15.260000228881836,15.380000114440918,15.380000114440918
2024-10-01,15.329999923706055,15.470000267028809,15.079999923706055,15.300000190734863,15.300000190734863
2024-10-02,15.220000267028809,15.270000457763672,15.0600004196167,15.130000114440918,15.130000114440918
2024-10-03,15.050000190734863,15.050000190734863,14.600000381469727,14.720000267028809,14.720000267028809
2024-10-04,14.890000343322754,15.130000114440918,14.729999542236328,15.100000381469727,15.100000381469727
2024-10-07,15.140000343322754,15.140000343322754,14.600000381469727,14.729999542236328,14.729999542236328
2024-10-08,14.680000305175781,14.710000038146973,14.449999809265137,14.460000038146973,14.460000038146973
2024-10-09,14.510000228881836,14.680000305175781,14.4399995803833,14.59000015258789,14.59000015258789
2024-10-10,14.5,14.579999923706055,14.3100004196167,14.550000190734863,14.550000190734863
2024-10-11,14.529999732971191,14.930000305175781,14.489999771118164,14.920000076293945,14.920000076293945
2024-10-14,14.84000015258789,15.050000190734863,14.779999732971191,14.989999771118164,14.989999771118164
2024-10-15,14.960000038146973,15.149999618530273,14.890000343322754,14.90999984741211,14.90999984741211
2024-10-16,14.979999542236328,15.149999618530273,14.8100004196167,15.039999961853027,15.039999961853027
2024-10-17,15.109999656677246,15.260000228881836,14.960000038146973,15.170000076293945,15.170000076293945
2024-10-18,15.1899995803833,15.369999885559082,15.039999961853027,15.300000190734863,15.300000190734863
2024-10-21,15.300000190734863,15.5600004196167,14.529999732971191,14.760000228881836,14.760000228881836
2024-10-22,14.630000114440918,14.899999618530273,14.5,14.520000457763672,14.520000457763672
2024-10-23,14.529999732971191,14.680000305175781,14.149999618530273,14.289999961853027,14.289999961853027
2024-10-24,14.289999961853027,14.5,14.260000228881836,14.479999542236328,14.479999542236328
2024-10-25,14.520000457763672,14.600000381469727,14.34000015258789,14.34000015258789,14.34000015258789
2024-10-28,14.4399995803833,14.8100004196167,14.3100004196167,14.739999771118164,14.739999771118164
2024-10-29,14.680000305175781,14.90999984741211,14.600000381469727,14.739999771118164,14.739999771118164
2024-10-30,14.640000343322754,15.0,14.569999694824219,14.770000457763672,14.770000457763672
2024-10-31,14.699999809265137,14.770000457763672,14.449999809265137,14.59000015258789,14.59000015258789
2024-11-01,14.65999984741211,14.869999885559082,14.520000457763672,14.8100004196167,14.8100004196167
2024-11-04,14.729999542236328,15.020000457763672,14.600000381469727,14.619999885559082,14.619999885559082
2024-11-05,14.75,15.029999732971191,14.40999984741211,15.0,15.0
2024-11-06,15.699999809265137,15.850000381469727,15.180000305175781,15.789999961853027,15.789999961853027
2024-11-07,15.6899995803833,17.489999771118164,15.680000305175781,17.200000762939453,17.200000762939453
2024-11-08,17.100000381469727,17.969999313354492,17.100000381469727,17.65999984741211,17.65999984741211
2024-11-11,17.969999313354492,18.709999084472656,17.920000076293945,18.270000457763672,18.270000457763672
2024-11-12,18.15999984741211,18.399999618530273,17.850000381469727,17.93000030517578,17.93000030517578
2024-11-13,18.1299991607666,18.149999618530273,17.579999923706055,17.59000015258789,17.59000015258789
2024-11-14,17.68000030517578,17.770000457763672,17.0,17.020000457763672,17.020000457763672
2024-11-15,17.139999389648438,17.299999237060547,16.3700008392334,16.770000457763672,16.770000457763672
2024-11-18,16.809999465942383,17.170000076293945,16.59000015258789,17.030000686645508,17.030000686645508
2024-11-19,16.809999465942383,17.030000686645508,16.049999237060547,16.209999084472656,16.209999084472656
2024-11-20,16.25,16.389999389648438,16.049999237060547,16.270000457763672,16.270000457763672
2024-11-21,16.040000915527344,16.420000076293945,15.65999984741211,16.18000030517578,16.18000030517578
2024-11-22,16.149999618530273,16.690000534057617,16.010000228881836,16.3700008392334,16.3700008392334
2024-11-25,16.6200008392334,17.09000015258789,16.520000457763672,16.540000915527344,16.540000915527344
2024-11-26,16.420000076293945,16.469999313354492,16.1299991607666,16.209999084472656,16.209999084472656
2024-11-27,16.399999618530273,16.479999542236328,16.149999618530273,16.290000915527344,16.290000915527344
2024-11-29,16.309999465942383,16.40999984741211,16.15999984741211,16.31999969482422,16.31999969482422
2024-12-02,16.260000228881836,16.68000030517578,16.020000457763672,16.610000610351562,16.610000610351562
2024-12-03,16.459999084472656,16.579999923706055,16.139999389648438,16.299999237060547,16.299999237060547
2024-12-04,16.309999465942383,17.260000228881836,16.299999237060547,17.170000076293945,17.170000076293945
2024-12-05,17.139999389648438,17.209999084472656,16.6299991607666,16.709999084472656,16.709999084472656
2024-12-06,16.8700008392334,17.360000610351562,16.729999542236328,17.280000686645508,17.280000686645508
2024-12-09,17.5,19.049999237060547,17.40999984741211,18.760000228881836,18.760000228881836
2024-12-10,18.860000610351562,19.020000457763672,18.110000610351562,18.530000686645508,18.530000686645508
2024-12-11,18.600000381469727,18.639999389648438,17.790000915527344,18.020000457763672,18.020000457763672
2024-12-12,17.920000076293945,18.190000534057617,17.25,17.260000228881836,17.260000228881836
2024-12-13,17.260000228881836,17.440000534057617,16.780000686645508,17.260000228881836,17.260000228881836
2024-12-16,17.309999465942383,17.600000381469727,17.079999923706055,17.34000015258789,17.34000015258789
2024-12-17,17.309999465942383,17.56999969482422,17.219999313354492,17.40999984741211,17.40999984741211
2024-12-18,17.489999771118164,17.860000610351562,16.68000030517578,16.90999984741211,16.90999984741211
2024-12-19,17.110000610351562,17.209999084472656,16.270000457763672,16.729999542236328,16.729999542236328
2024-12-20,16.510000228881836,17.209999084472656,16.489999771118164,16.8700008392334,16.8700008392334
2024-12-23,16.860000610351562,17.200000762939453,16.6200008392334,17.170000076293945,17.170000076293945
2024-12-24,17.239999771118164,17.270000457763672,16.940000534057617,17.06999969482422,17.06999969482422
2024-12-26,16.959999084472656,17.399999618530273,16.8799991607666,17.3700008392334,17.3700008392334
2024-12-27,17.25,17.3799991607666,16.709999084472656,16.950000762939453,16.950000762939453
2024-12-30,16.780000686645508,16.809999465942383,16.520000457763672,16.690000534057617,16.690000534057617
2024-12-31,18.239999771118164,18.809999465942383,17.989999771118164,18.350000381469727,18.350000381469727
2025-01-02,18.450000762939453,19.389999389648438,18.420000076293945,18.65999984741211,18.65999984741211
2025-01-03,18.25,18.709999084472656,18.18000030517578,18.40999984741211,18.40999984741211
2025-01-06,18.40999984741211,18.65999984741211,17.43000030517578,17.459999084472656,17.459999084472656
2025-01-07,17.56999969482422,17.739999771118164,17.280000686645508,17.389999389648438,17.389999389648438
2025-01-08,17.389999389648438,17.639999389648438,17.049999237060547,17.600000381469727,17.600000381469727
2025-01-10,17.229999542236328,17.719999313354492,17.079999923706055,17.260000228881836,17.260000228881836
2025-01-13,17.229999542236328,17.90999984741211,17.0,17.899999618530273,17.899999618530273
2025-01-14,18.149999618530273,18.229999542236328,16.610000610351562,16.899999618530273,16.899999618530273
2025-01-15,17.170000076293945,17.59000015258789,16.950000762939453,17.510000228881836,17.510000228881836
2025-01-16,17.530000686645508,17.68000030517578,17.209999084472656,17.520000457763672,17.520000457763672
2025-01-17,17.729999542236328,17.889999389648438,17.350000381469727,17.56999969482422,17.56999969482422
2025-01-21,17.860000610351562,18.0,17.6200008392334,17.889999389648438,17.889999389648438
2025-01-22,17.790000915527344,18.030000686645508,17.700000762939453,17.809999465942383,17.809999465942383
2025-01-23,17.81999969482422,19.170000076293945,17.5,19.079999923706055,19.079999923706055
2025-01-24,19.079999923706055,19.31999969482422,18.65999984741211,18.670000076293945,18.670000076293945
2025-01-27,18.709999084472656,19.049999237060547,18.260000228881836,18.270000457763672,18.270000457763672
2025-01-28,18.270000457763672,18.719999313354492,18.049999237060547,18.399999618530273,18.399999618530273
2025-01-29,18.579999923706055,18.809999465942383,18.030000686645508,18.3700008392334,18.3700008392334
2025-01-30,18.56999969482422,18.8799991607666,18.34000015258789,18.690000534057617,18.690000534057617
2025-01-31,18.770000457763672,19.010000228881836,18.530000686645508,18.65999984741211,18.65999984741211
2025-02-03,18.260000228881836,18.690000534057617,18.040000915527344,18.510000228881836,18.510000228881836
2025-02-04,18.520000457763672,18.84000015258789,18.450000762939453,18.729999542236328,18.729999542236328
2025-02-05,18.920000076293945,19.649999618530273,18.790000915527344,19.600000381469727,19.600000381469727
2025-02-06,19.700000762939453,19.700000762939453,19.09000015258789,19.1299991607666,19.1299991607666
2025-02-07,19.059999465942383,19.149999618530273,18.520000457763672,18.549999237060547,18.549999237060547
2025-02-10,18.579999923706055,18.90999984741211,18.389999389648438,18.8799991607666,18.8799991607666
2025-02-11,18.6299991607666,18.700000762939453,18.110000610351562,18.489999771118164,18.489999771118164
2025-02-12,18.290000915527344,19.110000610351562,18.200000762939453,19.100000381469727,19.100000381469727
2025-02-13,19.239999771118164,19.829999923706055,18.81999969482422,19.770000457763672,19.770000457763672
2025-02-14,19.799999237060547,20.219999313354492,19.729999542236328,20.040000915527344,20.040000915527344
2025-02-18,20.0,20.290000915527344,19.520000457763672,19.739999771118164,19.739999771118164
2025-02-19,19.559999465942383,20.059999465942383,19.559999465942383,19.670000076293945,19.670000076293945
2025-02-20,19.6200008392334,20.43000030517578,19.610000610351562,20.290000915527344,20.290000915527344
2025-02-21,20.510000228881836,20.68000030517578,19.920000076293945,19.950000762939453,19.950000762939453
2025-02-24,19.959999084472656,19.979999542236328,19.440000534057617,19.479999542236328,19.479999542236328
2025-02-25,19.520000457763672,19.719999313354492,18.899999618530273,19.010000228881836,19.010000228881836
2025-02-26,19.079999923706055,19.649999618530273,18.93000030517578,19.0,19.0
2025-02-27,19.440000534057617,20.6200008392334,18.829999923706055,19.34000015258789,19.34000015258789
2025-02-28,19.040000915527344,19.6200008392334,19.0,19.600000381469727,19.600000381469727
2025-03-03,19.559999465942383,19.690000534057617,18.100000381469727,18.15999984741211,18.15999984741211
2025-03-04,18.15999984741211,18.540000915527344,17.850000381469727,18.260000228881836,18.260000228881836
2025-03-05,18.3700008392334,18.520000457763672,18.020000457763672,18.079999923706055,18.079999923706055
2025-03-06,17.850000381469727,18.149999618530273,17.59000015258789,17.610000610351562,17.610000610351562
2025-03-07,17.6200008392334,17.860000610351562,17.329999923706055,17.559999465942383,17.559999465942383
2025-03-10,17.350000381469727,17.68000030517578,17.06999969482422,17.190000534057617,17.190000534057617
2025-03-11,17.100000381469727,17.450000762939453,16.860000610351562,17.190000534057617,17.190000534057617
2025-03-12,17.229999542236328,17.399999618530273,16.75,16.770000457763672,16.770000457763672
2025-03-13,16.670000076293945,16.90999984741211,16.59000015258789,16.780000686645508,16.780000686645508
2025-03-14,16.90999984741211,17.700000762939453,16.700000762939453,17.5,17.5
2025-03-17,17.540000915527344,17.65999984741211,17.030000686645508,17.200000762939453,17.200000762939453
2025-03-18,16.959999084472656,17.450000762939453,16.790000915527344,17.280000686645508,17.280000686645508
2025-03-19,17.260000228881836,17.600000381469727,17.06999969482422,17.290000915527344,17.290000915527344
2025-03-20,17.100000381469727,17.43000030517578,17.100000381469727,17.18000030517578,17.18000030517578
2025-03-21,17.040000915527344,17.309999465942383,16.670000076293945,16.790000915527344,16.790000915527344
2025-03-24,17.200000762939453,17.5,17.020000457763672,17.229999542236328,17.229999542236328
2025-03-25,17.209999084472656,17.389999389648438,16.950000762939453,17.110000610351562,17.110000610351562
2025-03-26,17.049999237060547,17.09000015258789,16.860000610351562,17.030000686645508,17.030000686645508
2025-03-27,17.100000381469727,17.309999465942383,16.940000534057617,17.190000534057617,17.190000534057617
2025-03-28,17.15999984741211,17.219999313354492,16.920000076293945,17.06999969482422,17.06999969482422
2025-03-31,16.709999084472656,16.8799991607666,16.280000686645508,16.610000610351562,16.610000610351562
2025-04-01,16.559999465942383,16.770000457763672,16.149999618530273,16.31999969482422,16.31999969482422
2025-04-02,16.209999084472656,16.729999542236328,16.18000030517578,16.6200008392334,16.6200008392334
2025-04-03,16.270000457763672,16.43000030517578,16.010000228881836,16.1200008392334,16.1200008392334
2025-04-04,15.930000305175781,15.970000267028809,15.279999732971191,15.380000114440918,15.380000114440918
2025-04-07,14.819999694824219,15.699999809265137,14.430000305175781,14.609999656677246,14.609999656677246
2025-04-08,14.819999694824219,15.220000267028809,13.869999885559082,14.100000381469727,14.100000381469727
2025-04-09,13.779999732971191,15.1899995803833,13.399999618530273,14.960000038146973,14.960000038146973
2025-04-10,14.569999694824219,14.760000228881836,13.539999961853027,14.109999656677246,14.109999656677246
2025-04-11,14.170000076293945,14.609999656677246,13.729999542236328,14.579999923706055,14.579999923706055
2025-04-14,14.859999656677246,15.0,14.449999809265137,14.859999656677246,14.859999656677246
2025-04-15,14.770000457763672,15.180000305175781,14.770000457763672,14.989999771118164,14.989999771118164
2025-04-16,14.880000114440918,14.880000114440918,14.34000015258789,14.569999694824219,14.569999694824219
2025-04-17,14.470000267028809,14.75,14.390000343322754,14.729999542236328,14.729999542236328
2025-04-21,14.579999923706055,14.739999771118164,14.170000076293945,14.380000114440918,14.380000114440918
2025-04-22,14.600000381469727,14.8100004196167,14.079999923706055,14.350000381469727,14.350000381469727
2025-04-23,14.680000305175781,14.979999542236328,14.5,14.619999885559082,14.619999885559082
2025-04-24,14.600000381469727,14.850000381469727,14.4399995803833,14.829999923706055,14.829999923706055
2025-04-25,14.789999961853027,14.829999923706055,14.470000267028809,14.729999542236328,14.729999542236328
2025-04-28,14.800000190734863,15.020000457763672,14.260000228881836,14.65999984741211,14.65999984741211
2025-04-29,14.65999984741211,14.680000305175781,14.380000114440918,14.430000305175781,14.430000305175781
2025-04-30,14.359999656677246,14.649999618530273,14.180000305175781,14.600000381469727,14.600000381469727
2025-05-01,14.630000114440918,14.779999732971191,14.199999809265137,14.569999694824219,14.569999694824219
2025-05-02,14.600000381469727,14.90999984741211,14.569999694824219,14.90999984741211,14.90999984741211
2025-05-05,14.760000228881836,15.3100004196167,14.539999961853027,15.140000343322754,15.140000343322754
2025-05-06,14.979999542236328,15.140000343322754,14.529999732971191,14.539999961853027,14.539999961853027
2025-05-07,14.670000076293945,14.84000015258789,14.449999809265137,14.8100004196167,14.8100004196167
2025-05-08,14.720000267028809,17.219999313354492,14.680000305175781,16.93000030517578,16.93000030517578
2025-05-09,16.84000015258789,17.6200008392334,16.760000228881836,17.440000534057617,17.440000534057617
2025-05-12,17.8799991607666,18.09000015258789,16.860000610351562,17.520000457763672,17.520000457763672
2025-05-13,17.5,17.610000610351562,17.1200008392334,17.200000762939453,17.200000762939453
2025-05-14,17.1200008392334,17.6200008392334,17.040000915527344,17.15999984741211,17.15999984741211
2025-05-15,17.200000762939453,17.639999389648438,16.969999313354492,17.600000381469727,17.600000381469727
2025-05-16,18.3700008392334,25.229999542236328,18.3700008392334,22.260000228881836,22.260000228881836
2025-05-19,22.299999237060547,22.450000762939453,21.59000015258789,21.989999771118164,21.989999771118164
2025-05-20,21.850000381469727,22.040000915527344,20.8799991607666,21.690000534057617,21.690000534057617
2025-05-21,22.239999771118164,22.75,21.700000762939453,21.850000381469727,21.850000381469727
2025-05-22,21.770000457763672,21.979999542236328,21.450000762939453,21.549999237060547,21.549999237060547
2025-05-23,21.309999465942383,22.030000686645508,21.239999771118164,21.979999542236328,21.979999542236328
2025-05-27,22.360000610351562,22.770000457763672,21.959999084472656,22.190000534057617,22.190000534057617
2025-05-28,22.1299991607666,22.329999923706055,21.950000762939453,22.020000457763672,22.020000457763672
2025-05-29,22.190000534057617,22.6200008392334,21.959999084472656,22.290000915527344,22.290000915527344
2025-05-30,22.299999237060547,22.399999618530273,21.540000915527344,21.56999969482422,21.56999969482422
2025-06-02,21.56999969482422,21.729999542236328,21.09000015258789,21.469999313354492,21.469999313354492
2025-06-03,21.5,22.030000686645508,21.40999984741211,21.979999542236328,21.979999542236328
2025-06-04,22.06999969482422,23.399999618530273,21.65999984741211,21.770000457763672,21.770000457763672
2025-06-05,21.610000610351562,21.690000534057617,21.040000915527344,21.34000015258789,21.34000015258789
2025-06-06,21.530000686645508,22.100000381469727,21.469999313354492,21.979999542236328,21.979999542236328
2025-06-09,22.299999237060547,22.34000015258789,21.639999389648438,22.299999237060547,22.299999237060547
2025-06-10,22.350000381469727,22.690000534057617,21.8799991607666,22.200000762939453,22.200000762939453
2025-06-11,22.200000762939453,22.559999465942383,22.110000610351562,22.299999237060547,22.299999237060547
2025-06-12,22.18000030517578,22.389999389648438,21.610000610351562,21.739999771118164,21.739999771118164
2025-06-13,21.459999084472656,21.959999084472656,21.3799991607666,21.709999084472656,21.709999084472656
2025-06-16,21.729999542236328,22.15999984741211,21.350000381469727,22.139999389648438,22.139999389648438
2025-06-17,22.020000457763672,22.84000015258789,21.969999313354492,22.799999237060547,22.799999237060547
2025-06-18,22.8799991607666,23.040000915527344,22.350000381469727,22.950000762939453,22.950000762939453
2025-06-20,23.06999969482422,23.239999771118164,22.540000915527344,22.709999084472656,22.709999084472656
2025-06-23,23.040000915527344,23.040000915527344,22.030000686645508,22.479999542236328,22.479999542236328
2025-06-24,22.6200008392334,22.700000762939453,21.770000457763672,22.40999984741211,22.40999984741211
2025-06-25,22.3799991607666,23.040000915527344,22.15999984741211,22.5,22.5
2025-06-26,22.559999465942383,23.09000015258789,22.18000030517578,22.209999084472656,22.209999084472656
2025-06-27,22.18000030517578,22.559999465942383,21.719999313354492,22.1200008392334,22.1200008392334
2025-06-30,22.149999618530273,22.260000228881836,21.389999389648438,21.56999969482422,21.56999969482422
2025-07-01,21.56999969482422,22.100000381469727,21.15999984741211,21.360000610351562,21.360000610351562
2025-07-02,21.34000015258789,21.690000534057617,21.18000030517578,21.239999771118164,21.239999771118164
2025-07-03,21.3799991607666,21.420000076293945,20.84000015258789,20.950000762939453,20.950000762939453
2025-07-07,20.93000030517578,21.3700008392334,20.75,20.8799991607666,20.8799991607666
2025-07-08,20.920000076293945,21.170000076293945,20.84000015258789,21.020000457763672,21.020000457763672
2025-07-09,21.020000457763672,21.579999923706055,21.010000228881836,21.56999969482422,21.56999969482422
2025-07-10,21.56999969482422,22.1200008392334,21.3700008392334,22.059999465942383,22.059999465942383
2025-07-11,21.959999084472656,22.139999389648438,20.969999313354492,20.979999542236328,20.979999542236328
2025-07-14,20.93000030517578,21.920000076293945,20.8700008392334,21.889999389648438,21.889999389648438
2025-07-15,21.940000534057617,22.260000228881836,21.760000228881836,22.010000228881836,22.010000228881836
2025-07-16,22.079999923706055,22.6200008392334,21.959999084472656,22.549999237060547,22.549999237060547
2025-07-17,22.59000015258789,23.1200008392334,22.440000534057617,22.549999237060547,22.549999237060547
2025-07-18,22.719999313354492,22.829999923706055,22.469999313354492,22.559999465942383,22.559999465942383
2025-07-21,22.670000076293945,22.84000015258789,22.09000015258789,22.280000686645508,22.280000686645508
2025-07-22,22.170000076293945,22.639999389648438,22.1299991607666,22.56999969482422,22.56999969482422
2025-07-23,22.600000381469727,23.299999237060547,22.219999313354492,23.270000457763672,23.270000457763672
2025-07-24,23.0,23.600000381469727,22.770000457763672,23.049999237060547,23.049999237060547
2025-07-25,23.059999465942383,23.399999618530273,22.8700008392334,23.25,23.25
2025-07-28,23.200000762939453,23.280000686645508,22.559999465942383,22.6200008392334,22.6200008392334
2025-07-29,22.65999984741211,23.3700008392334,22.399999618530273,22.6299991607666,22.6299991607666
2025-07-30,23.0,24.049999237060547,22.950000762939453,23.530000686645508,23.530000686645508
2025-07-31,23.309999465942383,24.059999465942383,23.260000228881836,23.829999923706055,23.829999923706055
2025-08-01,23.700000762939453,23.899999618530273,23.25,23.530000686645508,23.530000686645508
2025-08-04,23.56999969482422,24.31999969482422,23.43000030517578,24.040000915527344,24.040000915527344
2025-08-05,24.020000457763672,24.170000076293945,23.459999084472656,23.639999389648438,23.639999389648438
2025-08-06,23.559999465942383,23.860000610351562,23.350000381469727,23.799999237060547,23.799999237060547
2025-08-07,24.059999465942383,24.530000686645508,23.280000686645508,24.399999618530273,24.399999618530273
2025-08-08,24.399999618530273,25.020000457763672,24.290000915527344,24.600000381469727,24.600000381469727
2025-08-11,24.600000381469727,24.850000381469727,24.360000610351562,24.81999969482422,24.81999969482422
2025-08-12,24.700000762939453,25.8799991607666,24.6200008392334,25.450000762939453,25.450000762939453
2025-08-13,25.5,25.610000610351562,25.1200008392334,25.1299991607666,25.1299991607666
2025-08-14,24.780000686645508,25.0,24.43000030517578,24.530000686645508,24.530000686645508
2025-08-15,24.56999969482422,25.389999389648438,24.530000686645508,25.329999923706055,25.329999923706055
2025-08-18,25.280000686645508,25.389999389648438,24.920000076293945,25.059999465942383,25.059999465942383
2025-08-19,25.059999465942383,25.329999923706055,24.75,24.969999313354492,24.969999313354492
2025-08-20,24.809999465942383,25.079999923706055,24.469999313354492,24.940000534057617,24.940000534057617
2025-08-21,24.760000228881836,25.06999969482422,24.6299991607666,24.790000915527344,24.790000915527344
2025-08-22,24.969999313354492,25.809999465942383,24.899999618530273,25.739999771118164,25.739999771118164
2025-08-25,25.65999984741211,25.950000762939453,25.260000228881836,25.31999969482422,25.31999969482422
2025-08-26,25.34000015258789,25.75,25.139999389648438,25.719999313354492,25.719999313354492
2025-08-27,25.81999969482422,26.6200008392334,25.780000686645508,26.56999969482422,26.56999969482422
2025-08-28,26.43000030517578,26.649999618530273,26.110000610351562,26.229999542236328,26.229999542236328
2025-08-29,26.190000534057617,26.299999237060547,25.81999969482422,25.989999771118164,25.989999771118164
2025-09-02,25.989999771118164,26.5,25.670000076293945,25.690000534057617,25.690000534057617
2025-09-03,25.889999389648438,26.09000015258789,25.360000610351562,25.719999313354492,25.719999313354492
2025-09-04,25.65999984741211,25.68000030517578,25.219999313354492,25.5,25.5
2025-09-05,25.559999465942383,25.649999618530273,25.06999969482422,25.260000228881836,25.260000228881836
2025-09-08,25.1200008392334,25.559999465942383,25.09000015258789,25.389999389648438,25.389999389648438
2025-09-09,25.540000915527344,25.899999618530273,24.43000030517578,24.84000015258789,24.84000015258789
2025-09-10,24.889999389648438,24.969999313354492,23.700000762939453,23.799999237060547,23.799999237060547
2025-09-11,24.15999984741211,24.459999084472656,23.969999313354492,24.200000762939453,24.200000762939453
2025-09-12,24.079999923706055,24.209999084472656,23.34000015258789,23.610000610351562,23.610000610351562
2025-09-15,23.579999923706055,24.8700008392334,23.579999923706055,24.670000076293945,24.670000076293945
2025-09-16,24.510000228881836,24.6200008392334,23.729999542236328,23.959999084472656,23.959999084472656
2025-09-17,24.049999237060547,24.93000030517578,23.889999389648438,24.200000762939453,24.200000762939453
2025-09-18,24.31999969482422,24.799999237060547,24.06999969482422,24.760000228881836,24.760000228881836
2025-09-19,24.68000030517578,24.68000030517578,24.360000610351562,24.420000076293945,24.420000076293945
2025-09-22,24.3799991607666,24.719999313354492,24.270000457763672,24.530000686645508,24.530000686645508
2025-09-23,24.3799991607666,24.520000457763672,23.489999771118164,23.600000381469727,23.600000381469727
2025-09-24,20.81999969482422,21.860000610351562,20.020000457763672,21.260000228881836,21.260000228881836
2025-09-25,21.190000534057617,21.360000610351562,20.850000381469727,21.209999084472656,21.209999084472656
2025-09-26,21.25,21.399999618530273,20.920000076293945,21.049999237060547,21.049999237060547
2025-09-29,21.270000457763672,21.530000686645508,21.040000915527344,21.31999969482422,21.31999969482422
2025-09-30,21.459999084472656,21.479999542236328,20.8700008392334,21.34000015258789,21.34000015258789
2025-10-01,21.329999923706055,21.549999237060547,21.0,21.239999771118164,21.239999771118164
2025-10-02,21.280000686645508,21.489999771118164,21.06999969482422,21.3799991607666,21.3799991607666
2025-10-03,21.469999313354492,21.850000381469727,21.420000076293945,21.799999237060547,21.799999237060547
2025-10-06,21.799999237060547,21.940000534057617,21.31999969482422,21.59000015258789,21.59000015258789
2025-10-07,21.610000610351562,21.959999084472656,21.420000076293945,21.540000915527344,21.540000915527344
2025-10-08,21.709999084472656,21.709999084472656,21.190000534057617,21.309999465942383,21.309999465942383
2025-10-09,21.270000457763672,21.329999923706055,20.56999969482422,20.6299991607666,20.6299991607666
2025-10-10,20.959999084472656,20.959999084472656,20.020000457763672,20.059999465942383,20.059999465942383
2025-10-13,20.59000015258789,20.770000457763672,19.690000534057617,20.059999465942383,20.059999465942383
2025-10-14,19.860000610351562,20.469999313354492,19.719999313354492,20.360000610351562,20.360000610351562
2025-10-15,20.40999984741211,21.920000076293945,20.40999984741211,21.739999771118164,21.739999771118164
2025-10-16,21.790000915527344,22.100000381469727,20.459999084472656,20.6200008392334,20.6200008392334
2025-10-17,20.459999084472656,21.06999969482422,20.329999923706055,20.889999389648438,20.889999389648438
2025-10-20,21.049999237060547,21.34000015258789,20.75,20.940000534057617,20.940000534057617
2025-10-21,21.139999389648438,21.350000381469727,20.809999465942383,21.270000457763672,21.270000457763672
2025-10-22,21.270000457763672,21.40999984741211,20.8799991607666,21.389999389648438,21.389999389648438
2025-10-23,21.270000457763672,21.75,21.06999969482422,21.729999542236328,21.729999542236328
2025-10-24,21.809999465942383,22.190000534057617,21.479999542236328,22.020000457763672,22.020000457763672
2025-10-27,22.25,23.010000228881836,21.959999084472656,22.989999771118164,22.989999771118164
2025-10-28,22.989999771118164,23.049999237060547,22.549999237060547,22.6200008392334,22.6200008392334
2025-10-29,22.549999237060547,22.920000076293945,22.049999237060547,22.530000686645508,22.530000686645508
2025-10-30,22.239999771118164,22.8799991607666,22.149999618530273,22.739999771118164,22.739999771118164
2025-10-31,22.549999237060547,22.90999984741211,22.25,22.700000762939453,22.700000762939453
2025-11-03,22.5,22.780000686645508,21.8700008392334,22.3700008392334,22.3700008392334
2025-11-04,21.979999542236328,22.200000762939453,21.719999313354492,21.850000381469727,21.850000381469727
2025-11-05,21.760000228881836,22.520000457763672,21.68000030517578,22.329999923706055,22.329999923706055
2025-11-06,23.579999923706055,23.579999923706055,20.639999389648438,21.649999618530273,21.649999618530273
2025-11-07,21.8799991607666,22.729999542236328,21.610000610351562,22.56999969482422,22.56999969482422
2025-11-10,22.799999237060547,22.899999618530273,22.079999923706055,22.200000762939453,22.200000762939453
2025-11-11,22.139999389648438,23.829999923706055,22.0,23.719999313354492,23.719999313354492
2025-11-12,23.479999542236328,24.389999389648438,23.3799991607666,24.1299991607666,24.1299991607666
2025-11-13,23.959999084472656,24.389999389648438,23.489999771118164,23.639999389648438,23.639999389648438
2025-11-14,23.290000915527344,24.110000610351562,23.200000762939453,24.020000457763672,24.020000457763672
2025-11-17,23.649999618530273,24.5,23.34000015258789,24.010000228881836,24.010000228881836
2025-11-18,23.690000534057617,24.079999923706055,23.5,23.799999237060547,23.799999237060547
2025-11-19,23.610000610351562,23.729999542236328,22.850000381469727,23.100000381469727,23.100000381469727
2025-11-20,23.489999771118164,23.610000610351562,22.809999465942383,22.899999618530273,22.899999618530273
2025-11-21,23.040000915527344,23.979999542236328,22.84000015258789,23.559999465942383,23.559999465942383
2025-11-24,23.56999969482422,23.93000030517578,23.100000381469727,23.899999618530273,23.899999618530273
2025-11-25,24.06999969482422,24.65999984741211,24.0,24.389999389648438,24.389999389648438
2025-11-26,24.219999313354492,25.200000762939453,24.200000762939453,24.809999465942383,24.809999465942383
2025-11-28,24.93000030517578,25.1200008392334,24.559999465942383,25.040000915527344,25.040000915527344
2025-12-01,24.739999771118164,25.209999084472656,24.59000015258789,24.850000381469727,24.850000381469727
2025-12-02,25.239999771118164,25.68000030517578,24.8700008392334,25.43000030517578,25.43000030517578
2025-12-03,25.510000228881836,26.1200008392334,25.290000915527344,25.8799991607666,25.8799991607666
2025-12-04,25.56999969482422,26.760000228881836,25.399999618530273,26.549999237060547,26.549999237060547
2025-12-05,26.75,27.610000610351562,26.739999771118164,27.440000534057617,27.440000534057617
2025-12-08,27.670000076293945,27.729999542236328,26.600000381469727,26.760000228881836,26.760000228881836
2025-12-09,26.760000228881836,27.670000076293945,26.700000762939453,26.889999389648438,26.889999389648438
2025-12-10,26.8700008392334,27.06999969482422,26.549999237060547,26.809999465942383,26.809999465942383
2025-12-11,26.670000076293945,26.969999313354492,26.3799991607666,26.68000030517578,26.68000030517578
2025-12-12,26.75,27.280000686645508,26.420000076293945,27.149999618530273,27.149999618530273
2025-12-15,27.18000030517578,27.459999084472656,26.81999969482422,27.260000228881836,27.260000228881836
2025-12-16,27.290000915527344,27.469999313354492,26.600000381469727,26.799999237060547,26.799999237060547
2025-12-17,26.770000457763672,27.350000381469727,26.600000381469727,26.93000030517578,26.93000030517578
2025-12-18,26.959999084472656,27.209999084472656,26.59000015258789,26.600000381469727,26.600000381469727
2025-12-19,26.809999465942383,27.510000228881836,26.559999465942383,27.15999984741211,27.15999984741211
2025-12-22,27.15999984741211,28.260000228881836,26.920000076293945,28.059999465942383,28.059999465942383
2025-12-23,28.030000686645508,28.350000381469727,27.579999923706055,27.829999923706055,27.829999923706055
2025-12-24,27.950000762939453,27.959999084472656,27.649999618530273,27.8700008392334,27.8700008392334
2025-12-26,27.950000762939453,27.950000762939453,27.399999618530273,27.6200008392334,27.6200008392334
2025-12-29,27.530000686645508,27.6200008392334,27.06999969482422,27.260000228881836,27.260000228881836
2025-12-30,27.1200008392334,27.299999237060547,26.65999984741211,26.700000762939453,26.700000762939453
2025-12-31,26.700000762939453,26.8700008392334,26.639999389648438,26.709999084472656,26.709999084472656
2026-01-02,26.75,26.899999618530273,26.079999923706055,26.290000915527344,26.290000915527344
2026-01-05,26.170000076293945,26.600000381469727,25.559999465942383,26.149999618530273,26.149999618530273
2026-01-06,26.5,26.989999771118164,26.360000610351562,26.940000534057617,26.940000534057617
2026-01-07,27.1200008392334,27.739999771118164,27.049999237060547,27.420000076293945,27.420000076293945
2026-01-08,27.309999465942383,27.5,26.549999237060547,26.90999984741211,26.90999984741211
2026-01-09,26.940000534057617,27.200000762939453,26.489999771118164,26.780000686645508,26.780000686645508
2026-01-12,26.5,26.739999771118164,25.899999618530273,26.59000015258789,26.59000015258789
2026-01-13,26.959999084472656,26.979999542236328,26.010000228881836,26.459999084472656,26.459999084472656
