date,open,high,low,close,adjclose,volume
2021-08-02,48.09000015258789,49.38999938964844,47.900001525878906,48.189998626708984,48.189998626708984,839100
2021-08-03,48.06999969482422,48.209999084472656,46.04999923706055,47.119998931884766,47.119998931884766,972600
2021-08-04,46.689998626708984,47.9900016784668,46.029998779296875,46.54999923706055,46.54999923706055,638400
2021-08-05,46.36000061035156,46.959999084472656,45.86000061035156,46.369998931884766,46.369998931884766,785600
2021-08-06,46.720001220703125,47.65999984741211,45.900001525878906,46.04999923706055,46.04999923706055,420600
2021-08-09,47.029998779296875,47.029998779296875,45.09000015258789,45.13999938964844,45.13999938964844,447600
2021-08-10,44.91999816894531,46.56999969482422,43.619998931884766,44.0,44.0,762700
2021-08-11,44.029998779296875,44.70000076293945,43.66999816894531,43.88999938964844,43.88999938964844,685500
2021-08-12,43.869998931884766,44.66999816894531,43.58000183105469,44.04999923706055,44.04999923706055,527100
2021-08-13,44.2400016784668,44.400001525878906,43.70000076293945,43.95000076293945,43.95000076293945,390400
2021-08-16,43.70000076293945,44.150001525878906,43.150001525878906,43.61000061035156,43.61000061035156,627400
2021-08-17,43.27000045776367,44.790000915527344,43.09000015258789,44.650001525878906,44.650001525878906,490100
2021-08-18,45.380001068115234,45.380001068115234,42.220001220703125,42.25,42.25,927200
2021-08-19,40.9900016784668,42.869998931884766,40.9900016784668,41.91999816894531,41.91999816894531,696400
2021-08-20,41.810001373291016,43.86000061035156,41.59000015258789,43.20000076293945,43.20000076293945,776800
2021-08-23,43.75,44.75,43.439998626708984,44.029998779296875,44.029998779296875,380900
2021-08-24,43.93000030517578,44.43000030517578,43.709999084472656,44.130001068115234,44.130001068115234,408700
2021-08-25,43.970001220703125,44.38999938964844,43.56999969482422,44.040000915527344,44.040000915527344,354600
2021-08-26,44.150001525878906,44.93000030517578,43.7599983215332,43.95000076293945,43.95000076293945,470400
2021-08-27,43.93000030517578,45.34000015258789,43.650001525878906,45.04999923706055,45.04999923706055,328900
2021-08-30,45.0099983215332,45.400001525878906,43.91999816894531,43.9900016784668,43.9900016784668,394900
2021-08-31,44.18000030517578,44.88999938964844,43.9900016784668,44.68000030517578,44.68000030517578,468400
2021-09-01,44.970001220703125,45.880001068115234,44.4900016784668,45.79999923706055,45.79999923706055,486600
2021-09-02,46.0,46.880001068115234,45.66999816894531,46.41999816894531,46.41999816894531,336800
2021-09-03,46.369998931884766,46.77000045776367,46.119998931884766,46.43000030517578,46.43000030517578,310600
2021-09-07,46.369998931884766,46.849998474121094,45.29999923706055,45.43000030517578,45.43000030517578,375900
2021-09-08,45.4900016784668,45.869998931884766,44.81999969482422,44.970001220703125,44.970001220703125,380100
2021-09-09,44.7599983215332,45.900001525878906,44.7599983215332,45.189998626708984,45.189998626708984,380100
2021-09-10,45.189998626708984,45.68000030517578,44.529998779296875,45.18000030517578,45.18000030517578,334900
2021-09-13,45.560001373291016,46.18000030517578,45.02000045776367,45.7599983215332,45.7599983215332,347000
2021-09-14,45.81999969482422,46.25,45.41999816894531,45.68000030517578,45.68000030517578,309700
2021-09-15,45.709999084472656,46.790000915527344,44.97999954223633,46.11000061035156,46.11000061035156,367200
2021-09-16,46.09000015258789,46.4900016784668,45.43000030517578,45.79999923706055,45.79999923706055,396000
2021-09-17,45.849998474121094,47.220001220703125,45.11000061035156,47.13999938964844,47.13999938964844,1298800
2021-09-20,46.470001220703125,47.09000015258789,45.599998474121094,46.11000061035156,46.11000061035156,612100
2021-09-21,46.09000015258789,47.22999954223633,46.09000015258789,47.0099983215332,47.0099983215332,260100
2021-09-22,47.209999084472656,47.43000030517578,46.31999969482422,46.7400016784668,46.7400016784668,265500
2021-09-23,46.97999954223633,47.84000015258789,46.34000015258789,47.75,47.75,297300
2021-09-24,48.06999969482422,48.06999969482422,47.22999954223633,47.52000045776367,47.52000045776367,271400
2021-09-27,47.61000061035156,48.349998474121094,47.25,48.2400016784668,48.2400016784668,266900
2021-09-28,48.20000076293945,48.40999984741211,46.459999084472656,46.47999954223633,46.47999954223633,538100
2021-09-29,46.66999816894531,47.5099983215332,46.06999969482422,46.209999084472656,46.209999084472656,348600
2021-09-30,46.40999984741211,47.20000076293945,46.06999969482422,46.150001525878906,46.150001525878906,406700
2021-10-01,46.040000915527344,46.88999938964844,44.869998931884766,46.34000015258789,46.34000015258789,467300
2021-10-04,46.209999084472656,47.130001068115234,45.16999816894531,45.529998779296875,45.529998779296875,604300
2021-10-05,45.47999954223633,45.560001373291016,43.58000183105469,43.93000030517578,43.93000030517578,534800
2021-10-06,43.459999084472656,44.029998779296875,42.849998474121094,43.310001373291016,43.310001373291016,323300
2021-10-07,43.47999954223633,44.65999984741211,43.279998779296875,44.02000045776367,44.02000045776367,414800
2021-10-08,44.029998779296875,44.599998474121094,43.41999816894531,44.16999816894531,44.16999816894531,206500
2021-10-11,44.04999923706055,45.08000183105469,43.81999969482422,44.310001373291016,44.310001373291016,359400
2021-10-12,44.2400016784668,45.970001220703125,43.9900016784668,45.540000915527344,45.540000915527344,332800
2021-10-13,45.40999984741211,46.43000030517578,45.349998474121094,45.529998779296875,45.529998779296875,291500
2021-10-14,46.22999954223633,47.400001525878906,45.900001525878906,46.72999954223633,46.72999954223633,309600
2021-10-15,47.22999954223633,47.400001525878906,46.060001373291016,46.279998779296875,46.279998779296875,817900
2021-10-18,45.88999938964844,46.189998626708984,43.650001525878906,44.279998779296875,44.279998779296875,365800
2021-10-19,44.81999969482422,45.939998626708984,44.529998779296875,45.81999969482422,45.81999969482422,241700
2021-10-20,46.0,47.68000030517578,45.4900016784668,47.58000183105469,47.58000183105469,310100
2021-10-21,47.650001525878906,48.439998626708984,47.25,47.9900016784668,47.9900016784668,338700
2021-10-22,48.189998626708984,48.75,47.2599983215332,48.54999923706055,48.54999923706055,330700
2021-10-25,48.7400016784668,49.45000076293945,48.0,48.88999938964844,48.88999938964844,290100
2021-10-26,48.959999084472656,49.119998931884766,47.970001220703125,48.02000045776367,48.02000045776367,278500
2021-10-27,48.150001525878906,48.20000076293945,46.84000015258789,46.9900016784668,46.9900016784668,275000
2021-10-28,47.13999938964844,48.459999084472656,47.02000045776367,48.400001525878906,48.400001525878906,407900
2021-10-29,48.36000061035156,48.77000045776367,46.90999984741211,47.0,47.0,250700
2021-11-01,47.099998474121094,49.75,46.900001525878906,49.619998931884766,49.619998931884766,262300
2021-11-02,49.900001525878906,49.900001525878906,48.58000183105469,49.779998779296875,49.779998779296875,269400
2021-11-03,49.0,50.2599983215332,45.630001068115234,49.63999938964844,49.63999938964844,778200
2021-11-04,49.9900016784668,50.97999954223633,45.790000915527344,46.16999816894531,46.16999816894531,558900
2021-11-05,45.72999954223633,46.47999954223633,44.86000061035156,45.689998626708984,45.689998626708984,410400
2021-11-08,46.11000061035156,46.33000183105469,44.77000045776367,45.2400016784668,45.2400016784668,256900
2021-11-09,45.209999084472656,45.66999816894531,42.91999816894531,43.52000045776367,43.52000045776367,371800
2021-11-10,43.150001525878906,44.22999954223633,42.900001525878906,42.9900016784668,42.9900016784668,258400
2021-11-11,43.470001220703125,43.470001220703125,42.38999938964844,42.79999923706055,42.79999923706055,269900
2021-11-12,42.779998779296875,42.900001525878906,41.61000061035156,42.0099983215332,42.0099983215332,316400
2021-11-15,42.2400016784668,42.2400016784668,40.43000030517578,40.58000183105469,40.58000183105469,530800
2021-11-16,40.29999923706055,40.849998474121094,39.34000015258789,40.689998626708984,40.689998626708984,455400
2021-11-17,40.779998779296875,41.81999969482422,39.09000015258789,39.66999816894531,39.66999816894531,580700
2021-11-18,39.72999954223633,40.060001373291016,38.689998626708984,38.709999084472656,38.709999084472656,515100
2021-11-19,38.4900016784668,39.38999938964844,37.5,38.220001220703125,38.220001220703125,410600
2021-11-22,38.310001373291016,38.90999984741211,37.02000045776367,37.18000030517578,37.18000030517578,668500
2021-11-23,37.29999923706055,37.5099983215332,36.36000061035156,37.369998931884766,37.369998931884766,675100
2021-11-24,37.13999938964844,37.709999084472656,36.47999954223633,37.25,37.25,564100
2021-11-26,36.93000030517578,37.70000076293945,35.459999084472656,36.45000076293945,36.45000076293945,373000
2021-11-29,36.880001068115234,37.11000061035156,35.459999084472656,35.5099983215332,35.5099983215332,572900
2021-11-30,35.34000015258789,36.08000183105469,35.2599983215332,35.619998931884766,35.619998931884766,834300
2021-12-01,35.9900016784668,36.290000915527344,35.0,35.040000915527344,35.040000915527344,619700
2021-12-02,35.0,35.45000076293945,34.290000915527344,34.83000183105469,34.83000183105469,749800
2021-12-03,35.900001525878906,36.70000076293945,33.939998626708984,34.220001220703125,34.220001220703125,985600
2021-12-06,34.040000915527344,34.040000915527344,32.02000045776367,32.65999984741211,32.65999984741211,829500
2021-12-07,33.099998474121094,33.61000061035156,32.5099983215332,32.689998626708984,32.689998626708984,1669700
2021-12-08,33.0,33.5099983215332,31.809999465942383,32.119998931884766,32.119998931884766,624100
2021-12-09,31.899999618530273,32.22999954223633,30.5,30.579999923706055,30.579999923706055,636800
2021-12-10,30.729999542236328,30.8700008392334,29.469999313354492,29.579999923706055,29.579999923706055,645900
2021-12-13,29.8700008392334,31.8799991607666,29.209999084472656,31.670000076293945,31.670000076293945,1261300
2021-12-14,31.31999969482422,32.869998931884766,31.010000228881836,32.22999954223633,32.22999954223633,912000
2021-12-15,32.130001068115234,32.90999984741211,31.049999237060547,32.7599983215332,32.7599983215332,1056700
2021-12-16,32.75,32.900001525878906,31.25,31.399999618530273,31.399999618530273,673900
2021-12-17,31.780000686645508,34.52000045776367,31.31999969482422,33.970001220703125,33.970001220703125,2973200
2021-12-20,33.22999954223633,34.349998474121094,31.989999771118164,33.83000183105469,33.83000183105469,922900
2021-12-21,33.880001068115234,34.810001373291016,33.45000076293945,34.58000183105469,34.58000183105469,624300
2021-12-22,34.369998931884766,35.540000915527344,33.959999084472656,35.06999969482422,35.06999969482422,464900
2021-12-23,34.97999954223633,36.08000183105469,34.7400016784668,35.83000183105469,35.83000183105469,423100
2021-12-27,35.630001068115234,35.630001068115234,34.4900016784668,34.709999084472656,34.709999084472656,419900
2021-12-28,34.58000183105469,35.529998779296875,33.849998474121094,34.20000076293945,34.20000076293945,467400
2021-12-29,34.0099983215332,34.369998931884766,33.38999938964844,33.77000045776367,33.77000045776367,284500
2021-12-30,33.66999816894531,34.52000045776367,33.459999084472656,33.56999969482422,33.56999969482422,279200
2021-12-31,33.81999969482422,33.880001068115234,32.810001373291016,32.869998931884766,32.869998931884766,338600
2022-01-03,33.029998779296875,34.849998474121094,32.599998474121094,34.810001373291016,34.810001373291016,325200
2022-01-04,34.58000183105469,34.97999954223633,33.27000045776367,33.790000915527344,33.790000915527344,489500
2022-01-05,33.970001220703125,35.119998931884766,32.810001373291016,32.849998474121094,32.849998474121094,536200
2022-01-06,32.86000061035156,33.84000015258789,31.979999542236328,33.36000061035156,33.36000061035156,388900
2022-01-07,33.45000076293945,34.400001525878906,32.380001068115234,32.56999969482422,32.56999969482422,456300
2022-01-10,32.45000076293945,33.040000915527344,31.040000915527344,33.0099983215332,33.0099983215332,489200
2022-01-11,33.099998474121094,34.20000076293945,32.83000183105469,33.16999816894531,33.16999816894531,411200
2022-01-12,33.02000045776367,33.65999984741211,31.56999969482422,31.639999389648438,31.639999389648438,468400
2022-01-13,31.75,32.529998779296875,31.170000076293945,31.950000762939453,31.950000762939453,395800
2022-01-14,32.099998474121094,33.2599983215332,31.34000015258789,33.13999938964844,33.13999938964844,520200
2022-01-18,32.709999084472656,32.77000045776367,31.09000015258789,31.139999389648438,31.139999389648438,562600
2022-01-19,31.18000030517578,32.29999923706055,30.770000457763672,31.030000686645508,31.030000686645508,583900
2022-01-20,31.399999618530273,32.33000183105469,30.15999984741211,30.360000610351562,30.360000610351562,637400
2022-01-21,30.1200008392334,30.8700008392334,29.790000915527344,29.799999237060547,29.799999237060547,1205300
2022-01-24,29.299999237060547,31.350000381469727,28.959999084472656,31.170000076293945,31.170000076293945,667300
2022-01-25,31.040000915527344,32.22999954223633,30.59000015258789,31.520000457763672,31.520000457763672,489500
2022-01-26,31.59000015258789,33.02000045776367,30.81999969482422,31.0,31.0,438300
2022-01-27,31.31999969482422,31.31999969482422,29.149999618530273,29.229999542236328,29.229999542236328,611300
2022-01-28,29.3700008392334,30.15999984741211,28.360000610351562,30.059999465942383,30.059999465942383,594700
2022-01-31,29.709999084472656,31.399999618530273,29.350000381469727,30.889999389648438,30.889999389648438,649000
2022-02-01,31.110000610351562,32.2400016784668,30.420000076293945,32.15999984741211,32.15999984741211,431400
2022-02-02,31.670000076293945,32.15999984741211,29.899999618530273,30.030000686645508,30.030000686645508,644000
2022-02-03,29.799999237060547,30.059999465942383,28.760000228881836,28.889999389648438,28.889999389648438,480300
2022-02-04,28.770000457763672,29.25,28.020000457763672,28.739999771118164,28.739999771118164,508300
2022-02-07,28.84000015258789,30.200000762939453,28.84000015258789,29.940000534057617,29.940000534057617,411700
2022-02-08,29.549999237060547,30.229999542236328,28.8799991607666,30.0,30.0,421600
2022-02-09,30.3700008392334,32.189998626708984,30.219999313354492,31.989999771118164,31.989999771118164,572300
2022-02-10,31.56999969482422,32.5099983215332,30.450000762939453,31.049999237060547,31.049999237060547,656900
2022-02-11,31.100000381469727,32.33000183105469,30.90999984741211,31.329999923706055,31.329999923706055,337300
2022-02-14,31.25,31.530000686645508,30.059999465942383,30.219999313354492,30.219999313354492,512000
2022-02-15,30.559999465942383,31.850000381469727,30.559999465942383,31.229999542236328,31.229999542236328,461900
2022-02-16,30.809999465942383,31.600000381469727,30.100000381469727,31.06999969482422,31.06999969482422,603400
2022-02-17,31.049999237060547,31.979999542236328,28.809999465942383,29.459999084472656,29.459999084472656,1588200
2022-02-18,29.780000686645508,30.3799991607666,28.600000381469727,29.420000076293945,29.420000076293945,1018500
2022-02-22,28.579999923706055,29.600000381469727,28.549999237060547,28.860000610351562,28.860000610351562,557000
2022-02-23,29.110000610351562,29.34000015258789,27.520000457763672,27.549999237060547,27.549999237060547,630300
2022-02-24,27.1200008392334,29.209999084472656,26.610000610351562,29.1299991607666,29.1299991607666,691300
2022-02-25,29.110000610351562,30.809999465942383,29.020000457763672,30.790000915527344,30.790000915527344,513700
2022-02-28,30.40999984741211,31.209999084472656,30.100000381469727,31.1299991607666,31.1299991607666,523300
2022-03-01,31.309999465942383,32.650001525878906,31.0,32.20000076293945,32.20000076293945,714900
2022-03-02,32.11000061035156,32.970001220703125,31.920000076293945,32.2599983215332,32.2599983215332,427500
2022-03-03,32.43000030517578,32.47999954223633,31.790000915527344,32.130001068115234,32.130001068115234,498300
2022-03-04,31.860000610351562,32.70000076293945,31.3799991607666,31.530000686645508,31.530000686645508,480500
2022-03-07,31.450000762939453,32.27000045776367,30.760000228881836,30.93000030517578,30.93000030517578,349500
2022-03-08,30.860000610351562,32.400001525878906,29.65999984741211,30.68000030517578,30.68000030517578,443300
2022-03-09,31.299999237060547,31.84000015258789,31.049999237060547,31.520000457763672,31.520000457763672,425900
2022-03-10,30.93000030517578,31.670000076293945,30.200000762939453,31.420000076293945,31.420000076293945,799000
2022-03-11,31.6299991607666,31.81999969482422,28.649999618530273,28.700000762939453,28.700000762939453,727300
2022-03-14,28.649999618530273,28.649999618530273,26.510000228881836,26.68000030517578,26.68000030517578,873000
2022-03-15,26.700000762939453,27.6200008392334,26.65999984741211,27.18000030517578,27.18000030517578,527800
2022-03-16,27.440000534057617,28.030000686645508,26.549999237060547,27.68000030517578,27.68000030517578,786400
2022-03-17,27.350000381469727,29.75,27.350000381469727,29.360000610351562,29.360000610351562,670800
2022-03-18,28.959999084472656,30.079999923706055,28.959999084472656,29.489999771118164,29.489999771118164,1050500
2022-03-21,29.399999618530273,29.5,28.219999313354492,28.530000686645508,28.530000686645508,436600
2022-03-22,28.780000686645508,29.90999984741211,28.700000762939453,29.719999313354492,29.719999313354492,313800
2022-03-23,29.40999984741211,30.030000686645508,28.84000015258789,28.899999618530273,28.899999618530273,306500
2022-03-24,29.479999542236328,29.770000457763672,28.670000076293945,29.760000228881836,29.760000228881836,264400
2022-03-25,29.81999969482422,29.850000381469727,28.709999084472656,28.790000915527344,28.790000915527344,282200
2022-03-28,28.700000762939453,29.299999237060547,27.6299991607666,28.520000457763672,28.520000457763672,291100
2022-03-29,28.920000076293945,30.5,28.920000076293945,30.479999542236328,30.479999542236328,379000
2022-03-30,30.139999389648438,31.1299991607666,29.219999313354492,29.360000610351562,29.360000610351562,314000
2022-03-31,29.40999984741211,30.260000228881836,29.020000457763672,29.110000610351562,29.110000610351562,346100
2022-04-01,29.1200008392334,30.670000076293945,28.899999618530273,30.1200008392334,30.1200008392334,390200
2022-04-04,30.1200008392334,31.450000762939453,30.100000381469727,31.420000076293945,31.420000076293945,316300
2022-04-05,31.15999984741211,31.790000915527344,30.420000076293945,30.540000915527344,30.540000915527344,551100
2022-04-06,30.420000076293945,30.979999542236328,29.700000762939453,29.969999313354492,29.969999313354492,603900
2022-04-07,29.81999969482422,31.15999984741211,29.15999984741211,29.65999984741211,29.65999984741211,321700
2022-04-08,29.68000030517578,30.0,28.8700008392334,29.459999084472656,29.459999084472656,478400
2022-04-11,28.969999313354492,29.56999969482422,28.610000610351562,28.760000228881836,28.760000228881836,566700
2022-04-12,29.100000381469727,29.979999542236328,28.0,28.479999542236328,28.479999542236328,381200
2022-04-13,28.579999923706055,29.670000076293945,28.579999923706055,29.479999542236328,29.479999542236328,373500
2022-04-14,29.239999771118164,30.270000457763672,27.829999923706055,27.899999618530273,27.899999618530273,681200
2022-04-18,27.739999771118164,27.739999771118164,25.299999237060547,25.56999969482422,25.56999969482422,899800
2022-04-19,25.65999984741211,27.049999237060547,25.34000015258789,26.040000915527344,26.040000915527344,1067800
2022-04-20,25.790000915527344,26.860000610351562,25.479999542236328,26.329999923706055,26.329999923706055,569300
2022-04-21,26.56999969482422,27.0,23.799999237060547,24.920000076293945,24.920000076293945,934900
2022-04-22,24.920000076293945,25.229999542236328,24.229999542236328,24.270000457763672,24.270000457763672,454500
2022-04-25,24.170000076293945,25.100000381469727,23.729999542236328,24.950000762939453,24.950000762939453,502200
2022-04-26,24.6200008392334,24.940000534057617,23.020000457763672,23.049999237060547,23.049999237060547,752100
2022-04-27,22.90999984741211,23.170000076293945,22.270000457763672,22.700000762939453,22.700000762939453,535500
2022-04-28,22.899999618530273,23.43000030517578,21.93000030517578,22.979999542236328,22.979999542236328,1031600
2022-04-29,22.950000762939453,23.40999984741211,21.889999389648438,21.969999313354492,21.969999313354492,631200
2022-05-02,21.829999923706055,23.59000015258789,21.719999313354492,23.579999923706055,23.579999923706055,879900
2022-05-03,23.639999389648438,24.200000762939453,22.940000534057617,23.170000076293945,23.170000076293945,513600
2022-05-04,23.34000015258789,24.25,22.25,24.139999389648438,24.139999389648438,490300
2022-05-05,23.0,24.290000915527344,22.010000228881836,23.0,23.0,944200
2022-05-06,22.350000381469727,23.06999969482422,21.899999618530273,22.6200008392334,22.6200008392334,610400
2022-05-09,22.34000015258789,22.579999923706055,20.219999313354492,20.420000076293945,20.420000076293945,610900
2022-05-10,21.610000610351562,22.700000762939453,20.459999084472656,21.790000915527344,21.790000915527344,766500
2022-05-11,21.56999969482422,22.3700008392334,20.3799991607666,20.489999771118164,20.489999771118164,786000
2022-05-12,20.200000762939453,21.850000381469727,20.200000762939453,21.40999984741211,21.40999984741211,1152300
2022-05-13,22.059999465942383,23.079999923706055,21.6299991607666,22.1200008392334,22.1200008392334,726000
2022-05-16,21.920000076293945,22.530000686645508,21.530000686645508,22.139999389648438,22.139999389648438,390600
2022-05-17,22.979999542236328,23.260000228881836,21.84000015258789,22.329999923706055,22.329999923706055,936300
2022-05-18,21.56999969482422,22.059999465942383,20.65999984741211,21.149999618530273,21.149999618530273,601600
2022-05-19,21.209999084472656,21.5,20.200000762939453,20.610000610351562,20.610000610351562,644400
2022-05-20,20.850000381469727,21.139999389648438,19.969999313354492,21.100000381469727,21.100000381469727,454200
2022-05-23,21.299999237060547,21.520000457763672,20.6200008392334,21.09000015258789,21.09000015258789,557700
2022-05-24,20.520000457763672,20.860000610351562,19.34000015258789,19.469999313354492,19.469999313354492,611300
2022-05-25,19.309999465942383,20.049999237060547,19.18000030517578,19.6299991607666,19.6299991607666,627600
2022-05-26,19.709999084472656,20.139999389648438,19.18000030517578,19.389999389648438,19.389999389648438,314600
2022-05-27,19.34000015258789,19.850000381469727,18.549999237060547,19.829999923706055,19.829999923706055,534200
2022-05-31,19.84000015258789,20.280000686645508,18.899999618530273,19.469999313354492,19.469999313354492,676100
2022-06-01,19.56999969482422,19.81999969482422,18.520000457763672,19.09000015258789,19.09000015258789,659700
2022-06-02,19.1299991607666,19.6299991607666,18.959999084472656,19.3799991607666,19.3799991607666,408800
2022-06-03,19.209999084472656,20.110000610351562,19.209999084472656,19.68000030517578,19.68000030517578,555000
2022-06-06,19.889999389648438,20.59000015258789,18.219999313354492,18.309999465942383,18.309999465942383,737800
2022-06-07,18.020000457763672,19.59000015258789,18.020000457763672,19.549999237060547,19.549999237060547,677900
2022-06-08,19.360000610351562,20.479999542236328,19.239999771118164,20.020000457763672,20.020000457763672,444100
2022-06-09,19.8700008392334,20.139999389648438,19.5,19.600000381469727,19.600000381469727,420800
2022-06-10,18.90999984741211,19.260000228881836,18.389999389648438,18.5,18.5,719700
2022-06-13,17.790000915527344,18.270000457763672,17.270000457763672,17.3700008392334,17.3700008392334,690300
2022-06-14,17.459999084472656,17.520000457763672,16.81999969482422,17.059999465942383,17.059999465942383,749300
2022-06-15,17.15999984741211,18.719999313354492,17.15999984741211,18.329999923706055,18.329999923706055,972500
2022-06-16,17.709999084472656,18.479999542236328,16.75,17.139999389648438,17.139999389648438,774100
2022-06-17,17.3799991607666,18.290000915527344,17.3799991607666,17.969999313354492,17.969999313354492,1919200
2022-06-21,18.3700008392334,18.770000457763672,18.049999237060547,18.09000015258789,18.09000015258789,1443000
2022-06-22,17.829999923706055,19.209999084472656,17.829999923706055,18.600000381469727,18.600000381469727,2512300
2022-06-23,18.719999313354492,21.350000381469727,18.600000381469727,21.280000686645508,21.280000686645508,905600
2022-06-24,21.600000381469727,22.610000610351562,21.049999237060547,22.56999969482422,22.56999969482422,1536400
2022-06-27,22.530000686645508,23.540000915527344,22.219999313354492,23.149999618530273,23.149999618530273,657100
2022-06-28,23.030000686645508,23.510000228881836,22.56999969482422,22.610000610351562,22.610000610351562,796600
2022-06-29,22.43000030517578,22.850000381469727,21.899999618530273,22.3799991607666,22.3799991607666,479800
2022-06-30,21.899999618530273,23.010000228881836,21.700000762939453,22.170000076293945,22.170000076293945,437300
2022-07-01,22.170000076293945,23.459999084472656,21.940000534057617,23.360000610351562,23.360000610351562,494300
2022-07-05,23.010000228881836,25.479999542236328,22.1299991607666,25.450000762939453,25.450000762939453,985500
2022-07-06,25.40999984741211,26.229999542236328,25.239999771118164,25.350000381469727,25.350000381469727,911400
2022-07-07,25.149999618530273,26.079999923706055,25.149999618530273,26.010000228881836,26.010000228881836,730200
2022-07-08,25.799999237060547,26.329999923706055,25.600000381469727,26.0,26.0,415900
2022-07-11,25.65999984741211,25.65999984741211,23.40999984741211,23.489999771118164,23.489999771118164,718500
2022-07-12,23.56999969482422,24.3700008392334,22.65999984741211,24.059999465942383,24.059999465942383,473900
2022-07-13,23.290000915527344,24.139999389648438,22.610000610351562,22.65999984741211,22.65999984741211,813900
2022-07-14,22.56999969482422,23.110000610351562,22.190000534057617,22.709999084472656,22.709999084472656,568800
2022-07-15,23.100000381469727,23.18000030517578,21.729999542236328,22.309999465942383,22.309999465942383,850000
2022-07-18,22.809999465942383,23.030000686645508,20.889999389648438,20.979999542236328,20.979999542236328,530700
2022-07-19,21.18000030517578,21.889999389648438,21.09000015258789,21.6200008392334,21.6200008392334,437000
2022-07-20,21.940000534057617,22.469999313354492,21.59000015258789,21.899999618530273,21.899999618530273,477300
2022-07-21,21.809999465942383,22.06999969482422,21.469999313354492,21.799999237060547,21.799999237060547,249600
2022-07-22,21.969999313354492,22.1200008392334,20.389999389648438,20.489999771118164,20.489999771118164,481100
2022-07-25,20.510000228881836,20.860000610351562,19.809999465942383,20.0,20.0,426400
2022-07-26,19.959999084472656,20.329999923706055,19.43000030517578,19.510000228881836,19.510000228881836,545900
2022-07-27,20.59000015258789,21.700000762939453,20.40999984741211,21.6200008392334,21.6200008392334,724200
2022-07-28,21.5,21.860000610351562,20.889999389648438,21.520000457763672,21.520000457763672,564600
2022-07-29,21.3799991607666,21.610000610351562,20.899999618530273,21.56999969482422,21.56999969482422,789600
2022-08-01,21.239999771118164,21.790000915527344,21.010000228881836,21.290000915527344,21.290000915527344,423400
2022-08-02,21.1299991607666,23.260000228881836,21.0,22.950000762939453,22.950000762939453,902400
2022-08-03,23.350000381469727,24.959999084472656,23.350000381469727,24.950000762939453,24.950000762939453,684100
2022-08-04,25.56999969482422,28.6200008392334,25.56999969482422,28.610000610351562,28.610000610351562,1180000
2022-08-05,27.81999969482422,30.049999237060547,27.09000015258789,29.739999771118164,29.739999771118164,1056400
2022-08-08,29.5,29.59000015258789,28.270000457763672,29.3799991607666,29.3799991607666,672700
2022-08-09,28.270000457763672,28.979999542236328,27.100000381469727,27.3700008392334,27.3700008392334,743000
2022-08-10,28.1200008392334,28.389999389648438,27.149999618530273,28.219999313354492,28.219999313354492,683600
2022-08-11,28.299999237060547,28.5,25.770000457763672,25.989999771118164,25.989999771118164,722900
2022-08-12,26.31999969482422,28.6299991607666,26.15999984741211,28.149999618530273,28.149999618530273,823200
2022-08-15,27.719999313354492,28.889999389648438,27.139999389648438,28.309999465942383,28.309999465942383,418600
2022-08-16,27.989999771118164,28.280000686645508,26.989999771118164,27.40999984741211,27.40999984741211,471500
2022-08-17,26.84000015258789,27.049999237060547,25.940000534057617,26.219999313354492,26.219999313354492,493000
2022-08-18,26.219999313354492,26.229999542236328,25.280000686645508,26.149999618530273,26.149999618530273,368400
2022-08-19,25.6299991607666,26.030000686645508,25.020000457763672,25.549999237060547,25.549999237060547,436700
2022-08-22,25.190000534057617,26.3799991607666,25.190000534057617,25.469999313354492,25.469999313354492,401700
2022-08-23,25.469999313354492,26.479999542236328,25.170000076293945,26.15999984741211,26.15999984741211,547100
2022-08-24,26.399999618530273,28.549999237060547,26.309999465942383,27.84000015258789,27.84000015258789,663900
2022-08-25,28.219999313354492,28.700000762939453,27.639999389648438,28.31999969482422,28.31999969482422,591500
2022-08-26,28.229999542236328,28.299999237060547,26.649999618530273,26.799999237060547,26.799999237060547,558200
2022-08-29,26.3700008392334,27.15999984741211,25.729999542236328,25.829999923706055,25.829999923706055,450700
2022-08-30,26.270000457763672,27.190000534057617,24.670000076293945,24.940000534057617,24.940000534057617,509300
2022-08-31,25.360000610351562,25.770000457763672,24.940000534057617,25.5,25.5,632200
2022-09-01,27.5,30.6299991607666,27.270000457763672,30.59000015258789,30.59000015258789,2235000
2022-09-02,30.709999084472656,32.7400016784668,30.079999923706055,31.850000381469727,31.850000381469727,1669400
2022-09-06,31.969999313354492,32.400001525878906,30.610000610351562,31.3799991607666,31.3799991607666,1479200
2022-09-07,30.440000534057617,30.459999084472656,27.15999984741211,30.0,30.0,1935200
2022-09-08,29.93000030517578,34.38999938964844,29.719999313354492,34.0,34.0,1708500
2022-09-09,34.0,34.7599983215332,33.2599983215332,34.13999938964844,34.13999938964844,886500
2022-09-12,34.29999923706055,34.75,33.08000183105469,34.02000045776367,34.02000045776367,753900
2022-09-13,32.81999969482422,33.31999969482422,31.709999084472656,32.95000076293945,32.95000076293945,1044100
2022-09-14,33.06999969482422,34.0,32.34000015258789,33.45000076293945,33.45000076293945,662700
2022-09-15,33.11000061035156,34.310001373291016,32.970001220703125,34.08000183105469,34.08000183105469,762900
2022-09-16,33.900001525878906,33.900001525878906,30.670000076293945,30.84000015258789,30.84000015258789,1974400
2022-09-19,30.450000762939453,32.83000183105469,29.84000015258789,32.43000030517578,32.43000030517578,709200
2022-09-20,32.0099983215332,32.63999938964844,31.65999984741211,32.18000030517578,32.18000030517578,581100
2022-09-21,32.33000183105469,32.33000183105469,29.6299991607666,29.799999237060547,29.799999237060547,579700
2022-09-22,29.709999084472656,30.06999969482422,28.889999389648438,29.6200008392334,29.6200008392334,502800
2022-09-23,29.34000015258789,29.440000534057617,27.899999618530273,28.989999771118164,28.989999771118164,609000
2022-09-26,28.8700008392334,29.389999389648438,27.790000915527344,27.8799991607666,27.8799991607666,547100
2022-09-27,28.639999389648438,29.43000030517578,28.329999923706055,28.719999313354492,28.719999313354492,517700
2022-09-28,29.260000228881836,30.0,28.989999771118164,29.3799991607666,29.3799991607666,758400
2022-09-29,29.010000228881836,29.010000228881836,28.06999969482422,28.56999969482422,28.56999969482422,475600
2022-09-30,28.6200008392334,29.540000915527344,28.190000534057617,28.280000686645508,28.280000686645508,639700
2022-10-03,28.729999542236328,30.020000457763672,27.940000534057617,28.979999542236328,28.979999542236328,501700
2022-10-04,29.450000762939453,30.309999465942383,29.06999969482422,29.450000762939453,29.450000762939453,590200
2022-10-05,28.760000228881836,29.280000686645508,27.520000457763672,28.989999771118164,28.989999771118164,802200
2022-10-06,28.6200008392334,29.25,28.450000762939453,28.829999923706055,28.829999923706055,631500
2022-10-07,28.190000534057617,28.190000534057617,27.020000457763672,27.09000015258789,27.09000015258789,618900
2022-10-10,26.280000686645508,27.1200008392334,26.280000686645508,26.8700008392334,26.8700008392334,517400
2022-10-11,27.059999465942383,28.239999771118164,26.360000610351562,27.440000534057617,27.440000534057617,476500
2022-10-12,27.489999771118164,28.260000228881836,26.959999084472656,28.059999465942383,28.059999465942383,278700
2022-10-13,27.3799991607666,28.219999313354492,26.59000015258789,27.8799991607666,27.8799991607666,340000
2022-10-14,28.139999389648438,28.489999771118164,26.889999389648438,26.969999313354492,26.969999313354492,301300
2022-10-17,27.600000381469727,28.420000076293945,27.049999237060547,28.149999618530273,28.149999618530273,410200
2022-10-18,29.010000228881836,29.100000381469727,26.90999984741211,27.3700008392334,27.3700008392334,564600
2022-10-19,26.860000610351562,27.1200008392334,25.84000015258789,26.170000076293945,26.170000076293945,568100
2022-10-20,26.360000610351562,27.270000457763672,26.040000915527344,26.149999618530273,26.149999618530273,463100
2022-10-21,26.350000381469727,27.25,25.829999923706055,27.0,27.0,1364800
2022-10-24,27.06999969482422,27.280000686645508,24.700000762939453,25.690000534057617,25.690000534057617,488700
2022-10-25,25.799999237060547,27.440000534057617,25.799999237060547,26.959999084472656,26.959999084472656,530200
2022-10-26,26.940000534057617,29.950000762939453,26.940000534057617,28.09000015258789,28.09000015258789,620100
2022-10-27,28.75,28.920000076293945,27.520000457763672,27.729999542236328,27.729999542236328,327500
2022-10-28,28.1299991607666,28.799999237060547,27.479999542236328,28.65999984741211,28.65999984741211,372600
2022-10-31,28.239999771118164,28.790000915527344,27.299999237060547,27.540000915527344,27.540000915527344,441200
2022-11-01,27.950000762939453,28.959999084472656,27.360000610351562,28.3700008392334,28.3700008392334,360700
2022-11-02,28.25,29.469999313354492,27.729999542236328,27.81999969482422,27.81999969482422,359700
2022-11-03,27.68000030517578,28.09000015258789,25.6299991607666,26.360000610351562,26.360000610351562,732900
2022-11-04,26.600000381469727,26.670000076293945,24.709999084472656,25.899999618530273,25.899999618530273,662800
2022-11-07,26.079999923706055,27.3799991607666,25.520000457763672,27.1200008392334,27.1200008392334,641700
2022-11-08,27.100000381469727,28.020000457763672,26.809999465942383,27.260000228881836,27.260000228881836,428400
2022-11-09,26.969999313354492,27.690000534057617,26.219999313354492,26.329999923706055,26.329999923706055,457000
2022-11-10,27.850000381469727,29.0,27.510000228881836,28.739999771118164,28.739999771118164,713900
2022-11-11,28.579999923706055,29.639999389648438,28.579999923706055,29.270000457763672,29.270000457763672,505100
2022-11-14,29.260000228881836,29.81999969482422,28.329999923706055,28.579999923706055,28.579999923706055,513200
2022-11-15,29.520000457763672,29.520000457763672,28.079999923706055,28.40999984741211,28.40999984741211,464800
2022-11-16,28.200000762939453,28.350000381469727,26.829999923706055,27.1299991607666,27.1299991607666,360400
2022-11-17,27.920000076293945,28.6200008392334,26.770000457763672,28.59000015258789,28.59000015258789,493700
2022-11-18,28.959999084472656,28.959999084472656,27.610000610351562,28.209999084472656,28.209999084472656,499700
2022-11-21,28.06999969482422,29.190000534057617,27.969999313354492,29.030000686645508,29.030000686645508,317500
2022-11-22,29.030000686645508,29.18000030517578,27.829999923706055,28.670000076293945,28.670000076293945,331500
2022-11-23,28.8700008392334,29.059999465942383,28.170000076293945,28.829999923706055,28.829999923706055,318100
2022-11-25,28.549999237060547,29.09000015258789,28.549999237060547,29.0,29.0,122100
2022-11-28,29.0,29.399999618530273,28.559999465942383,28.719999313354492,28.719999313354492,371600
2022-11-29,28.969999313354492,29.530000686645508,28.59000015258789,28.799999237060547,28.799999237060547,202300
2022-11-30,29.0,30.239999771118164,28.690000534057617,30.139999389648438,30.139999389648438,660200
2022-12-01,29.93000030517578,29.93000030517578,28.799999237060547,29.389999389648438,29.389999389648438,394700
2022-12-02,29.09000015258789,31.68000030517578,28.600000381469727,31.520000457763672,31.520000457763672,460600
2022-12-05,31.329999923706055,31.510000228881836,29.329999923706055,29.799999237060547,29.799999237060547,620800
2022-12-06,29.639999389648438,29.639999389648438,28.239999771118164,28.600000381469727,28.600000381469727,428500
2022-12-07,28.549999237060547,28.780000686645508,27.6200008392334,27.93000030517578,27.93000030517578,380200
2022-12-08,28.170000076293945,28.709999084472656,27.260000228881836,28.690000534057617,28.690000534057617,343800
2022-12-09,28.75,28.920000076293945,27.989999771118164,28.15999984741211,28.15999984741211,408100
2022-12-12,28.329999923706055,29.260000228881836,27.469999313354492,29.239999771118164,29.239999771118164,531500
2022-12-13,29.979999542236328,31.799999237060547,29.200000762939453,31.350000381469727,31.350000381469727,1147600
2022-12-14,31.25,31.8700008392334,30.84000015258789,31.020000457763672,31.020000457763672,516300
2022-12-15,30.549999237060547,30.989999771118164,29.43000030517578,29.709999084472656,29.709999084472656,398300
2022-12-16,29.190000534057617,30.040000915527344,28.3700008392334,29.709999084472656,29.709999084472656,951000
2022-12-19,29.579999923706055,29.579999923706055,27.5,28.049999237060547,28.049999237060547,510600
2022-12-20,27.889999389648438,28.799999237060547,27.790000915527344,28.489999771118164,28.489999771118164,395700
2022-12-21,28.579999923706055,29.549999237060547,28.450000762939453,28.520000457763672,28.520000457763672,435900
2022-12-22,28.079999923706055,28.549999237060547,27.520000457763672,28.479999542236328,28.479999542236328,396100
2022-12-23,28.389999389648438,28.420000076293945,26.799999237060547,27.030000686645508,27.030000686645508,499900
2022-12-27,27.020000457763672,27.200000762939453,26.329999923706055,26.649999618530273,26.649999618530273,320200
2022-12-28,26.549999237060547,27.350000381469727,26.239999771118164,26.260000228881836,26.260000228881836,311000
2022-12-29,26.260000228881836,27.950000762939453,26.260000228881836,27.420000076293945,27.420000076293945,368700
2022-12-30,27.030000686645508,28.1299991607666,26.8799991607666,28.079999923706055,28.079999923706055,332600
2023-01-03,28.290000915527344,28.670000076293945,27.299999237060547,27.530000686645508,27.530000686645508,410700
2023-01-04,27.899999618530273,28.899999618530273,27.770000457763672,28.860000610351562,28.860000610351562,433100
2023-01-05,28.739999771118164,29.40999984741211,28.389999389648438,28.75,28.75,392300
2023-01-06,28.93000030517578,29.709999084472656,28.579999923706055,29.309999465942383,29.309999465942383,354000
2023-01-09,29.670000076293945,30.290000915527344,28.420000076293945,29.219999313354492,29.219999313354492,387400
2023-01-10,29.049999237060547,29.780000686645508,28.5,29.579999923706055,29.579999923706055,365400
2023-01-11,29.6200008392334,29.860000610351562,28.959999084472656,28.989999771118164,28.989999771118164,341300
2023-01-12,29.0,30.360000610351562,28.31999969482422,30.34000015258789,30.34000015258789,559600
2023-01-13,30.030000686645508,31.0,29.030000686645508,29.770000457763672,29.770000457763672,407600
2023-01-17,29.649999618530273,29.649999618530273,28.260000228881836,28.520000457763672,28.520000457763672,473200
2023-01-18,28.520000457763672,29.1200008392334,27.850000381469727,28.049999237060547,28.049999237060547,465500
2023-01-19,27.940000534057617,28.260000228881836,27.190000534057617,27.3799991607666,27.3799991607666,587300
2023-01-20,27.780000686645508,28.3700008392334,26.850000381469727,28.15999984741211,28.15999984741211,1234600
2023-01-23,28.190000534057617,29.239999771118164,27.469999313354492,28.799999237060547,28.799999237060547,1108300
2023-01-24,28.809999465942383,30.079999923706055,28.520000457763672,29.75,29.75,462800
2023-01-25,29.420000076293945,30.799999237060547,29.149999618530273,30.780000686645508,30.780000686645508,631000
2023-01-26,31.049999237060547,31.559999465942383,30.010000228881836,30.719999313354492,30.719999313354492,234700
2023-01-27,30.709999084472656,31.270000457763672,30.610000610351562,30.75,30.75,497200
2023-01-30,30.31999969482422,30.3799991607666,28.670000076293945,29.190000534057617,29.190000534057617,366800
2023-01-31,29.190000534057617,29.850000381469727,29.09000015258789,29.479999542236328,29.479999542236328,449600
2023-02-01,29.459999084472656,30.09000015258789,29.0,29.559999465942383,29.559999465942383,445600
2023-02-02,29.8799991607666,30.760000228881836,29.5,30.18000030517578,30.18000030517578,531900
2023-02-03,30.399999618530273,31.5,30.1200008392334,30.200000762939453,30.200000762939453,485600
2023-02-06,30.239999771118164,31.3700008392334,30.1200008392334,30.31999969482422,30.31999969482422,423500
2023-02-07,30.290000915527344,31.1299991607666,29.8799991607666,30.93000030517578,30.93000030517578,738300
2023-02-08,30.860000610351562,30.860000610351562,29.309999465942383,29.459999084472656,29.459999084472656,401800
2023-02-09,29.760000228881836,29.760000228881836,28.799999237060547,28.799999237060547,28.799999237060547,342900
2023-02-10,28.530000686645508,28.719999313354492,28.049999237060547,28.520000457763672,28.520000457763672,326500
2023-02-13,28.510000228881836,28.940000534057617,28.209999084472656,28.90999984741211,28.90999984741211,218600
2023-02-14,28.59000015258789,29.09000015258789,27.93000030517578,28.209999084472656,28.209999084472656,505700
2023-02-15,28.1200008392334,28.3799991607666,27.100000381469727,27.709999084472656,27.709999084472656,645900
2023-02-16,27.209999084472656,27.829999923706055,26.81999969482422,27.1200008392334,27.1200008392334,587100
2023-02-17,27.170000076293945,27.809999465942383,26.729999542236328,27.68000030517578,27.68000030517578,591500
2023-02-21,27.219999313354492,27.459999084472656,25.860000610351562,26.3700008392334,26.3700008392334,675800
2023-02-22,26.6200008392334,26.84000015258789,25.989999771118164,26.520000457763672,26.520000457763672,589500
2023-02-23,26.25,27.200000762939453,25.18000030517578,26.059999465942383,26.059999465942383,908200
2023-02-24,25.610000610351562,25.889999389648438,25.030000686645508,25.110000610351562,25.110000610351562,584000
2023-02-27,25.40999984741211,25.920000076293945,25.110000610351562,25.260000228881836,25.260000228881836,604000
2023-02-28,25.25,26.1299991607666,25.149999618530273,25.309999465942383,25.309999465942383,733800
2023-03-01,25.209999084472656,25.790000915527344,24.700000762939453,25.010000228881836,25.010000228881836,647600
2023-03-02,24.780000686645508,25.06999969482422,24.18000030517578,24.200000762939453,24.200000762939453,671400
2023-03-03,24.290000915527344,24.719999313354492,24.020000457763672,24.440000534057617,24.440000534057617,416600
2023-03-06,25.139999389648438,25.139999389648438,23.690000534057617,24.170000076293945,24.170000076293945,481200
2023-03-07,23.989999771118164,24.350000381469727,23.530000686645508,23.559999465942383,23.559999465942383,481900
2023-03-08,23.510000228881836,23.770000457763672,22.959999084472656,23.540000915527344,23.540000915527344,434300
2023-03-09,23.540000915527344,23.540000915527344,22.31999969482422,22.600000381469727,22.600000381469727,576800
2023-03-10,22.479999542236328,22.479999542236328,21.1200008392334,21.969999313354492,21.969999313354492,860200
2023-03-13,21.670000076293945,23.010000228881836,21.65999984741211,22.6200008392334,22.6200008392334,757000
2023-03-14,23.200000762939453,23.450000762939453,22.489999771118164,22.850000381469727,22.850000381469727,600800
2023-03-15,22.360000610351562,23.84000015258789,22.360000610351562,23.6299991607666,23.6299991607666,692000
2023-03-16,23.360000610351562,24.3700008392334,23.1200008392334,24.0,24.0,613300
2023-03-17,23.889999389648438,23.889999389648438,22.989999771118164,23.260000228881836,23.260000228881836,796400
2023-03-20,23.219999313354492,23.260000228881836,22.440000534057617,22.729999542236328,22.729999542236328,457200
2023-03-21,22.850000381469727,23.350000381469727,22.65999984741211,23.1200008392334,23.1200008392334,379600
2023-03-22,23.0,23.049999237060547,21.790000915527344,21.790000915527344,21.790000915527344,453600
2023-03-23,22.100000381469727,22.389999389648438,21.389999389648438,21.979999542236328,21.979999542236328,434100
2023-03-24,21.760000228881836,21.940000534057617,21.06999969482422,21.739999771118164,21.739999771118164,603400
2023-03-27,22.190000534057617,22.360000610351562,21.889999389648438,22.25,22.25,451800
2023-03-28,22.209999084472656,22.809999465942383,22.209999084472656,22.549999237060547,22.549999237060547,731000
2023-03-29,22.760000228881836,23.530000686645508,22.6299991607666,23.1299991607666,23.1299991607666,446700
2023-03-30,23.260000228881836,23.56999969482422,22.530000686645508,22.549999237060547,22.549999237060547,572400
2023-03-31,22.6200008392334,23.389999389648438,22.6200008392334,22.969999313354492,22.969999313354492,535200
2023-04-03,22.860000610351562,23.420000076293945,22.489999771118164,22.700000762939453,22.700000762939453,382600
2023-04-04,22.799999237060547,22.809999465942383,21.510000228881836,21.600000381469727,21.600000381469727,579800
2023-04-05,21.540000915527344,21.8700008392334,21.34000015258789,21.65999984741211,21.65999984741211,330700
2023-04-06,21.700000762939453,22.010000228881836,21.3700008392334,21.770000457763672,21.770000457763672,302900
2023-04-10,21.670000076293945,21.770000457763672,21.09000015258789,21.59000015258789,21.59000015258789,395300
2023-04-11,21.6299991607666,22.299999237060547,21.6299991607666,21.940000534057617,21.940000534057617,335400
2023-04-12,22.139999389648438,22.139999389648438,21.350000381469727,21.3799991607666,21.3799991607666,231800
2023-04-13,21.420000076293945,22.6299991607666,21.420000076293945,22.510000228881836,22.510000228881836,380700
2023-04-14,22.43000030517578,22.639999389648438,21.610000610351562,21.940000534057617,21.940000534057617,383500
2023-04-17,22.190000534057617,22.90999984741211,22.190000534057617,22.530000686645508,22.530000686645508,481200
2023-04-18,22.56999969482422,22.56999969482422,22.049999237060547,22.489999771118164,22.489999771118164,428400
2023-04-19,22.25,23.100000381469727,22.1299991607666,22.93000030517578,22.93000030517578,330600
2023-04-20,22.719999313354492,22.989999771118164,22.510000228881836,22.59000015258789,22.59000015258789,465600
2023-04-21,22.65999984741211,22.889999389648438,22.440000534057617,22.68000030517578,22.68000030517578,904600
2023-04-24,22.639999389648438,22.809999465942383,21.639999389648438,22.510000228881836,22.510000228881836,483500
2023-04-25,22.280000686645508,22.700000762939453,22.139999389648438,22.440000534057617,22.440000534057617,313700
2023-04-26,22.389999389648438,22.600000381469727,21.739999771118164,22.100000381469727,22.100000381469727,479300
2023-04-27,22.15999984741211,22.3700008392334,21.899999618530273,22.31999969482422,22.31999969482422,353800
2023-04-28,22.450000762939453,23.139999389648438,22.030000686645508,22.8700008392334,22.8700008392334,466300
2023-05-01,22.790000915527344,23.489999771118164,22.780000686645508,23.190000534057617,23.190000534057617,319100
2023-05-02,23.049999237060547,23.260000228881836,22.440000534057617,22.6299991607666,22.6299991607666,547300
2023-05-03,22.850000381469727,23.489999771118164,22.450000762939453,22.8700008392334,22.8700008392334,673100
2023-05-04,21.8799991607666,24.8700008392334,21.75,24.6200008392334,24.6200008392334,629100
2023-05-05,24.93000030517578,26.65999984741211,24.809999465942383,25.540000915527344,25.540000915527344,1055400
2023-05-08,25.540000915527344,25.709999084472656,25.18000030517578,25.40999984741211,25.40999984741211,507100
2023-05-09,25.100000381469727,25.610000610351562,25.09000015258789,25.399999618530273,25.399999618530273,458200
2023-05-10,25.829999923706055,26.020000457763672,25.219999313354492,25.799999237060547,25.799999237060547,520500
2023-05-11,25.59000015258789,25.729999542236328,25.170000076293945,25.3799991607666,25.3799991607666,470800
2023-05-12,25.639999389648438,25.639999389648438,24.639999389648438,25.389999389648438,25.389999389648438,324200
2023-05-15,25.549999237060547,26.690000534057617,25.399999618530273,26.200000762939453,26.200000762939453,481700
2023-05-16,25.700000762939453,25.700000762939453,25.15999984741211,25.40999984741211,25.40999984741211,341400
2023-05-17,25.700000762939453,26.030000686645508,25.15999984741211,25.979999542236328,25.979999542236328,318200
2023-05-18,25.93000030517578,25.979999542236328,24.93000030517578,25.809999465942383,25.809999465942383,335400
2023-05-19,26.09000015258789,26.399999618530273,25.6299991607666,26.100000381469727,26.100000381469727,324200
2023-05-22,26.200000762939453,26.850000381469727,26.079999923706055,26.690000534057617,26.690000534057617,375100
2023-05-23,26.68000030517578,27.81999969482422,26.68000030517578,27.1200008392334,27.1200008392334,488500
2023-05-24,26.850000381469727,27.100000381469727,26.360000610351562,26.700000762939453,26.700000762939453,369000
2023-05-25,26.549999237060547,26.549999237060547,25.299999237060547,25.780000686645508,25.780000686645508,406700
2023-05-26,25.799999237060547,26.049999237060547,25.329999923706055,25.81999969482422,25.81999969482422,233400
2023-05-30,25.889999389648438,26.3799991607666,25.010000228881836,25.31999969482422,25.31999969482422,275400
2023-05-31,25.40999984741211,26.6200008392334,25.18000030517578,25.280000686645508,25.280000686645508,854300
2023-06-01,25.299999237060547,25.8700008392334,24.969999313354492,25.709999084472656,25.709999084472656,212500
2023-06-02,25.959999084472656,26.290000915527344,25.5,26.049999237060547,26.049999237060547,392400
2023-06-05,25.950000762939453,26.899999618530273,25.889999389648438,26.059999465942383,26.059999465942383,561900
2023-06-06,26.049999237060547,26.979999542236328,26.049999237060547,26.81999969482422,26.81999969482422,376800
2023-06-07,26.979999542236328,27.209999084472656,26.3700008392334,27.030000686645508,27.030000686645508,380400
2023-06-08,26.920000076293945,27.1200008392334,26.15999984741211,26.600000381469727,26.600000381469727,399100
2023-06-09,26.709999084472656,26.709999084472656,25.8700008392334,25.8700008392334,25.8700008392334,223600
2023-06-12,25.899999618530273,26.229999542236328,25.190000534057617,26.079999923706055,26.079999923706055,441400
2023-06-13,26.239999771118164,26.770000457763672,25.950000762939453,26.559999465942383,26.559999465942383,382000
2023-06-14,26.559999465942383,26.959999084472656,25.239999771118164,25.729999542236328,25.729999542236328,427300
2023-06-15,25.549999237060547,25.899999618530273,25.139999389648438,25.809999465942383,25.809999465942383,488800
2023-06-16,26.229999542236328,26.459999084472656,25.56999969482422,25.780000686645508,25.780000686645508,1602400
2023-06-20,25.719999313354492,26.65999984741211,25.190000534057617,26.459999084472656,26.459999084472656,628600
2023-06-21,26.280000686645508,27.350000381469727,26.219999313354492,26.979999542236328,26.979999542236328,340200
2023-06-22,26.8700008392334,27.209999084472656,26.479999542236328,26.93000030517578,26.93000030517578,331900
2023-06-23,26.610000610351562,26.90999984741211,26.219999313354492,26.799999237060547,26.799999237060547,658600
2023-06-26,27.059999465942383,27.75,26.149999618530273,27.469999313354492,27.469999313354492,771000
2023-06-27,27.920000076293945,28.280000686645508,27.18000030517578,28.1299991607666,28.1299991607666,510100
2023-06-28,28.110000610351562,29.229999542236328,28.0,29.190000534057617,29.190000534057617,814800
2023-06-29,29.170000076293945,29.170000076293945,27.3799991607666,27.450000762939453,27.450000762939453,728600
2023-06-30,27.850000381469727,28.700000762939453,27.600000381469727,28.31999969482422,28.31999969482422,530100
2023-07-03,28.1200008392334,28.649999618530273,27.920000076293945,28.18000030517578,28.18000030517578,203000
2023-07-05,28.09000015258789,28.43000030517578,27.420000076293945,27.469999313354492,27.469999313354492,291700
2023-07-06,27.309999465942383,27.309999465942383,26.75,27.030000686645508,27.030000686645508,260700
2023-07-07,27.15999984741211,27.549999237060547,26.6299991607666,26.68000030517578,26.68000030517578,289000
2023-07-10,26.719999313354492,27.299999237060547,26.639999389648438,26.809999465942383,26.809999465942383,670200
2023-07-11,26.75,26.969999313354492,26.290000915527344,26.850000381469727,26.850000381469727,262500
2023-07-12,27.270000457763672,28.1299991607666,26.809999465942383,28.1200008392334,28.1200008392334,434200
2023-07-13,28.139999389648438,28.459999084472656,27.850000381469727,27.959999084472656,27.959999084472656,330600
2023-07-14,27.969999313354492,27.969999313354492,26.860000610351562,27.219999313354492,27.219999313354492,219000
2023-07-17,27.260000228881836,27.940000534057617,27.1299991607666,27.15999984741211,27.15999984741211,338300
2023-07-18,27.030000686645508,27.299999237060547,26.860000610351562,26.940000534057617,26.940000534057617,263600
2023-07-19,27.1299991607666,27.389999389648438,26.450000762939453,26.469999313354492,26.469999313354492,347100
2023-07-20,26.489999771118164,26.8799991607666,26.260000228881836,26.81999969482422,26.81999969482422,355100
2023-07-21,27.030000686645508,27.739999771118164,26.829999923706055,27.520000457763672,27.520000457763672,844300
2023-07-24,27.469999313354492,27.719999313354492,26.290000915527344,26.329999923706055,26.329999923706055,344200
2023-07-25,26.389999389648438,26.639999389648438,26.149999618530273,26.25,26.25,203700
2023-07-26,26.149999618530273,26.389999389648438,25.760000228881836,26.059999465942383,26.059999465942383,227900
2023-07-27,26.239999771118164,26.3700008392334,25.459999084472656,25.600000381469727,25.600000381469727,267700
2023-07-28,26.350000381469727,26.6200008392334,25.739999771118164,26.579999923706055,26.579999923706055,354700
2023-07-31,26.6200008392334,27.040000915527344,26.260000228881836,26.520000457763672,26.520000457763672,235600
2023-08-01,26.5,26.850000381469727,26.030000686645508,26.790000915527344,26.790000915527344,408500
2023-08-02,26.399999618530273,26.399999618530273,25.649999618530273,25.979999542236328,25.979999542236328,386000
2023-08-03,25.229999542236328,26.739999771118164,25.229999542236328,25.940000534057617,25.940000534057617,368100
2023-08-04,25.770000457763672,25.93000030517578,25.049999237060547,25.459999084472656,25.459999084472656,302100
2023-08-07,25.459999084472656,25.989999771118164,25.209999084472656,25.549999237060547,25.549999237060547,387600
2023-08-08,25.3700008392334,26.059999465942383,25.200000762939453,26.0,26.0,523100
2023-08-09,26.020000457763672,26.5,25.670000076293945,26.06999969482422,26.06999969482422,454200
2023-08-10,25.959999084472656,27.1299991607666,25.93000030517578,26.790000915527344,26.790000915527344,354700
2023-08-11,26.75,27.079999923706055,26.520000457763672,26.65999984741211,26.65999984741211,274700
2023-08-14,26.3799991607666,27.610000610351562,26.020000457763672,27.530000686645508,27.530000686645508,338600
2023-08-15,27.489999771118164,27.799999237060547,27.030000686645508,27.75,27.75,298400
2023-08-16,27.559999465942383,27.81999969482422,26.190000534057617,26.700000762939453,26.700000762939453,406700
2023-08-17,26.770000457763672,26.950000762939453,25.850000381469727,25.969999313354492,25.969999313354492,296800
2023-08-18,25.65999984741211,26.549999237060547,25.600000381469727,26.239999771118164,26.239999771118164,245100
2023-08-21,26.1299991607666,27.110000610351562,25.899999618530273,26.90999984741211,26.90999984741211,399400
2023-08-22,26.899999618530273,27.190000534057617,26.780000686645508,27.040000915527344,27.040000915527344,247100
2023-08-23,27.100000381469727,27.489999771118164,26.760000228881836,26.90999984741211,26.90999984741211,308000
2023-08-24,26.809999465942383,26.81999969482422,26.149999618530273,26.59000015258789,26.59000015258789,240300
2023-08-25,26.6200008392334,27.290000915527344,26.420000076293945,26.969999313354492,26.969999313354492,206700
2023-08-28,27.1299991607666,27.389999389648438,26.43000030517578,26.950000762939453,26.950000762939453,219200
2023-08-29,27.049999237060547,27.219999313354492,26.649999618530273,27.010000228881836,27.010000228881836,273000
2023-08-30,26.93000030517578,27.34000015258789,26.84000015258789,27.270000457763672,27.270000457763672,348300
2023-08-31,27.18000030517578,27.6200008392334,27.040000915527344,27.43000030517578,27.43000030517578,495900
2023-09-01,27.610000610351562,28.489999771118164,27.260000228881836,28.170000076293945,28.170000076293945,370900
2023-09-05,28.010000228881836,28.1200008392334,26.889999389648438,26.959999084472656,26.959999084472656,260900
2023-09-06,27.100000381469727,27.260000228881836,26.3799991607666,26.559999465942383,26.559999465942383,270900
2023-09-07,26.450000762939453,26.450000762939453,25.84000015258789,26.040000915527344,26.040000915527344,286700
2023-09-08,26.1200008392334,26.399999618530273,25.65999984741211,26.110000610351562,26.110000610351562,217900
2023-09-11,26.1200008392334,26.8799991607666,25.940000534057617,26.8700008392334,26.8700008392334,247700
2023-09-12,26.940000534057617,27.469999313354492,26.780000686645508,27.110000610351562,27.110000610351562,245700
2023-09-13,27.079999923706055,27.34000015258789,26.84000015258789,27.25,27.25,295600
2023-09-14,27.479999542236328,27.639999389648438,26.799999237060547,26.8799991607666,26.8799991607666,832000
2023-09-15,26.8799991607666,26.969999313354492,25.729999542236328,26.09000015258789,26.09000015258789,1024400
2023-09-18,26.190000534057617,26.520000457763672,25.389999389648438,25.459999084472656,25.459999084472656,309500
2023-09-19,25.450000762939453,25.520000457763672,24.790000915527344,25.06999969482422,25.06999969482422,217300
2023-09-20,25.06999969482422,25.239999771118164,24.520000457763672,24.559999465942383,24.559999465942383,232800
2023-09-21,24.3700008392334,25.020000457763672,24.209999084472656,24.899999618530273,24.899999618530273,223300
2023-09-22,24.93000030517578,25.040000915527344,24.399999618530273,24.530000686645508,24.530000686645508,223000
2023-09-25,24.469999313354492,24.790000915527344,24.059999465942383,24.40999984741211,24.40999984741211,276600
2023-09-26,24.40999984741211,25.030000686645508,24.200000762939453,24.360000610351562,24.360000610351562,306900
2023-09-27,24.43000030517578,24.940000534057617,24.25,24.540000915527344,24.540000915527344,502500
2023-09-28,24.43000030517578,24.790000915527344,24.040000915527344,24.770000457763672,24.770000457763672,212800
2023-09-29,24.969999313354492,25.209999084472656,24.5,24.75,24.75,439000
2023-10-02,24.739999771118164,24.739999771118164,23.84000015258789,24.219999313354492,24.219999313354492,327000
2023-10-03,24.040000915527344,24.360000610351562,23.809999465942383,24.020000457763672,24.020000457763672,194400
2023-10-04,24.06999969482422,24.139999389648438,23.649999618530273,23.979999542236328,23.979999542236328,208300
2023-10-05,23.850000381469727,24.889999389648438,23.670000076293945,24.530000686645508,24.530000686645508,916300
2023-10-06,24.290000915527344,24.450000762939453,23.6200008392334,24.0,24.0,444500
2023-10-09,23.809999465942383,24.1200008392334,23.459999084472656,24.010000228881836,24.010000228881836,356800
2023-10-10,23.989999771118164,24.190000534057617,23.5,23.770000457763672,23.770000457763672,2536200
2023-10-11,23.770000457763672,23.950000762939453,23.270000457763672,23.360000610351562,23.360000610351562,511400
2023-10-12,23.219999313354492,23.260000228881836,22.690000534057617,22.969999313354492,22.969999313354492,483000
2023-10-13,23.06999969482422,23.329999923706055,22.850000381469727,23.1200008392334,23.1200008392334,655800
2023-10-16,23.190000534057617,23.5,22.6200008392334,23.110000610351562,23.110000610351562,637000
2023-10-17,22.979999542236328,23.360000610351562,22.040000915527344,22.639999389648438,22.639999389648438,477500
2023-10-18,22.40999984741211,22.40999984741211,21.739999771118164,21.809999465942383,21.809999465942383,489100
2023-10-19,21.700000762939453,21.75,21.09000015258789,21.420000076293945,21.420000076293945,822400
2023-10-20,21.43000030517578,21.68000030517578,21.059999465942383,21.3799991607666,21.3799991607666,693300
2023-10-23,21.149999618530273,21.489999771118164,20.799999237060547,20.959999084472656,20.959999084472656,457900
2023-10-24,20.969999313354492,21.309999465942383,20.829999923706055,20.920000076293945,20.920000076293945,757000
2023-10-25,20.760000228881836,20.8799991607666,19.989999771118164,20.18000030517578,20.18000030517578,510000
2023-10-26,20.1299991607666,21.030000686645508,20.09000015258789,20.770000457763672,20.770000457763672,432800
2023-10-27,20.59000015258789,20.8799991607666,19.799999237060547,19.969999313354492,19.969999313354492,524000
2023-10-30,20.270000457763672,20.5,20.040000915527344,20.389999389648438,20.389999389648438,424700
2023-10-31,20.350000381469727,21.350000381469727,20.350000381469727,21.010000228881836,21.010000228881836,1117400
2023-11-01,20.899999618530273,21.40999984741211,20.739999771118164,21.299999237060547,21.299999237060547,1989700
2023-11-02,21.5,21.899999618530273,20.860000610351562,21.0,21.0,657400
2023-11-03,21.200000762939453,22.829999923706055,21.200000762939453,22.489999771118164,22.489999771118164,2244900
2023-11-06,22.559999465942383,22.969999313354492,22.3799991607666,22.420000076293945,22.420000076293945,625400
2023-11-07,22.5,23.3799991607666,22.350000381469727,23.239999771118164,23.239999771118164,592300
2023-11-08,23.239999771118164,23.299999237060547,22.34000015258789,22.5,22.5,383700
2023-11-09,22.6299991607666,22.6299991607666,21.25,21.360000610351562,21.360000610351562,557600
2023-11-10,21.40999984741211,22.40999984741211,21.040000915527344,21.139999389648438,21.139999389648438,917900
2023-11-13,20.850000381469727,21.450000762939453,20.399999618530273,21.34000015258789,21.34000015258789,392200
2023-11-14,22.299999237060547,22.760000228881836,22.15999984741211,22.299999237060547,22.299999237060547,699600
2023-11-15,22.190000534057617,23.06999969482422,22.190000534057617,22.469999313354492,22.469999313354492,356200
2023-11-16,22.420000076293945,22.600000381469727,21.860000610351562,22.239999771118164,22.239999771118164,298600
2023-11-17,22.469999313354492,23.0,21.450000762939453,22.260000228881836,22.260000228881836,420900
2023-11-20,22.239999771118164,22.719999313354492,21.399999618530273,21.5,21.5,606500
2023-11-21,21.739999771118164,22.469999313354492,21.459999084472656,21.8700008392334,21.8700008392334,449000
2023-11-22,22.079999923706055,22.219999313354492,21.65999984741211,21.959999084472656,21.959999084472656,304100
2023-11-24,21.959999084472656,22.469999313354492,21.799999237060547,22.329999923706055,22.329999923706055,116900
2023-11-27,22.18000030517578,22.260000228881836,21.31999969482422,21.68000030517578,21.68000030517578,425100
2023-11-28,21.530000686645508,22.229999542236328,21.290000915527344,22.200000762939453,22.200000762939453,254600
2023-11-29,22.360000610351562,22.90999984741211,21.889999389648438,22.200000762939453,22.200000762939453,250000
2023-11-30,22.5,22.799999237060547,22.040000915527344,22.229999542236328,22.229999542236328,487200
2023-12-01,22.139999389648438,22.93000030517578,21.530000686645508,22.899999618530273,22.899999618530273,344800
2023-12-04,22.829999923706055,23.229999542236328,22.459999084472656,23.06999969482422,23.06999969482422,301600
2023-12-05,22.829999923706055,23.1200008392334,22.479999542236328,22.530000686645508,22.530000686645508,388100
2023-12-06,22.65999984741211,23.049999237060547,22.350000381469727,22.549999237060547,22.549999237060547,430900
2023-12-07,22.559999465942383,23.15999984741211,22.3700008392334,23.139999389648438,23.139999389648438,388600
2023-12-08,23.049999237060547,23.139999389648438,22.010000228881836,22.049999237060547,22.049999237060547,392100
2023-12-11,22.110000610351562,22.790000915527344,21.59000015258789,21.93000030517578,21.93000030517578,643400
2023-12-12,21.84000015258789,22.56999969482422,21.579999923706055,22.0,22.0,947000
2023-12-13,22.139999389648438,22.84000015258789,21.790000915527344,22.760000228881836,22.760000228881836,639300
2023-12-14,23.170000076293945,23.799999237060547,22.950000762939453,23.239999771118164,23.239999771118164,788500
2023-12-15,23.459999084472656,23.790000915527344,22.93000030517578,23.239999771118164,23.239999771118164,1025300
2023-12-18,23.15999984741211,23.530000686645508,22.8700008392334,23.25,23.25,494300
2023-12-19,23.450000762939453,23.989999771118164,23.450000762939453,23.809999465942383,23.809999465942383,588200
2023-12-20,23.829999923706055,23.8700008392334,23.010000228881836,23.059999465942383,23.059999465942383,494300
2023-12-21,23.270000457763672,23.549999237060547,22.719999313354492,22.8700008392334,22.8700008392334,420200
2023-12-22,23.010000228881836,24.049999237060547,22.989999771118164,23.940000534057617,23.940000534057617,476000
2023-12-26,24.200000762939453,24.309999465942383,22.979999542236328,23.0,23.0,673200
2023-12-27,23.09000015258789,23.139999389648438,22.329999923706055,22.829999923706055,22.829999923706055,488200
2023-12-28,22.780000686645508,23.18000030517578,22.43000030517578,22.790000915527344,22.790000915527344,494000
2023-12-29,22.729999542236328,22.729999542236328,22.219999313354492,22.270000457763672,22.270000457763672,686700
2024-01-02,22.200000762939453,23.219999313354492,22.0,22.829999923706055,22.829999923706055,422700
2024-01-03,23.579999923706055,25.43000030517578,21.75,24.020000457763672,24.020000457763672,2689900
2024-01-04,24.139999389648438,24.329999923706055,23.350000381469727,23.469999313354492,23.469999313354492,919800
2024-01-05,23.170000076293945,23.239999771118164,22.43000030517578,23.139999389648438,23.139999389648438,684200
2024-01-08,23.040000915527344,24.459999084472656,22.649999618530273,24.450000762939453,24.450000762939453,636500
2024-01-09,24.149999618530273,24.219999313354492,23.510000228881836,24.0,24.0,475400
2024-01-10,23.989999771118164,24.399999618530273,23.1299991607666,23.399999618530273,23.399999618530273,651200
2024-01-11,22.93000030517578,23.1299991607666,22.399999618530273,22.59000015258789,22.59000015258789,618400
2024-01-12,22.940000534057617,23.31999969482422,22.440000534057617,22.739999771118164,22.739999771118164,615700
2024-01-16,22.56999969482422,22.700000762939453,21.760000228881836,21.940000534057617,21.940000534057617,865300
2024-01-17,21.770000457763672,22.110000610351562,21.399999618530273,21.709999084472656,21.709999084472656,716400
2024-01-18,21.799999237060547,21.799999237060547,21.020000457763672,21.31999969482422,21.31999969482422,674000
2024-01-19,21.40999984741211,21.799999237060547,20.959999084472656,21.729999542236328,21.729999542236328,4586200
2024-01-22,21.889999389648438,22.309999465942383,21.290000915527344,21.6200008392334,21.6200008392334,527400
2024-01-23,22.149999618530273,22.149999618530273,21.3700008392334,21.709999084472656,21.709999084472656,353500
2024-01-24,21.799999237060547,21.989999771118164,21.18000030517578,21.510000228881836,21.510000228881836,580800
2024-01-25,21.770000457763672,23.450000762939453,21.65999984741211,23.420000076293945,23.420000076293945,1124400
2024-01-26,23.479999542236328,23.65999984741211,22.90999984741211,23.3799991607666,23.3799991607666,648600
2024-01-29,23.270000457763672,24.079999923706055,22.719999313354492,23.8700008392334,23.8700008392334,595100
2024-01-30,23.729999542236328,23.860000610351562,22.65999984741211,22.860000610351562,22.860000610351562,615800
2024-01-31,22.790000915527344,23.34000015258789,22.510000228881836,22.6200008392334,22.6200008392334,612900
2024-02-01,22.709999084472656,23.0,22.229999542236328,22.959999084472656,22.959999084472656,491000
2024-02-02,22.600000381469727,23.280000686645508,22.5,23.09000015258789,23.09000015258789,633000
2024-02-05,22.850000381469727,23.809999465942383,22.40999984741211,23.729999542236328,23.729999542236328,539700
2024-02-06,23.889999389648438,24.479999542236328,23.709999084472656,24.149999618530273,24.149999618530273,537200
2024-02-07,24.079999923706055,24.079999923706055,23.40999984741211,23.690000534057617,23.690000534057617,414700
2024-02-08,23.760000228881836,24.309999465942383,23.700000762939453,24.18000030517578,24.18000030517578,529000
2024-02-09,24.25,25.170000076293945,24.25,25.139999389648438,25.139999389648438,690200
2024-02-12,25.270000457763672,25.979999542236328,24.75,25.8799991607666,25.8799991607666,970900
2024-02-13,25.1200008392334,25.420000076293945,24.690000534057617,25.149999618530273,25.149999618530273,1256500
2024-02-14,25.440000534057617,26.229999542236328,25.200000762939453,25.899999618530273,25.899999618530273,933600
2024-02-15,24.93000030517578,27.0,24.8799991607666,26.799999237060547,26.799999237060547,1093000
2024-02-16,26.40999984741211,26.90999984741211,26.020000457763672,26.510000228881836,26.510000228881836,638400
2024-02-20,26.190000534057617,27.1299991607666,26.190000534057617,27.100000381469727,27.100000381469727,984700
2024-02-21,27.110000610351562,27.3700008392334,26.5,26.799999237060547,26.799999237060547,634700
2024-02-22,26.729999542236328,30.049999237060547,26.65999984741211,29.780000686645508,29.780000686645508,1504400
2024-02-23,29.8700008392334,33.90999984741211,29.8700008392334,32.9900016784668,32.9900016784668,2568900
2024-02-26,32.86000061035156,33.75,32.22999954223633,32.869998931884766,32.869998931884766,957000
2024-02-27,33.0,35.5,32.900001525878906,34.810001373291016,34.810001373291016,1606100
2024-02-28,34.54999923706055,35.47999954223633,33.47999954223633,33.66999816894531,33.66999816894531,1017300
2024-02-29,34.25,34.25,32.2400016784668,32.31999969482422,32.31999969482422,857900
2024-03-01,32.349998474121094,33.040000915527344,32.09000015258789,32.27000045776367,32.27000045776367,842400
2024-03-04,32.43000030517578,32.630001068115234,31.280000686645508,32.16999816894531,32.16999816894531,685500
2024-03-05,31.959999084472656,32.2599983215332,31.25,31.3700008392334,31.3700008392334,686900
2024-03-06,31.399999618530273,32.099998474121094,31.139999389648438,31.790000915527344,31.790000915527344,1605800
2024-03-07,31.989999771118164,32.599998474121094,31.270000457763672,31.3700008392334,31.3700008392334,770100
2024-03-08,31.809999465942383,32.040000915527344,30.899999618530273,31.290000915527344,31.290000915527344,460600
2024-03-11,31.440000534057617,31.770000457763672,30.68000030517578,30.799999237060547,30.799999237060547,410700
2024-03-12,30.739999771118164,30.8700008392334,30.020000457763672,30.290000915527344,30.290000915527344,518100
2024-03-13,30.309999465942383,31.040000915527344,29.81999969482422,30.0,30.0,518200
2024-03-14,29.81999969482422,30.0,29.020000457763672,29.459999084472656,29.459999084472656,539400
2024-03-15,29.399999618530273,30.34000015258789,29.399999618530273,29.940000534057617,29.940000534057617,1341000
2024-03-18,29.8799991607666,30.0,28.940000534057617,29.290000915527344,29.290000915527344,654700
2024-03-19,29.350000381469727,30.389999389648438,29.280000686645508,30.09000015258789,30.09000015258789,544600
2024-03-20,29.93000030517578,30.780000686645508,29.739999771118164,30.229999542236328,30.229999542236328,610500
2024-03-21,30.239999771118164,31.479999542236328,30.15999984741211,30.239999771118164,30.239999771118164,649600
2024-03-22,30.399999618530273,30.65999984741211,29.829999923706055,29.8799991607666,29.8799991607666,442200
2024-03-25,29.809999465942383,30.209999084472656,29.510000228881836,29.68000030517578,29.68000030517578,413800
2024-03-26,30.06999969482422,30.229999542236328,28.8700008392334,29.059999465942383,29.059999465942383,554700
2024-03-27,29.239999771118164,29.450000762939453,28.56999969482422,29.1200008392334,29.1200008392334,666400
2024-03-28,29.190000534057617,29.420000076293945,28.81999969482422,29.239999771118164,29.239999771118164,434800
2024-04-01,29.280000686645508,29.3700008392334,28.65999984741211,28.860000610351562,28.860000610351562,416900
2024-04-02,28.3799991607666,28.989999771118164,27.889999389648438,28.670000076293945,28.670000076293945,589500
2024-04-03,28.559999465942383,28.780000686645508,27.989999771118164,28.469999313354492,28.469999313354492,541800
2024-04-04,28.809999465942383,28.860000610351562,27.719999313354492,27.920000076293945,27.920000076293945,391200
2024-04-05,27.790000915527344,28.25,27.450000762939453,27.549999237060547,27.549999237060547,565800
2024-04-08,27.559999465942383,28.389999389648438,27.139999389648438,27.700000762939453,27.700000762939453,734800
2024-04-09,27.84000015258789,29.860000610351562,27.809999465942383,29.709999084472656,29.709999084472656,959000
2024-04-10,29.229999542236328,30.260000228881836,29.049999237060547,29.940000534057617,29.940000534057617,738800
2024-04-11,30.399999618530273,31.020000457763672,29.899999618530273,30.6299991607666,30.6299991607666,802800
2024-04-12,30.5,30.700000762939453,28.709999084472656,29.510000228881836,29.510000228881836,754200
2024-04-15,29.780000686645508,29.799999237060547,28.729999542236328,29.260000228881836,29.260000228881836,618000
2024-04-16,29.06999969482422,29.59000015258789,28.739999771118164,28.799999237060547,28.799999237060547,470700
2024-04-17,28.93000030517578,29.34000015258789,28.889999389648438,29.030000686645508,29.030000686645508,503000
2024-04-18,29.100000381469727,29.899999618530273,29.030000686645508,29.43000030517578,29.43000030517578,549500
2024-04-19,29.270000457763672,30.280000686645508,28.709999084472656,29.530000686645508,29.530000686645508,747400
2024-04-22,29.65999984741211,30.889999389648438,29.5,30.209999084472656,30.209999084472656,861800
2024-04-23,30.399999618530273,33.02000045776367,30.399999618530273,31.809999465942383,31.809999465942383,1225400
2024-04-24,32.08000183105469,32.2599983215332,31.31999969482422,31.670000076293945,31.670000076293945,643300
2024-04-25,31.219999313354492,32.25,31.219999313354492,31.670000076293945,31.670000076293945,722000
2024-04-26,31.700000762939453,32.0099983215332,31.309999465942383,31.489999771118164,31.489999771118164,419300
2024-04-29,31.5,33.220001220703125,31.5,32.7599983215332,32.7599983215332,734900
2024-04-30,32.630001068115234,33.29999923706055,31.770000457763672,32.5,32.5,660900
2024-05-01,32.29999923706055,34.58000183105469,32.29999923706055,33.65999984741211,33.65999984741211,857500
2024-05-02,33.59000015258789,35.36000061035156,33.15999984741211,34.58000183105469,34.58000183105469,694300
2024-05-03,34.900001525878906,35.47999954223633,33.630001068115234,34.540000915527344,34.540000915527344,807900
2024-05-06,34.7599983215332,35.11000061035156,33.209999084472656,33.220001220703125,33.220001220703125,684300
2024-05-07,33.470001220703125,33.52000045776367,32.52000045776367,32.79999923706055,32.79999923706055,708100
2024-05-08,32.41999816894531,32.75,31.84000015258789,32.459999084472656,32.459999084472656,786200
2024-05-09,32.7599983215332,33.59000015258789,32.25,32.91999816894531,32.91999816894531,868000
2024-05-10,32.939998626708984,33.09000015258789,32.45000076293945,33.0,33.0,506100
2024-05-13,33.400001525878906,33.65999984741211,32.77000045776367,33.540000915527344,33.540000915527344,560400
2024-05-14,33.54999923706055,34.189998626708984,33.20000076293945,34.13999938964844,34.13999938964844,518100
2024-05-15,34.4900016784668,35.33000183105469,34.29999923706055,35.18000030517578,35.18000030517578,524700
2024-05-16,35.15999984741211,35.20000076293945,34.81999969482422,35.0,35.0,360200
2024-05-17,35.0,35.02000045776367,34.06999969482422,34.34000015258789,34.34000015258789,654900
2024-05-20,34.349998474121094,34.349998474121094,33.02000045776367,33.189998626708984,33.189998626708984,469100
2024-05-21,33.11000061035156,34.209999084472656,33.029998779296875,33.880001068115234,33.880001068115234,812600
2024-05-22,33.790000915527344,33.939998626708984,33.16999816894531,33.439998626708984,33.439998626708984,656200
2024-05-23,33.470001220703125,33.709999084472656,32.439998626708984,32.689998626708984,32.689998626708984,540100
2024-05-24,32.84000015258789,33.459999084472656,31.0,31.5,31.5,605200
2024-05-28,38.5,39.70000076293945,37.400001525878906,38.810001373291016,38.810001373291016,3533000
2024-05-29,38.810001373291016,39.56999969482422,37.470001220703125,38.0,38.0,1132000
2024-05-30,38.33000183105469,38.529998779296875,37.22999954223633,37.540000915527344,37.540000915527344,692100
2024-05-31,37.689998626708984,38.33000183105469,36.13999938964844,36.34000015258789,36.34000015258789,933100
2024-06-03,36.869998931884766,44.40999984741211,36.38999938964844,43.83000183105469,43.83000183105469,2025900
2024-06-04,44.04999923706055,47.7400016784668,43.83000183105469,47.349998474121094,47.349998474121094,1806000
2024-06-05,47.41999816894531,49.060001373291016,46.650001525878906,48.83000183105469,48.83000183105469,1230400
2024-06-06,48.68000030517578,48.849998474121094,47.59000015258789,47.79999923706055,47.79999923706055,961600
2024-06-07,47.54999923706055,48.02000045776367,46.650001525878906,47.61000061035156,47.61000061035156,702000
2024-06-10,46.9900016784668,47.88999938964844,46.11000061035156,47.220001220703125,47.220001220703125,587400
2024-06-11,47.08000183105469,47.720001220703125,46.58000183105469,47.5099983215332,47.5099983215332,557700
2024-06-12,48.779998779296875,48.880001068115234,47.099998474121094,47.970001220703125,47.970001220703125,1138100
2024-06-13,48.150001525878906,48.34000015258789,46.619998931884766,46.77000045776367,46.77000045776367,647800
2024-06-14,45.41999816894531,45.880001068115234,44.0,44.11000061035156,44.11000061035156,804800
2024-06-17,44.11000061035156,44.22999954223633,42.060001373291016,42.59000015258789,42.59000015258789,974600
2024-06-18,42.83000183105469,42.959999084472656,41.75,42.560001373291016,42.560001373291016,757200
2024-06-20,42.5,42.72999954223633,41.79999923706055,42.45000076293945,42.45000076293945,570000
2024-06-21,42.54999923706055,45.29999923706055,42.470001220703125,45.220001220703125,45.220001220703125,2643300
2024-06-24,45.619998931884766,46.34000015258789,45.04999923706055,45.22999954223633,45.22999954223633,482500
2024-06-25,45.06999969482422,46.02000045776367,44.279998779296875,44.689998626708984,44.689998626708984,474900
2024-06-26,44.689998626708984,45.189998626708984,43.25,43.36000061035156,43.36000061035156,506100
2024-06-27,43.4900016784668,44.56999969482422,43.099998474121094,43.61000061035156,43.61000061035156,329400
2024-06-28,43.810001373291016,44.220001220703125,42.56999969482422,43.119998931884766,43.119998931884766,1099300
2024-07-01,43.13999938964844,44.29999923706055,43.09000015258789,43.380001068115234,43.380001068115234,431800
2024-07-02,43.369998931884766,43.849998474121094,41.540000915527344,42.04999923706055,42.04999923706055,467500
2024-07-03,42.36000061035156,42.650001525878906,41.59000015258789,42.02000045776367,42.02000045776367,191100
2024-07-05,42.02000045776367,42.880001068115234,41.43000030517578,42.650001525878906,42.650001525878906,312400
2024-07-08,43.11000061035156,43.2400016784668,40.79999923706055,41.189998626708984,41.189998626708984,982800
2024-07-09,41.15999984741211,42.97999954223633,40.79999923706055,42.70000076293945,42.70000076293945,685700
2024-07-10,42.7400016784668,43.529998779296875,42.45000076293945,43.4900016784668,43.4900016784668,503000
2024-07-11,44.29999923706055,46.349998474121094,44.29999923706055,44.38999938964844,44.38999938964844,636300
2024-07-12,44.54999923706055,46.130001068115234,44.43000030517578,45.880001068115234,45.880001068115234,736100
2024-07-15,46.29999923706055,47.31999969482422,45.2400016784668,46.959999084472656,46.959999084472656,630400
2024-07-16,47.650001525878906,48.63999938964844,47.29999923706055,48.04999923706055,48.04999923706055,623300
2024-07-17,47.310001373291016,48.540000915527344,47.02000045776367,47.15999984741211,47.15999984741211,910400
2024-07-18,47.029998779296875,48.060001373291016,46.619998931884766,47.68000030517578,47.68000030517578,701400
2024-07-19,47.790000915527344,48.34000015258789,46.540000915527344,46.61000061035156,46.61000061035156,527200
2024-07-22,46.86000061035156,47.7599983215332,46.150001525878906,47.75,47.75,417100
2024-07-23,47.29999923706055,50.349998474121094,47.02000045776367,49.720001220703125,49.720001220703125,775300
2024-07-24,49.310001373291016,49.93000030517578,47.79999923706055,48.189998626708984,48.189998626708984,456000
2024-07-25,48.25,49.439998626708984,47.56999969482422,48.5,48.5,687700
2024-07-26,49.15999984741211,49.290000915527344,47.77000045776367,48.04999923706055,48.04999923706055,333800
2024-07-29,48.20000076293945,49.0,46.689998626708984,47.43000030517578,47.43000030517578,340900
2024-07-30,47.540000915527344,48.36000061035156,46.5,46.790000915527344,46.790000915527344,374000
2024-07-31,47.189998626708984,48.0,46.2400016784668,46.400001525878906,46.400001525878906,402100
2024-08-01,44.880001068115234,45.560001373291016,42.11000061035156,44.5,44.5,876600
2024-08-02,42.13999938964844,44.36000061035156,42.04999923706055,43.959999084472656,43.959999084472656,564000
2024-08-05,40.970001220703125,43.040000915527344,40.970001220703125,42.59000015258789,42.59000015258789,608200
2024-08-06,42.779998779296875,44.220001220703125,41.54999923706055,42.61000061035156,42.61000061035156,519400
2024-08-07,45.5,45.849998474121094,42.06999969482422,42.56999969482422,42.56999969482422,571100
2024-08-08,43.119998931884766,43.959999084472656,41.29999923706055,43.790000915527344,43.790000915527344,474400
2024-08-09,43.95000076293945,44.400001525878906,42.88999938964844,43.70000076293945,43.70000076293945,343700
2024-08-12,43.72999954223633,44.790000915527344,43.310001373291016,44.7400016784668,44.7400016784668,311100
2024-08-13,44.959999084472656,45.369998931884766,44.560001373291016,45.11000061035156,45.11000061035156,246600
2024-08-14,45.349998474121094,45.349998474121094,44.130001068115234,44.68000030517578,44.68000030517578,354200
2024-08-15,45.540000915527344,45.95000076293945,44.619998931884766,44.90999984741211,44.90999984741211,320300
2024-08-16,45.0,45.470001220703125,44.45000076293945,45.029998779296875,45.029998779296875,311300
2024-08-19,44.83000183105469,45.65999984741211,44.4900016784668,45.470001220703125,45.470001220703125,361800
2024-08-20,45.40999984741211,45.689998626708984,44.77000045776367,44.869998931884766,44.869998931884766,268600
2024-08-21,45.220001220703125,47.58000183105469,44.970001220703125,47.099998474121094,47.099998474121094,672900
2024-08-22,47.099998474121094,47.290000915527344,45.349998474121094,45.70000076293945,45.70000076293945,327500
2024-08-23,46.22999954223633,46.68000030517578,45.54999923706055,46.220001220703125,46.220001220703125,227600
2024-08-26,46.34000015258789,47.0099983215332,45.9900016784668,46.56999969482422,46.56999969482422,264400
2024-08-27,46.5099983215332,47.18000030517578,45.849998474121094,47.09000015258789,47.09000015258789,223700
2024-08-28,46.9900016784668,49.36000061035156,43.540000915527344,45.36000061035156,45.36000061035156,880000
2024-08-29,45.61000061035156,46.79999923706055,45.150001525878906,45.86000061035156,45.86000061035156,251400
2024-08-30,46.0099983215332,46.25,45.25,45.90999984741211,45.90999984741211,335100
2024-09-03,45.79999923706055,46.810001373291016,44.599998474121094,44.72999954223633,44.72999954223633,366000
2024-09-04,44.31999969482422,44.93000030517578,43.52000045776367,44.75,44.75,201400
2024-09-05,44.869998931884766,44.869998931884766,43.380001068115234,44.040000915527344,44.040000915527344,302400
2024-09-06,44.310001373291016,44.560001373291016,42.970001220703125,43.279998779296875,43.279998779296875,277700
2024-09-09,43.150001525878906,44.20000076293945,43.0,43.93000030517578,43.93000030517578,319400
2024-09-10,44.20000076293945,44.65999984741211,43.5,44.52000045776367,44.52000045776367,214100
2024-09-11,43.41999816894531,44.560001373291016,43.119998931884766,44.310001373291016,44.310001373291016,298600
2024-09-12,44.29999923706055,45.439998626708984,43.81999969482422,44.91999816894531,44.91999816894531,209600
2024-09-13,45.209999084472656,47.09000015258789,45.0,46.689998626708984,46.689998626708984,254200
2024-09-16,46.869998931884766,47.08000183105469,45.22999954223633,45.40999984741211,45.40999984741211,271600
2024-09-17,45.779998779296875,46.9900016784668,45.31999969482422,45.689998626708984,45.689998626708984,267600
2024-09-18,45.689998626708984,47.2599983215332,45.16999816894531,45.540000915527344,45.540000915527344,313300
2024-09-19,46.81999969482422,48.06999969482422,46.20000076293945,47.380001068115234,47.380001068115234,436900
2024-09-20,47.18000030517578,47.70000076293945,46.4900016784668,46.54999923706055,46.54999923706055,1012800
2024-09-23,46.849998474121094,47.439998626708984,45.400001525878906,45.7599983215332,45.7599983215332,423400
2024-09-24,45.79999923706055,46.95000076293945,44.79999923706055,46.59000015258789,46.59000015258789,339400
2024-09-25,46.59000015258789,49.130001068115234,45.560001373291016,49.029998779296875,49.029998779296875,632400
2024-09-26,51.33000183105469,53.290000915527344,47.529998779296875,48.04999923706055,48.04999923706055,1793000
2024-09-27,45.56999969482422,46.20000076293945,41.970001220703125,45.61000061035156,45.61000061035156,2199000
2024-09-30,45.61000061035156,46.2400016784668,44.15999984741211,44.43000030517578,44.43000030517578,817400
2024-10-01,44.349998474121094,44.529998779296875,42.400001525878906,42.470001220703125,42.470001220703125,590200
2024-10-02,42.130001068115234,42.540000915527344,41.209999084472656,41.790000915527344,41.790000915527344,766600
2024-10-03,41.43000030517578,42.209999084472656,40.369998931884766,40.560001373291016,40.560001373291016,498600
2024-10-04,41.11000061035156,42.08000183105469,41.0,41.33000183105469,41.33000183105469,319000
2024-10-07,41.15999984741211,41.470001220703125,39.939998626708984,40.59000015258789,40.59000015258789,383700
2024-10-08,40.75,41.38999938964844,40.439998626708984,40.5,40.5,419500
2024-10-09,40.68000030517578,41.66999816894531,40.18000030517578,40.88999938964844,40.88999938964844,414300
2024-10-10,41.27000045776367,41.880001068115234,40.29999923706055,41.81999969482422,41.81999969482422,348000
2024-10-11,41.79999923706055,42.779998779296875,41.290000915527344,42.650001525878906,42.650001525878906,468800
2024-10-14,42.380001068115234,42.77000045776367,40.939998626708984,41.279998779296875,41.279998779296875,489600
2024-10-15,41.349998474121094,42.560001373291016,41.15999984741211,42.040000915527344,42.040000915527344,393400
2024-10-16,42.83000183105469,44.20000076293945,41.959999084472656,43.70000076293945,43.70000076293945,495600
2024-10-17,43.56999969482422,44.38999938964844,43.56999969482422,44.13999938964844,44.13999938964844,458000
2024-10-18,44.2599983215332,46.189998626708984,43.93000030517578,45.5,45.5,550800
2024-10-21,45.439998626708984,46.04999923706055,45.189998626708984,45.65999984741211,45.65999984741211,528700
2024-10-22,45.310001373291016,45.779998779296875,44.75,45.380001068115234,45.380001068115234,343300
2024-10-23,45.31999969482422,45.779998779296875,44.16999816894531,44.33000183105469,44.33000183105469,301600
2024-10-24,44.0,45.2400016784668,43.70000076293945,45.08000183105469,45.08000183105469,332000
2024-10-25,45.189998626708984,45.970001220703125,44.65999984741211,45.09000015258789,45.09000015258789,426100
2024-10-28,45.59000015258789,46.790000915527344,45.58000183105469,46.08000183105469,46.08000183105469,503000
2024-10-29,45.79999923706055,46.9900016784668,45.79999923706055,46.83000183105469,46.83000183105469,286800
2024-10-30,46.47999954223633,47.209999084472656,46.060001373291016,46.29999923706055,46.29999923706055,375700
2024-10-31,44.7400016784668,45.900001525878906,43.52000045776367,44.43000030517578,44.43000030517578,579100
2024-11-01,44.93000030517578,45.2599983215332,43.31999969482422,44.869998931884766,44.869998931884766,672800
2024-11-04,44.34000015258789,45.16999816894531,44.0099983215332,44.83000183105469,44.83000183105469,658200
2024-11-05,44.540000915527344,46.790000915527344,43.25,46.70000076293945,46.70000076293945,996000
2024-11-06,48.5,51.63999938964844,47.79999923706055,51.59000015258789,51.59000015258789,1184000
2024-11-07,51.65999984741211,55.189998626708984,51.290000915527344,55.08000183105469,55.08000183105469,1188100
2024-11-08,54.369998931884766,60.209999084472656,54.18000030517578,59.060001373291016,59.060001373291016,1692200
2024-11-11,60.41999816894531,62.58000183105469,59.290000915527344,60.459999084472656,60.459999084472656,1159300
2024-11-12,59.65999984741211,60.29999923706055,58.7400016784668,59.02000045776367,59.02000045776367,797300
2024-11-13,59.029998779296875,60.0,58.2400016784668,58.599998474121094,58.599998474121094,686600
2024-11-14,58.20000076293945,58.90999984741211,55.290000915527344,55.400001525878906,55.400001525878906,884300
2024-11-15,55.66999816894531,55.66999816894531,52.7400016784668,53.779998779296875,53.779998779296875,926700
2024-11-18,53.66999816894531,54.0,52.349998474121094,52.88999938964844,52.88999938964844,534500
2024-11-19,52.36000061035156,54.88999938964844,52.09000015258789,54.40999984741211,54.40999984741211,496900
2024-11-20,54.290000915527344,55.29999923706055,53.790000915527344,54.619998931884766,54.619998931884766,367700
2024-11-21,55.0,56.27000045776367,53.93000030517578,55.540000915527344,55.540000915527344,368900
2024-11-22,55.779998779296875,56.81999969482422,54.72999954223633,55.68000030517578,55.68000030517578,456100
2024-11-25,56.5099983215332,58.25,56.029998779296875,57.5099983215332,57.5099983215332,595000
2024-11-26,57.38999938964844,59.61000061035156,56.66999816894531,59.099998474121094,59.099998474121094,484600
2024-11-27,59.290000915527344,59.619998931884766,57.97999954223633,58.65999984741211,58.65999984741211,448300
2024-11-29,59.06999969482422,59.86000061035156,58.11000061035156,59.38999938964844,59.38999938964844,237600
2024-12-02,59.400001525878906,59.81999969482422,58.36000061035156,58.869998931884766,58.869998931884766,515400
2024-12-03,58.5099983215332,59.22999954223633,57.45000076293945,58.880001068115234,58.880001068115234,398100
2024-12-04,58.54999923706055,62.150001525878906,57.90999984741211,59.45000076293945,59.45000076293945,765400
2024-12-05,58.83000183105469,60.93000030517578,58.83000183105469,58.970001220703125,58.970001220703125,610000
2024-12-06,59.09000015258789,62.45000076293945,59.09000015258789,61.63999938964844,61.63999938964844,798500
2024-12-09,56.11000061035156,57.33000183105469,44.619998931884766,48.63999938964844,48.63999938964844,3080400
2024-12-10,48.650001525878906,51.27000045776367,44.349998474121094,46.02000045776367,46.02000045776367,2352500
2024-12-11,46.279998779296875,46.68000030517578,43.209999084472656,43.369998931884766,43.369998931884766,961800
2024-12-12,43.13999938964844,43.34000015258789,37.93000030517578,38.16999816894531,38.16999816894531,1708100
2024-12-13,38.08000183105469,39.47999954223633,37.20000076293945,38.970001220703125,38.970001220703125,1351100
2024-12-16,39.0099983215332,44.459999084472656,38.630001068115234,42.689998626708984,42.689998626708984,1452000
2024-12-17,42.31999969482422,42.84000015258789,40.650001525878906,41.959999084472656,41.959999084472656,852400
2024-12-18,42.189998626708984,42.36000061035156,38.400001525878906,39.02000045776367,39.02000045776367,984500
2024-12-19,39.099998474121094,39.880001068115234,35.5,35.810001373291016,35.810001373291016,1268100
2024-12-20,35.5,36.29999923706055,35.130001068115234,35.41999816894531,35.41999816894531,3199100
2024-12-23,35.41999816894531,35.599998474121094,34.599998474121094,35.349998474121094,35.349998474121094,811600
2024-12-24,35.38999938964844,35.529998779296875,33.79999923706055,34.189998626708984,34.189998626708984,386500
2024-12-26,34.0,34.90999984741211,33.75,34.369998931884766,34.369998931884766,655900
2024-12-27,33.869998931884766,34.63999938964844,32.90999984741211,33.400001525878906,33.400001525878906,831400
2024-12-30,33.290000915527344,33.79999923706055,32.310001373291016,33.029998779296875,33.029998779296875,682500
2024-12-31,33.54999923706055,34.25,32.45000076293945,32.86000061035156,32.86000061035156,563600
2025-01-02,32.81999969482422,33.470001220703125,31.56999969482422,31.84000015258789,31.84000015258789,652800
2025-01-03,32.060001373291016,32.540000915527344,31.729999542236328,32.189998626708984,32.189998626708984,881900
2025-01-06,32.27000045776367,34.47999954223633,32.27000045776367,33.540000915527344,33.540000915527344,2258100
2025-01-07,33.630001068115234,35.54999923706055,33.630001068115234,35.119998931884766,35.119998931884766,1197000
2025-01-08,35.13999938964844,36.0,34.470001220703125,35.900001525878906,35.900001525878906,1032800
2025-01-10,35.13999938964844,35.22999954223633,32.959999084472656,34.41999816894531,34.41999816894531,1256000
2025-01-13,34.060001373291016,34.72999954223633,33.790000915527344,34.29999923706055,34.29999923706055,503300
2025-01-14,34.61000061035156,34.97999954223633,32.849998474121094,33.31999969482422,33.31999969482422,741200
2025-01-15,34.59000015258789,35.029998779296875,32.959999084472656,33.279998779296875,33.279998779296875,658500
2025-01-16,33.380001068115234,33.81999969482422,31.479999542236328,31.81999969482422,31.81999969482422,1004000
2025-01-17,32.33000183105469,32.810001373291016,31.389999389648438,32.41999816894531,32.41999816894531,807500
2025-01-21,32.95000076293945,33.5,32.400001525878906,33.22999954223633,33.22999954223633,563500
2025-01-22,33.2400016784668,34.470001220703125,33.130001068115234,34.060001373291016,34.060001373291016,605100
2025-01-23,33.38999938964844,35.439998626708984,33.20000076293945,35.380001068115234,35.380001068115234,765800
2025-01-24,35.36000061035156,35.84000015258789,34.11000061035156,34.459999084472656,34.459999084472656,522300
2025-01-27,33.81999969482422,35.25,33.709999084472656,33.75,33.75,568100
2025-01-28,33.81999969482422,33.849998474121094,32.59000015258789,33.54999923706055,33.54999923706055,457800
2025-01-29,33.4900016784668,34.02000045776367,32.900001525878906,33.72999954223633,33.72999954223633,423800
2025-01-30,34.119998931884766,34.83000183105469,33.290000915527344,34.540000915527344,34.540000915527344,476200
2025-01-31,34.599998474121094,35.08000183105469,33.650001525878906,34.38999938964844,34.38999938964844,660700
2025-02-03,33.880001068115234,34.16999816894531,32.869998931884766,33.619998931884766,33.619998931884766,538600
2025-02-04,33.63999938964844,34.45000076293945,33.33000183105469,34.0099983215332,34.0099983215332,606500
2025-02-05,33.9900016784668,35.09000015258789,33.95000076293945,34.380001068115234,34.380001068115234,503300
2025-02-06,34.470001220703125,34.939998626708984,34.279998779296875,34.41999816894531,34.41999816894531,528100
2025-02-07,34.27000045776367,34.27000045776367,33.06999969482422,33.459999084472656,33.459999084472656,617500
2025-02-10,33.529998779296875,34.029998779296875,32.380001068115234,33.970001220703125,33.970001220703125,1192600
2025-02-11,32.63999938964844,33.810001373291016,32.619998931884766,32.65999984741211,32.65999984741211,602000
2025-02-12,32.0,33.34000015258789,31.559999465942383,32.810001373291016,32.810001373291016,831100
2025-02-13,33.47999954223633,33.4900016784668,31.950000762939453,33.29999923706055,33.29999923706055,710800
2025-02-14,32.93000030517578,34.68000030517578,32.86000061035156,33.220001220703125,33.220001220703125,786700
2025-02-18,33.5,34.86000061035156,33.18000030517578,33.61000061035156,33.61000061035156,869500
2025-02-19,33.31999969482422,34.5,33.31999969482422,34.02000045776367,34.02000045776367,566400
2025-02-20,34.0,34.0,33.25,33.75,33.75,376000
2025-02-21,34.31999969482422,35.29999923706055,33.75,35.220001220703125,35.220001220703125,1018400
2025-02-24,36.13999938964844,36.16999816894531,34.56999969482422,35.470001220703125,35.470001220703125,992900
2025-02-25,35.47999954223633,35.75,34.41999816894531,35.189998626708984,35.189998626708984,775600
2025-02-26,35.189998626708984,36.06999969482422,34.31999969482422,34.439998626708984,34.439998626708984,644700
2025-02-27,34.5099983215332,35.72999954223633,34.310001373291016,34.34000015258789,34.34000015258789,905100
2025-02-28,34.04999923706055,35.540000915527344,34.04999923706055,35.540000915527344,35.540000915527344,680900
2025-03-03,35.54999923706055,35.70000076293945,32.81999969482422,33.119998931884766,33.119998931884766,978800
2025-03-04,32.599998474121094,33.65999984741211,32.470001220703125,33.38999938964844,33.38999938964844,774000
2025-03-05,33.540000915527344,34.29999923706055,33.4900016784668,33.95000076293945,33.95000076293945,537100
2025-03-06,33.150001525878906,34.33000183105469,33.150001525878906,33.97999954223633,33.97999954223633,495400
2025-03-07,33.79999923706055,34.470001220703125,32.31999969482422,32.380001068115234,32.380001068115234,662000
2025-03-10,31.670000076293945,32.75,31.579999923706055,31.989999771118164,31.989999771118164,812600
2025-03-11,31.93000030517578,32.52000045776367,31.329999923706055,32.130001068115234,32.130001068115234,839700
2025-03-12,32.189998626708984,33.06999969482422,31.639999389648438,31.979999542236328,31.979999542236328,481400
2025-03-13,32.0,32.5,31.020000457763672,31.06999969482422,31.06999969482422,443700
2025-03-14,31.850000381469727,31.850000381469727,30.90999984741211,30.93000030517578,30.93000030517578,625400
2025-03-17,30.93000030517578,32.20000076293945,30.639999389648438,31.989999771118164,31.989999771118164,624900
2025-03-18,31.610000610351562,31.920000076293945,30.809999465942383,31.200000762939453,31.200000762939453,640200
2025-03-19,31.3799991607666,31.739999771118164,31.0,31.68000030517578,31.68000030517578,763000
2025-03-20,31.389999389648438,32.880001068115234,31.34000015258789,32.709999084472656,32.709999084472656,461500
2025-03-21,32.349998474121094,32.900001525878906,31.209999084472656,31.299999237060547,31.299999237060547,1667700
2025-03-24,31.670000076293945,32.52000045776367,31.440000534057617,32.310001373291016,32.310001373291016,481800
2025-03-25,32.119998931884766,32.119998931884766,30.329999923706055,30.760000228881836,30.760000228881836,355400
2025-03-26,30.809999465942383,31.149999618530273,30.0,30.399999618530273,30.399999618530273,323500
2025-03-27,30.540000915527344,30.920000076293945,30.139999389648438,30.84000015258789,30.84000015258789,460800
2025-03-28,30.729999542236328,30.739999771118164,30.079999923706055,30.280000686645508,30.280000686645508,328200
2025-03-31,29.719999313354492,29.829999923706055,28.309999465942383,29.299999237060547,29.299999237060547,727600
2025-04-01,29.079999923706055,29.350000381469727,26.65999984741211,27.399999618530273,27.399999618530273,936700
2025-04-02,27.219999313354492,28.649999618530273,26.809999465942383,28.440000534057617,28.440000534057617,955600
2025-04-03,27.209999084472656,28.1299991607666,26.920000076293945,27.709999084472656,27.709999084472656,634800
2025-04-04,27.219999313354492,27.860000610351562,25.260000228881836,25.760000228881836,25.760000228881836,1192500
2025-04-07,24.81999969482422,27.09000015258789,24.34000015258789,25.899999618530273,25.899999618530273,1136400
2025-04-08,26.700000762939453,26.979999542236328,24.030000686645508,24.530000686645508,24.530000686645508,764700
2025-04-09,24.040000915527344,27.079999923706055,23.420000076293945,26.280000686645508,26.280000686645508,1175700
2025-04-10,25.399999618530273,25.760000228881836,24.299999237060547,25.309999465942383,25.309999465942383,773700
2025-04-11,25.520000457763672,26.920000076293945,25.0,26.700000762939453,26.700000762939453,592300
2025-04-14,27.280000686645508,27.709999084472656,26.229999542236328,27.520000457763672,27.520000457763672,647200
2025-04-15,27.3700008392334,28.239999771118164,27.360000610351562,27.81999969482422,27.81999969482422,607600
2025-04-16,27.739999771118164,27.739999771118164,26.8700008392334,27.139999389648438,27.139999389648438,548600
2025-04-17,27.110000610351562,28.3799991607666,26.989999771118164,27.65999984741211,27.65999984741211,590700
2025-04-21,27.3799991607666,28.020000457763672,26.920000076293945,27.34000015258789,27.34000015258789,680900
2025-04-22,27.790000915527344,28.239999771118164,27.489999771118164,28.0,28.0,387500
2025-04-23,28.81999969482422,29.219999313354492,28.31999969482422,28.3700008392334,28.3700008392334,405000
2025-04-24,28.299999237060547,29.299999237060547,28.040000915527344,29.260000228881836,29.260000228881836,378800
2025-04-25,29.040000915527344,29.8799991607666,28.700000762939453,29.450000762939453,29.450000762939453,358900
2025-04-28,29.75,30.290000915527344,29.229999542236328,29.6200008392334,29.6200008392334,530600
2025-04-29,29.68000030517578,29.68000030517578,28.940000534057617,29.100000381469727,29.100000381469727,473400
2025-04-30,28.950000762939453,30.059999465942383,28.280000686645508,29.690000534057617,29.690000534057617,686600
2025-05-01,29.200000762939453,31.170000076293945,27.190000534057617,30.940000534057617,30.940000534057617,597500
2025-05-02,31.469999313354492,31.549999237060547,30.049999237060547,30.100000381469727,30.100000381469727,415700
2025-05-05,30.1299991607666,30.5,29.799999237060547,29.969999313354492,29.969999313354492,358900
2025-05-06,29.809999465942383,30.020000457763672,27.780000686645508,28.31999969482422,28.31999969482422,837000
2025-05-07,28.559999465942383,28.6299991607666,28.079999923706055,28.219999313354492,28.219999313354492,543900
2025-05-08,28.139999389648438,28.780000686645508,27.719999313354492,28.040000915527344,28.040000915527344,547600
2025-05-09,28.030000686645508,28.90999984741211,27.270000457763672,27.31999969482422,27.31999969482422,303200
2025-05-12,28.18000030517578,29.389999389648438,28.18000030517578,29.139999389648438,29.139999389648438,476400
2025-05-13,29.1200008392334,29.59000015258789,28.299999237060547,28.739999771118164,28.739999771118164,511800
2025-05-14,28.729999542236328,29.1200008392334,27.700000762939453,28.030000686645508,28.030000686645508,610800
2025-05-15,28.1200008392334,28.459999084472656,27.6200008392334,28.260000228881836,28.260000228881836,445300
2025-05-16,28.3700008392334,29.260000228881836,28.299999237060547,29.18000030517578,29.18000030517578,772800
2025-05-19,28.989999771118164,29.989999771118164,28.780000686645508,29.84000015258789,29.84000015258789,410900
2025-05-20,29.84000015258789,30.209999084472656,29.469999313354492,30.170000076293945,30.170000076293945,478800
2025-05-21,29.700000762939453,30.450000762939453,29.420000076293945,30.110000610351562,30.110000610351562,541000
2025-05-22,29.979999542236328,30.399999618530273,29.540000915527344,29.59000015258789,29.59000015258789,612000
2025-05-23,29.049999237060547,29.8700008392334,29.049999237060547,29.799999237060547,29.799999237060547,440700
2025-05-27,30.360000610351562,30.6299991607666,29.700000762939453,30.200000762939453,30.200000762939453,548400
2025-05-28,30.239999771118164,30.950000762939453,30.139999389648438,30.829999923706055,30.829999923706055,531700
2025-05-29,31.030000686645508,32.29999923706055,30.639999389648438,31.84000015258789,31.84000015258789,859400
2025-05-30,31.459999084472656,32.47999954223633,30.3799991607666,32.09000015258789,32.09000015258789,761000
2025-06-02,32.290000915527344,33.689998626708984,32.220001220703125,32.630001068115234,32.630001068115234,1247300
2025-06-03,32.650001525878906,34.13999938964844,32.599998474121094,33.369998931884766,33.369998931884766,699800
2025-06-04,33.47999954223633,34.70000076293945,33.47999954223633,34.029998779296875,34.029998779296875,649200
2025-06-05,34.0099983215332,34.119998931884766,33.220001220703125,33.58000183105469,33.58000183105469,399300
2025-06-06,34.0,34.560001373291016,33.75,34.33000183105469,34.33000183105469,377300
2025-06-09,34.880001068115234,34.880001068115234,33.630001068115234,33.65999984741211,33.65999984741211,402200
2025-06-10,33.34000015258789,34.70000076293945,33.34000015258789,34.5099983215332,34.5099983215332,623900
2025-06-11,34.83000183105469,35.43000030517578,34.16999816894531,34.40999984741211,34.40999984741211,508100
2025-06-12,34.220001220703125,35.13999938964844,33.619998931884766,34.5,34.5,477500
2025-06-13,33.88999938964844,34.88999938964844,33.75,34.29999923706055,34.29999923706055,482100
2025-06-16,34.5,36.38999938964844,33.77000045776367,35.75,35.75,661800
2025-06-17,35.119998931884766,35.560001373291016,34.529998779296875,34.689998626708984,34.689998626708984,495800
2025-06-18,34.709999084472656,35.81999969482422,34.4900016784668,35.5,35.5,549400
2025-06-20,35.54999923706055,35.880001068115234,33.880001068115234,34.40999984741211,34.40999984741211,1672200
2025-06-23,34.349998474121094,34.720001220703125,33.02000045776367,33.34000015258789,33.34000015258789,520400
2025-06-24,33.689998626708984,33.81999969482422,33.099998474121094,33.41999816894531,33.41999816894531,436100
2025-06-25,33.41999816894531,33.72999954223633,32.529998779296875,32.709999084472656,32.709999084472656,316500
2025-06-26,32.91999816894531,33.70000076293945,32.59000015258789,33.650001525878906,33.650001525878906,274700
2025-06-27,33.65999984741211,34.34000015258789,33.31999969482422,33.470001220703125,33.470001220703125,490000
2025-06-30,33.5099983215332,33.88999938964844,33.08000183105469,33.2599983215332,33.2599983215332,338500
2025-07-01,33.11000061035156,35.029998779296875,32.869998931884766,34.369998931884766,34.369998931884766,603500
2025-07-02,34.369998931884766,35.849998474121094,34.029998779296875,35.349998474121094,35.349998474121094,606200
2025-07-03,35.369998931884766,36.150001525878906,35.119998931884766,36.06999969482422,36.06999969482422,258700
2025-07-07,35.790000915527344,36.040000915527344,34.599998474121094,35.209999084472656,35.209999084472656,551400
2025-07-08,35.20000076293945,36.81999969482422,35.08000183105469,36.279998779296875,36.279998779296875,704500
2025-07-09,36.709999084472656,39.099998474121094,36.599998474121094,39.06999969482422,39.06999969482422,1312100
2025-07-10,38.970001220703125,40.060001373291016,38.0,39.529998779296875,39.529998779296875,978000
2025-07-11,38.849998474121094,39.90999984741211,38.31999969482422,39.04999923706055,39.04999923706055,793600
2025-07-14,38.40999984741211,39.47999954223633,38.40999984741211,39.22999954223633,39.22999954223633,717100
2025-07-15,39.59000015258789,39.790000915527344,38.70000076293945,39.189998626708984,39.189998626708984,707300
2025-07-16,39.290000915527344,40.040000915527344,39.0099983215332,39.9900016784668,39.9900016784668,628800
2025-07-17,40.060001373291016,40.95000076293945,40.0,40.349998474121094,40.349998474121094,813000
2025-07-18,40.70000076293945,41.189998626708984,39.959999084472656,40.0,40.0,824600
2025-07-21,40.09000015258789,40.599998474121094,39.650001525878906,39.91999816894531,39.91999816894531,429900
2025-07-22,39.58000183105469,39.95000076293945,38.47999954223633,39.65999984741211,39.65999984741211,826000
2025-07-23,39.81999969482422,41.7400016784668,39.31999969482422,40.560001373291016,40.560001373291016,830700
2025-07-24,40.529998779296875,40.97999954223633,39.220001220703125,39.650001525878906,39.650001525878906,513300
2025-07-25,39.63999938964844,40.13999938964844,38.81999969482422,40.0,40.0,529100
2025-07-28,39.9900016784668,40.79999923706055,37.09000015258789,37.20000076293945,37.20000076293945,761100
2025-07-29,37.540000915527344,38.119998931884766,37.099998474121094,37.72999954223633,37.72999954223633,590900
2025-07-30,38.310001373291016,39.119998931884766,37.380001068115234,37.540000915527344,37.540000915527344,850700
2025-07-31,36.900001525878906,37.939998626708984,35.810001373291016,37.220001220703125,37.220001220703125,1098200
2025-08-01,37.27000045776367,38.43000030517578,34.31999969482422,35.0,35.0,2351100
2025-08-04,31.450000762939453,36.380001068115234,26.75,36.15999984741211,36.15999984741211,5497400
2025-08-05,36.0099983215332,36.79999923706055,34.81999969482422,36.209999084472656,36.209999084472656,1173600
2025-08-06,35.83000183105469,37.86000061035156,35.09000015258789,37.720001220703125,37.720001220703125,1015800
2025-08-07,37.5,37.77000045776367,36.56999969482422,37.060001373291016,37.060001373291016,553300
2025-08-08,37.33000183105469,37.5,35.66999816894531,35.7599983215332,35.7599983215332,478100
2025-08-11,35.529998779296875,35.86000061035156,34.709999084472656,35.08000183105469,35.08000183105469,665900
2025-08-12,35.380001068115234,36.15999984741211,35.11000061035156,35.380001068115234,35.380001068115234,384200
2025-08-13,35.65999984741211,36.88999938964844,35.45000076293945,36.61000061035156,36.61000061035156,587100
2025-08-14,36.209999084472656,36.7400016784668,35.77000045776367,36.68000030517578,36.68000030517578,243700
2025-08-15,36.77000045776367,37.2599983215332,36.349998474121094,37.0099983215332,37.0099983215332,362300
2025-08-18,36.939998626708984,37.54999923706055,36.650001525878906,37.45000076293945,37.45000076293945,663000
2025-08-19,37.47999954223633,37.72999954223633,35.91999816894531,36.220001220703125,36.220001220703125,672100
2025-08-20,35.95000076293945,36.900001525878906,35.91999816894531,36.81999969482422,36.81999969482422,400700
2025-08-21,36.70000076293945,38.459999084472656,36.400001525878906,38.20000076293945,38.20000076293945,460900
2025-08-22,38.25,39.689998626708984,37.75,38.79999923706055,38.79999923706055,722600
2025-08-25,38.79999923706055,39.189998626708984,37.11000061035156,37.2599983215332,37.2599983215332,699700
2025-08-26,37.45000076293945,38.52000045776367,36.9900016784668,38.459999084472656,38.459999084472656,647300
2025-08-27,38.33000183105469,40.099998474121094,38.33000183105469,39.27000045776367,39.27000045776367,725200
2025-08-28,39.2400016784668,39.5099983215332,37.939998626708984,38.18000030517578,38.18000030517578,433200
2025-08-29,38.349998474121094,38.779998779296875,37.380001068115234,37.709999084472656,37.709999084472656,502800
2025-09-02,38.0,39.369998931884766,37.81999969482422,39.25,39.25,630500
2025-09-03,39.349998474121094,41.099998474121094,39.349998474121094,40.61000061035156,40.61000061035156,811400
2025-09-04,35.0,36.349998474121094,32.70000076293945,36.130001068115234,36.130001068115234,3132100
2025-09-05,36.630001068115234,37.90999984741211,35.90999984741211,36.0099983215332,36.0099983215332,1481600
2025-09-08,36.029998779296875,37.31999969482422,35.93000030517578,36.40999984741211,36.40999984741211,844900
2025-09-09,36.459999084472656,36.90999984741211,35.810001373291016,36.150001525878906,36.150001525878906,616300
2025-09-10,36.15999984741211,36.25,34.970001220703125,35.68000030517578,35.68000030517578,710400
2025-09-11,36.0,36.790000915527344,35.869998931884766,36.5,36.5,508300
2025-09-12,36.43000030517578,37.18000030517578,35.81999969482422,36.779998779296875,36.779998779296875,603400
2025-09-15,36.779998779296875,36.779998779296875,35.720001220703125,36.29999923706055,36.29999923706055,551000
2025-09-16,36.099998474121094,37.18000030517578,36.099998474121094,36.720001220703125,36.720001220703125,583000
2025-09-17,37.09000015258789,38.45000076293945,36.38999938964844,36.41999816894531,36.41999816894531,631700
2025-09-18,37.189998626708984,38.02000045776367,36.66999816894531,37.95000076293945,37.95000076293945,682900
2025-09-19,37.95000076293945,37.95000076293945,36.939998626708984,37.70000076293945,37.70000076293945,1358900
2025-09-22,37.70000076293945,38.95000076293945,37.22999954223633,38.189998626708984,38.189998626708984,437600
2025-09-23,38.150001525878906,38.86000061035156,37.70000076293945,37.869998931884766,37.869998931884766,426900
2025-09-24,37.83000183105469,38.09000015258789,37.029998779296875,37.31999969482422,37.31999969482422,495600
2025-09-25,37.22999954223633,37.22999954223633,36.43000030517578,36.61000061035156,36.61000061035156,474500
2025-09-26,37.02000045776367,39.2599983215332,36.38999938964844,38.93000030517578,38.93000030517578,814400
2025-09-29,38.72999954223633,39.63999938964844,38.08000183105469,39.27000045776367,39.27000045776367,573300
2025-09-30,39.439998626708984,40.20000076293945,38.7599983215332,40.13999938964844,40.13999938964844,574600
2025-10-01,40.09000015258789,41.2400016784668,39.66999816894531,40.06999969482422,40.06999969482422,677700
2025-10-02,40.36000061035156,40.58000183105469,39.31999969482422,39.93000030517578,39.93000030517578,392500
2025-10-03,40.060001373291016,41.41999816894531,39.790000915527344,40.5,40.5,525400
2025-10-06,40.619998931884766,41.060001373291016,40.36000061035156,40.88999938964844,40.88999938964844,446700
2025-10-07,40.939998626708984,41.290000915527344,40.38999938964844,40.869998931884766,40.869998931884766,319800
2025-10-08,41.0,42.61000061035156,40.84000015258789,42.599998474121094,42.599998474121094,519200
2025-10-09,42.650001525878906,43.209999084472656,41.91999816894531,42.43000030517578,42.43000030517578,540000
2025-10-10,42.5099983215332,42.5099983215332,40.20000076293945,40.61000061035156,40.61000061035156,657700
2025-10-13,40.61000061035156,41.72999954223633,40.349998474121094,40.91999816894531,40.91999816894531,540500
2025-10-14,40.209999084472656,41.09000015258789,39.709999084472656,40.2400016784668,40.2400016784668,387600
2025-10-15,40.310001373291016,41.709999084472656,40.13999938964844,41.380001068115234,41.380001068115234,515100
2025-10-16,41.400001525878906,42.470001220703125,41.0099983215332,41.52000045776367,41.52000045776367,927700
2025-10-17,41.86000061035156,43.689998626708984,41.86000061035156,42.33000183105469,42.33000183105469,756100
2025-10-20,43.04999923706055,43.2400016784668,42.0,42.650001525878906,42.650001525878906,509000
2025-10-21,42.81999969482422,43.66999816894531,42.310001373291016,43.45000076293945,43.45000076293945,481600
2025-10-22,43.119998931884766,43.540000915527344,41.2400016784668,41.7400016784668,41.7400016784668,367600
2025-10-23,41.91999816894531,42.11000061035156,41.27000045776367,42.09000015258789,42.09000015258789,324800
2025-10-24,42.61000061035156,43.43000030517578,42.099998474121094,43.33000183105469,43.33000183105469,343100
2025-10-27,43.38999938964844,44.25,43.0099983215332,43.08000183105469,43.08000183105469,546200
2025-10-28,42.970001220703125,43.779998779296875,42.45000076293945,43.43000030517578,43.43000030517578,647400
2025-10-29,42.959999084472656,43.470001220703125,41.81999969482422,41.959999084472656,41.959999084472656,564700
2025-10-30,42.18000030517578,43.810001373291016,40.18000030517578,43.18000030517578,43.18000030517578,989600
2025-10-31,42.86000061035156,43.720001220703125,42.2599983215332,43.2400016784668,43.2400016784668,735200
2025-11-03,42.86000061035156,44.099998474121094,39.959999084472656,40.130001068115234,40.130001068115234,834700
2025-11-04,39.33000183105469,40.31999969482422,38.900001525878906,40.0,40.0,711200
2025-11-05,40.25,40.720001220703125,39.209999084472656,40.5099983215332,40.5099983215332,503600
2025-11-06,40.2599983215332,40.86000061035156,39.939998626708984,40.310001373291016,40.310001373291016,380700
2025-11-07,40.189998626708984,41.47999954223633,39.380001068115234,40.66999816894531,40.66999816894531,378800
2025-11-10,41.02000045776367,42.06999969482422,41.0,41.380001068115234,41.380001068115234,465300
2025-11-11,41.2400016784668,43.900001525878906,41.15999984741211,43.86000061035156,43.86000061035156,531000
2025-11-12,43.84000015258789,44.54999923706055,43.20000076293945,43.630001068115234,43.630001068115234,876800
2025-11-13,43.119998931884766,44.220001220703125,42.470001220703125,42.540000915527344,42.540000915527344,666800
2025-11-14,41.88999938964844,44.290000915527344,41.34000015258789,43.650001525878906,43.650001525878906,848800
2025-11-17,43.59000015258789,45.959999084472656,42.5,45.130001068115234,45.130001068115234,882900
2025-11-18,44.91999816894531,46.0,44.400001525878906,45.4900016784668,45.4900016784668,569000
2025-11-19,23.290000915527344,25.06999969482422,22.239999771118164,22.34000015258789,22.34000015258789,17657900
2025-11-20,23.299999237060547,25.979999542236328,23.049999237060547,24.56999969482422,24.56999969482422,7665900
2025-11-21,24.65999984741211,25.940000534057617,23.0,25.239999771118164,25.239999771118164,3635800
2025-11-24,25.559999465942383,26.75,24.959999084472656,26.489999771118164,26.489999771118164,4268800
2025-11-25,27.190000534057617,28.6299991607666,26.360000610351562,28.43000030517578,28.43000030517578,2298000
2025-11-26,28.850000381469727,29.459999084472656,27.84000015258789,29.040000915527344,29.040000915527344,1857200
2025-11-28,29.299999237060547,29.299999237060547,28.450000762939453,29.200000762939453,29.200000762939453,500600
2025-12-01,28.510000228881836,28.549999237060547,27.6299991607666,27.84000015258789,27.84000015258789,1501300
2025-12-02,27.739999771118164,27.989999771118164,26.809999465942383,26.979999542236328,26.979999542236328,1727100
2025-12-03,27.149999618530273,27.729999542236328,26.989999771118164,27.489999771118164,27.489999771118164,1200800
2025-12-04,27.350000381469727,27.690000534057617,27.1299991607666,27.420000076293945,27.420000076293945,1225500
2025-12-05,27.559999465942383,27.950000762939453,27.059999465942383,27.729999542236328,27.729999542236328,850300
2025-12-08,27.600000381469727,28.579999923706055,27.1200008392334,27.280000686645508,27.280000686645508,1091800
2025-12-09,27.420000076293945,27.639999389648438,26.799999237060547,26.850000381469727,26.850000381469727,1003000
2025-12-10,27.030000686645508,28.610000610351562,26.860000610351562,28.0,28.0,1630000
2025-12-11,27.84000015258789,28.25,27.260000228881836,27.459999084472656,27.459999084472656,1511500
2025-12-12,27.520000457763672,27.670000076293945,26.780000686645508,27.270000457763672,27.270000457763672,1203100
2025-12-15,27.600000381469727,27.950000762939453,26.520000457763672,26.850000381469727,26.850000381469727,1182800
2025-12-16,26.719999313354492,26.899999618530273,25.979999542236328,26.09000015258789,26.09000015258789,1038900
2025-12-17,26.190000534057617,26.360000610351562,25.40999984741211,25.450000762939453,25.450000762939453,1417500
2025-12-18,25.780000686645508,26.219999313354492,24.600000381469727,24.729999542236328,24.729999542236328,1174400
2025-12-19,25.06999969482422,25.309999465942383,24.25,24.459999084472656,24.459999084472656,3772700
2025-12-22,24.530000686645508,25.059999465942383,24.15999984741211,24.950000762939453,24.950000762939453,2564400
2025-12-23,24.950000762939453,24.950000762939453,24.440000534057617,24.59000015258789,24.59000015258789,915700
2025-12-24,28.0,30.040000915527344,27.100000381469727,29.170000076293945,29.170000076293945,6310500
2025-12-26,29.059999465942383,29.059999465942383,27.420000076293945,28.020000457763672,28.020000457763672,1705600
2025-12-29,27.920000076293945,28.0,27.049999237060547,27.15999984741211,27.15999984741211,1019800
2025-12-30,27.020000457763672,27.40999984741211,26.65999984741211,27.329999923706055,27.329999923706055,981900
2025-12-31,27.18000030517578,27.610000610351562,26.739999771118164,27.219999313354492,27.219999313354492,870800
2026-01-02,27.25,27.25,26.559999465942383,27.18000030517578,27.18000030517578,947000
2026-01-05,27.170000076293945,27.59000015258789,26.540000915527344,27.450000762939453,27.450000762939453,1068000
2026-01-06,27.34000015258789,27.670000076293945,27.100000381469727,27.469999313354492,27.469999313354492,927700
2026-01-07,27.469999313354492,29.440000534057617,27.469999313354492,28.540000915527344,28.540000915527344,1299600
2026-01-08,28.239999771118164,28.649999618530273,27.90999984741211,28.15999984741211,28.15999984741211,1095500
2026-01-09,28.549999237060547,28.700000762939453,28.020000457763672,28.40999984741211,28.40999984741211,1171300
2026-01-12,28.100000381469727,28.3799991607666,27.34000015258789,28.31999969482422,28.31999969482422,904400
2026-01-13,28.0,28.459999084472656,27.299999237060547,27.799999237060547,27.799999237060547,659000
2026-01-14,27.790000915527344,28.790000915527344,27.520000457763672,28.729999542236328,28.729999542236328,769200
2026-01-15,28.8700008392334,28.8700008392334,27.75,27.799999237060547,27.799999237060547,805500
2026-01-16,27.8700008392334,28.229999542236328,27.110000610351562,27.190000534057617,27.190000534057617,975800
2026-01-20,26.5,27.079999923706055,26.25,26.68000030517578,26.68000030517578,897700
2026-01-21,26.729999542236328,27.31999969482422,26.420000076293945,27.170000076293945,27.170000076293945,1133100
2026-01-22,27.25,28.75,27.1299991607666,28.65999984741211,28.65999984741211,792000
2026-01-23,28.56999969482422,29.100000381469727,27.81999969482422,28.540000915527344,28.540000915527344,993400
2026-01-26,28.5,29.170000076293945,28.030000686645508,28.829999923706055,28.829999923706055,1142700
2026-01-27,28.799999237060547,29.93000030517578,28.420000076293945,28.670000076293945,28.670000076293945,913600
2026-01-28,28.790000915527344,29.040000915527344,28.219999313354492,28.309999465942383,28.309999465942383,1187400
2026-01-29,28.299999237060547,28.56999969482422,27.40999984741211,27.610000610351562,27.610000610351562,827500
2026-01-30,27.459999084472656,27.920000076293945,26.950000762939453,27.440000534057617,27.440000534057617,553300
2026-02-02,27.18000030517578,28.709999084472656,26.530000686645508,28.15999984741211,28.15999984741211,922100
2026-02-03,28.110000610351562,28.709999084472656,27.600000381469727,27.93000030517578,27.93000030517578,808300
2026-02-04,28.190000534057617,28.190000534057617,27.549999237060547,27.700000762939453,27.700000762939453,959400
2026-02-05,27.479999542236328,28.06999969482422,26.450000762939453,26.56999969482422,26.56999969482422,1107700
2026-02-06,27.030000686645508,27.43000030517578,26.5,26.530000686645508,26.530000686645508,1151600
2026-02-09,26.450000762939453,26.979999542236328,26.040000915527344,26.940000534057617,26.940000534057617,678300
2026-02-10,27.100000381469727,27.469999313354492,26.84000015258789,27.1299991607666,27.1299991607666,736300
2026-02-11,26.600000381469727,27.719999313354492,26.049999237060547,27.709999084472656,27.709999084472656,976000
2026-02-12,27.850000381469727,28.940000534057617,27.100000381469727,28.06999969482422,28.06999969482422,975900
2026-02-13,28.709999084472656,28.969999313354492,27.760000228881836,27.959999084472656,27.959999084472656,650500
2026-02-17,27.799999237060547,28.200000762939453,27.43000030517578,27.81999969482422,27.81999969482422,674600
2026-02-18,27.530000686645508,27.889999389648438,27.06999969482422,27.559999465942383,27.559999465942383,707900
2026-02-19,27.510000228881836,28.809999465942383,27.5,28.579999923706055,28.579999923706055,723200
2026-02-20,28.459999084472656,29.280000686645508,28.229999542236328,29.25,29.25,979200
2026-02-23,29.290000915527344,30.399999618530273,29.1299991607666,30.200000762939453,30.200000762939453,1066300
2026-02-24,30.350000381469727,31.020000457763672,29.709999084472656,30.389999389648438,30.389999389648438,1201200
2026-02-25,30.459999084472656,30.860000610351562,29.799999237060547,29.959999084472656,29.959999084472656,652200
2026-02-26,29.81999969482422,30.059999465942383,29.049999237060547,29.979999542236328,29.979999542236328,645500
2026-02-27,29.329999923706055,30.520000457763672,29.010000228881836,30.229999542236328,30.229999542236328,764500
2026-03-02,29.799999237060547,30.34000015258789,28.1200008392334,29.200000762939453,29.200000762939453,1204700
2026-03-03,28.280000686645508,29.299999237060547,27.709999084472656,28.479999542236328,28.479999542236328,919200
2026-03-04,28.670000076293945,29.3700008392334,28.1299991607666,28.190000534057617,28.190000534057617,918700
2026-03-05,28.139999389648438,28.3799991607666,27.469999313354492,27.68000030517578,27.68000030517578,1020400
2026-03-06,27.270000457763672,27.59000015258789,26.84000015258789,27.469999313354492,27.469999313354492,855900
2026-03-09,27.530000686645508,28.6200008392334,27.520000457763672,28.530000686645508,28.530000686645508,779700
2026-03-10,28.510000228881836,28.969999313354492,28.0,28.260000228881836,28.260000228881836,526600
2026-03-11,28.170000076293945,28.229999542236328,27.31999969482422,28.06999969482422,28.06999969482422,432600
2026-03-12,27.510000228881836,27.799999237060547,27.0,27.59000015258789,27.59000015258789,463900
2026-03-13,27.760000228881836,28.190000534057617,27.260000228881836,27.850000381469727,27.850000381469727,510300
2026-03-16,27.709999084472656,28.93000030517578,27.709999084472656,28.84000015258789,28.84000015258789,559200
2026-03-17,28.670000076293945,29.450000762939453,28.670000076293945,28.90999984741211,28.90999984741211,625200
2026-03-18,28.56999969482422,28.809999465942383,28.0,28.1299991607666,28.1299991607666,540700
2026-03-19,28.290000915527344,28.440000534057617,27.5,27.920000076293945,27.920000076293945,605900
2026-03-20,27.889999389648438,28.350000381469727,27.489999771118164,27.860000610351562,27.860000610351562,1618700
2026-03-23,28.190000534057617,28.700000762939453,27.670000076293945,28.110000610351562,28.110000610351562,811900
2026-03-24,27.729999542236328,28.649999618530273,27.399999618530273,28.350000381469727,28.350000381469727,786600
2026-03-25,28.780000686645508,30.170000076293945,28.59000015258789,29.59000015258789,29.59000015258789,726300
2026-03-26,29.15999984741211,30.8700008392334,29.15999984741211,29.950000762939453,29.950000762939453,1129800
2026-03-27,29.709999084472656,30.0,29.260000228881836,29.43000030517578,29.43000030517578,797100
2026-03-30,29.43000030517578,30.09000015258789,29.030000686645508,29.610000610351562,29.610000610351562,821000
2026-03-31,33.720001220703125,36.349998474121094,33.66999816894531,33.83000183105469,33.83000183105469,3606800
2026-04-01,33.88999938964844,36.15999984741211,33.869998931884766,34.189998626708984,34.189998626708984,1557300
2026-04-02,33.970001220703125,35.349998474121094,33.52000045776367,35.20000076293945,35.20000076293945,1425300
2026-04-06,35.459999084472656,35.97999954223633,34.560001373291016,34.79999923706055,34.79999923706055,1068700
2026-04-07,34.79999923706055,35.310001373291016,34.47999954223633,35.11000061035156,35.11000061035156,1483700
2026-04-08,35.43000030517578,35.9900016784668,33.68000030517578,33.77000045776367,33.77000045776367,1236100
2026-04-09,33.529998779296875,33.529998779296875,32.59000015258789,32.91999816894531,32.91999816894531,867800
2026-04-10,32.970001220703125,33.16999816894531,32.470001220703125,32.91999816894531,32.91999816894531,765200
2026-04-13,32.91999816894531,33.61000061035156,32.83000183105469,33.150001525878906,33.150001525878906,693800
2026-04-14,33.13999938964844,33.900001525878906,32.91999816894531,33.29999923706055,33.29999923706055,652600
2026-04-15,33.279998779296875,34.47999954223633,33.22999954223633,34.45000076293945,34.45000076293945,572200
2026-04-16,34.68000030517578,35.09000015258789,34.349998474121094,34.91999816894531,34.91999816894531,831900
2026-04-17,35.5,35.79999923706055,34.869998931884766,35.13999938964844,35.13999938964844,673200
2026-04-20,29.579999923706055,29.700000762939453,26.049999237060547,27.06999969482422,27.06999969482422,5823300
2026-04-21,26.84000015258789,27.040000915527344,26.049999237060547,26.290000915527344,26.290000915527344,1617000
2026-04-22,26.489999771118164,26.950000762939453,26.059999465942383,26.719999313354492,26.719999313354492,1586400
2026-04-23,26.75,26.940000534057617,25.6200008392334,25.739999771118164,25.739999771118164,1020400
2026-04-24,25.56999969482422,25.600000381469727,24.920000076293945,25.31999969482422,25.31999969482422,972500
2026-04-27,25.1200008392334,25.84000015258789,24.290000915527344,24.43000030517578,24.43000030517578,1070600
2026-04-28,24.549999237060547,25.34000015258789,24.479999542236328,24.799999237060547,24.799999237060547,885500
2026-04-29,26.5,28.81999969482422,25.649999618530273,28.049999237060547,28.049999237060547,2813800
2026-04-30,28.06999969482422,28.68000030517578,27.709999084472656,28.0,28.0,1306000
2026-05-01,28.0,28.399999618530273,27.25,28.15999984741211,28.15999984741211,1166000
2026-05-04,27.920000076293945,28.100000381469727,27.030000686645508,27.559999465942383,27.559999465942383,1578800
2026-05-05,27.420000076293945,28.0,26.93000030517578,27.209999084472656,27.209999084472656,870500
2026-05-06,27.399999618530273,27.510000228881836,26.510000228881836,26.979999542236328,26.979999542236328,1083900
2026-05-07,27.200000762939453,27.56999969482422,26.940000534057617,27.530000686645508,27.530000686645508,722500
2026-05-08,27.5,28.209999084472656,27.5,27.790000915527344,27.790000915527344,582900
2026-05-11,27.790000915527344,29.010000228881836,27.709999084472656,27.989999771118164,27.989999771118164,794300
2026-05-12,28.299999237060547,28.479999542236328,27.559999465942383,28.420000076293945,28.420000076293945,766900
2026-05-13,28.209999084472656,28.8700008392334,28.079999923706055,28.770000457763672,28.770000457763672,747400
2026-05-14,28.899999618530273,29.18000030517578,28.31999969482422,28.729999542236328,28.729999542236328,681900
2026-05-15,28.5,28.649999618530273,27.8799991607666,28.170000076293945,28.170000076293945,604100
2026-05-18,28.15999984741211,28.670000076293945,27.75,28.209999084472656,28.209999084472656,757900
2026-05-19,28.459999084472656,28.459999084472656,27.450000762939453,27.729999542236328,27.729999542236328,638000
2026-05-20,27.780000686645508,28.850000381469727,27.639999389648438,28.5,28.5,678400
2026-05-21,28.059999465942383,28.799999237060547,27.690000534057617,28.790000915527344,28.790000915527344,522700
2026-05-22,28.690000534057617,29.100000381469727,28.040000915527344,28.139999389648438,28.139999389648438,874500
2026-05-26,28.25,28.459999084472656,27.510000228881836,28.329999923706055,28.329999923706055,903200
2026-05-27,28.56999969482422,28.979999542236328,28.329999923706055,28.6200008392334,28.6200008392334,935000
2026-05-28,28.6200008392334,30.530000686645508,28.549999237060547,30.420000076293945,30.420000076293945,987600
2026-05-29,29.09000015258789,30.280000686645508,28.5,29.399999618530273,29.399999618530273,1432000
2026-06-01,29.100000381469727,29.25,27.510000228881836,28.0,28.0,853600
2026-06-02,28.200000762939453,28.299999237060547,26.440000534057617,26.510000228881836,26.510000228881836,1100900
2026-06-03,26.510000228881836,27.75,26.489999771118164,27.68000030517578,27.68000030517578,679200
2026-06-04,28.1200008392334,29.31999969482422,27.940000534057617,28.790000915527344,28.790000915527344,648200
2026-06-05,28.950000762939453,29.389999389648438,28.1299991607666,28.290000915527344,28.290000915527344,561300
2026-06-08,28.65999984741211,28.739999771118164,27.190000534057617,27.440000534057617,27.440000534057617,520700
2026-06-09,27.690000534057617,28.450000762939453,26.889999389648438,28.139999389648438,28.139999389648438,1290600
2026-06-10,28.100000381469727,29.040000915527344,27.700000762939453,28.8799991607666,28.8799991607666,1021500
2026-06-11,28.459999084472656,29.100000381469727,28.170000076293945,28.719999313354492,28.719999313354492,2194800
2026-06-12,28.799999237060547,30.229999542236328,28.510000228881836,29.459999084472656,29.459999084472656,1141100
2026-06-15,29.690000534057617,31.829999923706055,29.270000457763672,31.81999969482422,31.81999969482422,1651600
2026-06-16,31.979999542236328,32.529998779296875,31.299999237060547,31.84000015258789,31.84000015258789,788100
2026-06-17,32.0,33.77000045776367,31.829999923706055,33.08000183105469,33.08000183105469,920500
2026-06-18,33.900001525878906,34.45000076293945,33.5,34.15999984741211,34.15999984741211,2241500
2026-06-22,34.29999923706055,35.529998779296875,34.29999923706055,35.099998474121094,35.099998474121094,1378800
2026-06-23,34.81999969482422,35.79999923706055,34.630001068115234,35.59000015258789,35.59000015258789,744400
2026-06-24,35.90999984741211,36.900001525878906,35.31999969482422,36.279998779296875,36.279998779296875,1028000
2026-06-25,36.22999954223633,37.2599983215332,35.790000915527344,36.20000076293945,36.20000076293945,773300
2026-06-26,36.36000061035156,38.290000915527344,35.900001525878906,37.900001525878906,37.900001525878906,3836200
2026-06-29,37.58000183105469,38.08000183105469,37.20000076293945,38.040000915527344,38.040000915527344,771600
2026-06-30,38.310001373291016,38.310001373291016,37.0,37.11000061035156,37.11000061035156,987900
2026-07-01,37.060001373291016,38.380001068115234,36.349998474121094,37.08000183105469,37.08000183105469,1133200
2026-07-02,37.41999816894531,37.70000076293945,36.52000045776367,37.58000183105469,37.58000183105469,791200
2026-07-06,37.16999816894531,37.689998626708984,36.77000045776367,37.38999938964844,37.38999938964844,476100
2026-07-07,39.380001068115234,44.09000015258789,39.380001068115234,44.0099983215332,44.0099983215332,2776300
2026-07-08,43.470001220703125,44.0,42.52000045776367,42.7599983215332,42.7599983215332,1618500
2026-07-09,42.58000183105469,43.16999816894531,41.959999084472656,42.790000915527344,42.790000915527344,520100
2026-07-10,42.93000030517578,42.93000030517578,40.2599983215332,41.22999954223633,41.22999954223633,1133800
