date,open,high,low,close,adjclose,volume
2021-08-02,178.3000030517578,179.97000122070312,175.86000061035156,177.9600067138672,177.9600067138672,448400
2021-08-03,179.13999938964844,180.0,174.14999389648438,178.80999755859375,178.80999755859375,986000
2021-08-04,177.24000549316406,186.47999572753906,175.6999969482422,183.44000244140625,183.44000244140625,800500
2021-08-05,183.8000030517578,194.27999877929688,183.32000732421875,193.89999389648438,193.89999389648438,972700
2021-08-06,192.8800048828125,199.91000366210938,191.3000030517578,195.22999572753906,195.22999572753906,815800
2021-08-09,193.5500030517578,201.64999389648438,192.99000549316406,200.25,200.25,1291900
2021-08-10,201.9600067138672,208.9499969482422,198.9600067138672,207.72999572753906,207.72999572753906,979200
2021-08-11,206.89999389648438,209.72999572753906,200.8699951171875,202.85000610351562,202.85000610351562,1169200
2021-08-12,203.5,204.91000366210938,195.0,200.9199981689453,200.9199981689453,450900
2021-08-13,199.50999450683594,202.25999450683594,195.52999877929688,196.5399932861328,196.5399932861328,865800
2021-08-16,196.3000030517578,198.7100067138672,193.35000610351562,196.77999877929688,196.77999877929688,663400
2021-08-17,195.7100067138672,202.33999633789062,193.85000610351562,200.25,200.25,586800
2021-08-18,201.77000427246094,201.77000427246094,197.50999450683594,197.52999877929688,197.52999877929688,475100
2021-08-19,196.44000244140625,201.0,195.0,196.99000549316406,196.99000549316406,379600
2021-08-20,198.42999267578125,201.32000732421875,196.1199951171875,197.77999877929688,197.77999877929688,973700
2021-08-23,198.72000122070312,201.49000549316406,196.60000610351562,198.39999389648438,198.39999389648438,911100
2021-08-24,199.00999450683594,202.5800018310547,196.0800018310547,201.89999389648438,201.89999389648438,299000
2021-08-25,201.17999267578125,205.38999938964844,198.6999969482422,204.9199981689453,204.9199981689453,365200
2021-08-26,205.07000732421875,207.25,202.3800048828125,202.38999938964844,202.38999938964844,335800
2021-08-27,202.08999633789062,208.5500030517578,201.9600067138672,203.92999267578125,203.92999267578125,376800
2021-08-30,204.8000030517578,208.32000732421875,203.11000061035156,203.50999450683594,203.50999450683594,467300
2021-08-31,204.4499969482422,205.69000244140625,200.3300018310547,201.42999267578125,201.42999267578125,806900
2021-09-01,200.72000122070312,201.67999267578125,196.55999755859375,197.0399932861328,197.0399932861328,587900
2021-09-02,198.99000549316406,202.77000427246094,197.02999877929688,200.17999267578125,200.17999267578125,540800
2021-09-03,199.6699981689453,200.4199981689453,197.36000061035156,197.4600067138672,197.4600067138672,321000
2021-09-07,197.67999267578125,197.67999267578125,188.00999450683594,188.27000427246094,188.27000427246094,656100
2021-09-08,186.64999389648438,188.8800048828125,184.2100067138672,186.30999755859375,186.30999755859375,324800
2021-09-09,187.0,190.16000366210938,186.91000366210938,189.60000610351562,189.60000610351562,349600
2021-09-10,190.4199981689453,192.44000244140625,188.42999267578125,189.5500030517578,189.5500030517578,374600
2021-09-13,190.5500030517578,190.5500030517578,183.0,185.7899932861328,185.7899932861328,496100
2021-09-14,185.32000732421875,189.8699951171875,184.7100067138672,187.97000122070312,187.97000122070312,401700
2021-09-15,187.47000122070312,190.0,186.24000549316406,187.47999572753906,187.47999572753906,417500
2021-09-16,189.10000610351562,191.86000061035156,185.97000122070312,190.1999969482422,190.1999969482422,323900
2021-09-17,190.42999267578125,191.85000610351562,185.41000366210938,190.33999633789062,190.33999633789062,1187000
2021-09-20,187.97000122070312,188.16000366210938,181.9600067138672,183.4600067138672,183.4600067138672,575000
2021-09-21,184.5399932861328,187.10000610351562,183.69000244140625,184.14999389648438,184.14999389648438,761800
2021-09-22,185.2100067138672,185.4199981689453,181.25999450683594,182.2100067138672,182.2100067138672,1042300
2021-09-23,183.49000549316406,187.75,180.64999389648438,186.9499969482422,186.9499969482422,292600
2021-09-24,185.89999389648438,189.0800018310547,185.39999389648438,187.39999389648438,187.39999389648438,228300
2021-09-27,187.1300048828125,194.47000122070312,181.39999389648438,193.85000610351562,193.85000610351562,799600
2021-09-28,180.27000427246094,184.27000427246094,174.38999938964844,177.0800018310547,177.0800018310547,1247400
2021-09-29,178.52999877929688,182.66000366210938,177.0,177.4499969482422,177.4499969482422,388200
2021-09-30,177.83999633789062,191.41000366210938,177.83999633789062,188.80999755859375,188.80999755859375,773000
2021-10-01,188.4199981689453,193.88999938964844,186.5500030517578,192.67999267578125,192.67999267578125,400300
2021-10-04,195.0,198.0500030517578,193.00999450683594,195.02000427246094,195.02000427246094,606700
2021-10-05,195.33999633789062,199.69000244140625,195.25,198.35000610351562,198.35000610351562,394800
2021-10-06,196.0399932861328,201.49000549316406,196.0399932861328,201.0800018310547,201.0800018310547,555600
2021-10-07,201.8300018310547,204.94000244140625,198.85000610351562,202.91000366210938,202.91000366210938,307400
2021-10-08,203.4499969482422,206.83999633789062,202.07000732421875,203.6999969482422,203.6999969482422,313600
2021-10-11,203.8699951171875,206.22999572753906,202.47999572753906,204.52999877929688,204.52999877929688,222200
2021-10-12,206.3800048828125,206.50999450683594,202.49000549316406,203.44000244140625,203.44000244140625,402300
2021-10-13,204.0,206.27999877929688,200.8000030517578,203.88999938964844,203.88999938964844,317400
2021-10-14,207.0,212.0,205.27999877929688,209.2899932861328,209.2899932861328,455200
2021-10-15,210.0,210.19000244140625,207.3699951171875,208.55999755859375,208.55999755859375,404900
2021-10-18,208.86000061035156,208.86000061035156,202.3000030517578,203.89999389648438,203.89999389648438,332500
2021-10-19,203.5800018310547,207.14999389648438,201.27999877929688,206.58999633789062,206.58999633789062,259700
2021-10-20,208.30999755859375,208.80999755859375,203.1699981689453,203.82000732421875,203.82000732421875,279700
2021-10-21,204.4600067138672,205.2899932861328,201.86000061035156,204.3300018310547,204.3300018310547,237500
2021-10-22,205.1699981689453,205.1699981689453,198.36000061035156,198.61000061035156,198.61000061035156,481300
2021-10-25,198.0,202.75,195.99000549316406,199.6699981689453,199.6699981689453,398400
2021-10-26,199.67999267578125,200.0,196.57000732421875,197.7100067138672,197.7100067138672,376300
2021-10-27,197.47000122070312,197.94000244140625,190.19000244140625,191.16000366210938,191.16000366210938,769200
2021-10-28,169.07000732421875,172.4600067138672,156.00999450683594,162.13999938964844,162.13999938964844,2766300
2021-10-29,161.1199951171875,164.36000061035156,154.82000732421875,159.55999755859375,159.55999755859375,1466200
2021-11-01,160.94000244140625,168.6999969482422,160.1300048828125,166.36000061035156,166.36000061035156,807800
2021-11-02,167.52999877929688,169.58999633789062,163.8800048828125,167.64999389648438,167.64999389648438,596900
2021-11-03,167.00999450683594,173.35000610351562,165.41000366210938,172.8699951171875,172.8699951171875,947600
2021-11-04,172.4600067138672,185.72000122070312,172.4600067138672,185.5500030517578,185.5500030517578,1039400
2021-11-05,185.8800048828125,188.22000122070312,181.4600067138672,187.25,187.25,710000
2021-11-08,188.47000122070312,189.86000061035156,183.27999877929688,187.97000122070312,187.97000122070312,592800
2021-11-09,189.0,189.0,181.99000549316406,183.9199981689453,183.9199981689453,471500
2021-11-10,183.10000610351562,186.33999633789062,176.00999450683594,176.25,176.25,424800
2021-11-11,177.24000549316406,181.8800048828125,172.67999267578125,173.0500030517578,173.0500030517578,532300
2021-11-12,174.0500030517578,174.74000549316406,169.89999389648438,170.8699951171875,170.8699951171875,603800
2021-11-15,169.74000549316406,174.60000610351562,169.27000427246094,173.30999755859375,173.30999755859375,571300
2021-11-16,172.7899932861328,174.64999389648438,169.77999877929688,172.94000244140625,172.94000244140625,305700
2021-11-17,171.6999969482422,173.63999938964844,167.44000244140625,172.72999572753906,172.72999572753906,483800
2021-11-18,182.2899932861328,189.69000244140625,178.50999450683594,178.97999572753906,178.97999572753906,1716200
2021-11-19,174.72000122070312,182.32000732421875,172.57000732421875,181.0,181.0,645400
2021-11-22,188.99000549316406,195.0,186.02000427246094,187.00999450683594,187.00999450683594,1367000
2021-11-23,188.0,189.36000061035156,180.9600067138672,187.14999389648438,187.14999389648438,565000
2021-11-24,187.58999633789062,189.0399932861328,184.00999450683594,188.8000030517578,188.8000030517578,273200
2021-11-26,188.8000030517578,192.97999572753906,185.64999389648438,188.52999877929688,188.52999877929688,341300
2021-11-29,189.75,190.24000549316406,180.3800048828125,180.74000549316406,180.74000549316406,417900
2021-11-30,181.52999877929688,185.3699951171875,179.0800018310547,183.8000030517578,183.8000030517578,844500
2021-12-01,183.19000244140625,186.27000427246094,179.63999938964844,179.92999267578125,179.92999267578125,371400
2021-12-02,179.42999267578125,184.44000244140625,178.5,182.85000610351562,182.85000610351562,430700
2021-12-03,183.57000732421875,185.5399932861328,170.25,171.36000061035156,171.36000061035156,640100
2021-12-06,170.0,177.6199951171875,169.22000122070312,177.0,177.0,581700
2021-12-07,180.11000061035156,183.35000610351562,176.55999755859375,180.27999877929688,180.27999877929688,1107400
2021-12-08,181.22999572753906,183.9499969482422,176.47000122070312,176.9199981689453,176.9199981689453,731900
2021-12-09,177.44000244140625,177.99000549316406,169.89999389648438,172.47000122070312,172.47000122070312,1133800
2021-12-10,172.97000122070312,179.25,172.3000030517578,173.64999389648438,173.64999389648438,394400
2021-12-13,175.5399932861328,187.67999267578125,174.25999450683594,186.4199981689453,186.4199981689453,891100
2021-12-14,186.27000427246094,190.05999755859375,183.11000061035156,185.72999572753906,185.72999572753906,658500
2021-12-15,185.72999572753906,194.10000610351562,184.75,191.05999755859375,191.05999755859375,760100
2021-12-16,186.57000732421875,190.5399932861328,180.8800048828125,184.8800048828125,184.8800048828125,560500
2021-12-17,183.89999389648438,195.8000030517578,180.0,194.57000732421875,194.57000732421875,957600
2021-12-20,195.19000244140625,199.5,190.52000427246094,198.2899932861328,198.2899932861328,1526200
2021-12-21,199.0,199.8800048828125,196.2899932861328,199.58999633789062,199.58999633789062,1174900
2021-12-22,189.1300048828125,193.75,184.02000427246094,187.3800048828125,187.3800048828125,1240000
2021-12-23,189.17999267578125,196.3000030517578,185.94000244140625,194.35000610351562,194.35000610351562,390400
2021-12-27,190.0,190.0,159.11000061035156,161.11000061035156,161.11000061035156,4531500
2021-12-28,161.42999267578125,171.99000549316406,161.11000061035156,168.6999969482422,168.6999969482422,1207100
2021-12-29,169.89999389648438,170.36000061035156,165.27000427246094,170.0800018310547,170.0800018310547,582900
2021-12-30,169.74000549316406,174.5,168.97000122070312,171.02999877929688,171.02999877929688,676900
2021-12-31,171.6199951171875,175.32000732421875,169.5800018310547,169.5800018310547,169.5800018310547,381800
2022-01-03,171.05999755859375,174.0,165.5800018310547,173.91000366210938,173.91000366210938,993200
2022-01-04,172.0500030517578,174.66000366210938,161.5800018310547,165.22999572753906,165.22999572753906,833100
2022-01-05,161.57000732421875,163.27999877929688,154.58999633789062,155.08999633789062,155.08999633789062,886800
2022-01-06,156.19000244140625,156.19000244140625,146.30999755859375,151.0,151.0,1122400
2022-01-07,151.0,153.3000030517578,147.41000366210938,148.1300048828125,148.1300048828125,594200
2022-01-10,146.16000366210938,150.1699981689453,142.50999450683594,150.16000366210938,150.16000366210938,841200
2022-01-11,151.11000061035156,152.1199951171875,146.3300018310547,148.02999877929688,148.02999877929688,674100
2022-01-12,146.88999938964844,149.47000122070312,144.00999450683594,147.5399932861328,147.5399932861328,750400
2022-01-13,147.47000122070312,150.82000732421875,144.97000122070312,148.0,148.0,606300
2022-01-14,147.77999877929688,152.4199981689453,142.69000244140625,148.5,148.5,457100
2022-01-18,145.64999389648438,147.00999450683594,138.61000061035156,139.19000244140625,139.19000244140625,647500
2022-01-19,141.27000427246094,144.17999267578125,137.69000244140625,138.6199951171875,138.6199951171875,475000
2022-01-20,146.16000366210938,146.44000244140625,137.89999389648438,138.30999755859375,138.30999755859375,576300
2022-01-21,130.1999969482422,137.9199981689453,129.85000610351562,136.41000366210938,136.41000366210938,1164700
2022-01-24,132.88999938964844,136.97999572753906,128.1300048828125,136.52999877929688,136.52999877929688,986600
2022-01-25,135.5399932861328,136.44000244140625,130.4600067138672,130.94000244140625,130.94000244140625,806300
2022-01-26,133.5800018310547,136.75999450683594,129.8699951171875,130.1199951171875,130.1199951171875,774000
2022-01-27,130.52999877929688,131.99000549316406,126.88999938964844,127.18000030517578,127.18000030517578,904400
2022-01-28,129.05999755859375,132.55999755859375,125.0,132.08999633789062,132.08999633789062,929800
2022-01-31,132.5800018310547,137.77999877929688,132.5800018310547,137.60000610351562,137.60000610351562,1183700
2022-02-01,138.13999938964844,146.25999450683594,138.08999633789062,144.92999267578125,144.92999267578125,1137500
2022-02-02,144.6699981689453,145.97999572753906,143.3800048828125,145.25999450683594,145.25999450683594,670600
2022-02-03,145.0399932861328,147.2899932861328,141.27999877929688,142.50999450683594,142.50999450683594,469400
2022-02-04,141.58999633789062,146.38999938964844,140.66000366210938,145.4199981689453,145.4199981689453,670000
2022-02-07,145.66000366210938,149.77000427246094,145.1999969482422,148.64999389648438,148.64999389648438,489500
2022-02-08,147.41000366210938,149.39999389648438,144.25999450683594,147.63999938964844,147.63999938964844,695500
2022-02-09,149.13999938964844,151.57000732421875,146.5500030517578,151.39999389648438,151.39999389648438,779800
2022-02-10,148.14999389648438,157.08999633789062,147.57000732421875,150.86000061035156,150.86000061035156,896300
2022-02-11,149.27999877929688,154.4499969482422,148.07000732421875,150.75999450683594,150.75999450683594,972700
2022-02-14,150.75999450683594,151.14999389648438,147.6699981689453,148.66000366210938,148.66000366210938,944800
2022-02-15,150.02000427246094,153.77000427246094,149.66000366210938,153.3000030517578,153.3000030517578,580100
2022-02-16,153.2899932861328,153.64999389648438,149.74000549316406,153.27999877929688,153.27999877929688,333500
2022-02-17,152.7100067138672,152.97000122070312,149.66000366210938,149.9499969482422,149.9499969482422,722700
2022-02-18,150.49000549316406,151.42999267578125,145.69000244140625,147.5,147.5,739000
2022-02-22,146.7899932861328,149.05999755859375,145.30999755859375,146.80999755859375,146.80999755859375,951600
2022-02-23,148.42999267578125,149.30999755859375,145.92999267578125,147.47000122070312,147.47000122070312,991300
2022-02-24,144.91000366210938,152.97000122070312,143.3000030517578,152.88999938964844,152.88999938964844,1245300
2022-02-25,152.1199951171875,155.10000610351562,150.2100067138672,155.0,155.0,928900
2022-02-28,154.17999267578125,158.3000030517578,150.5800018310547,157.85000610351562,157.85000610351562,786400
2022-03-01,158.8800048828125,164.39999389648438,157.32000732421875,162.50999450683594,162.50999450683594,922500
2022-03-02,162.13999938964844,163.97999572753906,159.52999877929688,163.1999969482422,163.1999969482422,427100
2022-03-03,164.50999450683594,167.67999267578125,163.74000549316406,165.07000732421875,165.07000732421875,1189200
2022-03-04,164.22000122070312,166.83999633789062,160.6300048828125,164.44000244140625,164.44000244140625,1516200
2022-03-07,163.75,165.2100067138672,161.8699951171875,163.0,163.0,756000
2022-03-08,160.22000122070312,166.07000732421875,160.22000122070312,162.0,162.0,1007300
2022-03-09,162.58999633789062,165.3300018310547,160.97999572753906,162.22999572753906,162.22999572753906,926700
2022-03-10,161.50999450683594,163.9600067138672,156.60000610351562,160.55999755859375,160.55999755859375,773000
2022-03-11,161.24000549316406,161.99000549316406,153.8699951171875,154.9600067138672,154.9600067138672,602300
2022-03-14,154.82000732421875,156.39999389648438,150.14999389648438,151.8000030517578,151.8000030517578,726700
2022-03-15,152.02000427246094,153.08999633789062,149.0,152.9199981689453,152.9199981689453,593400
2022-03-16,154.55999755859375,158.99000549316406,153.02000427246094,158.97000122070312,158.97000122070312,539700
2022-03-17,162.0,164.22999572753906,160.14999389648438,163.0800018310547,163.0800018310547,816700
2022-03-18,164.72999572753906,166.42999267578125,163.35000610351562,165.25,165.25,1035400
2022-03-21,164.1699981689453,166.0,161.75,162.42999267578125,162.42999267578125,673900
2022-03-22,163.57000732421875,164.13999938964844,161.22000122070312,163.8300018310547,163.8300018310547,729900
2022-03-23,162.8699951171875,164.5,161.91000366210938,162.35000610351562,162.35000610351562,612600
2022-03-24,164.25999450683594,164.25999450683594,160.58999633789062,163.6999969482422,163.6999969482422,865300
2022-03-25,165.0,165.0,161.36000061035156,163.80999755859375,163.80999755859375,539700
2022-03-28,163.4600067138672,164.1300048828125,158.85000610351562,161.64999389648438,161.64999389648438,664700
2022-03-29,163.6300048828125,166.74000549316406,163.57000732421875,166.74000549316406,166.74000549316406,744300
2022-03-30,167.41000366210938,169.8699951171875,165.02000427246094,165.24000549316406,165.24000549316406,553400
2022-03-31,166.55999755859375,168.57000732421875,163.0500030517578,163.2899932861328,163.2899932861328,646100
2022-04-01,166.41000366210938,180.35000610351562,164.00999450683594,169.2899932861328,169.2899932861328,1789100
2022-04-04,167.25999450683594,167.69000244140625,160.4600067138672,161.77000427246094,161.77000427246094,1507600
2022-04-05,161.25,165.97999572753906,159.47000122070312,159.91000366210938,159.91000366210938,661400
2022-04-06,158.02000427246094,160.39999389648438,157.1999969482422,158.47000122070312,158.47000122070312,736200
2022-04-07,157.9499969482422,168.0399932861328,157.66000366210938,162.25,162.25,1047500
2022-04-08,163.0,168.47999572753906,162.99000549316406,163.4199981689453,163.4199981689453,686300
2022-04-11,163.8000030517578,165.27999877929688,157.17999267578125,157.42999267578125,157.42999267578125,610100
2022-04-12,158.4600067138672,165.14999389648438,157.7899932861328,159.5800018310547,159.5800018310547,956100
2022-04-13,160.7899932861328,168.58999633789062,158.80999755859375,168.4600067138672,168.4600067138672,579000
2022-04-14,168.42999267578125,170.0399932861328,167.3000030517578,167.33999633789062,167.33999633789062,458700
2022-04-18,166.16000366210938,166.74000549316406,155.85000610351562,156.67999267578125,156.67999267578125,654800
2022-04-19,157.47999572753906,161.63999938964844,156.99000549316406,161.1999969482422,161.1999969482422,638300
2022-04-20,164.27999877929688,168.32000732421875,160.47999572753906,167.9499969482422,167.9499969482422,528200
2022-04-21,168.72999572753906,171.83999633789062,168.3000030517578,168.75,168.75,878100
2022-04-22,168.33999633789062,169.05999755859375,166.42999267578125,167.0,167.0,784100
2022-04-25,161.11000061035156,164.3300018310547,157.35000610351562,162.07000732421875,162.07000732421875,900300
2022-04-26,160.14999389648438,161.11000061035156,154.5800018310547,155.0,155.0,977200
2022-04-27,155.74000549316406,157.6699981689453,153.88999938964844,154.9199981689453,154.9199981689453,1047600
2022-04-28,150.36000061035156,151.30999755859375,138.52000427246094,143.16000366210938,143.16000366210938,1893100
2022-04-29,142.0399932861328,143.75,132.4499969482422,133.42999267578125,133.42999267578125,1428600
2022-05-02,131.58999633789062,139.14999389648438,131.58999633789062,139.0500030517578,139.0500030517578,843900
2022-05-03,140.1699981689453,143.27999877929688,139.4499969482422,142.88999938964844,142.88999938964844,691500
2022-05-04,143.72000122070312,144.97999572753906,138.72999572753906,143.42999267578125,143.42999267578125,942600
2022-05-05,142.74000549316406,142.74000549316406,134.50999450683594,136.74000549316406,136.74000549316406,791800
2022-05-06,135.16000366210938,136.5,132.1300048828125,134.75,134.75,596500
2022-05-09,132.11000061035156,132.2100067138672,120.16000366210938,122.5199966430664,122.5199966430664,1416200
2022-05-10,126.20999908447266,131.05999755859375,124.33999633789062,128.17999267578125,128.17999267578125,1013200
2022-05-11,126.47000122070312,129.16000366210938,119.58000183105469,120.41999816894531,120.41999816894531,944300
2022-05-12,119.30000305175781,123.13999938964844,117.58000183105469,121.33000183105469,121.33000183105469,1047500
2022-05-13,124.01000213623047,128.77000427246094,124.0,126.47000122070312,126.47000122070312,740300
2022-05-16,125.73999786376953,127.91000366210938,123.2699966430664,124.87000274658203,124.87000274658203,939600
2022-05-17,127.41000366210938,130.10000610351562,125.66000366210938,129.30999755859375,129.30999755859375,724200
2022-05-18,126.44000244140625,130.89999389648438,125.5199966430664,128.30999755859375,128.30999755859375,660900
2022-05-19,128.47000122070312,131.35000610351562,127.33999633789062,129.36000061035156,129.36000061035156,744100
2022-05-20,129.82000732421875,133.1300048828125,129.22000122070312,132.27000427246094,132.27000427246094,1168800
2022-05-23,132.07000732421875,133.2899932861328,128.30999755859375,129.5800018310547,129.5800018310547,910300
2022-05-24,128.58999633789062,128.58999633789062,124.80000305175781,127.05000305175781,127.05000305175781,536400
2022-05-25,126.66999816894531,127.83000183105469,124.83000183105469,126.75,126.75,916600
2022-05-26,127.19000244140625,129.05999755859375,125.0199966430664,125.5999984741211,125.5999984741211,330300
2022-05-27,125.37000274658203,127.91999816894531,121.36000061035156,127.7699966430664,127.7699966430664,557800
2022-05-31,127.55999755859375,127.69999694824219,122.5,125.80000305175781,125.80000305175781,1006100
2022-06-01,126.01000213623047,129.2899932861328,122.9000015258789,123.05000305175781,123.05000305175781,489100
2022-06-02,122.55999755859375,125.58999633789062,120.43000030517578,125.5,125.5,522600
2022-06-03,124.98999786376953,131.8000030517578,124.79000091552734,131.52000427246094,131.52000427246094,647900
2022-06-06,133.11000061035156,134.07000732421875,130.22999572753906,131.6300048828125,131.6300048828125,1348100
2022-06-07,131.4499969482422,134.2899932861328,130.27000427246094,134.00999450683594,134.00999450683594,737900
2022-06-08,133.85000610351562,141.5399932861328,132.9499969482422,139.39999389648438,139.39999389648438,842800
2022-06-09,138.39999389648438,139.33999633789062,134.5500030517578,135.0,135.0,1076900
2022-06-10,133.11000061035156,134.10000610351562,130.2899932861328,132.11000061035156,132.11000061035156,834100
2022-06-13,127.4000015258789,129.9199981689453,122.56999969482422,127.69999694824219,127.69999694824219,1080400
2022-06-14,128.74000549316406,137.0800018310547,128.6199951171875,133.52000427246094,133.52000427246094,1303500
2022-06-15,133.4600067138672,137.30999755859375,133.14999389648438,135.4499969482422,135.4499969482422,1002500
2022-06-16,131.19000244140625,135.0800018310547,128.8000030517578,134.82000732421875,134.82000732421875,876800
2022-06-17,135.8300018310547,139.3699951171875,134.77000427246094,137.08999633789062,137.08999633789062,1308600
2022-06-21,138.72000122070312,141.25,138.35000610351562,139.02000427246094,139.02000427246094,1059800
2022-06-22,137.36000061035156,142.60000610351562,135.2100067138672,141.55999755859375,141.55999755859375,877000
2022-06-23,142.50999450683594,146.42999267578125,137.82000732421875,146.3000030517578,146.3000030517578,825700
2022-06-24,147.67999267578125,148.25,144.33999633789062,147.5,147.5,1629100
2022-06-27,144.47000122070312,146.64999389648438,141.5500030517578,146.49000549316406,146.49000549316406,1198000
2022-06-28,146.13999938964844,147.47999572753906,139.50999450683594,142.1999969482422,142.1999969482422,1716800
2022-06-29,142.22999572753906,146.00999450683594,140.00999450683594,145.42999267578125,145.42999267578125,441000
2022-06-30,144.27000427246094,147.52999877929688,143.08999633789062,145.85000610351562,145.85000610351562,837700
2022-07-01,145.0,148.50999450683594,144.17999267578125,148.25,148.25,568300
2022-07-05,146.9600067138672,151.22000122070312,145.05999755859375,150.72999572753906,150.72999572753906,800200
2022-07-06,149.8699951171875,153.00999450683594,149.52999877929688,150.0,150.0,711500
2022-07-07,149.61000061035156,154.0,149.3300018310547,153.4199981689453,153.4199981689453,492500
2022-07-08,151.7100067138672,153.02000427246094,150.10000610351562,152.49000549316406,152.49000549316406,577600
2022-07-11,152.3699951171875,153.2899932861328,150.22999572753906,150.91000366210938,150.91000366210938,585700
2022-07-12,149.75,149.89999389648438,143.5500030517578,145.85000610351562,145.85000610351562,781800
2022-07-13,143.44000244140625,147.57000732421875,140.94000244140625,142.6999969482422,142.6999969482422,708100
2022-07-14,141.0399932861328,142.60000610351562,138.2899932861328,138.5399932861328,138.5399932861328,739300
2022-07-15,138.16000366210938,146.39999389648438,138.0399932861328,145.38999938964844,145.38999938964844,994200
2022-07-18,145.52999877929688,147.74000549316406,140.0,140.63999938964844,140.63999938964844,556600
2022-07-19,143.02000427246094,145.86000061035156,141.58999633789062,145.72000122070312,145.72000122070312,442900
2022-07-20,146.6300048828125,149.72000122070312,144.89999389648438,146.55999755859375,146.55999755859375,436600
2022-07-21,146.55999755859375,149.13999938964844,146.4199981689453,147.1999969482422,147.1999969482422,425700
2022-07-22,148.50999450683594,148.50999450683594,143.00999450683594,143.2100067138672,143.2100067138672,550600
2022-07-25,143.0,143.14999389648438,139.58999633789062,141.1999969482422,141.1999969482422,474100
2022-07-26,141.9600067138672,142.88999938964844,137.02000427246094,140.0,140.0,674500
2022-07-27,140.0500030517578,143.66000366210938,137.0,141.97000122070312,141.97000122070312,779000
2022-07-28,137.0,145.27999877929688,135.4600067138672,143.52000427246094,143.52000427246094,542400
2022-07-29,143.0,143.92999267578125,139.4199981689453,142.0399932861328,142.0399932861328,609500
2022-08-01,141.82000732421875,143.91000366210938,138.66000366210938,139.9499969482422,139.9499969482422,438200
2022-08-02,140.2899932861328,142.86000061035156,138.17999267578125,141.97000122070312,141.97000122070312,317200
2022-08-03,210.0,220.9199981689453,198.0,212.00999450683594,212.00999450683594,8549500
2022-08-04,189.42999267578125,226.0,188.8800048828125,224.0500030517578,224.0500030517578,3413900
2022-08-05,224.00999450683594,226.0,213.47999572753906,218.5800018310547,218.5800018310547,1356700
2022-08-08,216.07000732421875,231.52999877929688,216.07000732421875,230.74000549316406,230.74000549316406,2286500
2022-08-09,230.35000610351562,231.5,222.55999755859375,223.3699951171875,223.3699951171875,1117900
2022-08-10,225.3300018310547,233.8800048828125,224.39999389648438,232.0,232.0,969800
2022-08-11,231.89999389648438,234.50999450683594,228.0,229.38999938964844,229.38999938964844,736900
2022-08-12,229.38999938964844,236.8000030517578,228.02999877929688,233.85000610351562,233.85000610351562,619800
2022-08-15,226.16000366210938,233.22000122070312,225.0,231.00999450683594,231.00999450683594,731900
2022-08-16,232.5500030517578,234.97999572753906,227.77999877929688,228.14999389648438,228.14999389648438,700500
2022-08-17,226.08999633789062,226.9600067138672,222.24000549316406,223.1300048828125,223.1300048828125,518300
2022-08-18,223.97000122070312,224.85000610351562,221.0,223.4499969482422,223.4499969482422,466900
2022-08-19,222.25,222.25,212.42999267578125,215.97000122070312,215.97000122070312,881800
2022-08-22,216.02000427246094,221.27000427246094,216.02000427246094,217.91000366210938,217.91000366210938,892100
2022-08-23,216.5800018310547,220.42999267578125,213.14999389648438,216.88999938964844,216.88999938964844,749900
2022-08-24,217.83999633789062,224.14999389648438,216.3300018310547,221.0,221.0,664700
2022-08-25,222.05999755859375,222.05999755859375,213.22000122070312,213.9199981689453,213.9199981689453,795700
2022-08-26,217.6699981689453,218.69000244140625,209.52999877929688,210.94000244140625,210.94000244140625,1589300
2022-08-29,209.75,212.6999969482422,206.1199951171875,209.02999877929688,209.02999877929688,753800
2022-08-30,209.55999755859375,211.0,207.5399932861328,209.97000122070312,209.97000122070312,791500
2022-08-31,209.94000244140625,212.0,205.97000122070312,206.6699981689453,206.6699981689453,705700
2022-09-01,206.72999572753906,211.82000732421875,204.13999938964844,211.25,211.25,757100
2022-09-02,210.97000122070312,213.64999389648438,204.22999572753906,205.4499969482422,205.4499969482422,644400
2022-09-06,204.39999389648438,204.85000610351562,199.38999938964844,201.25999450683594,201.25999450683594,981300
2022-09-07,201.49000549316406,209.13999938964844,200.25,208.86000061035156,208.86000061035156,1262600
2022-09-08,205.3699951171875,227.16000366210938,203.86000061035156,226.3000030517578,226.3000030517578,2017800
2022-09-09,219.0399932861328,228.0500030517578,218.72000122070312,223.27000427246094,223.27000427246094,712700
2022-09-12,214.88999938964844,216.0,210.19000244140625,212.0,212.0,2778600
2022-09-13,208.25,209.3800048828125,205.02000427246094,206.58999633789062,206.58999633789062,2288700
2022-09-14,207.27999877929688,209.14999389648438,203.00999450683594,208.27999877929688,208.27999877929688,1232300
2022-09-15,206.39999389648438,210.86000061035156,202.60000610351562,208.47999572753906,208.47999572753906,778700
2022-09-16,207.58999633789062,213.05999755859375,205.85000610351562,213.0,213.0,1559300
2022-09-19,210.9199981689453,216.05999755859375,208.08999633789062,216.0,216.0,952300
2022-09-20,216.0,219.6300048828125,210.83999633789062,212.00999450683594,212.00999450683594,625600
2022-09-21,212.8800048828125,214.33999633789062,206.13999938964844,206.38999938964844,206.38999938964844,472700
2022-09-22,205.2899932861328,205.2899932861328,200.0,202.7100067138672,202.7100067138672,634100
2022-09-23,202.44000244140625,203.91000366210938,198.41000366210938,200.77999877929688,200.77999877929688,544900
2022-09-26,200.4199981689453,204.52000427246094,197.1999969482422,197.38999938964844,197.38999938964844,715100
2022-09-27,201.3300018310547,204.9499969482422,200.64999389648438,202.61000061035156,202.61000061035156,806800
2022-09-28,205.5800018310547,211.5,205.5800018310547,210.75999450683594,210.75999450683594,1016100
2022-09-29,210.82000732421875,211.10000610351562,206.2100067138672,209.38999938964844,209.38999938964844,1073900
2022-09-30,208.16000366210938,216.88999938964844,199.11000061035156,200.16000366210938,200.16000366210938,1684600
2022-10-03,205.10000610351562,206.92999267578125,194.00999450683594,196.7899932861328,196.7899932861328,1414200
2022-10-04,199.27000427246094,201.27000427246094,192.4199981689453,201.24000549316406,201.24000549316406,1813000
2022-10-05,199.80999755859375,202.72000122070312,195.19000244140625,201.02000427246094,201.02000427246094,1116700
2022-10-06,199.89999389648438,202.57000732421875,198.60000610351562,202.3699951171875,202.3699951171875,815000
2022-10-07,201.0,202.52999877929688,194.9600067138672,195.80999755859375,195.80999755859375,844400
2022-10-10,194.4600067138672,195.17999267578125,186.55999755859375,186.82000732421875,186.82000732421875,1341200
2022-10-11,187.16000366210938,189.6300048828125,182.80999755859375,186.67999267578125,186.67999267578125,1072800
2022-10-12,186.3300018310547,187.02999877929688,183.9600067138672,185.11000061035156,185.11000061035156,583100
2022-10-13,182.27999877929688,191.97999572753906,181.64999389648438,191.75999450683594,191.75999450683594,2252100
2022-10-14,193.13999938964844,195.77000427246094,185.25999450683594,185.52999877929688,185.52999877929688,705900
2022-10-17,186.55999755859375,195.6699981689453,186.55999755859375,195.08999633789062,195.08999633789062,604300
2022-10-18,195.02000427246094,197.36000061035156,192.7100067138672,194.0500030517578,194.0500030517578,654900
2022-10-19,192.8800048828125,194.49000549316406,190.6999969482422,192.0,192.0,769200
2022-10-20,191.39999389648438,197.99000549316406,190.39999389648438,192.97999572753906,192.97999572753906,670300
2022-10-21,194.00999450683594,199.8300018310547,193.10000610351562,198.8800048828125,198.8800048828125,968700
2022-10-24,198.3300018310547,199.1300048828125,191.49000549316406,195.85000610351562,195.85000610351562,1425500
2022-10-25,196.08999633789062,201.07000732421875,195.8000030517578,198.55999755859375,198.55999755859375,698800
2022-10-26,199.5800018310547,203.24000549316406,197.8300018310547,201.02000427246094,201.02000427246094,723500
2022-10-27,197.5,199.99000549316406,190.42999267578125,194.0,194.0,2286200
2022-10-28,195.47000122070312,204.97000122070312,194.99000549316406,204.50999450683594,204.50999450683594,979500
2022-10-31,203.3800048828125,209.97000122070312,202.97000122070312,207.25999450683594,207.25999450683594,771400
2022-11-01,209.4600067138672,214.75999450683594,206.99000549316406,213.1199951171875,213.1199951171875,646900
2022-11-02,213.30999755859375,219.77000427246094,210.1999969482422,214.35000610351562,214.35000610351562,663000
2022-11-03,210.6300048828125,220.3300018310547,210.6300048828125,215.72000122070312,215.72000122070312,1338400
2022-11-04,215.41000366210938,215.41000366210938,203.19000244140625,208.33999633789062,208.33999633789062,749500
2022-11-07,208.74000549316406,210.3699951171875,204.30999755859375,204.92999267578125,204.92999267578125,487400
2022-11-08,205.11000061035156,206.9499969482422,203.08999633789062,204.75999450683594,204.75999450683594,1081300
2022-11-09,205.0,205.0,197.22000122070312,197.94000244140625,197.94000244140625,622800
2022-11-10,202.7899932861328,214.57000732421875,202.2100067138672,212.4499969482422,212.4499969482422,861300
2022-11-11,212.4499969482422,216.52000427246094,209.57000732421875,216.3699951171875,216.3699951171875,819400
2022-11-14,217.05999755859375,219.1699981689453,213.47000122070312,213.47999572753906,213.47999572753906,516800
2022-11-15,217.42999267578125,218.9499969482422,212.38999938964844,214.2899932861328,214.2899932861328,513700
2022-11-16,214.5399932861328,215.67999267578125,210.6699981689453,211.99000549316406,211.99000549316406,460500
2022-11-17,212.83999633789062,212.83999633789062,206.50999450683594,209.1199951171875,209.1199951171875,419500
2022-11-18,212.00999450683594,219.02999877929688,210.75,217.36000061035156,217.36000061035156,670100
2022-11-21,217.8300018310547,222.58999633789062,204.3800048828125,206.64999389648438,206.64999389648438,991500
2022-11-22,206.30999755859375,212.69000244140625,205.0,209.41000366210938,209.41000366210938,523900
2022-11-23,209.99000549316406,214.6699981689453,207.4600067138672,208.49000549316406,208.49000549316406,377400
2022-11-25,207.88999938964844,214.25999450683594,206.36000061035156,212.72000122070312,212.72000122070312,356500
2022-11-28,213.0800018310547,217.33999633789062,208.08999633789062,209.1999969482422,209.1999969482422,808000
2022-11-29,209.5,212.6999969482422,203.52999877929688,204.7899932861328,204.7899932861328,516400
2022-11-30,207.2100067138672,221.14999389648438,205.19000244140625,220.58999633789062,220.58999633789062,2478300
2022-12-01,220.35000610351562,223.39999389648438,218.58999633789062,220.25,220.25,603800
2022-12-02,217.52000427246094,235.47999572753906,216.77000427246094,234.39999389648438,234.39999389648438,922200
2022-12-05,231.47999572753906,233.8000030517578,224.72999572753906,226.1999969482422,226.1999969482422,757800
2022-12-06,224.83999633789062,226.27000427246094,215.27999877929688,219.63999938964844,219.63999938964844,425400
2022-12-07,219.38999938964844,231.50999450683594,219.38999938964844,231.3300018310547,231.3300018310547,926200
2022-12-08,232.3300018310547,239.67999267578125,230.97000122070312,238.00999450683594,238.00999450683594,1139100
2022-12-09,235.0,242.32000732421875,230.7100067138672,231.3300018310547,231.3300018310547,1075400
2022-12-12,230.8699951171875,236.75,228.8000030517578,235.86000061035156,235.86000061035156,1178900
2022-12-13,239.30999755859375,241.67999267578125,234.3000030517578,236.97999572753906,236.97999572753906,618800
2022-12-14,234.88999938964844,237.9499969482422,232.0500030517578,233.91000366210938,233.91000366210938,675000
2022-12-15,233.0,233.0,226.3300018310547,229.3699951171875,229.3699951171875,813700
2022-12-16,229.0,238.7899932861328,228.69000244140625,236.9199981689453,236.9199981689453,1308300
2022-12-19,236.9199981689453,236.9199981689453,231.1199951171875,234.07000732421875,234.07000732421875,377500
2022-12-20,234.0,239.52000427246094,233.5399932861328,237.5500030517578,237.5500030517578,1180900
2022-12-21,237.4199981689453,242.97000122070312,236.3300018310547,241.30999755859375,241.30999755859375,590100
2022-12-22,239.61000061035156,241.07000732421875,237.36000061035156,239.49000549316406,239.49000549316406,427100
2022-12-23,237.4499969482422,239.27999877929688,233.80999755859375,237.89999389648438,237.89999389648438,417100
2022-12-27,238.02999877929688,238.58999633789062,231.69000244140625,232.30999755859375,232.30999755859375,631000
2022-12-28,232.3000030517578,235.60000610351562,230.02999877929688,231.6199951171875,231.6199951171875,453800
2022-12-29,232.0,238.47999572753906,230.27999877929688,238.0500030517578,238.0500030517578,466300
2022-12-30,237.07000732421875,239.0500030517578,233.49000549316406,237.64999389648438,237.64999389648438,518000
2023-01-03,238.0,238.63999938964844,230.35000610351562,233.58999633789062,233.58999633789062,635100
2023-01-04,234.6699981689453,235.8000030517578,231.27000427246094,232.86000061035156,232.86000061035156,905200
2023-01-05,232.13999938964844,232.22000122070312,224.16000366210938,225.67999267578125,225.67999267578125,840100
2023-01-06,227.16000366210938,227.99000549316406,217.66000366210938,225.0,225.0,800100
2023-01-09,225.0,225.63999938964844,212.63999938964844,219.72000122070312,219.72000122070312,1010000
2023-01-10,218.4600067138672,223.88999938964844,217.27000427246094,219.5,219.5,466200
2023-01-11,218.6300048828125,225.38999938964844,217.6199951171875,225.22000122070312,225.22000122070312,836900
2023-01-12,224.8800048828125,230.55999755859375,222.41000366210938,229.83999633789062,229.83999633789062,471700
2023-01-13,228.33999633789062,242.38999938964844,228.33999633789062,235.52999877929688,235.52999877929688,983900
2023-01-17,230.5399932861328,241.7899932861328,230.02999877929688,233.72999572753906,233.72999572753906,1040900
2023-01-18,235.74000549316406,239.0500030517578,230.10000610351562,231.80999755859375,231.80999755859375,661700
2023-01-19,232.0,233.7899932861328,228.27000427246094,228.55999755859375,228.55999755859375,550700
2023-01-20,231.2899932861328,232.49000549316406,228.6300048828125,229.64999389648438,229.64999389648438,481700
2023-01-23,228.85000610351562,234.77999877929688,227.11000061035156,230.58999633789062,230.58999633789062,575200
2023-01-24,229.4199981689453,232.36000061035156,227.7899932861328,228.11000061035156,228.11000061035156,717100
2023-01-25,226.6999969482422,229.5500030517578,225.02000427246094,229.02000427246094,229.02000427246094,841600
2023-01-26,232.22999572753906,234.02000427246094,228.77000427246094,231.58999633789062,231.58999633789062,551100
2023-01-27,231.58999633789062,232.1999969482422,225.52000427246094,231.3699951171875,231.3699951171875,820500
2023-01-30,229.80999755859375,231.47999572753906,224.25,225.39999389648438,225.39999389648438,673800
2023-01-31,228.8699951171875,229.99000549316406,224.6699981689453,226.39999389648438,226.39999389648438,1447400
2023-02-01,228.14999389648438,228.14999389648438,220.07000732421875,224.91000366210938,224.91000366210938,750900
2023-02-02,225.60000610351562,230.97000122070312,224.0,229.75,229.75,908200
2023-02-03,228.3800048828125,234.02000427246094,227.6300048828125,233.3699951171875,233.3699951171875,1206100
2023-02-06,230.74000549316406,234.6999969482422,224.02000427246094,224.13999938964844,224.13999938964844,855600
2023-02-07,223.72999572753906,224.35000610351562,214.86000061035156,220.9499969482422,220.9499969482422,903900
2023-02-08,220.82000732421875,222.63999938964844,216.42999267578125,217.75,217.75,433400
2023-02-09,219.30999755859375,222.0800018310547,214.8699951171875,215.5800018310547,215.5800018310547,329300
2023-02-10,216.05999755859375,217.50999450683594,212.7100067138672,215.25999450683594,215.25999450683594,610800
2023-02-13,215.55999755859375,224.33999633789062,213.97000122070312,222.33999633789062,222.33999633789062,489900
2023-02-14,221.3300018310547,227.91000366210938,221.11000061035156,224.91000366210938,224.91000366210938,684600
2023-02-15,223.00999450683594,224.0,219.61000061035156,222.10000610351562,222.10000610351562,367800
2023-02-16,220.72999572753906,222.44000244140625,218.74000549316406,219.85000610351562,219.85000610351562,481300
2023-02-17,220.38999938964844,225.22000122070312,218.2100067138672,222.7899932861328,222.7899932861328,503200
2023-02-21,216.8300018310547,218.13999938964844,199.02000427246094,199.86000061035156,199.86000061035156,1622600
2023-02-22,199.02000427246094,205.22999572753906,197.61000061035156,201.10000610351562,201.10000610351562,909500
2023-02-23,198.0,202.1199951171875,192.5399932861328,196.24000549316406,196.24000549316406,1454700
2023-02-24,191.77000427246094,199.5800018310547,188.67999267578125,189.77999877929688,189.77999877929688,1542900
2023-02-27,191.85000610351562,193.19000244140625,187.52000427246094,190.00999450683594,190.00999450683594,801000
2023-02-28,188.77000427246094,191.94000244140625,187.7899932861328,191.4499969482422,191.4499969482422,1388400
2023-03-01,191.4499969482422,196.85000610351562,190.9499969482422,195.39999389648438,195.39999389648438,676800
2023-03-02,194.6699981689453,195.6999969482422,192.39999389648438,194.44000244140625,194.44000244140625,548000
2023-03-03,193.63999938964844,205.13999938964844,190.9600067138672,202.5800018310547,202.5800018310547,964000
2023-03-06,202.0,203.88999938964844,198.8000030517578,199.6999969482422,199.6999969482422,446000
2023-03-07,201.66000366210938,201.66000366210938,194.27000427246094,194.33999633789062,194.33999633789062,720100
2023-03-08,193.74000549316406,195.07000732421875,189.25,190.41000366210938,190.41000366210938,549600
2023-03-09,189.27999877929688,191.85000610351562,184.16000366210938,185.9499969482422,185.9499969482422,1336000
2023-03-10,185.4199981689453,185.9600067138672,179.19000244140625,182.66000366210938,182.66000366210938,1002500
2023-03-13,183.89999389648438,189.99000549316406,183.0800018310547,184.86000061035156,184.86000061035156,1200200
2023-03-14,186.97999572753906,189.69000244140625,185.38999938964844,187.10000610351562,187.10000610351562,1121000
2023-03-15,186.50999450683594,187.97999572753906,183.22000122070312,185.75,185.75,647300
2023-03-16,184.9600067138672,190.08999633789062,180.77999877929688,189.66000366210938,189.66000366210938,769100
2023-03-17,187.3000030517578,189.13999938964844,184.07000732421875,185.4499969482422,185.4499969482422,883400
2023-03-20,185.07000732421875,188.25,182.3000030517578,187.52000427246094,187.52000427246094,560200
2023-03-21,189.35000610351562,191.05999755859375,187.80999755859375,190.42999267578125,190.42999267578125,956600
2023-03-22,190.4600067138672,194.75999450683594,187.39999389648438,189.74000549316406,189.74000549316406,1237200
2023-03-23,192.5399932861328,195.16000366210938,189.11000061035156,190.49000549316406,190.49000549316406,458500
2023-03-24,190.25,190.39999389648438,185.88999938964844,189.97999572753906,189.97999572753906,351500
2023-03-27,191.02000427246094,191.80999755859375,188.0,190.50999450683594,190.50999450683594,938400
2023-03-28,190.50999450683594,194.25,187.94000244140625,188.5500030517578,188.5500030517578,1304900
2023-03-29,188.61000061035156,196.22999572753906,188.13999938964844,195.91000366210938,195.91000366210938,806800
2023-03-30,196.47000122070312,197.9199981689453,190.85000610351562,195.1199951171875,195.1199951171875,587500
2023-03-31,195.5,200.8699951171875,195.5,200.32000732421875,200.32000732421875,1156000
2023-04-03,198.60000610351562,203.1199951171875,197.77999877929688,200.6999969482422,200.6999969482422,837900
2023-04-04,201.08999633789062,202.80999755859375,198.88999938964844,202.6999969482422,202.6999969482422,435000
2023-04-05,202.33999633789062,204.8000030517578,200.35000610351562,200.82000732421875,200.82000732421875,615600
2023-04-06,200.39999389648438,211.27000427246094,199.52000427246094,210.99000549316406,210.99000549316406,1194700
2023-04-10,209.74000549316406,209.74000549316406,201.47000122070312,205.44000244140625,205.44000244140625,663500
2023-04-11,205.44000244140625,207.9600067138672,202.22999572753906,202.80999755859375,202.80999755859375,687100
2023-04-12,205.0,206.6999969482422,202.22999572753906,202.88999938964844,202.88999938964844,705100
2023-04-13,204.17999267578125,209.2899932861328,204.11000061035156,207.3300018310547,207.3300018310547,1432500
2023-04-14,206.44000244140625,208.77000427246094,202.3000030517578,203.9199981689453,203.9199981689453,686800
2023-04-17,205.2899932861328,206.55999755859375,202.91000366210938,205.91000366210938,205.91000366210938,474400
2023-04-18,207.2899932861328,208.0,200.19000244140625,201.6699981689453,201.6699981689453,972900
2023-04-19,201.22000122070312,204.86000061035156,201.22000122070312,202.3000030517578,202.3000030517578,1318600
2023-04-20,199.82000732421875,203.52999877929688,199.61000061035156,202.86000061035156,202.86000061035156,840200
2023-04-21,204.72999572753906,209.7899932861328,203.77000427246094,209.27999877929688,209.27999877929688,746900
2023-04-24,209.1199951171875,209.50999450683594,203.80999755859375,204.7899932861328,204.7899932861328,845700
2023-04-25,204.88999938964844,205.9199981689453,199.5500030517578,202.14999389648438,202.14999389648438,846500
2023-04-26,200.61000061035156,201.27999877929688,195.94000244140625,197.52000427246094,197.52000427246094,526900
2023-04-27,197.0800018310547,197.30999755859375,192.3800048828125,196.0399932861328,196.0399932861328,1276800
2023-04-28,195.1300048828125,201.47000122070312,193.9600067138672,199.1999969482422,199.1999969482422,607300
2023-05-01,198.8699951171875,202.83999633789062,196.19000244140625,201.8699951171875,201.8699951171875,627000
2023-05-02,201.3699951171875,203.16000366210938,198.4199981689453,199.02000427246094,199.02000427246094,651100
2023-05-03,200.6999969482422,203.10000610351562,198.2100067138672,199.5,199.5,699500
2023-05-04,201.72000122070312,206.36000061035156,200.0399932861328,205.38999938964844,205.38999938964844,936900
2023-05-05,209.00999450683594,212.47000122070312,207.1699981689453,212.0500030517578,212.0500030517578,768100
2023-05-08,211.33999633789062,211.35000610351562,205.66000366210938,209.9600067138672,209.9600067138672,559700
2023-05-09,207.80999755859375,209.57000732421875,204.42999267578125,207.8300018310547,207.8300018310547,594000
2023-05-10,209.38999938964844,211.85000610351562,208.1300048828125,210.97000122070312,210.97000122070312,619100
2023-05-11,211.16000366210938,211.16000366210938,204.14999389648438,206.08999633789062,206.08999633789062,293000
2023-05-12,206.11000061035156,208.13999938964844,204.4600067138672,205.36000061035156,205.36000061035156,359300
2023-05-15,205.66000366210938,208.11000061035156,204.36000061035156,206.1999969482422,206.1999969482422,371100
2023-05-16,202.6999969482422,202.6999969482422,189.1999969482422,190.97000122070312,190.97000122070312,1539700
2023-05-17,191.27999877929688,193.75,186.97000122070312,193.22999572753906,193.22999572753906,492200
2023-05-18,191.10000610351562,191.61000061035156,186.25999450683594,189.8699951171875,189.8699951171875,427300
2023-05-19,191.47999572753906,193.49000549316406,189.5800018310547,190.74000549316406,190.74000549316406,296600
2023-05-22,191.3800048828125,194.00999450683594,189.3000030517578,193.05999755859375,193.05999755859375,676500
2023-05-23,193.05999755859375,194.67999267578125,190.67999267578125,191.8300018310547,191.8300018310547,400200
2023-05-24,191.1199951171875,192.07000732421875,185.6300048828125,185.9199981689453,185.9199981689453,551800
2023-05-25,185.92999267578125,186.47000122070312,183.0,186.0,186.0,512300
2023-05-26,186.5,188.8699951171875,184.05999755859375,188.25999450683594,188.25999450683594,426700
2023-05-30,186.7100067138672,190.4600067138672,186.19000244140625,186.4600067138672,186.4600067138672,557400
2023-05-31,186.36000061035156,190.4499969482422,183.8800048828125,185.00999450683594,185.00999450683594,893600
2023-06-01,185.80999755859375,189.61000061035156,184.07000732421875,188.6699981689453,188.6699981689453,426300
2023-06-02,190.8800048828125,195.8000030517578,188.80999755859375,193.6699981689453,193.6699981689453,368900
2023-06-05,192.9600067138672,195.19000244140625,191.77999877929688,192.3000030517578,192.3000030517578,301500
2023-06-06,192.67999267578125,194.99000549316406,191.14999389648438,192.9600067138672,192.9600067138672,263200
2023-06-07,192.0800018310547,192.39999389648438,188.08999633789062,190.1699981689453,190.1699981689453,349200
2023-06-08,190.22000122070312,192.72999572753906,190.07000732421875,190.42999267578125,190.42999267578125,342000
2023-06-09,190.64999389648438,192.92999267578125,189.6699981689453,190.8300018310547,190.8300018310547,457600
2023-06-12,192.74000549316406,193.17999267578125,188.8000030517578,193.08999633789062,193.08999633789062,355400
2023-06-13,193.22999572753906,198.33999633789062,193.22999572753906,197.5399932861328,197.5399932861328,428700
2023-06-14,197.91000366210938,200.05999755859375,195.77000427246094,198.49000549316406,198.49000549316406,786900
2023-06-15,197.8699951171875,202.8800048828125,196.02000427246094,202.33999633789062,202.33999633789062,313000
2023-06-16,203.6999969482422,205.25,201.02999877929688,201.57000732421875,201.57000732421875,848400
2023-06-20,199.30999755859375,202.30999755859375,198.1999969482422,201.60000610351562,201.60000610351562,732700
2023-06-21,201.1999969482422,204.55999755859375,200.5399932861328,203.89999389648438,203.89999389648438,390700
2023-06-22,203.30999755859375,203.30999755859375,199.0399932861328,199.07000732421875,199.07000732421875,501200
2023-06-23,196.7100067138672,196.7100067138672,191.82000732421875,192.69000244140625,192.69000244140625,1273500
2023-06-26,192.19000244140625,193.3800048828125,188.77000427246094,191.35000610351562,191.35000610351562,407900
2023-06-27,190.5399932861328,191.0,187.80999755859375,188.8000030517578,188.8000030517578,1381300
2023-06-28,189.32000732421875,197.3800048828125,188.67999267578125,196.55999755859375,196.55999755859375,635000
2023-06-29,195.32000732421875,195.50999450683594,190.77000427246094,191.05999755859375,191.05999755859375,443900
2023-06-30,193.8300018310547,195.82000732421875,189.02000427246094,189.94000244140625,189.94000244140625,706500
2023-07-03,188.42999267578125,190.25999450683594,187.64999389648438,189.69000244140625,189.69000244140625,242800
2023-07-05,190.0,194.39999389648438,189.05999755859375,192.57000732421875,192.57000732421875,329100
2023-07-06,190.3699951171875,194.94000244140625,190.0800018310547,194.38999938964844,194.38999938964844,407500
2023-07-07,193.42999267578125,195.97999572753906,192.05999755859375,192.67999267578125,192.67999267578125,284100
2023-07-10,192.60000610351562,200.99000549316406,192.39999389648438,199.80999755859375,199.80999755859375,584100
2023-07-11,199.9499969482422,202.7100067138672,197.02999877929688,202.14999389648438,202.14999389648438,503800
2023-07-12,204.08999633789062,207.39999389648438,201.77000427246094,201.89999389648438,201.89999389648438,489800
2023-07-13,203.2899932861328,205.3699951171875,201.19000244140625,203.8800048828125,203.8800048828125,538800
2023-07-14,203.5399932861328,203.8800048828125,196.89999389648438,197.10000610351562,197.10000610351562,497800
2023-07-17,208.0,218.8800048828125,201.86000061035156,202.8300018310547,202.8300018310547,1234100
2023-07-18,202.77000427246094,210.75999450683594,200.1300048828125,208.4199981689453,208.4199981689453,599700
2023-07-19,209.97000122070312,210.55999755859375,205.2899932861328,205.32000732421875,205.32000732421875,428500
2023-07-20,204.3300018310547,206.57000732421875,200.0,201.44000244140625,201.44000244140625,440400
2023-07-21,201.88999938964844,202.36000061035156,199.36000061035156,200.07000732421875,200.07000732421875,305100
2023-07-24,201.19000244140625,202.4600067138672,190.86000061035156,192.32000732421875,192.32000732421875,770600
2023-07-25,192.05999755859375,195.1300048828125,190.75999450683594,193.4600067138672,193.4600067138672,685800
2023-07-26,193.4199981689453,195.24000549316406,190.0500030517578,194.94000244140625,194.94000244140625,459700
2023-07-27,196.17999267578125,196.5399932861328,192.5800018310547,194.8699951171875,194.8699951171875,853900
2023-07-28,196.58999633789062,200.0,194.88999938964844,199.2899932861328,199.2899932861328,341600
2023-07-31,199.10000610351562,200.2899932861328,194.52000427246094,195.39999389648438,195.39999389648438,406300
2023-08-01,193.39999389648438,194.52000427246094,187.47000122070312,189.0500030517578,189.0500030517578,507300
2023-08-02,186.8000030517578,187.5,184.16000366210938,187.00999450683594,187.00999450683594,631500
2023-08-03,182.1300048828125,192.2899932861328,180.02000427246094,190.10000610351562,190.10000610351562,674500
2023-08-04,189.30999755859375,189.30999755859375,184.00999450683594,185.5800018310547,185.5800018310547,567900
2023-08-07,185.61000061035156,186.02999877929688,182.77000427246094,184.2899932861328,184.2899932861328,451500
2023-08-08,184.5399932861328,186.89999389648438,182.72000122070312,184.83999633789062,184.83999633789062,488400
2023-08-09,186.19000244140625,186.6699981689453,183.8699951171875,186.36000061035156,186.36000061035156,394100
2023-08-10,188.02000427246094,189.5399932861328,184.99000549316406,185.02999877929688,185.02999877929688,368400
2023-08-11,184.11000061035156,187.4499969482422,184.11000061035156,185.7899932861328,185.7899932861328,358800
2023-08-14,184.41000366210938,184.41000366210938,180.75999450683594,181.35000610351562,181.35000610351562,1122900
2023-08-15,180.0,181.6699981689453,178.63999938964844,180.1300048828125,180.1300048828125,499200
2023-08-16,179.35000610351562,182.9600067138672,179.0,182.42999267578125,182.42999267578125,451600
2023-08-17,183.1300048828125,185.39999389648438,182.36000061035156,183.88999938964844,183.88999938964844,395700
2023-08-18,182.19000244140625,186.25,181.8699951171875,186.02999877929688,186.02999877929688,372600
2023-08-21,186.6999969482422,189.44000244140625,183.41000366210938,188.72999572753906,188.72999572753906,352800
2023-08-22,189.1300048828125,190.3800048828125,187.6199951171875,189.3800048828125,189.3800048828125,523700
2023-08-23,190.39999389648438,192.39999389648438,189.07000732421875,190.3800048828125,190.3800048828125,272500
2023-08-24,189.72000122070312,190.32000732421875,183.72999572753906,186.77000427246094,186.77000427246094,349500
2023-08-25,186.5500030517578,190.5,186.38999938964844,189.25999450683594,189.25999450683594,192900
2023-08-28,189.99000549316406,192.72000122070312,189.75999450683594,191.66000366210938,191.66000366210938,267300
2023-08-29,191.6699981689453,195.6999969482422,190.97000122070312,194.4600067138672,194.4600067138672,368200
2023-08-30,194.4600067138672,198.33999633789062,194.4600067138672,197.16000366210938,197.16000366210938,546400
2023-08-31,197.5,200.77000427246094,197.14999389648438,197.82000732421875,197.82000732421875,464700
2023-09-01,199.13999938964844,204.47999572753906,199.13999938964844,201.1699981689453,201.1699981689453,494100
2023-09-05,200.8300018310547,204.58999633789062,199.25999450683594,200.33999633789062,200.33999633789062,436300
2023-09-06,201.5,201.75999450683594,197.02999877929688,201.4499969482422,201.4499969482422,394600
2023-09-07,201.13999938964844,203.7899932861328,200.17999267578125,201.10000610351562,201.10000610351562,809600
2023-09-08,201.25,205.52000427246094,200.52000427246094,201.42999267578125,201.42999267578125,660100
2023-09-11,201.57000732421875,204.64999389648438,196.6699981689453,203.72000122070312,203.72000122070312,553700
2023-09-12,204.24000549316406,212.0800018310547,202.8699951171875,211.64999389648438,211.64999389648438,775000
2023-09-13,211.64999389648438,211.64999389648438,211.64999389648438,211.64999389648438,211.64999389648438,6600
2023-09-14,200.0,202.5,188.4499969482422,193.05999755859375,193.05999755859375,2105900
2023-09-15,191.63999938964844,196.27999877929688,182.6300048828125,184.99000549316406,184.99000549316406,1912600
2023-09-18,183.6199951171875,184.83999633789062,178.2100067138672,179.77000427246094,179.77000427246094,731000
2023-09-19,179.02000427246094,180.32000732421875,175.4199981689453,175.66000366210938,175.66000366210938,687800
2023-09-20,176.0,179.49000549316406,174.41000366210938,175.52000427246094,175.52000427246094,565300
2023-09-21,174.47000122070312,175.38999938964844,171.0800018310547,173.85000610351562,173.85000610351562,685000
2023-09-22,173.85000610351562,175.22000122070312,169.85000610351562,171.5500030517578,171.5500030517578,678900
2023-09-25,170.92999267578125,172.30999755859375,168.64999389648438,170.77000427246094,170.77000427246094,530100
2023-09-26,171.00999450683594,175.41000366210938,170.0500030517578,175.0500030517578,175.0500030517578,576600
2023-09-27,177.17999267578125,178.5500030517578,171.66000366210938,176.86000061035156,176.86000061035156,511700
2023-09-28,176.32000732421875,178.24000549316406,173.89999389648438,174.02999877929688,174.02999877929688,362000
2023-09-29,175.74000549316406,177.85000610351562,174.07000732421875,177.10000610351562,177.10000610351562,754100
2023-10-02,177.30999755859375,179.3000030517578,176.0,178.9600067138672,178.9600067138672,629600
2023-10-03,178.1699981689453,179.91000366210938,172.47999572753906,172.91000366210938,172.91000366210938,642300
2023-10-04,172.52000427246094,172.52000427246094,167.39999389648438,169.1699981689453,169.1699981689453,658100
2023-10-05,167.9199981689453,178.99000549316406,167.9199981689453,178.7100067138672,178.7100067138672,549900
2023-10-06,178.4199981689453,180.99000549316406,176.74000549316406,176.9199981689453,176.9199981689453,459600
2023-10-09,169.72999572753906,173.4199981689453,159.47000122070312,168.32000732421875,168.32000732421875,1521200
2023-10-10,169.0,170.85000610351562,165.8800048828125,169.05999755859375,169.05999755859375,936700
2023-10-11,167.10000610351562,169.49000549316406,166.0399932861328,167.82000732421875,167.82000732421875,793700
2023-10-12,167.0800018310547,168.1300048828125,164.02000427246094,165.2899932861328,165.2899932861328,790000
2023-10-13,165.41000366210938,169.97000122070312,163.66000366210938,168.1199951171875,168.1199951171875,520400
2023-10-16,167.94000244140625,169.25999450683594,165.02000427246094,167.25,167.25,549700
2023-10-17,166.4499969482422,170.3800048828125,164.94000244140625,165.97999572753906,165.97999572753906,1457300
2023-10-18,163.6699981689453,166.6699981689453,162.1999969482422,165.0800018310547,165.0800018310547,495200
2023-10-19,165.3000030517578,165.67999267578125,160.44000244140625,160.5,160.5,695600
2023-10-20,161.3300018310547,163.52000427246094,159.5,161.7899932861328,161.7899932861328,1035000
2023-10-23,161.57000732421875,163.60000610351562,160.4600067138672,162.0,162.0,340000
2023-10-24,162.49000549316406,166.0,161.1699981689453,163.9600067138672,163.9600067138672,371300
2023-10-25,161.86000061035156,162.8000030517578,158.9600067138672,159.49000549316406,159.49000549316406,483200
2023-10-26,159.49000549316406,160.66000366210938,155.25999450683594,155.66000366210938,155.66000366210938,644100
2023-10-27,154.17999267578125,154.9499969482422,151.1699981689453,151.75999450683594,151.75999450683594,623800
2023-10-30,151.47000122070312,155.94000244140625,150.82000732421875,151.41000366210938,151.41000366210938,616200
2023-10-31,150.0,152.25999450683594,148.10000610351562,151.8000030517578,151.8000030517578,658100
2023-11-01,151.94000244140625,157.2100067138672,149.2899932861328,157.0,157.0,785600
2023-11-02,162.33999633789062,163.27000427246094,148.72999572753906,161.52999877929688,161.52999877929688,790000
2023-11-03,164.67999267578125,169.1199951171875,164.2100067138672,167.35000610351562,167.35000610351562,653400
2023-11-06,168.99000549316406,169.22000122070312,164.35000610351562,167.14999389648438,167.14999389648438,499800
2023-11-07,168.9199981689453,173.0,167.57000732421875,170.1999969482422,170.1999969482422,1004400
2023-11-08,170.6699981689453,170.6699981689453,166.1300048828125,169.39999389648438,169.39999389648438,635700
2023-11-09,169.13999938964844,169.61000061035156,163.02999877929688,164.52000427246094,164.52000427246094,649900
2023-11-10,165.3300018310547,166.5500030517578,157.8000030517578,161.88999938964844,161.88999938964844,658700
2023-11-13,161.9499969482422,165.05999755859375,159.50999450683594,165.00999450683594,165.00999450683594,334200
2023-11-14,169.97000122070312,172.44000244140625,168.52000427246094,169.99000549316406,169.99000549316406,868500
2023-11-15,169.22000122070312,174.0,169.10000610351562,171.0500030517578,171.0500030517578,479500
2023-11-16,171.10000610351562,171.99000549316406,167.5,168.97000122070312,168.97000122070312,448800
2023-11-17,168.5399932861328,169.58999633789062,163.3699951171875,163.72999572753906,163.72999572753906,654800
2023-11-20,163.82000732421875,170.86000061035156,163.27000427246094,165.25999450683594,165.25999450683594,511800
2023-11-21,164.9199981689453,166.5399932861328,161.3300018310547,163.67999267578125,163.67999267578125,602100
2023-11-22,165.1999969482422,167.5,161.42999267578125,162.8800048828125,162.8800048828125,307100
2023-11-24,162.75999450683594,166.22999572753906,162.27000427246094,162.9199981689453,162.9199981689453,143000
2023-11-27,162.38999938964844,162.5,159.02000427246094,159.1999969482422,159.1999969482422,641200
2023-11-28,158.08999633789062,161.77999877929688,156.52000427246094,161.36000061035156,161.36000061035156,380800
2023-11-29,161.7899932861328,164.19000244140625,160.17999267578125,164.00999450683594,164.00999450683594,915100
2023-11-30,165.52999877929688,169.64999389648438,165.52999877929688,168.25,168.25,780600
2023-12-01,167.92999267578125,171.4199981689453,166.02000427246094,171.41000366210938,171.41000366210938,366500
2023-12-04,170.80999755859375,173.49000549316406,169.77000427246094,172.8699951171875,172.8699951171875,387400
2023-12-05,171.97999572753906,172.0,169.44000244140625,170.3699951171875,170.3699951171875,567000
2023-12-06,171.0,176.27999877929688,169.60000610351562,175.02000427246094,175.02000427246094,658900
2023-12-07,176.22000122070312,177.77000427246094,174.38999938964844,177.25999450683594,177.25999450683594,675100
2023-12-08,175.02999877929688,175.02999877929688,170.0,170.0399932861328,170.0399932861328,467400
2023-12-11,170.0399932861328,173.0,168.85000610351562,170.9199981689453,170.9199981689453,539500
2023-12-12,172.2899932861328,175.1999969482422,169.7100067138672,173.8800048828125,173.8800048828125,461100
2023-12-13,173.6300048828125,180.9600067138672,173.0500030517578,180.52000427246094,180.52000427246094,787100
2023-12-14,183.67999267578125,190.97999572753906,183.0800018310547,186.47999572753906,186.47999572753906,1583000
2023-12-15,187.02999877929688,189.9199981689453,183.05999755859375,185.24000549316406,185.24000549316406,1210000
2023-12-18,185.6300048828125,189.02999877929688,185.5,186.22999572753906,186.22999572753906,399000
2023-12-19,187.50999450683594,190.9499969482422,187.05999755859375,187.5,187.5,534500
2023-12-20,187.00999450683594,187.00999450683594,178.86000061035156,179.0500030517578,179.0500030517578,659500
2023-12-21,180.8300018310547,182.8699951171875,180.3300018310547,181.13999938964844,181.13999938964844,273400
2023-12-22,183.0500030517578,191.8000030517578,181.6699981689453,191.02000427246094,191.02000427246094,592800
2023-12-26,192.6699981689453,194.88999938964844,190.22999572753906,191.1999969482422,191.1999969482422,308200
2023-12-27,191.42999267578125,196.75,191.0,196.57000732421875,196.57000732421875,447700
2023-12-28,196.8699951171875,198.0,195.17999267578125,195.7100067138672,195.7100067138672,446100
2023-12-29,195.42999267578125,197.02000427246094,191.13999938964844,191.41000366210938,191.41000366210938,270100
2024-01-02,189.8800048828125,196.00999450683594,189.7100067138672,194.92999267578125,194.92999267578125,362900
2024-01-03,193.9600067138672,197.25999450683594,190.42999267578125,190.63999938964844,190.63999938964844,435100
2024-01-04,189.67999267578125,193.3300018310547,187.85000610351562,192.30999755859375,192.30999755859375,571000
2024-01-05,190.3300018310547,191.3800048828125,188.32000732421875,189.3800048828125,189.3800048828125,602700
2024-01-08,189.2899932861328,197.08999633789062,185.0,196.8300018310547,196.8300018310547,674300
2024-01-09,196.8300018310547,199.3800048828125,195.42999267578125,198.1999969482422,198.1999969482422,694300
2024-01-10,198.50999450683594,199.24000549316406,190.3699951171875,196.61000061035156,196.61000061035156,613500
2024-01-11,194.75999450683594,196.8000030517578,192.42999267578125,195.0800018310547,195.0800018310547,615800
2024-01-12,195.11000061035156,196.49000549316406,192.77000427246094,193.38999938964844,193.38999938964844,386600
2024-01-16,192.0500030517578,192.0500030517578,186.22000122070312,187.49000549316406,187.49000549316406,632800
2024-01-17,186.42999267578125,188.86000061035156,182.36000061035156,188.55999755859375,188.55999755859375,468600
2024-01-18,189.0,189.0,183.6699981689453,185.9499969482422,185.9499969482422,495200
2024-01-19,186.13999938964844,186.27000427246094,182.52999877929688,184.02999877929688,184.02999877929688,441000
2024-01-22,183.8800048828125,189.97999572753906,182.60000610351562,183.9199981689453,183.9199981689453,585700
2024-01-23,184.75999450683594,190.3699951171875,183.4499969482422,189.6999969482422,189.6999969482422,647300
2024-01-24,190.72000122070312,191.72000122070312,185.1300048828125,185.1999969482422,185.1999969482422,531300
2024-01-25,185.42999267578125,188.69000244140625,183.02999877929688,183.92999267578125,183.92999267578125,533800
2024-01-26,183.8800048828125,184.4600067138672,179.47000122070312,179.6199951171875,179.6199951171875,517500
2024-01-29,179.1300048828125,181.5,176.1199951171875,180.9600067138672,180.9600067138672,1044500
2024-01-30,180.4499969482422,181.66000366210938,178.36000061035156,180.1199951171875,180.1199951171875,475800
2024-01-31,179.49000549316406,179.8000030517578,172.3699951171875,172.91000366210938,172.91000366210938,862000
2024-02-01,173.5399932861328,176.35000610351562,172.1999969482422,174.9199981689453,174.9199981689453,624800
2024-02-02,172.75999450683594,174.47999572753906,169.32000732421875,173.05999755859375,173.05999755859375,646500
2024-02-05,172.1699981689453,172.72999572753906,168.0,170.6999969482422,170.6999969482422,602400
2024-02-06,170.64999389648438,173.3300018310547,169.80999755859375,172.17999267578125,172.17999267578125,1443800
2024-02-07,172.5500030517578,172.5500030517578,167.42999267578125,168.60000610351562,168.60000610351562,771700
2024-02-08,168.57000732421875,170.25,165.58999633789062,169.5,169.5,1609900
2024-02-09,169.49000549316406,171.86000061035156,168.44000244140625,170.02999877929688,170.02999877929688,481000
2024-02-12,170.00999450683594,171.57000732421875,166.8699951171875,169.33999633789062,169.33999633789062,790200
2024-02-13,164.88999938964844,166.5,160.83999633789062,162.0,162.0,800300
2024-02-14,162.57000732421875,164.6300048828125,161.47999572753906,164.14999389648438,164.14999389648438,931400
2024-02-15,150.0,153.27000427246094,143.52000427246094,147.42999267578125,147.42999267578125,5429600
2024-02-16,148.0,150.92999267578125,146.82000732421875,147.0,147.0,1886800
2024-02-20,146.97999572753906,150.05999755859375,145.80999755859375,149.69000244140625,149.69000244140625,1338400
2024-02-21,150.30999755859375,155.38999938964844,148.83999633789062,154.74000549316406,154.74000549316406,3657500
2024-02-22,154.47000122070312,164.02000427246094,154.02999877929688,162.80999755859375,162.80999755859375,1174400
2024-02-23,163.0,163.00999450683594,155.82000732421875,157.64999389648438,157.64999389648438,1478700
2024-02-26,156.49000549316406,159.0399932861328,153.83999633789062,158.66000366210938,158.66000366210938,556200
2024-02-27,160.0,161.30999755859375,157.91000366210938,159.0,159.0,674800
2024-02-28,156.55999755859375,158.89999389648438,153.94000244140625,155.22999572753906,155.22999572753906,1262500
2024-02-29,156.58999633789062,157.52000427246094,149.0,151.08999633789062,151.08999633789062,1809900
2024-03-01,150.89999389648438,155.91000366210938,150.0,152.61000061035156,152.61000061035156,538900
2024-03-04,153.16000366210938,154.85000610351562,149.88999938964844,150.0399932861328,150.0399932861328,991900
2024-03-05,148.94000244140625,151.2100067138672,147.52000427246094,149.67999267578125,149.67999267578125,703400
2024-03-06,150.14999389648438,150.24000549316406,147.6300048828125,149.66000366210938,149.66000366210938,521500
2024-03-07,150.4199981689453,150.67999267578125,149.22999572753906,149.86000061035156,149.86000061035156,563900
2024-03-08,150.9600067138672,152.8800048828125,149.13999938964844,149.82000732421875,149.82000732421875,637600
2024-03-11,150.24000549316406,152.5,148.8800048828125,149.10000610351562,149.10000610351562,662000
2024-03-12,150.02000427246094,150.02000427246094,146.61000061035156,146.64999389648438,146.64999389648438,683600
2024-03-13,146.82000732421875,151.47000122070312,146.82000732421875,148.4199981689453,148.4199981689453,859000
2024-03-14,147.67999267578125,149.58999633789062,145.77000427246094,148.52999877929688,148.52999877929688,505800
2024-03-15,148.5,150.08999633789062,145.5399932861328,149.27000427246094,149.27000427246094,906200
2024-03-18,150.67999267578125,151.0,147.17999267578125,147.41000366210938,147.41000366210938,460700
2024-03-19,146.92999267578125,149.69000244140625,146.0,148.1699981689453,148.1699981689453,517200
2024-03-20,148.0,148.63999938964844,145.22000122070312,147.99000549316406,147.99000549316406,439800
2024-03-21,149.6999969482422,150.67999267578125,145.41000366210938,146.6199951171875,146.6199951171875,611500
2024-03-22,146.64999389648438,147.10000610351562,143.66000366210938,146.50999450683594,146.50999450683594,834200
2024-03-25,147.14999389648438,152.6300048828125,146.42999267578125,152.07000732421875,152.07000732421875,799300
2024-03-26,152.50999450683594,153.42999267578125,150.80999755859375,151.97000122070312,151.97000122070312,532500
2024-03-27,152.8300018310547,155.27999877929688,150.39999389648438,154.38999938964844,154.38999938964844,463000
2024-03-28,154.47999572753906,154.5,149.32000732421875,149.4499969482422,149.4499969482422,666600
2024-04-01,148.57000732421875,154.2100067138672,147.5800018310547,153.3300018310547,153.3300018310547,523300
2024-04-02,151.88999938964844,152.27000427246094,150.6699981689453,151.0399932861328,151.0399932861328,445600
2024-04-03,150.19000244140625,151.27000427246094,149.25,150.8300018310547,150.8300018310547,315100
2024-04-04,151.0,154.3800048828125,150.8000030517578,151.47999572753906,151.47999572753906,531900
2024-04-05,150.14999389648438,154.0,149.41000366210938,153.55999755859375,153.55999755859375,351500
2024-04-08,154.6300048828125,157.9600067138672,153.25,156.0399932861328,156.0399932861328,738200
2024-04-09,157.25999450683594,159.33999633789062,154.88999938964844,155.89999389648438,155.89999389648438,596000
2024-04-10,154.88999938964844,154.9600067138672,151.91000366210938,152.41000366210938,152.41000366210938,571400
2024-04-11,154.02000427246094,154.02000427246094,149.92999267578125,152.08999633789062,152.08999633789062,473400
2024-04-12,151.8000030517578,151.8000030517578,148.27999877929688,148.5,148.5,428100
2024-04-15,148.6199951171875,150.3699951171875,146.72999572753906,147.6999969482422,147.6999969482422,498900
2024-04-16,146.3699951171875,148.44000244140625,146.00999450683594,146.72000122070312,146.72000122070312,352400
2024-04-17,146.6999969482422,147.49000549316406,145.19000244140625,145.32000732421875,145.32000732421875,601300
2024-04-18,145.0,146.47000122070312,144.22999572753906,145.16000366210938,145.16000366210938,398900
2024-04-19,144.72000122070312,146.9199981689453,143.5,144.41000366210938,144.41000366210938,703200
2024-04-22,145.2100067138672,147.89999389648438,143.69000244140625,145.7899932861328,145.7899932861328,400000
2024-04-23,147.35000610351562,150.27000427246094,145.0399932861328,146.07000732421875,146.07000732421875,543700
2024-04-24,146.60000610351562,147.49000549316406,143.52000427246094,143.8000030517578,143.8000030517578,395400
2024-04-25,143.0,145.7899932861328,141.97999572753906,143.7100067138672,143.7100067138672,489300
2024-04-26,144.0800018310547,146.07000732421875,143.0,143.30999755859375,143.30999755859375,479100
2024-04-29,144.91000366210938,148.49000549316406,143.5,147.36000061035156,147.36000061035156,439800
2024-04-30,146.07000732421875,148.0500030517578,143.80999755859375,143.9499969482422,143.9499969482422,477000
2024-05-01,144.2100067138672,151.9499969482422,143.9600067138672,149.9600067138672,149.9600067138672,735800
2024-05-02,150.8000030517578,153.85000610351562,147.2899932861328,150.30999755859375,150.30999755859375,660200
2024-05-03,154.41000366210938,155.41000366210938,151.83999633789062,152.3300018310547,152.3300018310547,452200
2024-05-06,152.82000732421875,152.82000732421875,149.52000427246094,151.22000122070312,151.22000122070312,289700
2024-05-07,152.4199981689453,155.11000061035156,150.82000732421875,154.3300018310547,154.3300018310547,353400
2024-05-08,154.0800018310547,155.49000549316406,152.19000244140625,152.2899932861328,152.2899932861328,452300
2024-05-09,153.0,153.0,150.3699951171875,151.3699951171875,151.3699951171875,329200
2024-05-10,151.80999755859375,151.80999755859375,148.75,150.47000122070312,150.47000122070312,322800
2024-05-13,151.27999877929688,152.6699981689453,149.0,149.88999938964844,149.88999938964844,512800
2024-05-14,150.80999755859375,151.6300048828125,147.02000427246094,147.88999938964844,147.88999938964844,604900
2024-05-15,149.5,151.14999389648438,146.97000122070312,147.39999389648438,147.39999389648438,536100
2024-05-16,147.14999389648438,151.4499969482422,144.72999572753906,151.22000122070312,151.22000122070312,934900
2024-05-17,151.02999877929688,151.83999633789062,148.32000732421875,149.39999389648438,149.39999389648438,481200
2024-05-20,149.3000030517578,150.77999877929688,147.77999877929688,150.24000549316406,150.24000549316406,368600
2024-05-21,149.44000244140625,151.4499969482422,147.88999938964844,149.6199951171875,149.6199951171875,448600
2024-05-22,149.58999633789062,152.0500030517578,149.58999633789062,150.89999389648438,150.89999389648438,350700
2024-05-23,151.0,151.0,148.25999450683594,149.3800048828125,149.3800048828125,500500
2024-05-24,149.5,149.8300018310547,147.14999389648438,147.75999450683594,147.75999450683594,506800
2024-05-28,148.39999389648438,152.97999572753906,148.33999633789062,150.05999755859375,150.05999755859375,510300
2024-05-29,149.75999450683594,149.75999450683594,146.86000061035156,146.92999267578125,146.92999267578125,876000
2024-05-30,147.41000366210938,151.25999450683594,146.7899932861328,150.02999877929688,150.02999877929688,655700
2024-05-31,150.0,151.49000549316406,147.6199951171875,148.42999267578125,148.42999267578125,1250300
2024-06-03,149.1999969482422,151.8800048828125,148.00999450683594,150.4499969482422,150.4499969482422,856200
2024-06-04,150.25,151.24000549316406,149.33999633789062,149.75999450683594,149.75999450683594,440100
2024-06-05,149.64999389648438,154.4499969482422,149.50999450683594,152.05999755859375,152.05999755859375,786000
2024-06-06,152.97999572753906,153.0500030517578,149.17999267578125,149.3000030517578,149.3000030517578,534200
2024-06-07,148.02999877929688,152.9499969482422,147.25,152.77999877929688,152.77999877929688,862700
2024-06-10,151.92999267578125,153.77000427246094,150.72000122070312,153.47000122070312,153.47000122070312,383100
2024-06-11,153.47999572753906,157.47999572753906,153.24000549316406,156.42999267578125,156.42999267578125,717100
2024-06-12,159.5399932861328,161.72999572753906,157.13999938964844,159.0399932861328,159.0399932861328,513200
2024-06-13,158.32000732421875,161.0,158.25999450683594,160.0500030517578,160.0500030517578,400400
2024-06-14,160.30999755859375,163.02000427246094,159.58999633789062,160.38999938964844,160.38999938964844,638800
2024-06-17,159.77999877929688,165.47000122070312,156.50999450683594,157.3000030517578,157.3000030517578,777700
2024-06-18,157.3000030517578,157.32000732421875,152.3000030517578,153.86000061035156,153.86000061035156,587700
2024-06-20,154.1999969482422,158.27000427246094,153.22999572753906,157.39999389648438,157.39999389648438,793700
2024-06-21,160.80999755859375,166.75999450683594,158.3800048828125,165.6999969482422,165.6999969482422,2204200
2024-06-24,219.3699951171875,231.63999938964844,209.22999572753906,222.89999389648438,222.89999389648438,9193800
2024-06-25,221.3699951171875,242.0,220.5,240.14999389648438,240.14999389648438,4500700
2024-06-26,237.6999969482422,249.3300018310547,236.5,245.1699981689453,245.1699981689453,2854400
2024-06-27,244.99000549316406,252.8699951171875,242.57000732421875,247.0,247.0,2617300
2024-06-28,249.1199951171875,249.30999755859375,241.0,243.0,243.0,3246500
2024-07-01,240.0,246.05999755859375,239.85000610351562,243.32000732421875,243.32000732421875,1491700
2024-07-02,243.0,250.11000061035156,242.0800018310547,247.61000061035156,247.61000061035156,1579300
2024-07-03,247.3000030517578,249.6699981689453,245.47999572753906,248.67999267578125,248.67999267578125,950100
2024-07-05,246.9499969482422,252.47999572753906,246.9499969482422,251.02999877929688,251.02999877929688,685700
2024-07-08,252.8300018310547,255.39999389648438,248.3000030517578,255.11000061035156,255.11000061035156,936600
2024-07-09,254.60000610351562,256.239990234375,253.0,254.74000549316406,254.74000549316406,890600
2024-07-10,256.0,257.9700012207031,253.82000732421875,257.760009765625,257.760009765625,926700
2024-07-11,258.1199951171875,262.82000732421875,257.0299987792969,261.0199890136719,261.0199890136719,889800
2024-07-12,261.6499938964844,263.7300109863281,258.79998779296875,260.510009765625,260.510009765625,1039600
2024-07-15,259.739990234375,260.6199951171875,255.38999938964844,256.17999267578125,256.17999267578125,799900
2024-07-16,258.0,260.8999938964844,249.3000030517578,249.8300018310547,249.8300018310547,1134400
2024-07-17,245.1699981689453,246.97000122070312,239.13999938964844,240.02000427246094,240.02000427246094,1172500
2024-07-18,240.64999389648438,242.07000732421875,232.47000122070312,236.6999969482422,236.6999969482422,892900
2024-07-19,238.16000366210938,240.91000366210938,235.3000030517578,237.8300018310547,237.8300018310547,878600
2024-07-22,239.60000610351562,240.63999938964844,234.16000366210938,235.58999633789062,235.58999633789062,537400
2024-07-23,236.1199951171875,238.52999877929688,231.00999450683594,234.2899932861328,234.2899932861328,746000
2024-07-24,233.11000061035156,240.24000549316406,233.11000061035156,236.47999572753906,236.47999572753906,622700
2024-07-25,235.99000549316406,242.97999572753906,235.47999572753906,237.8800048828125,237.8800048828125,615700
2024-07-26,237.1999969482422,240.30999755859375,233.4199981689453,234.83999633789062,234.83999633789062,524500
2024-07-29,235.3300018310547,237.02000427246094,233.72000122070312,236.27999877929688,236.27999877929688,456000
2024-07-30,236.91000366210938,238.11000061035156,232.1999969482422,233.80999755859375,233.80999755859375,529800
2024-07-31,236.2899932861328,239.75,234.0800018310547,237.4600067138672,237.4600067138672,874700
2024-08-01,250.0,271.010009765625,245.1699981689453,268.6099853515625,268.6099853515625,2420000
2024-08-02,260.17999267578125,274.92999267578125,258.0899963378906,272.04998779296875,272.04998779296875,1714400
2024-08-05,256.0,265.9700012207031,252.52000427246094,265.0,265.0,1362300
2024-08-06,266.6600036621094,266.6600036621094,258.55999755859375,262.55999755859375,262.55999755859375,1350000
2024-08-07,266.3900146484375,269.54998779296875,259.95001220703125,260.1700134277344,260.1700134277344,1160000
2024-08-08,262.8599853515625,271.82000732421875,261.79998779296875,270.4599914550781,270.4599914550781,829800
2024-08-09,270.0899963378906,270.5299987792969,265.2799987792969,269.5199890136719,269.5199890136719,529300
2024-08-12,269.5199890136719,274.8800048828125,267.6199951171875,270.17999267578125,270.17999267578125,493000
2024-08-13,268.4599914550781,271.7300109863281,266.0400085449219,267.6300048828125,267.6300048828125,477200
2024-08-14,267.4800109863281,267.54998779296875,262.69000244140625,262.8900146484375,262.8900146484375,808600
2024-08-15,262.8800048828125,265.510009765625,258.7799987792969,262.70001220703125,262.70001220703125,486800
2024-08-16,266.3299865722656,272.70001220703125,261.9200134277344,268.239990234375,268.239990234375,846000
2024-08-19,269.2699890136719,274.8999938964844,268.44000244140625,274.4800109863281,274.4800109863281,558400
2024-08-20,274.9200134277344,282.67999267578125,274.6000061035156,280.760009765625,280.760009765625,1052600
2024-08-21,279.1400146484375,285.0,275.6600036621094,279.1700134277344,279.1700134277344,663700
2024-08-22,279.1700134277344,280.1700134277344,272.0,277.3299865722656,277.3299865722656,528600
2024-08-23,278.2099914550781,280.0,271.19000244140625,272.6400146484375,272.6400146484375,359300
2024-08-26,274.7099914550781,275.0,268.4200134277344,269.1400146484375,269.1400146484375,622500
2024-08-27,268.2900085449219,282.5400085449219,265.1000061035156,280.260009765625,280.260009765625,1193000
2024-08-28,280.0,286.0,274.0,280.70001220703125,280.70001220703125,993800
2024-08-29,279.4100036621094,287.54998779296875,279.4100036621094,287.010009765625,287.010009765625,1261000
2024-08-30,266.0,273.239990234375,256.9100036621094,262.69000244140625,262.69000244140625,3762500
2024-09-03,260.44000244140625,263.1000061035156,252.75999450683594,253.77999877929688,253.77999877929688,1621200
2024-09-04,253.50999450683594,255.16000366210938,248.17999267578125,253.13999938964844,253.13999938964844,1008500
2024-09-05,251.86000061035156,255.24000549316406,249.9499969482422,251.47999572753906,251.47999572753906,508900
2024-09-06,252.35000610351562,253.44000244140625,244.8800048828125,246.77999877929688,246.77999877929688,682400
2024-09-09,246.64999389648438,255.47999572753906,246.64999389648438,253.16000366210938,253.16000366210938,865500
2024-09-10,251.1300048828125,257.0,249.88999938964844,256.2099914550781,256.2099914550781,599700
2024-09-11,256.75,263.6499938964844,256.1099853515625,261.9100036621094,261.9100036621094,652200
2024-09-12,260.4200134277344,266.79998779296875,259.989990234375,261.7300109863281,261.7300109863281,529900
2024-09-13,261.0,265.5199890136719,259.010009765625,265.2699890136719,265.2699890136719,437700
2024-09-16,266.6600036621094,271.1600036621094,264.3699951171875,270.3699951171875,270.3699951171875,485800
2024-09-17,271.2099914550781,274.57000732421875,270.239990234375,274.4599914550781,274.4599914550781,758100
2024-09-18,275.54998779296875,277.5799865722656,271.3800048828125,273.1499938964844,273.1499938964844,655900
2024-09-19,276.5299987792969,279.8500061035156,273.5299987792969,276.3299865722656,276.3299865722656,603900
2024-09-20,275.3900146484375,275.3900146484375,270.1700134277344,273.8800048828125,273.8800048828125,907100
2024-09-23,275.2200012207031,275.739990234375,270.9700012207031,271.8299865722656,271.8299865722656,571400
2024-09-24,271.55999755859375,271.6600036621094,267.1300048828125,271.0,271.0,489600
2024-09-25,271.6099853515625,275.1099853515625,268.3399963378906,272.7300109863281,272.7300109863281,680100
2024-09-26,271.8399963378906,278.239990234375,270.8299865722656,274.57000732421875,274.57000732421875,548800
2024-09-27,275.5,276.07000732421875,271.4800109863281,274.9100036621094,274.9100036621094,459500
2024-09-30,275.5,277.8399963378906,272.54998779296875,275.0299987792969,275.0299987792969,849800
2024-10-01,274.8800048828125,277.94000244140625,268.1300048828125,276.05999755859375,276.05999755859375,601500
2024-10-02,275.6199951171875,276.5,264.8399963378906,271.54998779296875,271.54998779296875,552800
2024-10-03,271.54998779296875,272.489990234375,268.3500061035156,269.5299987792969,269.5299987792969,678400
2024-10-04,269.010009765625,270.94000244140625,264.55999755859375,267.989990234375,267.989990234375,409900
2024-10-07,268.54998779296875,268.54998779296875,264.1499938964844,266.7699890136719,266.7699890136719,610000
2024-10-08,266.0,274.6000061035156,264.7200012207031,271.19000244140625,271.19000244140625,621000
2024-10-09,272.0,273.2300109863281,269.0,270.8999938964844,270.8999938964844,431600
2024-10-10,270.5,282.45001220703125,269.0,278.6199951171875,278.6199951171875,782700
2024-10-11,278.79998779296875,286.0199890136719,278.260009765625,284.32000732421875,284.32000732421875,618100
2024-10-14,284.0899963378906,285.7200012207031,280.82000732421875,283.32000732421875,283.32000732421875,856200
2024-10-15,284.8500061035156,289.6700134277344,283.75,287.3599853515625,287.3599853515625,850200
2024-10-16,286.3900146484375,301.8699951171875,286.3900146484375,300.54998779296875,300.54998779296875,1258100
2024-10-17,299.1499938964844,304.3900146484375,296.5899963378906,296.75,296.75,1205400
2024-10-18,296.010009765625,298.94000244140625,295.510009765625,295.92999267578125,295.92999267578125,968700
2024-10-21,294.3299865722656,295.3900146484375,288.3399963378906,292.010009765625,292.010009765625,1381700
2024-10-22,292.1000061035156,297.510009765625,291.8999938964844,296.4800109863281,296.4800109863281,447900
2024-10-23,296.4800109863281,299.1700134277344,292.20001220703125,294.8699951171875,294.8699951171875,578700
2024-10-24,293.9200134277344,301.04998779296875,293.45001220703125,293.69000244140625,293.69000244140625,626700
2024-10-25,293.69000244140625,293.739990234375,283.7799987792969,284.8599853515625,284.8599853515625,1168500
2024-10-28,288.3500061035156,290.94000244140625,285.8500061035156,286.9100036621094,286.9100036621094,521400
2024-10-29,285.92999267578125,287.0199890136719,282.2200012207031,284.69000244140625,284.69000244140625,701900
2024-10-30,284.1000061035156,287.8699951171875,281.3900146484375,281.489990234375,281.489990234375,976400
2024-10-31,275.4100036621094,276.0,263.6499938964844,266.5899963378906,266.5899963378906,1572700
2024-11-01,267.04998779296875,274.0299987792969,264.0,273.9100036621094,273.9100036621094,866300
2024-11-04,268.82000732421875,272.9200134277344,263.6700134277344,269.95001220703125,269.95001220703125,781900
2024-11-05,268.4700012207031,268.8900146484375,264.2300109863281,265.2900085449219,265.2900085449219,970300
2024-11-06,266.2099914550781,278.2099914550781,265.5199890136719,273.010009765625,273.010009765625,1376700
2024-11-07,273.010009765625,275.07000732421875,270.0400085449219,272.2200012207031,272.2200012207031,607400
2024-11-08,271.6300048828125,279.510009765625,270.9800109863281,277.42999267578125,277.42999267578125,848500
2024-11-11,276.1000061035156,286.5799865722656,276.1000061035156,279.82000732421875,279.82000732421875,907100
2024-11-12,268.2200012207031,270.7699890136719,264.1099853515625,268.95001220703125,268.95001220703125,1088800
2024-11-13,269.20001220703125,271.0799865722656,264.30999755859375,264.6000061035156,264.6000061035156,651100
2024-11-14,262.17999267578125,262.8299865722656,256.75,257.9100036621094,257.9100036621094,648200
2024-11-15,253.11000061035156,254.1699981689453,234.8800048828125,235.55999755859375,235.55999755859375,1761100
2024-11-18,235.8000030517578,242.49000549316406,229.86000061035156,232.27000427246094,232.27000427246094,1561800
2024-11-19,232.19000244140625,235.94000244140625,231.22999572753906,234.27000427246094,234.27000427246094,830500
2024-11-20,235.77999877929688,249.10000610351562,234.42999267578125,248.7899932861328,248.7899932861328,1058700
2024-11-21,247.4600067138672,250.7100067138672,245.32000732421875,246.8000030517578,246.8000030517578,687300
2024-11-22,248.89999389648438,248.89999389648438,243.35000610351562,244.88999938964844,244.88999938964844,526200
2024-11-25,247.36000061035156,255.4600067138672,247.36000061035156,250.97999572753906,250.97999572753906,1213300
2024-11-26,249.3699951171875,253.74000549316406,247.75999450683594,253.35000610351562,253.35000610351562,985800
2024-11-27,253.97999572753906,256.0199890136719,250.27000427246094,253.74000549316406,253.74000549316406,718100
2024-11-29,250.58999633789062,254.17999267578125,250.00999450683594,253.07000732421875,253.07000732421875,325600
2024-12-02,252.3699951171875,255.2899932861328,252.0,253.00999450683594,253.00999450683594,510700
2024-12-03,250.58999633789062,253.2100067138672,247.3800048828125,251.83999633789062,251.83999633789062,404200
2024-12-04,250.38999938964844,256.67999267578125,250.35000610351562,254.72000122070312,254.72000122070312,422400
2024-12-05,252.99000549316406,255.2899932861328,250.2100067138672,251.80999755859375,251.80999755859375,460400
2024-12-06,251.60000610351562,257.80999755859375,250.64999389648438,256.260009765625,256.260009765625,575500
2024-12-09,255.38999938964844,258.1199951171875,252.1999969482422,255.88999938964844,255.88999938964844,611000
2024-12-10,257.7200012207031,257.989990234375,250.3300018310547,253.91000366210938,253.91000366210938,463300
2024-12-11,254.5,255.9199981689453,250.2100067138672,254.14999389648438,254.14999389648438,453500
2024-12-12,255.02000427246094,255.47000122070312,244.83999633789062,245.25999450683594,245.25999450683594,751000
2024-12-13,246.00999450683594,249.50999450683594,241.88999938964844,245.44000244140625,245.44000244140625,591900
2024-12-16,246.44000244140625,247.92999267578125,242.1300048828125,243.99000549316406,243.99000549316406,598900
2024-12-17,242.6999969482422,249.5800018310547,240.4199981689453,246.5800018310547,246.5800018310547,634400
2024-12-18,245.6699981689453,247.0500030517578,237.25,237.9199981689453,237.9199981689453,543100
2024-12-19,238.11000061035156,242.8699951171875,233.41000366210938,238.8699951171875,238.8699951171875,975100
2024-12-20,239.4499969482422,247.2100067138672,235.92999267578125,245.44000244140625,245.44000244140625,1663600
2024-12-23,244.6300048828125,244.63999938964844,237.1199951171875,242.25999450683594,242.25999450683594,718100
2024-12-24,241.6999969482422,243.89999389648438,236.6999969482422,243.25,243.25,253100
2024-12-26,241.77999877929688,244.82000732421875,240.42999267578125,242.5,242.5,358600
2024-12-27,241.80999755859375,243.61000061035156,237.14999389648438,237.97000122070312,237.97000122070312,342900
2024-12-30,235.72999572753906,236.9499969482422,233.0,236.00999450683594,236.00999450683594,382300
2024-12-31,237.25999450683594,238.44000244140625,235.16000366210938,235.30999755859375,235.30999755859375,370100
2025-01-02,237.9199981689453,239.99000549316406,232.25,233.6199951171875,233.6199951171875,392700
2025-01-03,232.58999633789062,235.52999877929688,232.35000610351562,234.27999877929688,234.27999877929688,411200
2025-01-06,234.08999633789062,237.49000549316406,231.0,233.14999389648438,233.14999389648438,561500
2025-01-07,234.0,239.22999572753906,232.97999572753906,235.9499969482422,235.9499969482422,629000
2025-01-08,236.33999633789062,240.64999389648438,234.11000061035156,240.5500030517578,240.5500030517578,654000
2025-01-10,237.1699981689453,240.1699981689453,232.82000732421875,237.97999572753906,237.97999572753906,706100
2025-01-13,240.0,261.8599853515625,236.8699951171875,258.2699890136719,258.2699890136719,1224400
2025-01-14,258.739990234375,259.6000061035156,240.02000427246094,240.50999450683594,240.50999450683594,783800
2025-01-15,244.0,255.3000030517578,244.0,251.00999450683594,251.00999450683594,871000
2025-01-16,252.5399932861328,256.92999267578125,247.89999389648438,249.16000366210938,249.16000366210938,683900
2025-01-17,251.27999877929688,253.5,245.69000244140625,246.27000427246094,246.27000427246094,558100
2025-01-21,251.3699951171875,265.0199890136719,251.22999572753906,264.989990234375,264.989990234375,938900
2025-01-22,265.7099914550781,269.1400146484375,262.1700134277344,266.5400085449219,266.5400085449219,746400
2025-01-23,266.8500061035156,277.2200012207031,263.010009765625,275.5400085449219,275.5400085449219,686500
2025-01-24,273.42999267578125,279.6700134277344,271.5199890136719,278.760009765625,278.760009765625,924200
2025-01-27,277.010009765625,287.2200012207031,274.239990234375,276.7300109863281,276.7300109863281,785900
2025-01-28,276.9700012207031,283.55999755859375,273.3299865722656,279.19000244140625,279.19000244140625,611300
2025-01-29,279.3800048828125,279.70001220703125,273.45001220703125,273.989990234375,273.989990234375,381800
2025-01-30,274.8599853515625,279.3599853515625,269.0,277.1600036621094,277.1600036621094,561200
2025-01-31,276.8599853515625,279.3399963378906,270.260009765625,271.30999755859375,271.30999755859375,648100
2025-02-03,270.7799987792969,278.510009765625,266.2099914550781,274.54998779296875,274.54998779296875,779400
2025-02-04,273.1499938964844,277.9800109863281,269.04998779296875,271.0,271.0,743000
2025-02-05,272.1499938964844,278.44000244140625,272.1499938964844,276.30999755859375,276.30999755859375,750000
2025-02-06,276.0899963378906,279.239990234375,274.04998779296875,278.25,278.25,528600
2025-02-07,276.9100036621094,278.0299987792969,272.3500061035156,276.19000244140625,276.19000244140625,469100
2025-02-10,275.4100036621094,276.2300109863281,267.9200134277344,274.05999755859375,274.05999755859375,823800
2025-02-11,272.19000244140625,273.2300109863281,266.9800109863281,268.989990234375,268.989990234375,283000
2025-02-12,265.92999267578125,268.20001220703125,261.69000244140625,265.9599914550781,265.9599914550781,820700
2025-02-13,258.6000061035156,268.5199890136719,256.6499938964844,264.8900146484375,264.8900146484375,769200
2025-02-14,264.0199890136719,264.8699951171875,251.8699951171875,256.45001220703125,256.45001220703125,806000
2025-02-18,256.95001220703125,260.0,249.16000366210938,250.0,250.0,910300
2025-02-19,250.19000244140625,254.00999450683594,246.61000061035156,250.50999450683594,250.50999450683594,766500
2025-02-20,249.2100067138672,252.99000549316406,247.0,251.0,251.0,727800
2025-02-21,253.6999969482422,253.6999969482422,246.85000610351562,250.58999633789062,250.58999633789062,653600
2025-02-24,250.7899932861328,256.4700012207031,248.4499969482422,248.94000244140625,248.94000244140625,689100
2025-02-25,251.5,251.55999755859375,238.4600067138672,245.1999969482422,245.1999969482422,1242100
2025-02-26,246.72000122070312,251.60000610351562,243.4499969482422,243.86000061035156,243.86000061035156,687300
2025-02-27,244.72999572753906,246.3800048828125,236.5500030517578,237.10000610351562,237.10000610351562,1157400
2025-02-28,236.5,249.33999633789062,236.5,246.75,246.75,1178600
2025-03-03,246.17999267578125,250.0,241.91000366210938,243.52999877929688,243.52999877929688,833600
2025-03-04,241.08999633789062,244.6699981689453,238.4199981689453,242.92999267578125,242.92999267578125,545600
2025-03-05,243.02000427246094,249.82000732421875,241.5500030517578,249.22999572753906,249.22999572753906,645300
2025-03-06,244.57000732421875,252.83999633789062,244.57000732421875,248.1300048828125,248.1300048828125,570700
2025-03-07,247.13999938964844,251.1199951171875,240.97999572753906,244.52000427246094,244.52000427246094,476100
2025-03-10,241.6199951171875,244.3300018310547,232.83999633789062,233.07000732421875,233.07000732421875,566300
2025-03-11,230.85000610351562,243.4499969482422,230.7899932861328,238.74000549316406,238.74000549316406,603100
2025-03-12,241.57000732421875,246.3699951171875,240.38999938964844,242.42999267578125,242.42999267578125,593000
2025-03-13,240.9600067138672,245.13999938964844,239.02000427246094,241.75,241.75,475300
2025-03-14,241.50999450683594,244.0399932861328,239.52999877929688,241.75999450683594,241.75999450683594,478800
2025-03-17,242.69000244140625,253.3000030517578,240.94000244140625,253.11000061035156,253.11000061035156,598200
2025-03-18,254.2100067138672,263.29998779296875,243.8699951171875,244.3000030517578,244.3000030517578,873900
2025-03-19,243.44000244140625,255.35000610351562,243.44000244140625,253.44000244140625,253.44000244140625,987400
2025-03-20,254.08999633789062,261.8999938964844,252.38999938964844,253.5500030517578,253.5500030517578,799100
2025-03-21,261.82000732421875,289.44000244140625,261.0,283.3399963378906,283.3399963378906,3150300
2025-03-24,288.5400085449219,300.8999938964844,287.7699890136719,290.70001220703125,290.70001220703125,1768100
2025-03-25,290.04998779296875,292.6199951171875,280.3299865722656,280.9599914550781,280.9599914550781,1065400
2025-03-26,280.04998779296875,281.2099914550781,268.5299987792969,269.2099914550781,269.2099914550781,1073900
2025-03-27,270.0,276.57000732421875,264.1300048828125,271.0199890136719,271.0199890136719,984100
2025-03-28,270.510009765625,271.29998779296875,264.8800048828125,268.4599914550781,268.4599914550781,684800
2025-03-31,263.3699951171875,271.8500061035156,258.0,270.0199890136719,270.0199890136719,1068200
2025-04-01,272.5199890136719,273.6099853515625,255.1300048828125,255.75999450683594,255.75999450683594,868400
2025-04-02,252.89999389648438,267.2900085449219,252.07000732421875,266.8299865722656,266.8299865722656,886900
2025-04-03,263.0,264.6499938964844,258.6499938964844,262.1600036621094,262.1600036621094,1028400
2025-04-04,257.1400146484375,259.1600036621094,235.57000732421875,235.74000549316406,235.74000549316406,1881600
2025-04-07,226.5,241.8300018310547,220.0,232.9499969482422,232.9499969482422,1561100
2025-04-08,246.14999389648438,246.14999389648438,220.4199981689453,224.32000732421875,224.32000732421875,1033500
2025-04-09,220.3300018310547,245.55999755859375,205.8699951171875,243.27000427246094,243.27000427246094,2100100
2025-04-10,235.22000122070312,235.3300018310547,214.75999450683594,226.27999877929688,226.27999877929688,1655800
2025-04-11,223.30999755859375,240.0,220.5399932861328,237.77000427246094,237.77000427246094,1577300
2025-04-14,241.8300018310547,241.8300018310547,234.17999267578125,240.00999450683594,240.00999450683594,926600
2025-04-15,241.3699951171875,242.14999389648438,228.05999755859375,230.92999267578125,230.92999267578125,1025900
2025-04-16,230.97999572753906,234.5,225.83999633789062,230.5,230.5,1010700
2025-04-17,230.47999572753906,235.1199951171875,228.9600067138672,234.55999755859375,234.55999755859375,601300
2025-04-21,230.36000061035156,237.77000427246094,228.27999877929688,232.75,232.75,796400
2025-04-22,234.32000732421875,238.6300048828125,231.75999450683594,236.75,236.75,885900
2025-04-23,243.9199981689453,248.58999633789062,240.00999450683594,241.97000122070312,241.97000122070312,752800
2025-04-24,241.74000549316406,243.69000244140625,238.6199951171875,242.61000061035156,242.61000061035156,678900
2025-04-25,241.89999389648438,253.25,240.0,251.55999755859375,251.55999755859375,836400
2025-04-28,252.8300018310547,256.57000732421875,252.25999450683594,254.85000610351562,254.85000610351562,510800
2025-04-29,256.1400146484375,260.5400085449219,253.8300018310547,257.19000244140625,257.19000244140625,941500
2025-04-30,256.989990234375,263.67999267578125,253.47000122070312,263.239990234375,263.239990234375,949400
2025-05-01,257.1400146484375,265.9100036621094,247.7100067138672,255.1300048828125,255.1300048828125,1519700
2025-05-02,259.5,265.0,257.1199951171875,259.3900146484375,259.3900146484375,729700
2025-05-05,259.0899963378906,273.9700012207031,257.2300109863281,273.54998779296875,273.54998779296875,1233400
2025-05-06,269.8900146484375,276.4700012207031,267.6199951171875,269.80999755859375,269.80999755859375,1564100
2025-05-07,270.0,277.8500061035156,269.7200012207031,276.54998779296875,276.54998779296875,763300
2025-05-08,267.6300048828125,270.0,245.9600067138672,258.3500061035156,258.3500061035156,1704400
2025-05-09,259.9200134277344,260.0,250.35000610351562,251.14999389648438,251.14999389648438,656400
2025-05-12,255.47999572753906,270.20001220703125,252.7899932861328,270.19000244140625,270.19000244140625,1252000
2025-05-13,267.3999938964844,268.07000732421875,261.45001220703125,266.8599853515625,266.8599853515625,723500
2025-05-14,267.2699890136719,270.0,261.8500061035156,267.54998779296875,267.54998779296875,700400
2025-05-15,269.5299987792969,285.0,266.17999267578125,283.3999938964844,283.3999938964844,1264500
2025-05-16,281.0199890136719,289.75,280.6000061035156,285.30999755859375,285.30999755859375,1193500
2025-05-19,287.44000244140625,296.79998779296875,285.4100036621094,291.8599853515625,291.8599853515625,929500
2025-05-20,292.2799987792969,292.989990234375,288.25,291.67999267578125,291.67999267578125,627300
2025-05-21,291.5,298.2300109863281,288.739990234375,292.5799865722656,292.5799865722656,930200
2025-05-22,290.7300109863281,291.5400085449219,284.42999267578125,289.0,289.0,615000
2025-05-23,286.3900146484375,291.2200012207031,284.19000244140625,289.9599914550781,289.9599914550781,757000
2025-05-27,295.44000244140625,295.44000244140625,289.2300109863281,290.1000061035156,290.1000061035156,737900
2025-05-28,291.07000732421875,291.5400085449219,285.54998779296875,285.55999755859375,285.55999755859375,905300
2025-05-29,287.6499938964844,293.2200012207031,284.7300109863281,292.8999938964844,292.8999938964844,965800
2025-05-30,292.45001220703125,306.0,287.20001220703125,304.55999755859375,304.55999755859375,3116200
2025-06-02,303.1000061035156,307.19000244140625,299.5199890136719,306.0899963378906,306.0899963378906,1131600
2025-06-03,306.0,307.8500061035156,301.5199890136719,303.7699890136719,303.7699890136719,965300
2025-06-04,303.2200012207031,308.92999267578125,302.3299865722656,305.30999755859375,305.30999755859375,563100
2025-06-05,304.54998779296875,308.5299987792969,300.75,308.0,308.0,761200
2025-06-06,309.0,310.2200012207031,300.2699890136719,300.8299865722656,300.8299865722656,954800
2025-06-09,303.79998779296875,306.1700134277344,297.6700134277344,304.0,304.0,609600
2025-06-10,303.80999755859375,308.8900146484375,301.3399963378906,302.4599914550781,302.4599914550781,515100
2025-06-11,303.17999267578125,303.8500061035156,298.25,298.5799865722656,298.5799865722656,456400
2025-06-12,300.4800109863281,307.4800109863281,295.82000732421875,304.6700134277344,304.6700134277344,874900
2025-06-13,300.9700012207031,308.0199890136719,300.9700012207031,307.989990234375,307.989990234375,571900
2025-06-16,306.45001220703125,309.6300048828125,302.32000732421875,308.7799987792969,308.7799987792969,520200
2025-06-17,305.1199951171875,309.05999755859375,303.30999755859375,308.7099914550781,308.7099914550781,570600
2025-06-18,309.1700134277344,317.5400085449219,306.70001220703125,312.32000732421875,312.32000732421875,981200
2025-06-20,313.0,314.5,308.7799987792969,309.70001220703125,309.70001220703125,1336700
2025-06-23,310.6000061035156,314.7799987792969,308.4599914550781,313.1300048828125,313.1300048828125,503100
2025-06-24,316.510009765625,326.0299987792969,309.9599914550781,325.0,325.0,1000000
2025-06-25,323.510009765625,324.32000732421875,320.7099914550781,321.94000244140625,321.94000244140625,632600
2025-06-26,324.92999267578125,325.0,315.0,318.25,318.25,663900
2025-06-27,317.3299865722656,323.20001220703125,315.1400146484375,322.8299865722656,322.8299865722656,2052200
2025-06-30,324.7699890136719,327.2099914550781,320.57000732421875,326.0899963378906,326.0899963378906,943600
2025-07-01,324.7699890136719,326.6400146484375,315.0299987792969,322.05999755859375,322.05999755859375,1240100
2025-07-02,319.6199951171875,330.0,319.3999938964844,329.7699890136719,329.7699890136719,967700
2025-07-03,330.0,333.70001220703125,327.8800048828125,331.9100036621094,331.9100036621094,431200
2025-07-07,328.239990234375,328.239990234375,314.1000061035156,324.1300048828125,324.1300048828125,1294500
2025-07-08,324.1300048828125,328.989990234375,315.80999755859375,317.5,317.5,973000
2025-07-09,316.8699951171875,322.67999267578125,313.739990234375,320.8699951171875,320.8699951171875,1039500
2025-07-10,322.4700012207031,324.82000732421875,319.1499938964844,322.6400146484375,322.6400146484375,489400
2025-07-11,321.1199951171875,321.1199951171875,312.9599914550781,314.94000244140625,314.94000244140625,1081900
2025-07-14,314.94000244140625,319.17999267578125,313.760009765625,315.75,315.75,629600
2025-07-15,316.8999938964844,316.8999938964844,309.57000732421875,311.1199951171875,311.1199951171875,927200
2025-07-16,314.5199890136719,323.4100036621094,311.260009765625,322.80999755859375,322.80999755859375,1234200
2025-07-17,321.20001220703125,329.8699951171875,321.05999755859375,324.69000244140625,324.69000244140625,744600
2025-07-18,325.6199951171875,325.6199951171875,317.8800048828125,320.5299987792969,320.5299987792969,581300
2025-07-21,324.9800109863281,328.70001220703125,320.260009765625,320.5199890136719,320.5199890136719,744500
2025-07-22,321.57000732421875,326.29998779296875,320.17999267578125,325.2799987792969,325.2799987792969,1273700
2025-07-23,325.2799987792969,329.3399963378906,322.29998779296875,325.6400146484375,325.6400146484375,912200
2025-07-24,326.3500061035156,332.19000244140625,324.29998779296875,328.0,328.0,677100
2025-07-25,331.5,331.5,324.54998779296875,328.80999755859375,328.80999755859375,666700
2025-07-28,329.0,331.42999267578125,324.7799987792969,324.7900085449219,324.7900085449219,1032000
2025-07-29,328.9200134277344,331.05999755859375,323.739990234375,330.54998779296875,330.54998779296875,862500
2025-07-30,335.0,345.9800109863281,333.0299987792969,339.79998779296875,339.79998779296875,2058300
2025-07-31,350.0,402.42999267578125,350.0,392.239990234375,392.239990234375,3353500
2025-08-01,388.67999267578125,401.79998779296875,382.19000244140625,401.79998779296875,401.79998779296875,1781300
2025-08-04,406.6499938964844,422.6400146484375,398.9100036621094,419.55999755859375,419.55999755859375,1455500
2025-08-05,416.6400146484375,426.760009765625,410.489990234375,418.9100036621094,418.9100036621094,1807600
2025-08-06,418.760009765625,428.69000244140625,415.0,428.1400146484375,428.1400146484375,1181800
2025-08-07,429.3299865722656,436.7699890136719,425.80999755859375,435.1000061035156,435.1000061035156,1152700
2025-08-08,435.1000061035156,439.3599853515625,427.6600036621094,438.92999267578125,438.92999267578125,901300
2025-08-11,433.6499938964844,445.20001220703125,426.19000244140625,435.0,435.0,988600
2025-08-12,434.5799865722656,437.0,428.29998779296875,429.92999267578125,429.92999267578125,1507700
2025-08-13,428.42999267578125,438.2300109863281,421.80999755859375,432.5199890136719,432.5199890136719,2094400
2025-08-14,433.5899963378906,443.9800109863281,428.989990234375,442.7300109863281,442.7300109863281,1263500
2025-08-15,440.6600036621094,449.5199890136719,438.2200012207031,448.9100036621094,448.9100036621094,713400
2025-08-18,450.0,457.9200134277344,447.1000061035156,456.8699951171875,456.8699951171875,1608800
2025-08-19,457.0,462.8800048828125,450.8800048828125,458.2799987792969,458.2799987792969,1322100
2025-08-20,459.3399963378906,466.30999755859375,456.05999755859375,458.30999755859375,458.30999755859375,1223500
2025-08-21,459.6199951171875,467.7099914550781,454.67999267578125,467.54998779296875,467.54998779296875,760100
2025-08-22,469.1700134277344,469.80999755859375,454.20001220703125,454.3800048828125,454.3800048828125,1075500
2025-08-25,453.3699951171875,458.75,442.3800048828125,443.6400146484375,443.6400146484375,1200000
2025-08-26,451.5,451.5,444.25,451.20001220703125,451.20001220703125,1183700
2025-08-27,449.04998779296875,455.45001220703125,447.6300048828125,454.17999267578125,454.17999267578125,906700
2025-08-28,452.010009765625,457.2900085449219,451.1199951171875,452.3299865722656,452.3299865722656,641000
2025-08-29,452.2200012207031,453.9599914550781,444.7900085449219,446.510009765625,446.510009765625,827600
2025-09-02,445.8399963378906,454.5,441.5,447.0,447.0,1072100
2025-09-03,444.7699890136719,456.17999267578125,442.7300109863281,447.42999267578125,447.42999267578125,1301100
2025-09-04,449.42999267578125,458.29998779296875,447.1099853515625,453.5400085449219,453.5400085449219,714300
2025-09-05,453.45001220703125,455.2799987792969,444.6600036621094,452.0,452.0,751500
2025-09-08,457.30999755859375,463.0,452.8500061035156,455.0299987792969,455.0299987792969,926000
2025-09-09,461.1199951171875,484.2099914550781,455.29998779296875,482.1300048828125,482.1300048828125,3217400
2025-09-10,478.5,480.04998779296875,461.4700012207031,469.30999755859375,469.30999755859375,1817400
2025-09-11,474.3399963378906,474.3399963378906,465.1600036621094,468.5799865722656,468.5799865722656,1005300
2025-09-12,468.2900085449219,475.69000244140625,465.4800109863281,465.8900146484375,465.8900146484375,630800
2025-09-15,464.79998779296875,466.239990234375,454.510009765625,461.1400146484375,461.1400146484375,910100
2025-09-16,465.1400146484375,467.2799987792969,457.989990234375,461.239990234375,461.239990234375,773300
2025-09-17,455.760009765625,463.8800048828125,450.70001220703125,451.7300109863281,451.7300109863281,1445600
2025-09-18,454.0,456.94000244140625,443.75,452.1700134277344,452.1700134277344,1061000
2025-09-19,457.67999267578125,457.67999267578125,450.7200012207031,453.55999755859375,453.55999755859375,1713300
2025-09-22,453.55999755859375,462.8800048828125,450.2300109863281,458.9200134277344,458.9200134277344,971800
2025-09-23,452.8299865722656,457.4700012207031,450.5,454.4100036621094,454.4100036621094,1024600
2025-09-24,454.3500061035156,462.69000244140625,450.9700012207031,458.3699951171875,458.3699951171875,976000
2025-09-25,457.0299987792969,459.0,446.4200134277344,449.5799865722656,449.5799865722656,685300
2025-09-26,453.04998779296875,453.04998779296875,442.510009765625,446.3999938964844,446.3999938964844,813000
2025-09-29,448.0,451.6300048828125,446.29998779296875,447.489990234375,447.489990234375,719000
2025-09-30,445.2200012207031,459.29998779296875,445.2200012207031,456.0,456.0,1379500
2025-10-01,456.0,467.4200134277344,453.30999755859375,460.6499938964844,460.6499938964844,1370000
2025-10-02,457.6400146484375,461.5299987792969,446.17999267578125,460.989990234375,460.989990234375,1269200
2025-10-03,465.010009765625,465.010009765625,448.4700012207031,456.3500061035156,456.3500061035156,969100
2025-10-06,458.69000244140625,458.69000244140625,449.9200134277344,452.0,452.0,918500
2025-10-07,456.94000244140625,462.6300048828125,448.95001220703125,459.5799865722656,459.5799865722656,791800
2025-10-08,464.4599914550781,464.4599914550781,449.7200012207031,450.67999267578125,450.67999267578125,929800
2025-10-09,451.0,459.57000732421875,448.8299865722656,456.95001220703125,456.95001220703125,1052000
2025-10-10,460.2799987792969,460.6000061035156,451.0,460.4599914550781,460.4599914550781,937000
2025-10-13,456.1300048828125,473.6499938964844,453.8299865722656,464.95001220703125,464.95001220703125,1579100
2025-10-14,462.1300048828125,479.69000244140625,457.7300109863281,469.3599853515625,469.3599853515625,1435700
2025-10-15,469.19000244140625,485.2799987792969,467.5,470.2699890136719,470.2699890136719,1475400
2025-10-16,474.3900146484375,488.3900146484375,470.4599914550781,481.07000732421875,481.07000732421875,964700
2025-10-17,481.6499938964844,492.6199951171875,476.44000244140625,481.6700134277344,481.6700134277344,1029200
2025-10-20,476.82000732421875,495.54998779296875,476.82000732421875,491.2200012207031,491.2200012207031,950000
2025-10-21,488.4200134277344,490.04998779296875,471.3999938964844,474.0,474.0,826200
2025-10-22,477.6600036621094,480.5299987792969,461.2099914550781,464.8999938964844,464.8999938964844,950000
2025-10-23,464.7099914550781,468.8599853515625,456.8999938964844,464.0,464.0,683300
2025-10-24,468.67999267578125,469.2900085449219,459.3800048828125,463.42999267578125,463.42999267578125,771300
2025-10-27,465.55999755859375,485.3599853515625,465.54998779296875,478.5799865722656,478.5799865722656,1174500
2025-10-28,476.5,484.6099853515625,473.2900085449219,475.9100036621094,475.9100036621094,836300
2025-10-29,475.19000244140625,482.7300109863281,467.0899963378906,481.5899963378906,481.5899963378906,1360100
2025-10-30,450.0,472.3599853515625,436.510009765625,449.55999755859375,449.55999755859375,2313900
2025-10-31,449.0,459.7699890136719,441.2200012207031,456.0400085449219,456.0400085449219,1817600
2025-11-03,454.5799865722656,457.260009765625,429.6000061035156,434.07000732421875,434.07000732421875,1556500
2025-11-04,429.8999938964844,431.5,421.8299865722656,423.4700012207031,423.4700012207031,1170100
2025-11-05,422.1099853515625,438.5299987792969,417.0,434.55999755859375,434.55999755859375,974500
2025-11-06,431.7799987792969,445.5,429.0,440.489990234375,440.489990234375,700500
2025-11-07,437.80999755859375,443.69000244140625,430.8399963378906,442.70001220703125,442.70001220703125,822600
2025-11-10,445.0,449.67999267578125,440.92999267578125,441.70001220703125,441.70001220703125,739000
2025-11-11,443.5299987792969,455.20001220703125,441.2099914550781,451.95001220703125,451.95001220703125,981700
2025-11-12,450.6300048828125,459.2699890136719,446.7099914550781,452.739990234375,452.739990234375,937700
2025-11-13,450.6700134277344,456.1400146484375,447.1199951171875,453.9700012207031,453.9700012207031,798900
2025-11-14,453.8699951171875,461.9599914550781,448.2799987792969,449.1600036621094,449.1600036621094,968500
2025-11-17,449.0,463.9200134277344,449.0,460.5400085449219,460.5400085449219,962100
2025-11-18,458.1499938964844,469.1099853515625,456.2699890136719,462.29998779296875,462.29998779296875,668600
2025-11-19,462.2699890136719,465.32000732421875,456.8999938964844,460.760009765625,460.760009765625,893800
2025-11-20,463.32000732421875,467.7300109863281,445.3399963378906,445.7900085449219,445.7900085449219,787600
2025-11-21,448.2300109863281,449.5299987792969,433.5,436.3800048828125,436.3800048828125,1298000
2025-11-24,439.4599914550781,444.6700134277344,420.29998779296875,434.2300109863281,434.2300109863281,1750400
2025-11-25,436.8399963378906,441.82000732421875,428.57000732421875,429.79998779296875,429.79998779296875,1009200
2025-11-26,432.8699951171875,447.69000244140625,430.2699890136719,445.1199951171875,445.1199951171875,908200
2025-11-28,448.17999267578125,455.760009765625,444.42999267578125,451.2300109863281,451.2300109863281,563900
2025-12-01,450.0,462.92999267578125,448.2699890136719,454.55999755859375,454.55999755859375,1070600
2025-12-02,453.8999938964844,472.4800109863281,453.010009765625,464.92999267578125,464.92999267578125,1204100
2025-12-03,466.489990234375,479.7900085449219,460.4100036621094,473.2900085449219,473.2900085449219,1092900
2025-12-04,472.6700134277344,477.05999755859375,463.0299987792969,465.3399963378906,465.3399963378906,984000
2025-12-05,468.2900085449219,473.5,455.32000732421875,458.1199951171875,458.1199951171875,627300
2025-12-08,447.0,449.7799987792969,423.45001220703125,430.0199890136719,430.0199890136719,2411600
2025-12-09,430.45001220703125,433.30999755859375,412.30999755859375,415.2099914550781,415.2099914550781,1610500
2025-12-10,416.5400085449219,417.0,403.79998779296875,404.4599914550781,404.4599914550781,1188900
2025-12-11,403.3599853515625,414.2200012207031,402.2200012207031,412.6300048828125,412.6300048828125,1284800
2025-12-12,408.8599853515625,410.0400085449219,387.0299987792969,397.54998779296875,397.54998779296875,1659000
2025-12-15,394.2200012207031,402.3299865722656,390.0,391.5,391.5,1483300
2025-12-16,390.6499938964844,399.6400146484375,388.5400085449219,391.1700134277344,391.1700134277344,1345500
2025-12-17,394.17999267578125,400.239990234375,389.0,392.1000061035156,392.1000061035156,1041500
2025-12-18,394.489990234375,404.19000244140625,391.510009765625,396.0400085449219,396.0400085449219,1715000
2025-12-19,399.1099853515625,408.1499938964844,395.9700012207031,400.2300109863281,400.2300109863281,12576500
2025-12-22,409.6000061035156,413.5899963378906,403.20001220703125,407.7300109863281,407.7300109863281,1053000
2025-12-23,404.7200012207031,407.42999267578125,395.989990234375,398.70001220703125,398.70001220703125,792300
2025-12-24,395.989990234375,401.4700012207031,395.04998779296875,400.69000244140625,400.69000244140625,408200
2025-12-26,404.5799865722656,404.5799865722656,397.30999755859375,400.5899963378906,400.5899963378906,401500
2025-12-29,400.1000061035156,402.7200012207031,397.04998779296875,398.82000732421875,398.82000732421875,638400
2025-12-30,394.80999755859375,398.3999938964844,393.6400146484375,397.25,397.25,504800
2025-12-31,397.25,402.44000244140625,397.25,397.6499938964844,397.6499938964844,768900
2026-01-02,399.3399963378906,407.2200012207031,396.0799865722656,400.1700134277344,400.1700134277344,730500
2026-01-05,397.57000732421875,400.0,383.8399963378906,397.8299865722656,397.8299865722656,1093900
2026-01-06,396.2300109863281,409.17999267578125,384.4200134277344,406.3999938964844,406.3999938964844,1612900
2026-01-07,405.510009765625,427.04998779296875,405.510009765625,422.5,422.5,1426100
2026-01-08,420.17999267578125,425.19000244140625,393.4800109863281,399.3999938964844,399.3999938964844,1400700
2026-01-09,399.3999938964844,409.5799865722656,392.55999755859375,398.2900085449219,398.2900085449219,1440200
2026-01-12,377.82000732421875,378.6099853515625,353.5199890136719,370.9100036621094,370.9100036621094,3808000
2026-01-13,369.1000061035156,376.8800048828125,366.9200134277344,369.9599914550781,369.9599914550781,1625700
2026-01-14,369.95001220703125,371.7099914550781,359.95001220703125,366.8599853515625,366.8599853515625,1250000
2026-01-15,368.5400085449219,372.82000732421875,356.8299865722656,359.260009765625,359.260009765625,911200
2026-01-16,362.2900085449219,367.20001220703125,355.4599914550781,359.2699890136719,359.2699890136719,1527400
2026-01-20,350.70001220703125,355.739990234375,347.7699890136719,355.5299987792969,355.5299987792969,1722600
2026-01-21,353.010009765625,366.0,351.54998779296875,365.4599914550781,365.4599914550781,1523500
2026-01-22,365.5,376.8699951171875,363.3599853515625,370.0,370.0,1875400
2026-01-23,368.20001220703125,371.3299865722656,356.7200012207031,357.9800109863281,357.9800109863281,1636800
2026-01-26,357.9800109863281,364.07000732421875,352.5,361.3500061035156,361.3500061035156,936400
2026-01-27,361.54998779296875,368.07000732421875,354.69000244140625,354.75,354.75,988100
2026-01-28,353.6600036621094,356.8399963378906,348.0,349.5799865722656,349.5799865722656,1099000
2026-01-29,349.3699951171875,350.3399963378906,345.010009765625,346.7900085449219,346.7900085449219,1681900
2026-01-30,343.1000061035156,346.5,336.3900146484375,338.05999755859375,338.05999755859375,1648500
2026-02-02,337.4200134277344,342.3299865722656,333.0,339.1099853515625,339.1099853515625,1911100
2026-02-03,338.489990234375,352.82000732421875,337.5899963378906,351.79998779296875,351.79998779296875,2152900
2026-02-04,354.0,355.489990234375,347.0799865722656,351.9599914550781,351.9599914550781,1779400
2026-02-05,350.5,350.5,327.2699890136719,331.239990234375,331.239990234375,2620900
2026-02-06,331.6099853515625,340.07000732421875,326.510009765625,328.1600036621094,328.1600036621094,1476700
2026-02-09,325.489990234375,329.9200134277344,319.260009765625,320.0,320.0,1391900
2026-02-10,322.67999267578125,325.9800109863281,317.8900146484375,322.9800109863281,322.9800109863281,1865600
2026-02-11,322.1400146484375,325.0400085449219,317.79998779296875,322.2799987792969,322.2799987792969,1582000
2026-02-12,314.4200134277344,315.510009765625,298.0,308.4800109863281,308.4800109863281,2897400
2026-02-13,302.54998779296875,318.44000244140625,302.54998779296875,314.3999938964844,314.3999938964844,1476300
2026-02-17,316.79998779296875,336.2099914550781,315.6300048828125,332.6099853515625,332.6099853515625,1516400
2026-02-18,328.8599853515625,335.79998779296875,324.5299987792969,332.67999267578125,332.67999267578125,1151200
2026-02-19,332.239990234375,339.6099853515625,326.3299865722656,339.3699951171875,339.3699951171875,1152700
2026-02-20,336.5799865722656,345.8999938964844,335.8299865722656,336.19000244140625,336.19000244140625,1375300
2026-02-23,335.7300109863281,341.3900146484375,326.760009765625,329.3500061035156,329.3500061035156,792000
2026-02-24,328.2200012207031,333.07000732421875,324.4800109863281,332.8500061035156,332.8500061035156,791600
2026-02-25,332.760009765625,334.4200134277344,325.239990234375,327.3599853515625,327.3599853515625,751700
2026-02-26,328.6700134277344,333.4700012207031,322.0,331.239990234375,331.239990234375,880300
2026-02-27,331.239990234375,334.79998779296875,328.3900146484375,332.9200134277344,332.9200134277344,1569800
2026-03-02,329.4100036621094,334.4200134277344,323.1600036621094,325.07000732421875,325.07000732421875,1302300
2026-03-03,321.3699951171875,324.05999755859375,315.20001220703125,318.6499938964844,318.6499938964844,947600
2026-03-04,319.20001220703125,328.0,317.25,327.29998779296875,327.29998779296875,931100
2026-03-05,323.69000244140625,328.2799987792969,319.510009765625,320.510009765625,320.510009765625,1215100
2026-03-06,317.7300109863281,321.1700134277344,312.0899963378906,320.6600036621094,320.6600036621094,996400
2026-03-09,317.25,323.67999267578125,313.1199951171875,323.5899963378906,323.5899963378906,1081100
2026-03-10,325.6000061035156,326.17999267578125,317.0299987792969,322.3800048828125,322.3800048828125,1169400
2026-03-11,322.0,323.7099914550781,317.75,320.42999267578125,320.42999267578125,906600
2026-03-12,320.5299987792969,321.0,309.6099853515625,317.2300109863281,317.2300109863281,1247300
2026-03-13,319.0,319.5,309.9200134277344,313.4100036621094,313.4100036621094,829200
2026-03-16,311.2200012207031,319.54998779296875,311.2200012207031,318.9100036621094,318.9100036621094,1247500
2026-03-17,319.6300048828125,326.9599914550781,317.5299987792969,320.4200134277344,320.4200134277344,1796900
2026-03-18,317.5,319.2699890136719,312.5799865722656,314.79998779296875,314.79998779296875,1077700
2026-03-19,316.4200134277344,317.6099853515625,309.7300109863281,311.1000061035156,311.1000061035156,663600
2026-03-20,311.04998779296875,322.42999267578125,311.04998779296875,312.1700134277344,312.1700134277344,2050800
2026-03-23,320.7699890136719,323.2300109863281,304.3800048828125,306.6600036621094,306.6600036621094,1378700
2026-03-24,303.4200134277344,308.9100036621094,299.6199951171875,308.04998779296875,308.04998779296875,1497300
2026-03-25,313.3399963378906,329.4800109863281,311.7099914550781,328.70001220703125,328.70001220703125,1139600
2026-03-26,328.8999938964844,332.80999755859375,327.69000244140625,328.1600036621094,328.1600036621094,1119700
2026-03-27,327.1000061035156,329.69000244140625,316.8500061035156,317.3599853515625,317.3599853515625,815900
2026-03-30,319.32000732421875,321.760009765625,314.2099914550781,316.0899963378906,316.0899963378906,1223900
2026-03-31,319.05999755859375,332.4800109863281,318.3699951171875,330.8699951171875,330.8699951171875,1352300
2026-04-01,332.69000244140625,335.4800109863281,327.5899963378906,328.7300109863281,328.7300109863281,673300
2026-04-02,323.0299987792969,325.489990234375,315.8999938964844,318.8500061035156,318.8500061035156,872500
2026-04-06,320.1000061035156,335.5799865722656,320.1000061035156,330.3399963378906,330.3399963378906,1276400
2026-04-07,319.4800109863281,322.3500061035156,313.5400085449219,319.5199890136719,319.5199890136719,1305100
2026-04-08,327.489990234375,330.29998779296875,324.44000244140625,327.25,327.25,1024700
2026-04-09,325.6700134277344,326.8999938964844,318.7699890136719,321.2799987792969,321.2799987792969,1119200
2026-04-10,323.489990234375,328.92999267578125,317.5299987792969,322.1099853515625,322.1099853515625,698600
2026-04-13,320.6600036621094,333.55999755859375,319.0,333.0,333.0,967600
2026-04-14,330.80999755859375,343.3599853515625,330.5400085449219,339.4100036621094,339.4100036621094,1228600
2026-04-15,341.6300048828125,342.2300109863281,331.0199890136719,333.3900146484375,333.3900146484375,799100
2026-04-16,333.3900146484375,333.3900146484375,318.92999267578125,320.1300048828125,320.1300048828125,1022800
2026-04-17,326.0899963378906,326.5299987792969,306.0,309.6600036621094,309.6600036621094,1495100
2026-04-20,306.55999755859375,312.25,305.0,310.94000244140625,310.94000244140625,966400
2026-04-21,307.32000732421875,310.5,301.6300048828125,308.42999267578125,308.42999267578125,1510800
2026-04-22,308.42999267578125,312.69000244140625,307.8500061035156,310.5799865722656,310.5799865722656,1003700
2026-04-23,313.5899963378906,315.8299865722656,310.7900085449219,313.7900085449219,313.7900085449219,588300
2026-04-24,309.6300048828125,311.1000061035156,302.8999938964844,305.5400085449219,305.5400085449219,825600
2026-04-27,303.8699951171875,314.739990234375,303.70001220703125,308.510009765625,308.510009765625,1093400
2026-04-28,308.9700012207031,314.1700134277344,301.79998779296875,302.1099853515625,302.1099853515625,996200
2026-04-29,300.4800109863281,304.2200012207031,294.05999755859375,301.19000244140625,301.19000244140625,1569600
2026-04-30,307.4800109863281,317.55999755859375,287.0,309.489990234375,309.489990234375,2192100
2026-05-01,308.760009765625,311.8800048828125,295.7900085449219,296.1099853515625,296.1099853515625,1132900
2026-05-04,298.0,300.489990234375,288.05999755859375,297.92999267578125,297.92999267578125,1590500
2026-05-05,297.80999755859375,302.6700134277344,295.0199890136719,301.1099853515625,301.1099853515625,823900
2026-05-06,301.57000732421875,306.0299987792969,298.9599914550781,303.0,303.0,1012300
2026-05-07,300.54998779296875,303.4599914550781,293.7799987792969,295.9100036621094,295.9100036621094,1144000
2026-05-08,295.9100036621094,300.1700134277344,293.05999755859375,295.04998779296875,295.04998779296875,926800
2026-05-11,294.1499938964844,296.3699951171875,284.2799987792969,284.8399963378906,284.8399963378906,1287600
2026-05-12,288.6600036621094,295.8599853515625,286.7300109863281,292.0299987792969,292.0299987792969,826100
2026-05-13,290.70001220703125,298.3800048828125,288.55999755859375,291.4800109863281,291.4800109863281,975800
2026-05-14,290.7200012207031,297.0,287.510009765625,293.45001220703125,293.45001220703125,889700
2026-05-15,294.7799987792969,298.0,286.760009765625,286.9800109863281,286.9800109863281,1149400
2026-05-18,287.1400146484375,291.9700012207031,285.260009765625,286.2699890136719,286.2699890136719,873400
2026-05-19,289.0,294.92999267578125,284.3800048828125,294.29998779296875,294.29998779296875,769900
2026-05-20,297.79998779296875,300.0799865722656,292.1000061035156,298.4800109863281,298.4800109863281,799200
2026-05-21,296.6400146484375,301.42999267578125,293.0,300.510009765625,300.510009765625,650200
2026-05-22,299.1199951171875,303.3299865722656,294.989990234375,297.45001220703125,297.45001220703125,681300
2026-05-26,299.0,301.0899963378906,294.260009765625,295.5,295.5,649700
2026-05-27,293.3999938964844,299.9800109863281,292.9100036621094,295.6300048828125,295.6300048828125,629500
2026-05-28,293.0,305.9800109863281,291.8399963378906,305.05999755859375,305.05999755859375,1020700
2026-05-29,302.42999267578125,305.67999267578125,297.6199951171875,301.9800109863281,301.9800109863281,2278000
2026-06-01,299.510009765625,303.9800109863281,295.1300048828125,295.6300048828125,295.6300048828125,1186000
2026-06-02,293.94000244140625,295.6000061035156,285.0,286.1199951171875,286.1199951171875,1042500
2026-06-03,284.4800109863281,293.1600036621094,283.1000061035156,292.5799865722656,292.5799865722656,988800
2026-06-04,297.2200012207031,310.5299987792969,293.8500061035156,303.6400146484375,303.6400146484375,1081400
2026-06-05,306.3399963378906,306.7300109863281,300.5,303.04998779296875,303.04998779296875,1004400
2026-06-08,303.1099853515625,303.57000732421875,285.5400085449219,292.1600036621094,292.1600036621094,1651400
2026-06-09,297.30999755859375,302.8500061035156,293.9700012207031,297.69000244140625,297.69000244140625,1259800
2026-06-10,297.69000244140625,299.70001220703125,290.5299987792969,291.2200012207031,291.2200012207031,927300
2026-06-11,290.70001220703125,292.9800109863281,285.2200012207031,289.3900146484375,289.3900146484375,1061500
2026-06-12,288.9599914550781,291.2799987792969,281.7699890136719,282.8500061035156,282.8500061035156,1420000
2026-06-15,282.9200134277344,288.1099853515625,281.3599853515625,287.79998779296875,287.79998779296875,1118500
2026-06-16,288.1300048828125,288.4800109863281,276.94000244140625,281.8999938964844,281.8999938964844,1213300
2026-06-17,281.30999755859375,288.0,277.7799987792969,282.7200012207031,282.7200012207031,1322200
2026-06-18,280.1099853515625,282.9800109863281,273.1099853515625,278.0899963378906,278.0899963378906,2204500
2026-06-22,278.4200134277344,286.6700134277344,278.1700134277344,286.4100036621094,286.4100036621094,1420600
2026-06-23,290.8900146484375,291.95001220703125,285.260009765625,288.17999267578125,288.17999267578125,1087500
2026-06-24,290.95001220703125,303.4599914550781,288.8500061035156,294.05999755859375,294.05999755859375,1299600
2026-06-25,293.67999267578125,298.3500061035156,290.07000732421875,293.1700134277344,293.1700134277344,1128200
2026-06-26,297.57000732421875,302.9599914550781,290.3699951171875,291.3699951171875,291.3699951171875,1490600
2026-06-29,296.9700012207031,298.2799987792969,291.8999938964844,293.5199890136719,293.5199890136719,1367300
2026-06-30,296.82000732421875,302.739990234375,295.17999267578125,301.0299987792969,301.0299987792969,1411100
2026-07-01,304.5400085449219,309.2799987792969,301.5,301.6700134277344,301.6700134277344,1070500
2026-07-02,303.8699951171875,317.1700134277344,303.0,312.7799987792969,312.7799987792969,1093400
2026-07-06,319.3399963378906,319.3399963378906,307.1300048828125,313.0400085449219,313.0400085449219,891800
2026-07-07,317.07000732421875,321.9800109863281,315.3500061035156,321.5899963378906,321.5899963378906,980400
2026-07-08,318.5,325.3699951171875,316.7799987792969,323.5,323.5,897700
2026-07-09,378.489990234375,380.0,311.1000061035156,312.7900085449219,312.7900085449219,5865000
2026-07-10,314.7099914550781,322.489990234375,293.7799987792969,298.760009765625,298.760009765625,2538100
