date,open,high,low,close,adjclose,volume
2021-08-02,40.40999984741211,40.900001525878906,39.91999816894531,40.25,40.25,45700
2021-08-03,40.189998626708984,40.97999954223633,39.880001068115234,40.86000061035156,40.86000061035156,71000
2021-08-04,40.5,41.150001525878906,39.900001525878906,40.04999923706055,40.04999923706055,33900
2021-08-05,40.31999969482422,41.33000183105469,40.029998779296875,41.09000015258789,41.09000015258789,44200
2021-08-06,42.09000015258789,43.38999938964844,39.81999969482422,40.470001220703125,40.470001220703125,68800
2021-08-09,40.43000030517578,40.810001373291016,40.41999816894531,40.66999816894531,40.66999816894531,40700
2021-08-10,40.75,40.75,39.540000915527344,40.380001068115234,40.380001068115234,45000
2021-08-11,40.290000915527344,40.650001525878906,39.75,40.43000030517578,40.43000030517578,38600
2021-08-12,40.2599983215332,41.040000915527344,39.5,40.689998626708984,40.689998626708984,52700
2021-08-13,40.900001525878906,42.31999969482422,40.709999084472656,41.84000015258789,41.84000015258789,86700
2021-08-16,41.97999954223633,42.84000015258789,41.27000045776367,42.349998474121094,42.349998474121094,61200
2021-08-17,42.349998474121094,43.349998474121094,41.599998474121094,42.45000076293945,42.45000076293945,38600
2021-08-18,42.189998626708984,42.88999938964844,41.599998474121094,41.599998474121094,41.599998474121094,131400
2021-08-19,40.83000183105469,41.849998474121094,40.83000183105469,41.41999816894531,41.41999816894531,60900
2021-08-20,41.22999954223633,43.349998474121094,41.22999954223633,43.04999923706055,43.04999923706055,138700
2021-08-23,43.119998931884766,43.810001373291016,42.650001525878906,43.09000015258789,43.09000015258789,64700
2021-08-24,42.959999084472656,43.52000045776367,41.939998626708984,42.099998474121094,42.099998474121094,58100
2021-08-25,42.04999923706055,42.70000076293945,41.43000030517578,41.630001068115234,41.630001068115234,59600
2021-08-26,41.43000030517578,41.7599983215332,41.150001525878906,41.209999084472656,41.209999084472656,62700
2021-08-27,41.4900016784668,42.65999984741211,41.27000045776367,42.15999984741211,42.15999984741211,96300
2021-08-30,42.47999954223633,43.20000076293945,42.279998779296875,42.970001220703125,42.970001220703125,52600
2021-08-31,43.099998474121094,43.7599983215332,42.2400016784668,43.130001068115234,43.130001068115234,37100
2021-09-01,43.2400016784668,43.31999969482422,42.20000076293945,43.29999923706055,43.29999923706055,33300
2021-09-02,43.38999938964844,43.38999938964844,42.27000045776367,42.4900016784668,42.4900016784668,33800
2021-09-03,42.5,42.5,40.47999954223633,40.56999969482422,40.56999969482422,155700
2021-09-07,40.380001068115234,40.380001068115234,39.599998474121094,40.06999969482422,40.06999969482422,77800
2021-09-08,40.150001525878906,40.2599983215332,39.849998474121094,39.939998626708984,39.939998626708984,44200
2021-09-09,40.0,40.16999816894531,39.66999816894531,39.70000076293945,39.70000076293945,63000
2021-09-10,39.72999954223633,39.91999816894531,39.560001373291016,39.599998474121094,39.599998474121094,93000
2021-09-13,39.81999969482422,40.290000915527344,39.5,39.650001525878906,39.650001525878906,64500
2021-09-14,39.79999923706055,41.099998474121094,39.599998474121094,40.58000183105469,40.58000183105469,73700
2021-09-15,40.40999984741211,40.58000183105469,39.599998474121094,39.79999923706055,39.79999923706055,67800
2021-09-16,39.91999816894531,40.040000915527344,39.47999954223633,39.70000076293945,39.70000076293945,67800
2021-09-17,39.77000045776367,40.34000015258789,39.599998474121094,39.68000030517578,39.68000030517578,296900
2021-09-20,39.290000915527344,39.56999969482422,38.58000183105469,39.09000015258789,39.09000015258789,121900
2021-09-21,39.31999969482422,39.630001068115234,38.52000045776367,38.75,38.75,78200
2021-09-22,38.72999954223633,39.369998931884766,38.709999084472656,39.11000061035156,39.11000061035156,80100
2021-09-23,39.189998626708984,39.540000915527344,39.099998474121094,39.40999984741211,39.40999984741211,69700
2021-09-24,39.220001220703125,39.939998626708984,38.95000076293945,39.619998931884766,39.619998931884766,34100
2021-09-27,39.540000915527344,40.68000030517578,39.4900016784668,40.47999954223633,40.47999954223633,44700
2021-09-28,40.43000030517578,41.2599983215332,39.849998474121094,40.72999954223633,40.72999954223633,60200
2021-09-29,40.75,41.59000015258789,40.22999954223633,41.349998474121094,41.349998474121094,65800
2021-09-30,41.779998779296875,42.790000915527344,41.5,42.560001373291016,42.560001373291016,74400
2021-10-01,42.060001373291016,44.060001373291016,41.779998779296875,43.27000045776367,43.27000045776367,139800
2021-10-04,43.2599983215332,43.65999984741211,39.59000015258789,40.20000076293945,40.20000076293945,136600
2021-10-05,40.290000915527344,40.939998626708984,39.630001068115234,40.5,40.5,37400
2021-10-06,40.13999938964844,40.83000183105469,39.56999969482422,39.869998931884766,39.869998931884766,76000
2021-10-07,39.900001525878906,41.04999923706055,39.900001525878906,40.599998474121094,40.599998474121094,40400
2021-10-08,40.59000015258789,41.20000076293945,40.09000015258789,40.970001220703125,40.970001220703125,45200
2021-10-11,40.959999084472656,41.7400016784668,40.61000061035156,40.61000061035156,40.61000061035156,32600
2021-10-12,40.61000061035156,41.459999084472656,40.61000061035156,41.29999923706055,41.29999923706055,24600
2021-10-13,41.15999984741211,41.470001220703125,40.81999969482422,41.16999816894531,41.16999816894531,39600
2021-10-14,41.650001525878906,42.15999984741211,41.02000045776367,41.97999954223633,41.97999954223633,51900
2021-10-15,42.59000015258789,42.970001220703125,41.56999969482422,41.65999984741211,41.65999984741211,79000
2021-10-18,41.2400016784668,41.470001220703125,40.70000076293945,41.0099983215332,41.0099983215332,96000
2021-10-19,41.0,41.66999816894531,40.9900016784668,41.630001068115234,41.630001068115234,51700
2021-10-20,41.43000030517578,42.130001068115234,41.279998779296875,41.93000030517578,41.93000030517578,42100
2021-10-21,41.849998474121094,42.27000045776367,41.20000076293945,41.58000183105469,41.58000183105469,45500
2021-10-22,41.38999938964844,42.13999938964844,41.040000915527344,42.04999923706055,42.04999923706055,46900
2021-10-25,41.9900016784668,42.650001525878906,41.41999816894531,42.630001068115234,42.630001068115234,29500
2021-10-26,42.560001373291016,42.68000030517578,41.95000076293945,42.11000061035156,42.11000061035156,44800
2021-10-27,42.099998474121094,42.099998474121094,41.16999816894531,41.310001373291016,41.310001373291016,84200
2021-10-28,41.599998474121094,42.86000061035156,41.599998474121094,42.790000915527344,42.790000915527344,43800
2021-10-29,42.540000915527344,42.540000915527344,41.040000915527344,41.650001525878906,41.650001525878906,47800
2021-11-01,41.59000015258789,43.029998779296875,41.529998779296875,42.959999084472656,42.959999084472656,46300
2021-11-02,43.13999938964844,43.13999938964844,41.790000915527344,42.540000915527344,42.540000915527344,53100
2021-11-03,42.45000076293945,44.400001525878906,42.45000076293945,43.689998626708984,43.689998626708984,82200
2021-11-04,43.7599983215332,44.2599983215332,42.2400016784668,43.31999969482422,43.31999969482422,71400
2021-11-05,45.810001373291016,45.810001373291016,42.5,45.029998779296875,45.029998779296875,63200
2021-11-08,44.939998626708984,44.939998626708984,41.70000076293945,41.70000076293945,41.70000076293945,44000
2021-11-09,41.540000915527344,41.70000076293945,40.06999969482422,40.11000061035156,40.11000061035156,103000
2021-11-10,40.09000015258789,40.529998779296875,38.779998779296875,38.810001373291016,38.810001373291016,78900
2021-11-11,38.709999084472656,39.7400016784668,37.72999954223633,38.20000076293945,38.20000076293945,124600
2021-11-12,38.150001525878906,38.95000076293945,37.86000061035156,38.7400016784668,38.7400016784668,72000
2021-11-15,38.88999938964844,39.75,38.5,39.0099983215332,39.0099983215332,104100
2021-11-16,39.5,40.5099983215332,39.0,39.95000076293945,39.95000076293945,129000
2021-11-17,39.58000183105469,40.130001068115234,39.099998474121094,39.77000045776367,39.77000045776367,70100
2021-11-18,39.779998779296875,40.779998779296875,39.599998474121094,40.560001373291016,40.560001373291016,58200
2021-11-19,40.619998931884766,40.619998931884766,39.75,40.06999969482422,40.06999969482422,35300
2021-11-22,40.31999969482422,40.619998931884766,39.790000915527344,39.79999923706055,39.79999923706055,199400
2021-11-23,39.630001068115234,40.720001220703125,39.400001525878906,40.540000915527344,40.540000915527344,54000
2021-11-24,40.5099983215332,40.880001068115234,40.0,40.56999969482422,40.56999969482422,28500
2021-11-26,39.91999816894531,40.0,38.5,39.650001525878906,39.650001525878906,116400
2021-11-29,39.869998931884766,40.5,39.08000183105469,39.470001220703125,39.470001220703125,80400
2021-11-30,39.08000183105469,39.72999954223633,38.369998931884766,39.130001068115234,39.130001068115234,64700
2021-12-01,39.560001373291016,39.75,38.4900016784668,38.529998779296875,38.529998779296875,71300
2021-12-02,38.880001068115234,39.90999984741211,38.029998779296875,39.68000030517578,39.68000030517578,63000
2021-12-03,39.59000015258789,39.59000015258789,38.09000015258789,38.09000015258789,38.09000015258789,104800
2021-12-06,38.4900016784668,39.81999969482422,38.119998931884766,39.25,39.25,70700
2021-12-07,39.91999816894531,41.189998626708984,38.91999816894531,40.2400016784668,40.2400016784668,60400
2021-12-08,40.27000045776367,40.540000915527344,39.5,39.720001220703125,39.720001220703125,46500
2021-12-09,39.380001068115234,40.09000015258789,39.209999084472656,39.349998474121094,39.349998474121094,58000
2021-12-10,39.45000076293945,39.689998626708984,38.56999969482422,38.7400016784668,38.7400016784668,63600
2021-12-13,38.54999923706055,39.15999984741211,38.0099983215332,38.119998931884766,38.119998931884766,81800
2021-12-14,38.13999938964844,38.59000015258789,37.2599983215332,37.43000030517578,37.43000030517578,68100
2021-12-15,37.59000015258789,40.130001068115234,35.93000030517578,39.560001373291016,39.560001373291016,126800
2021-12-16,39.70000076293945,39.70000076293945,36.40999984741211,36.4900016784668,36.4900016784668,79800
2021-12-17,36.529998779296875,38.970001220703125,36.20000076293945,37.38999938964844,37.38999938964844,379300
2021-12-20,37.18000030517578,38.310001373291016,37.18000030517578,37.52000045776367,37.52000045776367,95300
2021-12-21,37.81999969482422,38.2400016784668,37.36000061035156,37.45000076293945,37.45000076293945,41200
2021-12-22,37.52000045776367,38.060001373291016,36.93000030517578,37.7599983215332,37.7599983215332,102400
2021-12-23,38.0,38.189998626708984,37.529998779296875,37.9900016784668,37.9900016784668,196200
2021-12-27,37.97999954223633,37.97999954223633,37.279998779296875,37.59000015258789,37.59000015258789,124700
2021-12-28,37.790000915527344,38.04999923706055,37.13999938964844,37.2400016784668,37.2400016784668,93200
2021-12-29,37.310001373291016,37.650001525878906,36.630001068115234,36.88999938964844,36.88999938964844,49400
2021-12-30,36.70000076293945,37.11000061035156,36.290000915527344,36.380001068115234,36.380001068115234,63600
2021-12-31,36.18000030517578,38.58000183105469,35.650001525878906,35.83000183105469,35.83000183105469,102500
2022-01-03,36.400001525878906,36.779998779296875,35.84000015258789,36.540000915527344,36.540000915527344,187900
2022-01-04,36.4900016784668,36.849998474121094,36.2400016784668,36.349998474121094,36.349998474121094,71600
2022-01-05,36.150001525878906,36.29999923706055,35.29999923706055,35.380001068115234,35.380001068115234,143400
2022-01-06,35.18000030517578,36.08000183105469,35.060001373291016,35.16999816894531,35.16999816894531,58000
2022-01-07,35.27000045776367,35.59000015258789,34.33000183105469,34.36000061035156,34.36000061035156,56700
2022-01-10,34.290000915527344,34.4900016784668,33.5,34.220001220703125,34.220001220703125,185000
2022-01-11,34.34000015258789,35.5099983215332,33.88999938964844,34.5099983215332,34.5099983215332,153100
2022-01-12,34.779998779296875,35.16999816894531,34.0,34.0,34.0,120100
2022-01-13,34.27000045776367,34.779998779296875,33.939998626708984,34.040000915527344,34.040000915527344,70000
2022-01-14,33.720001220703125,34.45000076293945,33.720001220703125,34.209999084472656,34.209999084472656,112900
2022-01-18,34.08000183105469,34.40999984741211,33.529998779296875,33.63999938964844,33.63999938964844,98200
2022-01-19,33.90999984741211,34.38999938964844,33.349998474121094,33.52000045776367,33.52000045776367,110800
2022-01-20,33.709999084472656,34.25,32.95000076293945,33.0099983215332,33.0099983215332,65800
2022-01-21,32.68000030517578,33.380001068115234,31.989999771118164,31.989999771118164,31.989999771118164,120800
2022-01-24,31.729999542236328,33.06999969482422,31.200000762939453,32.900001525878906,32.900001525878906,77500
2022-01-25,32.68000030517578,32.720001220703125,31.440000534057617,32.2400016784668,32.2400016784668,65200
2022-01-26,32.2599983215332,32.7400016784668,31.200000762939453,31.549999237060547,31.549999237060547,45400
2022-01-27,31.639999389648438,32.130001068115234,31.299999237060547,31.5,31.5,92500
2022-01-28,31.649999618530273,32.2599983215332,30.6200008392334,31.309999465942383,31.309999465942383,82900
2022-01-31,31.270000457763672,32.22999954223633,31.270000457763672,31.799999237060547,31.799999237060547,60300
2022-02-01,31.969999313354492,32.4900016784668,31.059999465942383,31.5,31.5,61900
2022-02-02,31.670000076293945,32.04999923706055,30.1200008392334,30.290000915527344,30.290000915527344,74800
2022-02-03,30.079999923706055,30.790000915527344,29.709999084472656,29.799999237060547,29.799999237060547,57100
2022-02-04,29.8799991607666,30.270000457763672,29.149999618530273,30.010000228881836,30.010000228881836,106500
2022-02-07,30.010000228881836,31.200000762939453,30.0,30.709999084472656,30.709999084472656,164700
2022-02-08,30.75,31.139999389648438,30.479999542236328,31.079999923706055,31.079999923706055,147900
2022-02-09,31.3700008392334,31.5,30.719999313354492,30.719999313354492,30.719999313354492,62100
2022-02-10,30.299999237060547,31.190000534057617,30.030000686645508,30.420000076293945,30.420000076293945,94200
2022-02-11,30.5,30.799999237060547,30.09000015258789,30.309999465942383,30.309999465942383,72800
2022-02-14,30.530000686645508,30.68000030517578,30.139999389648438,30.260000228881836,30.260000228881836,58900
2022-02-15,30.59000015258789,31.389999389648438,30.59000015258789,30.790000915527344,30.790000915527344,58300
2022-02-16,30.829999923706055,30.959999084472656,30.350000381469727,30.84000015258789,30.84000015258789,33500
2022-02-17,30.56999969482422,31.3799991607666,30.450000762939453,30.780000686645508,30.780000686645508,72400
2022-02-18,30.610000610351562,30.959999084472656,30.399999618530273,30.450000762939453,30.450000762939453,99100
2022-02-22,30.290000915527344,31.479999542236328,30.06999969482422,30.149999618530273,30.149999618530273,68600
2022-02-23,30.459999084472656,30.670000076293945,30.219999313354492,30.25,30.25,105100
2022-02-24,29.81999969482422,31.959999084472656,29.700000762939453,31.809999465942383,31.809999465942383,105100
2022-02-25,32.119998931884766,32.25,31.09000015258789,32.130001068115234,32.130001068115234,59300
2022-02-28,32.02000045776367,32.869998931884766,32.02000045776367,32.5,32.5,44200
2022-03-01,32.540000915527344,32.880001068115234,31.219999313354492,31.5,31.5,63500
2022-03-02,31.549999237060547,32.88999938964844,31.549999237060547,32.88999938964844,32.88999938964844,71100
2022-03-03,33.18000030517578,33.18000030517578,31.239999771118164,31.520000457763672,31.520000457763672,71300
2022-03-04,31.479999542236328,31.959999084472656,30.950000762939453,31.059999465942383,31.059999465942383,80600
2022-03-07,31.190000534057617,31.520000457763672,30.8700008392334,31.190000534057617,31.190000534057617,47100
2022-03-08,31.100000381469727,31.3799991607666,30.450000762939453,30.600000381469727,30.600000381469727,56300
2022-03-09,28.75,28.75,25.0,26.219999313354492,26.219999313354492,204300
2022-03-10,26.100000381469727,26.100000381469727,24.540000915527344,24.700000762939453,24.700000762939453,138600
2022-03-11,24.700000762939453,26.020000457763672,24.209999084472656,25.579999923706055,25.579999923706055,104800
2022-03-14,26.239999771118164,27.270000457763672,25.040000915527344,25.450000762939453,25.450000762939453,92500
2022-03-15,25.31999969482422,26.209999084472656,25.049999237060547,25.360000610351562,25.360000610351562,72200
2022-03-16,25.75,26.510000228881836,25.110000610351562,26.219999313354492,26.219999313354492,84300
2022-03-17,25.860000610351562,27.690000534057617,25.829999923706055,27.489999771118164,27.489999771118164,68600
2022-03-18,27.15999984741211,28.299999237060547,26.68000030517578,28.260000228881836,28.260000228881836,154100
2022-03-21,27.969999313354492,27.969999313354492,26.6299991607666,26.850000381469727,26.850000381469727,57800
2022-03-22,26.959999084472656,27.459999084472656,26.549999237060547,27.350000381469727,27.350000381469727,91100
2022-03-23,27.229999542236328,27.229999542236328,26.149999618530273,26.190000534057617,26.190000534057617,48800
2022-03-24,26.190000534057617,26.610000610351562,25.90999984741211,26.610000610351562,26.610000610351562,43400
2022-03-25,26.3799991607666,26.450000762939453,25.799999237060547,25.850000381469727,25.850000381469727,42700
2022-03-28,26.059999465942383,26.34000015258789,25.31999969482422,25.920000076293945,25.920000076293945,66400
2022-03-29,25.969999313354492,26.670000076293945,25.93000030517578,26.09000015258789,26.09000015258789,102800
2022-03-30,26.219999313354492,26.540000915527344,25.149999618530273,25.229999542236328,25.229999542236328,67200
2022-03-31,25.15999984741211,25.639999389648438,24.899999618530273,25.110000610351562,25.110000610351562,73300
2022-04-01,25.010000228881836,25.670000076293945,25.010000228881836,25.5,25.5,88700
2022-04-04,25.559999465942383,25.579999923706055,24.959999084472656,25.530000686645508,25.530000686645508,68000
2022-04-05,25.520000457763672,25.649999618530273,24.010000228881836,24.149999618530273,24.149999618530273,78400
2022-04-06,24.110000610351562,24.34000015258789,23.520000457763672,23.950000762939453,23.950000762939453,64500
2022-04-07,23.93000030517578,25.649999618530273,23.84000015258789,24.93000030517578,24.93000030517578,113800
2022-04-08,24.68000030517578,25.3799991607666,24.170000076293945,24.219999313354492,24.219999313354492,60400
2022-04-11,24.31999969482422,24.59000015258789,23.760000228881836,23.93000030517578,23.93000030517578,61600
2022-04-12,24.329999923706055,24.899999618530273,24.049999237060547,24.280000686645508,24.280000686645508,55000
2022-04-13,24.790000915527344,25.110000610351562,24.200000762939453,24.469999313354492,24.469999313354492,55700
2022-04-14,24.510000228881836,24.510000228881836,23.1200008392334,23.190000534057617,23.190000534057617,43000
2022-04-18,23.040000915527344,23.040000915527344,22.200000762939453,22.469999313354492,22.469999313354492,77100
2022-04-19,22.56999969482422,23.59000015258789,22.3700008392334,23.360000610351562,23.360000610351562,112300
2022-04-20,23.420000076293945,24.610000610351562,23.350000381469727,23.5,23.5,77100
2022-04-21,23.610000610351562,23.610000610351562,22.43000030517578,22.600000381469727,22.600000381469727,59500
2022-04-22,22.459999084472656,22.760000228881836,21.940000534057617,22.25,22.25,58000
2022-04-25,22.020000457763672,22.59000015258789,22.020000457763672,22.489999771118164,22.489999771118164,68400
2022-04-26,22.219999313354492,23.0,21.59000015258789,21.610000610351562,21.610000610351562,94100
2022-04-27,21.610000610351562,21.670000076293945,20.829999923706055,21.280000686645508,21.280000686645508,50100
2022-04-28,21.579999923706055,22.079999923706055,20.920000076293945,21.8799991607666,21.8799991607666,72800
2022-04-29,21.889999389648438,22.219999313354492,21.3700008392334,21.530000686645508,21.530000686645508,68400
2022-05-02,21.549999237060547,22.270000457763672,21.280000686645508,21.610000610351562,21.610000610351562,179200
2022-05-03,21.760000228881836,22.5,21.760000228881836,21.979999542236328,21.979999542236328,61800
2022-05-04,22.170000076293945,22.170000076293945,21.56999969482422,22.100000381469727,22.100000381469727,77300
2022-05-05,22.100000381469727,22.100000381469727,20.25,20.559999465942383,20.559999465942383,78600
2022-05-06,19.969999313354492,21.389999389648438,19.950000762939453,21.020000457763672,21.020000457763672,286800
2022-05-09,20.790000915527344,23.0,20.200000762939453,20.399999618530273,20.399999618530273,307000
2022-05-10,21.190000534057617,21.65999984741211,20.40999984741211,21.25,21.25,117100
2022-05-11,21.190000534057617,21.75,20.850000381469727,21.200000762939453,21.200000762939453,111700
2022-05-12,21.389999389648438,22.110000610351562,21.34000015258789,21.84000015258789,21.84000015258789,114700
2022-05-13,22.209999084472656,22.6299991607666,21.8700008392334,22.280000686645508,22.280000686645508,115200
2022-05-16,22.239999771118164,22.350000381469727,21.850000381469727,22.06999969482422,22.06999969482422,82700
2022-05-17,22.309999465942383,22.809999465942383,22.190000534057617,22.549999237060547,22.549999237060547,67800
2022-05-18,22.09000015258789,22.3799991607666,21.809999465942383,21.899999618530273,21.899999618530273,133300
2022-05-19,21.8700008392334,22.020000457763672,21.510000228881836,21.889999389648438,21.889999389648438,91200
2022-05-20,22.309999465942383,22.309999465942383,20.639999389648438,20.979999542236328,20.979999542236328,83400
2022-05-23,21.389999389648438,21.389999389648438,20.709999084472656,21.170000076293945,21.170000076293945,67500
2022-05-24,20.829999923706055,21.420000076293945,20.34000015258789,21.030000686645508,21.030000686645508,70500
2022-05-25,21.200000762939453,21.780000686645508,21.06999969482422,21.600000381469727,21.600000381469727,65400
2022-05-26,21.68000030517578,21.899999618530273,21.549999237060547,21.700000762939453,21.700000762939453,55000
2022-05-27,21.809999465942383,22.299999237060547,21.25,22.049999237060547,22.049999237060547,98800
2022-05-31,21.920000076293945,21.920000076293945,21.440000534057617,21.739999771118164,21.739999771118164,150700
2022-06-01,21.979999542236328,22.059999465942383,21.399999618530273,21.770000457763672,21.770000457763672,175000
2022-06-02,21.75,22.040000915527344,21.56999969482422,22.020000457763672,22.020000457763672,76400
2022-06-03,21.829999923706055,22.479999542236328,21.719999313354492,22.34000015258789,22.34000015258789,125300
2022-06-06,22.360000610351562,22.579999923706055,21.799999237060547,22.010000228881836,22.010000228881836,121700
2022-06-07,21.969999313354492,22.84000015258789,21.809999465942383,22.040000915527344,22.040000915527344,152800
2022-06-08,22.020000457763672,22.149999618530273,21.40999984741211,22.0,22.0,72500
2022-06-09,22.1299991607666,22.149999618530273,21.610000610351562,21.940000534057617,21.940000534057617,123300
2022-06-10,21.65999984741211,21.90999984741211,20.90999984741211,21.020000457763672,21.020000457763672,79500
2022-06-13,20.6299991607666,20.639999389648438,20.1200008392334,20.459999084472656,20.459999084472656,112400
2022-06-14,20.5,20.610000610351562,20.170000076293945,20.479999542236328,20.479999542236328,87400
2022-06-15,20.600000381469727,22.010000228881836,20.510000228881836,21.959999084472656,21.959999084472656,165800
2022-06-16,21.639999389648438,22.100000381469727,21.399999618530273,22.0,22.0,195800
2022-06-17,21.979999542236328,22.760000228881836,21.8799991607666,22.079999923706055,22.079999923706055,409900
2022-06-21,22.239999771118164,23.049999237060547,22.239999771118164,22.389999389648438,22.389999389648438,191700
2022-06-22,22.149999618530273,22.81999969482422,22.149999618530273,22.579999923706055,22.579999923706055,118100
2022-06-23,22.559999465942383,23.579999923706055,22.559999465942383,23.5,23.5,237000
2022-06-24,23.6299991607666,23.6299991607666,22.239999771118164,22.530000686645508,22.530000686645508,179700
2022-06-27,22.65999984741211,23.219999313354492,22.639999389648438,22.989999771118164,22.989999771118164,93500
2022-06-28,22.989999771118164,23.270000457763672,22.100000381469727,22.190000534057617,22.190000534057617,81100
2022-06-29,22.139999389648438,22.799999237060547,21.969999313354492,22.510000228881836,22.510000228881836,79800
2022-06-30,22.299999237060547,22.399999618530273,21.6299991607666,22.31999969482422,22.31999969482422,105600
2022-07-01,22.360000610351562,22.84000015258789,22.1200008392334,22.510000228881836,22.510000228881836,84300
2022-07-05,22.209999084472656,22.959999084472656,22.149999618530273,22.75,22.75,124100
2022-07-06,22.639999389648438,22.75,22.350000381469727,22.5,22.5,102300
2022-07-07,22.639999389648438,22.770000457763672,21.670000076293945,22.549999237060547,22.549999237060547,128800
2022-07-08,22.5,22.889999389648438,22.170000076293945,22.670000076293945,22.670000076293945,86900
2022-07-11,22.549999237060547,22.65999984741211,22.079999923706055,22.440000534057617,22.440000534057617,64400
2022-07-12,22.43000030517578,23.049999237060547,22.170000076293945,22.610000610351562,22.610000610351562,50200
2022-07-13,22.280000686645508,22.959999084472656,22.280000686645508,22.850000381469727,22.850000381469727,39700
2022-07-14,22.56999969482422,22.90999984741211,22.149999618530273,22.670000076293945,22.670000076293945,57400
2022-07-15,23.040000915527344,23.469999313354492,22.739999771118164,23.18000030517578,23.18000030517578,59000
2022-07-18,23.399999618530273,23.43000030517578,22.09000015258789,22.200000762939453,22.200000762939453,89200
2022-07-19,22.510000228881836,23.09000015258789,22.100000381469727,22.860000610351562,22.860000610351562,94400
2022-07-20,22.969999313354492,23.6299991607666,22.3700008392334,22.56999969482422,22.56999969482422,114300
2022-07-21,22.520000457763672,22.760000228881836,22.3799991607666,22.6299991607666,22.6299991607666,85900
2022-07-22,22.600000381469727,22.950000762939453,22.25,22.389999389648438,22.389999389648438,72200
2022-07-25,22.280000686645508,22.579999923706055,22.229999542236328,22.489999771118164,22.489999771118164,36300
2022-07-26,22.440000534057617,23.360000610351562,22.229999542236328,23.110000610351562,23.110000610351562,38200
2022-07-27,23.18000030517578,23.959999084472656,23.18000030517578,23.84000015258789,23.84000015258789,52400
2022-07-28,23.969999313354492,23.969999313354492,23.1200008392334,23.65999984741211,23.65999984741211,32100
2022-07-29,23.549999237060547,23.81999969482422,22.780000686645508,23.360000610351562,23.360000610351562,64800
2022-08-01,23.280000686645508,24.020000457763672,23.280000686645508,23.59000015258789,23.59000015258789,47600
2022-08-02,23.450000762939453,24.209999084472656,23.450000762939453,24.1200008392334,24.1200008392334,32600
2022-08-03,24.3799991607666,25.209999084472656,24.3799991607666,24.68000030517578,24.68000030517578,48900
2022-08-04,24.190000534057617,25.040000915527344,22.719999313354492,22.93000030517578,22.93000030517578,204900
2022-08-05,22.639999389648438,23.239999771118164,22.549999237060547,22.68000030517578,22.68000030517578,77700
2022-08-08,22.940000534057617,23.690000534057617,22.5,23.459999084472656,23.459999084472656,86000
2022-08-09,23.290000915527344,23.34000015258789,22.3799991607666,22.559999465942383,22.559999465942383,67100
2022-08-10,22.969999313354492,23.489999771118164,22.780000686645508,23.0,23.0,99300
2022-08-11,23.06999969482422,23.06999969482422,21.6299991607666,21.739999771118164,21.739999771118164,122800
2022-08-12,21.969999313354492,22.489999771118164,21.600000381469727,22.3799991607666,22.3799991607666,85900
2022-08-15,22.170000076293945,22.989999771118164,22.170000076293945,22.719999313354492,22.719999313354492,75700
2022-08-16,22.75,23.290000915527344,22.59000015258789,23.1299991607666,23.1299991607666,73700
2022-08-17,22.889999389648438,23.43000030517578,22.790000915527344,22.860000610351562,22.860000610351562,62100
2022-08-18,23.079999923706055,23.56999969482422,22.729999542236328,23.25,23.25,45000
2022-08-19,23.0,23.299999237060547,22.829999923706055,23.040000915527344,23.040000915527344,43200
2022-08-22,22.950000762939453,23.020000457763672,22.5,22.780000686645508,22.780000686645508,105100
2022-08-23,22.639999389648438,23.18000030517578,22.579999923706055,22.989999771118164,22.989999771118164,52200
2022-08-24,23.079999923706055,23.350000381469727,22.829999923706055,23.020000457763672,23.020000457763672,45200
2022-08-25,23.06999969482422,23.559999465942383,22.719999313354492,23.34000015258789,23.34000015258789,48100
2022-08-26,23.360000610351562,23.450000762939453,22.84000015258789,23.0,23.0,78500
2022-08-29,22.709999084472656,23.229999542236328,22.549999237060547,22.889999389648438,22.889999389648438,80300
2022-08-30,22.829999923706055,22.950000762939453,22.520000457763672,22.799999237060547,22.799999237060547,97700
2022-08-31,22.989999771118164,23.149999618530273,22.5,22.600000381469727,22.600000381469727,100500
2022-09-01,22.450000762939453,23.020000457763672,22.219999313354492,22.940000534057617,22.940000534057617,68400
2022-09-02,23.190000534057617,23.709999084472656,22.190000534057617,22.670000076293945,22.670000076293945,82700
2022-09-06,22.59000015258789,22.59000015258789,22.020000457763672,22.290000915527344,22.290000915527344,156300
2022-09-07,22.329999923706055,23.219999313354492,21.940000534057617,23.200000762939453,23.200000762939453,73200
2022-09-08,22.90999984741211,23.940000534057617,22.81999969482422,23.559999465942383,23.559999465942383,54900
2022-09-09,23.780000686645508,23.780000686645508,21.440000534057617,22.950000762939453,22.950000762939453,85000
2022-09-12,23.170000076293945,23.5,22.709999084472656,23.079999923706055,23.079999923706055,65000
2022-09-13,22.670000076293945,23.559999465942383,22.049999237060547,22.229999542236328,22.229999542236328,74800
2022-09-14,22.229999542236328,22.579999923706055,21.979999542236328,22.43000030517578,22.43000030517578,56600
2022-09-15,22.260000228881836,23.6299991607666,22.260000228881836,22.829999923706055,22.829999923706055,57400
2022-09-16,22.649999618530273,23.43000030517578,22.40999984741211,23.3799991607666,23.3799991607666,177800
2022-09-19,23.239999771118164,23.239999771118164,22.700000762939453,23.010000228881836,23.010000228881836,58300
2022-09-20,22.719999313354492,24.190000534057617,22.649999618530273,24.040000915527344,24.040000915527344,89900
2022-09-21,24.1299991607666,24.280000686645508,23.100000381469727,23.209999084472656,23.209999084472656,80800
2022-09-22,23.219999313354492,23.799999237060547,22.989999771118164,23.459999084472656,23.459999084472656,72200
2022-09-23,23.229999542236328,23.739999771118164,22.8700008392334,23.469999313354492,23.469999313354492,137800
2022-09-26,23.469999313354492,23.770000457763672,22.950000762939453,23.270000457763672,23.270000457763672,119000
2022-09-27,23.530000686645508,23.850000381469727,22.959999084472656,23.6299991607666,23.6299991607666,90500
2022-09-28,23.889999389648438,24.719999313354492,23.670000076293945,24.56999969482422,24.56999969482422,72900
2022-09-29,24.450000762939453,24.450000762939453,23.329999923706055,23.40999984741211,23.40999984741211,87500
2022-09-30,23.229999542236328,24.299999237060547,23.229999542236328,23.799999237060547,23.799999237060547,170100
2022-10-03,23.989999771118164,24.360000610351562,23.280000686645508,24.15999984741211,24.15999984741211,96000
2022-10-04,24.290000915527344,24.90999984741211,24.15999984741211,24.559999465942383,24.559999465942383,74200
2022-10-05,24.399999618530273,24.709999084472656,24.18000030517578,24.6299991607666,24.6299991607666,49200
2022-10-06,24.549999237060547,25.010000228881836,24.5,24.6200008392334,24.6200008392334,46900
2022-10-07,24.3799991607666,24.850000381469727,23.190000534057617,24.530000686645508,24.530000686645508,89700
2022-10-10,24.540000915527344,24.790000915527344,23.790000915527344,24.170000076293945,24.170000076293945,193600
2022-10-11,24.06999969482422,24.790000915527344,23.799999237060547,24.760000228881836,24.760000228881836,131400
2022-10-12,24.670000076293945,24.670000076293945,24.06999969482422,24.329999923706055,24.329999923706055,36000
2022-10-13,24.1200008392334,25.1299991607666,23.540000915527344,25.1200008392334,25.1200008392334,60000
2022-10-14,25.09000015258789,25.1200008392334,23.799999237060547,23.850000381469727,23.850000381469727,71500
2022-10-17,24.270000457763672,24.579999923706055,23.850000381469727,24.31999969482422,24.31999969482422,93900
2022-10-18,24.549999237060547,25.329999923706055,24.549999237060547,25.329999923706055,25.329999923706055,65200
2022-10-19,25.1200008392334,25.399999618530273,24.799999237060547,25.219999313354492,25.219999313354492,84800
2022-10-20,25.31999969482422,25.510000228881836,24.809999465942383,24.979999542236328,24.979999542236328,45500
2022-10-21,25.100000381469727,26.170000076293945,24.639999389648438,25.920000076293945,25.920000076293945,83800
2022-10-24,26.010000228881836,26.010000228881836,24.979999542236328,25.3700008392334,25.3700008392334,51500
2022-10-25,25.549999237060547,26.940000534057617,25.549999237060547,26.639999389648438,26.639999389648438,69700
2022-10-26,26.68000030517578,27.290000915527344,26.389999389648438,26.84000015258789,26.84000015258789,61300
2022-10-27,27.059999465942383,27.709999084472656,26.59000015258789,27.559999465942383,27.559999465942383,65100
2022-10-28,27.739999771118164,29.18000030517578,27.40999984741211,28.600000381469727,28.600000381469727,212300
2022-10-31,28.649999618530273,29.139999389648438,27.719999313354492,28.420000076293945,28.420000076293945,90400
2022-11-01,28.68000030517578,30.360000610351562,28.649999618530273,30.030000686645508,30.030000686645508,87900
2022-11-02,30.170000076293945,30.799999237060547,29.309999465942383,30.09000015258789,30.09000015258789,125500
2022-11-03,29.739999771118164,29.739999771118164,28.719999313354492,28.829999923706055,28.829999923706055,90400
2022-11-04,29.170000076293945,29.959999084472656,28.670000076293945,29.860000610351562,29.860000610351562,82300
2022-11-07,29.8799991607666,30.479999542236328,29.520000457763672,29.520000457763672,29.520000457763672,99600
2022-11-08,29.520000457763672,29.959999084472656,27.030000686645508,27.3700008392334,27.3700008392334,182900
2022-11-09,28.209999084472656,31.649999618530273,27.700000762939453,29.600000381469727,29.600000381469727,267700
2022-11-10,30.25,32.5099983215332,30.219999313354492,31.90999984741211,31.90999984741211,148900
2022-11-11,31.739999771118164,31.950000762939453,30.8799991607666,31.06999969482422,31.06999969482422,73000
2022-11-14,30.81999969482422,31.360000610351562,30.520000457763672,30.81999969482422,30.81999969482422,76800
2022-11-15,31.31999969482422,31.489999771118164,30.68000030517578,31.25,31.25,89500
2022-11-16,31.049999237060547,31.100000381469727,30.389999389648438,30.479999542236328,30.479999542236328,103100
2022-11-17,30.25,30.6299991607666,29.899999618530273,30.219999313354492,30.219999313354492,147800
2022-11-18,30.799999237060547,31.079999923706055,29.799999237060547,30.530000686645508,30.530000686645508,69000
2022-11-21,30.43000030517578,30.940000534057617,30.100000381469727,30.270000457763672,30.270000457763672,38900
2022-11-22,30.31999969482422,30.940000534057617,30.1299991607666,30.790000915527344,30.790000915527344,141000
2022-11-23,30.690000534057617,31.309999465942383,30.3700008392334,30.450000762939453,30.450000762939453,81800
2022-11-25,30.670000076293945,30.920000076293945,30.079999923706055,30.34000015258789,30.34000015258789,16400
2022-11-28,30.420000076293945,30.559999465942383,29.049999237060547,29.3700008392334,29.3700008392334,38400
2022-11-29,29.209999084472656,29.65999984741211,29.100000381469727,29.459999084472656,29.459999084472656,26700
2022-11-30,29.600000381469727,31.610000610351562,29.540000915527344,31.540000915527344,31.540000915527344,147900
2022-12-01,31.899999618530273,31.899999618530273,30.93000030517578,31.469999313354492,31.469999313354492,288900
2022-12-02,31.270000457763672,31.760000228881836,30.969999313354492,31.559999465942383,31.559999465942383,95700
2022-12-05,31.239999771118164,32.099998474121094,30.200000762939453,30.450000762939453,30.450000762939453,74100
2022-12-06,30.389999389648438,31.15999984741211,30.389999389648438,30.81999969482422,30.81999969482422,84400
2022-12-07,31.010000228881836,31.030000686645508,30.65999984741211,31.0,31.0,66400
2022-12-08,31.15999984741211,31.639999389648438,31.0,31.3700008392334,31.3700008392334,82800
2022-12-09,31.139999389648438,31.559999465942383,30.600000381469727,30.639999389648438,30.639999389648438,52100
2022-12-12,30.719999313354492,31.0,30.389999389648438,30.600000381469727,30.600000381469727,67200
2022-12-13,31.190000534057617,31.420000076293945,30.360000610351562,30.420000076293945,30.420000076293945,102200
2022-12-14,30.5,30.899999618530273,30.280000686645508,30.450000762939453,30.450000762939453,66000
2022-12-15,30.110000610351562,30.110000610351562,29.049999237060547,29.31999969482422,29.31999969482422,115600
2022-12-16,28.989999771118164,29.700000762939453,28.75,29.09000015258789,29.09000015258789,377700
2022-12-19,29.290000915527344,30.530000686645508,28.149999618530273,28.75,28.75,178900
2022-12-20,28.75,29.139999389648438,28.1299991607666,28.239999771118164,28.239999771118164,166700
2022-12-21,28.420000076293945,28.959999084472656,27.899999618530273,28.329999923706055,28.329999923706055,254800
2022-12-22,28.290000915527344,28.899999618530273,27.010000228881836,28.260000228881836,28.260000228881836,146100
2022-12-23,28.399999618530273,28.780000686645508,27.799999237060547,27.889999389648438,27.889999389648438,103500
2022-12-27,27.90999984741211,28.40999984741211,27.59000015258789,28.170000076293945,28.170000076293945,116100
2022-12-28,28.06999969482422,29.06999969482422,28.06999969482422,28.530000686645508,28.530000686645508,58900
2022-12-29,28.639999389648438,29.6200008392334,28.639999389648438,29.280000686645508,29.280000686645508,77900
2022-12-30,29.1200008392334,29.760000228881836,28.75,29.600000381469727,29.600000381469727,59500
2023-01-03,29.770000457763672,29.8700008392334,29.059999465942383,29.479999542236328,29.479999542236328,54500
2023-01-04,29.520000457763672,30.309999465942383,28.93000030517578,30.15999984741211,30.15999984741211,56300
2023-01-05,29.8799991607666,30.239999771118164,29.200000762939453,29.850000381469727,29.850000381469727,62200
2023-01-06,29.8700008392334,30.540000915527344,29.450000762939453,30.100000381469727,30.100000381469727,44200
2023-01-09,30.329999923706055,30.489999771118164,29.920000076293945,30.030000686645508,30.030000686645508,202600
2023-01-10,29.959999084472656,30.670000076293945,29.959999084472656,30.510000228881836,30.510000228881836,73000
2023-01-11,30.31999969482422,31.5,30.229999542236328,30.31999969482422,30.31999969482422,79300
2023-01-12,30.270000457763672,31.149999618530273,29.84000015258789,31.110000610351562,31.110000610351562,79400
2023-01-13,30.649999618530273,31.360000610351562,30.450000762939453,31.0,31.0,90200
2023-01-17,31.1299991607666,31.690000534057617,30.959999084472656,31.110000610351562,31.110000610351562,78500
2023-01-18,31.40999984741211,31.709999084472656,30.469999313354492,30.5,30.5,71900
2023-01-19,30.420000076293945,30.6299991607666,29.8799991607666,30.3700008392334,30.3700008392334,47100
2023-01-20,30.649999618530273,31.020000457763672,30.260000228881836,30.940000534057617,30.940000534057617,62100
2023-01-23,30.860000610351562,31.139999389648438,30.1200008392334,30.15999984741211,30.15999984741211,75000
2023-01-24,30.020000457763672,31.010000228881836,30.020000457763672,30.5,30.5,62600
2023-01-25,30.170000076293945,31.3799991607666,29.65999984741211,31.3700008392334,31.3700008392334,87500
2023-01-26,31.350000381469727,31.729999542236328,30.950000762939453,31.450000762939453,31.450000762939453,44600
2023-01-27,31.31999969482422,31.3799991607666,30.5,30.65999984741211,30.65999984741211,36900
2023-01-30,30.399999618530273,30.760000228881836,30.030000686645508,30.06999969482422,30.06999969482422,66400
2023-01-31,30.059999465942383,31.149999618530273,30.059999465942383,31.010000228881836,31.010000228881836,56500
2023-02-01,30.84000015258789,31.520000457763672,30.34000015258789,31.309999465942383,31.309999465942383,67900
2023-02-02,31.459999084472656,31.969999313354492,31.350000381469727,31.84000015258789,31.84000015258789,49000
2023-02-03,31.549999237060547,32.29999923706055,31.479999542236328,32.099998474121094,32.099998474121094,58100
2023-02-06,32.099998474121094,32.20000076293945,31.200000762939453,31.209999084472656,31.209999084472656,44400
2023-02-07,30.989999771118164,31.81999969482422,30.760000228881836,31.68000030517578,31.68000030517578,56400
2023-02-08,31.389999389648438,31.610000610351562,30.309999465942383,30.469999313354492,30.469999313354492,64700
2023-02-09,30.690000534057617,31.06999969482422,29.850000381469727,29.959999084472656,29.959999084472656,84100
2023-02-10,29.84000015258789,30.68000030517578,29.760000228881836,30.459999084472656,30.459999084472656,59000
2023-02-13,30.639999389648438,31.260000228881836,29.8799991607666,31.18000030517578,31.18000030517578,71300
2023-02-14,30.8799991607666,31.860000610351562,30.700000762939453,31.40999984741211,31.40999984741211,95800
2023-02-15,31.06999969482422,31.360000610351562,30.610000610351562,30.8799991607666,30.8799991607666,65800
2023-02-16,30.459999084472656,30.530000686645508,28.850000381469727,29.950000762939453,29.950000762939453,63900
2023-02-17,30.1200008392334,30.860000610351562,29.8799991607666,30.56999969482422,30.56999969482422,46200
2023-02-21,30.219999313354492,32.33000183105469,30.010000228881836,31.1299991607666,31.1299991607666,108600
2023-02-22,31.110000610351562,31.959999084472656,30.1299991607666,31.770000457763672,31.770000457763672,83300
2023-02-23,31.969999313354492,32.16999816894531,31.639999389648438,31.899999618530273,31.899999618530273,77200
2023-02-24,31.510000228881836,31.799999237060547,30.899999618530273,30.959999084472656,30.959999084472656,66400
2023-02-27,31.1299991607666,31.649999618530273,30.850000381469727,31.3700008392334,31.3700008392334,49600
2023-02-28,31.18000030517578,31.790000915527344,31.18000030517578,31.700000762939453,31.700000762939453,83300
2023-03-01,31.6200008392334,31.799999237060547,31.110000610351562,31.280000686645508,31.280000686645508,64200
2023-03-02,31.170000076293945,31.690000534057617,31.149999618530273,31.440000534057617,31.440000534057617,39600
2023-03-03,31.549999237060547,31.799999237060547,31.309999465942383,31.59000015258789,31.59000015258789,79500
2023-03-06,31.420000076293945,31.420000076293945,28.309999465942383,28.8700008392334,28.8700008392334,150100
2023-03-07,27.6299991607666,27.959999084472656,23.020000457763672,25.90999984741211,25.90999984741211,390500
2023-03-08,25.899999618530273,27.15999984741211,25.780000686645508,27.139999389648438,27.139999389648438,196100
2023-03-09,27.020000457763672,27.559999465942383,26.8700008392334,26.90999984741211,26.90999984741211,87400
2023-03-10,26.84000015258789,26.84000015258789,25.90999984741211,26.100000381469727,26.100000381469727,89000
2023-03-13,25.969999313354492,26.709999084472656,25.68000030517578,26.049999237060547,26.049999237060547,75500
2023-03-14,26.440000534057617,27.639999389648438,26.440000534057617,26.889999389648438,26.889999389648438,87400
2023-03-15,26.579999923706055,27.079999923706055,26.25,26.920000076293945,26.920000076293945,77700
2023-03-16,26.530000686645508,28.190000534057617,26.530000686645508,27.6299991607666,27.6299991607666,118000
2023-03-17,27.3700008392334,27.3700008392334,26.209999084472656,26.860000610351562,26.860000610351562,241300
2023-03-20,26.920000076293945,27.299999237060547,26.559999465942383,26.6200008392334,26.6200008392334,58400
2023-03-21,26.950000762939453,27.68000030517578,25.760000228881836,27.549999237060547,27.549999237060547,76400
2023-03-22,27.559999465942383,27.93000030517578,27.1299991607666,27.5,27.5,95000
2023-03-23,27.790000915527344,28.260000228881836,27.5,28.049999237060547,28.049999237060547,68100
2023-03-24,27.81999969482422,28.139999389648438,27.510000228881836,28.020000457763672,28.020000457763672,64700
2023-03-27,28.329999923706055,28.360000610351562,27.649999618530273,28.18000030517578,28.18000030517578,52500
2023-03-28,27.93000030517578,28.389999389648438,27.93000030517578,28.1200008392334,28.1200008392334,44000
2023-03-29,28.3799991607666,28.709999084472656,28.010000228881836,28.540000915527344,28.540000915527344,54600
2023-03-30,28.709999084472656,28.709999084472656,27.719999313354492,27.90999984741211,27.90999984741211,47400
2023-03-31,28.06999969482422,28.93000030517578,28.06999969482422,28.719999313354492,28.719999313354492,87200
2023-04-03,28.860000610351562,29.260000228881836,28.31999969482422,28.860000610351562,28.860000610351562,69200
2023-04-04,29.1299991607666,29.1299991607666,27.8700008392334,28.219999313354492,28.219999313354492,74200
2023-04-05,28.18000030517578,28.65999984741211,28.059999465942383,28.31999969482422,28.31999969482422,40100
2023-04-06,28.3700008392334,28.709999084472656,27.950000762939453,28.530000686645508,28.530000686645508,35700
2023-04-10,28.3700008392334,28.520000457763672,28.0,28.299999237060547,28.299999237060547,37300
2023-04-11,27.299999237060547,28.469999313354492,27.299999237060547,27.68000030517578,27.68000030517578,47900
2023-04-12,27.739999771118164,28.540000915527344,27.149999618530273,27.229999542236328,27.229999542236328,40100
2023-04-13,27.270000457763672,27.56999969482422,27.020000457763672,27.219999313354492,27.219999313354492,72500
2023-04-14,27.920000076293945,28.84000015258789,26.989999771118164,27.719999313354492,27.719999313354492,188600
2023-04-17,27.799999237060547,28.8700008392334,27.700000762939453,28.770000457763672,28.770000457763672,88700
2023-04-18,28.81999969482422,28.81999969482422,27.520000457763672,27.81999969482422,27.81999969482422,45100
2023-04-19,27.6299991607666,28.579999923706055,27.200000762939453,27.34000015258789,27.34000015258789,72500
2023-04-20,27.360000610351562,27.65999984741211,26.860000610351562,27.229999542236328,27.229999542236328,76900
2023-04-21,27.06999969482422,27.440000534057617,26.639999389648438,27.06999969482422,27.06999969482422,108800
2023-04-24,27.049999237060547,27.139999389648438,26.170000076293945,26.690000534057617,26.690000534057617,80900
2023-04-25,26.540000915527344,26.84000015258789,26.06999969482422,26.700000762939453,26.700000762939453,78500
2023-04-26,26.639999389648438,26.8799991607666,26.030000686645508,26.34000015258789,26.34000015258789,44800
2023-04-27,26.420000076293945,26.469999313354492,25.729999542236328,25.799999237060547,25.799999237060547,58300
2023-04-28,25.93000030517578,26.059999465942383,25.579999923706055,25.65999984741211,25.65999984741211,55500
2023-05-01,25.709999084472656,26.200000762939453,25.600000381469727,26.0,26.0,58900
2023-05-02,25.989999771118164,26.110000610351562,25.59000015258789,25.829999923706055,25.829999923706055,111400
2023-05-03,25.84000015258789,26.399999618530273,25.59000015258789,26.0,26.0,96100
2023-05-04,25.90999984741211,26.0,25.31999969482422,25.829999923706055,25.829999923706055,68700
2023-05-05,26.209999084472656,26.420000076293945,25.829999923706055,25.8700008392334,25.8700008392334,58700
2023-05-08,26.110000610351562,26.3799991607666,25.610000610351562,25.979999542236328,25.979999542236328,75400
2023-05-09,25.75,25.950000762939453,25.290000915527344,25.290000915527344,25.290000915527344,71400
2023-05-10,26.25,26.25,24.489999771118164,25.260000228881836,25.260000228881836,108700
2023-05-11,25.010000228881836,25.75,24.850000381469727,25.309999465942383,25.309999465942383,54400
2023-05-12,25.299999237060547,25.579999923706055,25.0,25.15999984741211,25.15999984741211,58800
2023-05-15,25.200000762939453,25.770000457763672,25.0,25.700000762939453,25.700000762939453,49000
2023-05-16,25.31999969482422,25.739999771118164,25.200000762939453,25.479999542236328,25.479999542236328,47300
2023-05-17,25.5,26.110000610351562,25.190000534057617,26.020000457763672,26.020000457763672,50300
2023-05-18,25.850000381469727,26.079999923706055,25.479999542236328,25.979999542236328,25.979999542236328,64000
2023-05-19,26.260000228881836,26.610000610351562,26.0,26.520000457763672,26.520000457763672,141600
2023-05-22,26.68000030517578,27.40999984741211,26.600000381469727,26.979999542236328,26.979999542236328,89500
2023-05-23,26.780000686645508,27.40999984741211,26.600000381469727,27.030000686645508,27.030000686645508,48400
2023-05-24,26.93000030517578,27.209999084472656,26.389999389648438,27.020000457763672,27.020000457763672,64300
2023-05-25,26.920000076293945,27.020000457763672,26.600000381469727,26.8799991607666,26.8799991607666,49700
2023-05-26,26.719999313354492,27.489999771118164,26.68000030517578,27.3700008392334,27.3700008392334,36900
2023-05-30,27.260000228881836,27.56999969482422,26.739999771118164,27.059999465942383,27.059999465942383,46900
2023-05-31,26.969999313354492,27.489999771118164,26.350000381469727,27.09000015258789,27.09000015258789,76300
2023-06-01,26.950000762939453,27.290000915527344,26.520000457763672,26.719999313354492,26.719999313354492,69700
2023-06-02,26.920000076293945,27.510000228881836,26.610000610351562,27.270000457763672,27.270000457763672,81100
2023-06-05,27.020000457763672,27.030000686645508,26.040000915527344,26.729999542236328,26.729999542236328,59700
2023-06-06,26.540000915527344,27.75,26.450000762939453,26.950000762939453,26.950000762939453,68700
2023-06-07,26.950000762939453,27.100000381469727,26.600000381469727,26.790000915527344,26.790000915527344,80900
2023-06-08,26.790000915527344,27.010000228881836,26.450000762939453,26.809999465942383,26.809999465942383,82000
2023-06-09,26.81999969482422,27.739999771118164,26.59000015258789,27.600000381469727,27.600000381469727,42000
2023-06-12,27.790000915527344,28.1299991607666,27.5,27.649999618530273,27.649999618530273,46500
2023-06-13,27.5,27.979999542236328,27.139999389648438,27.34000015258789,27.34000015258789,63400
2023-06-14,27.440000534057617,27.760000228881836,26.799999237060547,26.920000076293945,26.920000076293945,69100
2023-06-15,26.84000015258789,27.049999237060547,26.670000076293945,26.809999465942383,26.809999465942383,51400
2023-06-16,27.09000015258789,27.09000015258789,26.540000915527344,26.56999969482422,26.56999969482422,202500
2023-06-20,26.56999969482422,27.1299991607666,25.979999542236328,27.079999923706055,27.079999923706055,108500
2023-06-21,27.06999969482422,27.3700008392334,26.690000534057617,26.889999389648438,26.889999389648438,68200
2023-06-22,26.940000534057617,26.940000534057617,26.639999389648438,26.670000076293945,26.670000076293945,95600
2023-06-23,26.399999618530273,26.959999084472656,26.280000686645508,26.639999389648438,26.639999389648438,229300
2023-06-26,26.559999465942383,26.559999465942383,25.860000610351562,26.09000015258789,26.09000015258789,107100
2023-06-27,26.190000534057617,26.34000015258789,25.860000610351562,26.1200008392334,26.1200008392334,125100
2023-06-28,26.1299991607666,26.399999618530273,26.010000228881836,26.18000030517578,26.18000030517578,125000
2023-06-29,26.25,26.59000015258789,26.079999923706055,26.139999389648438,26.139999389648438,96100
2023-06-30,26.260000228881836,26.489999771118164,25.969999313354492,25.979999542236328,25.979999542236328,87900
2023-07-03,25.979999542236328,26.149999618530273,25.84000015258789,26.100000381469727,26.100000381469727,46900
2023-07-05,25.920000076293945,26.09000015258789,25.5,25.530000686645508,25.530000686645508,114800
2023-07-06,25.489999771118164,25.510000228881836,24.989999771118164,25.010000228881836,25.010000228881836,79900
2023-07-07,24.920000076293945,25.25,24.719999313354492,24.850000381469727,24.850000381469727,94100
2023-07-10,24.850000381469727,25.3799991607666,24.850000381469727,25.09000015258789,25.09000015258789,117000
2023-07-11,25.1299991607666,25.389999389648438,24.889999389648438,25.139999389648438,25.139999389648438,85900
2023-07-12,25.440000534057617,26.31999969482422,25.170000076293945,25.889999389648438,25.889999389648438,60300
2023-07-13,25.84000015258789,25.950000762939453,25.290000915527344,25.3799991607666,25.3799991607666,57700
2023-07-14,25.280000686645508,25.280000686645508,24.899999618530273,24.940000534057617,24.940000534057617,54700
2023-07-17,24.8700008392334,25.18000030517578,24.84000015258789,25.0,25.0,67400
2023-07-18,25.079999923706055,26.139999389648438,24.969999313354492,25.059999465942383,25.059999465942383,54900
2023-07-19,25.059999465942383,25.31999969482422,24.979999542236328,25.1299991607666,25.1299991607666,69300
2023-07-20,25.229999542236328,25.90999984741211,25.049999237060547,25.450000762939453,25.450000762939453,48900
2023-07-21,25.6299991607666,25.75,25.219999313354492,25.34000015258789,25.34000015258789,50800
2023-07-24,25.299999237060547,25.479999542236328,24.959999084472656,25.06999969482422,25.06999969482422,78400
2023-07-25,25.0,25.200000762939453,24.670000076293945,24.790000915527344,24.790000915527344,80800
2023-07-26,24.700000762939453,25.1299991607666,24.700000762939453,25.0,25.0,92100
2023-07-27,25.110000610351562,25.139999389648438,24.40999984741211,24.579999923706055,24.579999923706055,148400
2023-07-28,24.700000762939453,25.049999237060547,23.989999771118164,24.030000686645508,24.030000686645508,69200
2023-07-31,24.0,24.0,23.0,23.329999923706055,23.329999923706055,142200
2023-08-01,23.350000381469727,23.790000915527344,22.959999084472656,23.030000686645508,23.030000686645508,95900
2023-08-02,22.889999389648438,23.059999465942383,22.299999237060547,22.389999389648438,22.389999389648438,89300
2023-08-03,22.399999618530273,22.489999771118164,21.799999237060547,22.43000030517578,22.43000030517578,66100
2023-08-04,22.420000076293945,22.469999313354492,21.950000762939453,22.020000457763672,22.020000457763672,49400
2023-08-07,21.940000534057617,21.940000534057617,21.040000915527344,21.049999237060547,21.049999237060547,106300
2023-08-08,21.0,21.25,20.34000015258789,21.049999237060547,21.049999237060547,109200
2023-08-09,21.34000015258789,21.3799991607666,19.549999237060547,20.010000228881836,20.010000228881836,221000
2023-08-10,20.0,20.56999969482422,18.209999084472656,18.579999923706055,18.579999923706055,156800
2023-08-11,18.59000015258789,18.860000610351562,18.290000915527344,18.3799991607666,18.3799991607666,146100
2023-08-14,19.399999618530273,19.889999389648438,18.850000381469727,19.209999084472656,19.209999084472656,165700
2023-08-15,19.270000457763672,19.270000457763672,18.280000686645508,18.5,18.5,205900
2023-08-16,18.469999313354492,18.799999237060547,18.31999969482422,18.5,18.5,146000
2023-08-17,18.829999923706055,18.969999313354492,18.1200008392334,18.479999542236328,18.479999542236328,139300
2023-08-18,18.290000915527344,19.049999237060547,18.290000915527344,18.809999465942383,18.809999465942383,122000
2023-08-21,18.829999923706055,18.829999923706055,18.420000076293945,18.559999465942383,18.559999465942383,121300
2023-08-22,18.510000228881836,18.93000030517578,18.43000030517578,18.829999923706055,18.829999923706055,127400
2023-08-23,18.860000610351562,19.09000015258789,18.809999465942383,18.940000534057617,18.940000534057617,96900
2023-08-24,18.940000534057617,18.979999542236328,18.600000381469727,18.6200008392334,18.6200008392334,99900
2023-08-25,18.600000381469727,18.790000915527344,18.5,18.600000381469727,18.600000381469727,80200
2023-08-28,18.600000381469727,18.65999984741211,18.0,18.15999984741211,18.15999984741211,123400
2023-08-29,18.15999984741211,18.31999969482422,18.040000915527344,18.15999984741211,18.15999984741211,92000
2023-08-30,18.149999618530273,18.190000534057617,17.850000381469727,18.010000228881836,18.010000228881836,146700
2023-08-31,18.010000228881836,18.280000686645508,17.68000030517578,17.850000381469727,17.850000381469727,176000
2023-09-01,18.030000686645508,18.329999923706055,17.90999984741211,18.020000457763672,18.020000457763672,175000
2023-09-05,17.010000228881836,17.920000076293945,16.600000381469727,17.829999923706055,17.829999923706055,653800
2023-09-06,17.829999923706055,17.829999923706055,17.0,17.34000015258789,17.34000015258789,310400
2023-09-07,17.219999313354492,17.399999618530273,16.860000610351562,17.260000228881836,17.260000228881836,425900
2023-09-08,17.260000228881836,17.389999389648438,16.540000915527344,17.309999465942383,17.309999465942383,367600
2023-09-11,17.31999969482422,17.440000534057617,16.799999237060547,17.239999771118164,17.239999771118164,287700
2023-09-12,17.209999084472656,17.479999542236328,16.860000610351562,17.049999237060547,17.049999237060547,239600
2023-09-13,17.049999237060547,17.520000457763672,16.709999084472656,17.440000534057617,17.440000534057617,340600
2023-09-14,17.610000610351562,18.100000381469727,17.229999542236328,18.079999923706055,18.079999923706055,378300
2023-09-15,17.959999084472656,18.34000015258789,17.280000686645508,17.469999313354492,17.469999313354492,3330300
2023-09-18,17.940000534057617,17.940000534057617,16.8799991607666,16.979999542236328,16.979999542236328,344200
2023-09-19,16.8799991607666,17.850000381469727,16.809999465942383,17.739999771118164,17.739999771118164,347800
2023-09-20,17.739999771118164,18.100000381469727,17.510000228881836,17.780000686645508,17.780000686645508,178800
2023-09-21,17.65999984741211,18.270000457763672,17.440000534057617,18.1200008392334,18.1200008392334,174200
2023-09-22,18.110000610351562,18.809999465942383,17.799999237060547,18.299999237060547,18.299999237060547,162800
2023-09-25,18.229999542236328,18.65999984741211,18.1299991607666,18.5,18.5,109600
2023-09-26,18.219999313354492,18.770000457763672,18.0,18.5,18.5,224100
2023-09-27,18.540000915527344,19.190000534057617,18.540000915527344,19.170000076293945,19.170000076293945,128600
2023-09-28,19.139999389648438,19.170000076293945,18.850000381469727,18.8799991607666,18.8799991607666,114300
2023-09-29,19.030000686645508,19.030000686645508,18.40999984741211,18.6299991607666,18.6299991607666,113400
2023-10-02,18.649999618530273,18.780000686645508,18.389999389648438,18.690000534057617,18.690000534057617,113900
2023-10-03,18.6299991607666,18.950000762939453,18.43000030517578,18.829999923706055,18.829999923706055,90500
2023-10-04,18.760000228881836,18.959999084472656,18.649999618530273,18.770000457763672,18.770000457763672,65500
2023-10-05,18.770000457763672,19.040000915527344,18.5,19.020000457763672,19.020000457763672,135300
2023-10-06,18.889999389648438,19.049999237060547,18.399999618530273,18.469999313354492,18.469999313354492,95000
2023-10-09,18.5,18.850000381469727,17.8799991607666,18.65999984741211,18.65999984741211,99400
2023-10-10,18.600000381469727,18.979999542236328,18.540000915527344,18.959999084472656,18.959999084472656,110300
2023-10-11,19.1200008392334,19.1200008392334,18.329999923706055,19.049999237060547,19.049999237060547,103800
2023-10-12,19.18000030517578,19.18000030517578,18.510000228881836,18.6299991607666,18.6299991607666,131500
2023-10-13,18.56999969482422,18.90999984741211,18.399999618530273,18.68000030517578,18.68000030517578,149500
2023-10-16,18.850000381469727,19.729999542236328,18.709999084472656,19.520000457763672,19.520000457763672,196800
2023-10-17,19.520000457763672,20.030000686645508,18.850000381469727,19.790000915527344,19.790000915527344,145300
2023-10-18,19.56999969482422,19.790000915527344,19.200000762939453,19.25,19.25,79100
2023-10-19,19.280000686645508,19.280000686645508,18.799999237060547,19.0,19.0,106800
2023-10-20,19.079999923706055,19.229999542236328,18.81999969482422,18.8700008392334,18.8700008392334,84700
2023-10-23,18.829999923706055,18.93000030517578,18.579999923706055,18.600000381469727,18.600000381469727,104700
2023-10-24,18.719999313354492,18.93000030517578,18.579999923706055,18.850000381469727,18.850000381469727,68200
2023-10-25,18.079999923706055,19.059999465942383,18.079999923706055,18.75,18.75,71100
2023-10-26,18.850000381469727,18.899999618530273,18.610000610351562,18.799999237060547,18.799999237060547,71100
2023-10-27,18.6299991607666,18.75,18.440000534057617,18.530000686645508,18.530000686645508,104000
2023-10-30,18.690000534057617,19.040000915527344,18.579999923706055,18.989999771118164,18.989999771118164,102900
2023-10-31,19.09000015258789,19.649999618530273,19.06999969482422,19.5,19.5,84800
2023-11-01,19.34000015258789,19.729999542236328,19.209999084472656,19.670000076293945,19.670000076293945,78400
2023-11-02,19.780000686645508,19.90999984741211,18.829999923706055,18.989999771118164,18.989999771118164,89200
2023-11-03,24.209999084472656,24.25,20.290000915527344,21.1200008392334,21.1200008392334,264500
2023-11-06,21.200000762939453,21.40999984741211,20.84000015258789,21.200000762939453,21.200000762939453,110900
2023-11-07,21.06999969482422,21.389999389648438,20.049999237060547,20.989999771118164,20.989999771118164,118000
2023-11-08,21.15999984741211,21.15999984741211,20.350000381469727,20.739999771118164,20.739999771118164,117700
2023-11-09,20.739999771118164,20.950000762939453,20.010000228881836,20.389999389648438,20.389999389648438,89600
2023-11-10,20.280000686645508,20.329999923706055,19.8799991607666,20.020000457763672,20.020000457763672,61000
2023-11-13,19.8799991607666,20.489999771118164,19.6200008392334,20.309999465942383,20.309999465942383,72900
2023-11-14,20.790000915527344,21.15999984741211,20.760000228881836,21.06999969482422,21.06999969482422,83400
2023-11-15,21.0,21.260000228881836,20.40999984741211,20.489999771118164,20.489999771118164,141400
2023-11-16,20.360000610351562,21.100000381469727,20.360000610351562,20.940000534057617,20.940000534057617,81100
2023-11-17,21.139999389648438,21.329999923706055,20.860000610351562,21.0,21.0,89900
2023-11-20,20.899999618530273,21.1200008392334,20.299999237060547,20.610000610351562,20.610000610351562,41000
2023-11-21,20.520000457763672,20.790000915527344,20.389999389648438,20.65999984741211,20.65999984741211,72800
2023-11-22,20.760000228881836,20.799999237060547,20.440000534057617,20.579999923706055,20.579999923706055,73100
2023-11-24,20.549999237060547,21.219999313354492,20.549999237060547,21.219999313354492,21.219999313354492,102600
2023-11-27,21.229999542236328,21.530000686645508,20.68000030517578,21.3799991607666,21.3799991607666,188500
2023-11-28,21.450000762939453,22.110000610351562,21.239999771118164,22.079999923706055,22.079999923706055,83800
2023-11-29,22.3799991607666,23.139999389648438,22.139999389648438,22.309999465942383,22.309999465942383,70300
2023-11-30,22.219999313354492,22.6200008392334,21.8799991607666,21.90999984741211,21.90999984741211,400500
2023-12-01,21.93000030517578,22.790000915527344,21.799999237060547,22.65999984741211,22.65999984741211,93500
2023-12-04,22.639999389648438,22.969999313354492,22.1200008392334,22.75,22.75,63500
2023-12-05,22.709999084472656,22.920000076293945,22.56999969482422,22.739999771118164,22.739999771118164,95200
2023-12-06,22.760000228881836,22.920000076293945,21.899999618530273,21.969999313354492,21.969999313354492,45600
2023-12-07,21.8700008392334,22.59000015258789,21.84000015258789,22.479999542236328,22.479999542236328,68800
2023-12-08,22.360000610351562,22.979999542236328,22.229999542236328,22.459999084472656,22.459999084472656,48900
2023-12-11,22.43000030517578,22.43000030517578,21.639999389648438,21.719999313354492,21.719999313354492,44700
2023-12-12,21.690000534057617,21.8700008392334,21.209999084472656,21.65999984741211,21.65999984741211,28400
2023-12-13,21.579999923706055,22.520000457763672,21.299999237060547,22.510000228881836,22.510000228881836,80500
2023-12-14,22.8799991607666,23.170000076293945,22.200000762939453,22.559999465942383,22.559999465942383,106300
2023-12-15,22.81999969482422,22.899999618530273,22.149999618530273,22.31999969482422,22.31999969482422,141600
2023-12-18,22.399999618530273,22.690000534057617,22.190000534057617,22.389999389648438,22.389999389648438,54100
2023-12-19,22.5,22.760000228881836,21.8799991607666,22.469999313354492,22.469999313354492,86200
2023-12-20,22.329999923706055,22.950000762939453,22.149999618530273,22.270000457763672,22.270000457763672,99600
2023-12-21,22.540000915527344,22.729999542236328,22.440000534057617,22.649999618530273,22.649999618530273,62700
2023-12-22,22.860000610351562,23.65999984741211,22.860000610351562,23.299999237060547,23.299999237060547,138300
2023-12-26,23.309999465942383,23.309999465942383,22.690000534057617,22.799999237060547,22.799999237060547,42000
2023-12-27,22.81999969482422,22.850000381469727,22.469999313354492,22.690000534057617,22.690000534057617,37800
2023-12-28,22.610000610351562,22.790000915527344,22.420000076293945,22.639999389648438,22.639999389648438,40300
2023-12-29,22.280000686645508,23.010000228881836,22.280000686645508,22.65999984741211,22.65999984741211,44600
2024-01-02,22.709999084472656,23.1200008392334,22.579999923706055,22.65999984741211,22.65999984741211,71200
2024-01-03,22.59000015258789,23.200000762939453,22.280000686645508,22.6299991607666,22.6299991607666,67200
2024-01-04,22.8700008392334,23.0,22.170000076293945,22.200000762939453,22.200000762939453,73200
2024-01-05,22.020000457763672,22.239999771118164,21.920000076293945,22.06999969482422,22.06999969482422,114000
2024-01-08,22.15999984741211,22.920000076293945,22.15999984741211,22.6200008392334,22.6200008392334,70100
2024-01-09,22.3700008392334,22.729999542236328,22.149999618530273,22.450000762939453,22.450000762939453,51100
2024-01-10,22.469999313354492,23.170000076293945,21.93000030517578,23.15999984741211,23.15999984741211,75000
2024-01-11,22.940000534057617,23.3700008392334,22.799999237060547,22.899999618530273,22.899999618530273,86500
2024-01-12,23.0,23.299999237060547,22.31999969482422,22.3799991607666,22.3799991607666,54900
2024-01-16,22.299999237060547,22.309999465942383,21.65999984741211,21.950000762939453,21.950000762939453,116900
2024-01-17,21.719999313354492,22.489999771118164,21.719999313354492,22.440000534057617,22.440000534057617,48100
2024-01-18,22.389999389648438,22.670000076293945,22.010000228881836,22.450000762939453,22.450000762939453,73300
2024-01-19,22.600000381469727,22.600000381469727,22.079999923706055,22.239999771118164,22.239999771118164,50200
2024-01-22,22.40999984741211,22.65999984741211,22.059999465942383,22.43000030517578,22.43000030517578,48100
2024-01-23,22.59000015258789,23.059999465942383,22.260000228881836,22.899999618530273,22.899999618530273,64200
2024-01-24,23.170000076293945,23.239999771118164,22.610000610351562,23.18000030517578,23.18000030517578,62000
2024-01-25,23.450000762939453,24.219999313354492,23.200000762939453,24.170000076293945,24.170000076293945,69300
2024-01-26,24.219999313354492,24.600000381469727,23.40999984741211,24.399999618530273,24.399999618530273,149800
2024-01-29,24.389999389648438,25.5,22.56999969482422,25.079999923706055,25.079999923706055,96700
2024-01-30,24.93000030517578,25.290000915527344,24.40999984741211,24.520000457763672,24.520000457763672,97500
2024-01-31,24.549999237060547,24.760000228881836,23.389999389648438,23.520000457763672,23.520000457763672,70600
2024-02-01,23.579999923706055,23.579999923706055,22.950000762939453,23.399999618530273,23.399999618530273,81400
2024-02-02,23.110000610351562,23.770000457763672,22.950000762939453,23.100000381469727,23.100000381469727,41400
2024-02-05,22.81999969482422,23.6200008392334,22.81999969482422,23.420000076293945,23.420000076293945,49100
2024-02-06,23.459999084472656,24.209999084472656,22.959999084472656,23.940000534057617,23.940000534057617,51500
2024-02-07,23.8700008392334,24.0,23.40999984741211,23.40999984741211,23.40999984741211,40200
2024-02-08,23.389999389648438,23.790000915527344,23.270000457763672,23.65999984741211,23.65999984741211,51500
2024-02-09,23.790000915527344,24.260000228881836,23.6299991607666,24.030000686645508,24.030000686645508,45500
2024-02-12,24.030000686645508,24.280000686645508,23.56999969482422,24.010000228881836,24.010000228881836,65200
2024-02-13,23.489999771118164,23.989999771118164,23.09000015258789,23.309999465942383,23.309999465942383,89600
2024-02-14,23.6299991607666,23.739999771118164,23.18000030517578,23.59000015258789,23.59000015258789,46300
2024-02-15,23.809999465942383,24.59000015258789,23.65999984741211,24.59000015258789,24.59000015258789,43000
2024-02-16,24.540000915527344,25.079999923706055,24.059999465942383,24.209999084472656,24.209999084472656,65800
2024-02-20,23.950000762939453,24.6200008392334,23.600000381469727,24.25,24.25,48900
2024-02-21,23.899999618530273,24.739999771118164,23.719999313354492,24.6200008392334,24.6200008392334,59500
2024-02-22,24.540000915527344,25.260000228881836,24.190000534057617,24.829999923706055,24.829999923706055,220800
2024-02-23,24.84000015258789,26.329999923706055,24.579999923706055,25.889999389648438,25.889999389648438,74800
2024-02-26,25.59000015258789,26.299999237060547,24.450000762939453,25.399999618530273,25.399999618530273,176600
2024-02-27,25.530000686645508,25.65999984741211,24.739999771118164,25.260000228881836,25.260000228881836,154700
2024-02-28,24.979999542236328,25.68000030517578,24.65999984741211,24.770000457763672,24.770000457763672,73600
2024-02-29,24.979999542236328,25.25,24.239999771118164,24.280000686645508,24.280000686645508,55900
2024-03-01,24.219999313354492,25.270000457763672,24.030000686645508,25.139999389648438,25.139999389648438,58300
2024-03-04,25.209999084472656,26.06999969482422,24.90999984741211,26.010000228881836,26.010000228881836,83800
2024-03-05,25.889999389648438,26.610000610351562,25.799999237060547,26.420000076293945,26.420000076293945,155200
2024-03-06,26.540000915527344,27.309999465942383,25.989999771118164,26.030000686645508,26.030000686645508,124900
2024-03-07,25.959999084472656,26.780000686645508,25.219999313354492,25.350000381469727,25.350000381469727,113400
2024-03-08,25.479999542236328,26.149999618530273,25.09000015258789,25.420000076293945,25.420000076293945,119500
2024-03-11,25.40999984741211,25.850000381469727,25.209999084472656,25.790000915527344,25.790000915527344,76800
2024-03-12,26.200000762939453,26.290000915527344,25.450000762939453,25.790000915527344,25.790000915527344,91800
2024-03-13,25.75,26.139999389648438,25.399999618530273,25.399999618530273,25.399999618530273,133600
2024-03-14,23.8700008392334,26.079999923706055,21.0,24.540000915527344,24.540000915527344,212900
2024-03-15,24.40999984741211,25.780000686645508,24.40999984741211,25.440000534057617,25.440000534057617,127800
2024-03-18,25.3700008392334,26.190000534057617,25.059999465942383,25.270000457763672,25.270000457763672,122600
2024-03-19,25.299999237060547,25.690000534057617,25.260000228881836,25.3700008392334,25.3700008392334,87700
2024-03-20,25.239999771118164,25.760000228881836,25.09000015258789,25.59000015258789,25.59000015258789,71300
2024-03-21,25.770000457763672,26.09000015258789,25.18000030517578,25.389999389648438,25.389999389648438,95200
2024-03-22,25.450000762939453,26.0,25.399999618530273,25.459999084472656,25.459999084472656,84000
2024-03-25,25.329999923706055,25.469999313354492,25.010000228881836,25.09000015258789,25.09000015258789,141100
2024-03-26,25.260000228881836,25.5,25.0,25.360000610351562,25.360000610351562,55000
2024-03-27,25.440000534057617,25.729999542236328,25.399999618530273,25.540000915527344,25.540000915527344,57900
2024-03-28,25.549999237060547,25.6200008392334,25.239999771118164,25.399999618530273,25.399999618530273,83700
2024-04-01,25.3700008392334,26.09000015258789,25.25,25.700000762939453,25.700000762939453,140400
2024-04-02,25.549999237060547,25.90999984741211,25.399999618530273,25.829999923706055,25.829999923706055,122700
2024-04-03,25.709999084472656,26.399999618530273,25.700000762939453,26.280000686645508,26.280000686645508,117400
2024-04-04,26.43000030517578,26.850000381469727,25.889999389648438,26.010000228881836,26.010000228881836,54700
2024-04-05,26.010000228881836,26.100000381469727,25.389999389648438,25.6200008392334,25.6200008392334,44200
2024-04-08,25.75,25.790000915527344,25.5,25.559999465942383,25.559999465942383,37400
2024-04-09,25.510000228881836,26.440000534057617,25.510000228881836,25.889999389648438,25.889999389648438,40000
2024-04-10,25.34000015258789,25.90999984741211,25.34000015258789,25.860000610351562,25.860000610351562,63900
2024-04-11,25.920000076293945,26.059999465942383,25.549999237060547,25.610000610351562,25.610000610351562,30400
2024-04-12,25.3799991607666,25.530000686645508,24.899999618530273,25.0,25.0,46100
2024-04-15,25.100000381469727,25.43000030517578,24.969999313354492,25.309999465942383,25.309999465942383,37400
2024-04-16,25.239999771118164,25.950000762939453,25.239999771118164,25.510000228881836,25.510000228881836,52300
2024-04-17,25.579999923706055,25.8799991607666,25.5,25.690000534057617,25.690000534057617,53000
2024-04-18,25.709999084472656,25.809999465942383,25.3700008392334,25.43000030517578,25.43000030517578,83300
2024-04-19,25.479999542236328,25.969999313354492,25.459999084472656,25.84000015258789,25.84000015258789,49300
2024-04-22,25.829999923706055,26.030000686645508,25.510000228881836,25.950000762939453,25.950000762939453,37500
2024-04-23,25.899999618530273,26.15999984741211,25.670000076293945,25.790000915527344,25.790000915527344,35900
2024-04-24,25.719999313354492,26.139999389648438,25.719999313354492,25.899999618530273,25.899999618530273,31400
2024-04-25,25.799999237060547,25.860000610351562,25.479999542236328,25.579999923706055,25.579999923706055,48700
2024-04-26,25.59000015258789,25.799999237060547,25.450000762939453,25.56999969482422,25.56999969482422,36900
2024-04-29,25.549999237060547,26.100000381469727,25.549999237060547,25.969999313354492,25.969999313354492,40300
2024-04-30,25.940000534057617,26.110000610351562,25.639999389648438,25.889999389648438,25.889999389648438,49000
2024-05-01,25.959999084472656,26.56999969482422,25.959999084472656,26.489999771118164,26.489999771118164,71400
2024-05-02,26.520000457763672,27.610000610351562,26.5,27.59000015258789,27.59000015258789,73800
2024-05-03,27.90999984741211,28.190000534057617,27.530000686645508,27.59000015258789,27.59000015258789,56800
2024-05-06,27.639999389648438,28.110000610351562,27.350000381469727,27.860000610351562,27.860000610351562,58200
2024-05-07,27.850000381469727,28.639999389648438,27.520000457763672,28.360000610351562,28.360000610351562,56000
2024-05-08,28.25,28.670000076293945,27.809999465942383,28.469999313354492,28.469999313354492,59500
2024-05-09,26.90999984741211,27.860000610351562,25.139999389648438,25.260000228881836,25.260000228881836,189700
2024-05-10,25.31999969482422,26.360000610351562,25.31999969482422,25.6299991607666,25.6299991607666,85900
2024-05-13,25.600000381469727,25.700000762939453,25.399999618530273,25.559999465942383,25.559999465942383,79700
2024-05-14,25.559999465942383,25.8799991607666,25.479999542236328,25.59000015258789,25.59000015258789,39000
2024-05-15,25.799999237060547,26.739999771118164,25.59000015258789,26.079999923706055,26.079999923706055,51900
2024-05-16,26.200000762939453,26.270000457763672,25.5,25.5,25.5,35200
2024-05-17,25.5,25.520000457763672,25.18000030517578,25.399999618530273,25.399999618530273,40600
2024-05-20,25.5,25.719999313354492,25.25,25.639999389648438,25.639999389648438,37800
2024-05-21,25.610000610351562,25.969999313354492,25.540000915527344,25.75,25.75,57300
2024-05-22,25.6299991607666,26.06999969482422,25.399999618530273,25.40999984741211,25.40999984741211,50900
2024-05-23,25.389999389648438,25.389999389648438,23.950000762939453,24.690000534057617,24.690000534057617,67800
2024-05-24,24.700000762939453,25.15999984741211,24.450000762939453,24.56999969482422,24.56999969482422,43100
2024-05-28,24.690000534057617,24.84000015258789,24.479999542236328,24.760000228881836,24.760000228881836,35000
2024-05-29,24.959999084472656,25.8799991607666,24.959999084472656,25.639999389648438,25.639999389648438,70800
2024-05-30,25.670000076293945,25.940000534057617,25.579999923706055,25.709999084472656,25.709999084472656,41800
2024-05-31,25.709999084472656,26.239999771118164,25.479999542236328,25.649999618530273,25.649999618530273,58500
2024-06-03,25.649999618530273,26.940000534057617,25.440000534057617,26.68000030517578,26.68000030517578,70600
2024-06-04,26.739999771118164,27.030000686645508,26.260000228881836,26.389999389648438,26.389999389648438,43300
2024-06-05,26.450000762939453,26.889999389648438,26.309999465942383,26.469999313354492,26.469999313354492,37800
2024-06-06,26.540000915527344,26.59000015258789,26.059999465942383,26.239999771118164,26.239999771118164,34000
2024-06-07,25.989999771118164,26.09000015258789,23.920000076293945,25.790000915527344,25.790000915527344,36100
2024-06-10,25.719999313354492,25.790000915527344,25.139999389648438,25.709999084472656,25.709999084472656,32400
2024-06-11,25.709999084472656,25.979999542236328,25.18000030517578,25.860000610351562,25.860000610351562,35900
2024-06-12,26.260000228881836,26.68000030517578,25.8799991607666,26.100000381469727,26.100000381469727,46900
2024-06-13,26.040000915527344,26.389999389648438,25.829999923706055,25.969999313354492,25.969999313354492,32600
2024-06-14,25.739999771118164,26.81999969482422,25.739999771118164,26.280000686645508,26.280000686645508,61400
2024-06-17,26.149999618530273,26.3700008392334,25.8799991607666,25.989999771118164,25.989999771118164,36000
2024-06-18,25.989999771118164,26.229999542236328,25.610000610351562,25.93000030517578,25.93000030517578,45000
2024-06-20,25.84000015258789,26.239999771118164,25.700000762939453,25.979999542236328,25.979999542236328,33300
2024-06-21,26.09000015258789,26.469999313354492,25.950000762939453,26.0,26.0,77500
2024-06-24,25.979999542236328,26.350000381469727,25.90999984741211,25.920000076293945,25.920000076293945,37200
2024-06-25,25.829999923706055,26.18000030517578,25.639999389648438,25.739999771118164,25.739999771118164,35800
2024-06-26,25.579999923706055,25.780000686645508,25.229999542236328,25.649999618530273,25.649999618530273,48100
2024-06-27,25.700000762939453,25.739999771118164,25.389999389648438,25.719999313354492,25.719999313354492,32800
2024-06-28,25.860000610351562,25.860000610351562,25.149999618530273,25.329999923706055,25.329999923706055,313700
2024-07-01,25.450000762939453,25.969999313354492,25.450000762939453,25.850000381469727,25.850000381469727,40900
2024-07-02,25.790000915527344,26.049999237060547,25.760000228881836,26.030000686645508,26.030000686645508,37900
2024-07-03,26.139999389648438,26.389999389648438,25.31999969482422,25.360000610351562,25.360000610351562,28400
2024-07-05,25.360000610351562,25.90999984741211,25.200000762939453,25.65999984741211,25.65999984741211,30100
2024-07-08,25.8700008392334,26.420000076293945,25.559999465942383,25.770000457763672,25.770000457763672,44700
2024-07-09,25.799999237060547,26.389999389648438,25.790000915527344,25.989999771118164,25.989999771118164,49500
2024-07-10,26.149999618530273,26.450000762939453,26.030000686645508,26.200000762939453,26.200000762939453,24500
2024-07-11,26.579999923706055,27.520000457763672,26.3799991607666,27.5,27.5,56800
2024-07-12,27.639999389648438,27.989999771118164,26.959999084472656,27.1299991607666,27.1299991607666,44300
2024-07-15,27.389999389648438,28.079999923706055,27.389999389648438,27.549999237060547,27.549999237060547,40600
2024-07-16,27.790000915527344,28.639999389648438,27.790000915527344,28.549999237060547,28.549999237060547,60300
2024-07-17,28.479999542236328,28.920000076293945,28.299999237060547,28.75,28.75,51000
2024-07-18,28.649999618530273,29.1200008392334,28.030000686645508,28.059999465942383,28.059999465942383,34500
2024-07-19,28.059999465942383,28.200000762939453,27.549999237060547,27.559999465942383,27.559999465942383,37200
2024-07-22,27.579999923706055,28.1200008392334,27.309999465942383,27.969999313354492,27.969999313354492,49200
2024-07-23,27.729999542236328,28.280000686645508,27.690000534057617,28.030000686645508,28.030000686645508,52500
2024-07-24,27.950000762939453,28.530000686645508,27.950000762939453,28.049999237060547,28.049999237060547,43900
2024-07-25,28.100000381469727,28.600000381469727,28.059999465942383,28.309999465942383,28.309999465942383,54300
2024-07-26,28.309999465942383,28.59000015258789,27.510000228881836,27.899999618530273,27.899999618530273,38800
2024-07-29,27.700000762939453,27.989999771118164,27.440000534057617,27.469999313354492,27.469999313354492,30500
2024-07-30,27.6299991607666,27.889999389648438,27.049999237060547,27.200000762939453,27.200000762939453,22600
2024-07-31,27.3700008392334,27.850000381469727,27.170000076293945,27.25,27.25,52500
2024-08-01,27.299999237060547,27.5,26.139999389648438,26.290000915527344,26.290000915527344,29300
2024-08-02,25.860000610351562,26.360000610351562,25.469999313354492,26.0,26.0,41700
2024-08-05,25.43000030517578,25.790000915527344,25.020000457763672,25.75,25.75,66800
2024-08-06,25.770000457763672,27.0,25.5,26.06999969482422,26.06999969482422,38300
2024-08-07,26.0,26.110000610351562,25.950000762939453,25.950000762939453,25.950000762939453,60800
2024-08-08,26.260000228881836,26.579999923706055,25.68000030517578,25.68000030517578,25.68000030517578,24100
2024-08-09,25.190000534057617,26.59000015258789,25.190000534057617,25.68000030517578,25.68000030517578,51100
2024-08-12,25.770000457763672,25.770000457763672,25.010000228881836,25.06999969482422,25.06999969482422,75800
2024-08-13,25.09000015258789,25.260000228881836,24.8700008392334,25.010000228881836,25.010000228881836,56500
2024-08-14,25.06999969482422,25.290000915527344,24.8799991607666,25.290000915527344,25.290000915527344,29500
2024-08-15,25.65999984741211,25.90999984741211,25.3799991607666,25.540000915527344,25.540000915527344,31200
2024-08-16,25.540000915527344,25.799999237060547,25.049999237060547,25.6200008392334,25.6200008392334,37500
2024-08-19,25.520000457763672,26.989999771118164,25.520000457763672,26.75,26.75,86000
2024-08-20,26.489999771118164,26.889999389648438,25.690000534057617,25.75,25.75,33200
2024-08-21,25.950000762939453,26.34000015258789,25.399999618530273,25.68000030517578,25.68000030517578,30700
2024-08-22,26.440000534057617,26.440000534057617,24.809999465942383,24.81999969482422,24.81999969482422,33000
2024-08-23,24.860000610351562,25.75,24.739999771118164,25.59000015258789,25.59000015258789,45500
2024-08-26,25.5,25.540000915527344,25.030000686645508,25.31999969482422,25.31999969482422,80200
2024-08-27,25.31999969482422,26.15999984741211,25.040000915527344,25.040000915527344,25.040000915527344,37700
2024-08-28,25.049999237060547,25.950000762939453,25.0,25.850000381469727,25.850000381469727,42400
2024-08-29,26.110000610351562,26.18000030517578,25.450000762939453,25.6299991607666,25.6299991607666,33300
2024-08-30,25.739999771118164,26.479999542236328,25.420000076293945,25.700000762939453,25.700000762939453,25600
2024-09-03,25.420000076293945,25.729999542236328,25.100000381469727,25.149999618530273,25.149999618530273,37500
2024-09-04,25.059999465942383,25.3799991607666,24.8799991607666,25.18000030517578,25.18000030517578,31300
2024-09-05,25.239999771118164,25.40999984741211,24.739999771118164,25.309999465942383,25.309999465942383,44700
2024-09-06,25.299999237060547,25.299999237060547,24.549999237060547,24.559999465942383,24.559999465942383,34400
2024-09-09,24.43000030517578,24.770000457763672,24.149999618530273,24.270000457763672,24.270000457763672,40800
2024-09-10,24.290000915527344,24.670000076293945,24.270000457763672,24.59000015258789,24.59000015258789,31200
2024-09-11,24.43000030517578,24.510000228881836,24.149999618530273,24.25,24.25,25800
2024-09-12,24.309999465942383,24.670000076293945,24.200000762939453,24.420000076293945,24.420000076293945,28400
2024-09-13,24.559999465942383,25.030000686645508,24.469999313354492,24.639999389648438,24.639999389648438,36700
2024-09-16,24.770000457763672,25.600000381469727,24.59000015258789,24.860000610351562,24.860000610351562,31100
2024-09-17,25.06999969482422,25.889999389648438,24.829999923706055,25.200000762939453,25.200000762939453,50400
2024-09-18,25.079999923706055,26.0,25.010000228881836,25.469999313354492,25.469999313354492,43600
2024-09-19,25.829999923706055,25.829999923706055,25.260000228881836,25.360000610351562,25.360000610351562,39400
2024-09-20,25.200000762939453,25.540000915527344,24.81999969482422,25.5,25.5,399000
2024-09-23,25.479999542236328,25.540000915527344,24.8700008392334,25.020000457763672,25.020000457763672,37700
2024-09-24,25.020000457763672,25.020000457763672,24.579999923706055,24.709999084472656,24.709999084472656,54500
2024-09-25,24.719999313354492,24.850000381469727,24.360000610351562,24.690000534057617,24.690000534057617,72900
2024-09-26,24.959999084472656,25.040000915527344,24.6200008392334,24.6299991607666,24.6299991607666,23000
2024-09-27,24.739999771118164,24.920000076293945,24.420000076293945,24.559999465942383,24.559999465942383,53200
2024-09-30,24.559999465942383,24.979999542236328,24.559999465942383,24.700000762939453,24.700000762939453,22600
2024-10-01,24.639999389648438,24.639999389648438,24.15999984741211,24.270000457763672,24.270000457763672,41600
2024-10-02,24.399999618530273,25.190000534057617,24.309999465942383,25.020000457763672,25.020000457763672,118300
2024-10-03,24.989999771118164,25.510000228881836,24.969999313354492,25.280000686645508,25.280000686645508,97900
2024-10-04,25.43000030517578,25.479999542236328,24.989999771118164,24.989999771118164,24.989999771118164,26000
2024-10-07,25.0,25.209999084472656,24.329999923706055,24.350000381469727,24.350000381469727,52000
2024-10-08,24.469999313354492,24.950000762939453,24.469999313354492,24.639999389648438,24.639999389648438,45800
2024-10-09,24.579999923706055,25.59000015258789,24.260000228881836,25.530000686645508,25.530000686645508,60400
2024-10-10,25.34000015258789,25.34000015258789,24.75,25.25,25.25,46700
2024-10-11,25.270000457763672,25.649999618530273,25.270000457763672,25.3799991607666,25.3799991607666,28000
2024-10-14,25.489999771118164,25.5,25.209999084472656,25.34000015258789,25.34000015258789,24200
2024-10-15,25.34000015258789,25.6299991607666,25.110000610351562,25.149999618530273,25.149999618530273,41900
2024-10-16,25.31999969482422,25.450000762939453,25.06999969482422,25.209999084472656,25.209999084472656,32400
2024-10-17,25.290000915527344,25.389999389648438,24.93000030517578,25.149999618530273,25.149999618530273,28200
2024-10-18,25.290000915527344,25.440000534057617,24.899999618530273,25.059999465942383,25.059999465942383,29600
2024-10-21,24.950000762939453,25.239999771118164,24.389999389648438,24.440000534057617,24.440000534057617,32700
2024-10-22,24.479999542236328,24.920000076293945,24.440000534057617,24.700000762939453,24.700000762939453,49900
2024-10-23,24.59000015258789,24.59000015258789,24.239999771118164,24.540000915527344,24.540000915527344,71600
2024-10-24,24.520000457763672,24.729999542236328,24.40999984741211,24.510000228881836,24.510000228881836,44300
2024-10-25,24.579999923706055,24.790000915527344,24.31999969482422,24.31999969482422,24.31999969482422,31900
2024-10-28,24.510000228881836,25.0,24.43000030517578,24.65999984741211,24.65999984741211,67400
2024-10-29,24.610000610351562,24.829999923706055,24.43000030517578,24.520000457763672,24.520000457763672,53900
2024-10-30,24.520000457763672,24.850000381469727,24.520000457763672,24.68000030517578,24.68000030517578,52300
2024-10-31,24.1200008392334,24.1200008392334,16.0,17.110000610351562,17.110000610351562,417600
2024-11-01,17.18000030517578,17.729999542236328,16.299999237060547,16.530000686645508,16.530000686645508,286000
2024-11-04,16.43000030517578,17.559999465942383,16.100000381469727,17.06999969482422,17.06999969482422,221800
2024-11-05,17.170000076293945,17.239999771118164,16.149999618530273,16.299999237060547,16.299999237060547,222700
2024-11-06,16.5,17.510000228881836,16.309999465942383,17.270000457763672,17.270000457763672,252400
2024-11-07,17.1299991607666,17.34000015258789,16.93000030517578,17.229999542236328,17.229999542236328,129100
2024-11-08,17.100000381469727,17.5,16.75,17.260000228881836,17.260000228881836,128800
2024-11-11,17.280000686645508,17.850000381469727,16.959999084472656,17.06999969482422,17.06999969482422,106800
2024-11-12,17.079999923706055,17.15999984741211,16.549999237060547,16.8799991607666,16.8799991607666,169800
2024-11-13,17.0,17.06999969482422,16.700000762939453,17.040000915527344,17.040000915527344,128600
2024-11-14,17.190000534057617,17.190000534057617,16.5,17.0,17.0,145400
2024-11-15,17.139999389648438,17.260000228881836,16.40999984741211,17.25,17.25,188300
2024-11-18,17.190000534057617,17.350000381469727,16.799999237060547,17.040000915527344,17.040000915527344,137600
2024-11-19,17.020000457763672,17.15999984741211,16.700000762939453,17.040000915527344,17.040000915527344,96700
2024-11-20,17.059999465942383,17.219999313354492,16.81999969482422,17.18000030517578,17.18000030517578,168300
2024-11-21,17.209999084472656,17.59000015258789,17.030000686645508,17.43000030517578,17.43000030517578,83900
2024-11-22,17.540000915527344,17.6200008392334,16.950000762939453,16.969999313354492,16.969999313354492,89500
2024-11-25,17.09000015258789,17.6299991607666,17.09000015258789,17.200000762939453,17.200000762939453,147000
2024-11-26,17.200000762939453,17.770000457763672,17.100000381469727,17.719999313354492,17.719999313354492,108900
2024-11-27,17.729999542236328,17.979999542236328,17.649999618530273,17.719999313354492,17.719999313354492,99600
2024-11-29,17.84000015258789,17.959999084472656,17.700000762939453,17.719999313354492,17.719999313354492,41600
2024-12-02,17.610000610351562,17.790000915527344,17.299999237060547,17.549999237060547,17.549999237060547,81400
2024-12-03,17.56999969482422,17.56999969482422,16.860000610351562,17.350000381469727,17.350000381469727,101800
2024-12-04,17.420000076293945,17.639999389648438,17.100000381469727,17.559999465942383,17.559999465942383,122100
2024-12-05,17.59000015258789,17.809999465942383,17.299999237060547,17.540000915527344,17.540000915527344,95600
2024-12-06,17.579999923706055,17.799999237060547,17.329999923706055,17.450000762939453,17.450000762939453,67500
2024-12-09,17.43000030517578,17.780000686645508,17.149999618530273,17.229999542236328,17.229999542236328,83800
2024-12-10,17.31999969482422,17.889999389648438,16.989999771118164,17.829999923706055,17.829999923706055,80200
2024-12-11,17.989999771118164,18.170000076293945,17.760000228881836,17.8700008392334,17.8700008392334,91500
2024-12-12,17.8700008392334,18.18000030517578,17.190000534057617,17.329999923706055,17.329999923706055,91600
2024-12-13,17.450000762939453,17.549999237060547,17.09000015258789,17.15999984741211,17.15999984741211,42900
2024-12-16,17.1299991607666,17.299999237060547,16.799999237060547,16.940000534057617,16.940000534057617,86200
2024-12-17,16.829999923706055,17.110000610351562,16.600000381469727,16.6200008392334,16.6200008392334,58200
2024-12-18,16.65999984741211,16.770000457763672,15.829999923706055,16.040000915527344,16.040000915527344,111000
2024-12-19,15.989999771118164,16.440000534057617,15.880000114440918,16.329999923706055,16.329999923706055,87300
2024-12-20,16.149999618530273,17.040000915527344,15.960000038146973,16.309999465942383,16.309999465942383,215700
2024-12-23,16.25,16.559999465942383,15.850000381469727,16.229999542236328,16.229999542236328,61900
2024-12-24,16.479999542236328,16.68000030517578,16.25,16.329999923706055,16.329999923706055,49000
2024-12-26,16.260000228881836,16.729999542236328,16.18000030517578,16.649999618530273,16.649999618530273,49400
2024-12-27,16.489999771118164,16.520000457763672,16.030000686645508,16.239999771118164,16.239999771118164,74500
2024-12-30,16.149999618530273,16.459999084472656,15.899999618530273,16.25,16.25,58000
2024-12-31,16.3700008392334,16.540000915527344,16.100000381469727,16.459999084472656,16.459999084472656,62500
2025-01-02,16.579999923706055,16.690000534057617,16.190000534057617,16.209999084472656,16.209999084472656,66500
2025-01-03,16.219999313354492,16.459999084472656,16.06999969482422,16.190000534057617,16.190000534057617,48600
2025-01-06,16.15999984741211,16.920000076293945,15.880000114440918,15.90999984741211,15.90999984741211,62500
2025-01-07,15.850000381469727,16.149999618530273,15.600000381469727,15.699999809265137,15.699999809265137,89100
2025-01-08,15.569999694824219,16.219999313354492,15.479999542236328,15.9399995803833,15.9399995803833,82500
2025-01-10,15.880000114440918,15.899999618530273,15.460000038146973,15.569999694824219,15.569999694824219,98900
2025-01-13,15.449999809265137,15.960000038146973,15.399999618530273,15.920000076293945,15.920000076293945,76500
2025-01-14,16.030000686645508,16.030000686645508,15.489999771118164,15.579999923706055,15.579999923706055,52900
2025-01-15,15.850000381469727,16.100000381469727,15.65999984741211,16.020000457763672,16.020000457763672,56800
2025-01-16,15.960000038146973,16.270000457763672,15.800000190734863,16.190000534057617,16.190000534057617,58700
2025-01-17,16.209999084472656,17.219999313354492,16.010000228881836,16.06999969482422,16.06999969482422,64600
2025-01-21,16.200000762939453,17.0,16.200000762939453,16.5,16.5,57700
2025-01-22,16.440000534057617,16.68000030517578,16.219999313354492,16.219999313354492,16.219999313354492,50700
2025-01-23,16.190000534057617,16.3700008392334,15.989999771118164,16.3700008392334,16.3700008392334,51100
2025-01-24,16.299999237060547,16.479999542236328,15.930000305175781,16.309999465942383,16.309999465942383,48200
2025-01-27,16.200000762939453,16.81999969482422,16.190000534057617,16.709999084472656,16.709999084472656,50500
2025-01-28,16.6299991607666,16.979999542236328,16.200000762939453,16.739999771118164,16.739999771118164,66600
2025-01-29,16.68000030517578,17.170000076293945,16.649999618530273,16.93000030517578,16.93000030517578,44300
2025-01-30,16.969999313354492,17.40999984741211,16.969999313354492,17.280000686645508,17.280000686645508,39500
2025-01-31,17.360000610351562,17.6200008392334,16.979999542236328,17.059999465942383,17.059999465942383,80300
2025-02-03,16.8799991607666,17.31999969482422,16.709999084472656,17.280000686645508,17.280000686645508,45400
2025-02-04,17.110000610351562,17.850000381469727,17.110000610351562,17.84000015258789,17.84000015258789,45500
2025-02-05,17.75,18.3700008392334,17.610000610351562,17.969999313354492,17.969999313354492,113400
2025-02-06,17.959999084472656,18.110000610351562,17.770000457763672,17.790000915527344,17.790000915527344,51700
2025-02-07,17.700000762939453,18.010000228881836,17.610000610351562,17.790000915527344,17.790000915527344,97700
2025-02-10,17.809999465942383,17.809999465942383,17.540000915527344,17.709999084472656,17.709999084472656,57900
2025-02-11,17.530000686645508,17.940000534057617,17.420000076293945,17.760000228881836,17.760000228881836,58200
2025-02-12,17.520000457763672,17.93000030517578,17.520000457763672,17.610000610351562,17.610000610351562,73300
2025-02-13,17.68000030517578,17.68000030517578,17.280000686645508,17.649999618530273,17.649999618530273,67200
2025-02-14,17.75,17.899999618530273,17.6200008392334,17.860000610351562,17.860000610351562,33000
2025-02-18,17.75,18.350000381469727,17.6299991607666,17.75,17.75,63300
2025-02-19,17.65999984741211,17.950000762939453,17.440000534057617,17.81999969482422,17.81999969482422,37700
2025-02-20,17.709999084472656,18.190000534057617,17.59000015258789,17.649999618530273,17.649999618530273,47600
2025-02-21,17.75,17.809999465942383,17.389999389648438,17.389999389648438,17.389999389648438,51700
2025-02-24,17.950000762939453,18.06999969482422,17.31999969482422,17.43000030517578,17.43000030517578,84000
2025-02-25,17.479999542236328,18.0,17.329999923706055,17.709999084472656,17.709999084472656,89400
2025-02-26,17.6299991607666,17.940000534057617,17.440000534057617,17.690000534057617,17.690000534057617,65800
2025-02-27,17.610000610351562,17.739999771118164,16.979999542236328,17.670000076293945,17.670000076293945,37200
2025-02-28,17.690000534057617,17.739999771118164,17.329999923706055,17.450000762939453,17.450000762939453,59400
2025-03-03,17.450000762939453,17.610000610351562,17.09000015258789,17.200000762939453,17.200000762939453,53000
2025-03-04,17.1200008392334,17.559999465942383,16.860000610351562,16.860000610351562,16.860000610351562,101700
2025-03-05,16.75,17.1299991607666,16.75,17.030000686645508,17.030000686645508,55900
2025-03-06,16.889999389648438,17.350000381469727,16.829999923706055,17.0,17.0,145500
2025-03-07,17.209999084472656,17.209999084472656,16.469999313354492,16.6200008392334,16.6200008392334,97800
2025-03-10,16.600000381469727,17.0,16.459999084472656,16.5,16.5,102900
2025-03-11,16.510000228881836,16.829999923706055,16.350000381469727,16.790000915527344,16.790000915527344,113300
2025-03-12,16.690000534057617,17.139999389648438,16.270000457763672,17.110000610351562,17.110000610351562,113900
2025-03-13,16.40999984741211,17.100000381469727,14.949999809265137,15.210000038146973,15.210000038146973,158600
2025-03-14,15.289999961853027,15.970000267028809,14.970000267028809,15.90999984741211,15.90999984741211,98700
2025-03-17,15.989999771118164,16.700000762939453,15.630000114440918,16.110000610351562,16.110000610351562,65800
2025-03-18,16.190000534057617,16.450000762939453,15.539999961853027,15.859999656677246,15.859999656677246,88000
2025-03-19,15.930000305175781,16.100000381469727,15.619999885559082,15.949999809265137,15.949999809265137,77900
2025-03-20,15.850000381469727,15.850000381469727,15.520000457763672,15.619999885559082,15.619999885559082,59100
2025-03-21,15.4399995803833,15.739999771118164,15.300000190734863,15.420000076293945,15.420000076293945,136300
2025-03-24,15.619999885559082,15.720000267028809,15.380000114440918,15.489999771118164,15.489999771118164,82300
2025-03-25,15.489999771118164,15.550000190734863,15.229999542236328,15.420000076293945,15.420000076293945,103100
2025-03-26,15.399999618530273,15.619999885559082,15.020000457763672,15.15999984741211,15.15999984741211,71100
2025-03-27,15.109999656677246,15.529999732971191,14.989999771118164,15.5,15.5,48800
2025-03-28,15.4399995803833,15.789999961853027,15.109999656677246,15.109999656677246,15.109999656677246,49100
2025-03-31,14.930000305175781,15.25,14.789999961853027,15.029999732971191,15.029999732971191,71200
2025-04-01,14.949999809265137,15.380000114440918,14.930000305175781,15.029999732971191,15.029999732971191,71400
2025-04-02,15.130000114440918,15.449999809265137,14.770000457763672,15.050000190734863,15.050000190734863,113400
2025-04-03,15.1899995803833,15.420000076293945,14.510000228881836,14.6899995803833,14.6899995803833,65100
2025-04-04,14.359999656677246,15.399999618530273,13.710000038146973,14.010000228881836,14.010000228881836,106300
2025-04-07,13.699999809265137,14.529999732971191,13.300000190734863,13.920000076293945,13.920000076293945,97000
2025-04-08,14.109999656677246,14.149999618530273,13.0,13.140000343322754,13.140000343322754,74100
2025-04-09,13.0,14.140000343322754,12.829999923706055,13.960000038146973,13.960000038146973,90500
2025-04-10,13.6899995803833,13.8100004196167,13.210000038146973,13.600000381469727,13.600000381469727,66000
2025-04-11,13.520000457763672,13.680000305175781,13.140000343322754,13.640000343322754,13.640000343322754,45500
2025-04-14,13.84000015258789,14.319999694824219,13.550000190734863,13.890000343322754,13.890000343322754,54600
2025-04-15,13.779999732971191,13.970000267028809,13.479999542236328,13.720000267028809,13.720000267028809,61700
2025-04-16,14.319999694824219,14.529999732971191,13.369999885559082,13.470000267028809,13.470000267028809,49500
2025-04-17,13.779999732971191,14.729999542236328,13.289999961853027,14.020000457763672,14.020000457763672,95500
2025-04-21,13.880000114440918,14.5,13.600000381469727,14.029999732971191,14.029999732971191,40900
2025-04-22,14.170000076293945,14.479999542236328,13.779999732971191,14.199999809265137,14.199999809265137,54600
2025-04-23,14.4399995803833,14.729999542236328,14.050000190734863,14.09000015258789,14.09000015258789,40100
2025-04-24,14.039999961853027,14.430000305175781,13.850000381469727,14.380000114440918,14.380000114440918,59400
2025-04-25,14.300000190734863,14.489999771118164,14.020000457763672,14.430000305175781,14.430000305175781,26000
2025-04-28,14.380000114440918,14.5600004196167,14.350000381469727,14.510000228881836,14.510000228881836,44100
2025-04-29,14.399999618530273,14.75,14.369999885559082,14.6899995803833,14.6899995803833,37500
2025-04-30,14.569999694824219,14.729999542236328,14.369999885559082,14.529999732971191,14.529999732971191,49500
2025-05-01,14.40999984741211,14.579999923706055,14.270000457763672,14.460000038146973,14.460000038146973,48400
2025-05-02,14.59000015258789,15.130000114440918,14.5,14.850000381469727,14.850000381469727,64700
2025-05-05,14.770000457763672,15.039999961853027,14.430000305175781,14.489999771118164,14.489999771118164,26900
2025-05-06,14.300000190734863,14.720000267028809,13.90999984741211,14.079999923706055,14.079999923706055,76400
2025-05-07,14.239999771118164,14.59000015258789,14.09000015258789,14.489999771118164,14.489999771118164,33900
2025-05-08,14.510000228881836,15.039999961853027,14.510000228881836,14.739999771118164,14.739999771118164,35500
2025-05-09,12.789999961853027,13.300000190734863,11.479999542236328,11.640000343322754,11.640000343322754,222200
2025-05-12,12.220000267028809,12.6899995803833,11.75,11.850000381469727,11.850000381469727,127000
2025-05-13,12.0600004196167,12.4399995803833,11.619999885559082,12.40999984741211,12.40999984741211,97900
2025-05-14,12.430000305175781,12.430000305175781,11.109999656677246,11.319999694824219,11.319999694824219,113000
2025-05-15,11.390000343322754,12.289999961853027,11.15999984741211,12.239999771118164,12.239999771118164,92400
2025-05-16,12.239999771118164,12.359999656677246,11.829999923706055,12.1899995803833,12.1899995803833,75100
2025-05-19,12.109999656677246,12.479999542236328,11.6899995803833,12.15999984741211,12.15999984741211,82500
2025-05-20,12.039999961853027,12.170000076293945,11.800000190734863,11.960000038146973,11.960000038146973,58400
2025-05-21,11.739999771118164,12.069999694824219,11.350000381469727,11.710000038146973,11.710000038146973,87200
2025-05-22,11.630000114440918,11.800000190734863,11.390000343322754,11.770000457763672,11.770000457763672,76700
2025-05-23,11.550000190734863,11.550000190734863,11.180000305175781,11.239999771118164,11.239999771118164,59400
2025-05-27,11.420000076293945,11.420000076293945,11.100000381469727,11.140000343322754,11.140000343322754,76500
2025-05-28,11.300000190734863,11.3100004196167,11.100000381469727,11.119999885559082,11.119999885559082,69000
2025-05-29,11.079999923706055,11.4399995803833,10.890000343322754,11.260000228881836,11.260000228881836,52200
2025-05-30,11.180000305175781,11.34000015258789,11.079999923706055,11.149999618530273,11.149999618530273,56500
2025-06-02,11.149999618530273,11.479999542236328,10.949999809265137,11.449999809265137,11.449999809265137,79600
2025-06-03,11.449999809265137,11.920000076293945,11.380000114440918,11.59000015258789,11.59000015258789,75200
2025-06-04,11.630000114440918,11.760000228881836,11.479999542236328,11.649999618530273,11.649999618530273,55400
2025-06-05,11.529999732971191,11.529999732971191,11.149999618530273,11.1899995803833,11.1899995803833,42200
2025-06-06,11.329999923706055,11.520000457763672,11.260000228881836,11.350000381469727,11.350000381469727,54500
2025-06-09,11.390000343322754,11.5600004196167,11.170000076293945,11.520000457763672,11.520000457763672,50000
2025-06-10,11.5600004196167,11.779999732971191,11.520000457763672,11.550000190734863,11.550000190734863,39700
2025-06-11,11.649999618530273,11.65999984741211,11.3100004196167,11.3100004196167,11.3100004196167,32000
2025-06-12,11.210000038146973,11.430000305175781,11.170000076293945,11.270000457763672,11.270000457763672,35200
2025-06-13,11.109999656677246,11.220000267028809,10.899999618530273,10.930000305175781,10.930000305175781,42900
2025-06-16,10.9399995803833,11.210000038146973,10.850000381469727,11.109999656677246,11.109999656677246,38000
2025-06-17,11.0,11.34000015258789,10.970000267028809,11.029999732971191,11.029999732971191,95300
2025-06-18,11.010000228881836,11.3100004196167,11.010000228881836,11.100000381469727,11.100000381469727,48100
2025-06-20,11.229999542236328,11.399999618530273,10.550000190734863,10.59000015258789,10.59000015258789,83100
2025-06-23,10.640000343322754,10.920000076293945,10.470000267028809,10.920000076293945,10.920000076293945,81200
2025-06-24,10.970000267028809,11.430000305175781,10.930000305175781,11.229999542236328,11.229999542236328,108700
2025-06-25,11.15999984741211,11.390000343322754,10.869999885559082,11.119999885559082,11.119999885559082,62100
2025-06-26,11.15999984741211,11.210000038146973,10.65999984741211,10.829999923706055,10.829999923706055,46600
2025-06-27,11.039999961853027,11.140000343322754,10.609999656677246,10.739999771118164,10.739999771118164,196700
2025-06-30,10.84000015258789,10.890000343322754,10.489999771118164,10.579999923706055,10.579999923706055,60700
2025-07-01,10.600000381469727,10.989999771118164,10.5,10.529999732971191,10.529999732971191,87300
2025-07-02,10.609999656677246,11.470000267028809,10.479999542236328,11.25,11.25,477500
2025-07-03,11.270000457763672,11.3100004196167,11.079999923706055,11.25,11.25,28800
2025-07-07,11.25,11.25,10.8100004196167,10.8100004196167,10.8100004196167,43000
2025-07-08,11.0,11.25,10.960000038146973,10.979999542236328,10.979999542236328,144000
2025-07-09,10.989999771118164,11.34000015258789,10.90999984741211,11.140000343322754,11.140000343322754,311400
2025-07-10,11.149999618530273,11.84000015258789,11.149999618530273,11.779999732971191,11.779999732971191,258200
2025-07-11,11.649999618530273,11.649999618530273,11.100000381469727,11.270000457763672,11.270000457763672,76000
2025-07-14,11.15999984741211,11.550000190734863,11.15999984741211,11.529999732971191,11.529999732971191,80800
2025-07-15,11.5,11.579999923706055,10.960000038146973,11.0,11.0,102800
2025-07-16,11.109999656677246,11.470000267028809,10.90999984741211,11.1899995803833,11.1899995803833,87800
2025-07-17,11.15999984741211,11.470000267028809,11.069999694824219,11.239999771118164,11.239999771118164,77900
2025-07-18,11.350000381469727,11.569999694824219,10.5,10.5,10.5,68200
2025-07-21,10.529999732971191,10.989999771118164,10.489999771118164,10.6899995803833,10.6899995803833,63900
2025-07-22,10.75,11.119999885559082,10.75,11.0,11.0,87800
2025-07-23,11.109999656677246,11.529999732971191,11.010000228881836,11.5,11.5,132900
2025-07-24,11.449999809265137,11.569999694824219,11.1899995803833,11.3100004196167,11.3100004196167,74500
2025-07-25,11.399999618530273,11.550000190734863,11.300000190734863,11.5,11.5,55500
2025-07-28,11.550000190734863,11.609999656677246,11.319999694824219,11.329999923706055,11.329999923706055,63400
2025-07-29,11.40999984741211,11.569999694824219,11.100000381469727,11.15999984741211,11.15999984741211,87200
2025-07-30,10.75,10.880000114440918,8.029999732971191,8.100000381469727,8.100000381469727,761300
2025-07-31,8.100000381469727,8.319999694824219,7.869999885559082,8.260000228881836,8.260000228881836,309400
2025-08-01,8.180000305175781,8.710000038146973,8.0,8.640000343322754,8.640000343322754,239900
2025-08-04,8.640000343322754,8.789999961853027,8.369999885559082,8.770000457763672,8.770000457763672,134700
2025-08-05,8.760000228881836,8.819999694824219,8.34000015258789,8.350000381469727,8.350000381469727,123200
2025-08-06,8.289999961853027,8.34000015258789,8.0600004196167,8.25,8.25,85500
2025-08-07,8.25,8.4399995803833,8.149999618530273,8.220000267028809,8.220000267028809,113300
2025-08-08,8.220000267028809,8.289999961853027,8.079999923706055,8.109999656677246,8.109999656677246,81000
2025-08-11,8.170000076293945,8.329999923706055,7.920000076293945,8.210000038146973,8.210000038146973,148700
2025-08-12,8.300000190734863,8.739999771118164,8.149999618530273,8.720000267028809,8.720000267028809,148300
2025-08-13,8.800000190734863,9.25,8.720000267028809,9.079999923706055,9.079999923706055,204700
2025-08-14,8.960000038146973,9.1899995803833,8.569999694824219,8.640000343322754,8.640000343322754,85700
2025-08-15,8.75,9.09000015258789,8.75,8.829999923706055,8.829999923706055,95200
2025-08-18,8.850000381469727,8.949999809265137,8.649999618530273,8.6899995803833,8.6899995803833,69100
2025-08-19,8.579999923706055,8.880000114440918,8.420000076293945,8.59000015258789,8.59000015258789,75100
2025-08-20,8.550000190734863,8.550000190734863,8.319999694824219,8.369999885559082,8.369999885559082,47000
2025-08-21,8.3100004196167,9.130000114440918,8.220000267028809,9.050000190734863,9.050000190734863,216300
2025-08-22,9.109999656677246,9.699999809265137,9.0600004196167,9.649999618530273,9.649999618530273,208300
2025-08-25,9.550000190734863,9.829999923706055,8.920000076293945,9.130000114440918,9.130000114440918,81100
2025-08-26,9.100000381469727,9.5,9.0600004196167,9.329999923706055,9.329999923706055,133500
2025-08-27,9.329999923706055,9.670000076293945,9.15999984741211,9.180000305175781,9.180000305175781,86900
2025-08-28,9.210000038146973,9.479999542236328,9.09000015258789,9.229999542236328,9.229999542236328,127200
2025-08-29,9.239999771118164,9.539999961853027,9.100000381469727,9.380000114440918,9.380000114440918,194600
2025-09-02,9.319999694824219,9.5,9.100000381469727,9.149999618530273,9.149999618530273,70300
2025-09-03,9.149999618530273,9.369999885559082,8.90999984741211,9.010000228881836,9.010000228881836,108400
2025-09-04,9.029999732971191,9.1899995803833,9.029999732971191,9.09000015258789,9.09000015258789,60400
2025-09-05,9.170000076293945,9.449999809265137,8.899999618530273,8.9399995803833,8.9399995803833,67500
2025-09-08,8.920000076293945,9.039999961853027,8.8100004196167,8.9399995803833,8.9399995803833,73000
2025-09-09,8.930000305175781,8.949999809265137,8.6899995803833,8.729999542236328,8.729999542236328,69300
2025-09-10,8.729999542236328,8.739999771118164,8.369999885559082,8.399999618530273,8.399999618530273,53400
2025-09-11,8.479999542236328,8.890000343322754,8.4399995803833,8.630000114440918,8.630000114440918,77200
2025-09-12,8.579999923706055,8.710000038146973,8.520000457763672,8.670000076293945,8.670000076293945,75200
2025-09-15,8.75,8.789999961853027,8.600000381469727,8.649999618530273,8.649999618530273,134100
2025-09-16,8.609999656677246,8.819999694824219,8.5600004196167,8.649999618530273,8.649999618530273,124800
2025-09-17,8.649999618530273,8.890000343322754,8.640000343322754,8.65999984741211,8.65999984741211,99600
2025-09-18,8.710000038146973,9.039999961853027,8.680000305175781,8.9399995803833,8.9399995803833,136200
2025-09-19,8.9399995803833,9.09000015258789,8.829999923706055,8.899999618530273,8.899999618530273,202900
2025-09-22,8.890000343322754,9.489999771118164,8.829999923706055,9.34000015258789,9.34000015258789,208500
2025-09-23,9.34000015258789,9.520000457763672,9.069999694824219,9.119999885559082,9.119999885559082,114800
2025-09-24,9.130000114440918,9.279999732971191,9.020000457763672,9.069999694824219,9.069999694824219,69800
2025-09-25,9.020000457763672,9.020000457763672,8.729999542236328,9.0,9.0,69400
2025-09-26,9.010000228881836,9.149999618530273,8.890000343322754,9.020000457763672,9.020000457763672,66800
2025-09-29,9.050000190734863,9.229999542236328,8.779999732971191,9.140000343322754,9.140000343322754,88800
2025-09-30,9.09000015258789,9.489999771118164,9.039999961853027,9.399999618530273,9.399999618530273,177700
2025-10-01,9.420000076293945,9.579999923706055,9.15999984741211,9.25,9.25,77000
2025-10-02,9.260000228881836,9.260000228881836,8.920000076293945,9.119999885559082,9.119999885559082,70900
2025-10-03,9.239999771118164,9.539999961853027,9.010000228881836,9.069999694824219,9.069999694824219,221400
2025-10-06,9.239999771118164,9.34000015258789,9.0600004196167,9.260000228881836,9.260000228881836,114900
2025-10-07,9.319999694824219,9.359999656677246,9.020000457763672,9.09000015258789,9.09000015258789,70600
2025-10-08,9.149999618530273,9.279999732971191,9.0600004196167,9.239999771118164,9.239999771118164,56000
2025-10-09,9.319999694824219,9.579999923706055,9.220000267028809,9.420000076293945,9.420000076293945,84800
2025-10-10,9.449999809265137,9.470000267028809,9.0,9.020000457763672,9.020000457763672,112300
2025-10-13,9.149999618530273,9.329999923706055,9.010000228881836,9.100000381469727,9.100000381469727,68400
2025-10-14,9.0,9.1899995803833,9.0,9.149999618530273,9.149999618530273,54900
2025-10-15,9.1899995803833,9.260000228881836,9.050000190734863,9.09000015258789,9.09000015258789,60100
2025-10-16,9.09000015258789,9.25,9.0,9.09000015258789,9.09000015258789,89700
2025-10-17,8.979999542236328,9.170000076293945,8.670000076293945,9.170000076293945,9.170000076293945,125600
2025-10-20,9.239999771118164,9.710000038146973,9.210000038146973,9.649999618530273,9.649999618530273,190000
2025-10-21,9.670000076293945,9.8100004196167,9.359999656677246,9.779999732971191,9.779999732971191,110900
2025-10-22,9.779999732971191,9.779999732971191,9.479999542236328,9.579999923706055,9.579999923706055,52400
2025-10-23,9.59000015258789,9.680000305175781,9.529999732971191,9.649999618530273,9.649999618530273,55200
2025-10-24,9.729999542236328,10.109999656677246,9.640000343322754,10.010000228881836,10.010000228881836,170800
2025-10-27,10.140000343322754,10.170000076293945,9.59000015258789,9.699999809265137,9.699999809265137,57600
2025-10-28,9.670000076293945,9.859999656677246,9.630000114440918,9.739999771118164,9.739999771118164,96800
2025-10-29,9.720000267028809,9.970000267028809,9.59000015258789,9.680000305175781,9.680000305175781,94900
2025-10-30,9.680000305175781,9.899999618530273,9.680000305175781,9.779999732971191,9.779999732971191,59800
2025-10-31,9.720000267028809,9.930000305175781,9.720000267028809,9.75,9.75,57300
2025-11-03,9.789999961853027,9.9399995803833,9.609999656677246,9.819999694824219,9.819999694824219,83900
2025-11-04,9.670000076293945,9.850000381469727,9.399999618530273,9.630000114440918,9.630000114440918,112100
2025-11-05,10.579999923706055,10.75,9.649999618530273,9.850000381469727,9.850000381469727,258400
2025-11-06,9.869999885559082,9.869999885559082,9.40999984741211,9.75,9.75,153600
2025-11-07,9.699999809265137,9.880000114440918,9.479999542236328,9.850000381469727,9.850000381469727,106100
2025-11-10,9.9399995803833,10.199999809265137,9.75,10.069999694824219,10.069999694824219,178300
2025-11-11,10.0600004196167,10.170000076293945,9.890000343322754,10.130000114440918,10.130000114440918,119300
2025-11-12,10.09000015258789,10.289999961853027,10.039999961853027,10.100000381469727,10.100000381469727,101200
2025-11-13,10.020000457763672,10.300000190734863,9.949999809265137,10.100000381469727,10.100000381469727,252400
2025-11-14,10.0,10.079999923706055,9.850000381469727,9.989999771118164,9.989999771118164,234100
2025-11-17,9.989999771118164,10.010000228881836,9.539999961853027,9.649999618530273,9.649999618530273,257300
2025-11-18,9.520000457763672,9.75,9.5,9.670000076293945,9.670000076293945,143200
2025-11-19,9.5600004196167,9.729999542236328,9.420000076293945,9.520000457763672,9.520000457763672,175200
2025-11-20,9.670000076293945,9.789999961853027,9.270000457763672,9.300000190734863,9.300000190734863,237600
2025-11-21,9.3100004196167,9.960000038146973,9.220000267028809,9.880000114440918,9.880000114440918,317300
2025-11-24,9.789999961853027,10.170000076293945,9.619999885559082,9.869999885559082,9.869999885559082,200500
2025-11-25,9.779999732971191,10.140000343322754,9.779999732971191,9.979999542236328,9.979999542236328,143000
2025-11-26,9.979999542236328,10.010000228881836,9.760000228881836,9.779999732971191,9.779999732971191,109200
2025-11-28,9.800000190734863,9.9399995803833,9.779999732971191,9.880000114440918,9.880000114440918,68200
2025-12-01,9.760000228881836,9.90999984741211,9.680000305175781,9.760000228881836,9.760000228881836,95000
2025-12-02,9.829999923706055,9.829999923706055,9.380000114440918,9.430000305175781,9.430000305175781,139600
2025-12-03,9.649999618530273,9.680000305175781,9.380000114440918,9.470000267028809,9.470000267028809,214200
2025-12-04,9.420000076293945,9.529999732971191,9.380000114440918,9.489999771118164,9.489999771118164,214600
2025-12-05,9.489999771118164,9.680000305175781,9.399999618530273,9.600000381469727,9.600000381469727,257600
2025-12-08,9.649999618530273,9.75,9.569999694824219,9.630000114440918,9.630000114440918,157900
2025-12-09,9.640000343322754,9.649999618530273,9.470000267028809,9.520000457763672,9.520000457763672,131400
2025-12-10,9.5,9.699999809265137,9.479999542236328,9.640000343322754,9.640000343322754,196200
2025-12-11,9.670000076293945,9.699999809265137,9.479999542236328,9.489999771118164,9.489999771118164,100600
2025-12-12,9.5,9.649999618530273,9.479999542236328,9.5600004196167,9.5600004196167,192900
2025-12-15,9.600000381469727,9.649999618530273,9.5,9.569999694824219,9.569999694824219,172100
2025-12-16,9.579999923706055,9.649999618530273,9.359999656677246,9.510000228881836,9.510000228881836,156000
2025-12-17,9.520000457763672,9.5600004196167,9.40999984741211,9.430000305175781,9.430000305175781,155200
2025-12-18,9.5,9.649999618530273,9.420000076293945,9.550000190734863,9.550000190734863,255600
2025-12-19,9.539999961853027,9.819999694824219,9.539999961853027,9.569999694824219,9.569999694824219,285100
2025-12-22,9.609999656677246,9.640000343322754,9.390000343322754,9.420000076293945,9.420000076293945,165900
2025-12-23,9.420000076293945,9.510000228881836,9.369999885559082,9.390000343322754,9.390000343322754,162700
2025-12-24,9.470000267028809,9.550000190734863,9.4399995803833,9.479999542236328,9.479999542236328,93100
2025-12-26,9.479999542236328,9.609999656677246,9.4399995803833,9.550000190734863,9.550000190734863,149000
2025-12-29,9.5,9.65999984741211,9.489999771118164,9.529999732971191,9.529999732971191,157100
2025-12-30,9.5,9.59000015258789,9.5,9.550000190734863,9.550000190734863,99700
2025-12-31,9.569999694824219,9.65999984741211,9.539999961853027,9.609999656677246,9.609999656677246,125500
2026-01-02,9.630000114440918,9.6899995803833,9.3100004196167,9.350000381469727,9.350000381469727,148400
2026-01-05,9.350000381469727,9.579999923706055,9.350000381469727,9.470000267028809,9.470000267028809,97100
2026-01-06,9.470000267028809,9.670000076293945,9.470000267028809,9.65999984741211,9.65999984741211,110300
2026-01-07,9.6899995803833,9.850000381469727,9.609999656677246,9.84000015258789,9.84000015258789,123700
2026-01-08,9.760000228881836,9.800000190734863,9.449999809265137,9.550000190734863,9.550000190734863,132800
2026-01-09,9.579999923706055,9.640000343322754,9.420000076293945,9.520000457763672,9.520000457763672,160800
2026-01-12,9.479999542236328,9.550000190734863,9.3100004196167,9.40999984741211,9.40999984741211,137100
2026-01-13,9.4399995803833,9.619999885559082,9.430000305175781,9.550000190734863,9.550000190734863,132500
2026-01-14,9.539999961853027,9.569999694824219,9.460000038146973,9.539999961853027,9.539999961853027,118400
2026-01-15,9.529999732971191,9.579999923706055,9.390000343322754,9.529999732971191,9.529999732971191,139500
2026-01-16,9.529999732971191,9.569999694824219,9.289999961853027,9.3100004196167,9.3100004196167,125100
2026-01-20,9.270000457763672,9.539999961853027,9.15999984741211,9.460000038146973,9.460000038146973,186300
2026-01-21,9.470000267028809,9.579999923706055,9.470000267028809,9.520000457763672,9.520000457763672,118400
2026-01-22,9.569999694824219,9.600000381469727,9.380000114440918,9.390000343322754,9.390000343322754,91100
2026-01-23,9.359999656677246,9.489999771118164,9.220000267028809,9.3100004196167,9.3100004196167,109700
2026-01-26,9.3100004196167,9.420000076293945,9.170000076293945,9.229999542236328,9.229999542236328,121100
2026-01-27,9.199999809265137,9.3100004196167,9.109999656677246,9.149999618530273,9.149999618530273,117400
2026-01-28,9.149999618530273,9.350000381469727,9.010000228881836,9.130000114440918,9.130000114440918,183000
2026-01-29,9.130000114440918,9.210000038146973,9.029999732971191,9.149999618530273,9.149999618530273,120700
2026-01-30,9.09000015258789,9.270000457763672,9.050000190734863,9.229999542236328,9.229999542236328,158800
2026-02-02,9.239999771118164,9.739999771118164,9.199999809265137,9.630000114440918,9.630000114440918,161500
2026-02-03,9.640000343322754,10.149999618530273,9.520000457763672,10.020000457763672,10.020000457763672,263000
2026-02-04,10.100000381469727,10.949999809265137,10.100000381469727,10.670000076293945,10.670000076293945,235300
2026-02-05,10.640000343322754,10.680000305175781,10.300000190734863,10.300000190734863,10.300000190734863,454200
2026-02-06,10.399999618530273,10.539999961853027,10.199999809265137,10.460000038146973,10.460000038146973,139500
2026-02-09,10.420000076293945,10.4399995803833,10.0600004196167,10.229999542236328,10.229999542236328,106000
2026-02-10,10.130000114440918,10.619999885559082,10.130000114440918,10.329999923706055,10.329999923706055,133300
2026-02-11,10.34000015258789,10.34000015258789,10.029999732971191,10.25,10.25,111400
2026-02-12,10.149999618530273,10.3100004196167,9.970000267028809,10.0600004196167,10.0600004196167,82600
2026-02-13,10.100000381469727,10.399999618530273,9.880000114440918,10.210000038146973,10.210000038146973,73000
2026-02-17,10.239999771118164,10.460000038146973,10.220000267028809,10.420000076293945,10.420000076293945,118900
2026-02-18,10.4399995803833,10.59000015258789,10.399999618530273,10.520000457763672,10.520000457763672,80300
2026-02-19,10.460000038146973,10.739999771118164,10.460000038146973,10.699999809265137,10.699999809265137,76000
2026-02-20,10.670000076293945,10.729999542236328,10.520000457763672,10.630000114440918,10.630000114440918,88000
2026-02-23,10.600000381469727,10.989999771118164,10.59000015258789,10.920000076293945,10.920000076293945,145400
2026-02-24,11.0,11.300000190734863,10.819999694824219,10.850000381469727,10.850000381469727,223700
2026-02-25,10.989999771118164,11.09000015258789,10.75,10.9399995803833,10.9399995803833,145000
2026-02-26,11.600000381469727,12.84000015258789,11.600000381469727,12.789999961853027,12.789999961853027,273100
2026-02-27,12.670000076293945,14.579999923706055,12.010000228881836,14.359999656677246,14.359999656677246,334000
2026-03-02,14.359999656677246,14.670000076293945,13.90999984741211,14.319999694824219,14.319999694824219,239000
2026-03-03,14.270000457763672,14.460000038146973,13.760000228881836,14.399999618530273,14.399999618530273,174900
2026-03-04,14.270000457763672,14.630000114440918,14.180000305175781,14.359999656677246,14.359999656677246,138000
2026-03-05,14.359999656677246,14.720000267028809,14.130000114440918,14.25,14.25,159700
2026-03-06,14.020000457763672,14.149999618530273,13.8100004196167,14.119999885559082,14.119999885559082,124300
2026-03-09,14.09000015258789,15.010000228881836,13.9399995803833,14.960000038146973,14.960000038146973,153900
2026-03-10,14.920000076293945,15.0600004196167,14.350000381469727,14.460000038146973,14.460000038146973,147300
2026-03-11,14.350000381469727,14.619999885559082,14.050000190734863,14.359999656677246,14.359999656677246,130800
2026-03-12,14.170000076293945,14.5600004196167,14.15999984741211,14.300000190734863,14.300000190734863,119600
2026-03-13,14.300000190734863,14.59000015258789,14.109999656677246,14.199999809265137,14.199999809265137,92900
2026-03-16,14.199999809265137,14.529999732971191,14.119999885559082,14.359999656677246,14.359999656677246,94500
2026-03-17,14.359999656677246,14.770000457763672,14.359999656677246,14.510000228881836,14.510000228881836,97100
2026-03-18,14.399999618530273,14.40999984741211,13.920000076293945,14.109999656677246,14.109999656677246,95600
2026-03-19,14.1899995803833,14.359999656677246,14.050000190734863,14.180000305175781,14.180000305175781,131900
2026-03-20,14.199999809265137,14.5600004196167,13.699999809265137,13.850000381469727,13.850000381469727,212000
2026-03-23,13.979999542236328,14.350000381469727,13.979999542236328,14.270000457763672,14.270000457763672,116400
2026-03-24,14.119999885559082,14.359999656677246,14.100000381469727,14.279999732971191,14.279999732971191,94300
2026-03-25,14.430000305175781,14.630000114440918,14.399999618530273,14.5600004196167,14.5600004196167,138500
2026-03-26,14.40999984741211,15.039999961853027,14.40999984741211,14.75,14.75,205000
2026-03-27,14.720000267028809,14.729999542236328,14.1899995803833,14.279999732971191,14.279999732971191,91800
2026-03-30,14.279999732971191,14.460000038146973,13.90999984741211,14.130000114440918,14.130000114440918,122700
2026-03-31,14.140000343322754,15.079999923706055,14.0600004196167,14.5,14.5,119700
2026-04-01,14.5600004196167,15.119999885559082,14.479999542236328,14.979999542236328,14.979999542236328,187800
2026-04-02,14.899999618530273,15.180000305175781,14.5600004196167,14.800000190734863,14.800000190734863,98800
2026-04-06,14.770000457763672,15.020000457763672,14.670000076293945,14.75,14.75,87700
2026-04-07,14.65999984741211,14.960000038146973,14.529999732971191,14.920000076293945,14.920000076293945,103600
2026-04-08,15.039999961853027,15.479999542236328,15.020000457763672,15.210000038146973,15.210000038146973,124700
2026-04-09,15.09000015258789,15.479999542236328,15.010000228881836,15.220000267028809,15.220000267028809,87600
2026-04-10,15.15999984741211,15.15999984741211,14.600000381469727,14.760000228881836,14.760000228881836,174300
2026-04-13,14.699999809265137,15.0,14.539999961853027,14.890000343322754,14.890000343322754,131600
2026-04-14,14.890000343322754,15.3100004196167,14.760000228881836,15.300000190734863,15.300000190734863,250900
2026-04-15,15.15999984741211,15.579999923706055,15.119999885559082,15.279999732971191,15.279999732971191,86800
2026-04-16,15.199999809265137,15.430000305175781,15.020000457763672,15.390000343322754,15.390000343322754,91400
2026-04-17,15.640000343322754,16.020000457763672,15.569999694824219,16.0,16.0,74400
2026-04-20,15.930000305175781,16.239999771118164,15.819999694824219,15.819999694824219,15.819999694824219,85200
2026-04-21,15.850000381469727,15.869999885559082,15.0,15.039999961853027,15.039999961853027,91000
2026-04-22,15.149999618530273,15.5600004196167,15.0,15.550000190734863,15.550000190734863,137900
2026-04-23,15.390000343322754,15.770000457763672,14.789999961853027,15.420000076293945,15.420000076293945,97700
2026-04-24,15.350000381469727,15.630000114440918,15.010000228881836,15.369999885559082,15.369999885559082,113100
2026-04-27,15.369999885559082,15.9399995803833,15.369999885559082,15.850000381469727,15.850000381469727,75700
2026-04-28,15.859999656677246,15.979999542236328,15.25,15.260000228881836,15.260000228881836,144000
2026-04-29,15.489999771118164,15.6899995803833,12.180000305175781,12.390000343322754,12.390000343322754,298000
2026-04-30,12.6899995803833,12.6899995803833,11.920000076293945,12.449999809265137,12.449999809265137,219800
2026-05-01,13.609999656677246,15.140000343322754,13.510000228881836,14.850000381469727,14.850000381469727,236300
2026-05-04,14.850000381469727,15.210000038146973,14.270000457763672,14.550000190734863,14.550000190734863,157800
2026-05-05,14.569999694824219,15.180000305175781,14.569999694824219,14.949999809265137,14.949999809265137,100300
2026-05-06,14.859999656677246,15.329999923706055,14.630000114440918,15.119999885559082,15.119999885559082,109800
2026-05-07,15.279999732971191,15.279999732971191,14.979999542236328,15.140000343322754,15.140000343322754,83700
2026-05-08,15.100000381469727,15.359999656677246,14.760000228881836,14.770000457763672,14.770000457763672,110700
2026-05-11,14.800000190734863,14.800000190734863,14.229999542236328,14.539999961853027,14.539999961853027,74000
2026-05-12,14.449999809265137,14.75,14.380000114440918,14.680000305175781,14.680000305175781,50100
2026-05-13,14.539999961853027,14.800000190734863,14.430000305175781,14.800000190734863,14.800000190734863,46000
2026-05-14,14.84000015258789,15.710000038146973,14.739999771118164,15.34000015258789,15.34000015258789,123800
2026-05-15,15.15999984741211,15.390000343322754,14.569999694824219,14.90999984741211,14.90999984741211,71200
2026-05-18,14.90999984741211,15.369999885559082,14.819999694824219,14.949999809265137,14.949999809265137,72800
2026-05-19,14.84000015258789,15.329999923706055,14.640000343322754,14.819999694824219,14.819999694824219,99900
2026-05-20,14.800000190734863,15.220000267028809,14.800000190734863,15.140000343322754,15.140000343322754,59200
2026-05-21,14.949999809265137,15.1899995803833,14.800000190734863,15.020000457763672,15.020000457763672,56500
2026-05-22,15.069999694824219,15.069999694824219,14.779999732971191,14.880000114440918,14.880000114440918,50800
2026-05-26,14.9399995803833,15.029999732971191,14.569999694824219,14.890000343322754,14.890000343322754,56100
2026-05-27,14.90999984741211,15.140000343322754,14.65999984741211,14.8100004196167,14.8100004196167,37600
2026-05-28,14.729999542236328,14.930000305175781,14.729999542236328,14.899999618530273,14.899999618530273,113700
2026-05-29,14.850000381469727,15.789999961853027,14.5,14.529999732971191,14.529999732971191,99700
2026-06-01,14.399999618530273,14.65999984741211,13.800000190734863,14.630000114440918,14.630000114440918,80800
2026-06-02,14.550000190734863,14.579999923706055,14.3100004196167,14.380000114440918,14.380000114440918,57600
2026-06-03,14.430000305175781,14.510000228881836,14.199999809265137,14.40999984741211,14.40999984741211,49300
2026-06-04,14.59000015258789,15.069999694824219,14.539999961853027,14.789999961853027,14.789999961853027,59700
2026-06-05,14.75,14.890000343322754,14.369999885559082,14.479999542236328,14.479999542236328,42700
2026-06-08,14.399999618530273,14.84000015258789,14.399999618530273,14.600000381469727,14.600000381469727,53800
2026-06-09,14.779999732971191,14.9399995803833,14.380000114440918,14.569999694824219,14.569999694824219,56300
2026-06-10,14.600000381469727,15.020000457763672,14.25,14.949999809265137,14.949999809265137,117500
2026-06-11,14.720000267028809,15.140000343322754,14.640000343322754,14.720000267028809,14.720000267028809,45200
2026-06-12,14.720000267028809,14.899999618530273,14.640000343322754,14.720000267028809,14.720000267028809,53400
2026-06-15,14.720000267028809,14.930000305175781,14.449999809265137,14.609999656677246,14.609999656677246,52500
2026-06-16,14.6899995803833,14.6899995803833,14.279999732971191,14.300000190734863,14.300000190734863,59800
2026-06-17,14.300000190734863,14.470000267028809,14.100000381469727,14.229999542236328,14.229999542236328,89100
2026-06-18,14.380000114440918,14.5,14.069999694824219,14.420000076293945,14.420000076293945,131900
2026-06-22,14.390000343322754,14.510000228881836,13.770000457763672,14.199999809265137,14.199999809265137,92800
2026-06-23,14.130000114440918,14.699999809265137,14.130000114440918,14.59000015258789,14.59000015258789,54800
2026-06-24,14.649999618530273,14.920000076293945,14.319999694824219,14.729999542236328,14.729999542236328,69500
2026-06-25,14.739999771118164,14.899999618530273,14.59000015258789,14.619999885559082,14.619999885559082,43100
2026-06-26,14.579999923706055,15.15999984741211,14.579999923706055,15.100000381469727,15.100000381469727,166400
2026-06-29,15.069999694824219,15.300000190734863,14.970000267028809,15.010000228881836,15.010000228881836,76100
2026-06-30,14.869999885559082,14.869999885559082,14.380000114440918,14.630000114440918,14.630000114440918,74800
2026-07-01,14.890000343322754,15.270000457763672,14.699999809265137,15.180000305175781,15.180000305175781,95800
2026-07-02,15.180000305175781,15.510000228881836,15.149999618530273,15.359999656677246,15.359999656677246,43200
2026-07-06,15.300000190734863,16.280000686645508,15.170000076293945,16.030000686645508,16.030000686645508,58700
2026-07-07,16.190000534057617,16.489999771118164,15.739999771118164,15.869999885559082,15.869999885559082,89400
2026-07-08,15.729999542236328,16.3700008392334,15.619999885559082,16.34000015258789,16.34000015258789,157000
2026-07-09,16.290000915527344,16.290000915527344,15.760000228881836,16.09000015258789,16.09000015258789,53500
2026-07-10,16.1200008392334,16.1200008392334,14.930000305175781,15.600000381469727,15.600000381469727,46900
