date,open,high,low,close,adjclose,volume
2021-08-02,16.149999618530273,16.56999969482422,16.079999923706055,16.100000381469727,16.100000381469727,1793200
2021-08-03,16.40999984741211,16.809999465942383,16.0,16.760000228881836,16.760000228881836,1820300
2021-08-04,16.8799991607666,17.020000457763672,16.110000610351562,16.260000228881836,16.260000228881836,2722700
2021-08-05,15.739999771118164,17.809999465942383,15.100000381469727,17.649999618530273,17.649999618530273,8701800
2021-08-06,17.799999237060547,18.479999542236328,17.309999465942383,17.610000610351562,17.610000610351562,5804300
2021-08-09,17.56999969482422,18.1200008392334,17.440000534057617,17.649999618530273,17.649999618530273,2884100
2021-08-10,16.809999465942383,17.299999237060547,15.149999618530273,15.210000038146973,15.210000038146973,8368600
2021-08-11,16.139999389648438,16.229999542236328,15.210000038146973,15.579999923706055,15.579999923706055,5637300
2021-08-12,15.5,16.68000030517578,15.449999809265137,16.639999389648438,16.639999389648438,3991800
2021-08-13,16.5,16.8799991607666,16.06999969482422,16.149999618530273,16.149999618530273,2496800
2021-08-16,16.0,16.0,15.180000305175781,15.270000457763672,15.270000457763672,2425300
2021-08-17,14.890000343322754,15.359999656677246,14.3100004196167,14.380000114440918,14.380000114440918,4556700
2021-08-18,14.399999618530273,15.0,14.15999984741211,14.569999694824219,14.569999694824219,2744100
2021-08-19,14.5600004196167,14.819999694824219,14.1899995803833,14.239999771118164,14.239999771118164,2414100
2021-08-20,14.0600004196167,14.569999694824219,14.0,14.210000038146973,14.210000038146973,2732500
2021-08-23,14.479999542236328,15.140000343322754,14.449999809265137,15.119999885559082,15.119999885559082,2418900
2021-08-24,15.210000038146973,15.529999732971191,14.920000076293945,15.449999809265137,15.449999809265137,1786900
2021-08-25,15.449999809265137,15.920000076293945,15.3100004196167,15.470000267028809,15.470000267028809,1676700
2021-08-26,15.4399995803833,15.710000038146973,15.210000038146973,15.34000015258789,15.34000015258789,1799300
2021-08-27,15.369999885559082,15.829999923706055,15.220000267028809,15.65999984741211,15.65999984741211,1815000
2021-08-30,15.649999618530273,15.9399995803833,15.460000038146973,15.699999809265137,15.699999809265137,1422500
2021-08-31,15.8100004196167,16.280000686645508,15.789999961853027,15.920000076293945,15.920000076293945,1456900
2021-09-01,15.890000343322754,16.200000762939453,15.84000015258789,16.149999618530273,16.149999618530273,1546100
2021-09-02,16.170000076293945,16.219999313354492,15.869999885559082,15.90999984741211,15.90999984741211,1302500
2021-09-03,15.84000015258789,15.899999618530273,15.350000381469727,15.65999984741211,15.65999984741211,1500200
2021-09-07,15.600000381469727,15.609999656677246,14.920000076293945,15.100000381469727,15.100000381469727,2232600
2021-09-08,15.069999694824219,15.09000015258789,14.569999694824219,14.960000038146973,14.960000038146973,2515900
2021-09-09,14.869999885559082,15.789999961853027,14.869999885559082,15.25,15.25,3527200
2021-09-10,15.25,15.399999618530273,14.859999656677246,15.199999809265137,15.199999809265137,2500900
2021-09-13,15.260000228881836,15.520000457763672,14.850000381469727,15.489999771118164,15.489999771118164,2626500
2021-09-14,15.529999732971191,16.1200008392334,15.430000305175781,15.479999542236328,15.479999542236328,2370800
2021-09-15,15.399999618530273,15.399999618530273,14.819999694824219,15.069999694824219,15.069999694824219,2119400
2021-09-16,15.010000228881836,15.3100004196167,14.899999618530273,15.210000038146973,15.210000038146973,1367400
2021-09-17,15.350000381469727,15.739999771118164,15.100000381469727,15.699999809265137,15.699999809265137,4027800
2021-09-20,15.199999809265137,15.539999961853027,14.800000190734863,15.020000457763672,15.020000457763672,2817900
2021-09-21,15.15999984741211,15.489999771118164,15.109999656677246,15.319999694824219,15.319999694824219,1754200
2021-09-22,15.470000267028809,15.680000305175781,15.350000381469727,15.390000343322754,15.390000343322754,1633900
2021-09-23,15.300000190734863,15.460000038146973,15.180000305175781,15.369999885559082,15.369999885559082,1855100
2021-09-24,15.25,15.300000190734863,14.90999984741211,14.920000076293945,14.920000076293945,2121500
2021-09-27,15.0,15.449999809265137,14.829999923706055,15.380000114440918,15.380000114440918,2754300
2021-09-28,15.300000190734863,15.319999694824219,14.699999809265137,14.729999542236328,14.729999542236328,2713000
2021-09-29,14.890000343322754,15.0,14.359999656677246,14.380000114440918,14.380000114440918,2691400
2021-09-30,14.489999771118164,14.739999771118164,14.199999809265137,14.369999885559082,14.369999885559082,3088800
2021-10-01,14.25,14.350000381469727,13.630000114440918,13.729999542236328,13.729999542236328,4348100
2021-10-04,13.510000228881836,13.699999809265137,13.100000381469727,13.3100004196167,13.3100004196167,3214100
2021-10-05,13.350000381469727,13.789999961853027,13.350000381469727,13.729999542236328,13.729999542236328,1838800
2021-10-06,13.489999771118164,13.6899995803833,13.289999961853027,13.529999732971191,13.529999732971191,2183800
2021-10-07,13.600000381469727,13.960000038146973,13.539999961853027,13.960000038146973,13.960000038146973,1964000
2021-10-08,14.010000228881836,14.479999542236328,13.720000267028809,14.460000038146973,14.460000038146973,2348000
2021-10-11,14.489999771118164,14.609999656677246,14.350000381469727,14.420000076293945,14.420000076293945,1700900
2021-10-12,14.5,15.0,14.399999618530273,14.710000038146973,14.710000038146973,2194000
2021-10-13,14.819999694824219,15.010000228881836,14.59000015258789,14.989999771118164,14.989999771118164,2519600
2021-10-14,15.130000114440918,15.59000015258789,15.130000114440918,15.449999809265137,15.449999809265137,2703100
2021-10-15,15.4399995803833,15.539999961853027,15.119999885559082,15.130000114440918,15.130000114440918,1969900
2021-10-18,15.100000381469727,15.239999771118164,14.90999984741211,14.920000076293945,14.920000076293945,3063900
2021-10-19,15.0,15.279999732971191,14.760000228881836,15.039999961853027,15.039999961853027,1870100
2021-10-20,14.970000267028809,15.079999923706055,14.3100004196167,14.329999923706055,14.329999923706055,2411900
2021-10-21,14.329999923706055,14.699999809265137,14.279999732971191,14.609999656677246,14.609999656677246,1414800
2021-10-22,14.600000381469727,14.770000457763672,14.34000015258789,14.699999809265137,14.699999809265137,1631300
2021-10-25,14.710000038146973,15.489999771118164,14.609999656677246,15.460000038146973,15.460000038146973,2624700
2021-10-26,15.670000076293945,15.770000457763672,15.34000015258789,15.380000114440918,15.380000114440918,1638000
2021-10-27,15.470000267028809,15.550000190734863,14.90999984741211,14.930000305175781,14.930000305175781,2442700
2021-10-28,14.979999542236328,15.270000457763672,14.819999694824219,15.239999771118164,15.239999771118164,1706800
2021-10-29,15.239999771118164,15.399999618530273,14.84000015258789,14.930000305175781,14.930000305175781,1660200
2021-11-01,15.069999694824219,15.350000381469727,14.930000305175781,15.3100004196167,15.3100004196167,2192400
2021-11-02,15.3100004196167,15.479999542236328,14.989999771118164,15.140000343322754,15.140000343322754,2453800
2021-11-03,13.529999732971191,13.970000267028809,12.130000114440918,12.399999618530273,12.399999618530273,12999000
2021-11-04,12.15999984741211,12.270000457763672,11.520000457763672,11.609999656677246,11.609999656677246,6470900
2021-11-05,11.550000190734863,12.829999923706055,11.529999732971191,12.40999984741211,12.40999984741211,4712100
2021-11-08,12.3100004196167,12.489999771118164,12.050000190734863,12.220000267028809,12.220000267028809,3401200
2021-11-09,12.239999771118164,12.979999542236328,12.220000267028809,12.9399995803833,12.9399995803833,3378400
2021-11-10,12.859999656677246,13.270000457763672,12.619999885559082,12.729999542236328,12.729999542236328,3356600
2021-11-11,12.760000228881836,12.899999618530273,12.319999694824219,12.359999656677246,12.359999656677246,1992500
2021-11-12,12.34000015258789,12.40999984741211,12.100000381469727,12.25,12.25,1988900
2021-11-15,12.25,12.350000381469727,11.8100004196167,11.869999885559082,11.869999885559082,2055900
2021-11-16,11.800000190734863,12.130000114440918,11.699999809265137,12.100000381469727,12.100000381469727,2603400
2021-11-17,12.109999656677246,12.1899995803833,11.920000076293945,12.010000228881836,12.010000228881836,1978100
2021-11-18,12.0,12.119999885559082,11.34000015258789,11.75,11.75,2909100
2021-11-19,11.720000267028809,12.079999923706055,11.699999809265137,11.890000343322754,11.890000343322754,2768000
2021-11-22,12.600000381469727,12.949999809265137,12.100000381469727,12.449999809265137,12.449999809265137,5197400
2021-11-23,12.449999809265137,12.649999618530273,12.210000038146973,12.369999885559082,12.369999885559082,3513100
2021-11-24,12.199999809265137,12.619999885559082,12.069999694824219,12.5,12.5,1774800
2021-11-26,12.8100004196167,13.119999885559082,12.239999771118164,12.479999542236328,12.479999542236328,2699400
2021-11-29,12.640000343322754,12.800000190734863,12.260000228881836,12.449999809265137,12.449999809265137,2581800
2021-11-30,12.300000190734863,12.449999809265137,11.789999961853027,12.0600004196167,12.0600004196167,2571900
2021-12-01,12.100000381469727,12.40999984741211,11.270000457763672,11.270000457763672,11.270000457763672,2687500
2021-12-02,11.319999694824219,12.149999618530273,11.239999771118164,11.869999885559082,11.869999885559082,2996000
2021-12-03,11.850000381469727,11.970000267028809,11.220000267028809,11.4399995803833,11.4399995803833,2277600
2021-12-06,11.359999656677246,11.5,10.720000267028809,11.180000305175781,11.180000305175781,3826500
2021-12-07,11.350000381469727,12.460000038146973,11.350000381469727,12.210000038146973,12.210000038146973,3120300
2021-12-08,12.25,12.430000305175781,11.930000305175781,12.239999771118164,12.239999771118164,1769900
2021-12-09,12.15999984741211,12.25,11.770000457763672,11.779999732971191,11.779999732971191,1920500
2021-12-10,12.020000457763672,12.260000228881836,11.609999656677246,11.649999618530273,11.649999618530273,2044100
2021-12-13,11.649999618530273,11.859999656677246,11.3100004196167,11.579999923706055,11.579999923706055,2028900
2021-12-14,11.390000343322754,11.579999923706055,11.1899995803833,11.430000305175781,11.430000305175781,2036700
2021-12-15,11.4399995803833,12.010000228881836,11.029999732971191,11.869999885559082,11.869999885559082,2410700
2021-12-16,11.930000305175781,12.1899995803833,11.779999732971191,11.930000305175781,11.930000305175781,2337600
2021-12-17,11.880000114440918,13.199999809265137,11.789999961853027,13.029999732971191,13.029999732971191,8512000
2021-12-20,12.84000015258789,13.4399995803833,12.59000015258789,13.180000305175781,13.180000305175781,3172200
2021-12-21,13.130000114440918,13.5,12.880000114440918,13.479999542236328,13.479999542236328,2072900
2021-12-22,13.479999542236328,14.050000190734863,13.199999809265137,13.84000015258789,13.84000015258789,2074600
2021-12-23,13.710000038146973,14.109999656677246,13.600000381469727,13.920000076293945,13.920000076293945,1908600
2021-12-27,13.850000381469727,14.0600004196167,13.65999984741211,13.829999923706055,13.829999923706055,1759300
2021-12-28,13.729999542236328,14.069999694824219,13.630000114440918,13.649999618530273,13.649999618530273,1686700
2021-12-29,13.649999618530273,13.729999542236328,13.449999809265137,13.699999809265137,13.699999809265137,1333900
2021-12-30,13.680000305175781,14.0,13.569999694824219,13.789999961853027,13.789999961853027,2194900
2021-12-31,13.84000015258789,14.180000305175781,13.75,13.850000381469727,13.850000381469727,2354400
2022-01-03,13.90999984741211,14.109999656677246,13.550000190734863,14.069999694824219,14.069999694824219,2792300
2022-01-04,14.0600004196167,14.109999656677246,13.520000457763672,13.720000267028809,13.720000267028809,2320500
2022-01-05,13.649999618530273,13.8100004196167,12.550000190734863,12.65999984741211,12.65999984741211,3054900
2022-01-06,12.75,12.890000343322754,12.199999809265137,12.420000076293945,12.420000076293945,2380200
2022-01-07,12.380000114440918,12.569999694824219,11.5600004196167,11.5600004196167,11.5600004196167,3425800
2022-01-10,12.300000190734863,14.829999923706055,12.25,14.779999732971191,14.779999732971191,15085400
2022-01-11,14.399999618530273,17.350000381469727,14.15999984741211,16.43000030517578,16.43000030517578,20951900
2022-01-12,16.760000228881836,17.260000228881836,16.15999984741211,16.690000534057617,16.690000534057617,10084900
2022-01-13,16.790000915527344,17.200000762939453,16.06999969482422,16.149999618530273,16.149999618530273,6137400
2022-01-14,15.630000114440918,15.760000228881836,14.720000267028809,15.479999542236328,15.479999542236328,5839300
2022-01-18,15.220000267028809,15.600000381469727,14.489999771118164,14.569999694824219,14.569999694824219,3901900
2022-01-19,14.6899995803833,15.390000343322754,14.5,14.539999961853027,14.539999961853027,4929600
2022-01-20,14.680000305175781,14.699999809265137,13.899999618530273,13.979999542236328,13.979999542236328,3125900
2022-01-21,13.630000114440918,14.010000228881836,13.359999656677246,13.779999732971191,13.779999732971191,4475800
2022-01-24,13.319999694824219,14.390000343322754,12.859999656677246,14.260000228881836,14.260000228881836,5202100
2022-01-25,14.09000015258789,14.859999656677246,13.8100004196167,14.649999618530273,14.649999618530273,3023700
2022-01-26,14.979999542236328,16.1299991607666,14.800000190734863,14.989999771118164,14.989999771118164,5297600
2022-01-27,14.949999809265137,15.449999809265137,14.100000381469727,14.119999885559082,14.119999885559082,2657000
2022-01-28,14.109999656677246,14.880000114440918,13.899999618530273,14.869999885559082,14.869999885559082,2288900
2022-01-31,14.869999885559082,15.489999771118164,14.829999923706055,15.449999809265137,15.449999809265137,2341700
2022-02-01,15.489999771118164,15.789999961853027,15.020000457763672,15.329999923706055,15.329999923706055,2330100
2022-02-02,15.25,15.380000114440918,14.75,15.0600004196167,15.0600004196167,1925900
2022-02-03,14.84000015258789,15.119999885559082,14.619999885559082,14.949999809265137,14.949999809265137,1885200
2022-02-04,14.890000343322754,15.390000343322754,14.680000305175781,15.210000038146973,15.210000038146973,1998400
2022-02-07,15.180000305175781,16.469999313354492,15.140000343322754,16.3799991607666,16.3799991607666,3120000
2022-02-08,16.389999389648438,17.219999313354492,16.110000610351562,17.200000762939453,17.200000762939453,4079700
2022-02-09,17.239999771118164,17.65999984741211,17.200000762939453,17.65999984741211,17.65999984741211,3958300
2022-02-10,17.299999237060547,18.709999084472656,17.219999313354492,17.889999389648438,17.889999389648438,5777400
2022-02-11,17.940000534057617,18.450000762939453,17.65999984741211,17.790000915527344,17.790000915527344,3399100
2022-02-14,17.65999984741211,18.09000015258789,17.420000076293945,17.799999237060547,17.799999237060547,2178300
2022-02-15,18.0,18.780000686645508,17.950000762939453,18.760000228881836,18.760000228881836,3048800
2022-02-16,18.799999237060547,19.989999771118164,18.43000030517578,19.760000228881836,19.760000228881836,5337600
2022-02-17,19.540000915527344,19.969999313354492,18.90999984741211,19.139999389648438,19.139999389648438,3732600
2022-02-18,19.200000762939453,19.299999237060547,18.639999389648438,18.739999771118164,18.739999771118164,3192800
2022-02-22,18.079999923706055,18.420000076293945,17.600000381469727,17.75,17.75,4066200
2022-02-23,16.75,17.68000030517578,16.68000030517578,16.700000762939453,16.700000762939453,5567600
2022-02-24,15.890000343322754,16.739999771118164,15.4399995803833,16.68000030517578,16.68000030517578,5755000
2022-02-25,16.579999923706055,17.290000915527344,16.049999237060547,17.059999465942383,17.059999465942383,3254700
2022-02-28,16.790000915527344,17.149999618530273,16.350000381469727,16.610000610351562,16.610000610351562,3321100
2022-03-01,16.739999771118164,17.479999542236328,16.610000610351562,16.81999969482422,16.81999969482422,2726700
2022-03-02,16.979999542236328,17.1200008392334,16.549999237060547,16.950000762939453,16.950000762939453,1780100
2022-03-03,16.959999084472656,17.040000915527344,16.360000610351562,16.479999542236328,16.479999542236328,2148300
2022-03-04,16.239999771118164,16.40999984741211,15.859999656677246,16.100000381469727,16.100000381469727,2518000
2022-03-07,15.970000267028809,17.440000534057617,15.970000267028809,17.360000610351562,17.360000610351562,3667200
2022-03-08,17.25,18.520000457763672,17.25,17.639999389648438,17.639999389648438,4060100
2022-03-09,17.989999771118164,18.600000381469727,17.899999618530273,18.450000762939453,18.450000762939453,3058700
2022-03-10,18.139999389648438,18.190000534057617,16.520000457763672,16.84000015258789,16.84000015258789,4457900
2022-03-11,16.940000534057617,17.700000762939453,16.110000610351562,16.1200008392334,16.1200008392334,2995300
2022-03-14,16.020000457763672,16.18000030517578,15.479999542236328,15.8100004196167,15.8100004196167,3122000
2022-03-15,15.920000076293945,15.989999771118164,14.920000076293945,15.15999984741211,15.15999984741211,3339300
2022-03-16,15.289999961853027,15.520000457763672,14.430000305175781,15.470000267028809,15.470000267028809,5701200
2022-03-17,15.479999542236328,15.9399995803833,15.289999961853027,15.84000015258789,15.84000015258789,2921300
2022-03-18,15.739999771118164,17.1200008392334,15.609999656677246,16.219999313354492,16.219999313354492,7122000
2022-03-21,16.18000030517578,16.6200008392334,15.729999542236328,15.779999732971191,15.779999732971191,3768900
2022-03-22,15.899999618530273,16.790000915527344,15.640000343322754,16.729999542236328,16.729999542236328,3198600
2022-03-23,16.670000076293945,16.899999618530273,16.389999389648438,16.40999984741211,16.40999984741211,1583400
2022-03-24,16.520000457763672,16.700000762939453,16.06999969482422,16.68000030517578,16.68000030517578,1454400
2022-03-25,16.6299991607666,16.700000762939453,15.930000305175781,15.989999771118164,15.989999771118164,2025000
2022-03-28,15.90999984741211,16.420000076293945,15.739999771118164,16.209999084472656,16.209999084472656,1665900
2022-03-29,16.469999313354492,17.56999969482422,16.440000534057617,17.110000610351562,17.110000610351562,3231200
2022-03-30,17.09000015258789,17.299999237060547,16.389999389648438,16.440000534057617,16.440000534057617,2058900
2022-03-31,16.459999084472656,16.559999465942383,16.25,16.260000228881836,16.260000228881836,1963600
2022-04-01,16.239999771118164,17.049999237060547,16.09000015258789,16.59000015258789,16.59000015258789,3285400
2022-04-04,16.600000381469727,16.860000610351562,16.329999923706055,16.760000228881836,16.760000228881836,2122200
2022-04-05,16.5,16.729999542236328,16.049999237060547,16.229999542236328,16.229999542236328,2848000
2022-04-06,16.0,16.559999465942383,15.8100004196167,16.469999313354492,16.469999313354492,2816100
2022-04-07,16.239999771118164,18.0,16.239999771118164,17.8799991607666,17.8799991607666,6274600
2022-04-08,13.970000267028809,13.989999771118164,11.020000457763672,11.119999885559082,11.119999885559082,37366400
2022-04-11,10.399999618530273,11.170000076293945,10.170000076293945,10.880000114440918,10.880000114440918,10261800
2022-04-12,10.829999923706055,11.289999961853027,10.65999984741211,10.930000305175781,10.930000305175781,6610500
2022-04-13,10.979999542236328,12.789999961853027,10.970000267028809,12.59000015258789,12.59000015258789,9464100
2022-04-14,12.359999656677246,12.760000228881836,11.300000190734863,11.390000343322754,11.390000343322754,8398900
2022-04-18,11.039999961853027,11.09000015258789,10.550000190734863,10.609999656677246,10.609999656677246,7621100
2022-04-19,10.579999923706055,10.75,10.170000076293945,10.220000267028809,10.220000267028809,6118000
2022-04-20,10.229999542236328,10.539999961853027,10.149999618530273,10.3100004196167,10.3100004196167,4648500
2022-04-21,10.25,10.470000267028809,9.539999961853027,9.6899995803833,9.6899995803833,7324000
2022-04-22,9.760000228881836,9.90999984741211,9.579999923706055,9.670000076293945,9.670000076293945,4391700
2022-04-25,9.569999694824219,10.199999809265137,9.569999694824219,10.069999694824219,10.069999694824219,3404800
2022-04-26,10.029999732971191,10.239999771118164,9.479999542236328,9.5,9.5,4654500
2022-04-27,9.5,10.079999923706055,9.5,9.949999809265137,9.949999809265137,3840200
2022-04-28,10.020000457763672,10.140000343322754,9.40999984741211,9.670000076293945,9.670000076293945,4917300
2022-04-29,9.710000038146973,10.020000457763672,9.25,9.289999961853027,9.289999961853027,4747800
2022-05-02,9.210000038146973,9.649999618530273,9.180000305175781,9.600000381469727,9.600000381469727,7239800
2022-05-03,9.609999656677246,9.850000381469727,9.5,9.800000190734863,9.800000190734863,5116900
2022-05-04,9.819999694824219,10.220000267028809,9.430000305175781,10.180000305175781,10.180000305175781,6990500
2022-05-05,9.720000267028809,10.430000305175781,9.600000381469727,9.779999732971191,9.779999732971191,7193700
2022-05-06,9.65999984741211,9.6899995803833,8.960000038146973,9.09000015258789,9.09000015258789,5108600
2022-05-09,8.930000305175781,9.069999694824219,8.260000228881836,8.369999885559082,8.369999885559082,6177600
2022-05-10,8.699999809265137,9.109999656677246,8.430000305175781,8.600000381469727,8.600000381469727,5724700
2022-05-11,8.510000228881836,8.569999694824219,7.75,7.940000057220459,7.940000057220459,5338900
2022-05-12,7.800000190734863,8.170000076293945,7.610000133514404,7.889999866485596,7.889999866485596,5385200
2022-05-13,8.15999984741211,8.680000305175781,7.989999771118164,8.390000343322754,8.390000343322754,5858300
2022-05-16,8.399999618530273,8.739999771118164,8.140000343322754,8.5,8.5,4531800
2022-05-17,8.699999809265137,9.0,8.5,8.899999618530273,8.899999618530273,3294400
2022-05-18,8.680000305175781,8.90999984741211,8.329999923706055,8.520000457763672,8.520000457763672,3226000
2022-05-19,8.5,9.109999656677246,8.449999809265137,9.029999732971191,9.029999732971191,3978500
2022-05-20,9.109999656677246,9.199999809265137,8.670000076293945,9.100000381469727,9.100000381469727,3200800
2022-05-23,9.140000343322754,9.220000267028809,8.789999961853027,8.899999618530273,8.899999618530273,1815200
2022-05-24,8.829999923706055,8.880000114440918,8.470000267028809,8.569999694824219,8.569999694824219,2337400
2022-05-25,8.600000381469727,8.829999923706055,8.449999809265137,8.800000190734863,8.800000190734863,2200100
2022-05-26,8.8100004196167,9.289999961853027,8.710000038146973,9.050000190734863,9.050000190734863,2618600
2022-05-27,9.109999656677246,9.899999618530273,9.100000381469727,9.760000228881836,9.760000228881836,2740400
2022-05-31,9.680000305175781,9.75,9.15999984741211,9.3100004196167,9.3100004196167,3424600
2022-06-01,9.34000015258789,9.630000114440918,9.199999809265137,9.4399995803833,9.4399995803833,2219900
2022-06-02,9.369999885559082,9.970000267028809,9.1899995803833,9.899999618530273,9.899999618530273,3060100
2022-06-03,9.819999694824219,10.710000038146973,9.789999961853027,10.449999809265137,10.449999809265137,3699100
2022-06-06,10.600000381469727,10.800000190734863,10.300000190734863,10.40999984741211,10.40999984741211,2575700
2022-06-07,10.350000381469727,11.050000190734863,10.319999694824219,10.789999961853027,10.789999961853027,1889500
2022-06-08,10.760000228881836,11.319999694824219,10.760000228881836,10.880000114440918,10.880000114440918,3194500
2022-06-09,10.75,10.880000114440918,10.479999542236328,10.489999771118164,10.489999771118164,1539400
2022-06-10,10.3100004196167,10.40999984741211,9.859999656677246,9.859999656677246,9.859999656677246,2635000
2022-06-13,9.430000305175781,9.600000381469727,9.100000381469727,9.350000381469727,9.350000381469727,3281000
2022-06-14,9.399999618530273,9.65999984741211,9.149999618530273,9.449999809265137,9.449999809265137,3130800
2022-06-15,9.529999732971191,9.680000305175781,9.180000305175781,9.300000190734863,9.300000190734863,3667100
2022-06-16,9.109999656677246,9.239999771118164,8.539999961853027,9.119999885559082,9.119999885559082,4555400
2022-06-17,9.1899995803833,9.859999656677246,9.1899995803833,9.619999885559082,9.619999885559082,9358700
2022-06-21,9.739999771118164,9.880000114440918,9.40999984741211,9.449999809265137,9.449999809265137,2989100
2022-06-22,9.260000228881836,9.8100004196167,9.1899995803833,9.489999771118164,9.489999771118164,2834700
2022-06-23,9.5600004196167,10.229999542236328,9.319999694824219,10.170000076293945,10.170000076293945,4470800
2022-06-24,10.25,10.90999984741211,10.1899995803833,10.760000228881836,10.760000228881836,6847400
2022-06-27,10.84000015258789,10.949999809265137,10.329999923706055,10.880000114440918,10.880000114440918,3449500
2022-06-28,10.880000114440918,10.960000038146973,10.300000190734863,10.460000038146973,10.460000038146973,3796900
2022-06-29,10.4399995803833,10.920000076293945,10.4399995803833,10.8100004196167,10.8100004196167,2125100
2022-06-30,10.619999885559082,10.880000114440918,10.460000038146973,10.579999923706055,10.579999923706055,1908300
2022-07-01,10.59000015258789,10.920000076293945,10.329999923706055,10.84000015258789,10.84000015258789,2533100
2022-07-05,10.640000343322754,11.170000076293945,10.550000190734863,11.140000343322754,11.140000343322754,3044800
2022-07-06,11.100000381469727,11.609999656677246,11.0600004196167,11.229999542236328,11.229999542236328,2538000
2022-07-07,11.260000228881836,12.34000015258789,11.180000305175781,11.979999542236328,11.979999542236328,3895900
2022-07-08,11.779999732971191,12.270000457763672,11.720000267028809,12.079999923706055,12.079999923706055,2923800
2022-07-11,11.989999771118164,12.0,11.079999923706055,11.130000114440918,11.130000114440918,3323300
2022-07-12,11.09000015258789,11.4399995803833,10.869999885559082,11.239999771118164,11.239999771118164,2994900
2022-07-13,11.0600004196167,12.029999732971191,10.960000038146973,11.970000267028809,11.970000267028809,2943500
2022-07-14,11.880000114440918,11.989999771118164,11.420000076293945,11.489999771118164,11.489999771118164,2962700
2022-07-15,11.65999984741211,11.680000305175781,11.170000076293945,11.649999618530273,11.649999618530273,3435600
2022-07-18,11.829999923706055,12.020000457763672,11.279999732971191,11.359999656677246,11.359999656677246,2262000
2022-07-19,11.539999961853027,11.9399995803833,11.539999961853027,11.829999923706055,11.829999923706055,2048700
2022-07-20,11.789999961853027,12.270000457763672,11.789999961853027,11.930000305175781,11.930000305175781,1883400
2022-07-21,11.859999656677246,11.989999771118164,11.520000457763672,11.649999618530273,11.649999618530273,1269400
2022-07-22,11.729999542236328,11.880000114440918,11.09000015258789,11.109999656677246,11.109999656677246,1833900
2022-07-25,11.199999809265137,11.199999809265137,10.819999694824219,10.899999618530273,10.899999618530273,1930800
2022-07-26,10.760000228881836,11.069999694824219,10.5600004196167,10.789999961853027,10.789999961853027,1918000
2022-07-27,10.819999694824219,11.119999885559082,10.640000343322754,11.050000190734863,11.050000190734863,2253100
2022-07-28,11.020000457763672,11.09000015258789,10.640000343322754,11.0,11.0,1536900
2022-07-29,10.930000305175781,11.069999694824219,10.649999618530273,11.020000457763672,11.020000457763672,1837600
2022-08-01,10.90999984741211,11.199999809265137,10.779999732971191,10.84000015258789,10.84000015258789,1838600
2022-08-02,10.779999732971191,11.149999618530273,10.699999809265137,11.119999885559082,11.119999885559082,1490900
2022-08-03,11.289999961853027,11.75,11.020000457763672,11.149999618530273,11.149999618530273,3178700
2022-08-04,12.710000038146973,14.1899995803833,12.350000381469727,13.739999771118164,13.739999771118164,11758000
2022-08-05,12.930000305175781,14.319999694824219,12.880000114440918,14.050000190734863,14.050000190734863,6071500
2022-08-08,13.970000267028809,15.430000305175781,13.899999618530273,14.210000038146973,14.210000038146973,4674500
2022-08-09,14.100000381469727,14.710000038146973,13.789999961853027,14.449999809265137,14.449999809265137,3504600
2022-08-10,14.6899995803833,14.890000343322754,14.529999732971191,14.760000228881836,14.760000228881836,2007200
2022-08-11,14.789999961853027,14.970000267028809,14.220000267028809,14.369999885559082,14.369999885559082,3294800
2022-08-12,14.600000381469727,14.859999656677246,14.4399995803833,14.640000343322754,14.640000343322754,2788800
2022-08-15,14.569999694824219,14.930000305175781,14.5,14.8100004196167,14.8100004196167,2346000
2022-08-16,14.779999732971191,14.869999885559082,14.520000457763672,14.630000114440918,14.630000114440918,1965400
2022-08-17,14.59000015258789,14.680000305175781,14.25,14.25,14.25,2152200
2022-08-18,14.34000015258789,14.390000343322754,14.109999656677246,14.329999923706055,14.329999923706055,2109000
2022-08-19,14.050000190734863,14.229999542236328,13.899999618530273,14.130000114440918,14.130000114440918,1843800
2022-08-22,13.979999542236328,14.619999885559082,13.899999618530273,13.979999542236328,13.979999542236328,1864100
2022-08-23,14.039999961853027,14.649999618530273,13.930000305175781,14.449999809265137,14.449999809265137,1968000
2022-08-24,14.3100004196167,15.119999885559082,14.300000190734863,14.8100004196167,14.8100004196167,2234500
2022-08-25,14.989999771118164,15.109999656677246,14.680000305175781,14.789999961853027,14.789999961853027,1304400
2022-08-26,14.90999984741211,15.0,14.229999542236328,14.260000228881836,14.260000228881836,1967700
2022-08-29,14.010000228881836,14.430000305175781,13.850000381469727,13.949999809265137,13.949999809265137,2058000
2022-08-30,14.0,14.220000267028809,13.720000267028809,13.829999923706055,13.829999923706055,1443500
2022-08-31,13.890000343322754,14.180000305175781,13.770000457763672,13.899999618530273,13.899999618530273,1732100
2022-09-01,13.789999961853027,14.119999885559082,13.40999984741211,14.100000381469727,14.100000381469727,2448000
2022-09-02,14.239999771118164,14.489999771118164,13.979999542236328,14.069999694824219,14.069999694824219,1982600
2022-09-06,14.039999961853027,14.109999656677246,13.600000381469727,13.619999885559082,13.619999885559082,1953200
2022-09-07,13.600000381469727,13.890000343322754,13.550000190734863,13.829999923706055,13.829999923706055,2263100
2022-09-08,13.84000015258789,13.84000015258789,13.220000267028809,13.729999542236328,13.729999542236328,3193500
2022-09-09,13.800000190734863,13.960000038146973,13.4399995803833,13.449999809265137,13.449999809265137,2413800
2022-09-12,13.460000038146973,13.789999961853027,13.100000381469727,13.779999732971191,13.779999732971191,2124200
2022-09-13,13.390000343322754,13.5,13.069999694824219,13.170000076293945,13.170000076293945,2879500
2022-09-14,13.220000267028809,13.5600004196167,13.020000457763672,13.489999771118164,13.489999771118164,2017400
2022-09-15,13.4399995803833,13.569999694824219,12.770000457763672,12.829999923706055,12.829999923706055,3459100
2022-09-16,12.550000190734863,13.510000228881836,12.550000190734863,13.149999618530273,13.149999618530273,5559300
2022-09-19,13.039999961853027,13.680000305175781,12.920000076293945,13.579999923706055,13.579999923706055,3263600
2022-09-20,13.5600004196167,13.6899995803833,13.109999656677246,13.369999885559082,13.369999885559082,2487300
2022-09-21,13.5,13.619999885559082,13.010000228881836,13.050000190734863,13.050000190734863,1577000
2022-09-22,12.930000305175781,13.029999732971191,12.630000114440918,12.699999809265137,12.699999809265137,1403600
2022-09-23,12.5,12.609999656677246,12.029999732971191,12.359999656677246,12.359999656677246,2264400
2022-09-26,12.34000015258789,12.569999694824219,12.079999923706055,12.109999656677246,12.109999656677246,1658700
2022-09-27,12.40999984741211,12.680000305175781,12.319999694824219,12.520000457763672,12.520000457763672,2146800
2022-09-28,12.649999618530273,13.039999961853027,12.539999961853027,12.90999984741211,12.90999984741211,2130900
2022-09-29,12.739999771118164,12.819999694824219,12.260000228881836,12.359999656677246,12.359999656677246,1630400
2022-09-30,12.350000381469727,12.9399995803833,12.350000381469727,12.600000381469727,12.600000381469727,1710400
2022-10-03,12.859999656677246,12.899999618530273,12.5,12.800000190734863,12.800000190734863,1780000
2022-10-04,13.180000305175781,14.289999961853027,13.149999618530273,14.069999694824219,14.069999694824219,5406800
2022-10-05,13.829999923706055,14.3100004196167,13.760000228881836,14.140000343322754,14.140000343322754,2982100
2022-10-06,14.140000343322754,14.470000267028809,13.989999771118164,14.199999809265137,14.199999809265137,2125600
2022-10-07,14.0600004196167,14.170000076293945,13.600000381469727,13.65999984741211,13.65999984741211,2048500
2022-10-10,13.619999885559082,13.90999984741211,13.380000114440918,13.6899995803833,13.6899995803833,2244400
2022-10-11,13.670000076293945,14.270000457763672,13.420000076293945,13.789999961853027,13.789999961853027,2196100
2022-10-12,13.789999961853027,13.930000305175781,13.220000267028809,13.829999923706055,13.829999923706055,1881300
2022-10-13,13.300000190734863,14.079999923706055,13.199999809265137,13.90999984741211,13.90999984741211,2444800
2022-10-14,14.199999809265137,14.5,13.5,13.529999732971191,13.529999732971191,1631400
2022-10-17,13.630000114440918,13.800000190734863,13.399999618530273,13.6899995803833,13.6899995803833,1702500
2022-10-18,13.970000267028809,14.319999694824219,13.720000267028809,13.8100004196167,13.8100004196167,2656200
2022-10-19,13.710000038146973,13.920000076293945,13.380000114440918,13.529999732971191,13.529999732971191,3016500
2022-10-20,13.609999656677246,13.890000343322754,13.460000038146973,13.539999961853027,13.539999961853027,1575300
2022-10-21,13.649999618530273,14.1899995803833,13.430000305175781,14.140000343322754,14.140000343322754,5324700
2022-10-24,14.199999809265137,14.270000457763672,13.380000114440918,13.779999732971191,13.779999732971191,3138200
2022-10-25,13.800000190734863,13.949999809265137,13.649999618530273,13.670000076293945,13.670000076293945,1798200
2022-10-26,13.699999809265137,14.199999809265137,13.649999618530273,13.869999885559082,13.869999885559082,2309800
2022-10-27,13.949999809265137,14.109999656677246,13.5600004196167,13.600000381469727,13.600000381469727,2423200
2022-10-28,13.699999809265137,14.0600004196167,13.329999923706055,14.039999961853027,14.039999961853027,2891800
2022-10-31,13.960000038146973,13.960000038146973,13.289999961853027,13.350000381469727,13.350000381469727,3213300
2022-11-01,12.15999984741211,12.15999984741211,11.149999618530273,11.859999656677246,11.859999656677246,10619800
2022-11-02,12.5,13.149999618530273,12.0,12.020000457763672,12.020000457763672,5042500
2022-11-03,11.9399995803833,12.359999656677246,11.739999771118164,12.029999732971191,12.029999732971191,2868000
2022-11-04,12.109999656677246,12.510000228881836,12.050000190734863,12.4399995803833,12.4399995803833,4029200
2022-11-07,12.4399995803833,12.470000267028809,11.819999694824219,11.829999923706055,11.829999923706055,2498600
2022-11-08,11.899999618530273,12.319999694824219,11.75,12.119999885559082,12.119999885559082,3085200
2022-11-09,12.09000015258789,12.289999961853027,11.680000305175781,11.739999771118164,11.739999771118164,2308500
2022-11-10,12.260000228881836,13.119999885559082,12.260000228881836,12.960000038146973,12.960000038146973,3792500
2022-11-11,12.850000381469727,13.279999732971191,12.710000038146973,13.170000076293945,13.170000076293945,2441700
2022-11-14,13.149999618530273,13.979999542236328,13.0,13.710000038146973,13.710000038146973,3427700
2022-11-15,14.0,14.199999809265137,13.050000190734863,13.239999771118164,13.239999771118164,2797800
2022-11-16,13.220000267028809,13.40999984741211,12.850000381469727,12.890000343322754,12.890000343322754,1813000
2022-11-17,12.710000038146973,12.779999732971191,12.069999694824219,12.220000267028809,12.220000267028809,2110200
2022-11-18,12.489999771118164,12.579999923706055,12.210000038146973,12.430000305175781,12.430000305175781,1784800
2022-11-21,12.449999809265137,12.539999961853027,12.15999984741211,12.489999771118164,12.489999771118164,1931800
2022-11-22,12.5600004196167,12.710000038146973,12.229999542236328,12.699999809265137,12.699999809265137,2064600
2022-11-23,12.720000267028809,12.819999694824219,12.300000190734863,12.390000343322754,12.390000343322754,1177000
2022-11-25,12.3100004196167,12.399999618530273,12.229999542236328,12.279999732971191,12.279999732971191,647800
2022-11-28,12.369999885559082,12.619999885559082,12.180000305175781,12.260000228881836,12.260000228881836,1563300
2022-11-29,12.279999732971191,12.649999618530273,12.149999618530273,12.640000343322754,12.640000343322754,2081900
2022-11-30,12.729999542236328,13.420000076293945,12.680000305175781,13.359999656677246,13.359999656677246,2847400
2022-12-01,13.359999656677246,13.489999771118164,12.75,12.960000038146973,12.960000038146973,2152200
2022-12-02,12.819999694824219,12.930000305175781,12.6899995803833,12.789999961853027,12.789999961853027,1836200
2022-12-05,12.6899995803833,12.75,11.40999984741211,11.579999923706055,11.579999923706055,4332400
2022-12-06,11.479999542236328,11.489999771118164,10.75,10.890000343322754,10.890000343322754,3548600
2022-12-07,10.890000343322754,11.119999885559082,10.5600004196167,10.720000267028809,10.720000267028809,2488400
2022-12-08,10.760000228881836,10.949999809265137,10.460000038146973,10.520000457763672,10.520000457763672,1886100
2022-12-09,10.430000305175781,10.65999984741211,10.430000305175781,10.5,10.5,1549900
2022-12-12,10.609999656677246,11.140000343322754,10.489999771118164,11.119999885559082,11.119999885559082,2110200
2022-12-13,11.390000343322754,11.470000267028809,10.8100004196167,11.109999656677246,11.109999656677246,2111000
2022-12-14,11.069999694824219,11.319999694824219,10.970000267028809,11.170000076293945,11.170000076293945,1488500
2022-12-15,10.5,11.420000076293945,10.479999542236328,10.8100004196167,10.8100004196167,5589300
2022-12-16,10.4399995803833,11.010000228881836,10.359999656677246,10.9399995803833,10.9399995803833,6660100
2022-12-19,10.960000038146973,11.0600004196167,10.510000228881836,10.630000114440918,10.630000114440918,2334100
2022-12-20,10.550000190734863,10.899999618530273,10.520000457763672,10.630000114440918,10.630000114440918,1990200
2022-12-21,10.640000343322754,11.010000228881836,10.579999923706055,10.829999923706055,10.829999923706055,1955400
2022-12-22,10.699999809265137,11.199999809265137,10.630000114440918,11.1899995803833,11.1899995803833,1857000
2022-12-23,11.229999542236328,11.539999961853027,11.050000190734863,11.449999809265137,11.449999809265137,3036700
2022-12-27,11.399999618530273,11.470000267028809,10.800000190734863,10.920000076293945,10.920000076293945,1629500
2022-12-28,10.890000343322754,11.039999961853027,10.710000038146973,10.819999694824219,10.819999694824219,1408500
2022-12-29,10.920000076293945,11.350000381469727,10.779999732971191,11.170000076293945,11.170000076293945,2762200
2022-12-30,11.069999694824219,11.520000457763672,10.970000267028809,11.479999542236328,11.479999542236328,2349900
2023-01-03,11.550000190734863,11.619999885559082,11.010000228881836,11.449999809265137,11.449999809265137,3553500
2023-01-04,11.5,11.989999771118164,11.399999618530273,11.84000015258789,11.84000015258789,4033300
2023-01-05,11.640000343322754,11.789999961853027,11.319999694824219,11.720000267028809,11.720000267028809,2056000
2023-01-06,11.800000190734863,12.079999923706055,11.630000114440918,11.819999694824219,11.819999694824219,3523600
2023-01-09,11.229999542236328,11.359999656677246,9.550000190734863,10.630000114440918,10.630000114440918,8745800
2023-01-10,10.550000190734863,10.8100004196167,10.420000076293945,10.6899995803833,10.6899995803833,3768100
2023-01-11,10.720000267028809,10.720000267028809,9.9399995803833,10.020000457763672,10.020000457763672,4975000
2023-01-12,10.0,10.34000015258789,9.850000381469727,10.319999694824219,10.319999694824219,3666500
2023-01-13,10.199999809265137,10.460000038146973,10.039999961853027,10.15999984741211,10.15999984741211,4724500
2023-01-17,10.140000343322754,10.1899995803833,9.9399995803833,10.0,10.0,2626800
2023-01-18,10.0600004196167,10.369999885559082,9.989999771118164,10.109999656677246,10.109999656677246,2756500
2023-01-19,10.130000114440918,10.34000015258789,9.979999542236328,10.010000228881836,10.010000228881836,2225500
2023-01-20,10.119999885559082,10.479999542236328,9.979999542236328,10.399999618530273,10.399999618530273,2557000
2023-01-23,10.460000038146973,10.739999771118164,10.329999923706055,10.630000114440918,10.630000114440918,2247500
2023-01-24,10.640000343322754,11.109999656677246,10.539999961853027,11.010000228881836,11.010000228881836,1994600
2023-01-25,10.880000114440918,11.029999732971191,10.579999923706055,10.789999961853027,10.789999961853027,2153000
2023-01-26,10.899999618530273,10.9399995803833,10.640000343322754,10.779999732971191,10.779999732971191,1425200
2023-01-27,10.800000190734863,10.979999542236328,10.5600004196167,10.579999923706055,10.579999923706055,1780400
2023-01-30,10.550000190734863,10.630000114440918,10.300000190734863,10.34000015258789,10.34000015258789,1390900
2023-01-31,10.34000015258789,10.600000381469727,10.34000015258789,10.550000190734863,10.550000190734863,2306100
2023-02-01,10.59000015258789,10.649999618530273,10.210000038146973,10.520000457763672,10.520000457763672,2302500
2023-02-02,10.579999923706055,10.859999656677246,10.479999542236328,10.739999771118164,10.739999771118164,2388900
2023-02-03,10.579999923706055,10.800000190734863,10.489999771118164,10.550000190734863,10.550000190734863,1711700
2023-02-06,10.539999961853027,10.670000076293945,10.289999961853027,10.640000343322754,10.640000343322754,2085500
2023-02-07,10.670000076293945,10.739999771118164,10.399999618530273,10.680000305175781,10.680000305175781,1541400
2023-02-08,10.619999885559082,10.75,10.260000228881836,10.260000228881836,10.260000228881836,2087900
2023-02-09,10.359999656677246,10.520000457763672,10.199999809265137,10.210000038146973,10.210000038146973,1851800
2023-02-10,10.260000228881836,10.350000381469727,10.130000114440918,10.3100004196167,10.3100004196167,1849500
2023-02-13,10.350000381469727,10.350000381469727,10.09000015258789,10.270000457763672,10.270000457763672,1469700
2023-02-14,10.170000076293945,10.430000305175781,10.100000381469727,10.34000015258789,10.34000015258789,2668900
2023-02-15,10.3100004196167,10.34000015258789,10.050000190734863,10.15999984741211,10.15999984741211,1836400
2023-02-16,10.109999656677246,10.15999984741211,9.84000015258789,9.920000076293945,9.920000076293945,2454600
2023-02-17,9.970000267028809,10.199999809265137,9.630000114440918,10.199999809265137,10.199999809265137,2639700
2023-02-21,8.75,9.100000381469727,8.119999885559082,8.640000343322754,8.640000343322754,13617700
2023-02-22,9.180000305175781,9.850000381469727,8.829999923706055,9.770000457763672,9.770000457763672,5243200
2023-02-23,9.649999618530273,9.729999542236328,9.239999771118164,9.4399995803833,9.4399995803833,2889900
2023-02-24,9.329999923706055,9.329999923706055,9.0600004196167,9.100000381469727,9.100000381469727,2221100
2023-02-27,9.199999809265137,9.199999809265137,8.979999542236328,9.029999732971191,9.029999732971191,3543000
2023-02-28,9.0,9.140000343322754,8.779999732971191,8.850000381469727,8.850000381469727,5700000
2023-03-01,8.989999771118164,8.989999771118164,8.640000343322754,8.829999923706055,8.829999923706055,4085700
2023-03-02,8.75,8.899999618530273,8.619999885559082,8.859999656677246,8.859999656677246,2815900
2023-03-03,8.930000305175781,8.949999809265137,8.739999771118164,8.789999961853027,8.789999961853027,2559200
2023-03-06,8.789999961853027,8.899999618530273,8.670000076293945,8.84000015258789,8.84000015258789,3768200
2023-03-07,8.880000114440918,8.899999618530273,8.649999618530273,8.649999618530273,8.649999618530273,1590200
2023-03-08,8.649999618530273,8.699999809265137,8.399999618530273,8.5600004196167,8.5600004196167,2374600
2023-03-09,8.579999923706055,8.619999885559082,8.100000381469727,8.210000038146973,8.210000038146973,3794200
2023-03-10,8.180000305175781,8.3100004196167,7.820000171661377,8.289999961853027,8.289999961853027,4765200
2023-03-13,8.289999961853027,8.539999961853027,8.1899995803833,8.3100004196167,8.3100004196167,4117900
2023-03-14,8.5,8.600000381469727,8.25,8.319999694824219,8.319999694824219,3416700
2023-03-15,8.199999809265137,8.609999656677246,8.149999618530273,8.369999885559082,8.369999885559082,3073400
2023-03-16,8.350000381469727,8.430000305175781,8.15999984741211,8.170000076293945,8.170000076293945,1859500
2023-03-17,8.079999923706055,8.180000305175781,8.010000228881836,8.100000381469727,8.100000381469727,5228500
2023-03-20,8.130000114440918,8.130000114440918,7.949999809265137,8.010000228881836,8.010000228881836,2025900
2023-03-21,8.050000190734863,8.239999771118164,7.949999809265137,8.170000076293945,8.170000076293945,1985900
2023-03-22,8.15999984741211,8.239999771118164,7.920000076293945,7.940000057220459,7.940000057220459,1952400
2023-03-23,7.989999771118164,8.319999694824219,7.949999809265137,8.119999885559082,8.119999885559082,2018300
2023-03-24,8.109999656677246,8.569999694824219,8.079999923706055,8.5,8.5,2697700
2023-03-27,8.479999542236328,8.569999694824219,8.369999885559082,8.460000038146973,8.460000038146973,1449400
2023-03-28,8.430000305175781,8.649999618530273,8.350000381469727,8.59000015258789,8.59000015258789,2047200
2023-03-29,8.619999885559082,8.6899995803833,8.369999885559082,8.5600004196167,8.5600004196167,2568000
2023-03-30,8.640000343322754,8.710000038146973,8.3100004196167,8.390000343322754,8.390000343322754,2042400
2023-03-31,8.479999542236328,8.5600004196167,8.300000190734863,8.34000015258789,8.34000015258789,2753200
2023-04-03,8.3100004196167,8.489999771118164,8.229999542236328,8.369999885559082,8.369999885559082,1935400
2023-04-04,8.40999984741211,8.430000305175781,8.220000267028809,8.300000190734863,8.300000190734863,3001500
2023-04-05,8.319999694824219,8.569999694824219,8.289999961853027,8.529999732971191,8.529999732971191,2510400
2023-04-06,8.5600004196167,8.779999732971191,8.4399995803833,8.680000305175781,8.680000305175781,2703000
2023-04-10,8.609999656677246,8.800000190734863,8.369999885559082,8.520000457763672,8.520000457763672,1862900
2023-04-11,8.569999694824219,8.579999923706055,8.449999809265137,8.5,8.5,1650400
2023-04-12,8.59000015258789,8.619999885559082,8.34000015258789,8.34000015258789,8.34000015258789,1371100
2023-04-13,8.40999984741211,8.609999656677246,8.390000343322754,8.40999984741211,8.40999984741211,2995600
2023-04-14,8.380000114440918,8.380000114440918,8.0,8.069999694824219,8.069999694824219,3674900
2023-04-17,8.149999618530273,8.260000228881836,8.050000190734863,8.069999694824219,8.069999694824219,5541800
2023-04-18,7.960000038146973,7.96999979019165,7.199999809265137,7.5,7.5,6894300
2023-04-19,7.460000038146973,7.539999961853027,7.400000095367432,7.489999771118164,7.489999771118164,3267100
2023-04-20,7.389999866485596,7.550000190734863,7.269999980926514,7.380000114440918,7.380000114440918,3213700
2023-04-21,7.400000095367432,7.550000190734863,7.269999980926514,7.519999980926514,7.519999980926514,2594900
2023-04-24,7.510000228881836,7.610000133514404,7.349999904632568,7.610000133514404,7.610000133514404,2772700
2023-04-25,7.579999923706055,7.590000152587891,7.409999847412109,7.489999771118164,7.489999771118164,2407000
2023-04-26,7.480000019073486,7.690000057220459,7.420000076293945,7.619999885559082,7.619999885559082,2399500
2023-04-27,7.71999979019165,7.75,7.449999809265137,7.53000020980835,7.53000020980835,1981400
2023-04-28,7.489999771118164,7.670000076293945,7.480000019073486,7.610000133514404,7.610000133514404,1888700
2023-05-01,7.590000152587891,7.630000114440918,7.449999809265137,7.510000228881836,7.510000228881836,2851500
2023-05-02,7.5,7.550000190734863,7.28000020980835,7.369999885559082,7.369999885559082,3387900
2023-05-03,8.130000114440918,9.069999694824219,8.0,8.289999961853027,8.289999961853027,7329200
2023-05-04,8.350000381469727,8.529999732971191,8.0,8.470000267028809,8.470000267028809,3242000
2023-05-05,8.520000457763672,8.619999885559082,8.210000038146973,8.5600004196167,8.5600004196167,3225400
2023-05-08,8.539999961853027,8.619999885559082,8.40999984741211,8.489999771118164,8.489999771118164,2796600
2023-05-09,8.40999984741211,8.649999618530273,8.380000114440918,8.579999923706055,8.579999923706055,2223900
2023-05-10,8.65999984741211,8.819999694824219,8.569999694824219,8.630000114440918,8.630000114440918,1559600
2023-05-11,8.5600004196167,8.59000015258789,8.350000381469727,8.359999656677246,8.359999656677246,2075300
2023-05-12,8.369999885559082,8.449999809265137,8.25,8.300000190734863,8.300000190734863,1852500
2023-05-15,8.359999656677246,8.90999984741211,8.3100004196167,8.770000457763672,8.770000457763672,2514800
2023-05-16,8.550000190734863,8.550000190734863,8.359999656677246,8.460000038146973,8.460000038146973,2320500
2023-05-17,8.479999542236328,8.649999618530273,8.40999984741211,8.470000267028809,8.470000267028809,2850600
2023-05-18,8.489999771118164,8.489999771118164,8.260000228881836,8.369999885559082,8.369999885559082,2031900
2023-05-19,8.479999542236328,8.510000228881836,8.319999694824219,8.4399995803833,8.4399995803833,2057000
2023-05-22,8.430000305175781,8.619999885559082,8.430000305175781,8.569999694824219,8.569999694824219,2633700
2023-05-23,8.59000015258789,8.920000076293945,8.5600004196167,8.770000457763672,8.770000457763672,3198200
2023-05-24,8.779999732971191,8.779999732971191,8.149999618530273,8.220000267028809,8.220000267028809,3003000
2023-05-25,8.210000038146973,8.210000038146973,7.909999847412109,7.989999771118164,7.989999771118164,2347500
2023-05-26,7.960000038146973,8.109999656677246,7.820000171661377,8.010000228881836,8.010000228881836,2244000
2023-05-30,7.989999771118164,8.119999885559082,7.860000133514404,7.960000038146973,7.960000038146973,2647500
2023-05-31,8.0,8.300000190734863,7.929999828338623,8.270000457763672,8.270000457763672,2986800
2023-06-01,8.260000228881836,8.489999771118164,8.100000381469727,8.390000343322754,8.390000343322754,2789400
2023-06-02,8.449999809265137,8.489999771118164,8.300000190734863,8.350000381469727,8.350000381469727,2597900
2023-06-05,8.300000190734863,8.4399995803833,8.229999542236328,8.359999656677246,8.359999656677246,1429700
2023-06-06,8.380000114440918,8.600000381469727,8.350000381469727,8.529999732971191,8.529999732971191,1477800
2023-06-07,8.529999732971191,8.819999694824219,8.5,8.8100004196167,8.8100004196167,2056100
2023-06-08,8.819999694824219,8.960000038146973,8.75,8.8100004196167,8.8100004196167,1955700
2023-06-09,8.8100004196167,8.890000343322754,8.510000228881836,8.520000457763672,8.520000457763672,1594700
2023-06-12,8.59000015258789,8.65999984741211,8.279999732971191,8.300000190734863,8.300000190734863,2193800
2023-06-13,8.380000114440918,8.460000038146973,8.100000381469727,8.180000305175781,8.180000305175781,2054400
2023-06-14,8.149999618530273,8.180000305175781,7.880000114440918,7.940000057220459,7.940000057220459,1845100
2023-06-15,8.0,8.039999961853027,7.900000095367432,7.980000019073486,7.980000019073486,1564200
2023-06-16,8.0,8.0,7.289999961853027,7.409999847412109,7.409999847412109,8850200
2023-06-20,7.309999942779541,7.389999866485596,7.130000114440918,7.260000228881836,7.260000228881836,3124200
2023-06-21,7.25,7.300000190734863,6.940000057220459,7.099999904632568,7.099999904632568,4848000
2023-06-22,7.099999904632568,7.139999866485596,6.960000038146973,7.0,7.0,3270000
2023-06-23,6.920000076293945,7.099999904632568,6.869999885559082,7.010000228881836,7.010000228881836,4272900
2023-06-26,7.0,7.099999904632568,6.929999828338623,7.0,7.0,1727800
2023-06-27,6.980000019073486,7.090000152587891,6.869999885559082,7.050000190734863,7.050000190734863,1941200
2023-06-28,7.099999904632568,7.190000057220459,6.989999771118164,7.139999866485596,7.139999866485596,2196700
2023-06-29,7.150000095367432,7.150000095367432,6.940000057220459,6.960000038146973,6.960000038146973,2158000
2023-06-30,7.0,7.090000152587891,6.920000076293945,7.039999961853027,7.039999961853027,2565600
2023-07-03,7.010000228881836,7.090000152587891,6.989999771118164,7.050000190734863,7.050000190734863,1145000
2023-07-05,7.050000190734863,7.079999923706055,6.920000076293945,7.039999961853027,7.039999961853027,2052300
2023-07-06,6.96999979019165,7.010000228881836,6.820000171661377,6.960000038146973,6.960000038146973,2158000
2023-07-07,6.920000076293945,7.119999885559082,6.920000076293945,6.980000019073486,6.980000019073486,1349200
2023-07-10,6.960000038146973,7.400000095367432,6.940000057220459,7.369999885559082,7.369999885559082,3126700
2023-07-11,7.360000133514404,7.400000095367432,7.170000076293945,7.190000057220459,7.190000057220459,1852400
2023-07-12,7.28000020980835,7.28000020980835,7.150000095367432,7.179999828338623,7.179999828338623,1168600
2023-07-13,7.650000095367432,7.739999771118164,7.309999942779541,7.349999904632568,7.349999904632568,4248300
2023-07-14,7.349999904632568,7.349999904632568,7.010000228881836,7.130000114440918,7.130000114440918,1744400
2023-07-17,7.130000114440918,7.400000095367432,7.110000133514404,7.190000057220459,7.190000057220459,2885000
2023-07-18,7.150000095367432,7.28000020980835,7.099999904632568,7.170000076293945,7.170000076293945,1470000
2023-07-19,7.239999771118164,7.46999979019165,7.239999771118164,7.360000133514404,7.360000133514404,2175600
2023-07-20,7.360000133514404,7.53000020980835,7.150000095367432,7.170000076293945,7.170000076293945,2067400
2023-07-21,7.239999771118164,7.539999961853027,7.21999979019165,7.46999979019165,7.46999979019165,1840800
2023-07-24,7.480000019073486,7.559999942779541,7.309999942779541,7.360000133514404,7.360000133514404,1404000
2023-07-25,7.340000152587891,7.739999771118164,7.329999923706055,7.639999866485596,7.639999866485596,1790800
2023-07-26,7.639999866485596,7.929999828338623,7.590000152587891,7.920000076293945,7.920000076293945,2749200
2023-07-27,7.949999809265137,7.949999809265137,7.710000038146973,7.75,7.75,5805900
2023-07-28,7.650000095367432,7.880000114440918,7.570000171661377,7.679999828338623,7.679999828338623,1997300
2023-07-31,7.670000076293945,7.670000076293945,7.349999904632568,7.389999866485596,7.389999866485596,2273600
2023-08-01,7.570000171661377,7.570000171661377,6.940000057220459,6.96999979019165,6.96999979019165,3728600
2023-08-02,6.869999885559082,7.110000133514404,6.78000020980835,6.949999809265137,6.949999809265137,5165700
2023-08-03,7.179999828338623,7.5,6.909999847412109,7.079999923706055,7.079999923706055,5632000
2023-08-04,7.369999885559082,7.869999885559082,6.989999771118164,7.599999904632568,7.599999904632568,5265000
2023-08-07,7.599999904632568,7.630000114440918,6.679999828338623,6.710000038146973,6.710000038146973,4687200
2023-08-08,6.760000228881836,7.079999923706055,6.619999885559082,7.019999980926514,7.019999980926514,2652800
2023-08-09,7.059999942779541,7.099999904632568,6.900000095367432,6.989999771118164,6.989999771118164,1956900
2023-08-10,6.980000019073486,7.139999866485596,6.949999809265137,7.070000171661377,7.070000171661377,1733200
2023-08-11,7.039999961853027,7.179999828338623,6.909999847412109,6.96999979019165,6.96999979019165,1986800
2023-08-14,6.900000095367432,7.190000057220459,6.789999961853027,7.139999866485596,7.139999866485596,1490700
2023-08-15,7.150000095367432,7.170000076293945,6.889999866485596,6.940000057220459,6.940000057220459,1831600
2023-08-16,6.900000095367432,7.059999942779541,6.900000095367432,6.920000076293945,6.920000076293945,1774000
2023-08-17,6.909999847412109,7.019999980926514,6.730000019073486,7.0,7.0,2506800
2023-08-18,6.940000057220459,7.139999866485596,6.920000076293945,7.119999885559082,7.119999885559082,2552900
2023-08-21,7.090000152587891,7.590000152587891,7.070000171661377,7.510000228881836,7.510000228881836,3008600
2023-08-22,7.510000228881836,7.579999923706055,7.199999809265137,7.25,7.25,1811800
2023-08-23,7.309999942779541,7.409999847412109,7.090000152587891,7.119999885559082,7.119999885559082,2956600
2023-08-24,7.099999904632568,7.300000190734863,7.03000020980835,7.239999771118164,7.239999771118164,1970000
2023-08-25,7.269999980926514,7.369999885559082,7.170000076293945,7.239999771118164,7.239999771118164,1745400
2023-08-28,7.260000228881836,7.360000133514404,7.150000095367432,7.269999980926514,7.269999980926514,1143100
2023-08-29,7.230000019073486,7.239999771118164,7.090000152587891,7.090000152587891,7.090000152587891,1152700
2023-08-30,7.090000152587891,7.090000152587891,6.860000133514404,6.940000057220459,6.940000057220459,2528200
2023-08-31,6.920000076293945,7.260000228881836,6.920000076293945,7.110000133514404,7.110000133514404,2289700
2023-09-01,7.210000038146973,7.420000076293945,7.159999847412109,7.28000020980835,7.28000020980835,1690300
2023-09-05,7.159999847412109,7.269999980926514,6.900000095367432,7.050000190734863,7.050000190734863,2197500
2023-09-06,7.050000190734863,7.139999866485596,6.869999885559082,7.0,7.0,1416400
2023-09-07,6.989999771118164,6.989999771118164,6.730000019073486,6.849999904632568,6.849999904632568,2331500
2023-09-08,6.880000114440918,7.210000038146973,6.840000152587891,7.079999923706055,7.079999923706055,2026500
2023-09-11,7.050000190734863,7.099999904632568,6.820000171661377,6.840000152587891,6.840000152587891,2686400
2023-09-12,6.800000190734863,7.099999904632568,6.739999771118164,6.940000057220459,6.940000057220459,2793900
2023-09-13,6.909999847412109,6.949999809265137,6.679999828338623,6.880000114440918,6.880000114440918,3045700
2023-09-14,6.900000095367432,6.980000019073486,6.75,6.920000076293945,6.920000076293945,2419100
2023-09-15,6.940000057220459,6.940000057220459,6.71999979019165,6.849999904632568,6.849999904632568,5206500
2023-09-18,7.199999809265137,7.579999923706055,7.150000095367432,7.53000020980835,7.53000020980835,6300300
2023-09-19,7.5,7.820000171661377,7.449999809265137,7.650000095367432,7.650000095367432,2695000
2023-09-20,7.659999847412109,7.699999809265137,7.079999923706055,7.110000133514404,7.110000133514404,2046100
2023-09-21,7.050000190734863,7.25,6.949999809265137,7.159999847412109,7.159999847412109,1708400
2023-09-22,7.210000038146973,7.369999885559082,7.070000171661377,7.349999904632568,7.349999904632568,1949900
2023-09-25,7.300000190734863,7.570000171661377,7.179999828338623,7.369999885559082,7.369999885559082,3095800
2023-09-26,7.360000133514404,7.590000152587891,7.300000190734863,7.349999904632568,7.349999904632568,2110400
2023-09-27,7.329999923706055,7.539999961853027,7.199999809265137,7.519999980926514,7.519999980926514,2053200
2023-09-28,7.550000190734863,7.639999866485596,7.130000114440918,7.239999771118164,7.239999771118164,2129700
2023-09-29,7.300000190734863,7.340000152587891,7.039999961853027,7.079999923706055,7.079999923706055,1289000
2023-10-02,7.010000228881836,7.059999942779541,6.690000057220459,6.769999980926514,6.769999980926514,2671100
2023-10-03,6.75,6.769999980926514,6.199999809265137,6.420000076293945,6.420000076293945,2691100
2023-10-04,6.369999885559082,6.429999828338623,6.21999979019165,6.25,6.25,1838300
2023-10-05,6.179999828338623,6.639999866485596,6.079999923706055,6.630000114440918,6.630000114440918,2571200
2023-10-06,6.449999809265137,6.570000171661377,6.309999942779541,6.320000171661377,6.320000171661377,1441000
2023-10-09,6.289999961853027,6.340000152587891,6.110000133514404,6.150000095367432,6.150000095367432,1371800
2023-10-10,6.099999904632568,6.420000076293945,6.059999942779541,6.400000095367432,6.400000095367432,1656000
2023-10-11,6.420000076293945,6.46999979019165,6.199999809265137,6.400000095367432,6.400000095367432,2478600
2023-10-12,6.320000171661377,6.349999904632568,5.96999979019165,5.980000019073486,5.980000019073486,2970000
2023-10-13,5.929999828338623,6.070000171661377,5.809999942779541,5.940000057220459,5.940000057220459,2577600
2023-10-16,5.940000057220459,5.980000019073486,5.71999979019165,5.940000057220459,5.940000057220459,7569100
2023-10-17,5.900000095367432,6.179999828338623,5.829999923706055,5.860000133514404,5.860000133514404,10932900
2023-10-18,5.800000190734863,6.010000228881836,5.71999979019165,5.860000133514404,5.860000133514404,8378500
2023-10-19,5.800000190734863,5.849999904632568,5.550000190734863,5.71999979019165,5.71999979019165,1882900
2023-10-20,5.739999771118164,5.980000019073486,5.679999828338623,5.880000114440918,5.880000114440918,1472000
2023-10-23,5.699999809265137,5.940000057220459,5.639999866485596,5.760000228881836,5.760000228881836,1880900
2023-10-24,5.829999923706055,5.889999866485596,5.650000095367432,5.699999809265137,5.699999809265137,4329200
2023-10-25,5.610000133514404,5.690000057220459,5.400000095367432,5.46999979019165,5.46999979019165,1962900
2023-10-26,5.510000228881836,5.579999923706055,5.380000114440918,5.460000038146973,5.460000038146973,2416000
2023-10-27,5.46999979019165,5.550000190734863,5.230000019073486,5.309999942779541,5.309999942779541,2861100
2023-10-30,5.360000133514404,5.489999771118164,5.329999923706055,5.489999771118164,5.489999771118164,2619400
2023-10-31,5.440000057220459,5.559999942779541,5.420000076293945,5.489999771118164,5.489999771118164,2055800
2023-11-01,5.489999771118164,5.739999771118164,5.440000057220459,5.730000019073486,5.730000019073486,4438900
2023-11-02,5.929999828338623,5.929999828338623,5.210000038146973,5.639999866485596,5.639999866485596,4642700
2023-11-03,5.809999942779541,6.590000152587891,5.769999980926514,6.039999961853027,6.039999961853027,5849000
2023-11-06,6.190000057220459,6.269999980926514,5.920000076293945,5.929999828338623,5.929999828338623,3316300
2023-11-07,5.860000133514404,6.210000038146973,5.860000133514404,6.070000171661377,6.070000171661377,2328400
2023-11-08,6.050000190734863,6.050000190734863,5.420000076293945,5.46999979019165,5.46999979019165,2943800
2023-11-09,5.5,5.5,4.989999771118164,5.010000228881836,5.010000228881836,3237500
2023-11-10,5.050000190734863,5.090000152587891,4.829999923706055,4.980000019073486,4.980000019073486,4061000
2023-11-13,4.96999979019165,5.159999847412109,4.880000114440918,5.150000095367432,5.150000095367432,2086700
2023-11-14,5.349999904632568,5.440000057220459,5.150000095367432,5.320000171661377,5.320000171661377,4069400
2023-11-15,5.260000228881836,5.53000020980835,5.210000038146973,5.210000038146973,5.210000038146973,2595200
2023-11-16,5.199999809265137,5.239999771118164,4.889999866485596,5.139999866485596,5.139999866485596,3571400
2023-11-17,5.179999828338623,5.389999866485596,5.070000171661377,5.349999904632568,5.349999904632568,2730200
2023-11-20,5.400000095367432,5.519999980926514,5.179999828338623,5.400000095367432,5.400000095367432,2259100
2023-11-21,5.320000171661377,5.369999885559082,5.079999923706055,5.099999904632568,5.099999904632568,2104200
2023-11-22,5.139999866485596,5.380000114440918,5.099999904632568,5.369999885559082,5.369999885559082,2071200
2023-11-24,5.360000133514404,5.639999866485596,5.329999923706055,5.519999980926514,5.519999980926514,1241100
2023-11-27,5.480000019073486,5.5,5.260000228881836,5.320000171661377,5.320000171661377,2430300
2023-11-28,5.289999961853027,5.389999866485596,5.139999866485596,5.389999866485596,5.389999866485596,2161800
2023-11-29,5.489999771118164,5.650000095367432,5.369999885559082,5.429999828338623,5.429999828338623,2499900
2023-11-30,5.519999980926514,5.920000076293945,5.5,5.880000114440918,5.880000114440918,3246900
2023-12-01,5.929999828338623,6.170000076293945,5.730000019073486,6.150000095367432,6.150000095367432,4408200
2023-12-04,6.199999809265137,6.349999904632568,6.03000020980835,6.190000057220459,6.190000057220459,2562300
2023-12-05,6.119999885559082,6.380000114440918,6.039999961853027,6.130000114440918,6.130000114440918,3230500
2023-12-06,5.5,5.710000038146973,4.980000019073486,5.510000228881836,5.510000228881836,16187400
2023-12-07,5.539999961853027,6.0,5.420000076293945,5.670000076293945,5.670000076293945,9863900
2023-12-08,5.650000095367432,5.820000171661377,5.590000152587891,5.690000057220459,5.690000057220459,5120400
2023-12-11,5.849999904632568,5.849999904632568,5.25,5.389999866485596,5.389999866485596,6915800
2023-12-12,5.380000114440918,6.090000152587891,5.289999961853027,5.949999809265137,5.949999809265137,10321400
2023-12-13,5.929999828338623,6.300000190734863,5.71999979019165,6.300000190734863,6.300000190734863,7369400
2023-12-14,6.429999828338623,6.579999923706055,6.320000171661377,6.429999828338623,6.429999828338623,7179300
2023-12-15,6.46999979019165,6.480000019073486,6.039999961853027,6.190000057220459,6.190000057220459,10631900
2023-12-18,6.159999847412109,6.260000228881836,6.03000020980835,6.070000171661377,6.070000171661377,2423500
2023-12-19,6.110000133514404,6.269999980926514,5.989999771118164,6.050000190734863,6.050000190734863,4919300
2023-12-20,5.96999979019165,6.0,5.610000133514404,5.639999866485596,5.639999866485596,3177700
2023-12-21,5.730000019073486,5.849999904632568,5.670000076293945,5.760000228881836,5.760000228881836,2408000
2023-12-22,5.820000171661377,6.070000171661377,5.78000020980835,5.940000057220459,5.940000057220459,2518400
2023-12-26,6.019999980926514,6.170000076293945,5.929999828338623,6.079999923706055,6.079999923706055,3058000
2023-12-27,6.079999923706055,6.190000057220459,5.960000038146973,6.190000057220459,6.190000057220459,3096700
2023-12-28,6.179999828338623,6.269999980926514,6.03000020980835,6.090000152587891,6.090000152587891,2584900
2023-12-29,6.090000152587891,6.099999904632568,5.989999771118164,5.989999771118164,5.989999771118164,2151600
2024-01-02,5.949999809265137,6.28000020980835,5.809999942779541,6.070000171661377,6.070000171661377,2879200
2024-01-03,6.0,6.050000190734863,5.849999904632568,6.0,6.0,3700000
2024-01-04,6.050000190734863,6.539999961853027,6.050000190734863,6.460000038146973,6.460000038146973,4016700
2024-01-05,6.360000133514404,6.369999885559082,6.090000152587891,6.090000152587891,6.090000152587891,2651400
2024-01-08,6.300000190734863,7.650000095367432,6.119999885559082,7.650000095367432,7.650000095367432,12028300
2024-01-09,7.559999942779541,7.690000057220459,7.389999866485596,7.440000057220459,7.440000057220459,5298200
2024-01-10,7.539999961853027,7.75,6.75,6.880000114440918,6.880000114440918,5384200
2024-01-11,6.760000228881836,6.840000152587891,6.429999828338623,6.46999979019165,6.46999979019165,4582100
2024-01-12,6.510000228881836,6.659999847412109,6.230000019073486,6.349999904632568,6.349999904632568,3061000
2024-01-16,6.21999979019165,6.25,5.929999828338623,6.090000152587891,6.090000152587891,2915300
2024-01-17,5.96999979019165,6.039999961853027,5.880000114440918,5.960000038146973,5.960000038146973,2751800
2024-01-18,5.949999809265137,5.96999979019165,5.679999828338623,5.760000228881836,5.760000228881836,2243900
2024-01-19,5.75,5.75,5.599999904632568,5.670000076293945,5.670000076293945,2784300
2024-01-22,5.710000038146973,5.849999904632568,5.389999866485596,5.619999885559082,5.619999885559082,4066300
2024-01-23,5.739999771118164,5.760000228881836,5.360000133514404,5.5,5.5,2587800
2024-01-24,5.570000171661377,5.590000152587891,5.400000095367432,5.400000095367432,5.400000095367432,2160400
2024-01-25,5.429999828338623,5.610000133514404,5.380000114440918,5.449999809265137,5.449999809265137,2257100
2024-01-26,5.489999771118164,5.619999885559082,5.420000076293945,5.440000057220459,5.440000057220459,2583400
2024-01-29,5.420000076293945,5.699999809265137,5.25,5.670000076293945,5.670000076293945,2259400
2024-01-30,5.659999847412109,5.659999847412109,5.480000019073486,5.5,5.5,1946600
2024-01-31,5.5,5.619999885559082,5.300000190734863,5.300000190734863,5.300000190734863,1793100
2024-02-01,5.360000133514404,5.389999866485596,5.21999979019165,5.28000020980835,5.28000020980835,2024800
2024-02-02,5.25,5.25,4.949999809265137,5.079999923706055,5.079999923706055,2998700
2024-02-05,5.039999961853027,5.150000095367432,4.929999828338623,5.139999866485596,5.139999866485596,1957600
2024-02-06,5.090000152587891,5.519999980926514,5.019999980926514,5.510000228881836,5.510000228881836,2478500
2024-02-07,5.5,5.539999961853027,5.289999961853027,5.300000190734863,5.300000190734863,2918600
2024-02-08,5.289999961853027,5.380000114440918,5.159999847412109,5.320000171661377,5.320000171661377,1886300
2024-02-09,5.389999866485596,5.869999885559082,5.320000171661377,5.849999904632568,5.849999904632568,4472800
2024-02-12,5.889999866485596,6.349999904632568,5.869999885559082,5.949999809265137,5.949999809265137,5453600
2024-02-13,5.690000057220459,5.710000038146973,5.309999942779541,5.320000171661377,5.320000171661377,3534200
2024-02-14,5.369999885559082,5.590000152587891,5.199999809265137,5.570000171661377,5.570000171661377,4167500
2024-02-15,5.630000114440918,5.880000114440918,5.53000020980835,5.639999866485596,5.639999866485596,3684800
2024-02-16,5.550000190734863,5.980000019073486,5.489999771118164,5.920000076293945,5.920000076293945,2661100
2024-02-20,5.75,5.949999809265137,5.710000038146973,5.820000171661377,5.820000171661377,2424100
2024-02-21,5.760000228881836,5.789999961853027,5.539999961853027,5.650000095367432,5.650000095367432,1906600
2024-02-22,5.650000095367432,5.889999866485596,5.539999961853027,5.820000171661377,5.820000171661377,1868600
2024-02-23,5.809999942779541,5.869999885559082,5.610000133514404,5.710000038146973,5.710000038146973,2729800
2024-02-26,5.699999809265137,6.03000020980835,5.639999866485596,5.789999961853027,5.789999961853027,4006000
2024-02-27,5.889999866485596,6.039999961853027,5.650000095367432,5.869999885559082,5.869999885559082,3695400
2024-02-28,5.769999980926514,6.019999980926514,5.690000057220459,5.710000038146973,5.710000038146973,3397400
2024-02-29,5.849999904632568,5.929999828338623,5.599999904632568,5.630000114440918,5.630000114440918,3442600
2024-03-01,5.670000076293945,5.889999866485596,5.610000133514404,5.619999885559082,5.619999885559082,3034100
2024-03-04,5.619999885559082,5.679999828338623,5.400000095367432,5.510000228881836,5.510000228881836,2261300
2024-03-05,5.46999979019165,5.519999980926514,5.309999942779541,5.409999847412109,5.409999847412109,1933200
2024-03-06,5.449999809265137,5.53000020980835,5.159999847412109,5.210000038146973,5.210000038146973,4065400
2024-03-07,5.25,5.25,5.130000114440918,5.179999828338623,5.179999828338623,2199400
2024-03-08,5.269999980926514,5.559999942779541,5.230000019073486,5.429999828338623,5.429999828338623,2633100
2024-03-11,5.46999979019165,5.579999923706055,5.300000190734863,5.320000171661377,5.320000171661377,2948300
2024-03-12,5.309999942779541,5.309999942779541,5.039999961853027,5.139999866485596,5.139999866485596,3063100
2024-03-13,5.139999866485596,5.260000228881836,5.070000171661377,5.139999866485596,5.139999866485596,2635000
2024-03-14,5.099999904632568,5.099999904632568,4.820000171661377,4.889999866485596,4.889999866485596,4062100
2024-03-15,4.869999885559082,5.119999885559082,4.849999904632568,5.0,5.0,10244900
2024-03-18,5.0,5.179999828338623,4.889999866485596,5.070000171661377,5.070000171661377,4350700
2024-03-19,5.059999942779541,5.429999828338623,5.039999961853027,5.360000133514404,5.360000133514404,3119300
2024-03-20,5.309999942779541,5.489999771118164,5.170000076293945,5.46999979019165,5.46999979019165,3180800
2024-03-21,5.5,5.869999885559082,5.449999809265137,5.489999771118164,5.489999771118164,2726100
2024-03-22,5.510000228881836,5.510000228881836,5.010000228881836,5.010000228881836,5.010000228881836,3296000
2024-03-25,5.0,5.079999923706055,4.840000152587891,4.909999847412109,4.909999847412109,2828300
2024-03-26,5.010000228881836,5.150000095367432,4.989999771118164,5.010000228881836,5.010000228881836,3160000
2024-03-27,5.039999961853027,5.210000038146973,4.96999979019165,5.150000095367432,5.150000095367432,2990400
2024-03-28,5.199999809265137,5.340000152587891,5.059999942779541,5.079999923706055,5.079999923706055,3491400
2024-04-01,5.039999961853027,5.090000152587891,4.909999847412109,5.050000190734863,5.050000190734863,4874800
2024-04-02,4.949999809265137,5.010000228881836,4.679999828338623,4.690000057220459,4.690000057220459,4211000
2024-04-03,4.710000038146973,4.769999980926514,4.599999904632568,4.730000019073486,4.730000019073486,3058500
2024-04-04,4.760000228881836,4.840000152587891,4.579999923706055,4.599999904632568,4.599999904632568,2736600
2024-04-05,4.559999942779541,4.659999847412109,4.449999809265137,4.599999904632568,4.599999904632568,1784500
2024-04-08,4.619999885559082,4.670000076293945,4.539999961853027,4.610000133514404,4.610000133514404,1604600
2024-04-09,4.610000133514404,4.880000114440918,4.610000133514404,4.800000190734863,4.800000190734863,1973600
2024-04-10,4.639999866485596,4.909999847412109,4.559999942779541,4.869999885559082,4.869999885559082,2915100
2024-04-11,4.929999828338623,5.119999885559082,4.820000171661377,5.099999904632568,5.099999904632568,3304100
2024-04-12,5.099999904632568,5.159999847412109,4.699999809265137,4.769999980926514,4.769999980926514,4525500
2024-04-15,4.78000020980835,4.789999961853027,4.590000152587891,4.670000076293945,4.670000076293945,2496700
2024-04-16,4.610000133514404,4.71999979019165,4.539999961853027,4.610000133514404,4.610000133514404,1979300
2024-04-17,4.650000095367432,4.789999961853027,4.570000171661377,4.579999923706055,4.579999923706055,4055100
2024-04-18,4.599999904632568,4.710000038146973,4.489999771118164,4.5,4.5,2959900
2024-04-19,4.5,4.590000152587891,4.269999980926514,4.429999828338623,4.429999828338623,4693500
2024-04-22,4.429999828338623,4.570000171661377,4.389999866485596,4.409999847412109,4.409999847412109,2557500
2024-04-23,4.440000057220459,4.630000114440918,4.369999885559082,4.380000114440918,4.380000114440918,4236600
2024-04-24,4.369999885559082,4.420000076293945,4.179999828338623,4.210000038146973,4.210000038146973,4410000
2024-04-25,4.150000095367432,4.170000076293945,4.03000020980835,4.159999847412109,4.159999847412109,2735500
2024-04-26,4.210000038146973,4.260000228881836,4.110000133514404,4.159999847412109,4.159999847412109,2310900
2024-04-29,4.199999809265137,4.349999904632568,4.139999866485596,4.269999980926514,4.269999980926514,3025300
2024-04-30,4.199999809265137,4.260000228881836,4.110000133514404,4.130000114440918,4.130000114440918,2938000
2024-05-01,4.179999828338623,4.769999980926514,4.150000095367432,4.570000171661377,4.570000171661377,5163800
2024-05-02,4.610000133514404,4.679999828338623,4.409999847412109,4.480000019073486,4.480000019073486,2532200
2024-05-03,4.590000152587891,4.670000076293945,4.420000076293945,4.449999809265137,4.449999809265137,2737200
2024-05-06,5.0,5.46999979019165,4.75,5.269999980926514,5.269999980926514,8898700
2024-05-07,5.389999866485596,5.699999809265137,5.230000019073486,5.260000228881836,5.260000228881836,6215900
2024-05-08,5.179999828338623,5.420000076293945,5.039999961853027,5.099999904632568,5.099999904632568,3789400
2024-05-09,5.139999866485596,5.349999904632568,5.059999942779541,5.340000152587891,5.340000152587891,3357100
2024-05-10,5.380000114440918,5.78000020980835,5.230000019073486,5.320000171661377,5.320000171661377,3502000
2024-05-13,5.46999979019165,5.690000057220459,5.340000152587891,5.630000114440918,5.630000114440918,3309700
2024-05-14,5.71999979019165,6.0,5.349999904632568,5.360000133514404,5.360000133514404,2730600
2024-05-15,5.929999828338623,6.559999942779541,5.900000095367432,6.360000133514404,6.360000133514404,10487300
2024-05-16,6.400000095367432,6.590000152587891,6.150000095367432,6.46999979019165,6.46999979019165,5106000
2024-05-17,6.429999828338623,6.559999942779541,6.21999979019165,6.28000020980835,6.28000020980835,4378800
2024-05-20,6.210000038146973,6.420000076293945,6.050000190734863,6.130000114440918,6.130000114440918,3621500
2024-05-21,6.050000190734863,6.480000019073486,6.019999980926514,6.420000076293945,6.420000076293945,3348300
2024-05-22,6.590000152587891,6.889999866485596,6.550000190734863,6.659999847412109,6.659999847412109,4821500
2024-05-23,6.670000076293945,6.670000076293945,6.28000020980835,6.329999923706055,6.329999923706055,3325600
2024-05-24,6.380000114440918,6.449999809265137,6.110000133514404,6.130000114440918,6.130000114440918,2147600
2024-05-28,6.199999809265137,6.289999961853027,5.96999979019165,6.190000057220459,6.190000057220459,3690600
2024-05-29,6.110000133514404,6.230000019073486,6.050000190734863,6.150000095367432,6.150000095367432,3061900
2024-05-30,6.289999961853027,6.590000152587891,6.179999828338623,6.570000171661377,6.570000171661377,4173500
2024-05-31,6.630000114440918,6.820000171661377,6.429999828338623,6.460000038146973,6.460000038146973,3831900
2024-06-03,6.659999847412109,6.989999771118164,6.5,6.789999961853027,6.789999961853027,3899300
2024-06-04,6.769999980926514,6.900000095367432,6.670000076293945,6.739999771118164,6.739999771118164,2682000
2024-06-05,6.75,6.860000133514404,6.650000095367432,6.789999961853027,6.789999961853027,2857100
2024-06-06,6.75,6.760000228881836,6.409999847412109,6.440000057220459,6.440000057220459,3516100
2024-06-07,6.340000152587891,6.429999828338623,6.130000114440918,6.309999942779541,6.309999942779541,3291200
2024-06-10,6.25,6.559999942779541,6.099999904632568,6.519999980926514,6.519999980926514,3286500
2024-06-11,6.449999809265137,6.5,6.230000019073486,6.480000019073486,6.480000019073486,2610600
2024-06-12,6.690000057220459,6.760000228881836,6.21999979019165,6.300000190734863,6.300000190734863,2446900
2024-06-13,6.300000190734863,6.400000095367432,6.110000133514404,6.230000019073486,6.230000019073486,2614000
2024-06-14,6.130000114440918,6.199999809265137,6.0,6.170000076293945,6.170000076293945,2941100
2024-06-17,6.119999885559082,6.25,5.989999771118164,6.239999771118164,6.239999771118164,3520100
2024-06-18,6.21999979019165,6.230000019073486,6.0,6.0,6.0,2547000
2024-06-20,5.980000019073486,6.199999809265137,5.920000076293945,6.150000095367432,6.150000095367432,2500400
2024-06-21,6.179999828338623,6.550000190734863,6.179999828338623,6.420000076293945,6.420000076293945,15477000
2024-06-24,6.460000038146973,6.579999923706055,6.239999771118164,6.269999980926514,6.269999980926514,2244300
2024-06-25,6.260000228881836,6.28000020980835,6.059999942779541,6.079999923706055,6.079999923706055,1783100
2024-06-26,6.010000228881836,6.239999771118164,6.0,6.179999828338623,6.179999828338623,2353600
2024-06-27,6.210000038146973,6.28000020980835,6.070000171661377,6.110000133514404,6.110000133514404,1737200
2024-06-28,6.150000095367432,6.210000038146973,6.019999980926514,6.179999828338623,6.179999828338623,8094600
2024-07-01,6.199999809265137,6.730000019073486,6.170000076293945,6.670000076293945,6.670000076293945,4007000
2024-07-02,6.659999847412109,6.820000171661377,6.539999961853027,6.550000190734863,6.550000190734863,2712100
2024-07-03,6.630000114440918,6.75,6.409999847412109,6.409999847412109,6.409999847412109,1371100
2024-07-05,6.400000095367432,6.550000190734863,6.360000133514404,6.519999980926514,6.519999980926514,1404400
2024-07-08,6.590000152587891,6.650000095367432,6.389999866485596,6.420000076293945,6.420000076293945,3662700
2024-07-09,6.420000076293945,6.570000171661377,6.389999866485596,6.480000019073486,6.480000019073486,1863100
2024-07-10,6.5,6.519999980926514,6.360000133514404,6.489999771118164,6.489999771118164,2312900
2024-07-11,6.659999847412109,7.159999847412109,6.639999866485596,7.039999961853027,7.039999961853027,4149100
2024-07-12,7.139999866485596,7.230000019073486,7.0,7.150000095367432,7.150000095367432,2437200
2024-07-15,7.210000038146973,7.440000057220459,7.150000095367432,7.179999828338623,7.179999828338623,3270500
2024-07-16,7.269999980926514,7.639999866485596,7.260000228881836,7.630000114440918,7.630000114440918,3156700
2024-07-17,7.340000152587891,7.659999847412109,7.260000228881836,7.269999980926514,7.269999980926514,4225800
2024-07-18,7.269999980926514,7.309999942779541,7.039999961853027,7.050000190734863,7.050000190734863,2817000
2024-07-19,7.090000152587891,7.28000020980835,7.019999980926514,7.139999866485596,7.139999866485596,1629700
2024-07-22,7.199999809265137,7.449999809265137,7.119999885559082,7.420000076293945,7.420000076293945,2087800
2024-07-23,7.360000133514404,7.610000133514404,7.289999961853027,7.46999979019165,7.46999979019165,2359800
2024-07-24,7.369999885559082,7.570000171661377,7.320000171661377,7.400000095367432,7.400000095367432,1538300
2024-07-25,7.420000076293945,7.75,7.369999885559082,7.550000190734863,7.550000190734863,3031300
2024-07-26,7.690000057220459,7.869999885559082,7.519999980926514,7.849999904632568,7.849999904632568,2359600
2024-07-29,7.869999885559082,7.929999828338623,7.480000019073486,7.519999980926514,7.519999980926514,2782200
2024-07-30,7.5,7.619999885559082,7.340000152587891,7.400000095367432,7.400000095367432,2310400
2024-07-31,7.480000019073486,7.489999771118164,7.25,7.28000020980835,7.28000020980835,2105600
2024-08-01,7.28000020980835,7.369999885559082,7.010000228881836,7.110000133514404,7.110000133514404,2147000
2024-08-02,6.550000190734863,7.110000133514404,6.550000190734863,7.019999980926514,7.019999980926514,3767700
2024-08-05,6.679999828338623,7.610000133514404,6.489999771118164,7.510000228881836,7.510000228881836,6365800
2024-08-06,7.599999904632568,7.900000095367432,7.360000133514404,7.869999885559082,7.869999885559082,3850900
2024-08-07,8.0,8.0,7.340000152587891,7.440000057220459,7.440000057220459,3933300
2024-08-08,7.53000020980835,7.96999979019165,7.369999885559082,7.96999979019165,7.96999979019165,2532400
2024-08-09,7.989999771118164,8.09000015258789,7.610000133514404,7.630000114440918,7.630000114440918,2179100
2024-08-12,7.670000076293945,7.75,7.46999979019165,7.730000019073486,7.730000019073486,2495900
2024-08-13,7.760000228881836,7.929999828338623,7.699999809265137,7.889999866485596,7.889999866485596,1404400
2024-08-14,7.980000019073486,7.980000019073486,7.78000020980835,7.860000133514404,7.860000133514404,1304200
2024-08-15,7.940000057220459,8.039999961853027,7.570000171661377,7.630000114440918,7.630000114440918,2019700
2024-08-16,7.610000133514404,7.670000076293945,7.5,7.639999866485596,7.639999866485596,1483500
2024-08-19,7.650000095367432,7.860000133514404,7.610000133514404,7.860000133514404,7.860000133514404,1517700
2024-08-20,7.809999942779541,7.840000152587891,7.639999866485596,7.820000171661377,7.820000171661377,1555200
2024-08-21,7.860000133514404,8.050000190734863,7.829999923706055,8.010000228881836,8.010000228881836,1838400
2024-08-22,8.010000228881836,8.020000457763672,7.820000171661377,7.929999828338623,7.929999828338623,2038800
2024-08-23,7.940000057220459,8.149999618530273,7.880000114440918,8.100000381469727,8.100000381469727,2232000
2024-08-26,8.15999984741211,8.270000457763672,7.989999771118164,8.229999542236328,8.229999542236328,2016700
2024-08-27,8.199999809265137,8.25,7.980000019073486,8.229999542236328,8.229999542236328,1498500
2024-08-28,8.25,8.630000114440918,8.1899995803833,8.550000190734863,8.550000190734863,2177600
2024-08-29,8.569999694824219,8.84000015258789,8.489999771118164,8.630000114440918,8.630000114440918,1706900
2024-08-30,8.65999984741211,8.819999694824219,8.5600004196167,8.6899995803833,8.6899995803833,1743600
2024-09-03,8.609999656677246,8.880000114440918,8.239999771118164,8.25,8.25,2350800
2024-09-04,8.210000038146973,8.34000015258789,8.010000228881836,8.279999732971191,8.279999732971191,2829200
2024-09-05,8.3100004196167,8.3100004196167,8.0,8.130000114440918,8.130000114440918,1181700
2024-09-06,8.149999618530273,8.25,7.909999847412109,7.980000019073486,7.980000019073486,1287000
2024-09-09,8.0,8.010000228881836,7.630000114440918,7.670000076293945,7.670000076293945,1615800
2024-09-10,7.670000076293945,7.909999847412109,7.550000190734863,7.71999979019165,7.71999979019165,1424900
2024-09-11,7.679999828338623,7.769999980926514,7.550000190734863,7.730000019073486,7.730000019073486,1381700
2024-09-12,7.760000228881836,7.800000190734863,7.570000171661377,7.75,7.75,1205600
2024-09-13,7.860000133514404,7.96999979019165,7.820000171661377,7.920000076293945,7.920000076293945,1004600
2024-09-16,7.949999809265137,8.050000190734863,7.789999961853027,7.909999847412109,7.909999847412109,1850200
2024-09-17,7.989999771118164,8.010000228881836,7.889999866485596,7.920000076293945,7.920000076293945,1367400
2024-09-18,7.940000057220459,8.239999771118164,7.909999847412109,7.960000038146973,7.960000038146973,1754200
2024-09-19,8.170000076293945,8.300000190734863,8.0,8.149999618530273,8.149999618530273,1925000
2024-09-20,8.149999618530273,8.1899995803833,7.96999979019165,8.109999656677246,8.109999656677246,3631700
2024-09-23,8.149999618530273,8.149999618530273,7.670000076293945,7.789999961853027,7.789999961853027,2129500
2024-09-24,7.820000171661377,7.829999923706055,7.570000171661377,7.630000114440918,7.630000114440918,1905500
2024-09-25,7.639999866485596,7.639999866485596,7.480000019073486,7.550000190734863,7.550000190734863,1882800
2024-09-26,7.639999866485596,7.679999828338623,7.539999961853027,7.579999923706055,7.579999923706055,1300300
2024-09-27,7.639999866485596,7.760000228881836,7.550000190734863,7.619999885559082,7.619999885559082,1643000
2024-09-30,7.570000171661377,7.889999866485596,7.480000019073486,7.599999904632568,7.599999904632568,2770800
2024-10-01,7.579999923706055,7.579999923706055,7.260000228881836,7.380000114440918,7.380000114440918,1926400
2024-10-02,7.329999923706055,7.5,7.239999771118164,7.380000114440918,7.380000114440918,1561700
2024-10-03,7.329999923706055,7.440000057220459,7.28000020980835,7.420000076293945,7.420000076293945,1071100
2024-10-04,7.550000190734863,7.630000114440918,7.440000057220459,7.579999923706055,7.579999923706055,1049900
2024-10-07,7.570000171661377,7.619999885559082,7.349999904632568,7.440000057220459,7.440000057220459,995200
2024-10-08,7.510000228881836,7.519999980926514,7.179999828338623,7.199999809265137,7.199999809265137,1578600
2024-10-09,7.170000076293945,7.25,7.039999961853027,7.25,7.25,1303400
2024-10-10,7.179999828338623,7.210000038146973,7.010000228881836,7.119999885559082,7.119999885559082,2423100
2024-10-11,7.079999923706055,7.46999979019165,7.079999923706055,7.429999828338623,7.429999828338623,1985300
2024-10-14,7.449999809265137,7.46999979019165,7.239999771118164,7.460000038146973,7.460000038146973,1477100
2024-10-15,7.489999771118164,7.71999979019165,7.389999866485596,7.480000019073486,7.480000019073486,1329600
2024-10-16,7.510000228881836,7.630000114440918,7.389999866485596,7.570000171661377,7.570000171661377,1034100
2024-10-17,7.590000152587891,7.590000152587891,7.420000076293945,7.489999771118164,7.489999771118164,1099000
2024-10-18,7.539999961853027,7.630000114440918,7.440000057220459,7.619999885559082,7.619999885559082,1264800
2024-10-21,7.579999923706055,7.659999847412109,7.449999809265137,7.519999980926514,7.519999980926514,1597600
2024-10-22,7.440000057220459,8.170000076293945,7.440000057220459,7.949999809265137,7.949999809265137,2939200
2024-10-23,7.920000076293945,8.119999885559082,7.880000114440918,8.0600004196167,8.0600004196167,1701700
2024-10-24,8.079999923706055,8.239999771118164,7.96999979019165,8.180000305175781,8.180000305175781,1829000
2024-10-25,8.1899995803833,8.229999542236328,7.949999809265137,7.949999809265137,7.949999809265137,1443100
2024-10-28,7.989999771118164,8.229999542236328,7.980000019073486,8.149999618530273,8.149999618530273,1484300
2024-10-29,8.109999656677246,8.170000076293945,8.0,8.119999885559082,8.119999885559082,1120000
2024-10-30,8.020000457763672,8.369999885559082,7.96999979019165,8.369999885559082,8.369999885559082,1438700
2024-10-31,8.3100004196167,8.380000114440918,7.989999771118164,8.010000228881836,8.010000228881836,1963200
2024-11-01,8.029999732971191,8.4399995803833,8.0,8.430000305175781,8.430000305175781,2888400
2024-11-04,7.769999980926514,7.960000038146973,6.849999904632568,7.349999904632568,7.349999904632568,11279300
2024-11-05,7.380000114440918,7.440000057220459,7.03000020980835,7.059999942779541,7.059999942779541,4087800
2024-11-06,7.190000057220459,7.739999771118164,7.099999904632568,7.730000019073486,7.730000019073486,3501600
2024-11-07,7.699999809265137,7.880000114440918,7.510000228881836,7.670000076293945,7.670000076293945,2337000
2024-11-08,7.550000190734863,7.840000152587891,7.519999980926514,7.78000020980835,7.78000020980835,1573300
2024-11-11,7.869999885559082,8.25,7.869999885559082,8.1899995803833,8.1899995803833,1825800
2024-11-12,8.15999984741211,8.239999771118164,7.78000020980835,7.820000171661377,7.820000171661377,1695700
2024-11-13,7.920000076293945,8.0,7.630000114440918,7.639999866485596,7.639999866485596,1308100
2024-11-14,7.679999828338623,7.739999771118164,7.400000095367432,7.449999809265137,7.449999809265137,1876400
2024-11-15,7.5,7.519999980926514,6.929999828338623,7.03000020980835,7.03000020980835,2831500
2024-11-18,7.050000190734863,7.139999866485596,6.920000076293945,7.059999942779541,7.059999942779541,1712900
2024-11-19,7.059999942779541,7.320000171661377,7.0,7.210000038146973,7.210000038146973,1591200
2024-11-20,7.159999847412109,7.510000228881836,7.090000152587891,7.300000190734863,7.300000190734863,1643100
2024-11-21,7.300000190734863,7.510000228881836,7.019999980926514,7.489999771118164,7.489999771118164,1947900
2024-11-22,7.460000038146973,7.659999847412109,7.420000076293945,7.599999904632568,7.599999904632568,1977400
2024-11-25,7.599999904632568,7.690000057220459,7.239999771118164,7.269999980926514,7.269999980926514,3860300
2024-11-26,7.269999980926514,7.539999961853027,7.170000076293945,7.489999771118164,7.489999771118164,1432100
2024-11-27,7.539999961853027,7.630000114440918,7.429999828338623,7.5,7.5,1056300
2024-11-29,7.5,7.53000020980835,7.360000133514404,7.5,7.5,773900
2024-12-02,7.449999809265137,7.519999980926514,7.210000038146973,7.380000114440918,7.380000114440918,1438800
2024-12-03,7.320000171661377,7.429999828338623,7.139999866485596,7.190000057220459,7.190000057220459,1883700
2024-12-04,7.199999809265137,7.559999942779541,7.110000133514404,7.329999923706055,7.329999923706055,1804800
2024-12-05,7.389999866485596,7.929999828338623,7.340000152587891,7.840000152587891,7.840000152587891,2770500
2024-12-06,7.889999866485596,8.15999984741211,7.599999904632568,7.610000133514404,7.610000133514404,1686900
2024-12-09,7.599999904632568,7.800000190734863,7.550000190734863,7.730000019073486,7.730000019073486,1434100
2024-12-10,7.75,8.0,7.679999828338623,7.929999828338623,7.929999828338623,1770400
2024-12-11,7.900000095367432,8.069999694824219,7.829999923706055,7.860000133514404,7.860000133514404,1466200
2024-12-12,7.829999923706055,7.900000095367432,7.579999923706055,7.599999904632568,7.599999904632568,1440000
2024-12-13,7.559999942779541,7.630000114440918,7.440000057220459,7.53000020980835,7.53000020980835,1597300
2024-12-16,7.409999847412109,7.539999961853027,7.210000038146973,7.460000038146973,7.460000038146973,2605900
2024-12-17,7.230000019073486,7.619999885559082,7.199999809265137,7.489999771118164,7.489999771118164,1560100
2024-12-18,7.46999979019165,7.590000152587891,7.150000095367432,7.309999942779541,7.309999942779541,2341900
2024-12-19,7.340000152587891,7.480000019073486,7.21999979019165,7.389999866485596,7.389999866485596,2017500
2024-12-20,7.25,7.599999904632568,7.25,7.570000171661377,7.570000171661377,5070800
2024-12-23,7.570000171661377,7.820000171661377,7.380000114440918,7.78000020980835,7.78000020980835,1523700
2024-12-24,7.730000019073486,7.840000152587891,7.599999904632568,7.670000076293945,7.670000076293945,753900
2024-12-26,7.650000095367432,7.829999923706055,7.619999885559082,7.71999979019165,7.71999979019165,1240500
2024-12-27,7.650000095367432,7.789999961853027,7.590000152587891,7.710000038146973,7.710000038146973,998000
2024-12-30,7.650000095367432,7.710000038146973,7.480000019073486,7.53000020980835,7.53000020980835,1447800
2024-12-31,7.599999904632568,7.699999809265137,7.460000038146973,7.519999980926514,7.519999980926514,1513800
2025-01-02,7.590000152587891,8.100000381469727,7.480000019073486,7.829999923706055,7.829999923706055,3106800
2025-01-03,7.869999885559082,8.020000457763672,7.690000057220459,7.699999809265137,7.699999809265137,1267100
2025-01-06,7.639999866485596,8.069999694824219,7.639999866485596,7.829999923706055,7.829999923706055,1629600
2025-01-07,7.829999923706055,8.229999542236328,7.800000190734863,8.140000343322754,8.140000343322754,1747500
2025-01-08,8.109999656677246,8.289999961853027,7.989999771118164,8.050000190734863,8.050000190734863,2145500
2025-01-10,8.489999771118164,8.489999771118164,7.53000020980835,7.670000076293945,7.670000076293945,4744000
2025-01-13,7.769999980926514,8.0,7.539999961853027,7.929999828338623,7.929999828338623,2690600
2025-01-14,7.96999979019165,8.020000457763672,7.21999979019165,7.230000019073486,7.230000019073486,2528900
2025-01-15,7.449999809265137,7.46999979019165,7.159999847412109,7.230000019073486,7.230000019073486,2365600
2025-01-16,7.210000038146973,7.28000020980835,6.980000019073486,7.059999942779541,7.059999942779541,2519100
2025-01-17,7.039999961853027,7.489999771118164,6.960000038146973,7.449999809265137,7.449999809265137,3964000
2025-01-21,7.5,7.789999961853027,7.409999847412109,7.610000133514404,7.610000133514404,3125200
2025-01-22,7.590000152587891,7.670000076293945,7.460000038146973,7.619999885559082,7.619999885559082,1829500
2025-01-23,7.579999923706055,7.75,7.449999809265137,7.730000019073486,7.730000019073486,2861100
2025-01-24,7.639999866485596,7.849999904632568,7.550000190734863,7.639999866485596,7.639999866485596,2197200
2025-01-27,7.599999904632568,8.09000015258789,7.53000020980835,8.010000228881836,8.010000228881836,3109200
2025-01-28,8.010000228881836,8.069999694824219,7.900000095367432,7.929999828338623,7.929999828338623,1747800
2025-01-29,7.920000076293945,8.100000381469727,7.849999904632568,8.020000457763672,8.020000457763672,1850200
2025-01-30,8.079999923706055,8.140000343322754,7.800000190734863,7.869999885559082,7.869999885559082,2221800
2025-01-31,7.860000133514404,8.039999961853027,7.820000171661377,7.900000095367432,7.900000095367432,1860300
2025-02-03,7.71999979019165,7.730000019073486,7.539999961853027,7.619999885559082,7.619999885559082,2184700
2025-02-04,7.590000152587891,8.130000114440918,7.570000171661377,8.09000015258789,8.09000015258789,2370900
2025-02-05,8.15999984741211,9.0,8.149999618530273,8.609999656677246,8.609999656677246,3718500
2025-02-06,8.640000343322754,8.869999885559082,8.489999771118164,8.729999542236328,8.729999542236328,3178100
2025-02-07,8.739999771118164,8.869999885559082,8.59000015258789,8.720000267028809,8.720000267028809,2342100
2025-02-10,8.6899995803833,8.800000190734863,8.529999732971191,8.630000114440918,8.630000114440918,1813600
2025-02-11,8.569999694824219,9.0,8.539999961853027,8.989999771118164,8.989999771118164,3116200
2025-02-12,8.90999984741211,9.0,8.720000267028809,8.779999732971191,8.779999732971191,2516800
2025-02-13,8.869999885559082,8.899999618530273,8.630000114440918,8.819999694824219,8.819999694824219,3654200
2025-02-14,8.829999923706055,9.109999656677246,8.720000267028809,9.050000190734863,9.050000190734863,5148600
2025-02-18,9.100000381469727,9.449999809265137,9.09000015258789,9.359999656677246,9.359999656677246,5333000
2025-02-19,9.34000015258789,9.479999542236328,9.3100004196167,9.390000343322754,9.390000343322754,4826600
2025-02-20,9.390000343322754,9.5,9.289999961853027,9.390000343322754,9.390000343322754,3415400
2025-02-21,9.5,9.5,9.149999618530273,9.210000038146973,9.210000038146973,5555600
2025-02-24,8.869999885559082,8.960000038146973,7.949999809265137,8.289999961853027,8.289999961853027,6078400
2025-02-25,8.4399995803833,8.4399995803833,7.940000057220459,8.279999732971191,8.279999732971191,3672900
2025-02-26,8.319999694824219,8.569999694824219,8.149999618530273,8.359999656677246,8.359999656677246,3416400
2025-02-27,8.359999656677246,8.670000076293945,8.279999732971191,8.470000267028809,8.470000267028809,4430600
2025-02-28,8.460000038146973,8.65999984741211,8.40999984741211,8.609999656677246,8.609999656677246,4230200
2025-03-03,8.579999923706055,8.800000190734863,8.449999809265137,8.539999961853027,8.539999961853027,4851800
2025-03-04,8.140000343322754,8.390000343322754,7.670000076293945,8.3100004196167,8.3100004196167,6622900
2025-03-05,8.300000190734863,8.359999656677246,7.909999847412109,8.050000190734863,8.050000190734863,4695500
2025-03-06,7.929999828338623,8.039999961853027,7.739999771118164,7.860000133514404,7.860000133514404,4536900
2025-03-07,7.860000133514404,7.96999979019165,7.590000152587891,7.690000057220459,7.690000057220459,4111600
2025-03-10,7.550000190734863,7.630000114440918,7.25,7.380000114440918,7.380000114440918,4362300
2025-03-11,7.380000114440918,7.670000076293945,7.199999809265137,7.539999961853027,7.539999961853027,4836900
2025-03-12,7.650000095367432,7.949999809265137,7.590000152587891,7.710000038146973,7.710000038146973,3696600
2025-03-13,7.679999828338623,7.739999771118164,7.5,7.539999961853027,7.539999961853027,2602100
2025-03-14,7.590000152587891,7.739999771118164,7.570000171661377,7.699999809265137,7.699999809265137,2718800
2025-03-17,7.699999809265137,7.820000171661377,7.519999980926514,7.739999771118164,7.739999771118164,2759500
2025-03-18,7.699999809265137,7.739999771118164,7.53000020980835,7.639999866485596,7.639999866485596,3258400
2025-03-19,7.650000095367432,7.690000057220459,7.440000057220459,7.630000114440918,7.630000114440918,2707300
2025-03-20,7.53000020980835,7.710000038146973,7.53000020980835,7.690000057220459,7.690000057220459,2948900
2025-03-21,7.619999885559082,8.100000381469727,7.599999904632568,7.980000019073486,7.980000019073486,4928500
2025-03-24,8.09000015258789,8.119999885559082,7.940000057220459,8.050000190734863,8.050000190734863,3481000
2025-03-25,8.039999961853027,8.109999656677246,7.849999904632568,8.069999694824219,8.069999694824219,3783200
2025-03-26,8.039999961853027,8.050000190734863,7.75,7.800000190734863,7.800000190734863,2458500
2025-03-27,7.829999923706055,7.880000114440918,7.75,7.829999923706055,7.829999923706055,1289200
2025-03-28,7.820000171661377,7.929999828338623,7.690000057220459,7.860000133514404,7.860000133514404,1792600
2025-03-31,7.710000038146973,7.710000038146973,7.46999979019165,7.5,7.5,2216000
2025-04-01,7.460000038146973,7.489999771118164,7.21999979019165,7.25,7.25,2249600
2025-04-02,7.199999809265137,7.440000057220459,7.150000095367432,7.429999828338623,7.429999828338623,2223700
2025-04-03,7.269999980926514,7.420000076293945,7.159999847412109,7.329999923706055,7.329999923706055,3074300
2025-04-04,7.119999885559082,7.179999828338623,6.769999980926514,6.829999923706055,6.829999923706055,3508200
2025-04-07,6.5,7.050000190734863,6.429999828338623,6.789999961853027,6.789999961853027,4369200
2025-04-08,7.070000171661377,7.079999923706055,6.369999885559082,6.46999979019165,6.46999979019165,3075600
2025-04-09,6.300000190734863,7.039999961853027,6.130000114440918,6.769999980926514,6.769999980926514,4598500
2025-04-10,6.570000171661377,6.579999923706055,6.019999980926514,6.409999847412109,6.409999847412109,4096400
2025-04-11,6.329999923706055,6.849999904632568,6.329999923706055,6.820000171661377,6.820000171661377,3113500
2025-04-14,6.96999979019165,7.070000171661377,6.800000190734863,7.039999961853027,7.039999961853027,3158600
2025-04-15,6.989999771118164,7.409999847412109,6.960000038146973,7.400000095367432,7.400000095367432,3145300
2025-04-16,7.389999866485596,7.400000095367432,7.079999923706055,7.21999979019165,7.21999979019165,3555200
2025-04-17,7.170000076293945,7.510000228881836,7.139999866485596,7.400000095367432,7.400000095367432,3353900
2025-04-21,7.320000171661377,7.760000228881836,7.25,7.53000020980835,7.53000020980835,3991900
2025-04-22,7.610000133514404,7.980000019073486,7.510000228881836,7.820000171661377,7.820000171661377,4264200
2025-04-23,7.96999979019165,8.180000305175781,7.940000057220459,7.960000038146973,7.960000038146973,3575400
2025-04-24,7.949999809265137,8.229999542236328,7.900000095367432,8.220000267028809,8.220000267028809,3306900
2025-04-25,8.180000305175781,8.470000267028809,8.15999984741211,8.390000343322754,8.390000343322754,3208200
2025-04-28,8.489999771118164,8.489999771118164,8.229999542236328,8.319999694824219,8.319999694824219,3558400
2025-04-29,8.430000305175781,8.619999885559082,8.390000343322754,8.4399995803833,8.4399995803833,4967800
2025-04-30,8.359999656677246,8.930000305175781,8.279999732971191,8.850000381469727,8.850000381469727,4793600
2025-05-01,8.850000381469727,9.039999961853027,8.680000305175781,8.710000038146973,8.710000038146973,4223100
2025-05-02,8.859999656677246,9.069999694824219,8.739999771118164,8.930000305175781,8.930000305175781,4422000
2025-05-05,9.800000190734863,11.109999656677246,9.59000015258789,11.029999732971191,11.029999732971191,26301800
2025-05-06,10.970000267028809,10.970000267028809,10.100000381469727,10.270000457763672,10.270000457763672,14478400
2025-05-07,10.359999656677246,10.520000457763672,9.869999885559082,10.079999923706055,10.079999923706055,7447300
2025-05-08,10.130000114440918,10.199999809265137,9.829999923706055,9.920000076293945,9.920000076293945,10027500
2025-05-09,9.930000305175781,10.390000343322754,9.899999618530273,9.970000267028809,9.970000267028809,7607100
2025-05-12,10.140000343322754,10.5,10.069999694824219,10.34000015258789,10.34000015258789,5565700
2025-05-13,10.369999885559082,10.420000076293945,10.010000228881836,10.0600004196167,10.0600004196167,6116500
2025-05-14,10.170000076293945,10.220000267028809,9.770000457763672,9.850000381469727,9.850000381469727,8984000
2025-05-15,9.960000038146973,10.40999984741211,9.819999694824219,10.210000038146973,10.210000038146973,6469400
2025-05-16,10.270000457763672,10.380000114440918,10.119999885559082,10.239999771118164,10.239999771118164,3698700
2025-05-19,10.25,10.380000114440918,10.130000114440918,10.369999885559082,10.369999885559082,3602600
2025-05-20,10.399999618530273,10.449999809265137,9.989999771118164,10.329999923706055,10.329999923706055,4491900
2025-05-21,10.210000038146973,10.289999961853027,9.949999809265137,10.069999694824219,10.069999694824219,4294300
2025-05-22,10.050000190734863,10.579999923706055,10.010000228881836,10.390000343322754,10.390000343322754,5656800
2025-05-23,10.289999961853027,10.59000015258789,10.15999984741211,10.59000015258789,10.59000015258789,3608200
2025-05-27,10.920000076293945,11.029999732971191,10.579999923706055,10.789999961853027,10.789999961853027,4279800
2025-05-28,10.680000305175781,10.8100004196167,10.550000190734863,10.5600004196167,10.5600004196167,3010600
2025-05-29,10.619999885559082,11.0,10.460000038146973,10.880000114440918,10.880000114440918,3660900
2025-05-30,10.850000381469727,10.880000114440918,10.619999885559082,10.75,10.75,3215600
2025-06-02,10.789999961853027,11.149999618530273,10.6899995803833,10.729999542236328,10.729999542236328,3988400
2025-06-03,10.649999618530273,11.239999771118164,10.510000228881836,11.1899995803833,11.1899995803833,4162400
2025-06-04,11.229999542236328,11.3100004196167,11.0,11.039999961853027,11.039999961853027,3955400
2025-06-05,11.010000228881836,11.109999656677246,10.899999618530273,10.979999542236328,10.979999542236328,3568800
2025-06-06,11.0600004196167,11.180000305175781,10.880000114440918,11.039999961853027,11.039999961853027,4093300
2025-06-09,11.199999809265137,11.229999542236328,10.970000267028809,11.109999656677246,11.109999656677246,3424000
2025-06-10,11.0600004196167,11.220000267028809,10.979999542236328,11.010000228881836,11.010000228881836,2164500
2025-06-11,11.0600004196167,11.069999694824219,10.59000015258789,10.609999656677246,10.609999656677246,3267600
2025-06-12,10.550000190734863,10.640000343322754,10.34000015258789,10.399999618530273,10.399999618530273,3813400
2025-06-13,10.210000038146973,10.460000038146973,10.15999984741211,10.369999885559082,10.369999885559082,2661200
2025-06-16,10.40999984741211,10.470000267028809,10.119999885559082,10.289999961853027,10.289999961853027,2910800
2025-06-17,10.15999984741211,10.220000267028809,9.90999984741211,9.970000267028809,9.970000267028809,3895400
2025-06-18,9.979999542236328,10.140000343322754,9.84000015258789,9.960000038146973,9.960000038146973,3071000
2025-06-20,10.149999618530273,10.149999618530273,9.850000381469727,10.100000381469727,10.100000381469727,5712200
2025-06-23,10.020000457763672,10.039999961853027,9.720000267028809,9.90999984741211,9.90999984741211,2690500
2025-06-24,10.050000190734863,10.0600004196167,9.75,9.930000305175781,9.930000305175781,2404700
2025-06-25,9.9399995803833,10.020000457763672,9.670000076293945,9.739999771118164,9.739999771118164,3633700
2025-06-26,9.8100004196167,9.8100004196167,9.609999656677246,9.65999984741211,9.65999984741211,2556200
2025-06-27,10.050000190734863,10.069999694824219,9.1899995803833,9.359999656677246,9.359999656677246,7450200
2025-06-30,9.470000267028809,9.470000267028809,8.920000076293945,8.960000038146973,8.960000038146973,5123900
2025-07-01,8.979999542236328,9.109999656677246,8.890000343322754,9.0,9.0,4141100
2025-07-02,9.0,9.170000076293945,8.949999809265137,9.020000457763672,9.020000457763672,3551700
2025-07-03,9.020000457763672,9.050000190734863,8.859999656677246,8.9399995803833,8.9399995803833,1407100
2025-07-07,8.90999984741211,8.960000038146973,8.710000038146973,8.760000228881836,8.760000228881836,2674500
2025-07-08,8.760000228881836,8.920000076293945,8.720000267028809,8.789999961853027,8.789999961853027,2906200
2025-07-09,8.90999984741211,9.229999542236328,8.899999618530273,9.0600004196167,9.0600004196167,3913100
2025-07-10,9.010000228881836,9.069999694824219,8.850000381469727,8.880000114440918,8.880000114440918,2198600
2025-07-11,8.869999885559082,8.869999885559082,8.6899995803833,8.760000228881836,8.760000228881836,2416100
2025-07-14,8.779999732971191,8.979999542236328,8.75,8.960000038146973,8.960000038146973,3317300
2025-07-15,9.029999732971191,9.050000190734863,8.710000038146973,8.720000267028809,8.720000267028809,2682300
2025-07-16,8.75,8.800000190734863,8.539999961853027,8.59000015258789,8.59000015258789,3091700
2025-07-17,8.529999732971191,8.720000267028809,8.449999809265137,8.699999809265137,8.699999809265137,3335200
2025-07-18,8.789999961853027,8.789999961853027,8.520000457763672,8.609999656677246,8.609999656677246,3105400
2025-07-21,8.630000114440918,8.739999771118164,8.489999771118164,8.520000457763672,8.520000457763672,3320200
2025-07-22,8.489999771118164,8.6899995803833,8.399999618530273,8.649999618530273,8.649999618530273,3893300
2025-07-23,8.670000076293945,8.699999809265137,8.489999771118164,8.609999656677246,8.609999656677246,2617000
2025-07-24,8.649999618530273,8.710000038146973,8.539999961853027,8.550000190734863,8.550000190734863,2691200
2025-07-25,8.529999732971191,8.640000343322754,8.489999771118164,8.550000190734863,8.550000190734863,2363800
2025-07-28,8.600000381469727,8.600000381469727,8.210000038146973,8.260000228881836,8.260000228881836,3244700
2025-07-29,8.329999923706055,8.350000381469727,8.020000457763672,8.09000015258789,8.09000015258789,3502200
2025-07-30,8.25,8.390000343322754,8.119999885559082,8.220000267028809,8.220000267028809,3087400
2025-07-31,8.220000267028809,8.319999694824219,8.050000190734863,8.140000343322754,8.140000343322754,5399700
2025-08-01,8.149999618530273,8.15999984741211,7.909999847412109,7.949999809265137,7.949999809265137,7971200
2025-08-04,9.140000343322754,9.140000343322754,8.100000381469727,8.729999542236328,8.729999542236328,9702500
2025-08-05,8.619999885559082,8.6899995803833,8.329999923706055,8.359999656677246,8.359999656677246,4171100
2025-08-06,8.369999885559082,8.609999656677246,8.34000015258789,8.600000381469727,8.600000381469727,2676600
2025-08-07,8.59000015258789,8.649999618530273,8.300000190734863,8.350000381469727,8.350000381469727,2328100
2025-08-08,8.380000114440918,8.449999809265137,8.260000228881836,8.300000190734863,8.300000190734863,1823000
2025-08-11,8.199999809265137,8.289999961853027,8.079999923706055,8.199999809265137,8.199999809265137,2210500
2025-08-12,8.260000228881836,8.399999618530273,8.220000267028809,8.350000381469727,8.350000381469727,2311300
2025-08-13,8.399999618530273,8.640000343322754,8.399999618530273,8.529999732971191,8.529999732971191,3706300
2025-08-14,8.430000305175781,8.5,8.270000457763672,8.449999809265137,8.449999809265137,2237100
2025-08-15,8.369999885559082,8.520000457763672,8.359999656677246,8.369999885559082,8.369999885559082,2586400
2025-08-18,8.380000114440918,8.59000015258789,8.350000381469727,8.380000114440918,8.380000114440918,2472600
2025-08-19,8.34000015258789,8.369999885559082,8.180000305175781,8.279999732971191,8.279999732971191,2275600
2025-08-20,8.239999771118164,8.390000343322754,8.229999542236328,8.380000114440918,8.380000114440918,1724100
2025-08-21,8.380000114440918,8.449999809265137,8.319999694824219,8.380000114440918,8.380000114440918,1328500
2025-08-22,8.399999618530273,8.619999885559082,8.350000381469727,8.5600004196167,8.5600004196167,2200400
2025-08-25,8.600000381469727,8.600000381469727,8.270000457763672,8.390000343322754,8.390000343322754,2502900
2025-08-26,8.420000076293945,8.600000381469727,8.369999885559082,8.579999923706055,8.579999923706055,2025300
2025-08-27,8.550000190734863,8.680000305175781,8.520000457763672,8.520000457763672,8.520000457763672,1421800
2025-08-28,8.579999923706055,8.609999656677246,8.399999618530273,8.470000267028809,8.470000267028809,1798100
2025-08-29,8.460000038146973,8.489999771118164,8.289999961853027,8.3100004196167,8.3100004196167,2313800
2025-09-02,8.369999885559082,8.470000267028809,8.270000457763672,8.289999961853027,8.289999961853027,2441200
2025-09-03,8.270000457763672,8.369999885559082,8.020000457763672,8.289999961853027,8.289999961853027,3929100
2025-09-04,8.270000457763672,8.359999656677246,8.1899995803833,8.270000457763672,8.270000457763672,1576200
2025-09-05,8.270000457763672,8.359999656677246,8.140000343322754,8.270000457763672,8.270000457763672,3086700
2025-09-08,8.260000228881836,8.319999694824219,8.100000381469727,8.1899995803833,8.1899995803833,1916900
2025-09-09,8.229999542236328,8.239999771118164,8.029999732971191,8.079999923706055,8.079999923706055,2136100
2025-09-10,8.079999923706055,8.100000381469727,7.929999828338623,8.010000228881836,8.010000228881836,2604300
2025-09-11,8.0,8.130000114440918,7.96999979019165,8.069999694824219,8.069999694824219,2274600
2025-09-12,8.050000190734863,8.100000381469727,7.889999866485596,7.909999847412109,7.909999847412109,3198200
2025-09-15,7.889999866485596,7.940000057220459,7.679999828338623,7.699999809265137,7.699999809265137,3123700
2025-09-16,7.71999979019165,7.800000190734863,7.639999866485596,7.75,7.75,2217500
2025-09-17,7.730000019073486,7.989999771118164,7.679999828338623,7.699999809265137,7.699999809265137,3577400
2025-09-18,7.78000020980835,7.96999979019165,7.769999980926514,7.960000038146973,7.960000038146973,1879600
2025-09-19,7.900000095367432,7.980000019073486,7.659999847412109,7.699999809265137,7.699999809265137,6617700
2025-09-22,7.769999980926514,7.940000057220459,7.710000038146973,7.909999847412109,7.909999847412109,2063500
2025-09-23,7.860000133514404,7.940000057220459,7.78000020980835,7.820000171661377,7.820000171661377,1843800
2025-09-24,7.78000020980835,7.880000114440918,7.739999771118164,7.769999980926514,7.769999980926514,2578900
2025-09-25,7.78000020980835,7.889999866485596,7.610000133514404,7.650000095367432,7.650000095367432,1987600
2025-09-26,7.679999828338623,7.730000019073486,7.5,7.630000114440918,7.630000114440918,2620600
2025-09-29,7.630000114440918,7.630000114440918,7.5,7.550000190734863,7.550000190734863,1929600
2025-09-30,7.579999923706055,7.619999885559082,7.420000076293945,7.590000152587891,7.590000152587891,2273400
2025-10-01,7.489999771118164,7.519999980926514,7.239999771118164,7.369999885559082,7.369999885559082,5323100
2025-10-02,7.360000133514404,7.420000076293945,7.269999980926514,7.329999923706055,7.329999923706055,2809100
2025-10-03,7.400000095367432,7.46999979019165,7.139999866485596,7.150000095367432,7.150000095367432,3692000
2025-10-06,7.139999866485596,7.139999866485596,7.0,7.019999980926514,7.019999980926514,4118200
2025-10-07,7.010000228881836,7.070000171661377,6.940000057220459,6.949999809265137,6.949999809265137,3957000
2025-10-08,7.059999942779541,7.320000171661377,6.949999809265137,7.28000020980835,7.28000020980835,5783100
2025-10-09,7.239999771118164,7.340000152587891,7.21999979019165,7.25,7.25,4089000
2025-10-10,7.260000228881836,7.320000171661377,7.079999923706055,7.21999979019165,7.21999979019165,3292200
2025-10-13,7.230000019073486,7.269999980926514,6.960000038146973,7.039999961853027,7.039999961853027,3355700
2025-10-14,6.619999885559082,6.980000019073486,6.0,6.420000076293945,6.420000076293945,36939700
2025-10-15,6.53000020980835,6.880000114440918,6.460000038146973,6.809999942779541,6.809999942779541,15805200
2025-10-16,6.869999885559082,6.920000076293945,6.699999809265137,6.71999979019165,6.71999979019165,10483800
2025-10-17,6.670000076293945,6.679999828338623,6.440000057220459,6.630000114440918,6.630000114440918,7576000
2025-10-20,6.670000076293945,6.929999828338623,6.590000152587891,6.929999828338623,6.929999828338623,6474000
2025-10-21,6.869999885559082,6.989999771118164,6.75,6.989999771118164,6.989999771118164,3263400
2025-10-22,6.989999771118164,7.159999847412109,6.869999885559082,7.079999923706055,7.079999923706055,6210800
2025-10-23,7.050000190734863,7.239999771118164,6.96999979019165,7.190000057220459,7.190000057220459,3805600
2025-10-24,7.230000019073486,7.340000152587891,7.150000095367432,7.199999809265137,7.199999809265137,3902000
2025-10-27,7.260000228881836,7.340000152587891,7.170000076293945,7.309999942779541,7.309999942779541,4220300
2025-10-28,7.309999942779541,7.329999923706055,7.170000076293945,7.239999771118164,7.239999771118164,6041000
2025-10-29,7.179999828338623,7.380000114440918,7.170000076293945,7.309999942779541,7.309999942779541,5075500
2025-10-30,7.309999942779541,7.429999828338623,7.210000038146973,7.25,7.25,4881300
2025-10-31,7.28000020980835,7.46999979019165,7.179999828338623,7.320000171661377,7.320000171661377,5729100
2025-11-03,7.150000095367432,7.260000228881836,6.75,6.860000133514404,6.860000133514404,9821600
2025-11-04,6.699999809265137,6.900000095367432,6.510000228881836,6.760000228881836,6.760000228881836,8818700
2025-11-05,6.860000133514404,7.21999979019165,6.800000190734863,7.170000076293945,7.170000076293945,5786400
2025-11-06,7.139999866485596,7.150000095367432,6.869999885559082,7.03000020980835,7.03000020980835,4967400
2025-11-07,7.03000020980835,7.119999885559082,6.840000152587891,7.090000152587891,7.090000152587891,5770400
2025-11-10,7.150000095367432,7.269999980926514,7.079999923706055,7.199999809265137,7.199999809265137,3779200
2025-11-11,7.170000076293945,7.329999923706055,7.110000133514404,7.230000019073486,7.230000019073486,3663700
2025-11-12,7.21999979019165,7.320000171661377,7.139999866485596,7.179999828338623,7.179999828338623,3442500
2025-11-13,7.139999866485596,7.230000019073486,6.900000095367432,6.900000095367432,6.900000095367432,4832200
2025-11-14,6.880000114440918,7.190000057220459,6.849999904632568,7.079999923706055,7.079999923706055,3680200
2025-11-17,7.099999904632568,7.210000038146973,7.0,7.03000020980835,7.03000020980835,3261400
2025-11-18,7.0,7.130000114440918,6.96999979019165,7.0,7.0,2466000
2025-11-19,7.010000228881836,7.070000171661377,6.730000019073486,6.929999828338623,6.929999828338623,3234500
2025-11-20,7.039999961853027,7.090000152587891,6.889999866485596,7.03000020980835,7.03000020980835,3572900
2025-11-21,7.03000020980835,7.170000076293945,6.949999809265137,6.96999979019165,6.96999979019165,3906800
2025-11-24,7.0,7.050000190734863,6.710000038146973,6.829999923706055,6.829999923706055,4942300
2025-11-25,6.909999847412109,7.010000228881836,6.710000038146973,6.849999904632568,6.849999904632568,5244000
2025-11-26,6.849999904632568,7.139999866485596,6.809999942779541,7.099999904632568,7.099999904632568,3731200
2025-11-28,7.139999866485596,7.230000019073486,7.050000190734863,7.179999828338623,7.179999828338623,1484800
2025-12-01,7.079999923706055,7.199999809265137,7.019999980926514,7.130000114440918,7.130000114440918,3200200
2025-12-02,7.170000076293945,7.300000190734863,7.119999885559082,7.159999847412109,7.159999847412109,3570500
2025-12-03,7.110000133514404,7.880000114440918,7.110000133514404,7.849999904632568,7.849999904632568,7604100
2025-12-04,7.849999904632568,8.170000076293945,7.789999961853027,7.829999923706055,7.829999923706055,6724900
2025-12-05,7.840000152587891,7.929999828338623,7.449999809265137,7.590000152587891,7.590000152587891,3199500
2025-12-08,7.710000038146973,7.980000019073486,7.659999847412109,7.699999809265137,7.699999809265137,3817300
2025-12-09,7.699999809265137,7.849999904632568,7.630000114440918,7.639999866485596,7.639999866485596,3220600
2025-12-10,7.619999885559082,7.690000057220459,7.510000228881836,7.659999847412109,7.659999847412109,2735000
2025-12-11,7.679999828338623,7.769999980926514,7.539999961853027,7.579999923706055,7.579999923706055,2657300
2025-12-12,7.820000171661377,7.820000171661377,7.230000019073486,7.570000171661377,7.570000171661377,5223100
2025-12-15,7.639999866485596,7.920000076293945,7.440000057220459,7.590000152587891,7.590000152587891,4954300
2025-12-16,7.610000133514404,7.699999809265137,7.360000133514404,7.46999979019165,7.46999979019165,3246100
2025-12-17,7.429999828338623,7.579999923706055,7.110000133514404,7.130000114440918,7.130000114440918,4699100
2025-12-18,7.190000057220459,7.380000114440918,7.119999885559082,7.289999961853027,7.289999961853027,3742800
2025-12-19,7.239999771118164,7.559999942779541,7.190000057220459,7.409999847412109,7.409999847412109,6235800
2025-12-22,7.400000095367432,7.690000057220459,7.349999904632568,7.610000133514404,7.610000133514404,3555000
2025-12-23,7.590000152587891,7.639999866485596,7.440000057220459,7.53000020980835,7.53000020980835,2139600
2025-12-24,7.480000019073486,7.760000228881836,7.46999979019165,7.699999809265137,7.699999809265137,1457500
2025-12-26,7.690000057220459,7.690000057220459,7.53000020980835,7.630000114440918,7.630000114440918,1625500
2025-12-29,7.610000133514404,7.769999980926514,7.519999980926514,7.710000038146973,7.710000038146973,2296900
2025-12-30,7.650000095367432,7.690000057220459,7.539999961853027,7.659999847412109,7.659999847412109,3136000
2025-12-31,7.670000076293945,7.829999923706055,7.650000095367432,7.800000190734863,7.800000190734863,2940700
2026-01-02,7.820000171661377,7.900000095367432,7.460000038146973,7.5,7.5,2818700
2026-01-05,7.409999847412109,7.53000020980835,7.210000038146973,7.409999847412109,7.409999847412109,4411900
2026-01-06,7.380000114440918,7.630000114440918,7.360000133514404,7.579999923706055,7.579999923706055,4981500
2026-01-07,7.590000152587891,8.050000190734863,7.559999942779541,7.920000076293945,7.920000076293945,3901900
2026-01-08,7.849999904632568,7.909999847412109,7.519999980926514,7.619999885559082,7.619999885559082,3692700
2026-01-09,7.650000095367432,8.039999961853027,7.380000114440918,7.400000095367432,7.400000095367432,6056500
2026-01-12,7.300000190734863,7.329999923706055,6.989999771118164,7.090000152587891,7.090000152587891,7805700
2026-01-13,7.130000114440918,7.130000114440918,6.690000057220459,6.75,6.75,6441500
2026-01-14,6.71999979019165,6.849999904632568,6.690000057220459,6.78000020980835,6.78000020980835,4662500
2026-01-15,6.789999961853027,7.269999980926514,6.639999866485596,7.170000076293945,7.170000076293945,7488400
2026-01-16,7.119999885559082,7.170000076293945,6.579999923706055,6.659999847412109,6.659999847412109,6759000
2026-01-20,6.5,6.699999809265137,6.460000038146973,6.670000076293945,6.670000076293945,5417200
2026-01-21,6.659999847412109,6.739999771118164,6.599999904632568,6.71999979019165,6.71999979019165,3307500
2026-01-22,6.690000057220459,6.869999885559082,6.630000114440918,6.75,6.75,6694300
2026-01-23,6.71999979019165,7.150000095367432,6.699999809265137,6.789999961853027,6.789999961853027,4811000
2026-01-26,6.789999961853027,7.070000171661377,6.730000019073486,6.860000133514404,6.860000133514404,5504300
2026-01-27,6.809999942779541,6.940000057220459,6.590000152587891,6.760000228881836,6.760000228881836,4709500
2026-01-28,6.760000228881836,6.829999923706055,6.610000133514404,6.659999847412109,6.659999847412109,2710600
2026-01-29,6.659999847412109,6.800000190734863,6.599999904632568,6.670000076293945,6.670000076293945,3638300
2026-01-30,6.610000133514404,6.75,6.420000076293945,6.579999923706055,6.579999923706055,3294800
2026-02-02,6.550000190734863,6.75,6.46999979019165,6.630000114440918,6.630000114440918,3721900
2026-02-03,6.610000133514404,6.75,6.550000190734863,6.699999809265137,6.699999809265137,4135600
2026-02-04,6.71999979019165,6.760000228881836,6.400000095367432,6.420000076293945,6.420000076293945,4420500
2026-02-05,6.440000057220459,6.570000171661377,6.230000019073486,6.239999771118164,6.239999771118164,4516600
2026-02-06,6.440000057220459,6.440000057220459,6.260000228881836,6.380000114440918,6.380000114440918,6346400
2026-02-09,6.340000152587891,6.380000114440918,6.260000228881836,6.300000190734863,6.300000190734863,1762800
2026-02-10,6.309999942779541,6.639999866485596,6.300000190734863,6.550000190734863,6.550000190734863,5287500
2026-02-11,6.53000020980835,6.909999847412109,6.460000038146973,6.840000152587891,6.840000152587891,3725300
2026-02-12,6.820000171661377,6.860000133514404,6.610000133514404,6.800000190734863,6.800000190734863,2024600
2026-02-13,6.869999885559082,6.909999847412109,6.71999979019165,6.760000228881836,6.760000228881836,4507900
2026-02-17,6.78000020980835,7.010000228881836,6.760000228881836,6.949999809265137,6.949999809265137,3798800
2026-02-18,6.96999979019165,7.360000133514404,6.96999979019165,7.260000228881836,7.260000228881836,4676400
2026-02-19,7.260000228881836,7.480000019073486,7.159999847412109,7.480000019073486,7.480000019073486,2638200
2026-02-20,7.46999979019165,7.5,7.309999942779541,7.449999809265137,7.449999809265137,2602800
2026-02-23,7.449999809265137,7.610000133514404,7.420000076293945,7.579999923706055,7.579999923706055,2637200
2026-02-24,7.639999866485596,7.699999809265137,7.559999942779541,7.610000133514404,7.610000133514404,1951200
2026-02-25,7.670000076293945,7.690000057220459,7.46999979019165,7.550000190734863,7.550000190734863,3373000
2026-02-26,8.199999809265137,8.199999809265137,7.590000152587891,7.900000095367432,7.900000095367432,8077100
2026-02-27,7.949999809265137,8.829999923706055,7.909999847412109,8.75,8.75,14875600
2026-03-02,8.649999618530273,8.859999656677246,8.529999732971191,8.630000114440918,8.630000114440918,5919600
2026-03-03,8.510000228881836,8.859999656677246,8.449999809265137,8.6899995803833,8.6899995803833,5185600
2026-03-04,8.65999984741211,8.720000267028809,8.390000343322754,8.569999694824219,8.569999694824219,4911400
2026-03-05,8.479999542236328,8.640000343322754,8.399999618530273,8.5,8.5,7788700
2026-03-06,8.399999618530273,8.510000228881836,8.3100004196167,8.479999542236328,8.479999542236328,3473600
2026-03-09,8.479999542236328,8.670000076293945,8.390000343322754,8.619999885559082,8.619999885559082,5427700
2026-03-10,8.630000114440918,8.899999618530273,8.630000114440918,8.75,8.75,4005500
2026-03-11,8.6899995803833,8.789999961853027,8.390000343322754,8.489999771118164,8.489999771118164,3055600
2026-03-12,8.5,8.579999923706055,8.34000015258789,8.380000114440918,8.380000114440918,4257000
2026-03-13,8.449999809265137,8.539999961853027,8.149999618530273,8.220000267028809,8.220000267028809,5516700
2026-03-16,8.220000267028809,9.600000381469727,8.199999809265137,9.300000190734863,9.300000190734863,19874900
2026-03-17,9.300000190734863,9.569999694824219,8.949999809265137,9.210000038146973,9.210000038146973,6012800
2026-03-18,9.180000305175781,9.1899995803833,8.90999984741211,9.15999984741211,9.15999984741211,4629000
2026-03-19,9.149999618530273,9.979999542236328,9.050000190734863,9.8100004196167,9.8100004196167,9235400
2026-03-20,9.729999542236328,10.319999694824219,9.640000343322754,9.699999809265137,9.699999809265137,13148800
2026-03-23,9.829999923706055,10.039999961853027,9.630000114440918,9.800000190734863,9.800000190734863,9242100
2026-03-24,10.130000114440918,10.130000114440918,9.420000076293945,9.65999984741211,9.65999984741211,11145800
2026-03-25,9.899999618530273,10.109999656677246,9.25,9.399999618530273,9.399999618530273,7736800
2026-03-26,9.1899995803833,9.6899995803833,8.890000343322754,9.5600004196167,9.5600004196167,6618200
2026-03-27,9.59000015258789,9.729999542236328,9.329999923706055,9.329999923706055,9.329999923706055,4324500
2026-03-30,9.279999732971191,9.520000457763672,9.170000076293945,9.449999809265137,9.449999809265137,2987200
2026-03-31,9.569999694824219,9.6899995803833,9.300000190734863,9.520000457763672,9.520000457763672,5655300
2026-04-01,9.539999961853027,9.65999984741211,9.270000457763672,9.380000114440918,9.380000114440918,4907300
2026-04-02,9.3100004196167,9.350000381469727,8.920000076293945,9.020000457763672,9.020000457763672,7824900
2026-04-06,8.979999542236328,9.680000305175781,8.949999809265137,9.470000267028809,9.470000267028809,3462200
2026-04-07,9.420000076293945,9.619999885559082,9.149999618530273,9.59000015258789,9.59000015258789,2923900
2026-04-08,9.649999618530273,9.920000076293945,9.640000343322754,9.779999732971191,9.779999732971191,8649200
2026-04-09,9.710000038146973,9.979999542236328,9.710000038146973,9.890000343322754,9.890000343322754,4608300
2026-04-10,9.890000343322754,9.899999618530273,9.489999771118164,9.5600004196167,9.5600004196167,4432200
2026-04-13,9.510000228881836,9.5600004196167,9.34000015258789,9.40999984741211,9.40999984741211,3194500
2026-04-14,9.390000343322754,9.680000305175781,9.369999885559082,9.670000076293945,9.670000076293945,3711500
2026-04-15,9.75,9.770000457763672,9.380000114440918,9.4399995803833,9.4399995803833,4842000
2026-04-16,9.449999809265137,9.579999923706055,9.329999923706055,9.520000457763672,9.520000457763672,4319800
2026-04-17,9.630000114440918,9.670000076293945,9.430000305175781,9.5,9.5,3656600
2026-04-20,9.399999618530273,9.449999809265137,9.09000015258789,9.1899995803833,9.1899995803833,3204400
2026-04-21,9.199999809265137,9.270000457763672,8.5600004196167,8.579999923706055,8.579999923706055,5079100
2026-04-22,8.579999923706055,9.020000457763672,8.579999923706055,9.010000228881836,9.010000228881836,3725600
2026-04-23,9.029999732971191,9.119999885559082,8.699999809265137,8.760000228881836,8.760000228881836,2464900
2026-04-24,8.729999542236328,8.949999809265137,8.619999885559082,8.9399995803833,8.9399995803833,2623400
2026-04-27,8.880000114440918,9.199999809265137,8.880000114440918,8.899999618530273,8.899999618530273,3086900
2026-04-28,9.039999961853027,9.149999618530273,8.800000190734863,8.859999656677246,8.859999656677246,2556700
2026-04-29,9.020000457763672,9.1899995803833,8.8100004196167,8.989999771118164,8.989999771118164,3313700
2026-04-30,9.010000228881836,9.369999885559082,8.960000038146973,9.15999984741211,9.15999984741211,3321400
2026-05-01,9.15999984741211,9.329999923706055,9.09000015258789,9.1899995803833,9.1899995803833,2307100
2026-05-04,9.15999984741211,9.399999618530273,9.020000457763672,9.199999809265137,9.199999809265137,3454100
2026-05-05,9.220000267028809,9.3100004196167,8.9399995803833,9.029999732971191,9.029999732971191,3745200
2026-05-06,8.630000114440918,8.90999984741211,7.789999961853027,8.829999923706055,8.829999923706055,9013000
2026-05-07,8.800000190734863,8.9399995803833,8.569999694824219,8.899999618530273,8.899999618530273,5549200
2026-05-08,8.960000038146973,8.989999771118164,8.5600004196167,8.619999885559082,8.619999885559082,6164500
2026-05-11,8.670000076293945,8.800000190734863,8.520000457763672,8.579999923706055,8.579999923706055,3710100
2026-05-12,8.649999618530273,8.84000015258789,8.59000015258789,8.800000190734863,8.800000190734863,3320000
2026-05-13,8.680000305175781,9.789999961853027,8.649999618530273,9.600000381469727,9.600000381469727,18948600
2026-05-14,9.770000457763672,9.819999694824219,9.489999771118164,9.569999694824219,9.569999694824219,5326900
2026-05-15,9.5600004196167,9.59000015258789,9.0,9.020000457763672,9.020000457763672,4576500
2026-05-18,9.029999732971191,9.069999694824219,8.760000228881836,8.970000267028809,8.970000267028809,3797400
2026-05-19,8.970000267028809,9.010000228881836,8.729999542236328,8.770000457763672,8.770000457763672,3876300
2026-05-20,8.779999732971191,8.970000267028809,8.720000267028809,8.739999771118164,8.739999771118164,2574900
2026-05-21,8.6899995803833,8.6899995803833,8.359999656677246,8.369999885559082,8.369999885559082,4051700
2026-05-22,8.350000381469727,8.539999961853027,8.220000267028809,8.289999961853027,8.289999961853027,4165100
2026-05-26,8.1899995803833,8.529999732971191,8.109999656677246,8.470000267028809,8.470000267028809,4013200
2026-05-27,8.479999542236328,9.229999542236328,8.4399995803833,9.119999885559082,9.119999885559082,6574800
2026-05-28,9.09000015258789,9.149999618530273,8.90999984741211,9.100000381469727,9.100000381469727,3349300
2026-05-29,9.050000190734863,9.100000381469727,8.819999694824219,8.90999984741211,8.90999984741211,3232100
2026-06-01,8.760000228881836,8.850000381469727,8.529999732971191,8.569999694824219,8.569999694824219,3084300
2026-06-02,8.420000076293945,8.449999809265137,8.25,8.34000015258789,8.34000015258789,4511000
2026-06-03,8.329999923706055,8.470000267028809,8.0600004196167,8.25,8.25,4229700
2026-06-04,8.380000114440918,8.510000228881836,8.3100004196167,8.470000267028809,8.470000267028809,3465400
2026-06-05,8.5,8.600000381469727,8.329999923706055,8.40999984741211,8.40999984741211,2500800
2026-06-08,8.430000305175781,8.470000267028809,8.239999771118164,8.430000305175781,8.430000305175781,4086000
2026-06-09,8.520000457763672,8.640000343322754,8.319999694824219,8.329999923706055,8.329999923706055,3797900
2026-06-10,8.3100004196167,8.399999618530273,8.149999618530273,8.1899995803833,8.1899995803833,3652300
2026-06-11,8.210000038146973,8.640000343322754,8.100000381469727,8.5,8.5,3820200
2026-06-12,8.470000267028809,8.739999771118164,8.449999809265137,8.699999809265137,8.699999809265137,2394500
2026-06-15,8.760000228881836,9.079999923706055,8.710000038146973,9.0600004196167,9.0600004196167,4153900
2026-06-16,9.09000015258789,9.180000305175781,8.800000190734863,8.920000076293945,8.920000076293945,3575100
2026-06-17,8.949999809265137,9.180000305175781,8.819999694824219,8.949999809265137,8.949999809265137,4450600
2026-06-18,9.100000381469727,9.539999961853027,8.979999542236328,8.989999771118164,8.989999771118164,8882600
2026-06-22,9.039999961853027,9.34000015258789,8.90999984741211,9.140000343322754,9.140000343322754,7405400
2026-06-23,9.180000305175781,9.5,9.100000381469727,9.3100004196167,9.3100004196167,5144600
2026-06-24,9.420000076293945,10.010000228881836,9.390000343322754,10.0,10.0,8519800
2026-06-25,10.0,10.9399995803833,9.699999809265137,9.899999618530273,9.899999618530273,19039600
2026-06-26,9.90999984741211,10.1899995803833,9.65999984741211,9.9399995803833,9.9399995803833,10986500
2026-06-29,9.890000343322754,10.039999961853027,9.479999542236328,9.550000190734863,9.550000190734863,6533600
2026-06-30,9.8100004196167,10.170000076293945,9.680000305175781,10.0,10.0,7719800
2026-07-01,10.149999618530273,10.149999618530273,9.59000015258789,9.649999618530273,9.649999618530273,4866200
2026-07-02,9.739999771118164,9.850000381469727,9.520000457763672,9.84000015258789,9.84000015258789,4859900
2026-07-06,9.800000190734863,10.25,9.710000038146973,10.170000076293945,10.170000076293945,4380000
2026-07-07,10.34000015258789,11.029999732971191,10.0,10.989999771118164,10.989999771118164,10280200
2026-07-08,10.949999809265137,11.1899995803833,10.510000228881836,11.109999656677246,11.109999656677246,7429400
2026-07-09,11.149999618530273,11.220000267028809,10.6899995803833,10.720000267028809,10.720000267028809,3982300
2026-07-10,10.6899995803833,10.720000267028809,10.279999732971191,10.449999809265137,10.449999809265137,3359400
