date,open,high,low,close,adjclose,volume
2021-08-02,128.0,133.1999969482422,128.0,129.60000610351562,129.60000610351562,11208
2021-08-03,129.1999969482422,129.60000610351562,127.19999694824219,129.1999969482422,129.1999969482422,5975
2021-08-04,127.19999694824219,129.1999969482422,118.0,121.19999694824219,121.19999694824219,20698
2021-08-05,123.5999984741211,128.39999389648438,121.5999984741211,126.0,126.0,9770
2021-08-06,127.19999694824219,127.19999694824219,123.5999984741211,126.0,126.0,5998
2021-08-09,125.19999694824219,126.0,120.80000305175781,122.0,122.0,11295
2021-08-10,123.5999984741211,123.5999984741211,120.4000015258789,122.4000015258789,122.4000015258789,8815
2021-08-11,121.5999984741211,122.4000015258789,119.19999694824219,121.5999984741211,121.5999984741211,7095
2021-08-12,120.0,121.5999984741211,117.19999694824219,120.0,120.0,10673
2021-08-13,120.80000305175781,124.0,120.4000015258789,120.80000305175781,120.80000305175781,8968
2021-08-16,120.0,120.0,113.19999694824219,114.0,114.0,23645
2021-08-17,115.19999694824219,117.5999984741211,110.80000305175781,115.5999984741211,115.5999984741211,16313
2021-08-18,113.5999984741211,115.5999984741211,104.80000305175781,110.4000015258789,110.4000015258789,37020
2021-08-19,109.5999984741211,110.0,106.0,106.0,106.0,9228
2021-08-20,106.0,113.19999694824219,106.0,110.0,110.0,9533
2021-08-23,110.0,116.80000305175781,110.0,114.0,114.0,10900
2021-08-24,113.19999694824219,114.80000305175781,110.4000015258789,112.80000305175781,112.80000305175781,9858
2021-08-25,112.0,115.19999694824219,111.19999694824219,114.80000305175781,114.80000305175781,6275
2021-08-26,112.80000305175781,115.5999984741211,112.4000015258789,115.19999694824219,115.19999694824219,8530
2021-08-27,114.80000305175781,117.5999984741211,112.0,114.4000015258789,114.4000015258789,10375
2021-08-30,114.4000015258789,115.19999694824219,111.19999694824219,112.0,112.0,8690
2021-08-31,112.0,116.0,111.19999694824219,114.80000305175781,114.80000305175781,10410
2021-09-01,113.5999984741211,117.5999984741211,113.5999984741211,116.4000015258789,116.4000015258789,6645
2021-09-02,116.4000015258789,120.4000015258789,114.4000015258789,116.4000015258789,116.4000015258789,10348
2021-09-03,116.0,117.5999984741211,111.19999694824219,111.19999694824219,111.19999694824219,11463
2021-09-07,112.0,115.19999694824219,110.0,111.5999984741211,111.5999984741211,5550
2021-09-08,112.80000305175781,112.80000305175781,108.0,109.19999694824219,109.19999694824219,7588
2021-09-09,108.4000015258789,111.5999984741211,108.4000015258789,109.19999694824219,109.19999694824219,4818
2021-09-10,108.4000015258789,112.4000015258789,108.4000015258789,110.80000305175781,110.80000305175781,10295
2021-09-13,110.80000305175781,116.0,109.19999694824219,114.4000015258789,114.4000015258789,8175
2021-09-14,116.0,116.0,108.0,109.5999984741211,109.5999984741211,9458
2021-09-15,112.4000015258789,112.4000015258789,107.19999694824219,108.0,108.0,6865
2021-09-16,108.80000305175781,108.80000305175781,104.4000015258789,106.80000305175781,106.80000305175781,7963
2021-09-17,107.19999694824219,108.0,104.80000305175781,106.80000305175781,106.80000305175781,4233
2021-09-20,104.80000305175781,108.0,103.19999694824219,106.0,106.0,10698
2021-09-21,106.4000015258789,108.80000305175781,105.19999694824219,107.19999694824219,107.19999694824219,6095
2021-09-22,107.19999694824219,109.5999984741211,107.19999694824219,109.19999694824219,109.19999694824219,4050
2021-09-23,109.19999694824219,112.80000305175781,109.19999694824219,112.4000015258789,112.4000015258789,7618
2021-09-24,112.80000305175781,116.80000305175781,110.4000015258789,116.0,116.0,11110
2021-09-27,115.5999984741211,116.4000015258789,111.5999984741211,112.4000015258789,112.4000015258789,8328
2021-09-28,111.19999694824219,111.5999984741211,108.0,108.4000015258789,108.4000015258789,7023
2021-09-29,108.80000305175781,109.5999984741211,107.19999694824219,107.5999984741211,107.5999984741211,6015
2021-09-30,106.80000305175781,110.4000015258789,106.0,110.0,110.0,3630
2021-10-01,108.80000305175781,112.0,107.5999984741211,111.5999984741211,111.5999984741211,7653
2021-10-04,109.5999984741211,109.5999984741211,106.80000305175781,108.0,108.0,5418
2021-10-05,107.5999984741211,109.19999694824219,105.19999694824219,106.80000305175781,106.80000305175781,5868
2021-10-06,106.0,108.4000015258789,104.80000305175781,108.0,108.0,4498
2021-10-07,108.0,108.0,105.5999984741211,107.19999694824219,107.19999694824219,4160
2021-10-08,107.5999984741211,108.0,105.19999694824219,105.5999984741211,105.5999984741211,3428
2021-10-11,105.5999984741211,106.80000305175781,104.80000305175781,105.5999984741211,105.5999984741211,3908
2021-10-12,105.5999984741211,108.0,105.19999694824219,105.19999694824219,105.19999694824219,3873
2021-10-13,115.5999984741211,123.19999694824219,107.5999984741211,114.4000015258789,114.4000015258789,102800
2021-10-14,115.19999694824219,118.80000305175781,113.5999984741211,118.0,118.0,10525
2021-10-15,116.4000015258789,126.0,116.0,122.4000015258789,122.4000015258789,15285
2021-10-18,122.4000015258789,123.5999984741211,114.80000305175781,116.0,116.0,9480
2021-10-19,117.19999694824219,117.5999984741211,115.19999694824219,116.0,116.0,4760
2021-10-20,114.0,116.80000305175781,114.0,114.4000015258789,114.4000015258789,3975
2021-10-21,114.0,122.0,114.0,121.5999984741211,121.5999984741211,10240
2021-10-22,119.19999694824219,119.19999694824219,114.0,115.19999694824219,115.19999694824219,8503
2021-10-25,115.19999694824219,115.19999694824219,112.0,115.19999694824219,115.19999694824219,5488
2021-10-26,113.5999984741211,116.0,112.0,114.4000015258789,114.4000015258789,8515
2021-10-27,114.4000015258789,115.5999984741211,112.0,114.0,114.0,2835
2021-10-28,114.80000305175781,115.5999984741211,112.4000015258789,114.80000305175781,114.80000305175781,6695
2021-10-29,114.80000305175781,115.19999694824219,112.0,113.5999984741211,113.5999984741211,2983
2021-11-01,113.19999694824219,114.80000305175781,112.4000015258789,113.5999984741211,113.5999984741211,5495
2021-11-02,114.0,114.0,112.0,113.19999694824219,113.19999694824219,6273
2021-11-03,112.4000015258789,113.5999984741211,108.80000305175781,112.80000305175781,112.80000305175781,6173
2021-11-04,112.4000015258789,114.4000015258789,111.5999984741211,112.80000305175781,112.80000305175781,5193
2021-11-05,112.4000015258789,112.80000305175781,108.80000305175781,110.0,110.0,7093
2021-11-08,111.5999984741211,112.0,108.4000015258789,112.0,112.0,8570
2021-11-09,111.19999694824219,114.4000015258789,109.19999694824219,113.5999984741211,113.5999984741211,5298
2021-11-10,111.19999694824219,112.0,110.0,110.4000015258789,110.4000015258789,5788
2021-11-11,110.4000015258789,114.0,110.4000015258789,112.4000015258789,112.4000015258789,6620
2021-11-12,111.5999984741211,114.80000305175781,110.4000015258789,112.80000305175781,112.80000305175781,5733
2021-11-15,112.0,116.4000015258789,112.0,114.4000015258789,114.4000015258789,5183
2021-11-16,113.19999694824219,118.4000015258789,112.4000015258789,114.0,114.0,6525
2021-11-17,114.80000305175781,114.80000305175781,109.19999694824219,110.80000305175781,110.80000305175781,9178
2021-11-18,111.5999984741211,112.4000015258789,106.0,106.4000015258789,106.4000015258789,11208
2021-11-19,106.0,109.5999984741211,105.5999984741211,106.4000015258789,106.4000015258789,5168
2021-11-22,106.4000015258789,108.80000305175781,105.5999984741211,108.0,108.0,5593
2021-11-23,106.4000015258789,110.0,102.80000305175781,106.4000015258789,106.4000015258789,13035
2021-11-24,105.19999694824219,108.80000305175781,103.19999694824219,105.5999984741211,105.5999984741211,10785
2021-11-26,104.0,106.4000015258789,102.0,104.0,104.0,6410
2021-11-29,104.0,104.4000015258789,100.4000015258789,102.80000305175781,102.80000305175781,8210
2021-11-30,103.19999694824219,108.0,99.19999694824219,105.19999694824219,105.19999694824219,14095
2021-12-01,106.0,110.0,103.19999694824219,103.19999694824219,103.19999694824219,8555
2021-12-02,104.0,105.19999694824219,91.5999984741211,92.80000305175781,92.80000305175781,32040
2021-12-03,94.0,95.19999694824219,86.0,88.80000305175781,88.80000305175781,17578
2021-12-06,88.4000015258789,90.0,82.0,85.5999984741211,85.5999984741211,18033
2021-12-07,86.0,95.5999984741211,86.0,93.5999984741211,93.5999984741211,12753
2021-12-08,94.0,96.0,92.0,94.0,94.0,4743
2021-12-09,94.0,96.4000015258789,90.4000015258789,90.80000305175781,90.80000305175781,6448
2021-12-10,90.0,120.80000305175781,90.0,107.19999694824219,107.19999694824219,126448
2021-12-13,104.80000305175781,106.80000305175781,96.0,100.0,100.0,21780
2021-12-14,98.0,102.80000305175781,96.0,98.0,98.0,9875
2021-12-15,98.0,100.0,88.0,94.4000015258789,94.4000015258789,22808
2021-12-16,95.5999984741211,98.0,83.5999984741211,87.19999694824219,87.19999694824219,19920
2021-12-17,85.5999984741211,93.5999984741211,85.5999984741211,92.4000015258789,92.4000015258789,8925
2021-12-20,92.4000015258789,95.5999984741211,87.19999694824219,89.19999694824219,89.19999694824219,9278
2021-12-21,89.5999984741211,91.5999984741211,86.4000015258789,87.19999694824219,87.19999694824219,8348
2021-12-22,87.19999694824219,91.5999984741211,86.4000015258789,89.5999984741211,89.5999984741211,6058
2021-12-23,88.4000015258789,89.5999984741211,86.0,87.5999984741211,87.5999984741211,13198
2021-12-27,90.4000015258789,90.4000015258789,83.5999984741211,84.4000015258789,84.4000015258789,13195
2021-12-28,84.0,88.0,82.4000015258789,85.5999984741211,85.5999984741211,13740
2021-12-29,85.19999694824219,86.80000305175781,82.4000015258789,83.5999984741211,83.5999984741211,13703
2021-12-30,83.5999984741211,84.80000305175781,78.0,79.19999694824219,79.19999694824219,22545
2021-12-31,80.0,81.5999984741211,79.19999694824219,81.5999984741211,81.5999984741211,15525
2022-01-03,83.5999984741211,84.80000305175781,80.80000305175781,83.19999694824219,83.19999694824219,8055
2022-01-04,86.4000015258789,86.80000305175781,83.5999984741211,85.5999984741211,85.5999984741211,6303
2022-01-05,85.5999984741211,86.0,82.80000305175781,84.0,84.0,3483
2022-01-06,82.80000305175781,84.80000305175781,80.4000015258789,83.5999984741211,83.5999984741211,4593
2022-01-07,81.5999984741211,84.4000015258789,81.5999984741211,82.0,82.0,4750
2022-01-10,80.0,82.0,80.0,81.5999984741211,81.5999984741211,5743
2022-01-11,81.5999984741211,82.80000305175781,80.0,81.19999694824219,81.19999694824219,5293
2022-01-12,81.19999694824219,81.5999984741211,78.4000015258789,80.0,80.0,4860
2022-01-13,80.4000015258789,81.19999694824219,78.4000015258789,78.4000015258789,78.4000015258789,6215
2022-01-14,78.80000305175781,80.4000015258789,77.19999694824219,80.4000015258789,80.4000015258789,4793
2022-01-18,84.80000305175781,87.5999984741211,80.0,87.19999694824219,87.19999694824219,15808
2022-01-19,86.4000015258789,86.4000015258789,78.4000015258789,80.4000015258789,80.4000015258789,19933
2022-01-20,81.19999694824219,82.80000305175781,75.5999984741211,75.5999984741211,75.5999984741211,16488
2022-01-21,78.0,78.0,71.19999694824219,73.19999694824219,73.19999694824219,10738
2022-01-24,71.5999984741211,74.0,68.0,72.80000305175781,72.80000305175781,17145
2022-01-25,70.80000305175781,73.5999984741211,70.80000305175781,72.80000305175781,72.80000305175781,5975
2022-01-26,73.5999984741211,75.19999694824219,72.0,72.4000015258789,72.4000015258789,7843
2022-01-27,72.80000305175781,73.19999694824219,66.80000305175781,67.19999694824219,67.19999694824219,6948
2022-01-28,66.80000305175781,70.4000015258789,66.80000305175781,69.19999694824219,69.19999694824219,3788
2022-01-31,70.80000305175781,74.80000305175781,69.19999694824219,72.80000305175781,72.80000305175781,11915
2022-02-01,72.80000305175781,78.4000015258789,72.4000015258789,76.0,76.0,8530
2022-02-02,76.80000305175781,76.80000305175781,70.80000305175781,72.0,72.0,2613
2022-02-03,70.4000015258789,71.19999694824219,68.4000015258789,69.19999694824219,69.19999694824219,3375
2022-02-04,69.5999984741211,70.80000305175781,67.5999984741211,70.4000015258789,70.4000015258789,3895
2022-02-07,71.19999694824219,72.0,70.0,71.5999984741211,71.5999984741211,3543
2022-02-08,72.0,72.4000015258789,70.0,71.5999984741211,71.5999984741211,1788
2022-02-09,73.5999984741211,73.5999984741211,68.0,72.0,72.0,6650
2022-02-10,72.4000015258789,73.19999694824219,70.4000015258789,71.5999984741211,71.5999984741211,3273
2022-02-11,71.5999984741211,72.80000305175781,68.0,68.4000015258789,68.4000015258789,4418
2022-02-14,67.5999984741211,69.5999984741211,66.80000305175781,69.5999984741211,69.5999984741211,5403
2022-02-15,69.5999984741211,71.5999984741211,68.80000305175781,70.4000015258789,70.4000015258789,5808
2022-02-16,71.19999694824219,73.5999984741211,70.0,73.19999694824219,73.19999694824219,2808
2022-02-17,72.0,72.80000305175781,68.80000305175781,68.80000305175781,68.80000305175781,6338
2022-02-18,68.80000305175781,70.0,68.0,68.80000305175781,68.80000305175781,3323
2022-02-22,67.19999694824219,69.5999984741211,63.599998474121094,63.599998474121094,63.599998474121094,9038
2022-02-23,64.4000015258789,65.5999984741211,59.20000076293945,59.20000076293945,59.20000076293945,6313
2022-02-24,53.599998474121094,64.80000305175781,53.599998474121094,64.0,64.0,12133
2022-02-25,64.4000015258789,66.4000015258789,62.0,64.0,64.0,3020
2022-02-28,62.400001525878906,64.4000015258789,60.400001525878906,60.79999923706055,60.79999923706055,3858
2022-03-01,60.400001525878906,63.599998474121094,60.400001525878906,62.0,62.0,3695
2022-03-02,62.400001525878906,63.599998474121094,59.599998474121094,62.79999923706055,62.79999923706055,2760
2022-03-03,64.80000305175781,66.80000305175781,61.20000076293945,62.79999923706055,62.79999923706055,13033
2022-03-04,63.20000076293945,64.0,60.400001525878906,62.0,62.0,4705
2022-03-07,60.0,62.400001525878906,58.79999923706055,58.79999923706055,58.79999923706055,6910
2022-03-08,59.599998474121094,62.400001525878906,56.400001525878906,58.400001525878906,58.400001525878906,6025
2022-03-09,60.0,62.79999923706055,59.20000076293945,60.79999923706055,60.79999923706055,4998
2022-03-10,60.0,64.0,59.599998474121094,61.20000076293945,61.20000076293945,3035
2022-03-11,61.599998474121094,64.0,60.79999923706055,63.20000076293945,63.20000076293945,2370
2022-03-14,64.0,64.0,58.400001525878906,60.0,60.0,4530
2022-03-15,60.0,63.599998474121094,59.20000076293945,61.20000076293945,61.20000076293945,4510
2022-03-16,60.79999923706055,62.79999923706055,56.400001525878906,59.20000076293945,59.20000076293945,6568
2022-03-17,59.599998474121094,62.400001525878906,57.599998474121094,62.0,62.0,6145
2022-03-18,59.599998474121094,62.79999923706055,59.599998474121094,61.20000076293945,61.20000076293945,3300
2022-03-21,62.0,62.0,60.0,61.20000076293945,61.20000076293945,7550
2022-03-22,60.0,62.79999923706055,60.0,60.79999923706055,60.79999923706055,3533
2022-03-23,60.79999923706055,63.20000076293945,60.0,63.20000076293945,63.20000076293945,3598
2022-03-24,63.599998474121094,67.19999694824219,62.400001525878906,66.4000015258789,66.4000015258789,3173
2022-03-25,66.80000305175781,70.4000015258789,66.4000015258789,70.4000015258789,70.4000015258789,4798
2022-03-28,70.0,70.0,66.0,67.19999694824219,67.19999694824219,4048
2022-03-29,67.5999984741211,70.0,66.80000305175781,69.5999984741211,69.5999984741211,1560
2022-03-30,69.19999694824219,72.0,66.4000015258789,66.4000015258789,66.4000015258789,4788
2022-03-31,66.4000015258789,70.4000015258789,66.4000015258789,68.4000015258789,68.4000015258789,4233
2022-04-01,67.5999984741211,73.19999694824219,67.5999984741211,72.80000305175781,72.80000305175781,8883
2022-04-04,72.4000015258789,73.19999694824219,70.80000305175781,71.5999984741211,71.5999984741211,3905
2022-04-05,70.80000305175781,71.19999694824219,68.80000305175781,68.80000305175781,68.80000305175781,2838
2022-04-06,70.4000015258789,70.4000015258789,65.19999694824219,66.4000015258789,66.4000015258789,4233
2022-04-07,66.80000305175781,67.19999694824219,66.0,67.19999694824219,67.19999694824219,2443
2022-04-08,68.0,68.80000305175781,65.19999694824219,65.5999984741211,65.5999984741211,4503
2022-04-11,66.0,66.0,63.20000076293945,63.20000076293945,63.20000076293945,2893
2022-04-12,64.4000015258789,64.4000015258789,60.400001525878906,61.20000076293945,61.20000076293945,4403
2022-04-13,60.79999923706055,63.20000076293945,60.79999923706055,62.0,62.0,2793
2022-04-14,62.400001525878906,62.400001525878906,60.79999923706055,61.599998474121094,61.599998474121094,2345
2022-04-18,61.599998474121094,61.599998474121094,58.400001525878906,59.20000076293945,59.20000076293945,4743
2022-04-19,59.20000076293945,61.599998474121094,59.20000076293945,60.0,60.0,3235
2022-04-20,60.0,61.20000076293945,58.79999923706055,61.20000076293945,61.20000076293945,2073
2022-04-21,60.400001525878906,60.79999923706055,58.0,58.0,58.0,4778
2022-04-22,58.400001525878906,59.599998474121094,55.20000076293945,57.20000076293945,57.20000076293945,7425
2022-04-25,56.400001525878906,57.599998474121094,55.599998474121094,56.400001525878906,56.400001525878906,3178
2022-04-26,55.599998474121094,57.599998474121094,55.599998474121094,56.0,56.0,4703
2022-04-27,55.599998474121094,56.400001525878906,52.79999923706055,54.400001525878906,54.400001525878906,4858
2022-04-28,54.79999923706055,56.0,50.400001525878906,50.400001525878906,50.400001525878906,7818
2022-04-29,50.400001525878906,53.20000076293945,48.0,48.79999923706055,48.79999923706055,12970
2022-05-02,49.20000076293945,52.400001525878906,49.20000076293945,52.0,52.0,5600
2022-05-03,51.599998474121094,53.20000076293945,51.599998474121094,52.0,52.0,2068
2022-05-04,52.400001525878906,52.400001525878906,48.79999923706055,52.0,52.0,6338
2022-05-05,52.0,53.20000076293945,49.599998474121094,50.79999923706055,50.79999923706055,4890
2022-05-06,50.0,51.20000076293945,48.400001525878906,50.79999923706055,50.79999923706055,5375
2022-05-09,50.400001525878906,50.400001525878906,46.0,46.400001525878906,46.400001525878906,8883
2022-05-10,45.599998474121094,48.79999923706055,45.599998474121094,48.400001525878906,48.400001525878906,6895
2022-05-11,48.0,50.400001525878906,42.0,42.400001525878906,42.400001525878906,10215
2022-05-12,42.0,44.400001525878906,40.400001525878906,43.20000076293945,43.20000076293945,18528
2022-05-13,43.20000076293945,49.599998474121094,43.20000076293945,48.0,48.0,7843
2022-05-16,46.79999923706055,47.20000076293945,46.0,46.400001525878906,46.400001525878906,2668
2022-05-17,47.20000076293945,53.599998474121094,46.0,52.79999923706055,52.79999923706055,6933
2022-05-18,51.599998474121094,55.20000076293945,50.0,50.79999923706055,50.79999923706055,6145
2022-05-19,50.400001525878906,52.400001525878906,50.0,52.0,52.0,2378
2022-05-20,52.400001525878906,52.400001525878906,50.0,50.79999923706055,50.79999923706055,2965
2022-05-23,50.400001525878906,52.79999923706055,50.0,50.79999923706055,50.79999923706055,1975
2022-05-24,50.400001525878906,50.400001525878906,46.400001525878906,49.599998474121094,49.599998474121094,2820
2022-05-25,49.599998474121094,50.0,47.599998474121094,49.599998474121094,49.599998474121094,3790
2022-05-26,50.400001525878906,58.0,48.79999923706055,58.0,58.0,5563
2022-05-27,58.79999923706055,65.19999694824219,56.400001525878906,63.20000076293945,63.20000076293945,8438
2022-05-31,62.79999923706055,63.20000076293945,58.400001525878906,62.400001525878906,62.400001525878906,4590
2022-06-01,61.599998474121094,63.20000076293945,60.0,60.79999923706055,60.79999923706055,1620
2022-06-02,59.599998474121094,60.79999923706055,58.0,58.400001525878906,58.400001525878906,1828
2022-06-03,60.400001525878906,60.79999923706055,58.400001525878906,58.400001525878906,58.400001525878906,2228
2022-06-06,58.400001525878906,61.599998474121094,57.20000076293945,58.0,58.0,1933
2022-06-07,58.0,60.79999923706055,58.0,60.400001525878906,60.400001525878906,910
2022-06-08,60.400001525878906,62.79999923706055,58.79999923706055,59.599998474121094,59.599998474121094,1540
2022-06-09,59.20000076293945,60.400001525878906,58.0,58.400001525878906,58.400001525878906,1485
2022-06-10,56.0,57.599998474121094,55.599998474121094,56.400001525878906,56.400001525878906,2055
2022-06-13,54.400001525878906,54.79999923706055,51.20000076293945,52.0,52.0,2395
2022-06-14,50.79999923706055,54.400001525878906,50.79999923706055,53.20000076293945,53.20000076293945,1495
2022-06-15,52.400001525878906,55.20000076293945,52.400001525878906,54.0,54.0,1763
2022-06-16,54.400001525878906,54.79999923706055,50.400001525878906,51.599998474121094,51.599998474121094,3548
2022-06-17,54.400001525878906,55.20000076293945,51.599998474121094,52.0,52.0,1730
2022-06-21,52.0,56.79999923706055,52.0,54.400001525878906,54.400001525878906,2103
2022-06-22,54.400001525878906,55.599998474121094,52.79999923706055,52.79999923706055,52.79999923706055,3135
2022-06-23,57.20000076293945,57.20000076293945,53.20000076293945,53.599998474121094,53.599998474121094,2948
2022-06-24,56.0,56.79999923706055,53.599998474121094,54.0,54.0,2300
2022-06-27,53.599998474121094,54.0,51.599998474121094,52.400001525878906,52.400001525878906,4290
2022-06-28,54.79999923706055,54.79999923706055,50.79999923706055,52.0,52.0,3688
2022-06-29,50.0,50.79999923706055,48.0,49.20000076293945,49.20000076293945,4415
2022-06-30,50.0,51.20000076293945,48.79999923706055,51.20000076293945,51.20000076293945,1270
2022-07-01,51.20000076293945,52.79999923706055,50.400001525878906,52.0,52.0,1693
2022-07-05,48.79999923706055,52.79999923706055,48.0,52.0,52.0,5225
2022-07-06,50.0,54.400001525878906,49.20000076293945,52.0,52.0,2573
2022-07-07,52.79999923706055,56.79999923706055,52.0,53.599998474121094,53.599998474121094,2953
2022-07-08,54.79999923706055,58.79999923706055,54.79999923706055,58.79999923706055,58.79999923706055,2830
2022-07-11,58.79999923706055,58.79999923706055,54.79999923706055,56.79999923706055,56.79999923706055,1785
2022-07-12,56.79999923706055,57.20000076293945,54.79999923706055,55.20000076293945,55.20000076293945,1080
2022-07-13,54.400001525878906,56.79999923706055,54.400001525878906,56.0,56.0,1365
2022-07-14,54.79999923706055,56.0,52.79999923706055,53.599998474121094,53.599998474121094,1843
2022-07-15,53.20000076293945,54.79999923706055,52.400001525878906,53.599998474121094,53.599998474121094,1990
2022-07-18,54.0,54.79999923706055,53.20000076293945,53.20000076293945,53.20000076293945,740
2022-07-19,55.599998474121094,55.599998474121094,53.599998474121094,54.400001525878906,54.400001525878906,1015
2022-07-20,54.79999923706055,56.0,52.79999923706055,54.79999923706055,54.79999923706055,1130
2022-07-21,54.0,55.20000076293945,51.20000076293945,51.599998474121094,51.599998474121094,3115
2022-07-22,52.400001525878906,53.599998474121094,52.0,52.400001525878906,52.400001525878906,1473
2022-07-25,54.400001525878906,54.400001525878906,53.20000076293945,54.0,54.0,1355
2022-07-26,52.79999923706055,52.79999923706055,51.20000076293945,51.599998474121094,51.599998474121094,1768
2022-07-27,52.0,53.599998474121094,51.20000076293945,52.79999923706055,52.79999923706055,758
2022-07-28,53.599998474121094,54.0,51.20000076293945,51.599998474121094,51.599998474121094,2060
2022-07-29,52.0,52.79999923706055,51.20000076293945,52.79999923706055,52.79999923706055,2495
2022-08-01,52.0,57.599998474121094,52.0,54.79999923706055,54.79999923706055,2950
2022-08-02,54.79999923706055,56.400001525878906,52.79999923706055,56.400001525878906,56.400001525878906,1315
2022-08-03,54.400001525878906,65.19999694824219,54.400001525878906,61.20000076293945,61.20000076293945,6540
2022-08-04,60.79999923706055,67.5999984741211,60.400001525878906,63.599998474121094,63.599998474121094,6675
2022-08-05,62.79999923706055,70.80000305175781,60.79999923706055,69.5999984741211,69.5999984741211,7273
2022-08-08,70.80000305175781,70.80000305175781,66.80000305175781,68.0,68.0,2630
2022-08-09,66.4000015258789,69.5999984741211,64.80000305175781,68.4000015258789,68.4000015258789,4133
2022-08-10,68.0,68.80000305175781,66.80000305175781,68.0,68.0,3593
2022-08-11,67.19999694824219,71.5999984741211,67.19999694824219,70.4000015258789,70.4000015258789,3160
2022-08-12,72.4000015258789,78.80000305175781,69.5999984741211,74.80000305175781,74.80000305175781,9675
2022-08-15,77.5999984741211,79.19999694824219,74.4000015258789,76.4000015258789,76.4000015258789,8850
2022-08-16,76.0,76.0,66.0,71.5999984741211,71.5999984741211,13245
2022-08-17,70.0,73.5999984741211,67.5999984741211,68.0,68.0,2935
2022-08-18,66.80000305175781,68.4000015258789,66.0,67.5999984741211,67.5999984741211,2153
2022-08-19,68.4000015258789,68.4000015258789,66.0,66.80000305175781,66.80000305175781,1178
2022-08-22,64.80000305175781,65.19999694824219,62.79999923706055,64.80000305175781,64.80000305175781,2863
2022-08-23,63.20000076293945,64.0,58.79999923706055,60.400001525878906,60.400001525878906,8320
2022-08-24,59.599998474121094,64.0,59.599998474121094,63.599998474121094,63.599998474121094,1023
2022-08-25,63.20000076293945,64.80000305175781,61.599998474121094,63.20000076293945,63.20000076293945,1618
2022-08-26,63.599998474121094,64.80000305175781,60.79999923706055,62.0,62.0,2085
2022-08-29,59.599998474121094,63.599998474121094,59.599998474121094,62.0,62.0,3735
2022-08-30,63.20000076293945,63.20000076293945,60.0,60.400001525878906,60.400001525878906,2228
2022-08-31,61.599998474121094,63.20000076293945,59.20000076293945,60.79999923706055,60.79999923706055,1413
2022-09-01,60.0,62.0,59.20000076293945,59.599998474121094,59.599998474121094,2053
2022-09-02,59.20000076293945,61.20000076293945,59.20000076293945,60.0,60.0,1198
2022-09-06,61.20000076293945,61.20000076293945,60.0,60.0,60.0,4453
2022-09-07,60.400001525878906,61.20000076293945,59.599998474121094,60.0,60.0,4043
2022-09-08,62.0,66.80000305175781,60.400001525878906,66.80000305175781,66.80000305175781,5958
2022-09-09,68.0,72.80000305175781,67.19999694824219,72.80000305175781,72.80000305175781,6413
2022-09-12,70.4000015258789,71.5999984741211,64.80000305175781,65.5999984741211,65.5999984741211,9730
2022-09-13,65.19999694824219,69.19999694824219,64.80000305175781,67.19999694824219,67.19999694824219,4393
2022-09-14,67.5999984741211,68.0,56.79999923706055,61.599998474121094,61.599998474121094,7863
2022-09-15,62.79999923706055,68.0,62.400001525878906,63.599998474121094,63.599998474121094,8088
2022-09-16,64.80000305175781,64.80000305175781,61.20000076293945,61.599998474121094,61.599998474121094,2305
2022-09-19,42.79999923706055,44.0,40.400001525878906,40.79999923706055,40.79999923706055,78673
2022-09-20,42.0,42.79999923706055,39.20000076293945,40.400001525878906,40.400001525878906,31058
2022-09-21,41.599998474121094,41.599998474121094,39.20000076293945,39.599998474121094,39.599998474121094,9943
2022-09-22,39.599998474121094,39.599998474121094,37.20000076293945,37.599998474121094,37.599998474121094,10638
2022-09-23,37.20000076293945,38.0,36.400001525878906,38.0,38.0,6643
2022-09-26,35.20000076293945,38.0,33.599998474121094,35.20000076293945,35.20000076293945,9948
2022-09-27,36.0,36.79999923706055,35.20000076293945,35.599998474121094,35.599998474121094,4438
2022-09-28,36.0,37.20000076293945,35.20000076293945,36.79999923706055,36.79999923706055,4780
2022-09-29,36.400001525878906,36.79999923706055,35.599998474121094,36.0,36.0,3420
2022-09-30,36.0,38.0,36.0,37.20000076293945,37.20000076293945,4413
2022-10-03,36.79999923706055,38.79999923706055,36.0,38.0,38.0,6365
2022-10-04,38.400001525878906,39.20000076293945,36.79999923706055,37.599998474121094,37.599998474121094,3130
2022-10-05,37.599998474121094,38.400001525878906,36.0,37.20000076293945,37.20000076293945,6213
2022-10-06,36.79999923706055,37.599998474121094,36.79999923706055,37.20000076293945,37.20000076293945,2040
2022-10-07,36.0,37.20000076293945,35.20000076293945,36.0,36.0,1900
2022-10-10,36.79999923706055,37.20000076293945,33.599998474121094,34.79999923706055,34.79999923706055,5968
2022-10-11,34.400001525878906,34.79999923706055,33.599998474121094,34.0,34.0,4685
2022-10-12,34.0,34.79999923706055,33.20000076293945,34.400001525878906,34.400001525878906,3978
2022-10-13,33.599998474121094,38.0,32.79999923706055,35.20000076293945,35.20000076293945,4705
2022-10-14,34.400001525878906,38.0,32.400001525878906,33.599998474121094,33.599998474121094,7063
2022-10-17,33.599998474121094,34.79999923706055,32.400001525878906,32.79999923706055,32.79999923706055,3520
2022-10-18,34.400001525878906,36.0,32.79999923706055,35.599998474121094,35.599998474121094,6018
2022-10-19,35.599998474121094,37.20000076293945,33.20000076293945,34.400001525878906,34.400001525878906,2780
2022-10-20,35.599998474121094,36.0,31.200000762939453,31.600000381469727,31.600000381469727,6875
2022-10-21,32.400001525878906,32.400001525878906,30.399999618530273,32.0,32.0,7435
2022-10-24,33.599998474121094,33.599998474121094,30.399999618530273,31.600000381469727,31.600000381469727,8570
2022-10-25,30.799999237060547,33.599998474121094,30.399999618530273,33.20000076293945,33.20000076293945,6855
2022-10-26,33.20000076293945,34.400001525878906,32.0,33.599998474121094,33.599998474121094,8450
2022-10-27,34.0,34.400001525878906,33.20000076293945,34.0,34.0,1803
2022-10-28,34.0,34.400001525878906,33.20000076293945,34.400001525878906,34.400001525878906,3258
2022-10-31,34.400001525878906,36.0,33.20000076293945,34.0,34.0,2685
2022-11-01,33.599998474121094,35.20000076293945,33.20000076293945,34.0,34.0,3173
2022-11-02,33.599998474121094,36.0,33.599998474121094,34.400001525878906,34.400001525878906,6938
2022-11-03,34.400001525878906,35.20000076293945,33.599998474121094,34.0,34.0,4678
2022-11-04,33.599998474121094,34.79999923706055,33.599998474121094,34.400001525878906,34.400001525878906,3780
2022-11-07,34.0,35.20000076293945,32.79999923706055,33.20000076293945,33.20000076293945,13743
2022-11-08,32.79999923706055,35.20000076293945,31.600000381469727,32.0,32.0,10065
2022-11-09,31.600000381469727,33.599998474121094,30.399999618530273,31.600000381469727,31.600000381469727,8303
2022-11-10,30.0,33.599998474121094,23.200000762939453,24.0,24.0,96425
2022-11-11,24.799999237060547,26.0,22.799999237060547,25.600000381469727,25.600000381469727,24963
2022-11-14,25.600000381469727,30.399999618530273,25.600000381469727,28.399999618530273,28.399999618530273,20550
2022-11-15,28.399999618530273,28.399999618530273,26.0,27.200000762939453,27.200000762939453,13840
2022-11-16,28.0,28.0,26.0,26.799999237060547,26.799999237060547,11080
2022-11-17,27.200000762939453,27.200000762939453,25.200000762939453,26.799999237060547,26.799999237060547,8823
2022-11-18,28.799999237060547,28.799999237060547,26.799999237060547,27.200000762939453,27.200000762939453,7420
2022-11-21,26.399999618530273,27.200000762939453,26.0,26.399999618530273,26.399999618530273,7830
2022-11-22,26.799999237060547,28.0,26.799999237060547,28.0,28.0,7068
2022-11-23,27.200000762939453,28.0,26.0,27.600000381469727,27.600000381469727,4718
2022-11-25,28.399999618530273,28.399999618530273,27.600000381469727,27.600000381469727,27.600000381469727,1940
2022-11-28,28.0,28.799999237060547,27.600000381469727,28.0,28.0,6010
2022-11-29,28.799999237060547,28.799999237060547,28.0,28.0,28.0,4160
2022-11-30,28.399999618530273,28.799999237060547,27.200000762939453,28.0,28.0,7815
2022-12-01,28.399999618530273,30.0,27.600000381469727,27.600000381469727,27.600000381469727,5618
2022-12-02,27.600000381469727,28.799999237060547,27.200000762939453,28.799999237060547,28.799999237060547,4725
2022-12-05,28.799999237060547,29.600000381469727,28.0,29.200000762939453,29.200000762939453,3538
2022-12-06,29.200000762939453,29.200000762939453,27.200000762939453,27.200000762939453,27.200000762939453,7025
2022-12-07,26.799999237060547,28.399999618530273,26.799999237060547,27.600000381469727,27.600000381469727,2010
2022-12-08,26.799999237060547,28.399999618530273,26.0,27.600000381469727,27.600000381469727,7720
2022-12-09,27.600000381469727,28.399999618530273,26.399999618530273,27.600000381469727,27.600000381469727,7138
2022-12-12,27.200000762939453,28.0,27.200000762939453,27.600000381469727,27.600000381469727,2848
2022-12-13,27.600000381469727,28.0,25.600000381469727,26.0,26.0,7815
2022-12-14,25.600000381469727,27.600000381469727,25.600000381469727,26.0,26.0,2538
2022-12-15,26.399999618530273,26.799999237060547,25.600000381469727,25.600000381469727,25.600000381469727,6530
2022-12-16,25.600000381469727,26.399999618530273,24.0,25.600000381469727,25.600000381469727,5840
2022-12-19,24.799999237060547,26.0,24.0,24.399999618530273,24.399999618530273,5955
2022-12-20,24.799999237060547,24.799999237060547,22.0,23.600000381469727,23.600000381469727,29713
2022-12-21,22.799999237060547,24.0,22.0,23.200000762939453,23.200000762939453,4065
2022-12-22,23.600000381469727,24.0,22.0,22.799999237060547,22.799999237060547,6548
2022-12-23,22.399999618530273,24.0,22.0,23.200000762939453,23.200000762939453,5930
2022-12-27,22.799999237060547,23.600000381469727,22.0,22.799999237060547,22.799999237060547,7973
2022-12-28,22.799999237060547,23.600000381469727,22.0,22.799999237060547,22.799999237060547,4638
2022-12-29,22.0,22.799999237060547,22.0,22.799999237060547,22.799999237060547,9098
2022-12-30,22.799999237060547,24.0,22.399999618530273,23.600000381469727,23.600000381469727,7990
2023-01-03,24.0,27.600000381469727,24.0,26.0,26.0,24240
2023-01-04,26.0,28.0,26.0,27.600000381469727,27.600000381469727,9555
2023-01-05,27.200000762939453,28.0,26.399999618530273,27.600000381469727,27.600000381469727,5755
2023-01-06,27.200000762939453,28.799999237060547,26.799999237060547,28.399999618530273,28.399999618530273,6605
2023-01-09,28.799999237060547,29.200000762939453,27.200000762939453,28.0,28.0,7518
2023-01-10,28.0,28.0,26.399999618530273,27.600000381469727,27.600000381469727,5015
2023-01-11,27.600000381469727,27.600000381469727,27.200000762939453,27.600000381469727,27.600000381469727,3075
2023-01-12,27.200000762939453,27.200000762939453,26.399999618530273,27.200000762939453,27.200000762939453,4558
2023-01-13,27.600000381469727,28.399999618530273,27.200000762939453,27.600000381469727,27.600000381469727,3838
2023-01-17,28.0,29.600000381469727,28.0,29.600000381469727,29.600000381469727,11173
2023-01-18,29.200000762939453,29.600000381469727,28.0,28.399999618530273,28.399999618530273,3390
2023-01-19,28.0,28.0,26.799999237060547,28.0,28.0,4478
2023-01-20,28.0,28.0,26.799999237060547,27.200000762939453,27.200000762939453,4243
2023-01-23,26.799999237060547,27.600000381469727,26.399999618530273,26.799999237060547,26.799999237060547,7018
2023-01-24,26.799999237060547,28.0,26.799999237060547,26.799999237060547,26.799999237060547,5365
2023-01-25,27.200000762939453,27.600000381469727,26.399999618530273,27.200000762939453,27.200000762939453,4910
2023-01-26,27.200000762939453,27.200000762939453,25.600000381469727,26.0,26.0,4178
2023-01-27,26.0,26.799999237060547,24.799999237060547,25.600000381469727,25.600000381469727,7573
2023-01-30,24.799999237060547,25.600000381469727,24.399999618530273,25.200000762939453,25.200000762939453,5678
2023-01-31,24.799999237060547,25.200000762939453,24.0,25.200000762939453,25.200000762939453,6780
2023-02-01,24.799999237060547,25.200000762939453,24.0,25.200000762939453,25.200000762939453,3923
2023-02-02,25.200000762939453,25.200000762939453,24.0,24.399999618530273,24.399999618530273,7435
2023-02-03,24.799999237060547,25.600000381469727,24.0,24.799999237060547,24.799999237060547,8180
2023-02-06,24.399999618530273,25.200000762939453,24.0,24.799999237060547,24.799999237060547,6855
2023-02-07,24.799999237060547,25.200000762939453,24.399999618530273,24.399999618530273,24.399999618530273,3700
2023-02-08,24.799999237060547,25.200000762939453,24.399999618530273,24.799999237060547,24.799999237060547,4588
2023-02-09,24.799999237060547,25.600000381469727,23.200000762939453,24.0,24.0,8078
2023-02-10,24.399999618530273,24.799999237060547,22.799999237060547,24.0,24.0,5490
2023-02-13,24.0,24.799999237060547,23.600000381469727,24.399999618530273,24.399999618530273,6293
2023-02-14,24.0,24.399999618530273,23.600000381469727,24.0,24.0,1963
2023-02-15,24.0,24.799999237060547,23.600000381469727,24.799999237060547,24.799999237060547,4228
2023-02-16,24.399999618530273,24.799999237060547,23.200000762939453,24.399999618530273,24.399999618530273,3598
2023-02-17,24.0,24.799999237060547,24.0,24.399999618530273,24.399999618530273,1395
2023-02-21,24.0,24.399999618530273,23.600000381469727,24.0,24.0,2803
2023-02-22,23.600000381469727,24.0,23.200000762939453,23.600000381469727,23.600000381469727,4495
2023-02-23,23.600000381469727,23.600000381469727,22.399999618530273,23.200000762939453,23.200000762939453,7715
2023-02-24,22.799999237060547,23.200000762939453,22.0,22.399999618530273,22.399999618530273,7628
2023-02-27,22.799999237060547,23.200000762939453,22.0,23.200000762939453,23.200000762939453,11768
2023-02-28,22.0,24.0,22.0,24.0,24.0,9928
2023-03-01,23.600000381469727,24.799999237060547,22.799999237060547,23.600000381469727,23.600000381469727,5235
2023-03-02,23.200000762939453,24.0,22.799999237060547,23.600000381469727,23.600000381469727,4488
2023-03-03,23.200000762939453,24.0,22.399999618530273,23.600000381469727,23.600000381469727,4568
2023-03-06,24.0,24.799999237060547,23.200000762939453,23.600000381469727,23.600000381469727,6948
2023-03-07,23.600000381469727,24.0,22.799999237060547,23.600000381469727,23.600000381469727,2128
2023-03-08,23.200000762939453,24.0,22.799999237060547,23.600000381469727,23.600000381469727,2900
2023-03-09,23.200000762939453,24.0,23.200000762939453,23.200000762939453,23.200000762939453,4225
2023-03-10,22.799999237060547,23.200000762939453,22.0,22.799999237060547,22.799999237060547,9700
2023-03-13,22.799999237060547,23.600000381469727,22.399999618530273,23.600000381469727,23.600000381469727,4353
2023-03-14,23.200000762939453,24.0,23.200000762939453,24.0,24.0,3228
2023-03-15,24.0,24.399999618530273,23.200000762939453,24.399999618530273,24.399999618530273,8803
2023-03-16,24.399999618530273,24.399999618530273,23.600000381469727,24.399999618530273,24.399999618530273,2338
2023-03-17,24.0,24.399999618530273,23.200000762939453,24.399999618530273,24.399999618530273,3885
2023-03-20,24.399999618530273,25.200000762939453,22.799999237060547,25.200000762939453,25.200000762939453,10463
2023-03-21,24.0,30.399999618530273,24.0,29.600000381469727,29.600000381469727,30595
2023-03-22,29.600000381469727,32.0,28.0,30.399999618530273,30.399999618530273,21610
2023-03-23,31.600000381469727,31.600000381469727,30.399999618530273,30.799999237060547,30.799999237060547,8755
2023-03-24,31.200000762939453,32.0,30.799999237060547,31.600000381469727,31.600000381469727,10828
2023-03-27,32.0,33.20000076293945,31.600000381469727,32.79999923706055,32.79999923706055,11083
2023-03-28,32.79999923706055,35.599998474121094,32.79999923706055,34.400001525878906,34.400001525878906,17308
2023-03-29,34.400001525878906,36.0,34.0,35.599998474121094,35.599998474121094,11933
2023-03-30,36.0,36.400001525878906,32.400001525878906,34.0,34.0,12320
2023-03-31,34.400001525878906,35.599998474121094,34.0,35.599998474121094,35.599998474121094,5145
2023-04-03,36.0,39.20000076293945,35.20000076293945,38.400001525878906,38.400001525878906,17878
2023-04-04,38.79999923706055,38.79999923706055,36.79999923706055,38.400001525878906,38.400001525878906,14408
2023-04-05,39.599998474121094,39.599998474121094,38.400001525878906,38.400001525878906,38.400001525878906,5393
2023-04-06,38.400001525878906,40.400001525878906,38.400001525878906,40.0,40.0,10010
2023-04-10,42.0,42.400001525878906,40.0,42.400001525878906,42.400001525878906,19865
2023-04-11,42.79999923706055,49.20000076293945,42.400001525878906,43.20000076293945,43.20000076293945,31730
2023-04-12,43.599998474121094,45.20000076293945,40.400001525878906,42.79999923706055,42.79999923706055,11505
2023-04-13,42.400001525878906,44.0,41.599998474121094,42.79999923706055,42.79999923706055,7798
2023-04-14,43.20000076293945,44.400001525878906,41.599998474121094,44.0,44.0,11765
2023-04-17,44.400001525878906,47.20000076293945,40.400001525878906,43.599998474121094,43.599998474121094,16360
2023-04-18,43.599998474121094,43.599998474121094,42.0,42.79999923706055,42.79999923706055,6143
2023-04-19,42.400001525878906,43.20000076293945,39.599998474121094,43.20000076293945,43.20000076293945,5153
2023-04-20,41.599998474121094,44.0,41.599998474121094,43.599998474121094,43.599998474121094,7563
2023-04-21,44.0,45.599998474121094,43.20000076293945,45.20000076293945,45.20000076293945,8768
2023-04-24,45.599998474121094,47.599998474121094,45.20000076293945,46.400001525878906,46.400001525878906,18390
2023-04-25,47.20000076293945,48.0,42.400001525878906,44.79999923706055,44.79999923706055,12115
2023-04-26,44.79999923706055,45.599998474121094,42.0,43.20000076293945,43.20000076293945,10068
2023-04-27,42.79999923706055,43.599998474121094,40.79999923706055,43.20000076293945,43.20000076293945,10760
2023-04-28,42.79999923706055,43.20000076293945,41.599998474121094,42.79999923706055,42.79999923706055,11685
2023-05-01,43.20000076293945,45.20000076293945,42.400001525878906,44.79999923706055,44.79999923706055,7923
2023-05-02,44.79999923706055,46.0,43.599998474121094,45.599998474121094,45.599998474121094,8383
2023-05-03,46.400001525878906,46.79999923706055,43.599998474121094,46.79999923706055,46.79999923706055,17110
2023-05-04,46.0,48.0,45.599998474121094,46.79999923706055,46.79999923706055,7748
2023-05-05,46.79999923706055,48.0,46.400001525878906,47.599998474121094,47.599998474121094,7208
2023-05-08,48.400001525878906,48.79999923706055,48.0,48.79999923706055,48.79999923706055,10670
2023-05-09,49.20000076293945,50.400001525878906,48.0,50.400001525878906,50.400001525878906,11990
2023-05-10,50.0,62.0,50.0,60.0,60.0,41830
2023-05-11,60.79999923706055,69.19999694824219,60.79999923706055,66.0,66.0,39315
2023-05-12,68.0,68.4000015258789,58.400001525878906,60.79999923706055,60.79999923706055,24970
2023-05-15,60.0,60.0,53.599998474121094,55.20000076293945,55.20000076293945,35370
2023-05-16,52.0,54.79999923706055,50.400001525878906,54.0,54.0,25165
2023-05-17,54.79999923706055,62.79999923706055,54.400001525878906,60.0,60.0,21603
2023-05-18,59.599998474121094,59.599998474121094,55.20000076293945,55.599998474121094,55.599998474121094,10355
2023-05-19,55.599998474121094,58.79999923706055,55.20000076293945,58.400001525878906,58.400001525878906,4188
2023-05-22,60.0,64.0,58.0,62.0,62.0,19178
2023-05-23,62.0,64.0,59.20000076293945,60.0,60.0,8693
2023-05-24,61.599998474121094,62.79999923706055,60.0,62.400001525878906,62.400001525878906,12165
2023-05-25,62.400001525878906,66.4000015258789,60.79999923706055,62.0,62.0,17100
2023-05-26,62.400001525878906,62.400001525878906,55.599998474121094,60.0,60.0,14373
2023-05-30,60.400001525878906,63.599998474121094,59.599998474121094,62.79999923706055,62.79999923706055,10108
2023-05-31,62.0,63.599998474121094,60.79999923706055,63.20000076293945,63.20000076293945,4488
2023-06-01,62.400001525878906,65.19999694824219,62.400001525878906,64.80000305175781,64.80000305175781,7038
2023-06-02,63.599998474121094,67.19999694824219,63.599998474121094,66.4000015258789,66.4000015258789,5383
2023-06-05,66.80000305175781,67.19999694824219,63.599998474121094,64.0,64.0,6935
2023-06-06,64.4000015258789,66.4000015258789,62.0,64.0,64.0,11368
2023-06-07,63.599998474121094,66.0,63.20000076293945,64.80000305175781,64.80000305175781,6323
2023-06-08,65.5999984741211,66.80000305175781,64.80000305175781,65.5999984741211,65.5999984741211,4913
2023-06-09,66.0,66.4000015258789,62.79999923706055,63.20000076293945,63.20000076293945,7565
2023-06-12,63.599998474121094,68.0,63.20000076293945,67.19999694824219,67.19999694824219,10855
2023-06-13,67.5999984741211,72.80000305175781,67.5999984741211,71.19999694824219,71.19999694824219,15628
2023-06-14,70.80000305175781,72.0,70.0,70.80000305175781,70.80000305175781,4835
2023-06-15,70.80000305175781,70.80000305175781,69.19999694824219,70.0,70.0,7573
2023-06-16,70.0,70.4000015258789,68.0,69.19999694824219,69.19999694824219,3853
2023-06-20,69.19999694824219,71.19999694824219,68.0,70.80000305175781,70.80000305175781,13313
2023-06-21,68.80000305175781,69.5999984741211,61.20000076293945,67.19999694824219,67.19999694824219,14800
2023-06-22,66.0,68.0,64.4000015258789,66.4000015258789,66.4000015258789,5968
2023-06-23,65.5999984741211,66.80000305175781,64.80000305175781,65.5999984741211,65.5999984741211,3608
2023-06-26,64.4000015258789,67.5999984741211,61.599998474121094,62.79999923706055,62.79999923706055,12928
2023-06-27,62.0,65.19999694824219,60.79999923706055,63.20000076293945,63.20000076293945,7048
2023-06-28,63.599998474121094,67.19999694824219,62.400001525878906,65.19999694824219,65.19999694824219,7135
2023-06-29,64.80000305175781,68.4000015258789,64.4000015258789,65.19999694824219,65.19999694824219,7235
2023-06-30,64.80000305175781,67.19999694824219,63.599998474121094,64.0,64.0,7085
2023-07-03,64.4000015258789,68.0,63.599998474121094,64.80000305175781,64.80000305175781,6093
2023-07-05,64.80000305175781,67.5999984741211,64.80000305175781,66.4000015258789,66.4000015258789,4888
2023-07-06,67.19999694824219,67.19999694824219,64.4000015258789,66.0,66.0,3548
2023-07-07,66.0,66.80000305175781,64.0,66.4000015258789,66.4000015258789,2388
2023-07-10,67.19999694824219,69.19999694824219,64.4000015258789,67.19999694824219,67.19999694824219,6828
2023-07-11,67.5999984741211,68.0,64.4000015258789,68.0,68.0,3998
2023-07-12,68.0,70.0,65.5999984741211,67.5999984741211,67.5999984741211,6828
2023-07-13,68.0,70.4000015258789,67.19999694824219,67.5999984741211,67.5999984741211,7898
2023-07-14,67.19999694824219,67.5999984741211,64.0,66.80000305175781,66.80000305175781,6823
2023-07-17,66.4000015258789,68.0,65.19999694824219,66.80000305175781,66.80000305175781,4293
2023-07-18,68.4000015258789,68.4000015258789,64.0,66.4000015258789,66.4000015258789,6428
2023-07-19,66.0,66.4000015258789,64.0,64.80000305175781,64.80000305175781,7138
2023-07-20,64.4000015258789,65.5999984741211,63.20000076293945,64.80000305175781,64.80000305175781,5835
2023-07-21,65.5999984741211,66.0,63.599998474121094,65.19999694824219,65.19999694824219,6035
2023-07-24,65.5999984741211,65.5999984741211,60.79999923706055,61.599998474121094,61.599998474121094,18700
2023-07-25,63.20000076293945,63.20000076293945,50.400001525878906,59.599998474121094,59.599998474121094,20055
2023-07-26,59.599998474121094,59.599998474121094,53.20000076293945,54.79999923706055,54.79999923706055,15863
2023-07-27,58.0,58.0,51.599998474121094,52.400001525878906,52.400001525878906,13218
2023-07-28,51.20000076293945,58.400001525878906,51.20000076293945,57.20000076293945,57.20000076293945,12580
2023-07-31,58.0,62.0,57.20000076293945,61.599998474121094,61.599998474121094,10568
2023-08-01,61.599998474121094,64.80000305175781,60.79999923706055,62.79999923706055,62.79999923706055,8285
2023-08-02,63.599998474121094,63.599998474121094,60.0,60.79999923706055,60.79999923706055,4483
2023-08-03,60.400001525878906,62.79999923706055,60.400001525878906,62.400001525878906,62.400001525878906,3783
2023-08-04,62.400001525878906,64.0,61.599998474121094,62.79999923706055,62.79999923706055,10668
2023-08-07,63.20000076293945,64.0,60.79999923706055,62.0,62.0,7845
2023-08-08,61.599998474121094,62.0,59.20000076293945,61.20000076293945,61.20000076293945,6788
2023-08-09,64.0,64.0,60.79999923706055,61.20000076293945,61.20000076293945,8593
2023-08-10,61.599998474121094,62.400001525878906,60.400001525878906,60.400001525878906,60.400001525878906,6620
2023-08-11,60.0,61.20000076293945,58.0,59.20000076293945,59.20000076293945,7025
2023-08-14,58.79999923706055,60.400001525878906,57.20000076293945,60.0,60.0,12533
2023-08-15,59.20000076293945,60.0,57.599998474121094,59.599998474121094,59.599998474121094,11348
2023-08-16,60.0,60.0,58.400001525878906,59.599998474121094,59.599998474121094,6923
2023-08-17,58.400001525878906,59.599998474121094,52.0,54.79999923706055,54.79999923706055,8973
2023-08-18,55.599998474121094,57.20000076293945,54.0,54.79999923706055,54.79999923706055,9528
2023-08-21,55.599998474121094,57.599998474121094,50.400001525878906,52.79999923706055,52.79999923706055,53535
2023-08-22,56.400001525878906,56.400001525878906,49.20000076293945,50.79999923706055,50.79999923706055,22370
2023-08-23,50.400001525878906,52.0,50.0,51.20000076293945,51.20000076293945,5633
2023-08-24,51.20000076293945,52.0,49.20000076293945,49.20000076293945,49.20000076293945,6593
2023-08-25,50.0,50.79999923706055,48.0,49.599998474121094,49.599998474121094,5190
2023-08-28,49.20000076293945,52.0,48.0,51.20000076293945,51.20000076293945,47525
2023-08-29,50.79999923706055,55.599998474121094,50.400001525878906,53.20000076293945,53.20000076293945,16248
2023-08-30,57.599998474121094,58.0,51.20000076293945,55.599998474121094,55.599998474121094,31313
2023-08-31,57.599998474121094,72.80000305175781,56.0,70.0,70.0,76828
2023-09-01,69.19999694824219,84.0,68.0,80.80000305175781,80.80000305175781,82080
2023-09-05,80.80000305175781,101.19999694824219,79.5999984741211,98.0,98.0,114075
2023-09-06,97.19999694824219,100.0,84.0,96.80000305175781,96.80000305175781,84435
2023-09-07,94.4000015258789,95.19999694824219,86.0,86.80000305175781,86.80000305175781,41103
2023-09-08,87.5999984741211,89.19999694824219,76.0,83.5999984741211,83.5999984741211,75128
2023-09-11,92.80000305175781,93.19999694824219,80.4000015258789,81.19999694824219,81.19999694824219,352505
2023-09-12,78.80000305175781,84.0,71.5999984741211,79.5999984741211,79.5999984741211,76075
2023-09-13,79.19999694824219,80.0,66.0,66.4000015258789,66.4000015258789,63273
2023-09-14,67.19999694824219,71.5999984741211,66.4000015258789,70.4000015258789,70.4000015258789,22768
2023-09-15,75.5999984741211,82.0,75.19999694824219,78.0,78.0,59285
2023-09-18,78.0,82.4000015258789,74.80000305175781,80.4000015258789,80.4000015258789,33108
2023-09-19,80.0,90.0,79.19999694824219,89.5999984741211,89.5999984741211,44985
2023-09-20,87.5999984741211,92.0,86.0,88.0,88.0,31795
2023-09-21,87.5999984741211,88.0,72.4000015258789,79.19999694824219,79.19999694824219,53463
2023-09-22,79.5999984741211,84.80000305175781,79.5999984741211,82.80000305175781,82.80000305175781,11443
2023-09-25,84.80000305175781,84.80000305175781,78.0,79.19999694824219,79.19999694824219,16060
2023-09-26,78.80000305175781,79.5999984741211,76.4000015258789,77.19999694824219,77.19999694824219,15378
2023-09-27,78.80000305175781,83.19999694824219,78.0,82.80000305175781,82.80000305175781,19580
2023-09-28,81.19999694824219,81.19999694824219,74.4000015258789,78.80000305175781,78.80000305175781,26780
2023-09-29,76.80000305175781,76.80000305175781,72.4000015258789,72.80000305175781,72.80000305175781,26723
2023-10-02,72.0,73.19999694824219,67.19999694824219,70.4000015258789,70.4000015258789,18733
2023-10-03,70.0,71.19999694824219,62.79999923706055,64.0,64.0,21653
2023-10-04,64.0,64.0,54.400001525878906,58.0,58.0,40540
2023-10-05,60.0,62.0,57.599998474121094,61.20000076293945,61.20000076293945,9823
2023-10-06,58.0,60.79999923706055,58.0,59.599998474121094,59.599998474121094,9090
2023-10-09,56.0,64.0,53.599998474121094,62.400001525878906,62.400001525878906,29218
2023-10-10,62.0,66.4000015258789,62.0,65.19999694824219,65.19999694824219,7893
2023-10-11,64.4000015258789,66.0,59.20000076293945,60.0,60.0,8268
2023-10-12,64.0,67.19999694824219,60.0,61.599998474121094,61.599998474121094,17903
2023-10-13,61.599998474121094,64.4000015258789,60.0,64.0,64.0,15055
2023-10-16,64.4000015258789,64.4000015258789,61.20000076293945,62.0,62.0,5605
2023-10-17,61.20000076293945,63.20000076293945,57.20000076293945,58.79999923706055,58.79999923706055,22250
2023-10-18,58.400001525878906,58.79999923706055,56.79999923706055,57.20000076293945,57.20000076293945,11598
2023-10-19,57.20000076293945,58.0,56.0,57.20000076293945,57.20000076293945,4108
2023-10-20,56.400001525878906,58.0,54.0,54.400001525878906,54.400001525878906,11868
2023-10-23,53.599998474121094,54.400001525878906,51.599998474121094,53.20000076293945,53.20000076293945,7898
2023-10-24,53.20000076293945,55.20000076293945,53.20000076293945,54.79999923706055,54.79999923706055,3160
2023-10-25,54.400001525878906,55.20000076293945,52.0,52.79999923706055,52.79999923706055,5800
2023-10-26,52.79999923706055,55.20000076293945,52.79999923706055,53.599998474121094,53.599998474121094,6555
2023-10-27,53.599998474121094,54.400001525878906,50.0,52.400001525878906,52.400001525878906,7833
2023-10-30,52.400001525878906,53.20000076293945,50.400001525878906,53.20000076293945,53.20000076293945,8445
2023-10-31,54.400001525878906,62.400001525878906,52.79999923706055,60.0,60.0,12393
2023-11-01,61.599998474121094,61.599998474121094,57.599998474121094,61.20000076293945,61.20000076293945,9435
2023-11-02,61.599998474121094,64.80000305175781,61.20000076293945,62.79999923706055,62.79999923706055,12088
2023-11-03,64.4000015258789,66.4000015258789,63.599998474121094,65.19999694824219,65.19999694824219,14638
2023-11-06,66.0,66.0,59.599998474121094,62.400001525878906,62.400001525878906,9033
2023-11-07,62.79999923706055,62.79999923706055,57.599998474121094,60.0,60.0,12388
2023-11-08,62.0,62.0,58.400001525878906,58.400001525878906,58.400001525878906,4195
2023-11-09,59.20000076293945,61.20000076293945,57.599998474121094,59.20000076293945,59.20000076293945,4823
2023-11-10,58.400001525878906,60.400001525878906,55.599998474121094,57.20000076293945,57.20000076293945,8023
2023-11-13,55.20000076293945,57.20000076293945,55.20000076293945,56.400001525878906,56.400001525878906,4578
2023-11-14,56.79999923706055,61.599998474121094,56.0,61.599998474121094,61.599998474121094,7178
2023-11-15,61.20000076293945,69.19999694824219,60.400001525878906,67.5999984741211,67.5999984741211,18305
2023-11-16,68.0,75.5999984741211,67.19999694824219,74.4000015258789,74.4000015258789,16200
2023-11-17,76.80000305175781,77.19999694824219,65.5999984741211,67.5999984741211,67.5999984741211,9453
2023-11-20,65.19999694824219,68.80000305175781,64.4000015258789,68.0,68.0,8983
2023-11-21,64.0,66.80000305175781,60.400001525878906,60.79999923706055,60.79999923706055,7768
2023-11-22,62.79999923706055,62.79999923706055,59.599998474121094,60.79999923706055,60.79999923706055,2735
2023-11-24,60.79999923706055,62.0,59.599998474121094,59.599998474121094,59.599998474121094,3830
2023-11-27,63.599998474121094,63.599998474121094,57.20000076293945,58.400001525878906,58.400001525878906,10933
2023-11-28,61.20000076293945,61.20000076293945,54.79999923706055,57.20000076293945,57.20000076293945,12580
2023-11-29,58.0,58.79999923706055,56.0,57.599998474121094,57.599998474121094,3553
2023-11-30,58.79999923706055,59.20000076293945,54.79999923706055,58.0,58.0,3525
2023-12-01,58.0,61.599998474121094,57.599998474121094,60.79999923706055,60.79999923706055,4793
2023-12-04,60.79999923706055,65.19999694824219,60.0,64.4000015258789,64.4000015258789,7595
2023-12-05,64.4000015258789,65.19999694824219,62.400001525878906,63.20000076293945,63.20000076293945,3815
2023-12-06,63.20000076293945,67.5999984741211,63.20000076293945,66.0,66.0,4360
2023-12-07,67.5999984741211,70.0,65.5999984741211,68.4000015258789,68.4000015258789,6378
2023-12-08,68.4000015258789,75.5999984741211,68.0,71.19999694824219,71.19999694824219,16680
2023-12-11,69.5999984741211,72.80000305175781,63.599998474121094,67.5999984741211,67.5999984741211,9808
2023-12-12,68.0,72.4000015258789,66.0,69.19999694824219,69.19999694824219,4695
2023-12-13,69.19999694824219,70.0,66.0,69.19999694824219,69.19999694824219,14575
2023-12-14,68.80000305175781,70.80000305175781,64.80000305175781,66.0,66.0,9615
2023-12-15,66.0,66.4000015258789,63.599998474121094,63.599998474121094,63.599998474121094,8138
2023-12-18,66.0,66.0,60.79999923706055,62.0,62.0,10610
2023-12-19,62.400001525878906,68.0,62.400001525878906,67.5999984741211,67.5999984741211,10648
2023-12-20,68.0,68.0,62.400001525878906,63.20000076293945,63.20000076293945,5520
2023-12-21,63.599998474121094,66.80000305175781,63.599998474121094,66.4000015258789,66.4000015258789,3968
2023-12-22,66.4000015258789,67.19999694824219,64.0,64.80000305175781,64.80000305175781,3210
2023-12-26,63.20000076293945,65.19999694824219,62.0,64.4000015258789,64.4000015258789,8548
2023-12-27,62.400001525878906,65.19999694824219,62.0,64.0,64.0,7870
2023-12-28,64.0,65.5999984741211,61.599998474121094,62.400001525878906,62.400001525878906,7408
2023-12-29,61.20000076293945,64.0,61.20000076293945,62.79999923706055,62.79999923706055,5975
2024-01-02,62.79999923706055,63.599998474121094,61.20000076293945,61.20000076293945,61.20000076293945,5290
2024-01-03,62.0,62.0,58.79999923706055,59.599998474121094,59.599998474121094,7120
2024-01-04,58.79999923706055,60.400001525878906,58.400001525878906,59.20000076293945,59.20000076293945,6283
2024-01-05,59.599998474121094,61.20000076293945,58.0,60.0,60.0,4943
2024-01-08,60.400001525878906,63.20000076293945,59.20000076293945,62.400001525878906,62.400001525878906,5505
2024-01-09,62.0,63.20000076293945,61.599998474121094,61.599998474121094,61.599998474121094,4745
2024-01-10,61.599998474121094,61.599998474121094,59.599998474121094,60.400001525878906,60.400001525878906,5060
2024-01-11,60.79999923706055,60.79999923706055,56.400001525878906,57.599998474121094,57.599998474121094,6753
2024-01-12,57.599998474121094,60.79999923706055,55.20000076293945,56.400001525878906,56.400001525878906,9470
2024-01-16,56.0,57.20000076293945,53.599998474121094,55.20000076293945,55.20000076293945,7415
2024-01-17,56.400001525878906,56.400001525878906,53.599998474121094,54.79999923706055,54.79999923706055,4555
2024-01-18,54.79999923706055,56.0,53.20000076293945,54.0,54.0,5275
2024-01-19,56.0,56.79999923706055,52.79999923706055,54.400001525878906,54.400001525878906,4663
2024-01-22,53.599998474121094,55.599998474121094,53.599998474121094,55.599998474121094,55.599998474121094,4450
2024-01-23,54.0,55.599998474121094,53.20000076293945,54.79999923706055,54.79999923706055,2635
2024-01-24,54.79999923706055,55.20000076293945,46.0,48.0,48.0,23773
2024-01-25,50.0,51.599998474121094,42.0,48.79999923706055,48.79999923706055,27273
2024-01-26,49.20000076293945,49.20000076293945,44.400001525878906,46.400001525878906,46.400001525878906,10355
2024-01-29,47.20000076293945,48.79999923706055,46.0,48.0,48.0,6183
2024-01-30,47.599998474121094,53.20000076293945,46.79999923706055,51.599998474121094,51.599998474121094,5915
2024-01-31,51.599998474121094,52.400001525878906,47.20000076293945,47.599998474121094,47.599998474121094,4555
2024-02-01,48.400001525878906,48.79999923706055,44.79999923706055,46.400001525878906,46.400001525878906,5530
2024-02-02,45.20000076293945,49.599998474121094,43.20000076293945,45.599998474121094,45.599998474121094,15845
2024-02-05,44.79999923706055,46.0,41.599998474121094,44.400001525878906,44.400001525878906,6478
2024-02-06,44.400001525878906,46.0,42.79999923706055,44.400001525878906,44.400001525878906,6125
2024-02-07,45.20000076293945,45.599998474121094,43.20000076293945,44.0,44.0,3458
2024-02-08,43.599998474121094,44.0,41.599998474121094,42.79999923706055,42.79999923706055,10150
2024-02-09,42.400001525878906,44.400001525878906,40.400001525878906,43.599998474121094,43.599998474121094,6970
2024-02-12,44.79999923706055,46.0,42.79999923706055,45.599998474121094,45.599998474121094,6808
2024-02-13,45.20000076293945,46.0,43.20000076293945,44.400001525878906,44.400001525878906,5585
2024-02-14,44.0,46.0,42.0,44.0,44.0,7735
2024-02-15,44.400001525878906,46.0,42.400001525878906,44.400001525878906,44.400001525878906,5308
2024-02-16,44.400001525878906,51.20000076293945,43.599998474121094,50.0,50.0,19353
2024-02-20,50.400001525878906,50.400001525878906,46.79999923706055,48.400001525878906,48.400001525878906,7543
2024-02-21,48.79999923706055,49.20000076293945,44.79999923706055,46.0,46.0,6553
2024-02-22,46.79999923706055,50.400001525878906,45.20000076293945,49.599998474121094,49.599998474121094,10360
2024-02-23,48.0,48.79999923706055,46.0,47.20000076293945,47.20000076293945,5553
2024-02-26,48.400001525878906,52.79999923706055,47.599998474121094,50.400001525878906,50.400001525878906,8263
2024-02-27,50.400001525878906,50.79999923706055,47.20000076293945,49.20000076293945,49.20000076293945,3600
2024-02-28,51.20000076293945,54.0,50.0,52.79999923706055,52.79999923706055,9253
2024-02-29,52.79999923706055,54.400001525878906,50.79999923706055,53.20000076293945,53.20000076293945,6473
2024-03-01,53.599998474121094,57.599998474121094,52.0,53.20000076293945,53.20000076293945,9243
2024-03-04,54.79999923706055,57.20000076293945,52.79999923706055,54.0,54.0,10725
2024-03-05,54.400001525878906,55.20000076293945,52.400001525878906,53.20000076293945,53.20000076293945,3710
2024-03-06,54.400001525878906,54.79999923706055,48.400001525878906,50.79999923706055,50.79999923706055,10358
2024-03-07,51.20000076293945,51.20000076293945,49.20000076293945,49.599998474121094,49.599998474121094,2718
2024-03-08,49.20000076293945,49.599998474121094,44.79999923706055,47.20000076293945,47.20000076293945,11920
2024-03-11,47.599998474121094,48.0,45.20000076293945,45.599998474121094,45.599998474121094,3438
2024-03-12,46.79999923706055,46.79999923706055,44.79999923706055,46.0,46.0,6400
2024-03-13,48.0,48.0,46.0,46.79999923706055,46.79999923706055,2798
2024-03-14,46.79999923706055,47.599998474121094,46.400001525878906,47.20000076293945,47.20000076293945,1765
2024-03-15,46.400001525878906,47.599998474121094,45.599998474121094,46.0,46.0,2865
2024-03-18,45.599998474121094,46.0,44.79999923706055,46.0,46.0,4488
2024-03-19,45.599998474121094,48.0,44.79999923706055,47.20000076293945,47.20000076293945,5570
2024-03-20,47.599998474121094,48.0,45.599998474121094,47.599998474121094,47.599998474121094,4195
2024-03-21,49.599998474121094,49.599998474121094,46.79999923706055,48.0,48.0,3490
2024-03-22,45.599998474121094,56.0,45.599998474121094,55.20000076293945,55.20000076293945,16543
2024-03-25,54.0,54.0,50.400001525878906,52.0,52.0,11738
2024-03-26,47.20000076293945,47.20000076293945,40.0,41.20000076293945,41.20000076293945,46300
2024-03-27,43.599998474121094,44.79999923706055,42.400001525878906,44.400001525878906,44.400001525878906,8678
2024-03-28,44.79999923706055,45.20000076293945,44.0,44.79999923706055,44.79999923706055,4080
2024-04-01,38.0,44.0,34.0,34.400001525878906,34.400001525878906,56033
2024-04-02,35.20000076293945,37.20000076293945,32.79999923706055,33.20000076293945,33.20000076293945,18260
2024-04-03,34.0,34.400001525878906,32.0,33.20000076293945,33.20000076293945,14310
2024-04-04,34.0,34.0,32.0,32.79999923706055,32.79999923706055,6135
2024-04-05,32.79999923706055,32.79999923706055,32.0,32.400001525878906,32.400001525878906,8568
2024-04-08,33.599998474121094,33.599998474121094,30.0,30.399999618530273,30.399999618530273,10788
2024-04-09,30.799999237060547,30.799999237060547,27.600000381469727,28.399999618530273,28.399999618530273,27683
2024-04-10,29.600000381469727,30.0,26.399999618530273,29.600000381469727,29.600000381469727,35148
2024-04-11,28.0,28.399999618530273,26.0,28.0,28.0,26123
2024-04-12,28.0,28.799999237060547,26.399999618530273,28.799999237060547,28.799999237060547,13580
2024-04-15,27.200000762939453,28.0,25.200000762939453,25.600000381469727,25.600000381469727,16365
2024-04-16,25.600000381469727,26.799999237060547,24.799999237060547,25.600000381469727,25.600000381469727,6325
2024-04-17,25.600000381469727,26.0,24.399999618530273,24.799999237060547,24.799999237060547,8665
2024-04-18,25.600000381469727,26.399999618530273,24.399999618530273,25.600000381469727,25.600000381469727,7645
2024-04-19,26.399999618530273,27.200000762939453,25.200000762939453,26.399999618530273,26.399999618530273,4730
2024-04-22,25.200000762939453,27.200000762939453,25.200000762939453,27.200000762939453,27.200000762939453,4400
2024-04-23,26.399999618530273,27.200000762939453,24.799999237060547,25.600000381469727,25.600000381469727,10580
2024-04-24,24.799999237060547,25.600000381469727,23.600000381469727,24.399999618530273,24.399999618530273,18978
2024-04-25,24.799999237060547,24.799999237060547,22.399999618530273,23.200000762939453,23.200000762939453,15903
2024-04-26,22.399999618530273,24.799999237060547,22.0,24.399999618530273,24.399999618530273,14573
2024-04-29,24.799999237060547,26.399999618530273,24.0,25.600000381469727,25.600000381469727,8485
2024-04-30,26.0,26.799999237060547,25.200000762939453,26.799999237060547,26.799999237060547,11435
2024-05-01,26.399999618530273,28.0,26.0,26.799999237060547,26.799999237060547,7585
2024-05-02,26.799999237060547,27.600000381469727,25.600000381469727,26.399999618530273,26.399999618530273,9003
2024-05-03,25.600000381469727,27.600000381469727,25.600000381469727,27.200000762939453,27.200000762939453,5040
2024-05-06,28.0,28.799999237060547,27.200000762939453,28.799999237060547,28.799999237060547,5820
2024-05-07,28.799999237060547,28.799999237060547,27.200000762939453,27.200000762939453,27.200000762939453,2840
2024-05-08,27.200000762939453,27.600000381469727,26.399999618530273,26.399999618530273,26.399999618530273,3835
2024-05-09,26.399999618530273,27.600000381469727,26.0,27.600000381469727,27.600000381469727,3958
2024-05-10,27.600000381469727,27.600000381469727,25.600000381469727,26.0,26.0,3095
2024-05-13,25.200000762939453,26.0,24.799999237060547,24.799999237060547,24.799999237060547,1798
2024-05-14,25.200000762939453,26.0,24.799999237060547,25.600000381469727,25.600000381469727,2733
2024-05-15,25.600000381469727,26.399999618530273,24.0,24.799999237060547,24.799999237060547,11365
2024-05-16,24.399999618530273,26.399999618530273,24.399999618530273,25.600000381469727,25.600000381469727,15550
2024-05-17,26.399999618530273,27.200000762939453,24.399999618530273,25.600000381469727,25.600000381469727,7690
2024-05-20,24.799999237060547,25.600000381469727,24.399999618530273,24.799999237060547,24.799999237060547,2738
2024-05-21,24.799999237060547,26.0,24.0,24.799999237060547,24.799999237060547,3283
2024-05-22,24.0,25.200000762939453,24.0,24.799999237060547,24.799999237060547,4408
2024-05-23,25.200000762939453,26.0,24.0,24.0,24.0,13753
2024-05-24,26.0,27.600000381469727,25.200000762939453,27.600000381469727,27.600000381469727,13685
2024-05-28,27.600000381469727,29.200000762939453,26.0,28.799999237060547,28.799999237060547,33515
2024-05-29,27.600000381469727,28.799999237060547,26.0,27.600000381469727,27.600000381469727,5800
2024-05-30,28.799999237060547,34.0,27.600000381469727,32.79999923706055,32.79999923706055,22295
2024-05-31,33.20000076293945,33.599998474121094,29.600000381469727,30.0,30.0,9678
2024-06-03,30.0,30.799999237060547,29.200000762939453,29.200000762939453,29.200000762939453,4028
2024-06-04,29.200000762939453,30.0,27.200000762939453,28.0,28.0,6380
2024-06-05,28.0,29.200000762939453,27.600000381469727,28.799999237060547,28.799999237060547,2960
2024-06-06,28.399999618530273,30.0,27.600000381469727,28.0,28.0,7763
2024-06-07,28.399999618530273,29.600000381469727,26.399999618530273,26.399999618530273,26.399999618530273,6695
2024-06-10,27.200000762939453,28.0,25.200000762939453,26.399999618530273,26.399999618530273,7473
2024-06-11,26.0,27.200000762939453,25.600000381469727,27.200000762939453,27.200000762939453,2358
2024-06-12,27.200000762939453,27.200000762939453,25.600000381469727,26.0,26.0,9085
2024-06-13,26.799999237060547,27.600000381469727,26.0,27.200000762939453,27.200000762939453,5125
2024-06-14,26.0,27.200000762939453,26.0,26.799999237060547,26.799999237060547,5980
2024-06-17,26.399999618530273,26.399999618530273,25.200000762939453,25.600000381469727,25.600000381469727,4900
2024-06-18,26.0,26.399999618530273,24.399999618530273,24.799999237060547,24.799999237060547,6533
2024-06-20,24.799999237060547,24.799999237060547,23.200000762939453,23.600000381469727,23.600000381469727,10570
2024-06-21,24.0,24.399999618530273,23.200000762939453,23.600000381469727,23.600000381469727,6795
2024-06-24,23.600000381469727,25.200000762939453,23.600000381469727,24.399999618530273,24.399999618530273,10365
2024-06-25,24.799999237060547,24.799999237060547,22.799999237060547,23.200000762939453,23.200000762939453,9555
2024-06-26,22.799999237060547,23.600000381469727,22.399999618530273,22.399999618530273,22.399999618530273,7658
2024-06-27,22.799999237060547,24.0,22.399999618530273,22.799999237060547,22.799999237060547,2595
2024-06-28,22.399999618530273,23.200000762939453,22.0,22.799999237060547,22.799999237060547,6920
2024-07-01,22.799999237060547,23.200000762939453,22.0,22.399999618530273,22.399999618530273,3765
2024-07-02,22.399999618530273,22.799999237060547,20.799999237060547,21.200000762939453,21.200000762939453,9850
2024-07-03,21.600000381469727,22.399999618530273,20.399999618530273,21.200000762939453,21.200000762939453,7485
2024-07-05,20.799999237060547,22.799999237060547,20.399999618530273,22.0,22.0,9020
2024-07-08,22.399999618530273,22.399999618530273,21.600000381469727,22.399999618530273,22.399999618530273,3890
2024-07-09,22.399999618530273,23.200000762939453,22.0,23.200000762939453,23.200000762939453,6198
2024-07-10,22.799999237060547,26.0,22.799999237060547,26.0,26.0,14480
2024-07-11,26.799999237060547,26.799999237060547,22.799999237060547,26.0,26.0,11590
2024-07-12,25.600000381469727,28.799999237060547,24.399999618530273,28.399999618530273,28.399999618530273,11880
2024-07-15,29.200000762939453,31.200000762939453,27.200000762939453,30.399999618530273,30.399999618530273,13703
2024-07-16,30.799999237060547,32.79999923706055,30.399999618530273,32.79999923706055,32.79999923706055,12780
2024-07-17,31.600000381469727,34.400001525878906,31.200000762939453,34.0,34.0,16723
2024-07-18,35.20000076293945,35.599998474121094,31.200000762939453,31.600000381469727,31.600000381469727,14490
2024-07-19,31.600000381469727,35.20000076293945,31.200000762939453,33.20000076293945,33.20000076293945,6805
2024-07-22,33.599998474121094,34.0,30.399999618530273,32.400001525878906,32.400001525878906,6675
2024-07-23,32.79999923706055,34.0,32.0,32.400001525878906,32.400001525878906,9283
2024-07-24,32.400001525878906,33.599998474121094,32.400001525878906,32.79999923706055,32.79999923706055,8593
2024-07-25,32.79999923706055,35.20000076293945,32.0,34.79999923706055,34.79999923706055,7375
2024-07-26,34.79999923706055,35.599998474121094,32.400001525878906,34.0,34.0,12115
2024-07-29,34.0,34.0,30.0,30.399999618530273,30.399999618530273,16940
2024-07-30,31.200000762939453,32.0,30.0,30.399999618530273,30.399999618530273,8303
2024-07-31,30.799999237060547,32.400001525878906,30.0,31.600000381469727,31.600000381469727,2160
2024-08-01,31.600000381469727,31.600000381469727,26.799999237060547,27.600000381469727,27.600000381469727,9243
2024-08-02,28.399999618530273,28.399999618530273,25.200000762939453,27.200000762939453,27.200000762939453,7508
2024-08-05,26.0,27.200000762939453,24.0,25.200000762939453,25.200000762939453,7160
2024-08-06,25.600000381469727,28.0,24.399999618530273,27.600000381469727,27.600000381469727,3543
2024-08-07,26.799999237060547,27.600000381469727,24.799999237060547,25.600000381469727,25.600000381469727,7573
2024-08-08,26.0,28.0,25.200000762939453,27.200000762939453,27.200000762939453,4308
2024-08-09,27.200000762939453,29.600000381469727,27.200000762939453,29.600000381469727,29.600000381469727,2928
2024-08-12,29.600000381469727,35.20000076293945,28.399999618530273,31.600000381469727,31.600000381469727,7388
2024-08-13,32.0,34.0,28.399999618530273,30.799999237060547,30.799999237060547,10393
2024-08-14,30.399999618530273,32.0,30.0,31.200000762939453,31.200000762939453,8148
2024-08-15,28.0,29.200000762939453,26.0,27.200000762939453,27.200000762939453,18808
2024-08-16,27.600000381469727,29.600000381469727,27.200000762939453,29.600000381469727,29.600000381469727,5755
2024-08-19,30.0,32.400001525878906,29.600000381469727,31.600000381469727,31.600000381469727,5090
2024-08-20,31.600000381469727,31.600000381469727,29.600000381469727,30.0,30.0,4893
2024-08-21,28.799999237060547,30.0,28.799999237060547,29.600000381469727,29.600000381469727,4295
2024-08-22,30.799999237060547,30.799999237060547,28.399999618530273,28.799999237060547,28.799999237060547,2930
2024-08-23,28.0,30.399999618530273,28.0,29.600000381469727,29.600000381469727,4493
2024-08-26,28.799999237060547,29.200000762939453,27.600000381469727,28.799999237060547,28.799999237060547,8770
2024-08-27,28.399999618530273,29.200000762939453,27.600000381469727,27.600000381469727,27.600000381469727,2363
2024-08-28,28.0,28.399999618530273,24.399999618530273,26.0,26.0,9428
2024-08-29,26.0,27.200000762939453,25.200000762939453,25.600000381469727,25.600000381469727,4058
2024-08-30,25.600000381469727,26.399999618530273,24.799999237060547,26.0,26.0,4180
2024-09-03,26.399999618530273,26.399999618530273,25.200000762939453,25.200000762939453,25.200000762939453,3833
2024-09-04,25.600000381469727,26.399999618530273,24.799999237060547,25.200000762939453,25.200000762939453,2580
2024-09-05,25.600000381469727,26.0,24.399999618530273,24.799999237060547,24.799999237060547,3695
2024-09-06,24.399999618530273,25.600000381469727,24.0,24.399999618530273,24.399999618530273,2843
2024-09-09,24.799999237060547,25.600000381469727,24.0,24.399999618530273,24.399999618530273,2410
2024-09-10,24.399999618530273,26.399999618530273,24.0,25.200000762939453,25.200000762939453,3488
2024-09-11,25.200000762939453,26.0,24.399999618530273,25.600000381469727,25.600000381469727,1543
2024-09-12,26.0,26.399999618530273,24.799999237060547,25.200000762939453,25.200000762939453,1420
2024-09-13,25.200000762939453,25.600000381469727,24.399999618530273,24.799999237060547,24.799999237060547,4163
2024-09-16,25.200000762939453,26.0,24.799999237060547,25.600000381469727,25.600000381469727,2528
2024-09-17,25.600000381469727,26.0,24.799999237060547,24.799999237060547,24.799999237060547,4348
2024-09-18,24.399999618530273,26.0,24.399999618530273,24.799999237060547,24.799999237060547,1858
2024-09-19,26.0,26.399999618530273,25.200000762939453,26.0,26.0,3840
2024-09-20,26.399999618530273,26.799999237060547,26.0,26.399999618530273,26.399999618530273,1910
2024-09-23,26.799999237060547,26.799999237060547,25.200000762939453,25.600000381469727,25.600000381469727,2570
2024-09-24,26.0,26.399999618530273,25.600000381469727,26.0,26.0,2145
2024-09-25,25.600000381469727,26.799999237060547,25.600000381469727,25.600000381469727,25.600000381469727,1340
2024-09-26,26.399999618530273,26.399999618530273,25.200000762939453,25.200000762939453,25.200000762939453,2265
2024-09-27,25.200000762939453,26.0,24.799999237060547,24.799999237060547,24.799999237060547,3648
2024-09-30,26.0,26.799999237060547,21.600000381469727,21.600000381469727,21.600000381469727,21063
2024-10-01,24.0,24.399999618530273,21.600000381469727,21.600000381469727,21.600000381469727,8623
2024-10-02,22.0,22.0,20.0,20.799999237060547,20.799999237060547,10663
2024-10-03,21.600000381469727,22.399999618530273,20.399999618530273,20.399999618530273,20.399999618530273,4233
2024-10-04,21.600000381469727,21.600000381469727,17.600000381469727,18.399999618530273,18.399999618530273,42728
2024-10-07,20.399999618530273,20.799999237060547,18.799999237060547,19.200000762939453,19.200000762939453,19143
2024-10-08,19.200000762939453,20.0,17.200000762939453,18.799999237060547,18.799999237060547,11890
2024-10-09,20.0,20.0,18.0,18.399999618530273,18.399999618530273,7115
2024-10-10,18.799999237060547,19.600000381469727,18.0,18.799999237060547,18.799999237060547,3398
2024-10-11,18.799999237060547,19.600000381469727,18.0,19.600000381469727,19.600000381469727,4928
2024-10-14,20.0,20.0,17.600000381469727,18.399999618530273,18.399999618530273,8733
2024-10-15,18.399999618530273,19.200000762939453,17.200000762939453,17.600000381469727,17.600000381469727,7318
2024-10-16,18.0,19.200000762939453,18.0,18.799999237060547,18.799999237060547,5763
2024-10-17,19.200000762939453,20.0,18.0,18.399999618530273,18.399999618530273,8455
2024-10-18,18.399999618530273,19.600000381469727,18.0,18.799999237060547,18.799999237060547,10353
2024-10-21,18.799999237060547,19.600000381469727,17.600000381469727,18.799999237060547,18.799999237060547,9135
2024-10-22,18.799999237060547,18.799999237060547,16.0,18.0,18.0,19220
2024-10-23,18.0,18.0,16.799999237060547,16.799999237060547,16.799999237060547,5163
2024-10-24,16.799999237060547,18.0,15.600000381469727,16.0,16.0,13193
2024-10-25,16.0,16.799999237060547,15.600000381469727,16.399999618530273,16.399999618530273,9065
2024-10-28,17.200000762939453,18.0,16.799999237060547,17.600000381469727,17.600000381469727,17850
2024-10-29,17.200000762939453,17.600000381469727,17.200000762939453,17.200000762939453,17.200000762939453,3230
2024-10-30,17.600000381469727,18.0,16.399999618530273,17.200000762939453,17.200000762939453,9095
2024-10-31,16.399999618530273,17.200000762939453,16.0,16.399999618530273,16.399999618530273,6033
2024-11-01,16.0,17.200000762939453,16.0,17.200000762939453,17.200000762939453,16823
2024-11-04,16.399999618530273,18.0,16.399999618530273,17.200000762939453,17.200000762939453,8410
2024-11-05,16.799999237060547,18.799999237060547,16.799999237060547,17.600000381469727,17.600000381469727,14093
2024-11-06,18.0,18.799999237060547,17.200000762939453,18.0,18.0,11030
2024-11-07,17.200000762939453,18.0,17.200000762939453,18.0,18.0,7513
2024-11-08,18.0,18.0,17.600000381469727,17.600000381469727,17.600000381469727,5648
2024-11-11,17.600000381469727,18.399999618530273,17.200000762939453,18.0,18.0,9183
2024-11-12,17.200000762939453,18.0,17.200000762939453,17.200000762939453,17.200000762939453,10005
2024-11-13,17.200000762939453,18.399999618530273,17.200000762939453,18.0,18.0,10110
2024-11-14,18.0,19.200000762939453,17.600000381469727,18.399999618530273,18.399999618530273,10288
2024-11-15,19.200000762939453,19.200000762939453,18.0,19.200000762939453,19.200000762939453,8645
2024-11-18,19.600000381469727,19.600000381469727,17.600000381469727,18.399999618530273,18.399999618530273,11900
2024-11-19,18.799999237060547,22.0,18.799999237060547,21.600000381469727,21.600000381469727,25393
2024-11-20,21.200000762939453,22.399999618530273,20.799999237060547,22.0,22.0,9203
2024-11-21,17.200000762939453,17.200000762939453,12.800000190734863,12.800000190734863,12.800000190734863,266445
2024-11-22,12.800000190734863,12.800000190734863,10.399999618530273,11.199999809265137,11.199999809265137,149210
2024-11-25,11.600000381469727,11.600000381469727,10.0,10.800000190734863,10.800000190734863,167168
2024-11-26,12.0,12.0,11.199999809265137,11.199999809265137,11.199999809265137,54398
2024-11-27,11.199999809265137,12.0,10.800000190734863,11.600000381469727,11.600000381469727,33813
2024-11-29,12.0,12.0,11.600000381469727,12.0,12.0,19590
2024-12-02,12.0,12.0,10.800000190734863,11.600000381469727,11.600000381469727,35270
2024-12-03,11.199999809265137,12.0,10.800000190734863,11.199999809265137,11.199999809265137,14505
2024-12-04,11.600000381469727,11.600000381469727,10.399999618530273,10.800000190734863,10.800000190734863,33555
2024-12-05,10.800000190734863,11.199999809265137,10.0,10.0,10.0,29070
2024-12-06,10.800000190734863,10.800000190734863,9.199999809265137,10.0,10.0,33428
2024-12-09,10.399999618530273,10.800000190734863,9.600000381469727,10.0,10.0,34505
2024-12-10,10.399999618530273,10.399999618530273,9.199999809265137,9.600000381469727,9.600000381469727,34268
2024-12-11,9.600000381469727,10.0,8.800000190734863,9.600000381469727,9.600000381469727,38135
2024-12-12,9.600000381469727,10.0,8.800000190734863,9.199999809265137,9.199999809265137,25808
2024-12-13,9.199999809265137,9.199999809265137,8.399999618530273,8.800000190734863,8.800000190734863,24350
2024-12-16,9.199999809265137,9.199999809265137,8.399999618530273,8.399999618530273,8.399999618530273,40200
2024-12-17,8.399999618530273,8.800000190734863,8.399999618530273,8.399999618530273,8.399999618530273,19798
2024-12-18,8.399999618530273,8.399999618530273,7.599999904632568,8.0,8.0,36660
2024-12-19,7.599999904632568,8.399999618530273,7.599999904632568,8.0,8.0,15193
2024-12-20,8.399999618530273,8.399999618530273,8.0,8.0,8.0,23035
2024-12-23,8.800000190734863,8.800000190734863,8.399999618530273,8.800000190734863,8.800000190734863,43665
2024-12-24,8.800000190734863,9.199999809265137,8.800000190734863,9.199999809265137,9.199999809265137,21393
2024-12-26,10.0,10.399999618530273,8.800000190734863,8.800000190734863,8.800000190734863,53533
2024-12-27,9.199999809265137,9.199999809265137,8.399999618530273,8.800000190734863,8.800000190734863,34118
2024-12-30,8.800000190734863,9.199999809265137,8.0,8.399999618530273,8.399999618530273,38458
2024-12-31,8.399999618530273,8.800000190734863,8.0,8.399999618530273,8.399999618530273,34835
2025-01-02,9.199999809265137,14.800000190734863,8.800000190734863,10.399999618530273,10.399999618530273,861990
2025-01-03,12.0,12.399999618530273,10.399999618530273,10.800000190734863,10.800000190734863,1932650
2025-01-06,7.599999904632568,7.599999904632568,6.0,6.400000095367432,6.400000095367432,1118493
2025-01-07,6.400000095367432,6.400000095367432,6.0,6.400000095367432,6.400000095367432,477158
2025-01-08,6.400000095367432,6.400000095367432,5.599999904632568,5.599999904632568,5.599999904632568,378233
2025-01-10,5.599999904632568,5.599999904632568,5.599999904632568,5.599999904632568,5.599999904632568,219458
2025-01-13,6.0,6.0,5.199999809265137,5.599999904632568,5.599999904632568,217303
2025-01-14,5.199999809265137,5.199999809265137,4.800000190734863,4.800000190734863,4.800000190734863,282120
2025-01-15,4.800000190734863,4.800000190734863,4.0,4.0,4.0,281048
2025-01-16,4.0,5.599999904632568,4.0,4.800000190734863,4.800000190734863,2689283
2025-01-17,4.0,4.400000095367432,3.200000047683716,4.0,4.0,647058
2025-01-21,4.400000095367432,4.400000095367432,4.0,4.400000095367432,4.400000095367432,279923
2025-01-22,4.400000095367432,4.400000095367432,4.0,4.400000095367432,4.400000095367432,138863
2025-01-23,4.400000095367432,4.800000190734863,4.400000095367432,4.800000190734863,4.800000190734863,139605
2025-01-24,4.800000190734863,4.800000190734863,4.0,4.400000095367432,4.400000095367432,153958
2025-01-27,4.400000095367432,4.400000095367432,4.0,4.400000095367432,4.400000095367432,59595
2025-01-28,4.800000190734863,4.800000190734863,4.400000095367432,4.400000095367432,4.400000095367432,62308
2025-01-29,4.800000190734863,4.800000190734863,4.0,4.400000095367432,4.400000095367432,348925
2025-01-30,4.440000057220459,4.440000057220459,3.3299999237060547,3.569999933242798,3.569999933242798,708900
2025-01-31,3.4600000381469727,3.559999942779541,3.240000009536743,3.559999942779541,3.559999942779541,204400
2025-02-03,3.630000114440918,3.700000047683716,3.2799999713897705,3.390000104904175,3.390000104904175,211200
2025-02-04,3.4100000858306885,3.6700000762939453,3.3499999046325684,3.4800000190734863,3.4800000190734863,161700
2025-02-05,3.4800000190734863,3.6700000762939453,3.4800000190734863,3.630000114440918,3.630000114440918,141100
2025-02-06,3.609999895095825,3.740000009536743,3.450000047683716,3.490000009536743,3.490000009536743,76800
2025-02-07,3.4600000381469727,3.490000009536743,3.259999990463257,3.3299999237060547,3.3299999237060547,141200
2025-02-10,3.359999895095825,3.390000104904175,3.2699999809265137,3.3399999141693115,3.3399999141693115,54800
2025-02-11,3.390000104904175,3.4800000190734863,3.3399999141693115,3.390000104904175,3.390000104904175,63900
2025-02-12,3.359999895095825,3.5799999237060547,3.3499999046325684,3.5199999809265137,3.5199999809265137,75500
2025-02-13,3.5399999618530273,3.5399999618530273,3.4000000953674316,3.509999990463257,3.509999990463257,69000
2025-02-14,3.509999990463257,3.859999895095825,3.440000057220459,3.7100000381469727,3.7100000381469727,110500
2025-02-18,3.8299999237060547,4.110000133514404,3.680000066757202,4.110000133514404,4.110000133514404,192200
2025-02-19,4.119999885559082,4.170000076293945,3.7799999713897705,3.859999895095825,3.859999895095825,101300
2025-02-20,3.9100000858306885,3.9100000858306885,3.7100000381469727,3.880000114440918,3.880000114440918,55100
2025-02-21,3.9000000953674316,3.9200000762939453,3.5399999618530273,3.5899999141693115,3.5899999141693115,106700
2025-02-24,3.5899999141693115,3.799999952316284,3.509999990463257,3.6700000762939453,3.6700000762939453,42500
2025-02-25,3.7699999809265137,3.7799999713897705,3.299999952316284,3.5,3.5,55300
2025-02-26,3.4700000286102295,3.569999933242798,3.4100000858306885,3.4600000381469727,3.4600000381469727,29600
2025-02-27,3.4600000381469727,3.5299999713897705,3.2899999618530273,3.319999933242798,3.319999933242798,33400
2025-02-28,3.319999933242798,3.4200000762939453,3.2699999809265137,3.3499999046325684,3.3499999046325684,22000
2025-03-03,3.3499999046325684,3.3499999046325684,3.109999895095825,3.1600000858306885,3.1600000858306885,60800
2025-03-04,3.0199999809265137,3.200000047683716,2.880000114440918,3.069999933242798,3.069999933242798,56800
2025-03-05,3.140000104904175,3.2899999618530273,3.059999942779541,3.2100000381469727,3.2100000381469727,33300
2025-03-06,3.180000066757202,3.259999990463257,3.119999885559082,3.200000047683716,3.200000047683716,13200
2025-03-07,3.200000047683716,3.200000047683716,3.0999999046325684,3.180000066757202,3.180000066757202,24500
2025-03-10,3.140000104904175,3.2200000286102295,3.0199999809265137,3.1500000953674316,3.1500000953674316,38200
2025-03-11,3.059999942779541,3.1500000953674316,3.009999990463257,3.1500000953674316,3.1500000953674316,32100
2025-03-12,3.0799999237060547,3.299999952316284,3.0799999237060547,3.2100000381469727,3.2100000381469727,20800
2025-03-13,3.0999999046325684,3.180000066757202,3.009999990463257,3.049999952316284,3.049999952316284,18600
2025-03-14,3.0299999713897705,3.180000066757202,3.0299999713897705,3.1600000858306885,3.1600000858306885,22700
2025-03-17,3.2300000190734863,3.2899999618530273,3.119999885559082,3.2200000286102295,3.2200000286102295,34500
2025-03-18,3.130000114440918,3.2899999618530273,3.130000114440918,3.180000066757202,3.180000066757202,13400
2025-03-19,3.2200000286102295,3.390000104904175,3.140000104904175,3.390000104904175,3.390000104904175,24400
2025-03-20,3.299999952316284,3.490000009536743,3.2699999809265137,3.4200000762939453,3.4200000762939453,11600
2025-03-21,3.390000104904175,3.609999895095825,3.2899999618530273,3.5799999237060547,3.5799999237060547,20200
2025-03-24,3.4600000381469727,3.549999952316284,3.4000000953674316,3.4200000762939453,3.4200000762939453,23400
2025-03-25,3.4200000762939453,3.450000047683716,3.2300000190734863,3.3399999141693115,3.3399999141693115,16000
2025-03-26,3.3299999237060547,3.3399999141693115,3.1500000953674316,3.1700000762939453,3.1700000762939453,19800
2025-03-27,3.180000066757202,3.3299999237060547,3.130000114440918,3.190000057220459,3.190000057220459,17000
2025-03-28,3.190000057220459,3.2300000190734863,3.009999990463257,3.049999952316284,3.049999952316284,27900
2025-03-31,3.180000066757202,3.180000066757202,2.940000057220459,2.9600000381469727,2.9600000381469727,53700
2025-04-01,3.059999942779541,3.130000114440918,2.8499999046325684,2.9200000762939453,2.9200000762939453,68700
2025-04-02,2.859999895095825,3.119999885559082,2.8499999046325684,3.0999999046325684,3.0999999046325684,30200
2025-04-03,2.9800000190734863,2.990000009536743,2.9100000858306885,2.940000057220459,2.940000057220459,22000
2025-04-04,2.8399999141693115,2.9000000953674316,2.5799999237060547,2.6500000953674316,2.6500000953674316,55800
2025-04-07,2.630000114440918,2.6700000762939453,2.440000057220459,2.5199999809265137,2.5199999809265137,56600
2025-04-08,2.619999885559082,2.619999885559082,2.299999952316284,2.4700000286102295,2.4700000286102295,38100
2025-04-09,2.4700000286102295,2.7200000286102295,2.319999933242798,2.640000104904175,2.640000104904175,40900
2025-04-10,2.6500000953674316,2.700000047683716,2.3499999046325684,2.430000066757202,2.430000066757202,11200
2025-04-11,2.5,2.759999990463257,2.5,2.75,2.75,24600
2025-04-14,2.869999885559082,2.9000000953674316,2.7699999809265137,2.890000104904175,2.890000104904175,17600
2025-04-15,2.9000000953674316,2.9800000190734863,2.799999952316284,2.819999933242798,2.819999933242798,13100
2025-04-16,2.880000114440918,2.950000047683716,2.740000009536743,2.75,2.75,57800
2025-04-17,2.75,2.880000114440918,2.740000009536743,2.880000114440918,2.880000114440918,9000
2025-04-21,2.819999933242798,2.940000057220459,2.799999952316284,2.9000000953674316,2.9000000953674316,14900
2025-04-22,2.950000047683716,2.950000047683716,2.8399999141693115,2.9000000953674316,2.9000000953674316,13500
2025-04-23,2.890000104904175,3.0899999141693115,2.869999885559082,3.0,3.0,17000
2025-04-24,3.0,3.069999933242798,2.930000066757202,3.0,3.0,14100
2025-04-25,3.059999942779541,3.2799999713897705,3.059999942779541,3.2200000286102295,3.2200000286102295,34600
2025-04-28,3.2799999713897705,3.2799999713897705,3.0799999237060547,3.190000057220459,3.190000057220459,11300
2025-04-29,3.240000009536743,3.299999952316284,3.1600000858306885,3.2200000286102295,3.2200000286102295,10600
2025-04-30,3.180000066757202,3.490000009536743,3.180000066757202,3.4700000286102295,3.4700000286102295,40400
2025-05-01,3.4800000190734863,3.490000009536743,3.299999952316284,3.440000057220459,3.440000057220459,14800
2025-05-02,3.4700000286102295,3.490000009536743,3.299999952316284,3.440000057220459,3.440000057220459,14600
2025-05-05,3.430000066757202,3.430000066757202,3.240000009536743,3.25,3.25,18400
2025-05-06,3.299999952316284,3.299999952316284,3.130000114440918,3.2799999713897705,3.2799999713897705,23800
2025-05-07,3.140000104904175,3.2200000286102295,3.140000104904175,3.1600000858306885,3.1600000858306885,8900
2025-05-08,3.2699999809265137,3.2799999713897705,3.130000114440918,3.1600000858306885,3.1600000858306885,11400
2025-05-09,3.1600000858306885,3.3499999046325684,3.130000114440918,3.1700000762939453,3.1700000762939453,6300
2025-05-12,3.1500000953674316,3.1600000858306885,3.009999990463257,3.0899999141693115,3.0899999141693115,14900
2025-05-13,3.1500000953674316,3.240000009536743,3.109999895095825,3.190000057220459,3.190000057220459,11400
2025-05-14,3.200000047683716,3.25,3.0799999237060547,3.0899999141693115,3.0899999141693115,11400
2025-05-15,3.0899999141693115,3.1600000858306885,3.009999990463257,3.0899999141693115,3.0899999141693115,12800
2025-05-16,3.240000009536743,3.259999990463257,3.059999942779541,3.240000009536743,3.240000009536743,15500
2025-05-19,3.069999933242798,3.2899999618530273,3.069999933242798,3.2699999809265137,3.2699999809265137,12600
2025-05-20,3.2699999809265137,3.680000066757202,3.190000057220459,3.640000104904175,3.640000104904175,89300
2025-05-21,3.5999999046325684,3.6600000858306885,3.450000047683716,3.630000114440918,3.630000114440918,29100
2025-05-22,3.619999885559082,3.9700000286102295,3.319999933242798,3.799999952316284,3.799999952316284,83900
2025-05-23,3.700000047683716,3.7699999809265137,3.4200000762939453,3.6600000858306885,3.6600000858306885,25300
2025-05-27,3.619999885559082,3.859999895095825,3.430000066757202,3.680000066757202,3.680000066757202,45000
2025-05-28,3.869999885559082,3.869999885559082,3.630000114440918,3.7899999618530273,3.7899999618530273,19300
2025-05-29,3.819999933242798,3.990000009536743,3.759999990463257,3.7899999618530273,3.7899999618530273,46300
2025-05-30,5.869999885559082,7.769999980926514,4.900000095367432,5.25,5.25,36539100
2025-06-02,5.159999847412109,5.230000019073486,4.050000190734863,4.099999904632568,4.099999904632568,734900
2025-06-03,4.03000020980835,4.46999979019165,3.880000114440918,4.21999979019165,4.21999979019165,336600
2025-06-04,4.059999942779541,4.730000019073486,4.0,4.659999847412109,4.659999847412109,269100
2025-06-05,4.650000095367432,5.5,4.489999771118164,5.269999980926514,5.269999980926514,272800
2025-06-06,5.170000076293945,6.449999809265137,5.079999923706055,5.739999771118164,5.739999771118164,969500
2025-06-09,6.320000171661377,6.320000171661377,5.920000076293945,5.929999828338623,5.929999828338623,590500
2025-06-10,5.71999979019165,6.590000152587891,5.699999809265137,5.820000171661377,5.820000171661377,414000
2025-06-11,5.539999961853027,5.940000057220459,5.300000190734863,5.440000057220459,5.440000057220459,258300
2025-06-12,5.110000133514404,5.400000095367432,5.099999904632568,5.289999961853027,5.289999961853027,145900
2025-06-13,5.179999828338623,5.269999980926514,4.53000020980835,4.690000057220459,4.690000057220459,165800
2025-06-16,4.849999904632568,5.050000190734863,4.539999961853027,4.670000076293945,4.670000076293945,93900
2025-06-17,4.630000114440918,4.929999828338623,4.340000152587891,4.420000076293945,4.420000076293945,207000
2025-06-18,4.409999847412109,4.650000095367432,4.409999847412109,4.570000171661377,4.570000171661377,56700
2025-06-20,4.619999885559082,4.670000076293945,4.150000095367432,4.239999771118164,4.239999771118164,91200
2025-06-23,4.230000019073486,4.230000019073486,3.7899999618530273,4.0,4.0,149000
2025-06-24,4.070000171661377,4.599999904632568,4.010000228881836,4.440000057220459,4.440000057220459,113200
2025-06-25,4.559999942779541,4.619999885559082,4.329999923706055,4.489999771118164,4.489999771118164,51100
2025-06-26,4.550000190734863,4.550000190734863,4.25,4.400000095367432,4.400000095367432,54200
2025-06-27,4.400000095367432,4.639999866485596,4.199999809265137,4.429999828338623,4.429999828338623,52300
2025-06-30,4.480000019073486,4.639999866485596,4.349999904632568,4.570000171661377,4.570000171661377,31100
2025-07-01,4.570000171661377,4.570000171661377,4.409999847412109,4.53000020980835,4.53000020980835,20400
2025-07-02,4.53000020980835,4.639999866485596,4.349999904632568,4.610000133514404,4.610000133514404,35800
2025-07-03,4.619999885559082,4.630000114440918,4.389999866485596,4.489999771118164,4.489999771118164,36000
2025-07-07,4.480000019073486,4.619999885559082,4.050000190734863,4.320000171661377,4.320000171661377,53600
2025-07-08,4.25,4.389999866485596,4.139999866485596,4.329999923706055,4.329999923706055,28800
2025-07-09,4.28000020980835,4.920000076293945,4.28000020980835,4.920000076293945,4.920000076293945,69200
2025-07-10,4.909999847412109,5.059999942779541,4.739999771118164,4.880000114440918,4.880000114440918,55800
2025-07-11,4.860000133514404,4.909999847412109,4.630000114440918,4.699999809265137,4.699999809265137,41400
2025-07-14,4.599999904632568,4.860000133514404,4.400000095367432,4.699999809265137,4.699999809265137,36500
2025-07-15,4.579999923706055,4.71999979019165,4.510000228881836,4.519999980926514,4.519999980926514,22000
2025-07-16,4.699999809265137,4.699999809265137,4.46999979019165,4.599999904632568,4.599999904632568,19100
2025-07-17,4.590000152587891,4.739999771118164,4.550000190734863,4.650000095367432,4.650000095367432,12900
2025-07-18,4.599999904632568,4.690000057220459,4.460000038146973,4.46999979019165,4.46999979019165,24100
2025-07-21,4.449999809265137,4.480000019073486,4.25,4.360000133514404,4.360000133514404,34500
2025-07-22,4.420000076293945,4.5,4.25,4.489999771118164,4.489999771118164,55400
2025-07-23,4.510000228881836,4.75,4.449999809265137,4.559999942779541,4.559999942779541,41000
2025-07-24,4.559999942779541,4.579999923706055,4.429999828338623,4.510000228881836,4.510000228881836,25900
2025-07-25,4.510000228881836,4.690000057220459,4.199999809265137,4.25,4.25,29800
2025-07-28,4.300000190734863,4.380000114440918,4.039999961853027,4.159999847412109,4.159999847412109,43800
2025-07-29,4.309999942779541,4.309999942779541,4.03000020980835,4.130000114440918,4.130000114440918,23000
2025-07-30,4.199999809265137,4.320000171661377,3.9600000381469727,4.010000228881836,4.010000228881836,49000
2025-07-31,4.019999980926514,4.079999923706055,3.799999952316284,3.9800000190734863,3.9800000190734863,21300
2025-08-01,3.8499999046325684,3.9700000286102295,3.7100000381469727,3.869999885559082,3.869999885559082,17900
2025-08-04,3.869999885559082,4.010000228881836,3.8399999141693115,3.8399999141693115,3.8399999141693115,23000
2025-08-05,3.859999895095825,4.170000076293945,3.859999895095825,3.890000104904175,3.890000104904175,62900
2025-08-06,3.9000000953674316,3.930000066757202,3.690000057220459,3.890000104904175,3.890000104904175,102000
2025-08-07,3.9000000953674316,3.9200000762939453,3.5199999809265137,3.6500000953674316,3.6500000953674316,36200
2025-08-08,3.630000114440918,3.630000114440918,3.3499999046325684,3.559999942779541,3.559999942779541,48600
2025-08-11,3.640000104904175,3.759999990463257,3.5999999046325684,3.7200000286102295,3.7200000286102295,30300
2025-08-12,3.75,3.8499999046325684,3.5799999237060547,3.75,3.75,18900
2025-08-13,3.809999942779541,3.940000057220459,3.6600000858306885,3.940000057220459,3.940000057220459,70400
2025-08-14,3.8499999046325684,3.940000057220459,3.5799999237060547,3.7699999809265137,3.7699999809265137,53400
2025-08-15,3.6500000953674316,3.809999942779541,3.619999885559082,3.7100000381469727,3.7100000381469727,19400
2025-08-18,3.759999990463257,3.8299999237060547,3.680000066757202,3.8299999237060547,3.8299999237060547,15000
2025-08-19,3.8299999237060547,3.940000057220459,3.700000047683716,3.740000009536743,3.740000009536743,57100
2025-08-20,3.950000047683716,3.950000047683716,3.5,3.700000047683716,3.700000047683716,28800
2025-08-21,3.630000114440918,3.690000057220459,3.549999952316284,3.5899999141693115,3.5899999141693115,13500
2025-08-22,3.5199999809265137,3.9200000762939453,3.5199999809265137,3.740000009536743,3.740000009536743,51300
2025-08-25,3.859999895095825,3.880000114440918,3.700000047683716,3.8499999046325684,3.8499999046325684,28900
2025-08-26,3.8499999046325684,3.8499999046325684,3.4600000381469727,3.609999895095825,3.609999895095825,80400
2025-08-27,3.700000047683716,3.809999942779541,3.619999885559082,3.680000066757202,3.680000066757202,20300
2025-08-28,3.7699999809265137,3.7699999809265137,3.559999942779541,3.6500000953674316,3.6500000953674316,23400
2025-08-29,3.640000104904175,3.7899999618530273,3.5799999237060547,3.7899999618530273,3.7899999618530273,7900
2025-09-02,3.75,3.75,3.5,3.75,3.75,30000
2025-09-03,3.6600000858306885,3.740000009536743,3.569999933242798,3.630000114440918,3.630000114440918,9700
2025-09-04,3.640000104904175,3.690000057220459,3.4200000762939453,3.549999952316284,3.549999952316284,37300
2025-09-05,3.549999952316284,3.690000057220459,3.4600000381469727,3.6700000762939453,3.6700000762939453,8300
2025-09-08,3.6700000762939453,3.690000057220459,3.5399999618530273,3.640000104904175,3.640000104904175,24200
2025-09-09,3.5399999618530273,3.6500000953674316,3.5399999618530273,3.6500000953674316,3.6500000953674316,26200
2025-09-10,3.6500000953674316,4.360000133514404,3.6500000953674316,4.239999771118164,4.239999771118164,149400
2025-09-11,3.9800000190734863,4.079999923706055,3.809999942779541,4.010000228881836,4.010000228881836,23600
2025-09-12,4.019999980926514,4.110000133514404,3.869999885559082,4.039999961853027,4.039999961853027,16600
2025-09-15,4.03000020980835,4.03000020980835,3.680000066757202,3.75,3.75,43400
2025-09-16,3.869999885559082,3.950000047683716,3.7200000286102295,3.890000104904175,3.890000104904175,12000
2025-09-17,3.680000066757202,3.890000104904175,3.680000066757202,3.759999990463257,3.759999990463257,20700
2025-09-18,3.75,3.890000104904175,3.75,3.869999885559082,3.869999885559082,16300
2025-09-19,3.869999885559082,3.890000104904175,3.740000009536743,3.759999990463257,3.759999990463257,18800
2025-09-22,3.8499999046325684,3.880000114440918,3.7899999618530273,3.869999885559082,3.869999885559082,19900
2025-09-23,3.890000104904175,3.890000104904175,3.7200000286102295,3.740000009536743,3.740000009536743,17600
2025-09-24,3.740000009536743,3.880000114440918,3.680000066757202,3.7799999713897705,3.7799999713897705,10800
2025-09-25,3.75,3.819999933242798,3.549999952316284,3.7899999618530273,3.7899999618530273,34100
2025-09-26,3.6600000858306885,3.859999895095825,3.6500000953674316,3.8399999141693115,3.8399999141693115,27000
2025-09-29,4.010000228881836,4.019999980926514,3.75,3.759999990463257,3.759999990463257,481400
2025-09-30,3.869999885559082,4.25,3.569999933242798,3.7799999713897705,3.7799999713897705,72600
2025-10-01,3.7799999713897705,3.880000114440918,3.700000047683716,3.869999885559082,3.869999885559082,15200
2025-10-02,3.9200000762939453,4.119999885559082,3.7300000190734863,3.9000000953674316,3.9000000953674316,24100
2025-10-03,3.9000000953674316,4.059999942779541,3.799999952316284,4.0,4.0,24800
2025-10-06,4.0,4.340000152587891,4.0,4.21999979019165,4.21999979019165,58100
2025-10-07,4.449999809265137,4.559999942779541,4.039999961853027,4.440000057220459,4.440000057220459,82700
2025-10-08,4.519999980926514,4.539999961853027,4.329999923706055,4.400000095367432,4.400000095367432,39100
2025-10-09,4.5,4.5,4.179999828338623,4.179999828338623,4.179999828338623,24900
2025-10-10,4.119999885559082,4.159999847412109,3.75,3.9100000858306885,3.9100000858306885,19200
2025-10-13,3.890000104904175,4.139999866485596,3.700000047683716,3.8499999046325684,3.8499999046325684,20400
2025-10-14,3.740000009536743,4.019999980926514,3.740000009536743,4.019999980926514,4.019999980926514,12400
2025-10-15,4.050000190734863,4.090000152587891,3.819999933242798,3.8399999141693115,3.8399999141693115,28800
2025-10-16,4.0,4.070000171661377,3.799999952316284,3.819999933242798,3.819999933242798,11600
2025-10-17,3.819999933242798,3.869999885559082,3.7100000381469727,3.7300000190734863,3.7300000190734863,11100
2025-10-20,3.7300000190734863,3.8299999237060547,3.6500000953674316,3.740000009536743,3.740000009536743,47400
2025-10-21,3.7699999809265137,3.8499999046325684,3.640000104904175,3.6500000953674316,3.6500000953674316,10200
2025-10-22,3.7799999713897705,3.7799999713897705,3.509999990463257,3.700000047683716,3.700000047683716,27500
2025-10-23,3.680000066757202,3.7200000286102295,3.549999952316284,3.6600000858306885,3.6600000858306885,27200
2025-10-24,3.619999885559082,3.7899999618530273,3.619999885559082,3.7200000286102295,3.7200000286102295,15900
2025-10-27,3.859999895095825,3.9000000953674316,3.640000104904175,3.759999990463257,3.759999990463257,48300
2025-10-28,3.6700000762939453,3.880000114440918,3.6500000953674316,3.680000066757202,3.680000066757202,21000
2025-10-29,3.6500000953674316,3.7699999809265137,3.5,3.5,3.5,28400
2025-10-30,3.5399999618530273,3.75,3.450000047683716,3.450000047683716,3.450000047683716,33300
2025-10-31,3.4000000953674316,3.559999942779541,3.3399999141693115,3.4700000286102295,3.4700000286102295,29400
2025-11-03,3.559999942779541,3.559999942779541,3.3499999046325684,3.4700000286102295,3.4700000286102295,23300
2025-11-04,3.4100000858306885,3.5399999618530273,3.299999952316284,3.299999952316284,3.299999952316284,16900
2025-11-05,3.4000000953674316,3.5,3.3399999141693115,3.4800000190734863,3.4800000190734863,10900
2025-11-06,3.490000009536743,3.490000009536743,3.309999942779541,3.3299999237060547,3.3299999237060547,6500
2025-11-07,3.3299999237060547,3.430000066757202,3.0999999046325684,3.2699999809265137,3.2699999809265137,36400
2025-11-10,3.3399999141693115,3.490000009536743,3.2699999809265137,3.440000057220459,3.440000057220459,24900
2025-11-11,3.4600000381469727,3.5199999809265137,3.309999942779541,3.3399999141693115,3.3399999141693115,11800
2025-11-12,3.4000000953674316,3.4800000190734863,3.359999895095825,3.4800000190734863,3.4800000190734863,9900
2025-11-13,3.450000047683716,3.5,3.4200000762939453,3.4700000286102295,3.4700000286102295,28700
2025-11-14,3.4000000953674316,3.450000047683716,3.2300000190734863,3.2300000190734863,3.2300000190734863,31300
2025-11-17,3.2899999618530273,3.440000057220459,3.25,3.390000104904175,3.390000104904175,30900
2025-11-18,3.359999895095825,3.359999895095825,3.140000104904175,3.2100000381469727,3.2100000381469727,18000
2025-11-19,3.440000057220459,3.440000057220459,3.140000104904175,3.3299999237060547,3.3299999237060547,41900
2025-11-20,3.3399999141693115,3.5299999713897705,3.2200000286102295,3.380000114440918,3.380000114440918,24600
2025-11-21,3.200000047683716,3.4700000286102295,3.200000047683716,3.25,3.25,19200
2025-11-24,3.430000066757202,3.5,3.299999952316284,3.5,3.5,52400
2025-11-25,3.5,3.859999895095825,3.380000114440918,3.549999952316284,3.549999952316284,83100
2025-11-26,3.5399999618530273,3.5799999237060547,3.359999895095825,3.450000047683716,3.450000047683716,19800
2025-11-28,3.4000000953674316,3.559999942779541,3.4000000953674316,3.4700000286102295,3.4700000286102295,9700
2025-12-01,3.4000000953674316,3.5,3.119999885559082,3.3399999141693115,3.3399999141693115,38800
2025-12-02,3.380000114440918,3.4000000953674316,3.119999885559082,3.200000047683716,3.200000047683716,20900
2025-12-03,3.380000114440918,3.390000104904175,3.1600000858306885,3.2200000286102295,3.2200000286102295,14700
2025-12-04,3.299999952316284,3.390000104904175,3.200000047683716,3.259999990463257,3.259999990463257,14400
2025-12-05,3.369999885559082,3.380000114440918,3.25,3.380000114440918,3.380000114440918,6400
2025-12-08,3.190000057220459,3.430000066757202,3.1600000858306885,3.319999933242798,3.319999933242798,43300
2025-12-09,3.319999933242798,3.359999895095825,3.240000009536743,3.25,3.25,30900
2025-12-10,3.299999952316284,3.3299999237060547,3.1600000858306885,3.309999942779541,3.309999942779541,50800
2025-12-11,3.259999990463257,3.2899999618530273,3.1600000858306885,3.2300000190734863,3.2300000190734863,14900
2025-12-12,3.190000057220459,3.309999942779541,3.140000104904175,3.309999942779541,3.309999942779541,10900
2025-12-15,3.2200000286102295,3.359999895095825,3.1700000762939453,3.180000066757202,3.180000066757202,36100
2025-12-16,3.130000114440918,3.1700000762939453,3.009999990463257,3.009999990463257,3.009999990463257,23300
2025-12-17,3.0199999809265137,3.0999999046325684,2.869999885559082,2.9800000190734863,2.9800000190734863,21100
2025-12-18,2.990000009536743,3.069999933242798,2.9000000953674316,2.9600000381469727,2.9600000381469727,15500
2025-12-19,2.9600000381469727,3.0999999046325684,2.930000066757202,3.0399999618530273,3.0399999618530273,20200
2025-12-22,3.0799999237060547,3.0899999141693115,2.880000114440918,2.880000114440918,2.880000114440918,22000
2025-12-23,3.0,3.0,2.8499999046325684,3.0,3.0,46400
2025-12-24,3.0,3.0299999713897705,2.9000000953674316,2.930000066757202,2.930000066757202,4800
2025-12-26,2.880000114440918,2.9600000381469727,2.809999942779541,2.9000000953674316,2.9000000953674316,18300
2025-12-29,2.859999895095825,3.0999999046325684,2.859999895095825,2.9200000762939453,2.9200000762939453,62000
2025-12-30,2.880000114440918,3.059999942779541,2.869999885559082,2.869999885559082,2.869999885559082,34100
2025-12-31,2.890000104904175,2.9800000190734863,2.759999990463257,2.7699999809265137,2.7699999809265137,32200
2026-01-02,2.759999990463257,2.9600000381469727,2.7100000381469727,2.799999952316284,2.799999952316284,26200
2026-01-05,2.759999990463257,2.990000009536743,2.759999990463257,2.880000114440918,2.880000114440918,24600
2026-01-06,2.8299999237060547,2.940000057220459,2.7699999809265137,2.930000066757202,2.930000066757202,6300
2026-01-07,2.930000066757202,2.9800000190734863,2.8499999046325684,2.9100000858306885,2.9100000858306885,8600
2026-01-08,2.9000000953674316,2.990000009536743,2.9000000953674316,2.9800000190734863,2.9800000190734863,16400
2026-01-09,2.950000047683716,2.9700000286102295,2.9000000953674316,2.9200000762939453,2.9200000762939453,6000
2026-01-12,2.9600000381469727,2.9600000381469727,2.859999895095825,2.859999895095825,2.859999895095825,8000
2026-01-13,2.9100000858306885,2.990000009536743,2.819999933242798,2.869999885559082,2.869999885559082,30100
2026-01-14,2.869999885559082,2.990000009536743,2.8299999237060547,2.869999885559082,2.869999885559082,27900
2026-01-15,2.9100000858306885,2.9100000858306885,2.8299999237060547,2.880000114440918,2.880000114440918,7800
2026-01-16,2.9100000858306885,3.0799999237060547,2.700000047683716,2.880000114440918,2.880000114440918,48900
2026-01-20,2.8399999141693115,2.9700000286102295,2.8299999237060547,2.8299999237060547,2.8299999237060547,6200
2026-01-21,2.8499999046325684,2.9700000286102295,2.819999933242798,2.8499999046325684,2.8499999046325684,8300
2026-01-22,2.9100000858306885,2.9700000286102295,2.859999895095825,2.9600000381469727,2.9600000381469727,6900
2026-01-23,2.9600000381469727,3.119999885559082,2.940000057220459,3.0999999046325684,3.0999999046325684,52300
2026-01-26,3.0999999046325684,3.1700000762939453,2.9100000858306885,3.0799999237060547,3.0799999237060547,11200
2026-01-27,3.0299999713897705,3.1700000762939453,2.930000066757202,3.049999952316284,3.049999952316284,12000
2026-01-28,2.950000047683716,3.1700000762939453,2.940000057220459,3.009999990463257,3.009999990463257,18800
2026-01-29,3.0799999237060547,3.180000066757202,3.049999952316284,3.1700000762939453,3.1700000762939453,8400
2026-01-30,3.0899999141693115,3.1700000762939453,3.0,3.109999895095825,3.109999895095825,12300
2026-02-02,3.0899999141693115,3.109999895095825,3.0,3.009999990463257,3.009999990463257,15300
2026-02-03,3.009999990463257,3.180000066757202,2.990000009536743,3.0399999618530273,3.0399999618530273,13900
2026-02-04,3.119999885559082,3.1600000858306885,3.059999942779541,3.069999933242798,3.069999933242798,11000
2026-02-05,3.0199999809265137,3.069999933242798,2.9000000953674316,2.9200000762939453,2.9200000762939453,23000
2026-02-06,2.9200000762939453,2.990000009536743,2.9200000762939453,2.9800000190734863,2.9800000190734863,4900
2026-02-09,3.049999952316284,3.200000047683716,2.990000009536743,3.0199999809265137,3.0199999809265137,25800
2026-02-10,3.069999933242798,3.1700000762939453,3.049999952316284,3.049999952316284,3.049999952316284,6800
2026-02-11,3.0999999046325684,3.0999999046325684,2.940000057220459,2.950000047683716,2.950000047683716,7800
2026-02-12,2.950000047683716,3.059999942779541,2.8499999046325684,2.9200000762939453,2.9200000762939453,22500
2026-02-13,3.0299999713897705,3.1600000858306885,2.9100000858306885,2.930000066757202,2.930000066757202,2400
2026-02-17,2.9700000286102295,2.9700000286102295,2.7899999618530273,2.809999942779541,2.809999942779541,17100
2026-02-18,2.809999942779541,3.0799999237060547,2.799999952316284,2.8399999141693115,2.8399999141693115,14900
2026-02-19,2.809999942779541,2.8499999046325684,2.799999952316284,2.819999933242798,2.819999933242798,7200
2026-02-20,2.819999933242798,2.940000057220459,2.819999933242798,2.9000000953674316,2.9000000953674316,5700
2026-02-23,2.859999895095825,2.990000009536743,2.8499999046325684,2.9000000953674316,2.9000000953674316,19500
2026-02-24,2.890000104904175,2.890000104904175,2.700000047683716,2.75,2.75,12900
2026-02-25,2.819999933242798,2.819999933242798,2.7300000190734863,2.759999990463257,2.759999990463257,6200
2026-02-26,2.7899999618530273,2.9200000762939453,2.75,2.880000114440918,2.880000114440918,15000
2026-02-27,2.740000009536743,2.9000000953674316,2.740000009536743,2.8299999237060547,2.8299999237060547,8200
2026-03-02,2.740000009536743,3.0199999809265137,2.700000047683716,2.859999895095825,2.859999895095825,10000
2026-03-03,2.869999885559082,2.940000057220459,2.799999952316284,2.809999942779541,2.809999942779541,7100
2026-03-04,2.8499999046325684,2.940000057220459,2.75,2.809999942779541,2.809999942779541,7000
2026-03-05,2.8399999141693115,2.890000104904175,2.700000047683716,2.7100000381469727,2.7100000381469727,8200
2026-03-06,2.700000047683716,2.7300000190734863,2.559999942779541,2.6500000953674316,2.6500000953674316,9500
2026-03-09,2.700000047683716,2.75,2.559999942779541,2.640000104904175,2.640000104904175,21700
2026-03-10,2.640000104904175,2.759999990463257,2.640000104904175,2.6700000762939453,2.6700000762939453,5500
2026-03-11,2.6500000953674316,2.7100000381469727,2.619999885559082,2.640000104904175,2.640000104904175,2400
2026-03-12,2.7300000190734863,2.740000009536743,2.559999942779541,2.6600000858306885,2.6600000858306885,10400
2026-03-13,2.700000047683716,2.700000047683716,2.609999895095825,2.6700000762939453,2.6700000762939453,7400
2026-03-16,2.559999942779541,2.700000047683716,2.559999942779541,2.630000114440918,2.630000114440918,11600
2026-03-17,2.6500000953674316,2.759999990463257,2.6500000953674316,2.7100000381469727,2.7100000381469727,13100
2026-03-18,2.680000066757202,2.75,2.569999933242798,2.619999885559082,2.619999885559082,9700
2026-03-19,2.6500000953674316,2.7100000381469727,2.559999942779541,2.7100000381469727,2.7100000381469727,6400
2026-03-20,2.5399999618530273,2.690000057220459,2.5399999618530273,2.6500000953674316,2.6500000953674316,9100
2026-03-23,2.5899999141693115,2.640000104904175,2.2799999713897705,2.319999933242798,2.319999933242798,71400
2026-03-24,2.299999952316284,2.450000047683716,2.2799999713897705,2.4200000762939453,2.4200000762939453,33000
2026-03-25,2.4700000286102295,2.5299999713897705,2.359999895095825,2.380000114440918,2.380000114440918,9600
2026-03-26,2.609999895095825,2.680000066757202,2.299999952316284,2.3299999237060547,2.3299999237060547,34600
2026-03-27,2.319999933242798,2.5299999713897705,2.299999952316284,2.369999885559082,2.369999885559082,6700
2026-03-30,2.4000000953674316,2.4000000953674316,2.25,2.25,2.25,16300
2026-03-31,2.319999933242798,2.3299999237060547,2.25,2.299999952316284,2.299999952316284,9500
2026-04-01,2.3299999237060547,2.390000104904175,2.1500000953674316,2.180000066757202,2.180000066757202,43200
2026-04-02,2.2899999618530273,2.309999942779541,2.180000066757202,2.2100000381469727,2.2100000381469727,12400
2026-04-06,2.2100000381469727,2.3399999141693115,2.2100000381469727,2.25,2.25,4200
2026-04-07,2.2899999618530273,2.2899999618530273,2.200000047683716,2.2699999809265137,2.2699999809265137,15600
2026-04-08,2.25,2.299999952316284,2.25,2.299999952316284,2.299999952316284,20900
2026-04-09,2.299999952316284,2.299999952316284,2.2699999809265137,2.2799999713897705,2.2799999713897705,4600
2026-04-10,2.309999942779541,2.3499999046325684,2.2899999618530273,2.2899999618530273,2.2899999618530273,6000
2026-04-13,2.299999952316284,2.4000000953674316,2.259999990463257,2.309999942779541,2.309999942779541,12100
2026-04-14,2.369999885559082,2.4800000190734863,2.3499999046325684,2.380000114440918,2.380000114440918,18700
2026-04-15,2.430000066757202,2.430000066757202,2.3299999237060547,2.380000114440918,2.380000114440918,12900
2026-04-16,2.359999895095825,2.509999990463257,2.3499999046325684,2.390000104904175,2.390000104904175,6300
2026-04-17,2.390000104904175,2.4600000381469727,2.3499999046325684,2.450000047683716,2.450000047683716,7900
2026-04-20,2.4100000858306885,2.4700000286102295,2.3299999237060547,2.3299999237060547,2.3299999237060547,28500
2026-04-21,2.25,2.380000114440918,2.25,2.319999933242798,2.319999933242798,20700
2026-04-22,2.369999885559082,2.380000114440918,2.240000009536743,2.240000009536743,2.240000009536743,8800
2026-04-23,2.319999933242798,2.3499999046325684,2.299999952316284,2.299999952316284,2.299999952316284,3600
2026-04-24,2.299999952316284,2.299999952316284,2.200000047683716,2.2699999809265137,2.2699999809265137,11100
2026-04-27,2.299999952316284,2.390000104904175,2.2300000190734863,2.2300000190734863,2.2300000190734863,4800
2026-04-28,2.4000000953674316,2.8299999237060547,2.390000104904175,2.630000114440918,2.630000114440918,117000
2026-04-29,2.700000047683716,3.1700000762939453,2.700000047683716,3.069999933242798,3.069999933242798,67700
2026-04-30,3.0899999141693115,3.0899999141693115,2.609999895095825,2.75,2.75,77900
2026-05-01,2.809999942779541,2.9200000762939453,2.7300000190734863,2.859999895095825,2.859999895095825,14200
2026-05-04,3.0999999046325684,3.0999999046325684,2.930000066757202,3.0399999618530273,3.0399999618530273,29300
2026-05-05,2.9800000190734863,3.069999933242798,2.9800000190734863,3.0399999618530273,3.0399999618530273,9700
2026-05-06,3.0299999713897705,3.450000047683716,2.9800000190734863,3.3499999046325684,3.3499999046325684,72000
2026-05-07,3.2899999618530273,3.3399999141693115,3.0999999046325684,3.0999999046325684,3.0999999046325684,13500
2026-05-08,3.140000104904175,3.180000066757202,3.0,3.069999933242798,3.069999933242798,12800
2026-05-11,3.0,3.0899999141693115,2.950000047683716,2.9800000190734863,2.9800000190734863,9100
2026-05-12,3.0199999809265137,3.109999895095825,3.0,3.109999895095825,3.109999895095825,22600
2026-05-13,3.119999885559082,3.2799999713897705,3.069999933242798,3.130000114440918,3.130000114440918,16000
2026-05-14,3.0999999046325684,3.130000114440918,3.0,3.059999942779541,3.059999942779541,12700
2026-05-15,3.0299999713897705,3.0299999713897705,2.940000057220459,2.9800000190734863,2.9800000190734863,5400
2026-05-18,2.9700000286102295,3.0299999713897705,2.7300000190734863,2.799999952316284,2.799999952316284,27600
2026-05-19,2.75,2.8299999237060547,2.5199999809265137,2.630000114440918,2.630000114440918,1482600
2026-05-20,2.630000114440918,2.869999885559082,2.619999885559082,2.75,2.75,62300
2026-05-21,2.740000009536743,2.859999895095825,2.640000104904175,2.859999895095825,2.859999895095825,9100
2026-05-22,2.9200000762939453,3.059999942779541,2.869999885559082,3.059999942779541,3.059999942779541,55200
2026-05-26,3.200000047683716,3.369999885559082,3.0899999141693115,3.1600000858306885,3.1600000858306885,62300
2026-05-27,3.299999952316284,3.369999885559082,3.0199999809265137,3.369999885559082,3.369999885559082,96300
2026-05-28,3.369999885559082,3.890000104904175,3.180000066757202,3.5899999141693115,3.5899999141693115,95500
2026-05-29,3.5999999046325684,3.950000047683716,3.4600000381469727,3.7799999713897705,3.7799999713897705,106800
2026-06-01,3.7699999809265137,3.7699999809265137,3.440000057220459,3.4800000190734863,3.4800000190734863,51000
2026-06-02,3.4100000858306885,3.4100000858306885,3.2799999713897705,3.390000104904175,3.390000104904175,22300
2026-06-03,3.380000114440918,3.4100000858306885,3.240000009536743,3.2799999713897705,3.2799999713897705,20000
2026-06-04,3.25,3.359999895095825,3.180000066757202,3.359999895095825,3.359999895095825,20900
2026-06-05,3.390000104904175,3.4800000190734863,3.140000104904175,3.2300000190734863,3.2300000190734863,6700
2026-06-08,3.200000047683716,3.2699999809265137,2.990000009536743,3.25,3.25,13300
2026-06-09,3.2200000286102295,3.3299999237060547,3.200000047683716,3.2100000381469727,3.2100000381469727,8300
2026-06-10,3.200000047683716,3.2899999618530273,3.190000057220459,3.2799999713897705,3.2799999713897705,4900
2026-06-11,3.2200000286102295,3.4800000190734863,3.2200000286102295,3.4700000286102295,3.4700000286102295,5800
2026-06-12,3.4000000953674316,3.5999999046325684,3.369999885559082,3.369999885559082,3.369999885559082,51300
2026-06-15,3.4000000953674316,3.4000000953674316,3.2100000381469727,3.25,3.25,20000
2026-06-16,3.200000047683716,3.200000047683716,3.049999952316284,3.049999952316284,3.049999952316284,11200
2026-06-17,3.049999952316284,3.3399999141693115,2.990000009536743,3.0199999809265137,3.0199999809265137,12600
2026-06-18,3.0199999809265137,3.319999933242798,3.0199999809265137,3.1600000858306885,3.1600000858306885,7900
2026-06-22,3.2100000381469727,3.369999885559082,3.1500000953674316,3.240000009536743,3.240000009536743,12000
2026-06-23,3.2300000190734863,3.450000047683716,3.2300000190734863,3.259999990463257,3.259999990463257,74100
2026-06-24,3.200000047683716,3.490000009536743,3.0999999046325684,3.369999885559082,3.369999885559082,24400
2026-06-25,3.309999942779541,3.309999942779541,2.9800000190734863,3.119999885559082,3.119999885559082,20300
2026-06-26,3.069999933242798,3.2899999618530273,3.069999933242798,3.1700000762939453,3.1700000762939453,6000
2026-06-29,3.25,3.25,3.059999942779541,3.0999999046325684,3.0999999046325684,10900
2026-06-30,3.059999942779541,3.25,3.059999942779541,3.119999885559082,3.119999885559082,6400
2026-07-01,3.119999885559082,3.180000066757202,3.0899999141693115,3.1700000762939453,3.1700000762939453,15200
2026-07-02,3.2200000286102295,3.2899999618530273,3.1700000762939453,3.2899999618530273,3.2899999618530273,5100
2026-07-06,3.25,3.2799999713897705,3.1500000953674316,3.1600000858306885,3.1600000858306885,13500
2026-07-07,3.1500000953674316,3.2699999809265137,2.9800000190734863,3.1600000858306885,3.1600000858306885,14600
2026-07-08,2.7899999618530273,3.049999952316284,2.75,3.009999990463257,3.009999990463257,222000
2026-07-09,3.0,3.0299999713897705,2.8299999237060547,3.0299999713897705,3.0299999713897705,10800
2026-07-10,2.9100000858306885,3.0899999141693115,2.799999952316284,3.0899999141693115,3.0899999141693115,7400
