date,open,high,low,close,adjclose
2021-08-02,76.69000244140625,77.73999786376953,76.5,77.41000366210938,77.41000366210938
2021-08-03,77.62999725341797,77.75,76.41000366210938,77.6500015258789,77.6500015258789
2021-08-04,77.16999816894531,77.87999725341797,76.01000213623047,76.44000244140625,76.44000244140625
2021-08-05,76.51000213623047,77.93000030517578,76.20999908447266,77.93000030517578,77.93000030517578
2021-08-06,78.16999816894531,78.7300033569336,76.91000366210938,78.12999725341797,78.12999725341797
2021-08-09,78.44999694824219,78.55000305175781,77.22000122070312,77.5,77.5
2021-08-10,77.54000091552734,77.75,76.4800033569336,76.88999938964844,76.88999938964844
2021-08-11,77.0,77.48999786376953,75.5,75.72000122070312,75.72000122070312
2021-08-12,75.75,76.0,74.86000061035156,75.38999938964844,75.38999938964844
2021-08-13,75.70999908447266,76.2300033569336,74.94999694824219,75.02999877929688,75.02999877929688
2021-08-16,74.7300033569336,75.41999816894531,73.94999694824219,75.0999984741211,75.0999984741211
2021-08-17,74.79000091552734,76.52999877929688,74.5999984741211,76.36000061035156,76.36000061035156
2021-08-18,76.58000183105469,76.66999816894531,75.33999633789062,75.54000091552734,75.54000091552734
2021-08-19,75.51000213623047,76.73999786376953,74.68000030517578,74.7699966430664,74.7699966430664
2021-08-20,74.86000061035156,75.54000091552734,74.6500015258789,75.13999938964844,75.13999938964844
2021-08-23,75.44999694824219,75.69999694824219,75.16000366210938,75.47000122070312,75.47000122070312
2021-08-24,75.41000366210938,77.29000091552734,75.19999694824219,77.23999786376953,77.23999786376953
2021-08-25,77.05999755859375,78.66999816894531,76.81999969482422,78.5199966430664,78.5199966430664
2021-08-26,78.8499984741211,79.41000366210938,78.12999725341797,78.81999969482422,78.81999969482422
2021-08-27,79.12999725341797,84.2300033569336,79.0999984741211,83.51000213623047,83.51000213623047
2021-08-30,83.76000213623047,85.01000213623047,83.05999755859375,83.2699966430664,83.2699966430664
2021-08-31,82.4800033569336,84.5,82.25,84.20999908447266,84.20999908447266
2021-09-01,84.5199966430664,85.27999877929688,83.69000244140625,84.2699966430664,84.2699966430664
2021-09-02,84.13999938964844,85.23999786376953,83.33000183105469,85.1500015258789,85.1500015258789
2021-09-03,85.1500015258789,85.23999786376953,84.36000061035156,84.94999694824219,84.94999694824219
2021-09-07,78.01000213623047,81.91999816894531,77.5999984741211,77.80999755859375,77.80999755859375
2021-09-08,77.70999908447266,78.2699966430664,76.56999969482422,76.69999694824219,76.69999694824219
2021-09-09,78.61000061035156,80.58000183105469,77.7300033569336,80.11000061035156,80.11000061035156
2021-09-10,80.63999938964844,81.16999816894531,77.93000030517578,77.9800033569336,77.9800033569336
2021-09-13,78.20999908447266,78.77999877929688,77.66999816894531,77.9800033569336,77.9800033569336
2021-09-14,78.5,78.69000244140625,76.0999984741211,76.16999816894531,76.16999816894531
2021-09-15,76.9000015258789,77.44000244140625,76.0,77.2699966430664,77.2699966430664
2021-09-16,76.66000366210938,77.30000305175781,75.81999969482422,76.5,76.5
2021-09-17,76.41999816894531,77.9800033569336,76.4000015258789,77.76000213623047,77.76000213623047
2021-09-20,77.26000213623047,78.69000244140625,76.83999633789062,77.37999725341797,77.37999725341797
2021-09-21,77.16000366210938,78.87000274658203,77.16000366210938,78.1500015258789,78.1500015258789
2021-09-22,78.61000061035156,79.62999725341797,77.41999816894531,79.02999877929688,79.02999877929688
2021-09-23,79.29000091552734,79.9800033569336,78.87999725341797,79.30000305175781,79.30000305175781
2021-09-24,79.0999984741211,79.41000366210938,78.33999633789062,78.5999984741211,78.5999984741211
2021-09-27,78.87999725341797,79.58000183105469,78.0,78.62000274658203,78.62000274658203
2021-09-28,78.0,78.55000305175781,77.08999633789062,77.18000030517578,77.18000030517578
2021-09-29,76.83000183105469,78.01000213623047,76.72000122070312,76.79000091552734,76.79000091552734
2021-09-30,77.02999877929688,77.86000061035156,76.80000305175781,77.29000091552734,77.29000091552734
2021-10-01,77.18000030517578,77.73999786376953,76.12999725341797,77.16000366210938,77.16000366210938
2021-10-04,76.0,77.02999877929688,75.19000244140625,75.87999725341797,75.87999725341797
2021-10-05,75.9800033569336,76.94000244140625,75.95999908447266,76.7300033569336,76.7300033569336
2021-10-06,76.45999908447266,78.70999908447266,76.45999908447266,77.87000274658203,77.87000274658203
2021-10-07,78.7699966430664,79.48999786376953,76.97000122070312,77.13999938964844,77.13999938964844
2021-10-08,77.48999786376953,78.4800033569336,76.87999725341797,77.83000183105469,77.83000183105469
2021-10-11,77.70999908447266,79.31999969482422,77.55999755859375,77.9000015258789,77.9000015258789
2021-10-12,78.04000091552734,79.37000274658203,77.95999908447266,78.62999725341797,78.62999725341797
2021-10-13,78.7699966430664,79.41999816894531,76.68000030517578,76.81999969482422,76.81999969482422
2021-10-14,76.87000274658203,78.37000274658203,76.05999755859375,77.5199966430664,77.5199966430664
2021-10-15,77.5199966430664,77.98999786376953,75.87000274658203,75.88999938964844,75.88999938964844
2021-10-18,75.75,75.80999755859375,73.0999984741211,73.91999816894531,73.91999816894531
2021-10-19,74.4000015258789,75.5,73.91999816894531,74.13999938964844,74.13999938964844
2021-10-20,74.5999984741211,75.88999938964844,74.41999816894531,75.1500015258789,75.1500015258789
2021-10-21,75.2699966430664,75.86000061035156,74.97000122070312,75.08000183105469,75.08000183105469
2021-10-22,74.80000305175781,74.80000305175781,73.27999877929688,73.73999786376953,73.73999786376953
2021-10-25,73.80000305175781,74.1500015258789,73.3499984741211,73.51000213623047,73.51000213623047
2021-10-26,73.5999984741211,74.05000305175781,73.05000305175781,73.41999816894531,73.41999816894531
2021-10-27,73.3499984741211,73.41000366210938,71.58999633789062,71.72000122070312,71.72000122070312
2021-10-28,73.5,78.5199966430664,72.61000061035156,78.19999694824219,78.19999694824219
2021-10-29,77.80999755859375,79.98999786376953,77.5199966430664,79.2300033569336,79.2300033569336
2021-11-01,79.16000366210938,82.08000183105469,79.06999969482422,82.05000305175781,82.05000305175781
2021-11-02,82.23999786376953,83.0999984741211,81.04000091552734,83.08999633789062,83.08999633789062
2021-11-03,83.31999969482422,84.23999786376953,82.86000061035156,83.4800033569336,83.4800033569336
2021-11-04,82.08999633789062,83.80000305175781,82.08999633789062,83.37000274658203,83.37000274658203
2021-11-05,82.68000030517578,84.83999633789062,82.2300033569336,83.91999816894531,83.91999816894531
2021-11-08,83.91999816894531,84.66999816894531,83.26000213623047,83.43000030517578,83.43000030517578
2021-11-09,83.11000061035156,83.56999969482422,81.94999694824219,82.76000213623047,82.76000213623047
2021-11-10,82.08999633789062,83.80000305175781,81.19000244140625,81.54000091552734,81.54000091552734
2021-11-11,81.51000213623047,82.16000366210938,81.01000213623047,81.44000244140625,81.44000244140625
2021-11-12,81.5999984741211,81.97000122070312,81.30000305175781,81.7300033569336,81.7300033569336
2021-11-15,82.45999908447266,82.9800033569336,81.9000015258789,82.06999969482422,82.06999969482422
2021-11-16,82.55000305175781,83.13999938964844,81.16999816894531,81.30000305175781,81.30000305175781
2021-11-17,80.87000274658203,82.08999633789062,80.38999938964844,80.73999786376953,80.73999786376953
2021-11-18,81.06999969482422,83.12999725341797,80.55000305175781,82.91999816894531,82.91999816894531
2021-11-19,83.54000091552734,91.72000122070312,82.23999786376953,91.47000122070312,91.47000122070312
2021-11-22,91.80000305175781,92.16999816894531,90.12000274658203,90.30000305175781,90.30000305175781
2021-11-23,89.44000244140625,90.69999694824219,88.11000061035156,89.79000091552734,89.79000091552734
2021-11-24,89.47000122070312,90.12000274658203,88.80000305175781,89.56999969482422,89.56999969482422
2021-11-26,89.55000305175781,89.73999786376953,86.26000213623047,87.58000183105469,87.58000183105469
2021-11-29,88.16000366210938,89.0199966430664,87.19000244140625,87.4000015258789,87.4000015258789
2021-11-30,85.87999725341797,88.16999816894531,85.5,86.29000091552734,86.29000091552734
2021-12-01,86.2699966430664,88.30999755859375,84.01000213623047,84.5,84.5
2021-12-02,84.93000030517578,85.88999938964844,84.1500015258789,84.68000030517578,84.68000030517578
2021-12-03,84.23999786376953,84.97000122070312,82.3499984741211,82.94999694824219,82.94999694824219
2021-12-06,81.9000015258789,84.97000122070312,81.16000366210938,84.23999786376953,84.23999786376953
2021-12-07,85.30999755859375,86.62000274658203,84.70999908447266,86.12000274658203,86.12000274658203
2021-12-08,86.79000091552734,89.05000305175781,85.8499984741211,88.37999725341797,88.37999725341797
2021-12-09,88.06999969482422,88.91000366210938,85.48999786376953,85.62000274658203,85.62000274658203
2021-12-10,85.45999908447266,85.87999725341797,84.04000091552734,84.88999938964844,84.88999938964844
2021-12-13,84.5999984741211,85.33000183105469,83.33999633789062,83.79000091552734,83.79000091552734
2021-12-14,83.05999755859375,84.0199966430664,82.08000183105469,82.91999816894531,82.91999816894531
2021-12-15,82.70999908447266,84.68000030517578,81.94000244140625,84.18000030517578,84.18000030517578
2021-12-16,85.0,85.61000061035156,82.66999816894531,83.58999633789062,83.58999633789062
2021-12-17,83.33000183105469,87.97000122070312,82.6500015258789,86.4800033569336,86.4800033569336
2021-12-20,85.55000305175781,87.43000030517578,85.05000305175781,86.88999938964844,86.88999938964844
2021-12-21,87.11000061035156,89.88999938964844,87.0,89.6500015258789,89.6500015258789
2021-12-22,89.79000091552734,90.36000061035156,88.55000305175781,89.94999694824219,89.94999694824219
2021-12-23,90.0199966430664,91.73999786376953,89.51000213623047,91.16000366210938,91.16000366210938
2021-12-27,90.73999786376953,91.18000030517578,90.12000274658203,90.69000244140625,90.69000244140625
2021-12-28,90.5,90.87999725341797,89.22000122070312,89.43000030517578,89.43000030517578
2021-12-29,89.55000305175781,89.80000305175781,88.41000366210938,89.6500015258789,89.6500015258789
2021-12-30,89.80999755859375,90.79000091552734,88.9800033569336,89.08000183105469,89.08000183105469
2021-12-31,88.95999908447266,90.06999969482422,88.22000122070312,88.3499984741211,88.3499984741211
2022-01-03,88.0999984741211,89.43000030517578,87.0999984741211,89.36000061035156,89.36000061035156
2022-01-04,88.9800033569336,89.29000091552734,85.52999877929688,87.22000122070312,87.22000122070312
2022-01-05,87.22000122070312,87.62000274658203,83.98999786376953,84.33000183105469,84.33000183105469
2022-01-06,84.33000183105469,85.94999694824219,83.2300033569336,85.19000244140625,85.19000244140625
2022-01-07,86.4000015258789,88.2699966430664,84.16999816894531,84.25,84.25
2022-01-10,87.0999984741211,88.04000091552734,82.0,84.38999938964844,84.38999938964844
2022-01-11,84.37000274658203,89.06999969482422,84.30000305175781,88.98999786376953,88.98999786376953
2022-01-12,89.1500015258789,91.0,87.5999984741211,88.0999984741211,88.0999984741211
2022-01-13,87.86000061035156,89.69999694824219,87.62999725341797,88.16000366210938,88.16000366210938
2022-01-14,87.61000061035156,90.31999969482422,86.4000015258789,90.22000122070312,90.22000122070312
2022-01-18,90.16999816894531,90.16999816894531,86.54000091552734,86.70999908447266,86.70999908447266
2022-01-19,86.83000183105469,87.8499984741211,85.72000122070312,86.0,86.0
2022-01-20,86.18000030517578,87.48999786376953,84.26000213623047,84.44999694824219,84.44999694824219
2022-01-21,84.0999984741211,85.05999755859375,83.56999969482422,84.6500015258789,84.6500015258789
2022-01-24,83.3499984741211,86.47000122070312,81.11000061035156,86.22000122070312,86.22000122070312
2022-01-25,84.72000122070312,86.20999908447266,83.69999694824219,84.86000061035156,84.86000061035156
2022-01-26,85.44999694824219,87.30000305175781,83.12999725341797,83.69999694824219,83.69999694824219
2022-01-27,84.01000213623047,85.37999725341797,82.81999969482422,83.05000305175781,83.05000305175781
2022-01-28,82.8499984741211,86.16999816894531,82.08999633789062,86.16000366210938,86.16000366210938
2022-01-31,85.80999755859375,88.80000305175781,85.48999786376953,88.62999725341797,88.62999725341797
2022-02-01,88.63999938964844,89.4800033569336,87.8499984741211,89.44000244140625,89.44000244140625
2022-02-02,89.94000244140625,89.94000244140625,87.6500015258789,88.44000244140625,88.44000244140625
2022-02-03,87.12000274658203,88.12000274658203,86.9800033569336,87.7699966430664,87.7699966430664
2022-02-04,87.66000366210938,89.55999755859375,87.45999908447266,88.62999725341797,88.62999725341797
2022-02-07,88.66000366210938,90.73999786376953,88.66000366210938,89.37000274658203,89.37000274658203
2022-02-08,89.22000122070312,89.22000122070312,87.55000305175781,88.51000213623047,88.51000213623047
2022-02-09,89.37000274658203,92.56999969482422,87.69999694824219,92.5199966430664,92.5199966430664
2022-02-10,91.1500015258789,94.19999694824219,90.51000213623047,91.61000061035156,91.61000061035156
2022-02-11,91.6500015258789,93.16000366210938,90.45999908447266,90.91000366210938,90.91000366210938
2022-02-14,90.54000091552734,90.91999816894531,89.51000213623047,90.01000213623047,90.01000213623047
2022-02-15,90.81999969482422,92.19000244140625,89.9800033569336,92.06999969482422,92.06999969482422
2022-02-16,91.70999908447266,93.2300033569336,90.48999786376953,92.69000244140625,92.69000244140625
2022-02-17,92.0,92.37000274658203,90.02999877929688,90.30000305175781,90.30000305175781
2022-02-18,88.58999633789062,89.88999938964844,84.58999633789062,84.86000061035156,84.86000061035156
2022-02-22,83.9000015258789,86.69000244140625,83.41000366210938,85.37000274658203,85.37000274658203
2022-02-23,85.47000122070312,86.9000015258789,82.27999877929688,82.5199966430664,82.5199966430664
2022-02-24,72.0199966430664,78.83000183105469,72.0,77.3499984741211,77.3499984741211
2022-02-25,77.23999786376953,78.80000305175781,77.23999786376953,78.0,78.0
2022-02-28,77.66000366210938,79.01000213623047,76.93000030517578,78.12000274658203,78.12000274658203
2022-03-01,77.58999633789062,79.22000122070312,76.98999786376953,77.37000274658203,77.37000274658203
2022-03-02,77.20999908447266,78.9000015258789,76.11000061035156,78.1500015258789,78.1500015258789
2022-03-03,77.69000244140625,78.13999938964844,75.0999984741211,75.43000030517578,75.43000030517578
2022-03-04,75.12999725341797,76.61000061035156,74.80000305175781,76.31999969482422,76.31999969482422
2022-03-07,76.25,77.37999725341797,74.02999877929688,74.27999877929688,74.27999877929688
2022-03-08,73.87999725341797,78.5999984741211,73.76000213623047,76.26000213623047,76.26000213623047
2022-03-09,76.69999694824219,79.68000030517578,76.30999755859375,78.87000274658203,78.87000274658203
2022-03-10,77.56999969482422,78.3499984741211,76.68000030517578,77.88999938964844,77.88999938964844
2022-03-11,77.80999755859375,78.05999755859375,75.87999725341797,75.9800033569336,75.9800033569336
2022-03-14,76.19000244140625,77.30999755859375,75.19000244140625,76.01000213623047,76.01000213623047
2022-03-15,75.95999908447266,78.2699966430664,75.0,78.2699966430664,78.2699966430664
2022-03-16,79.11000061035156,80.76000213623047,77.9800033569336,80.72000122070312,80.72000122070312
2022-03-17,80.30000305175781,81.66000366210938,77.97000122070312,80.27999877929688,80.27999877929688
2022-03-18,80.12000274658203,81.91999816894531,80.04000091552734,81.66999816894531,81.66999816894531
2022-03-21,81.29000091552734,82.33000183105469,80.73999786376953,81.16000366210938,81.16000366210938
2022-03-22,81.0,82.56999969482422,79.29000091552734,82.1500015258789,82.1500015258789
2022-03-23,81.77999877929688,82.37000274658203,80.69000244140625,80.86000061035156,80.86000061035156
2022-03-24,80.9000015258789,81.51000213623047,80.30999755859375,80.87999725341797,80.87999725341797
2022-03-25,80.61000061035156,80.98999786376953,78.87999725341797,79.0199966430664,79.0199966430664
2022-03-28,79.20999908447266,79.7300033569336,77.83000183105469,78.36000061035156,78.36000061035156
2022-03-29,79.43000030517578,80.16000366210938,78.80999755859375,79.55999755859375,79.55999755859375
2022-03-30,79.55999755859375,80.98999786376953,77.52999877929688,77.88999938964844,77.88999938964844
2022-03-31,78.33000183105469,78.66999816894531,76.80000305175781,77.0999984741211,77.0999984741211
2022-04-01,77.18000030517578,79.69999694824219,76.76000213623047,79.2699966430664,79.2699966430664
2022-04-04,79.70999908447266,81.12999725341797,79.55000305175781,80.27999877929688,80.27999877929688
2022-04-05,80.0,81.8499984741211,79.33999633789062,79.44999694824219,79.44999694824219
2022-04-06,78.73999786376953,80.52999877929688,78.45999908447266,80.16000366210938,80.16000366210938
2022-04-07,79.91999816894531,84.12000274658203,79.91999816894531,83.3499984741211,83.3499984741211
2022-04-08,83.33000183105469,86.58999633789062,83.08000183105469,85.98999786376953,85.98999786376953
2022-04-11,85.70999908447266,86.54000091552734,83.23999786376953,83.2699966430664,83.2699966430664
2022-04-12,83.88999938964844,84.36000061035156,82.29000091552734,82.58999633789062,82.58999633789062
2022-04-13,82.47000122070312,84.38999938964844,82.44999694824219,84.0,84.0
2022-04-14,83.66000366210938,84.66999816894531,82.88999938964844,82.94999694824219,82.94999694824219
2022-04-18,81.91000366210938,82.13999938964844,80.48999786376953,81.18000030517578,81.18000030517578
2022-04-19,81.61000061035156,82.19000244140625,80.47000122070312,80.58000183105469,80.58000183105469
2022-04-20,80.5199966430664,81.41999816894531,79.66999816894531,80.61000061035156,80.61000061035156
2022-04-21,81.19999694824219,82.08999633789062,80.05000305175781,80.5,80.5
2022-04-22,80.1500015258789,81.01000213623047,79.97000122070312,80.5,80.5
2022-04-25,82.18000030517578,82.73999786376953,80.73999786376953,81.87999725341797,81.87999725341797
2022-04-26,80.97000122070312,81.94999694824219,79.27999877929688,79.29000091552734,79.29000091552734
2022-04-27,79.94000244140625,81.1500015258789,79.5,80.30999755859375,80.30999755859375
2022-04-28,83.79000091552734,84.29000091552734,78.94999694824219,82.63999938964844,82.63999938964844
2022-04-29,81.94999694824219,83.61000061035156,81.12000274658203,81.3499984741211,81.3499984741211
2022-05-02,80.37999725341797,83.47000122070312,80.36000061035156,83.30999755859375,83.30999755859375
2022-05-03,83.12999725341797,84.02999877929688,82.27999877929688,83.5199966430664,83.5199966430664
2022-05-04,83.81999969482422,84.66000366210938,81.30999755859375,84.6500015258789,84.6500015258789
2022-05-05,84.13999938964844,84.30000305175781,81.12000274658203,81.97000122070312,81.97000122070312
2022-05-06,81.0,81.87000274658203,78.95999908447266,79.26000213623047,79.26000213623047
2022-05-09,78.0,78.4800033569336,73.93000030517578,74.62000274658203,74.62000274658203
2022-05-10,76.44000244140625,80.22000122070312,76.0,79.43000030517578,79.43000030517578
2022-05-11,78.55999755859375,79.56999969482422,75.5999984741211,75.68000030517578,75.68000030517578
2022-05-12,75.12000274658203,76.47000122070312,74.30000305175781,76.37999725341797,76.37999725341797
2022-05-13,77.30000305175781,78.9000015258789,76.9000015258789,77.7300033569336,77.7300033569336
2022-05-16,77.6500015258789,78.16999816894531,76.41000366210938,77.31999969482422,77.31999969482422
2022-05-17,77.61000061035156,79.33000183105469,77.58999633789062,79.12000274658203,79.12000274658203
2022-05-18,78.30000305175781,79.98999786376953,77.61000061035156,78.18000030517578,78.18000030517578
2022-05-19,78.4000015258789,80.36000061035156,78.11000061035156,79.27999877929688,79.27999877929688
2022-05-20,79.76000213623047,80.77999877929688,78.26000213623047,79.72000122070312,79.72000122070312
2022-05-23,80.08999633789062,81.11000061035156,79.2300033569336,80.36000061035156,80.36000061035156
2022-05-24,80.0,80.33999633789062,78.05999755859375,78.77999877929688,78.77999877929688
2022-05-25,78.56999969482422,79.43000030517578,77.26000213623047,78.93000030517578,78.93000030517578
2022-05-26,78.94000244140625,79.83999633789062,78.36000061035156,78.86000061035156,78.86000061035156
2022-05-27,79.0,81.19999694824219,78.6500015258789,80.97000122070312,80.97000122070312
2022-05-31,80.44000244140625,80.44999694824219,75.05000305175781,75.12999725341797,75.12999725341797
2022-06-01,75.31999969482422,76.54000091552734,72.88999938964844,74.37000274658203,74.37000274658203
2022-06-02,74.5,76.06999969482422,73.9800033569336,75.69999694824219,75.69999694824219
2022-06-03,75.5999984741211,78.20999908447266,75.30000305175781,77.48999786376953,77.48999786376953
2022-06-06,78.01000213623047,78.0999984741211,75.79000091552734,76.08000183105469,76.08000183105469
2022-06-07,75.94999694824219,78.31999969482422,75.86000061035156,78.19999694824219,78.19999694824219
2022-06-08,78.37000274658203,78.87000274658203,77.33999633789062,77.56999969482422,77.56999969482422
2022-06-09,77.19000244140625,77.44000244140625,76.43000030517578,76.66000366210938,76.66000366210938
2022-06-10,75.62000274658203,75.87000274658203,74.58999633789062,75.08000183105469,75.08000183105469
2022-06-13,73.12000274658203,73.63999938964844,71.5199966430664,71.91000366210938,71.91000366210938
2022-06-14,71.91000366210938,72.4800033569336,70.7300033569336,71.4800033569336,71.4800033569336
2022-06-15,72.11000061035156,75.19999694824219,72.08999633789062,74.1500015258789,74.1500015258789
2022-06-16,73.0199966430664,73.7699966430664,71.69999694824219,72.16999816894531,72.16999816894531
2022-06-17,72.22000122070312,77.9800033569336,72.22000122070312,76.08000183105469,76.08000183105469
2022-06-21,77.22000122070312,79.9000015258789,77.22000122070312,78.4000015258789,78.4000015258789
2022-06-22,78.12999725341797,83.55999755859375,77.73999786376953,81.31999969482422,81.31999969482422
2022-06-23,81.4800033569336,84.8499984741211,81.4800033569336,84.55000305175781,84.55000305175781
2022-06-24,85.56999969482422,86.9800033569336,81.75,86.8499984741211,86.8499984741211
2022-06-27,86.37000274658203,86.86000061035156,84.5999984741211,85.08999633789062,85.08999633789062
2022-06-28,84.87999725341797,85.16000366210938,82.25,83.1500015258789,83.1500015258789
2022-06-29,82.75,84.11000061035156,82.05999755859375,83.91999816894531,83.91999816894531
2022-06-30,83.2699966430664,83.83000183105469,81.83000183105469,82.87000274658203,82.87000274658203
2022-07-01,82.91999816894531,85.05999755859375,82.69999694824219,84.9800033569336,84.9800033569336
2022-07-05,84.4000015258789,86.44999694824219,84.01000213623047,86.36000061035156,86.36000061035156
2022-07-06,86.2300033569336,87.83999633789062,85.08000183105469,86.41000366210938,86.41000366210938
2022-07-07,86.41000366210938,88.5199966430664,86.36000061035156,88.3499984741211,88.3499984741211
2022-07-08,87.27999877929688,90.47000122070312,87.27999877929688,89.0199966430664,89.0199966430664
2022-07-11,88.93000030517578,89.04000091552734,87.73999786376953,87.83000183105469,87.83000183105469
2022-07-12,87.80000305175781,88.9000015258789,86.80999755859375,87.8499984741211,87.8499984741211
2022-07-13,87.27999877929688,89.4800033569336,87.22000122070312,88.11000061035156,88.11000061035156
2022-07-14,87.30000305175781,87.56999969482422,86.20999908447266,86.70999908447266,86.70999908447266
2022-07-15,87.30999755859375,87.55000305175781,86.29000091552734,87.08000183105469,87.08000183105469
2022-07-18,87.55000305175781,87.97000122070312,84.91999816894531,85.5,85.5
2022-07-19,86.44000244140625,86.97000122070312,85.54000091552734,86.08999633789062,86.08999633789062
2022-07-20,86.08999633789062,86.9000015258789,84.33000183105469,84.91000366210938,84.91000366210938
2022-07-21,85.51000213623047,85.95999908447266,84.8499984741211,85.70999908447266,85.70999908447266
2022-07-22,85.55999755859375,86.13999938964844,84.61000061035156,85.2300033569336,85.2300033569336
2022-07-25,85.63999938964844,85.9000015258789,84.68000030517578,85.3499984741211,85.3499984741211
2022-07-26,85.05000305175781,86.5,84.77999877929688,85.26000213623047,85.26000213623047
2022-07-27,85.66999816894531,87.22000122070312,85.5,87.0199966430664,87.0199966430664
2022-07-28,86.81999969482422,87.9000015258789,85.3499984741211,87.08000183105469,87.08000183105469
2022-07-29,87.19000244140625,87.2300033569336,85.0199966430664,86.05000305175781,86.05000305175781
2022-08-01,85.94000244140625,86.55999755859375,84.69000244140625,85.41000366210938,85.41000366210938
2022-08-02,85.41999816894531,87.5999984741211,84.98999786376953,86.69000244140625,86.69000244140625
2022-08-03,86.94999694824219,89.18000030517578,86.88999938964844,88.4000015258789,88.4000015258789
2022-08-04,89.9000015258789,94.11000061035156,89.63999938964844,92.9800033569336,92.9800033569336
2022-08-05,91.9000015258789,96.5,91.6500015258789,95.81999969482422,95.81999969482422
2022-08-08,96.20999908447266,97.76000213623047,93.93000030517578,95.69999694824219,95.69999694824219
2022-08-09,95.4000015258789,97.4800033569336,95.4000015258789,95.69999694824219,95.69999694824219
2022-08-10,96.0,96.37999725341797,94.41000366210938,96.0,96.0
2022-08-11,95.62000274658203,96.69999694824219,94.76000213623047,95.06999969482422,95.06999969482422
2022-08-12,94.75,95.43000030517578,94.13999938964844,95.06999969482422,95.06999969482422
2022-08-15,95.20999908447266,96.98999786376953,94.4800033569336,96.94000244140625,96.94000244140625
2022-08-16,97.0,97.0,94.7699966430664,95.02999877929688,95.02999877929688
2022-08-17,94.5,95.56999969482422,94.06999969482422,94.83999633789062,94.83999633789062
2022-08-18,95.16000366210938,95.16000366210938,92.8499984741211,92.95999908447266,92.95999908447266
2022-08-19,92.0199966430664,93.29000091552734,92.0199966430664,92.83999633789062,92.83999633789062
2022-08-22,92.37999725341797,93.47000122070312,92.16000366210938,92.44999694824219,92.44999694824219
2022-08-23,92.33000183105469,93.05000305175781,90.7300033569336,91.58999633789062,91.58999633789062
2022-08-24,91.55000305175781,93.68000030517578,91.38999938964844,92.9000015258789,92.9000015258789
2022-08-25,94.12000274658203,94.33000183105469,92.66999816894531,93.30000305175781,93.30000305175781
2022-08-26,93.20999908447266,93.58000183105469,90.93000030517578,91.01000213623047,91.01000213623047
2022-08-29,89.8499984741211,91.41000366210938,89.20999908447266,90.33000183105469,90.33000183105469
2022-08-30,90.30000305175781,90.91999816894531,89.27999877929688,90.19000244140625,90.19000244140625
2022-08-31,90.45999908447266,91.13999938964844,89.05000305175781,89.19999694824219,89.19999694824219
2022-09-01,89.16999816894531,90.9000015258789,88.77999877929688,90.87000274658203,90.87000274658203
2022-09-02,91.16000366210938,91.4000015258789,89.20999908447266,89.63999938964844,89.63999938964844
2022-09-06,89.63999938964844,89.91999816894531,88.29000091552734,88.8499984741211,88.8499984741211
2022-09-07,88.95999908447266,91.63999938964844,88.69999694824219,91.20999908447266,91.20999908447266
2022-09-08,91.26000213623047,93.05000305175781,90.98999786376953,93.01000213623047,93.01000213623047
2022-09-09,92.29000091552734,93.2300033569336,91.81999969482422,92.93000030517578,92.93000030517578
2022-09-12,90.0,90.7300033569336,88.30999755859375,90.23999786376953,90.23999786376953
2022-09-13,89.51000213623047,89.51000213623047,86.25,86.54000091552734,86.54000091552734
2022-09-14,86.77999877929688,87.13999938964844,85.68000030517578,86.86000061035156,86.86000061035156
2022-09-15,86.62999725341797,88.20999908447266,85.7300033569336,88.08999633789062,88.08999633789062
2022-09-16,87.25,88.30999755859375,86.69999694824219,88.20999908447266,88.20999908447266
2022-09-19,87.91999816894531,88.0199966430664,86.83000183105469,87.69999694824219,87.69999694824219
2022-09-20,86.81999969482422,87.68000030517578,86.16999816894531,86.95999908447266,86.95999908447266
2022-09-21,86.98999786376953,87.37000274658203,85.01000213623047,85.12000274658203,85.12000274658203
2022-09-22,84.44999694824219,85.23999786376953,83.70999908447266,84.91999816894531,84.91999816894531
2022-09-23,84.29000091552734,84.93000030517578,83.37999725341797,84.83999633789062,84.83999633789062
2022-09-26,84.19999694824219,84.4800033569336,81.66000366210938,82.16000366210938,82.16000366210938
2022-09-27,82.87000274658203,84.43000030517578,82.54000091552734,83.44000244140625,83.44000244140625
2022-09-28,84.37000274658203,86.19999694824219,83.47000122070312,85.83999633789062,85.83999633789062
2022-09-29,85.6500015258789,85.79000091552734,84.2699966430664,85.05999755859375,85.05999755859375
2022-09-30,84.98999786376953,86.75,84.51000213623047,84.7699966430664,84.7699966430664
2022-10-03,85.63999938964844,87.43000030517578,84.56999969482422,86.69999694824219,86.69999694824219
2022-10-04,87.18000030517578,88.08000183105469,85.76000213623047,87.91000366210938,87.91000366210938
2022-10-05,87.88999938964844,89.81999969482422,87.4000015258789,89.52999877929688,89.52999877929688
2022-10-06,89.25,92.05999755859375,88.75,91.4800033569336,91.4800033569336
2022-10-07,91.16000366210938,91.16000366210938,87.62999725341797,88.1500015258789,88.1500015258789
2022-10-10,87.83999633789062,88.80999755859375,87.38999938964844,87.44999694824219,87.44999694824219
2022-10-11,87.41999816894531,89.04000091552734,87.12000274658203,88.06999969482422,88.06999969482422
2022-10-12,88.66999816894531,89.69000244140625,88.0199966430664,88.94999694824219,88.94999694824219
2022-10-13,87.44000244140625,90.37000274658203,87.16999816894531,89.4000015258789,89.4000015258789
2022-10-14,89.88999938964844,90.30999755859375,87.12999725341797,87.25,87.25
2022-10-17,87.30999755859375,89.51000213623047,87.30999755859375,88.77999877929688,88.77999877929688
2022-10-18,89.83999633789062,90.54000091552734,88.55999755859375,89.48999786376953,89.48999786376953
2022-10-19,88.44999694824219,89.43000030517578,87.80000305175781,88.3499984741211,88.3499984741211
2022-10-20,88.04000091552734,89.69999694824219,87.94999694824219,88.69999694824219,88.69999694824219
2022-10-21,89.30000305175781,90.80999755859375,88.94000244140625,90.01000213623047,90.01000213623047
2022-10-24,89.98999786376953,90.80000305175781,89.44999694824219,89.87000274658203,89.87000274658203
2022-10-25,89.62999725341797,91.66000366210938,89.44999694824219,91.47000122070312,91.47000122070312
2022-10-26,91.58000183105469,92.76000213623047,91.43000030517578,92.0999984741211,92.0999984741211
2022-10-27,89.62999725341797,89.62999725341797,83.0999984741211,85.7300033569336,85.7300033569336
2022-10-28,85.66999816894531,86.94999694824219,84.30000305175781,86.7699966430664,86.7699966430664
2022-10-31,89.05999755859375,89.05999755859375,85.13999938964844,86.62999725341797,86.62999725341797
2022-11-01,87.23999786376953,89.05999755859375,86.12999725341797,86.5999984741211,86.5999984741211
2022-11-02,86.12000274658203,86.22000122070312,84.06999969482422,84.16999816894531,84.16999816894531
2022-11-03,84.58999633789062,85.5999984741211,83.75,84.87999725341797,84.87999725341797
2022-11-04,84.79000091552734,84.87999725341797,81.54000091552734,82.48999786376953,82.48999786376953
2022-11-07,82.45999908447266,82.68000030517578,80.66000366210938,81.33000183105469,81.33000183105469
2022-11-08,81.5,82.2699966430664,80.62000274658203,81.25,81.25
2022-11-09,81.08000183105469,81.69999694824219,80.52999877929688,80.93000030517578,80.93000030517578
2022-11-10,82.94999694824219,84.1500015258789,82.48999786376953,83.31999969482422,83.31999969482422
2022-11-11,82.69000244140625,83.4800033569336,80.56999969482422,82.16000366210938,82.16000366210938
2022-11-14,84.95999908447266,86.29000091552734,83.75,84.38999938964844,84.38999938964844
2022-11-15,85.30000305175781,87.44000244140625,84.77999877929688,86.18000030517578,86.18000030517578
2022-11-16,86.69000244140625,86.69000244140625,85.51000213623047,85.83999633789062,85.83999633789062
2022-11-17,85.66000366210938,87.91999816894531,85.62999725341797,87.43000030517578,87.43000030517578
2022-11-18,88.04000091552734,88.76000213623047,87.6500015258789,88.30999755859375,88.30999755859375
2022-11-21,88.66999816894531,88.86000061035156,87.9800033569336,88.51000213623047,88.51000213623047
2022-11-22,88.98999786376953,91.62999725341797,88.01000213623047,91.18000030517578,91.18000030517578
2022-11-23,95.08999633789062,99.73999786376953,94.91000366210938,97.79000091552734,97.79000091552734
2022-11-25,97.45999908447266,98.43000030517578,96.30999755859375,96.91999816894531,96.91999816894531
2022-11-28,97.25,100.30000305175781,96.5199966430664,98.66000366210938,98.66000366210938
2022-11-29,99.01000213623047,99.55999755859375,97.0,97.12000274658203,97.12000274658203
2022-11-30,98.51000213623047,101.27999877929688,97.8499984741211,100.9800033569336,100.9800033569336
2022-12-01,100.70999908447266,103.05999755859375,99.29000091552734,103.0199966430664,103.0199966430664
2022-12-02,103.0,106.72000122070312,102.75,105.55999755859375,105.55999755859375
2022-12-05,105.0,105.33999633789062,103.25,103.52999877929688,103.52999877929688
2022-12-06,102.97000122070312,103.44000244140625,101.16999816894531,102.22000122070312,102.22000122070312
2022-12-07,101.08999633789062,103.94000244140625,101.08999633789062,103.69000244140625,103.69000244140625
2022-12-08,103.98999786376953,104.62000274658203,103.16999816894531,104.38999938964844,104.38999938964844
2022-12-09,104.2300033569336,104.45999908447266,102.27999877929688,102.33000183105469,102.33000183105469
2022-12-12,102.25,106.3499984741211,102.25,106.26000213623047,106.26000213623047
2022-12-13,107.08000183105469,107.91000366210938,106.55000305175781,107.08000183105469,107.08000183105469
2022-12-14,106.93000030517578,109.25,106.51000213623047,108.37999725341797,108.37999725341797
2022-12-15,108.0,109.55999755859375,106.80999755859375,108.61000061035156,108.61000061035156
2022-12-16,107.7300033569336,108.91999816894531,107.12999725341797,108.62999725341797,108.62999725341797
2022-12-19,108.62999725341797,108.62999725341797,105.80999755859375,106.61000061035156,106.61000061035156
2022-12-20,105.91999816894531,106.75,105.55999755859375,106.30000305175781,106.30000305175781
2022-12-21,105.94000244140625,107.08000183105469,104.52999877929688,104.62000274658203,104.62000274658203
2022-12-22,104.61000061035156,105.69999694824219,103.98999786376953,105.66000366210938,105.66000366210938
2022-12-23,105.01000213623047,105.55999755859375,103.87000274658203,104.33999633789062,104.33999633789062
2022-12-27,104.5,104.8499984741211,102.02999877929688,102.16000366210938,102.16000366210938
2022-12-28,101.9800033569336,103.0999984741211,101.30000305175781,101.73999786376953,101.73999786376953
2022-12-29,101.87000274658203,103.44999694824219,101.66999816894531,102.44000244140625,102.44000244140625
2022-12-30,101.91999816894531,103.56999969482422,100.94999694824219,103.48999786376953,103.48999786376953
2023-01-03,103.0,103.33000183105469,100.5199966430664,100.61000061035156,100.61000061035156
2023-01-04,103.69000244140625,106.93000030517578,102.26000213623047,106.91999816894531,106.91999816894531
2023-01-05,107.0,107.58999633789062,105.7699966430664,106.86000061035156,106.86000061035156
2023-01-06,108.16999816894531,109.29000091552734,106.9000015258789,108.70999908447266,108.70999908447266
2023-01-09,109.83000183105469,110.25,105.94999694824219,107.0999984741211,107.0999984741211
2023-01-10,107.26000213623047,111.97000122070312,106.98999786376953,111.4000015258789,111.4000015258789
2023-01-11,111.2300033569336,112.69999694824219,109.13999938964844,111.1500015258789,111.1500015258789
2023-01-12,110.5,113.6500015258789,110.01000213623047,113.56999969482422,113.56999969482422
2023-01-13,112.25,114.80000305175781,111.87000274658203,112.72000122070312,112.72000122070312
2023-01-17,111.55000305175781,112.98999786376953,111.0199966430664,111.75,111.75
2023-01-18,111.30999755859375,112.05000305175781,110.33000183105469,110.69000244140625,110.69000244140625
2023-01-19,110.47000122070312,110.47000122070312,109.0999984741211,109.19999694824219,109.19999694824219
2023-01-20,109.47000122070312,111.02999877929688,109.29000091552734,110.75,110.75
2023-01-23,110.4000015258789,111.55000305175781,110.19999694824219,111.44999694824219,111.44999694824219
2023-01-24,111.44999694824219,114.0199966430664,111.26000213623047,113.81999969482422,113.81999969482422
2023-01-25,114.5999984741211,116.58999633789062,114.38999938964844,116.02999877929688,116.02999877929688
2023-01-26,116.0,117.11000061035156,115.02999877929688,116.9800033569336,116.9800033569336
2023-01-27,117.0,117.7699966430664,116.80999755859375,117.2699966430664,117.2699966430664
2023-01-30,116.62000274658203,117.48999786376953,114.61000061035156,114.69999694824219,114.69999694824219
2023-01-31,115.0,115.58999633789062,114.55000305175781,115.3499984741211,115.3499984741211
2023-02-01,115.05000305175781,116.86000061035156,114.25,116.70999908447266,116.70999908447266
2023-02-02,116.63999938964844,116.69999694824219,111.83999633789062,112.83999633789062,112.83999633789062
2023-02-03,113.26000213623047,113.97000122070312,111.58999633789062,112.19999694824219,112.19999694824219
2023-02-06,111.80000305175781,112.9800033569336,110.77999877929688,112.18000030517578,112.18000030517578
2023-02-07,112.02999877929688,112.02999877929688,109.9000015258789,111.30999755859375,111.30999755859375
2023-02-08,110.58999633789062,111.79000091552734,109.72000122070312,110.44000244140625,110.44000244140625
2023-02-09,110.62000274658203,111.7300033569336,110.47000122070312,110.69999694824219,110.69999694824219
2023-02-10,110.11000061035156,110.66999816894531,109.08999633789062,109.45999908447266,109.45999908447266
2023-02-13,109.1500015258789,109.6500015258789,108.41999816894531,109.01000213623047,109.01000213623047
2023-02-14,108.0,109.12999725341797,105.93000030517578,108.73999786376953,108.73999786376953
2023-02-15,108.5999984741211,108.81999969482422,107.66000366210938,108.18000030517578,108.18000030517578
2023-02-16,108.05999755859375,108.27999877929688,106.76000213623047,107.29000091552734,107.29000091552734
2023-02-17,107.04000091552734,108.36000061035156,106.55000305175781,108.30999755859375,108.30999755859375
2023-02-21,108.44000244140625,108.44000244140625,105.91999816894531,105.97000122070312,105.97000122070312
2023-02-22,104.37000274658203,105.69000244140625,102.94000244140625,103.12000274658203,103.12000274658203
2023-02-23,103.19999694824219,103.9800033569336,102.77999877929688,103.18000030517578,103.18000030517578
2023-02-24,102.5,102.97000122070312,101.4800033569336,102.06999969482422,102.06999969482422
2023-02-27,102.30999755859375,103.58000183105469,102.08999633789062,103.23999786376953,103.23999786376953
2023-02-28,99.30000305175781,102.95999908447266,97.37000274658203,99.58999633789062,99.58999633789062
2023-03-01,100.26000213623047,102.79000091552734,100.26000213623047,100.98999786376953,100.98999786376953
2023-03-02,100.38999938964844,100.79000091552734,99.25,100.12000274658203,100.12000274658203
2023-03-03,100.26000213623047,101.4800033569336,98.6500015258789,101.19999694824219,101.19999694824219
2023-03-06,94.98999786376953,97.11000061035156,93.37999725341797,94.30000305175781,94.30000305175781
2023-03-07,93.47000122070312,95.5,92.87999725341797,93.41999816894531,93.41999816894531
2023-03-08,93.52999877929688,94.5999984741211,92.80999755859375,94.30999755859375,94.30999755859375
2023-03-09,94.12999725341797,94.61000061035156,92.16999816894531,92.98999786376953,92.98999786376953
2023-03-10,92.27999877929688,92.91000366210938,89.38999938964844,90.48999786376953,90.48999786376953
2023-03-13,90.44999694824219,92.63999938964844,89.83000183105469,90.0199966430664,90.0199966430664
2023-03-14,91.47000122070312,91.56999969482422,89.95999908447266,90.25,90.25
2023-03-15,89.25,89.63999938964844,87.5199966430664,87.73999786376953,87.73999786376953
2023-03-16,87.44999694824219,93.62999725341797,87.33999633789062,93.41000366210938,93.41000366210938
2023-03-17,92.37000274658203,92.44999694824219,90.48999786376953,91.66999816894531,91.66999816894531
2023-03-20,92.06999969482422,93.76000213623047,91.2300033569336,92.33999633789062,92.33999633789062
2023-03-21,92.23999786376953,92.81999969482422,91.7699966430664,92.08000183105469,92.08000183105469
2023-03-22,92.25,92.25,89.9800033569336,90.08000183105469,90.08000183105469
2023-03-23,91.69000244140625,91.69000244140625,89.3499984741211,90.11000061035156,90.11000061035156
2023-03-24,90.01000213623047,91.16000366210938,89.33999633789062,90.73999786376953,90.73999786376953
2023-03-27,91.5,92.0999984741211,91.0999984741211,91.5,91.5
2023-03-28,91.2300033569336,92.0999984741211,90.80999755859375,91.44000244140625,91.44000244140625
2023-03-29,91.88999938964844,94.44999694824219,91.38999938964844,94.19999694824219,94.19999694824219
2023-03-30,94.44999694824219,95.88999938964844,94.33999633789062,95.29000091552734,95.29000091552734
2023-03-31,95.56999969482422,97.69999694824219,95.55999755859375,97.23999786376953,97.23999786376953
2023-04-03,97.08999633789062,97.41999816894531,96.45999908447266,96.5999984741211,96.5999984741211
2023-04-04,96.80000305175781,96.86000061035156,95.12999725341797,95.43000030517578,95.43000030517578
2023-04-05,95.98999786376953,96.98999786376953,95.47000122070312,96.56999969482422,96.56999969482422
2023-04-06,96.27999877929688,99.80000305175781,95.75,99.5999984741211,99.5999984741211
2023-04-10,99.55999755859375,99.66000366210938,97.27999877929688,98.05000305175781,98.05000305175781
2023-04-11,98.05999755859375,98.81999969482422,97.4800033569336,97.83999633789062,97.83999633789062
2023-04-12,99.0,99.44999694824219,97.8499984741211,97.95999908447266,97.95999908447266
2023-04-13,97.30999755859375,98.9800033569336,97.30999755859375,98.33999633789062,98.33999633789062
2023-04-14,98.4000015258789,99.18000030517578,98.05999755859375,99.01000213623047,99.01000213623047
2023-04-17,99.55000305175781,100.37999725341797,98.83000183105469,100.30000305175781,100.30000305175781
2023-04-18,100.25,100.30999755859375,98.11000061035156,98.41000366210938,98.41000366210938
2023-04-19,98.4000015258789,99.51000213623047,98.12999725341797,99.05999755859375,99.05999755859375
2023-04-20,98.55000305175781,98.69000244140625,96.47000122070312,96.81999969482422,96.81999969482422
2023-04-21,97.05000305175781,98.05999755859375,96.56999969482422,97.51000213623047,97.51000213623047
2023-04-24,97.80000305175781,97.97000122070312,95.6500015258789,96.16000366210938,96.16000366210938
2023-04-25,96.3499984741211,96.76000213623047,94.9000015258789,95.56999969482422,95.56999969482422
2023-04-26,94.66999816894531,95.0,92.66999816894531,93.0,93.0
2023-04-27,92.06999969482422,93.41000366210938,89.25,92.44999694824219,92.44999694824219
2023-04-28,92.06999969482422,96.55000305175781,91.95999908447266,96.04000091552734,96.04000091552734
2023-05-01,96.54000091552734,97.41999816894531,95.30000305175781,96.9800033569336,96.9800033569336
2023-05-02,96.29000091552734,96.7699966430664,93.62000274658203,93.81999969482422,93.81999969482422
2023-05-03,93.63999938964844,94.5,93.04000091552734,93.58000183105469,93.58000183105469
2023-05-04,93.88999938964844,95.47000122070312,92.30000305175781,95.44999694824219,95.44999694824219
2023-05-05,95.79000091552734,97.13999938964844,94.83999633789062,96.62999725341797,96.62999725341797
2023-05-08,96.69000244140625,97.5,95.08000183105469,95.94000244140625,95.94000244140625
2023-05-09,95.48999786376953,95.9800033569336,93.80000305175781,95.61000061035156,95.61000061035156
2023-05-10,96.0199966430664,96.0199966430664,93.94000244140625,95.13999938964844,95.13999938964844
2023-05-11,95.1500015258789,95.41000366210938,93.94000244140625,95.38999938964844,95.38999938964844
2023-05-12,96.05000305175781,96.16000366210938,93.36000061035156,93.93000030517578,93.93000030517578
2023-05-15,94.04000091552734,96.47000122070312,93.93000030517578,95.18000030517578,95.18000030517578
2023-05-16,93.61000061035156,94.41000366210938,90.91999816894531,92.0199966430664,92.0199966430664
2023-05-17,92.5199966430664,92.75,91.41000366210938,92.2699966430664,92.2699966430664
2023-05-18,92.4800033569336,92.4800033569336,91.16000366210938,92.2300033569336,92.2300033569336
2023-05-19,92.52999877929688,93.3499984741211,91.5199966430664,91.9000015258789,91.9000015258789
2023-05-22,92.04000091552734,93.11000061035156,91.79000091552734,92.7699966430664,92.7699966430664
2023-05-23,92.43000030517578,93.29000091552734,91.63999938964844,91.98999786376953,91.98999786376953
2023-05-24,91.76000213623047,91.8499984741211,90.37999725341797,90.54000091552734,90.54000091552734
2023-05-25,89.94999694824219,89.94999694824219,87.80999755859375,88.7300033569336,88.7300033569336
2023-05-26,88.98999786376953,89.80999755859375,88.4800033569336,88.48999786376953,88.48999786376953
2023-05-30,88.19999694824219,88.44999694824219,86.4000015258789,87.22000122070312,87.22000122070312
2023-05-31,87.54000091552734,88.55000305175781,86.58000183105469,86.94000244140625,86.94000244140625
2023-06-01,87.16000366210938,88.44000244140625,85.66000366210938,88.26000213623047,88.26000213623047
2023-06-02,88.73999786376953,93.44999694824219,88.63999938964844,93.36000061035156,93.36000061035156
2023-06-05,93.02999877929688,93.48999786376953,90.75,91.7300033569336,91.7300033569336
2023-06-06,92.29000091552734,92.97000122070312,91.75,92.01000213623047,92.01000213623047
2023-06-07,91.87999725341797,92.7699966430664,90.7300033569336,91.0,91.0
2023-06-08,91.01000213623047,92.44999694824219,90.91999816894531,92.26000213623047,92.26000213623047
2023-06-09,92.12999725341797,92.23999786376953,91.18000030517578,91.37000274658203,91.37000274658203
2023-06-12,91.5,93.52999877929688,91.5,93.31999969482422,93.31999969482422
2023-06-13,93.48999786376953,94.9800033569336,93.45999908447266,94.75,94.75
2023-06-14,95.25,95.30000305175781,94.05000305175781,94.41000366210938,94.41000366210938
2023-06-15,94.0,96.3499984741211,93.95999908447266,95.83999633789062,95.83999633789062
2023-06-16,95.9800033569336,96.68000030517578,95.44999694824219,96.29000091552734,96.29000091552734
2023-06-20,95.41000366210938,96.16000366210938,94.7699966430664,95.20999908447266,95.20999908447266
2023-06-21,95.11000061035156,96.43000030517578,94.94999694824219,96.33999633789062,96.33999633789062
2023-06-22,96.02999877929688,96.20999908447266,95.33000183105469,95.61000061035156,95.61000061035156
2023-06-23,95.44000244140625,95.44000244140625,93.1500015258789,93.5,93.5
2023-06-26,93.5,93.66999816894531,92.26000213623047,92.29000091552734,92.29000091552734
2023-06-27,92.37000274658203,92.7699966430664,91.44999694824219,91.7300033569336,91.7300033569336
2023-06-28,92.16999816894531,92.83000183105469,91.43000030517578,92.22000122070312,92.22000122070312
2023-06-29,91.93000030517578,96.25,88.19999694824219,88.93000030517578,88.93000030517578
2023-06-30,90.0,91.7699966430664,86.54000091552734,86.68000030517578,86.68000030517578
2023-07-03,86.20999908447266,86.93000030517578,85.4000015258789,85.88999938964844,85.88999938964844
2023-07-05,87.41999816894531,88.0,86.0,87.2699966430664,87.2699966430664
2023-07-06,85.93000030517578,86.13999938964844,83.8499984741211,85.5999984741211,85.5999984741211
2023-07-07,85.37000274658203,86.13999938964844,84.0199966430664,85.06999969482422,85.06999969482422
2023-07-10,85.08999633789062,87.12000274658203,84.91999816894531,85.5199966430664,85.5199966430664
2023-07-11,85.27999877929688,85.5,84.30000305175781,85.25,85.25
2023-07-12,85.3499984741211,86.0999984741211,84.48999786376953,85.23999786376953,85.23999786376953
2023-07-13,85.80000305175781,86.0999984741211,84.86000061035156,85.70999908447266,85.70999908447266
2023-07-14,85.88999938964844,86.62000274658203,84.66999816894531,85.87000274658203,85.87000274658203
2023-07-17,85.87000274658203,87.36000061035156,85.5,86.66999816894531,86.66999816894531
2023-07-18,86.66000366210938,87.08999633789062,85.66000366210938,86.27999877929688,86.27999877929688
2023-07-19,86.93000030517578,87.5999984741211,86.33000183105469,87.08000183105469,87.08000183105469
2023-07-20,86.91000366210938,87.88999938964844,86.62999725341797,87.54000091552734,87.54000091552734
2023-07-21,87.91000366210938,88.30000305175781,87.37999725341797,87.72000122070312,87.72000122070312
2023-07-24,87.58000183105469,88.58000183105469,87.33999633789062,87.41000366210938,87.41000366210938
2023-07-25,87.54000091552734,88.16999816894531,87.45999908447266,87.83000183105469,87.83000183105469
2023-07-26,87.6500015258789,88.05000305175781,86.91000366210938,87.2699966430664,87.2699966430664
2023-07-27,87.7699966430664,87.77999877929688,86.05999755859375,86.55999755859375,86.55999755859375
2023-07-28,87.30999755859375,87.72000122070312,86.25,87.61000061035156,87.61000061035156
2023-07-31,87.94000244140625,88.05000305175781,87.06999969482422,87.93000030517578,87.93000030517578
2023-08-01,87.0,89.08000183105469,84.6500015258789,89.0,89.0
2023-08-02,88.8499984741211,89.62000274658203,87.12999725341797,88.38999938964844,88.38999938964844
2023-08-03,88.37000274658203,88.54000091552734,87.69000244140625,87.73999786376953,87.73999786376953
2023-08-04,87.87999725341797,89.44000244140625,87.87999725341797,88.54000091552734,88.54000091552734
2023-08-07,88.0999984741211,88.16999816894531,87.25,87.83000183105469,87.83000183105469
2023-08-08,88.29000091552734,90.87999725341797,87.93000030517578,90.62000274658203,90.62000274658203
2023-08-09,91.29000091552734,94.06999969482422,91.23999786376953,93.2300033569336,93.2300033569336
2023-08-10,93.20999908447266,93.4000015258789,89.77999877929688,90.91000366210938,90.91000366210938
2023-08-11,90.56999969482422,90.77999877929688,88.94000244140625,89.41000366210938,89.41000366210938
2023-08-14,89.29000091552734,90.7699966430664,89.01000213623047,90.29000091552734,90.29000091552734
2023-08-15,90.19999694824219,91.18000030517578,89.72000122070312,90.66999816894531,90.66999816894531
2023-08-16,90.0,90.7300033569336,89.44999694824219,90.0,90.0
2023-08-17,90.0,90.77999877929688,89.31999969482422,89.4000015258789,89.4000015258789
2023-08-18,89.2699966430664,90.16000366210938,88.45999908447266,89.05000305175781,89.05000305175781
2023-08-21,88.88999938964844,90.37999725341797,88.73999786376953,89.87000274658203,89.87000274658203
2023-08-22,89.94000244140625,90.87000274658203,89.79000091552734,90.52999877929688,90.52999877929688
2023-08-23,91.12000274658203,91.16999816894531,90.04000091552734,91.06999969482422,91.06999969482422
2023-08-24,91.3499984741211,93.2699966430664,91.04000091552734,93.13999938964844,93.13999938964844
2023-08-25,93.54000091552734,93.88999938964844,91.9800033569336,93.63999938964844,93.63999938964844
2023-08-28,94.0,94.38999938964844,92.8499984741211,93.68000030517578,93.68000030517578
2023-08-29,93.30000305175781,94.6500015258789,92.08999633789062,94.4800033569336,94.4800033569336
2023-08-30,95.0,95.12999725341797,93.5199966430664,93.80999755859375,93.80999755859375
2023-08-31,94.41999816894531,95.02999877929688,91.1500015258789,91.37999725341797,91.37999725341797
2023-09-01,92.20999908447266,93.7300033569336,91.54000091552734,93.02999877929688,93.02999877929688
2023-09-05,92.4800033569336,92.61000061035156,90.62999725341797,90.73999786376953,90.73999786376953
2023-09-06,90.3499984741211,91.4800033569336,90.29000091552734,91.0,91.0
2023-09-07,90.72000122070312,90.98999786376953,89.05000305175781,90.41999816894531,90.41999816894531
2023-09-08,90.80999755859375,91.37999725341797,89.8499984741211,90.19000244140625,90.19000244140625
2023-09-11,90.19999694824219,90.91000366210938,89.61000061035156,90.86000061035156,90.86000061035156
2023-09-12,91.19999694824219,92.27999877929688,90.69999694824219,92.05999755859375,92.05999755859375
2023-09-13,92.30000305175781,92.94999694824219,90.95999908447266,91.62000274658203,91.62000274658203
2023-09-14,91.98999786376953,92.4800033569336,87.5999984741211,87.68000030517578,87.68000030517578
2023-09-15,87.37999725341797,89.13999938964844,87.0199966430664,88.16000366210938,88.16000366210938
2023-09-18,88.06999969482422,88.79000091552734,87.91000366210938,88.5999984741211,88.5999984741211
2023-09-19,88.83999633789062,89.58999633789062,88.08999633789062,88.81999969482422,88.81999969482422
2023-09-20,88.72000122070312,89.66000366210938,87.9800033569336,88.37999725341797,88.37999725341797
2023-09-21,87.77999877929688,88.23999786376953,86.19000244140625,86.2699966430664,86.2699966430664
2023-09-22,86.27999877929688,86.98999786376953,85.76000213623047,86.51000213623047,86.51000213623047
2023-09-25,86.27999877929688,87.38999938964844,85.87000274658203,87.04000091552734,87.04000091552734
2023-09-26,87.16999816894531,88.55000305175781,86.9000015258789,88.05999755859375,88.05999755859375
2023-09-27,88.73999786376953,90.7699966430664,88.37000274658203,90.37000274658203,90.37000274658203
2023-09-28,89.54000091552734,90.1500015258789,88.43000030517578,89.25,89.25
2023-09-29,89.56999969482422,89.94000244140625,88.33999633789062,88.4800033569336,88.4800033569336
2023-10-02,88.3499984741211,88.3499984741211,85.86000061035156,87.08000183105469,87.08000183105469
2023-10-03,86.5199966430664,87.55000305175781,86.1500015258789,86.19000244140625,86.19000244140625
2023-10-04,86.33000183105469,86.55999755859375,85.1500015258789,85.9000015258789,85.9000015258789
2023-10-05,85.76000213623047,87.55000305175781,85.55999755859375,87.29000091552734,87.29000091552734
2023-10-06,87.05999755859375,89.05000305175781,86.9800033569336,88.11000061035156,88.11000061035156
2023-10-09,86.8499984741211,87.48999786376953,86.16000366210938,87.02999877929688,87.02999877929688
2023-10-10,87.1500015258789,88.55000305175781,86.8499984741211,88.33000183105469,88.33000183105469
2023-10-11,88.47000122070312,89.0,87.48999786376953,88.58000183105469,88.58000183105469
2023-10-12,88.68000030517578,88.68000030517578,85.63999938964844,86.54000091552734,86.54000091552734
2023-10-13,86.44000244140625,87.5,85.88999938964844,86.33999633789062,86.33999633789062
2023-10-16,86.0999984741211,86.12999725341797,84.30999755859375,84.79000091552734,84.79000091552734
2023-10-17,84.43000030517578,87.12000274658203,84.41999816894531,86.66999816894531,86.66999816894531
2023-10-18,85.93000030517578,86.58999633789062,85.06999969482422,85.4000015258789,85.4000015258789
2023-10-19,85.19999694824219,85.27999877929688,82.41000366210938,82.58999633789062,82.58999633789062
2023-10-20,83.08000183105469,83.33000183105469,82.08000183105469,82.11000061035156,82.11000061035156
2023-10-23,82.68000030517578,83.47000122070312,81.6500015258789,82.83999633789062,82.83999633789062
2023-10-24,83.41999816894531,83.93000030517578,82.62000274658203,83.3499984741211,83.3499984741211
2023-10-25,83.3499984741211,83.3499984741211,81.4000015258789,81.7699966430664,81.7699966430664
2023-10-26,81.5999984741211,82.41999816894531,81.16999816894531,81.97000122070312,81.97000122070312
2023-10-27,81.55999755859375,81.93000030517578,80.23999786376953,80.66999816894531,80.66999816894531
2023-10-30,80.31999969482422,81.70999908447266,80.13999938964844,80.9800033569336,80.9800033569336
2023-10-31,80.81999969482422,81.62000274658203,80.11000061035156,81.44999694824219,81.44999694824219
2023-11-01,81.75,84.2699966430664,81.73999786376953,84.01000213623047,84.01000213623047
2023-11-02,81.0,81.76000213623047,76.0199966430664,79.66999816894531,79.66999816894531
2023-11-03,80.16000366210938,80.48999786376953,79.05000305175781,79.58999633789062,79.58999633789062
2023-11-06,79.37000274658203,79.37000274658203,76.19000244140625,76.22000122070312,76.22000122070312
2023-11-07,82.87999725341797,86.5,81.91999816894531,85.48999786376953,85.48999786376953
2023-11-08,85.37999725341797,85.98999786376953,83.51000213623047,85.51000213623047,85.51000213623047
2023-11-09,85.6500015258789,85.69999694824219,83.5999984741211,83.72000122070312,83.72000122070312
2023-11-10,83.76000213623047,84.66000366210938,82.94000244140625,83.9800033569336,83.9800033569336
2023-11-13,83.18000030517578,83.9800033569336,82.55000305175781,83.38999938964844,83.38999938964844
2023-11-14,84.83000183105469,85.88999938964844,84.43000030517578,84.86000061035156,84.86000061035156
2023-11-15,84.77999877929688,87.87999725341797,84.25,87.05999755859375,87.05999755859375
2023-11-16,87.13999938964844,88.19999694824219,85.93000030517578,87.20999908447266,87.20999908447266
2023-11-17,87.18000030517578,87.87999725341797,86.70999908447266,87.5199966430664,87.5199966430664
2023-11-20,87.33000183105469,88.5999984741211,87.01000213623047,87.52999877929688,87.52999877929688
2023-11-21,87.45999908447266,88.58999633789062,86.87000274658203,88.05999755859375,88.05999755859375
2023-11-22,88.80999755859375,88.80999755859375,87.41999816894531,88.41999816894531,88.41999816894531
2023-11-24,88.69000244140625,89.37000274658203,88.13999938964844,88.19000244140625,88.19000244140625
2023-11-27,87.7300033569336,89.12000274658203,87.58999633789062,88.5999984741211,88.5999984741211
2023-11-28,88.41000366210938,88.5199966430664,87.47000122070312,87.76000213623047,87.76000213623047
2023-11-29,87.7699966430664,89.80999755859375,87.68000030517578,89.73999786376953,89.73999786376953
2023-11-30,89.8499984741211,91.2699966430664,89.33999633789062,91.08000183105469,91.08000183105469
2023-12-01,91.20999908447266,92.5,89.76000213623047,92.41999816894531,92.41999816894531
2023-12-04,92.5,94.97000122070312,92.26000213623047,94.4000015258789,94.4000015258789
2023-12-05,94.2300033569336,94.87000274658203,93.23999786376953,93.61000061035156,93.61000061035156
2023-12-06,92.23999786376953,94.44000244140625,92.23999786376953,94.16000366210938,94.16000366210938
2023-12-07,94.43000030517578,95.41999816894531,93.2699966430664,94.94000244140625,94.94000244140625
2023-12-08,94.2699966430664,94.33000183105469,92.36000061035156,92.94000244140625,92.94000244140625
2023-12-11,92.4800033569336,93.7300033569336,92.44000244140625,93.5,93.5
2023-12-12,93.51000213623047,96.52999877929688,92.81999969482422,95.9000015258789,95.9000015258789
2023-12-13,95.30000305175781,98.66999816894531,95.30000305175781,98.51000213623047,98.51000213623047
2023-12-14,99.12000274658203,99.55999755859375,97.04000091552734,97.62000274658203,97.62000274658203
2023-12-15,97.66999816894531,98.36000061035156,96.08999633789062,97.16000366210938,97.16000366210938
2023-12-18,97.66000366210938,97.77999877929688,95.73999786376953,96.25,96.25
2023-12-19,96.7699966430664,97.12999725341797,96.33999633789062,96.54000091552734,96.54000091552734
2023-12-20,96.38999938964844,96.38999938964844,92.5199966430664,92.66000366210938,92.66000366210938
2023-12-21,93.98999786376953,96.2699966430664,93.98999786376953,95.16000366210938,95.16000366210938
2023-12-22,95.22000122070312,97.70999908447266,95.19000244140625,96.20999908447266,96.20999908447266
2023-12-26,96.37999725341797,96.9000015258789,95.8499984741211,96.45999908447266,96.45999908447266
2023-12-27,97.18000030517578,98.0199966430664,96.3499984741211,97.87999725341797,97.87999725341797
2023-12-28,98.01000213623047,98.54000091552734,96.81999969482422,97.12999725341797,97.12999725341797
2023-12-29,96.8499984741211,97.43000030517578,96.0999984741211,96.41999816894531,96.41999816894531
2024-01-02,96.44999694824219,98.27999877929688,96.02999877929688,98.05000305175781,98.05000305175781
2024-01-03,98.98999786376953,98.98999786376953,96.08000183105469,96.68000030517578,96.68000030517578
2024-01-04,96.66999816894531,98.44000244140625,96.5,97.7300033569336,97.7300033569336
2024-01-05,96.63999938964844,97.08000183105469,95.80999755859375,96.47000122070312,96.47000122070312
2024-01-08,96.20999908447266,99.25,94.91999816894531,99.0,99.0
2024-01-09,98.19000244140625,98.2300033569336,95.16999816894531,96.12999725341797,96.12999725341797
2024-01-10,96.37999725341797,96.94999694824219,95.04000091552734,95.88999938964844,95.88999938964844
2024-01-11,95.12999725341797,96.6500015258789,94.5199966430664,96.0,96.0
2024-01-12,95.51000213623047,96.5999984741211,92.95999908447266,93.33000183105469,93.33000183105469
2024-01-16,92.97000122070312,94.08000183105469,92.08000183105469,93.45999908447266,93.45999908447266
2024-01-17,92.98999786376953,93.87999725341797,92.0999984741211,93.43000030517578,93.43000030517578
2024-01-18,93.52999877929688,93.80999755859375,92.08000183105469,92.52999877929688,92.52999877929688
2024-01-19,92.69000244140625,92.93000030517578,91.8499984741211,92.25,92.25
2024-01-22,92.0,94.22000122070312,91.5,94.04000091552734,94.04000091552734
2024-01-23,94.51000213623047,94.51000213623047,92.43000030517578,93.04000091552734,93.04000091552734
2024-01-24,93.30000305175781,93.86000061035156,92.11000061035156,92.30999755859375,92.30999755859375
2024-01-25,92.51000213623047,92.94000244140625,90.69999694824219,91.25,91.25
2024-01-26,91.62000274658203,91.6500015258789,90.31999969482422,90.87000274658203,90.87000274658203
2024-01-29,91.0,91.77999877929688,89.45999908447266,91.77999877929688,91.77999877929688
2024-01-30,91.58999633789062,91.58999633789062,89.43000030517578,89.62000274658203,89.62000274658203
2024-01-31,89.66999816894531,90.01000213623047,87.62999725341797,88.08000183105469,88.08000183105469
2024-02-01,87.72000122070312,88.87000274658203,87.26000213623047,88.73999786376953,88.73999786376953
2024-02-02,87.91000366210938,88.43000030517578,87.29000091552734,88.11000061035156,88.11000061035156
2024-02-05,87.76000213623047,88.33000183105469,87.08000183105469,87.72000122070312,87.72000122070312
2024-02-06,88.12000274658203,90.05000305175781,87.48999786376953,89.80000305175781,89.80000305175781
2024-02-07,89.45999908447266,91.05999755859375,88.41000366210938,89.66000366210938,89.66000366210938
2024-02-08,89.7699966430664,90.18000030517578,87.43000030517578,88.1500015258789,88.1500015258789
2024-02-09,88.27999877929688,88.63999938964844,87.83000183105469,88.45999908447266,88.45999908447266
2024-02-12,88.47000122070312,89.16000366210938,88.0999984741211,88.18000030517578,88.18000030517578
2024-02-13,87.1500015258789,87.38999938964844,85.5999984741211,86.12999725341797,86.12999725341797
2024-02-14,86.23999786376953,86.80999755859375,85.70999908447266,86.01000213623047,86.01000213623047
2024-02-15,86.11000061035156,88.7300033569336,85.97000122070312,88.30000305175781,88.30000305175781
2024-02-16,88.30000305175781,89.48999786376953,87.8499984741211,88.7699966430664,88.7699966430664
2024-02-20,88.13999938964844,90.26000213623047,87.52999877929688,88.66999816894531,88.66999816894531
2024-02-21,88.66999816894531,89.19999694824219,87.4000015258789,88.54000091552734,88.54000091552734
2024-02-22,89.30000305175781,90.5,88.62999725341797,89.97000122070312,89.97000122070312
2024-02-23,90.94000244140625,94.1500015258789,89.4800033569336,91.23999786376953,91.23999786376953
2024-02-26,90.93000030517578,91.2300033569336,88.11000061035156,90.0999984741211,90.0999984741211
2024-02-27,90.63999938964844,92.16000366210938,90.05999755859375,90.68000030517578,90.68000030517578
2024-02-28,89.81999969482422,90.27999877929688,88.31999969482422,88.4000015258789,88.4000015258789
2024-02-29,88.80000305175781,89.0,86.0199966430664,86.27999877929688,86.27999877929688
2024-03-01,86.38999938964844,88.27999877929688,85.87999725341797,87.13999938964844,87.13999938964844
2024-03-04,87.56999969482422,87.91999816894531,86.51000213623047,87.72000122070312,87.72000122070312
2024-03-05,87.08999633789062,87.41999816894531,85.01000213623047,86.0199966430664,86.0199966430664
2024-03-06,87.25,87.5999984741211,86.11000061035156,86.7699966430664,86.7699966430664
2024-03-07,87.20999908447266,87.87000274658203,85.62999725341797,85.88999938964844,85.88999938964844
2024-03-08,85.9000015258789,86.55000305175781,85.69999694824219,85.94999694824219,85.94999694824219
2024-03-11,85.69000244140625,86.81999969482422,85.52999877929688,86.0,86.0
2024-03-12,86.2699966430664,86.69000244140625,84.87000274658203,85.18000030517578,85.18000030517578
2024-03-13,85.19000244140625,85.70999908447266,84.56999969482422,84.7699966430664,84.7699966430664
2024-03-14,84.61000061035156,84.94000244140625,83.52999877929688,84.38999938964844,84.38999938964844
2024-03-15,84.55999755859375,84.75,83.44000244140625,83.87000274658203,83.87000274658203
2024-03-18,84.12999725341797,84.66999816894531,83.66000366210938,83.80999755859375,83.80999755859375
2024-03-19,84.43000030517578,85.5999984741211,83.7699966430664,85.2699966430664,85.2699966430664
2024-03-20,85.01000213623047,85.19000244140625,83.81999969482422,84.76000213623047,84.76000213623047
2024-03-21,84.98999786376953,85.25,83.83999633789062,84.11000061035156,84.11000061035156
2024-03-22,84.3499984741211,85.29000091552734,83.9000015258789,85.12999725341797,85.12999725341797
2024-03-25,84.69999694824219,86.98999786376953,84.69999694824219,86.5199966430664,86.5199966430664
2024-03-26,86.94000244140625,87.86000061035156,86.5,87.73999786376953,87.73999786376953
2024-03-27,88.18000030517578,88.73999786376953,87.91999816894531,88.61000061035156,88.61000061035156
2024-03-28,88.33999633789062,88.66000366210938,86.6500015258789,87.33999633789062,87.33999633789062
2024-04-01,86.9800033569336,87.30999755859375,86.08999633789062,87.0999984741211,87.0999984741211
2024-04-02,86.25,86.94000244140625,85.62000274658203,86.80000305175781,86.80000305175781
2024-04-03,86.4800033569336,87.72000122070312,86.4800033569336,86.77999877929688,86.77999877929688
2024-04-04,86.77999877929688,88.12999725341797,86.62999725341797,86.88999938964844,86.88999938964844
2024-04-05,86.45999908447266,87.2300033569336,86.01000213623047,86.94999694824219,86.94999694824219
2024-04-08,87.0,88.11000061035156,86.94999694824219,87.27999877929688,87.27999877929688
2024-04-09,87.3499984741211,89.19000244140625,87.3499984741211,88.9800033569336,88.9800033569336
2024-04-10,88.37999725341797,90.41000366210938,87.79000091552734,90.20999908447266,90.20999908447266
2024-04-11,90.98999786376953,91.58999633789062,89.33000183105469,91.45999908447266,91.45999908447266
2024-04-12,91.26000213623047,93.26000213623047,91.08999633789062,92.22000122070312,92.22000122070312
2024-04-15,92.58000183105469,93.36000061035156,90.95999908447266,91.51000213623047,91.51000213623047
2024-04-16,90.93000030517578,91.77999877929688,90.16000366210938,90.87000274658203,90.87000274658203
2024-04-17,91.13999938964844,91.52999877929688,90.0199966430664,90.47000122070312,90.47000122070312
2024-04-18,90.25,91.20999908447266,89.77999877929688,90.06999969482422,90.06999969482422
2024-04-19,89.66999816894531,90.18000030517578,88.29000091552734,88.62999725341797,88.62999725341797
2024-04-22,89.45999908447266,89.80999755859375,88.88999938964844,89.48999786376953,89.48999786376953
2024-04-23,90.02999877929688,92.22000122070312,89.93000030517578,92.05999755859375,92.05999755859375
2024-04-24,92.69000244140625,93.0199966430664,91.01000213623047,91.19999694824219,91.19999694824219
2024-04-25,86.26000213623047,86.77999877929688,81.0,82.16999816894531,82.16999816894531
2024-04-26,82.33000183105469,83.08999633789062,80.9000015258789,80.91000366210938,80.91000366210938
2024-04-29,81.6500015258789,83.8499984741211,81.44000244140625,82.12999725341797,82.12999725341797
2024-04-30,81.79000091552734,81.79000091552734,80.5199966430664,80.76000213623047,80.76000213623047
2024-05-01,81.06999969482422,83.9800033569336,80.5,83.33000183105469,83.33000183105469
2024-05-02,82.91000366210938,85.04000091552734,81.43000030517578,83.80000305175781,83.80000305175781
2024-05-03,84.80000305175781,84.80000305175781,82.31999969482422,82.44000244140625,82.44000244140625
2024-05-06,83.19999694824219,83.58999633789062,81.83000183105469,82.0999984741211,82.0999984741211
2024-05-07,82.4000015258789,83.0199966430664,81.7699966430664,82.58000183105469,82.58000183105469
2024-05-08,82.0,83.19000244140625,81.79000091552734,81.83000183105469,81.83000183105469
2024-05-09,81.62000274658203,82.41000366210938,81.4000015258789,81.72000122070312,81.72000122070312
2024-05-10,81.13999938964844,81.94999694824219,80.73999786376953,81.02999877929688,81.02999877929688
2024-05-13,81.23999786376953,81.56999969482422,80.37000274658203,80.5,80.5
2024-05-14,80.73999786376953,80.73999786376953,79.5199966430664,79.6500015258789,79.6500015258789
2024-05-15,80.12000274658203,80.95999908447266,79.95999908447266,80.4000015258789,80.4000015258789
2024-05-16,80.18000030517578,80.66000366210938,76.5199966430664,76.97000122070312,76.97000122070312
2024-05-17,76.23999786376953,78.02999877929688,76.13999938964844,77.55999755859375,77.55999755859375
2024-05-20,77.5199966430664,77.58000183105469,76.25,77.05000305175781,77.05000305175781
2024-05-21,76.72000122070312,77.61000061035156,76.4000015258789,77.33999633789062,77.33999633789062
2024-05-22,76.7699966430664,78.19000244140625,76.37999725341797,76.44999694824219,76.44999694824219
2024-05-23,76.16999816894531,76.16999816894531,75.02999877929688,75.9000015258789,75.9000015258789
2024-05-24,75.7699966430664,75.95999908447266,75.12000274658203,75.5199966430664,75.5199966430664
2024-05-28,75.69000244140625,75.77999877929688,74.08999633789062,74.43000030517578,74.43000030517578
2024-05-29,74.11000061035156,75.33000183105469,73.69000244140625,75.05999755859375,75.05999755859375
2024-05-30,75.19000244140625,75.29000091552734,73.68000030517578,74.4800033569336,74.4800033569336
2024-05-31,74.54000091552734,75.33000183105469,74.16999816894531,75.06999969482422,75.06999969482422
2024-06-03,75.75,77.75,75.4000015258789,76.41000366210938,76.41000366210938
2024-06-04,76.80000305175781,79.62999725341797,75.88999938964844,79.08999633789062,79.08999633789062
2024-06-05,79.0199966430664,79.80999755859375,77.75,79.66999816894531,79.66999816894531
2024-06-06,79.66999816894531,81.1500015258789,78.94999694824219,80.8499984741211,80.8499984741211
2024-06-07,81.0,81.47000122070312,80.30999755859375,80.69000244140625,80.69000244140625
2024-06-10,84.4800033569336,85.51000213623047,82.8499984741211,82.94000244140625,82.94000244140625
2024-06-11,82.19999694824219,84.1500015258789,82.19000244140625,83.87000274658203,83.87000274658203
2024-06-12,84.04000091552734,85.30000305175781,83.52999877929688,84.55000305175781,84.55000305175781
2024-06-13,84.4000015258789,84.88999938964844,83.37000274658203,84.23999786376953,84.23999786376953
2024-06-14,83.56999969482422,84.75,83.06999969482422,83.51000213623047,83.51000213623047
2024-06-17,83.05999755859375,85.58000183105469,83.05999755859375,85.0199966430664,85.0199966430664
2024-06-18,85.08000183105469,86.12999725341797,84.0199966430664,84.1500015258789,84.1500015258789
2024-06-20,84.06999969482422,85.27999877929688,83.05999755859375,84.70999908447266,84.70999908447266
2024-06-21,85.7300033569336,85.7300033569336,82.44000244140625,83.77999877929688,83.77999877929688
2024-06-24,84.27999877929688,85.44999694824219,84.16000366210938,85.13999938964844,85.13999938964844
2024-06-25,85.06999969482422,86.0999984741211,84.51000213623047,84.97000122070312,84.97000122070312
2024-06-26,84.76000213623047,85.51000213623047,84.06999969482422,85.25,85.25
2024-06-27,84.7300033569336,84.8499984741211,82.16999816894531,83.5,83.5
2024-06-28,83.66000366210938,83.98999786376953,82.1500015258789,82.33000183105469,82.33000183105469
2024-07-01,82.83000183105469,84.08000183105469,81.68000030517578,82.12999725341797,82.12999725341797
2024-07-02,82.08000183105469,82.44000244140625,81.55000305175781,82.22000122070312,82.22000122070312
2024-07-03,82.81999969482422,82.81999969482422,80.5999984741211,80.97000122070312,80.97000122070312
2024-07-05,80.9800033569336,81.9800033569336,80.52999877929688,81.44999694824219,81.44999694824219
2024-07-08,81.70999908447266,83.56999969482422,81.36000061035156,82.68000030517578,82.68000030517578
2024-07-09,82.55000305175781,83.55999755859375,82.12000274658203,82.9800033569336,82.9800033569336
2024-07-10,83.23999786376953,83.23999786376953,82.20999908447266,82.29000091552734,82.29000091552734
2024-07-11,82.76000213623047,84.58999633789062,82.08999633789062,83.91000366210938,83.91000366210938
2024-07-12,84.04000091552734,85.75,83.37999725341797,85.0199966430664,85.0199966430664
2024-07-15,85.19000244140625,85.69999694824219,84.2300033569336,84.58999633789062,84.58999633789062
2024-07-16,85.16999816894531,85.91999816894531,84.7300033569336,85.88999938964844,85.88999938964844
2024-07-17,85.48999786376953,85.95999908447266,84.19999694824219,84.66000366210938,84.66000366210938
2024-07-18,84.83000183105469,86.23999786376953,83.31999969482422,83.33999633789062,83.33999633789062
2024-07-19,83.16000366210938,84.19999694824219,83.11000061035156,84.08999633789062,84.08999633789062
2024-07-22,84.33999633789062,85.77999877929688,84.04000091552734,85.30999755859375,85.30999755859375
2024-07-23,85.27999877929688,85.8499984741211,84.37000274658203,84.43000030517578,84.43000030517578
2024-07-24,84.41999816894531,85.01000213623047,83.81999969482422,84.62999725341797,84.62999725341797
2024-07-25,84.63999938964844,86.80000305175781,84.5999984741211,85.58999633789062,85.58999633789062
2024-07-26,85.66000366210938,86.44999694824219,84.06999969482422,84.58999633789062,84.58999633789062
2024-07-29,84.33999633789062,84.95999908447266,83.20999908447266,84.06999969482422,84.06999969482422
2024-07-30,84.19999694824219,84.91000366210938,83.62000274658203,84.38999938964844,84.38999938964844
2024-07-31,84.38999938964844,85.48999786376953,83.27999877929688,84.33000183105469,84.33000183105469
2024-08-01,84.4000015258789,85.52999877929688,84.4000015258789,84.62000274658203,84.62000274658203
2024-08-02,83.7699966430664,84.47000122070312,83.0,84.19999694824219,84.19999694824219
2024-08-05,80.23999786376953,83.41000366210938,80.05999755859375,80.47000122070312,80.47000122070312
2024-08-06,87.79000091552734,88.0,83.61000061035156,86.87000274658203,86.87000274658203
2024-08-07,87.48999786376953,87.87999725341797,85.5999984741211,86.30000305175781,86.30000305175781
2024-08-08,87.0,88.05000305175781,86.33000183105469,87.9000015258789,87.9000015258789
2024-08-09,87.72000122070312,89.02999877929688,87.19999694824219,88.63999938964844,88.63999938964844
2024-08-12,88.88999938964844,89.9800033569336,88.37999725341797,89.02999877929688,89.02999877929688
2024-08-13,89.26000213623047,91.0199966430664,89.1500015258789,90.98999786376953,90.98999786376953
2024-08-14,90.87999725341797,91.0,89.41000366210938,89.61000061035156,89.61000061035156
2024-08-15,90.44000244140625,90.76000213623047,88.94999694824219,89.18000030517578,89.18000030517578
2024-08-16,89.2300033569336,89.72000122070312,88.22000122070312,89.52999877929688,89.52999877929688
2024-08-19,89.61000061035156,92.79000091552734,89.4000015258789,92.76000213623047,92.76000213623047
2024-08-20,93.94000244140625,94.8499984741211,92.95999908447266,93.83999633789062,93.83999633789062
2024-08-21,93.5,94.63999938964844,92.44999694824219,92.56999969482422,92.56999969482422
2024-08-22,92.7300033569336,92.7300033569336,89.70999908447266,90.0199966430664,90.0199966430664
2024-08-23,90.0,90.79000091552734,89.37000274658203,90.0199966430664,90.0199966430664
2024-08-26,90.44999694824219,90.54000091552734,89.66999816894531,89.9800033569336,89.9800033569336
2024-08-27,90.18000030517578,90.62000274658203,88.61000061035156,90.45999908447266,90.45999908447266
2024-08-28,90.69999694824219,91.30999755859375,89.97000122070312,90.31999969482422,90.31999969482422
2024-08-29,90.5999984741211,93.04000091552734,90.29000091552734,91.37000274658203,91.37000274658203
2024-08-30,91.45999908447266,92.3499984741211,89.94999694824219,91.20999908447266,91.20999908447266
2024-09-03,91.20999908447266,92.80999755859375,90.8499984741211,91.5999984741211,91.5999984741211
2024-09-04,91.19000244140625,92.05000305175781,87.68000030517578,89.86000061035156,89.86000061035156
2024-09-05,90.01000213623047,90.01000213623047,84.88999938964844,85.12000274658203,85.12000274658203
2024-09-06,85.33000183105469,86.04000091552734,83.7300033569336,84.08000183105469,84.08000183105469
2024-09-09,84.27999877929688,84.83999633789062,83.44999694824219,84.33000183105469,84.33000183105469
2024-09-10,84.4800033569336,85.63999938964844,83.69000244140625,84.8499984741211,84.8499984741211
2024-09-11,84.72000122070312,84.94000244140625,83.43000030517578,84.77999877929688,84.77999877929688
2024-09-12,84.83000183105469,85.0,83.91000366210938,84.37999725341797,84.37999725341797
2024-09-13,84.43000030517578,85.0,83.94999694824219,84.9000015258789,84.9000015258789
2024-09-16,77.52999877929688,78.0,69.5999984741211,69.86000061035156,69.86000061035156
2024-09-17,70.0,71.63999938964844,68.83000183105469,70.55000305175781,70.55000305175781
2024-09-18,70.87000274658203,71.58000183105469,70.11000061035156,71.13999938964844,71.13999938964844
2024-09-19,71.75,72.06999969482422,70.41999816894531,71.41000366210938,71.41000366210938
2024-09-20,71.81999969482422,71.81999969482422,70.08999633789062,70.69000244140625,70.69000244140625
2024-09-23,70.30000305175781,70.91999816894531,69.0,69.12999725341797,69.12999725341797
2024-09-24,69.12999725341797,69.6500015258789,67.75,69.4800033569336,69.4800033569336
2024-09-25,69.02999877929688,69.54000091552734,68.12000274658203,69.0199966430664,69.0199966430664
2024-09-26,69.20999908447266,70.33000183105469,68.69999694824219,70.23999786376953,70.23999786376953
2024-09-27,70.55000305175781,71.0,70.23999786376953,70.58000183105469,70.58000183105469
2024-09-30,70.58000183105469,71.23999786376953,69.91000366210938,70.29000091552734,70.29000091552734
2024-10-01,70.66000366210938,70.73999786376953,69.80999755859375,70.0999984741211,70.0999984741211
2024-10-02,69.66000366210938,69.8499984741211,68.5199966430664,69.66000366210938,69.66000366210938
2024-10-03,69.58000183105469,69.80999755859375,68.0999984741211,68.16000366210938,68.16000366210938
2024-10-04,68.48999786376953,69.58000183105469,67.76000213623047,69.51000213623047,69.51000213623047
2024-10-07,69.19999694824219,69.2699966430664,68.36000061035156,68.95999908447266,68.95999908447266
2024-10-08,69.0,69.0,68.02999877929688,68.69000244140625,68.69000244140625
2024-10-09,68.94999694824219,69.94999694824219,68.33999633789062,69.80000305175781,69.80000305175781
2024-10-10,69.80000305175781,69.87999725341797,68.94999694824219,69.8499984741211,69.8499984741211
2024-10-11,69.63999938964844,70.58000183105469,69.25,70.3499984741211,70.3499984741211
2024-10-14,70.4000015258789,70.7699966430664,69.95999908447266,70.2699966430664,70.2699966430664
2024-10-15,70.12000274658203,70.5199966430664,69.52999877929688,70.45999908447266,70.45999908447266
2024-10-16,70.23999786376953,70.9000015258789,69.94000244140625,70.16000366210938,70.16000366210938
2024-10-17,70.27999877929688,70.27999877929688,69.33999633789062,69.47000122070312,69.47000122070312
2024-10-18,69.69999694824219,70.12999725341797,69.29000091552734,70.11000061035156,70.11000061035156
2024-10-21,69.98999786376953,70.80999755859375,69.55999755859375,70.27999877929688,70.27999877929688
2024-10-22,69.72000122070312,70.73999786376953,69.5,70.52999877929688,70.52999877929688
2024-10-23,70.2300033569336,70.37000274658203,69.4000015258789,69.9800033569336,69.9800033569336
2024-10-24,70.05000305175781,70.9800033569336,69.58000183105469,70.38999938964844,70.38999938964844
2024-10-25,70.68000030517578,70.9800033569336,69.66000366210938,69.7300033569336,69.7300033569336
2024-10-28,69.91999816894531,70.70999908447266,69.5999984741211,70.12999725341797,70.12999725341797
2024-10-29,69.77999877929688,70.55999755859375,69.19999694824219,69.91000366210938,69.91000366210938
2024-10-30,69.66999816894531,69.66999816894531,65.77999877929688,66.68000030517578,66.68000030517578
2024-10-31,66.68000030517578,66.91999816894531,65.3499984741211,65.88999938964844,65.88999938964844
2024-11-01,65.69999694824219,66.80999755859375,65.5999984741211,66.5999984741211,66.5999984741211
2024-11-04,66.23999786376953,66.58999633789062,65.55999755859375,66.01000213623047,66.01000213623047
2024-11-05,66.2300033569336,66.2300033569336,65.44999694824219,66.04000091552734,66.04000091552734
2024-11-06,67.30999755859375,67.63999938964844,65.79000091552734,66.1500015258789,66.1500015258789
2024-11-07,66.31999969482422,67.30000305175781,65.76000213623047,66.94000244140625,66.94000244140625
2024-11-08,66.76000213623047,67.44000244140625,66.66999816894531,67.06999969482422,67.06999969482422
2024-11-11,67.20999908447266,67.94999694824219,66.33000183105469,66.37000274658203,66.37000274658203
2024-11-12,65.95999908447266,66.69000244140625,65.80000305175781,66.12999725341797,66.12999725341797
2024-11-13,66.18000030517578,67.0,66.0,66.66000366210938,66.66000366210938
2024-11-14,66.37000274658203,67.0,65.52999877929688,65.5999984741211,65.5999984741211
2024-11-15,66.05000305175781,66.05000305175781,63.220001220703125,63.41999816894531,63.41999816894531
2024-11-18,63.150001525878906,63.52000045776367,61.400001525878906,61.93000030517578,61.93000030517578
2024-11-19,61.56999969482422,62.029998779296875,61.150001525878906,61.970001220703125,61.970001220703125
2024-11-20,61.970001220703125,62.70000076293945,61.61000061035156,62.560001373291016,62.560001373291016
2024-11-21,62.400001525878906,63.7599983215332,61.40999984741211,63.45000076293945,63.45000076293945
2024-11-22,63.880001068115234,64.45999908447266,63.779998779296875,64.26000213623047,64.26000213623047
2024-11-25,64.3499984741211,65.69000244140625,64.31999969482422,65.08999633789062,65.08999633789062
2024-11-26,65.0,65.08999633789062,64.11000061035156,64.87999725341797,64.87999725341797
2024-11-27,65.16000366210938,65.5199966430664,64.63999938964844,65.41999816894531,65.41999816894531
2024-11-29,65.33000183105469,66.16999816894531,65.2300033569336,66.02999877929688,66.02999877929688
2024-12-02,65.70999908447266,65.86000061035156,64.97000122070312,65.04000091552734,65.04000091552734
2024-12-03,64.69999694824219,65.12999725341797,63.09000015258789,63.189998626708984,63.189998626708984
2024-12-04,63.13999938964844,66.70999908447266,62.84000015258789,66.51000213623047,66.51000213623047
2024-12-05,66.05000305175781,66.91999816894531,65.37999725341797,66.16000366210938,66.16000366210938
2024-12-06,66.88999938964844,67.19999694824219,65.79000091552734,66.73999786376953,66.73999786376953
2024-12-09,66.33000183105469,67.87000274658203,66.33000183105469,66.80999755859375,66.80999755859375
2024-12-10,67.0,67.06999969482422,66.12999725341797,66.43000030517578,66.43000030517578
2024-12-11,66.41999816894531,67.05000305175781,65.48999786376953,65.97000122070312,65.97000122070312
2024-12-12,65.44999694824219,66.68000030517578,65.3499984741211,66.26000213623047,66.26000213623047
2024-12-13,66.08000183105469,66.2699966430664,64.88999938964844,66.01000213623047,66.01000213623047
2024-12-16,66.5,67.16999816894531,65.41999816894531,65.54000091552734,65.54000091552734
2024-12-17,64.88999938964844,67.8499984741211,64.80000305175781,67.19000244140625,67.19000244140625
2024-12-18,67.19000244140625,67.58000183105469,64.5999984741211,64.69000244140625,64.69000244140625
2024-12-19,64.62999725341797,65.62000274658203,63.93000030517578,65.0,65.0
2024-12-20,64.9000015258789,66.2699966430664,64.06999969482422,65.66000366210938,65.66000366210938
2024-12-23,65.06999969482422,66.45999908447266,64.6500015258789,66.2699966430664,66.2699966430664
2024-12-24,65.95999908447266,67.08999633789062,65.25,66.62999725341797,66.62999725341797
2024-12-26,66.30000305175781,67.0999984741211,66.20999908447266,67.0199966430664,67.0199966430664
2024-12-27,66.88999938964844,67.47000122070312,66.37999725341797,66.88999938964844,66.88999938964844
2024-12-30,66.30000305175781,66.45999908447266,65.23999786376953,65.44999694824219,65.44999694824219
2024-12-31,65.73999786376953,66.16000366210938,65.33000183105469,65.7300033569336,65.7300033569336
2025-01-02,65.97000122070312,66.73999786376953,65.86000061035156,66.48999786376953,66.48999786376953
2025-01-03,66.55999755859375,67.5,66.44000244140625,66.83000183105469,66.83000183105469
2025-01-06,66.93000030517578,67.75,66.69999694824219,67.06999969482422,67.06999969482422
2025-01-07,67.06999969482422,68.8499984741211,66.91000366210938,67.9000015258789,67.9000015258789
2025-01-08,67.9000015258789,69.69999694824219,67.43000030517578,68.37999725341797,68.37999725341797
2025-01-10,67.26000213623047,67.94000244140625,66.01000213623047,67.37999725341797,67.37999725341797
2025-01-13,67.58000183105469,67.58000183105469,65.94999694824219,66.98999786376953,66.98999786376953
2025-01-14,67.3499984741211,67.37999725341797,63.58000183105469,63.810001373291016,63.810001373291016
2025-01-15,64.04000091552734,64.72000122070312,61.380001068115234,61.58000183105469,61.58000183105469
2025-01-16,61.849998474121094,61.849998474121094,60.630001068115234,61.25,61.25
2025-01-17,61.66999816894531,62.369998931884766,61.369998931884766,61.529998779296875,61.529998779296875
2025-01-21,61.70000076293945,63.029998779296875,61.560001373291016,62.529998779296875,62.529998779296875
2025-01-22,62.689998626708984,62.720001220703125,61.59000015258789,62.02000045776367,62.02000045776367
2025-01-23,61.849998474121094,62.59000015258789,61.16999816894531,62.189998626708984,62.189998626708984
2025-01-24,62.5099983215332,63.060001373291016,61.36000061035156,61.72999954223633,61.72999954223633
2025-01-27,62.099998474121094,63.150001525878906,61.22999954223633,61.79999923706055,61.79999923706055
2025-01-28,62.029998779296875,63.47999954223633,61.61000061035156,63.25,63.25
2025-01-29,62.970001220703125,64.05000305175781,62.970001220703125,63.459999084472656,63.459999084472656
2025-01-30,63.77000045776367,64.2300033569336,63.43000030517578,63.880001068115234,63.880001068115234
2025-01-31,63.880001068115234,64.33000183105469,63.290000915527344,63.36000061035156,63.36000061035156
2025-02-03,62.54999923706055,63.13999938964844,61.709999084472656,62.439998626708984,62.439998626708984
2025-02-04,62.029998779296875,63.529998779296875,61.83000183105469,62.869998931884766,62.869998931884766
2025-02-05,63.0,64.52999877929688,62.97999954223633,64.19000244140625,64.19000244140625
2025-02-06,64.19000244140625,64.70999908447266,63.869998931884766,64.33999633789062,64.33999633789062
2025-02-07,64.5,65.0199966430664,63.79999923706055,63.93000030517578,63.93000030517578
2025-02-10,64.12000274658203,64.5,63.290000915527344,63.5,63.5
2025-02-11,63.16999816894531,63.61000061035156,62.4900016784668,63.54999923706055,63.54999923706055
2025-02-12,63.15999984741211,65.91999816894531,62.939998626708984,65.86000061035156,65.86000061035156
2025-02-13,65.76000213623047,65.94999694824219,64.02999877929688,64.41999816894531,64.41999816894531
2025-02-14,64.68000030517578,65.47000122070312,63.54999923706055,64.8499984741211,64.8499984741211
2025-02-18,64.91999816894531,65.9000015258789,64.3499984741211,64.86000061035156,64.86000061035156
2025-02-19,64.6500015258789,65.69000244140625,64.38999938964844,65.61000061035156,65.61000061035156
2025-02-20,70.0,70.5,67.11000061035156,68.7300033569336,68.7300033569336
2025-02-21,68.7699966430664,70.26000213623047,67.76000213623047,68.25,68.25
2025-02-24,68.37999725341797,70.13999938964844,67.69000244140625,69.01000213623047,69.01000213623047
2025-02-25,69.58999633789062,71.58000183105469,69.29000091552734,71.16999816894531,71.16999816894531
2025-02-26,71.30000305175781,71.30000305175781,68.44999694824219,68.80999755859375,68.80999755859375
2025-02-27,68.80000305175781,70.06999969482422,68.62999725341797,69.12000274658203,69.12000274658203
2025-02-28,69.25,71.22000122070312,69.12000274658203,71.16000366210938,71.16000366210938
2025-03-03,71.06999969482422,71.69999694824219,70.47000122070312,71.0199966430664,71.0199966430664
2025-03-04,70.95999908447266,71.58000183105469,70.05000305175781,70.51000213623047,70.51000213623047
2025-03-05,70.47000122070312,71.47000122070312,69.88999938964844,71.19000244140625,71.19000244140625
2025-03-06,70.88999938964844,71.58999633789062,70.4000015258789,71.20999908447266,71.20999908447266
2025-03-07,71.48999786376953,73.51000213623047,71.16000366210938,72.2300033569336,72.2300033569336
2025-03-10,72.8499984741211,72.98999786376953,71.61000061035156,72.02999877929688,72.02999877929688
2025-03-11,71.54000091552734,72.3499984741211,70.05000305175781,70.48999786376953,70.48999786376953
2025-03-12,70.0,70.81999969482422,69.63999938964844,70.54000091552734,70.54000091552734
2025-03-13,70.44000244140625,71.93000030517578,70.19000244140625,70.5999984741211,70.5999984741211
2025-03-14,70.41000366210938,70.41000366210938,68.41999816894531,69.44000244140625,69.44000244140625
2025-03-17,69.5999984741211,71.62999725341797,69.2300033569336,71.55000305175781,71.55000305175781
2025-03-18,71.2699966430664,72.18000030517578,70.83000183105469,71.5199966430664,71.5199966430664
2025-03-19,71.5199966430664,72.08000183105469,70.91999816894531,71.31999969482422,71.31999969482422
2025-03-20,71.08999633789062,72.23999786376953,70.81999969482422,71.5999984741211,71.5999984741211
2025-03-21,71.55000305175781,72.05999755859375,70.68000030517578,71.23999786376953,71.23999786376953
2025-03-24,71.29000091552734,72.37000274658203,71.29000091552734,71.98999786376953,71.98999786376953
2025-03-25,72.12999725341797,72.26000213623047,70.94000244140625,71.52999877929688,71.52999877929688
2025-03-26,71.58000183105469,71.91999816894531,69.5999984741211,71.4800033569336,71.4800033569336
2025-03-27,71.98999786376953,73.18000030517578,71.87000274658203,72.83000183105469,72.83000183105469
2025-03-28,72.58999633789062,72.80999755859375,70.81999969482422,71.44000244140625,71.44000244140625
2025-03-31,70.61000061035156,71.27999877929688,69.05000305175781,70.69000244140625,70.69000244140625
2025-04-01,70.36000061035156,70.62999725341797,67.83000183105469,67.94000244140625,67.94000244140625
2025-04-02,67.86000061035156,69.87000274658203,67.47000122070312,68.31999969482422,68.31999969482422
2025-04-03,67.83000183105469,68.54000091552734,67.27999877929688,67.4800033569336,67.4800033569336
2025-04-04,66.25,66.48999786376953,59.9900016784668,60.2599983215332,60.2599983215332
2025-04-07,59.11000061035156,60.61000061035156,56.86000061035156,59.15999984741211,59.15999984741211
2025-04-08,60.5,61.06999969482422,55.54999923706055,55.88999938964844,55.88999938964844
2025-04-09,54.34000015258789,59.880001068115234,52.93000030517578,59.43000030517578,59.43000030517578
2025-04-10,57.56999969482422,58.33000183105469,54.790000915527344,56.31999969482422,56.31999969482422
2025-04-11,56.88999938964844,57.0,55.08000183105469,56.81999969482422,56.81999969482422
2025-04-14,58.189998626708984,59.9900016784668,57.38999938964844,59.66999816894531,59.66999816894531
2025-04-15,59.619998931884766,60.93000030517578,59.619998931884766,60.02000045776367,60.02000045776367
2025-04-16,59.65999984741211,60.459999084472656,58.36000061035156,58.81999969482422,58.81999969482422
2025-04-17,58.439998626708984,59.619998931884766,58.0,59.16999816894531,59.16999816894531
2025-04-21,58.4900016784668,59.90999984741211,58.290000915527344,58.650001525878906,58.650001525878906
2025-04-22,59.560001373291016,61.529998779296875,59.25,61.5,61.5
2025-04-23,62.15999984741211,63.38999938964844,61.630001068115234,61.939998626708984,61.939998626708984
2025-04-24,61.959999084472656,63.09000015258789,61.45000076293945,62.7400016784668,62.7400016784668
2025-04-25,62.63999938964844,63.439998626708984,61.560001373291016,63.29999923706055,63.29999923706055
2025-04-28,63.220001220703125,63.869998931884766,62.189998626708984,62.97999954223633,62.97999954223633
2025-04-29,62.720001220703125,64.08000183105469,62.33000183105469,63.279998779296875,63.279998779296875
2025-04-30,63.380001068115234,64.0,62.79999923706055,63.689998626708984,63.689998626708984
2025-05-01,63.20000076293945,63.619998931884766,62.20000076293945,62.709999084472656,62.709999084472656
2025-05-02,64.26000213623047,65.4000015258789,60.91999816894531,62.029998779296875,62.029998779296875
2025-05-05,61.83000183105469,62.83000183105469,61.560001373291016,62.060001373291016,62.060001373291016
2025-05-06,61.95000076293945,62.060001373291016,59.40999984741211,59.63999938964844,59.63999938964844
2025-05-07,59.959999084472656,60.15999984741211,58.849998474121094,59.31999969482422,59.31999969482422
2025-05-08,58.810001373291016,61.2599983215332,58.7400016784668,59.81999969482422,59.81999969482422
2025-05-09,59.81999969482422,60.65999984741211,58.810001373291016,58.86000061035156,58.86000061035156
2025-05-12,60.060001373291016,62.29999923706055,59.599998474121094,61.369998931884766,61.369998931884766
2025-05-13,61.22999954223633,61.29999923706055,59.38999938964844,59.779998779296875,59.779998779296875
2025-05-14,59.7599983215332,60.029998779296875,58.52000045776367,58.70000076293945,58.70000076293945
2025-05-15,58.70000076293945,58.939998626708984,57.599998474121094,58.27000045776367,58.27000045776367
2025-05-16,59.130001068115234,59.72999954223633,57.81999969482422,59.27000045776367,59.27000045776367
2025-05-19,59.279998779296875,60.0,58.58000183105469,59.40999984741211,59.40999984741211
2025-05-20,59.310001373291016,60.47999954223633,58.84000015258789,59.93000030517578,59.93000030517578
2025-05-21,59.5099983215332,59.5099983215332,58.150001525878906,58.47999954223633,58.47999954223633
2025-05-22,58.209999084472656,58.400001525878906,57.72999954223633,58.0099983215332,58.0099983215332
2025-05-23,57.40999984741211,57.84000015258789,57.27000045776367,57.54999923706055,57.54999923706055
2025-05-27,58.2400016784668,58.61000061035156,57.619998931884766,58.11000061035156,58.11000061035156
2025-05-28,58.2599983215332,59.119998931884766,57.779998779296875,58.09000015258789,58.09000015258789
2025-05-29,58.47999954223633,58.75,57.810001373291016,58.54999923706055,58.54999923706055
2025-05-30,58.47999954223633,58.47999954223633,57.11000061035156,58.06999969482422,58.06999969482422
2025-06-02,58.0,58.59000015258789,56.900001525878906,57.04999923706055,57.04999923706055
2025-06-03,56.869998931884766,57.810001373291016,56.08000183105469,56.790000915527344,56.790000915527344
2025-06-04,56.91999816894531,57.56999969482422,56.060001373291016,56.11000061035156,56.11000061035156
2025-06-05,56.08000183105469,56.349998474121094,55.150001525878906,55.27000045776367,55.27000045776367
2025-06-06,55.63999938964844,57.810001373291016,55.63999938964844,56.650001525878906,56.650001525878906
2025-06-09,56.90999984741211,57.459999084472656,56.20000076293945,56.880001068115234,56.880001068115234
2025-06-10,57.099998474121094,58.16999816894531,56.529998779296875,57.47999954223633,57.47999954223633
2025-06-11,57.47999954223633,57.9900016784668,57.02000045776367,57.15999984741211,57.15999984741211
2025-06-12,57.18000030517578,57.650001525878906,56.84000015258789,57.279998779296875,57.279998779296875
2025-06-13,56.40999984741211,57.36000061035156,56.040000915527344,56.220001220703125,56.220001220703125
2025-06-16,56.20000076293945,56.5099983215332,55.45000076293945,56.2400016784668,56.2400016784668
2025-06-17,56.04999923706055,56.279998779296875,54.88999938964844,55.0,55.0
2025-06-18,55.22999954223633,55.77000045776367,54.459999084472656,55.2400016784668,55.2400016784668
2025-06-20,55.63999938964844,56.25,54.790000915527344,55.0,55.0
2025-06-23,55.08000183105469,56.0,53.720001220703125,54.08000183105469,54.08000183105469
2025-06-24,54.5,54.86000061035156,53.720001220703125,54.689998626708984,54.689998626708984
2025-06-25,54.41999816894531,54.61000061035156,53.97999954223633,54.13999938964844,54.13999938964844
2025-06-26,54.459999084472656,54.54999923706055,53.7599983215332,54.099998474121094,54.099998474121094
2025-06-27,54.22999954223633,55.20000076293945,53.9900016784668,55.16999816894531,55.16999816894531
2025-06-30,55.400001525878906,55.959999084472656,54.400001525878906,54.970001220703125,54.970001220703125
2025-07-01,54.63999938964844,56.65999984741211,54.630001068115234,56.189998626708984,56.189998626708984
2025-07-02,56.189998626708984,57.61000061035156,56.189998626708984,57.16999816894531,57.16999816894531
2025-07-03,57.459999084472656,58.06999969482422,57.029998779296875,57.5,57.5
2025-07-07,56.970001220703125,58.0,56.7599983215332,57.40999984741211,57.40999984741211
2025-07-08,57.310001373291016,59.369998931884766,57.189998626708984,57.9900016784668,57.9900016784668
2025-07-09,58.349998474121094,59.97999954223633,58.209999084472656,59.66999816894531,59.66999816894531
2025-07-10,59.56999969482422,59.56999969482422,58.209999084472656,58.81999969482422,58.81999969482422
2025-07-11,58.22999954223633,58.5,57.63999938964844,58.099998474121094,58.099998474121094
2025-07-14,58.060001373291016,58.97999954223633,57.70000076293945,58.22999954223633,58.22999954223633
2025-07-15,58.599998474121094,58.66999816894531,56.52000045776367,56.619998931884766,56.619998931884766
2025-07-16,56.939998626708984,58.58000183105469,56.81999969482422,58.38999938964844,58.38999938964844
2025-07-17,58.47999954223633,59.349998474121094,58.220001220703125,58.369998931884766,58.369998931884766
2025-07-18,58.470001220703125,58.790000915527344,57.02000045776367,57.290000915527344,57.290000915527344
2025-07-21,57.279998779296875,57.54999923706055,56.47999954223633,56.560001373291016,56.560001373291016
2025-07-22,56.810001373291016,59.220001220703125,56.810001373291016,59.20000076293945,59.20000076293945
2025-07-23,59.560001373291016,60.43000030517578,59.150001525878906,59.66999816894531,59.66999816894531
2025-07-24,59.58000183105469,60.290000915527344,59.2599983215332,59.7599983215332,59.7599983215332
2025-07-25,60.060001373291016,60.09000015258789,58.869998931884766,59.0099983215332,59.0099983215332
2025-07-28,59.130001068115234,59.400001525878906,58.11000061035156,58.13999938964844,58.13999938964844
2025-07-29,58.06999969482422,58.650001525878906,57.58000183105469,58.22999954223633,58.22999954223633
2025-07-30,58.68000030517578,59.619998931884766,58.2599983215332,58.810001373291016,58.810001373291016
2025-07-31,58.2400016784668,59.0099983215332,57.36000061035156,57.849998474121094,57.849998474121094
2025-08-01,57.5,58.189998626708984,56.52000045776367,58.13999938964844,58.13999938964844
2025-08-04,58.189998626708984,60.630001068115234,58.0,60.310001373291016,60.310001373291016
2025-08-05,63.34000015258789,63.970001220703125,58.720001220703125,61.93000030517578,61.93000030517578
2025-08-06,61.58000183105469,61.75,60.400001525878906,60.66999816894531,60.66999816894531
2025-08-07,61.0,61.0,58.91999816894531,59.459999084472656,59.459999084472656
2025-08-08,59.310001373291016,60.09000015258789,56.36000061035156,57.33000183105469,57.33000183105469
2025-08-11,56.91999816894531,57.630001068115234,56.47999954223633,56.79999923706055,56.79999923706055
2025-08-12,56.79999923706055,57.459999084472656,56.45000076293945,56.86000061035156,56.86000061035156
2025-08-13,56.939998626708984,58.619998931884766,56.939998626708984,58.29999923706055,58.29999923706055
2025-08-14,57.84000015258789,58.119998931884766,57.31999969482422,58.0,58.0
2025-08-15,58.27000045776367,59.09000015258789,57.189998626708984,57.540000915527344,57.540000915527344
2025-08-18,57.68000030517578,58.349998474121094,57.310001373291016,57.439998626708984,57.439998626708984
2025-08-19,57.79999923706055,58.13999938964844,57.15999984741211,57.310001373291016,57.310001373291016
2025-08-20,57.5,58.70000076293945,57.27000045776367,57.959999084472656,57.959999084472656
2025-08-21,57.47999954223633,58.68000030517578,57.439998626708984,58.06999969482422,58.06999969482422
2025-08-22,58.22999954223633,58.86000061035156,57.7400016784668,58.58000183105469,58.58000183105469
2025-08-25,58.880001068115234,58.939998626708984,57.54999923706055,58.5,58.5
2025-08-26,58.650001525878906,58.72999954223633,57.150001525878906,57.45000076293945,57.45000076293945
2025-08-27,57.5,58.79999923706055,57.41999816894531,58.65999984741211,58.65999984741211
2025-08-28,58.470001220703125,58.63999938964844,57.31999969482422,57.68000030517578,57.68000030517578
2025-08-29,57.540000915527344,58.349998474121094,57.29999923706055,58.27000045776367,58.27000045776367
2025-09-02,58.400001525878906,59.2400016784668,58.25,59.09000015258789,59.09000015258789
2025-09-03,59.22999954223633,59.790000915527344,58.529998779296875,58.97999954223633,58.97999954223633
2025-09-04,58.90999984741211,58.90999984741211,55.9900016784668,56.75,56.75
2025-09-05,56.63999938964844,58.029998779296875,56.58000183105469,57.77000045776367,57.77000045776367
2025-09-08,57.5,57.77000045776367,55.59000015258789,56.380001068115234,56.380001068115234
2025-09-09,56.25,56.5,55.130001068115234,55.689998626708984,55.689998626708984
2025-09-10,55.310001373291016,55.52000045776367,54.25,54.5,54.5
2025-09-11,54.459999084472656,55.95000076293945,54.20000076293945,55.90999984741211,55.90999984741211
2025-09-12,55.650001525878906,56.06999969482422,54.04999923706055,54.09000015258789,54.09000015258789
2025-09-15,54.25,54.38999938964844,52.939998626708984,53.13999938964844,53.13999938964844
2025-09-16,53.20000076293945,54.41999816894531,53.150001525878906,53.939998626708984,53.939998626708984
2025-09-17,53.849998474121094,55.18000030517578,53.619998931884766,54.369998931884766,54.369998931884766
2025-09-18,54.56999969482422,55.220001220703125,54.43000030517578,55.13999938964844,55.13999938964844
2025-09-19,55.52000045776367,55.52000045776367,54.209999084472656,54.36000061035156,54.36000061035156
2025-09-22,54.349998474121094,54.70000076293945,53.810001373291016,53.939998626708984,53.939998626708984
2025-09-23,54.09000015258789,54.119998931884766,52.90999984741211,53.40999984741211,53.40999984741211
2025-09-24,53.20000076293945,53.869998931884766,53.0,53.77000045776367,53.77000045776367
2025-09-25,54.18000030517578,54.5,52.47999954223633,52.619998931884766,52.619998931884766
2025-09-26,53.0,53.970001220703125,52.650001525878906,53.849998474121094,53.849998474121094
2025-09-29,53.7599983215332,54.380001068115234,53.5,54.02000045776367,54.02000045776367
2025-09-30,53.959999084472656,54.41999816894531,53.189998626708984,54.15999984741211,54.15999984741211
2025-10-01,54.290000915527344,55.75,54.2599983215332,54.86000061035156,54.86000061035156
2025-10-02,54.90999984741211,55.9900016784668,54.58000183105469,55.56999969482422,55.56999969482422
2025-10-03,55.5,56.0,55.0099983215332,55.43000030517578,55.43000030517578
2025-10-06,56.060001373291016,56.060001373291016,55.290000915527344,55.61000061035156,55.61000061035156
2025-10-07,55.91999816894531,56.2599983215332,54.58000183105469,54.70000076293945,54.70000076293945
2025-10-08,54.56999969482422,55.20000076293945,54.18000030517578,54.689998626708984,54.689998626708984
2025-10-09,55.38999938964844,55.38999938964844,53.7400016784668,53.849998474121094,53.849998474121094
2025-10-10,54.15999984741211,54.25,51.790000915527344,52.31999969482422,52.31999969482422
2025-10-13,52.59000015258789,52.900001525878906,51.849998474121094,52.45000076293945,52.45000076293945
2025-10-14,51.779998779296875,52.810001373291016,51.56999969482422,52.470001220703125,52.470001220703125
2025-10-15,52.34000015258789,53.7599983215332,52.189998626708984,53.09000015258789,53.09000015258789
2025-10-16,53.09000015258789,53.959999084472656,52.380001068115234,52.95000076293945,52.95000076293945
2025-10-17,52.599998474121094,53.4900016784668,52.58000183105469,53.290000915527344,53.290000915527344
2025-10-20,53.54999923706055,53.54999923706055,52.13999938964844,53.06999969482422,53.06999969482422
2025-10-21,53.08000183105469,53.97999954223633,52.619998931884766,53.810001373291016,53.810001373291016
2025-10-22,53.810001373291016,54.40999984741211,53.22999954223633,53.369998931884766,53.369998931884766
2025-10-23,53.4900016784668,54.61000061035156,53.13999938964844,54.54999923706055,54.54999923706055
2025-10-24,54.4900016784668,55.029998779296875,54.189998626708984,54.47999954223633,54.47999954223633
2025-10-27,54.97999954223633,55.84000015258789,52.2599983215332,52.66999816894531,52.66999816894531
2025-10-28,53.400001525878906,56.79999923706055,53.27000045776367,53.4900016784668,53.4900016784668
2025-10-29,53.459999084472656,54.75,51.7400016784668,51.86000061035156,51.86000061035156
2025-10-30,51.86000061035156,52.4900016784668,51.099998474121094,51.90999984741211,51.90999984741211
2025-10-31,51.33000183105469,53.619998931884766,51.0,53.56999969482422,53.56999969482422
2025-11-03,53.029998779296875,54.25,52.060001373291016,52.849998474121094,52.849998474121094
2025-11-04,52.560001373291016,52.77000045776367,51.79999923706055,52.52000045776367,52.52000045776367
2025-11-05,52.16999816894531,53.5,51.86000061035156,52.79999923706055,52.79999923706055
2025-11-06,52.029998779296875,52.68000030517578,51.41999816894531,51.84000015258789,51.84000015258789
2025-11-07,51.900001525878906,51.900001525878906,50.7599983215332,51.459999084472656,51.459999084472656
2025-11-10,51.95000076293945,52.79999923706055,51.810001373291016,52.66999816894531,52.66999816894531
2025-11-11,53.0,54.970001220703125,52.86000061035156,54.93000030517578,54.93000030517578
2025-11-12,54.939998626708984,55.33000183105469,54.310001373291016,55.31999969482422,55.31999969482422
2025-11-13,55.0,55.34000015258789,54.15999984741211,54.220001220703125,54.220001220703125
2025-11-14,54.18000030517578,55.29999923706055,53.66999816894531,54.72999954223633,54.72999954223633
2025-11-17,54.130001068115234,55.2400016784668,54.0,54.459999084472656,54.459999084472656
2025-11-18,54.31999969482422,54.52000045776367,52.90999984741211,54.15999984741211,54.15999984741211
2025-11-19,53.880001068115234,53.880001068115234,51.9900016784668,52.560001373291016,52.560001373291016
2025-11-20,52.619998931884766,53.72999954223633,52.36000061035156,52.47999954223633,52.47999954223633
2025-11-21,52.720001220703125,54.7599983215332,52.5099983215332,54.689998626708984,54.689998626708984
2025-11-24,54.220001220703125,56.130001068115234,53.93000030517578,55.5,55.5
2025-11-25,55.599998474121094,56.45000076293945,55.349998474121094,56.290000915527344,56.290000915527344
2025-11-26,56.2599983215332,56.38999938964844,54.5099983215332,55.52000045776367,55.52000045776367
2025-11-28,55.77000045776367,56.04999923706055,55.029998779296875,55.93000030517578,55.93000030517578
2025-12-01,55.5,56.09000015258789,54.95000076293945,55.029998779296875,55.029998779296875
2025-12-02,55.220001220703125,55.34000015258789,53.880001068115234,53.88999938964844,53.88999938964844
2025-12-03,53.52000045776367,54.400001525878906,53.029998779296875,54.310001373291016,54.310001373291016
2025-12-04,54.33000183105469,54.65999984741211,53.63999938964844,53.81999969482422,53.81999969482422
2025-12-05,53.54999923706055,53.83000183105469,52.880001068115234,53.400001525878906,53.400001525878906
2025-12-08,53.47999954223633,53.4900016784668,52.54999923706055,53.29999923706055,53.29999923706055
2025-12-09,53.349998474121094,54.02000045776367,53.11000061035156,53.7400016784668,53.7400016784668
2025-12-10,53.75,54.290000915527344,53.0,53.70000076293945,53.70000076293945
2025-12-11,53.599998474121094,54.33000183105469,52.88999938964844,52.9900016784668,52.9900016784668
2025-12-12,53.04999923706055,53.33000183105469,52.58000183105469,53.310001373291016,53.310001373291016
2025-12-15,53.529998779296875,53.56999969482422,50.900001525878906,52.119998931884766,52.119998931884766
2025-12-16,52.34000015258789,52.4900016784668,51.470001220703125,51.77000045776367,51.77000045776367
2025-12-17,52.04999923706055,52.40999984741211,51.68000030517578,51.79999923706055,51.79999923706055
2025-12-18,51.56999969482422,52.290000915527344,51.5,51.95000076293945,51.95000076293945
2025-12-19,54.79999923706055,63.88999938964844,54.38999938964844,61.150001525878906,61.150001525878906
2025-12-22,60.59000015258789,61.470001220703125,58.75,59.279998779296875,59.279998779296875
2025-12-23,59.59000015258789,61.790000915527344,59.2400016784668,61.13999938964844,61.13999938964844
2025-12-24,61.2400016784668,61.2400016784668,59.810001373291016,60.15999984741211,60.15999984741211
2025-12-26,60.08000183105469,60.16999816894531,59.36000061035156,59.95000076293945,59.95000076293945
2025-12-29,59.95000076293945,60.58000183105469,59.560001373291016,60.040000915527344,60.040000915527344
2025-12-30,59.88999938964844,60.06999969482422,58.869998931884766,58.9900016784668,58.9900016784668
2025-12-31,58.79999923706055,59.720001220703125,58.439998626708984,59.43000030517578,59.43000030517578
2026-01-02,59.43000030517578,59.81999969482422,58.88999938964844,59.45000076293945,59.45000076293945
2026-01-05,59.150001525878906,59.599998474121094,58.380001068115234,58.869998931884766,58.869998931884766
2026-01-06,58.869998931884766,60.459999084472656,58.869998931884766,60.06999969482422,60.06999969482422
2026-01-07,60.5,61.880001068115234,60.34000015258789,61.310001373291016,61.310001373291016
2026-01-08,61.0,61.279998779296875,59.79999923706055,60.349998474121094,60.349998474121094
2026-01-09,60.52000045776367,60.79999923706055,58.849998474121094,58.95000076293945,58.95000076293945
2026-01-12,58.959999084472656,59.029998779296875,57.27000045776367,57.709999084472656,57.709999084472656
2026-01-13,57.81999969482422,57.95000076293945,54.36000061035156,55.20000076293945,55.20000076293945
2026-01-14,55.439998626708984,56.369998931884766,55.20000076293945,56.08000183105469,56.08000183105469
2026-01-15,56.22999954223633,56.349998474121094,54.810001373291016,55.06999969482422,55.06999969482422
2026-01-16,55.0,55.22999954223633,54.58000183105469,54.59000015258789,54.59000015258789
2026-01-20,54.72999954223633,56.41999816894531,54.06999969482422,56.310001373291016,56.310001373291016
2026-01-21,56.310001373291016,57.2400016784668,56.029998779296875,56.77000045776367,56.77000045776367
2026-01-22,56.7400016784668,58.33000183105469,56.36000061035156,57.18000030517578,57.18000030517578
2026-01-23,57.13999938964844,57.189998626708984,56.099998474121094,56.209999084472656,56.209999084472656
2026-01-26,55.81999969482422,57.310001373291016,55.5,56.779998779296875,56.779998779296875
2026-01-27,56.599998474121094,57.150001525878906,56.15999984741211,56.849998474121094,56.849998474121094
2026-01-28,56.72999954223633,57.33000183105469,56.0099983215332,56.68000030517578,56.68000030517578
2026-01-29,56.27000045776367,57.040000915527344,55.79999923706055,56.9900016784668,56.9900016784668
2026-01-30,56.36000061035156,56.97999954223633,55.279998779296875,56.540000915527344,56.540000915527344
2026-02-02,56.400001525878906,58.5,56.2599983215332,57.95000076293945,57.95000076293945
2026-02-03,57.150001525878906,58.7599983215332,57.099998474121094,57.61000061035156,57.61000061035156
2026-02-04,57.84000015258789,58.2599983215332,57.029998779296875,57.619998931884766,57.619998931884766
2026-02-05,57.689998626708984,58.290000915527344,56.869998931884766,57.150001525878906,57.150001525878906
2026-02-06,57.2599983215332,58.43000030517578,57.2599983215332,58.130001068115234,58.130001068115234
2026-02-09,58.130001068115234,58.150001525878906,57.31999969482422,57.810001373291016,57.810001373291016
2026-02-10,58.0,60.75,57.900001525878906,59.65999984741211,59.65999984741211
2026-02-11,59.43000030517578,60.790000915527344,58.619998931884766,60.310001373291016,60.310001373291016
2026-02-12,58.38999938964844,61.47999954223633,57.84000015258789,59.939998626708984,59.939998626708984
2026-02-13,59.939998626708984,60.9900016784668,59.45000076293945,59.869998931884766,59.869998931884766
2026-02-17,60.04999923706055,60.95000076293945,59.380001068115234,59.95000076293945,59.95000076293945
2026-02-18,60.08000183105469,61.97999954223633,59.599998474121094,61.83000183105469,61.83000183105469
2026-02-19,61.630001068115234,63.75,60.54999923706055,63.41999816894531,63.41999816894531
2026-02-20,63.09000015258789,64.25,62.54999923706055,64.08000183105469,64.08000183105469
2026-02-23,64.08000183105469,65.94999694824219,62.630001068115234,62.91999816894531,62.91999816894531
2026-02-24,60.29999923706055,66.27999877929688,59.630001068115234,62.619998931884766,62.619998931884766
2026-02-25,62.13999938964844,62.529998779296875,61.18000030517578,61.439998626708984,61.439998626708984
2026-02-26,61.36000061035156,61.439998626708984,59.560001373291016,61.11000061035156,61.11000061035156
2026-02-27,60.88999938964844,63.220001220703125,60.59000015258789,61.72999954223633,61.72999954223633
2026-03-02,60.709999084472656,61.13999938964844,59.25,59.7400016784668,59.7400016784668
2026-03-03,59.97999954223633,60.31999969482422,58.5,58.529998779296875,58.529998779296875
2026-03-04,59.0,61.189998626708984,58.5,60.43000030517578,60.43000030517578
2026-03-05,60.43000030517578,61.20000076293945,59.720001220703125,60.56999969482422,60.56999969482422
2026-03-06,60.22999954223633,61.52000045776367,59.15999984741211,61.119998931884766,61.119998931884766
2026-03-09,60.90999984741211,61.880001068115234,59.83000183105469,60.880001068115234,60.880001068115234
2026-03-10,60.849998474121094,61.970001220703125,60.599998474121094,60.88999938964844,60.88999938964844
2026-03-11,60.18000030517578,61.2599983215332,59.25,60.31999969482422,60.31999969482422
2026-03-12,59.97999954223633,60.97999954223633,59.02000045776367,59.06999969482422,59.06999969482422
2026-03-13,59.189998626708984,60.709999084472656,58.22999954223633,58.5099983215332,58.5099983215332
2026-03-16,56.709999084472656,58.810001373291016,55.86000061035156,57.43000030517578,57.43000030517578
2026-03-17,57.689998626708984,58.380001068115234,55.68000030517578,56.04999923706055,56.04999923706055
2026-03-18,55.599998474121094,56.279998779296875,54.81999969482422,55.43000030517578,55.43000030517578
2026-03-19,55.45000076293945,55.88999938964844,54.779998779296875,55.029998779296875,55.029998779296875
2026-03-20,54.86000061035156,55.709999084472656,53.7599983215332,54.130001068115234,54.130001068115234
2026-03-23,54.869998931884766,55.34000015258789,54.41999816894531,54.779998779296875,54.779998779296875
2026-03-24,54.36000061035156,54.369998931884766,53.36000061035156,54.09000015258789,54.09000015258789
2026-03-25,54.61000061035156,55.72999954223633,54.61000061035156,55.59000015258789,55.59000015258789
2026-03-26,55.36000061035156,56.060001373291016,55.20000076293945,55.54999923706055,55.54999923706055
2026-03-27,55.54999923706055,55.599998474121094,54.099998474121094,54.13999938964844,54.13999938964844
2026-03-30,54.41999816894531,55.0,53.939998626708984,54.790000915527344,54.790000915527344
2026-03-31,54.90999984741211,56.59000015258789,54.90999984741211,56.4900016784668,56.4900016784668
2026-04-01,56.720001220703125,57.5,56.279998779296875,57.2400016784668,57.2400016784668
2026-04-02,56.41999816894531,56.54999923706055,54.540000915527344,55.5,55.5
2026-04-06,55.5,56.54999923706055,55.439998626708984,56.209999084472656,56.209999084472656
2026-04-07,56.13999938964844,56.40999984741211,55.36000061035156,56.220001220703125,56.220001220703125
2026-04-08,57.22999954223633,57.7599983215332,56.0,57.20000076293945,57.20000076293945
2026-04-09,56.56999969482422,57.09000015258789,55.810001373291016,56.29999923706055,56.29999923706055
2026-04-10,56.2400016784668,56.2400016784668,54.15999984741211,54.529998779296875,54.529998779296875
2026-04-13,54.43000030517578,55.2400016784668,53.88999938964844,54.880001068115234,54.880001068115234
2026-04-14,54.75,55.68000030517578,54.720001220703125,55.470001220703125,55.470001220703125
2026-04-15,56.0,56.04999923706055,54.9900016784668,55.27000045776367,55.27000045776367
2026-04-16,55.369998931884766,55.619998931884766,53.790000915527344,54.099998474121094,54.099998474121094
2026-04-17,54.5099983215332,54.970001220703125,54.08000183105469,54.63999938964844,54.63999938964844
2026-04-20,54.529998779296875,55.56999969482422,54.310001373291016,54.880001068115234,54.880001068115234
2026-04-21,54.720001220703125,55.13999938964844,54.0,54.619998931884766,54.619998931884766
2026-04-22,54.900001525878906,54.900001525878906,53.709999084472656,54.150001525878906,54.150001525878906
2026-04-23,53.86000061035156,54.2599983215332,53.36000061035156,53.97999954223633,53.97999954223633
2026-04-24,53.869998931884766,54.31999969482422,52.880001068115234,53.18000030517578,53.18000030517578
2026-04-27,53.689998626708984,54.59000015258789,53.25,53.810001373291016,53.810001373291016
2026-04-28,54.5,54.70000076293945,53.150001525878906,53.29999923706055,53.29999923706055
2026-04-29,53.04999923706055,54.29999923706055,52.459999084472656,54.209999084472656,54.209999084472656
2026-04-30,54.0099983215332,54.880001068115234,53.7599983215332,53.90999984741211,53.90999984741211
2026-05-01,53.90999984741211,54.290000915527344,53.560001373291016,54.060001373291016,54.060001373291016
2026-05-04,53.65999984741211,55.529998779296875,53.45000076293945,55.459999084472656,55.459999084472656
2026-05-05,55.56999969482422,57.439998626708984,52.650001525878906,53.2400016784668,53.2400016784668
2026-05-06,53.599998474121094,54.939998626708984,52.86000061035156,54.599998474121094,54.599998474121094
2026-05-07,54.86000061035156,55.310001373291016,53.599998474121094,54.119998931884766,54.119998931884766
2026-05-08,54.150001525878906,54.54999923706055,53.529998779296875,54.060001373291016,54.060001373291016
2026-05-11,53.459999084472656,54.5,52.47999954223633,52.58000183105469,52.58000183105469
2026-05-12,52.93000030517578,53.150001525878906,52.36000061035156,52.880001068115234,52.880001068115234
2026-05-13,52.5,53.70000076293945,52.08000183105469,53.54999923706055,53.54999923706055
2026-05-14,53.779998779296875,54.09000015258789,52.63999938964844,53.2400016784668,53.2400016784668
2026-05-15,53.40999984741211,53.40999984741211,51.68000030517578,51.810001373291016,51.810001373291016
2026-05-18,51.61000061035156,52.25,49.2599983215332,49.66999816894531,49.66999816894531
2026-05-19,50.25,50.95000076293945,49.47999954223633,49.810001373291016,49.810001373291016
2026-05-20,49.810001373291016,50.45000076293945,49.40999984741211,50.20000076293945,50.20000076293945
2026-05-21,52.220001220703125,54.45000076293945,52.130001068115234,54.099998474121094,54.099998474121094
2026-05-22,54.040000915527344,55.04999923706055,53.560001373291016,54.09000015258789,54.09000015258789
2026-05-26,54.20000076293945,54.47999954223633,52.7599983215332,52.880001068115234,52.880001068115234
2026-05-27,52.779998779296875,53.310001373291016,52.20000076293945,52.380001068115234,52.380001068115234
2026-05-28,52.400001525878906,53.0,52.20000076293945,52.7400016784668,52.7400016784668
2026-05-29,53.5,57.5099983215332,53.5,57.290000915527344,57.290000915527344
2026-06-01,56.54999923706055,57.40999984741211,54.900001525878906,55.029998779296875,55.029998779296875
2026-06-02,54.09000015258789,55.04999923706055,53.279998779296875,53.31999969482422,53.31999969482422
2026-06-03,53.31999969482422,55.0,53.0099983215332,54.65999984741211,54.65999984741211
2026-06-04,55.5099983215332,57.04999923706055,55.11000061035156,56.470001220703125,56.470001220703125
2026-06-05,56.09000015258789,57.709999084472656,56.09000015258789,56.77000045776367,56.77000045776367
2026-06-08,56.88999938964844,56.88999938964844,56.0099983215332,56.54999923706055,56.54999923706055
2026-06-09,57.40999984741211,58.11000061035156,56.849998474121094,57.90999984741211,57.90999984741211
2026-06-10,57.77000045776367,58.2599983215332,55.9900016784668,56.16999816894531,56.16999816894531
2026-06-11,56.16999816894531,56.59000015258789,55.25,55.540000915527344,55.540000915527344
2026-06-12,55.540000915527344,56.2599983215332,55.47999954223633,55.95000076293945,55.95000076293945
2026-06-15,56.08000183105469,56.349998474121094,54.9900016784668,55.650001525878906,55.650001525878906
2026-06-16,55.650001525878906,55.83000183105469,54.61000061035156,55.119998931884766,55.119998931884766
2026-06-17,55.11000061035156,56.060001373291016,54.4900016784668,55.02000045776367,55.02000045776367
2026-06-18,55.040000915527344,55.619998931884766,54.2599983215332,54.689998626708984,54.689998626708984
2026-06-22,55.5099983215332,56.310001373291016,54.959999084472656,55.900001525878906,55.900001525878906
2026-06-23,55.79999923706055,57.0,55.7400016784668,56.5,56.5
2026-06-24,56.83000183105469,57.790000915527344,56.529998779296875,57.33000183105469,57.33000183105469
2026-06-25,57.459999084472656,57.95000076293945,56.400001525878906,57.349998474121094,57.349998474121094
2026-06-26,57.349998474121094,59.77000045776367,57.349998474121094,59.0,59.0
2026-06-29,59.40999984741211,59.43000030517578,56.84000015258789,57.66999816894531,57.66999816894531
2026-06-30,57.91999816894531,57.91999816894531,56.43000030517578,57.220001220703125,57.220001220703125
2026-07-01,57.470001220703125,58.56999969482422,57.25,57.81999969482422,57.81999969482422
2026-07-02,58.52000045776367,59.43000030517578,58.099998474121094,58.9900016784668,58.9900016784668
2026-07-06,58.720001220703125,58.84000015258789,57.54999923706055,58.790000915527344,58.790000915527344
2026-07-07,59.63999938964844,60.540000915527344,58.630001068115234,60.349998474121094,60.349998474121094
2026-07-08,59.880001068115234,60.66999816894531,59.630001068115234,59.75,59.75
2026-07-09,59.150001525878906,60.5099983215332,58.45000076293945,59.970001220703125,59.970001220703125
