date,open,high,low,close,adjclose,volume
2021-08-02,13.5600004196167,13.920000076293945,13.199999809265137,13.800000190734863,13.800000190734863,489767
2021-08-03,13.4399995803833,13.5600004196167,13.079999923706055,13.199999809265137,13.199999809265137,301625
2021-08-04,13.199999809265137,13.319999694824219,12.960000038146973,13.079999923706055,13.079999923706055,206567
2021-08-05,13.079999923706055,13.319999694824219,12.84000015258789,12.960000038146973,12.960000038146973,193467
2021-08-06,12.960000038146973,13.079999923706055,12.84000015258789,12.960000038146973,12.960000038146973,101592
2021-08-09,12.84000015258789,13.199999809265137,12.84000015258789,12.84000015258789,12.84000015258789,141700
2021-08-10,12.84000015258789,12.960000038146973,12.600000381469727,12.720000267028809,12.720000267028809,151258
2021-08-11,12.84000015258789,12.960000038146973,12.720000267028809,12.720000267028809,12.720000267028809,65900
2021-08-12,12.84000015258789,12.84000015258789,12.600000381469727,12.84000015258789,12.84000015258789,96283
2021-08-13,12.720000267028809,12.84000015258789,12.239999771118164,12.359999656677246,12.359999656677246,149708
2021-08-16,12.359999656677246,12.479999542236328,11.640000343322754,12.119999885559082,12.119999885559082,236775
2021-08-17,11.760000228881836,12.720000267028809,11.520000457763672,12.720000267028809,12.720000267028809,157550
2021-08-18,12.600000381469727,12.600000381469727,12.0,12.359999656677246,12.359999656677246,81925
2021-08-19,12.359999656677246,12.479999542236328,12.119999885559082,12.359999656677246,12.359999656677246,65858
2021-08-20,12.119999885559082,12.479999542236328,11.880000114440918,12.239999771118164,12.239999771118164,57967
2021-08-23,12.359999656677246,12.960000038146973,12.239999771118164,12.84000015258789,12.84000015258789,190625
2021-08-24,12.960000038146973,14.279999732971191,12.84000015258789,14.039999961853027,14.039999961853027,439050
2021-08-25,13.800000190734863,14.039999961853027,13.4399995803833,13.800000190734863,13.800000190734863,202733
2021-08-26,13.800000190734863,14.15999984741211,13.680000305175781,14.15999984741211,14.15999984741211,151317
2021-08-27,14.15999984741211,14.760000228881836,13.920000076293945,13.920000076293945,13.920000076293945,211367
2021-08-30,14.15999984741211,14.15999984741211,13.199999809265137,13.319999694824219,13.319999694824219,258617
2021-08-31,13.4399995803833,14.279999732971191,13.4399995803833,14.039999961853027,14.039999961853027,321375
2021-09-01,14.039999961853027,14.15999984741211,13.680000305175781,13.800000190734863,13.800000190734863,94108
2021-09-02,13.800000190734863,14.399999618530273,13.5600004196167,14.039999961853027,14.039999961853027,107167
2021-09-03,13.920000076293945,13.920000076293945,13.4399995803833,13.680000305175781,13.680000305175781,81583
2021-09-07,13.680000305175781,13.920000076293945,13.319999694824219,13.5600004196167,13.5600004196167,73500
2021-09-08,13.319999694824219,13.5600004196167,12.84000015258789,13.079999923706055,13.079999923706055,88483
2021-09-09,12.960000038146973,13.4399995803833,12.84000015258789,13.319999694824219,13.319999694824219,63208
2021-09-10,13.199999809265137,13.319999694824219,12.960000038146973,13.079999923706055,13.079999923706055,62250
2021-09-13,13.079999923706055,13.319999694824219,12.84000015258789,13.199999809265137,13.199999809265137,68875
2021-09-14,13.079999923706055,13.199999809265137,12.479999542236328,12.600000381469727,12.600000381469727,97900
2021-09-15,12.479999542236328,12.720000267028809,12.479999542236328,12.720000267028809,12.720000267028809,44200
2021-09-16,12.720000267028809,12.960000038146973,12.600000381469727,12.960000038146973,12.960000038146973,25158
2021-09-17,12.600000381469727,12.960000038146973,12.479999542236328,12.600000381469727,12.600000381469727,47550
2021-09-20,12.0,12.479999542236328,12.0,12.239999771118164,12.239999771118164,101667
2021-09-21,12.479999542236328,12.600000381469727,12.239999771118164,12.600000381469727,12.600000381469727,36575
2021-09-22,12.479999542236328,12.479999542236328,12.0,12.239999771118164,12.239999771118164,77675
2021-09-23,12.239999771118164,12.84000015258789,12.239999771118164,12.720000267028809,12.720000267028809,40142
2021-09-24,12.359999656677246,12.720000267028809,12.239999771118164,12.359999656677246,12.359999656677246,37792
2021-09-27,12.359999656677246,12.960000038146973,12.239999771118164,12.720000267028809,12.720000267028809,43800
2021-09-28,12.960000038146973,12.960000038146973,12.359999656677246,12.720000267028809,12.720000267028809,37433
2021-09-29,12.600000381469727,12.720000267028809,12.239999771118164,12.239999771118164,12.239999771118164,33358
2021-09-30,12.84000015258789,12.84000015258789,12.359999656677246,12.600000381469727,12.600000381469727,37292
2021-10-01,12.479999542236328,12.600000381469727,12.119999885559082,12.239999771118164,12.239999771118164,45950
2021-10-04,12.359999656677246,12.359999656677246,12.0,12.0,12.0,48308
2021-10-05,12.0,12.119999885559082,11.399999618530273,11.640000343322754,11.640000343322754,73650
2021-10-06,12.0,12.119999885559082,11.399999618530273,11.760000228881836,11.760000228881836,73417
2021-10-07,11.760000228881836,11.880000114440918,11.520000457763672,11.640000343322754,11.640000343322754,36875
2021-10-08,11.640000343322754,11.760000228881836,11.279999732971191,11.399999618530273,11.399999618530273,43867
2021-10-11,11.399999618530273,11.760000228881836,11.399999618530273,11.399999618530273,11.399999618530273,39267
2021-10-12,11.399999618530273,11.520000457763672,11.15999984741211,11.399999618530273,11.399999618530273,49050
2021-10-13,11.279999732971191,11.640000343322754,11.279999732971191,11.399999618530273,11.399999618530273,37867
2021-10-14,11.399999618530273,11.640000343322754,11.279999732971191,11.399999618530273,11.399999618530273,30000
2021-10-15,11.520000457763672,11.640000343322754,11.279999732971191,11.279999732971191,11.279999732971191,22258
2021-10-18,11.279999732971191,11.399999618530273,10.920000076293945,11.039999961853027,11.039999961853027,48133
2021-10-19,11.039999961853027,11.399999618530273,11.039999961853027,11.399999618530273,11.399999618530273,38475
2021-10-20,11.15999984741211,11.279999732971191,11.039999961853027,11.15999984741211,11.15999984741211,25067
2021-10-21,11.520000457763672,12.0,11.399999618530273,11.640000343322754,11.640000343322754,82092
2021-10-22,11.640000343322754,11.760000228881836,11.039999961853027,11.520000457763672,11.520000457763672,48625
2021-10-25,11.399999618530273,11.399999618530273,10.920000076293945,11.039999961853027,11.039999961853027,47400
2021-10-26,11.039999961853027,11.399999618530273,10.680000305175781,10.800000190734863,10.800000190734863,97183
2021-10-27,10.800000190734863,11.039999961853027,10.4399995803833,10.4399995803833,10.4399995803833,65092
2021-10-28,10.4399995803833,10.800000190734863,10.319999694824219,10.800000190734863,10.800000190734863,34717
2021-10-29,10.5600004196167,11.039999961853027,10.5600004196167,10.680000305175781,10.680000305175781,27892
2021-11-01,11.039999961853027,11.399999618530273,10.920000076293945,11.399999618530273,11.399999618530273,130533
2021-11-02,11.15999984741211,11.399999618530273,11.039999961853027,11.399999618530273,11.399999618530273,36325
2021-11-03,11.399999618530273,11.760000228881836,11.15999984741211,11.399999618530273,11.399999618530273,33075
2021-11-04,11.640000343322754,11.880000114440918,11.399999618530273,11.760000228881836,11.760000228881836,33092
2021-11-05,11.760000228881836,11.760000228881836,11.15999984741211,11.399999618530273,11.399999618530273,41342
2021-11-08,11.640000343322754,12.0,11.399999618530273,11.760000228881836,11.760000228881836,66975
2021-11-09,11.760000228881836,11.880000114440918,11.279999732971191,11.399999618530273,11.399999618530273,44967
2021-11-10,11.279999732971191,11.399999618530273,10.800000190734863,10.920000076293945,10.920000076293945,47858
2021-11-11,10.920000076293945,11.279999732971191,10.920000076293945,11.15999984741211,11.15999984741211,23183
2021-11-12,11.279999732971191,11.279999732971191,10.680000305175781,10.920000076293945,10.920000076293945,42750
2021-11-15,10.800000190734863,11.15999984741211,10.680000305175781,10.920000076293945,10.920000076293945,28567
2021-11-16,10.800000190734863,10.920000076293945,10.4399995803833,10.680000305175781,10.680000305175781,42175
2021-11-17,10.4399995803833,10.680000305175781,10.319999694824219,10.5600004196167,10.5600004196167,45617
2021-11-18,10.4399995803833,10.5600004196167,9.84000015258789,9.960000038146973,9.960000038146973,69383
2021-11-19,9.960000038146973,10.079999923706055,9.720000267028809,9.84000015258789,9.84000015258789,35417
2021-11-22,9.960000038146973,10.199999809265137,9.720000267028809,9.960000038146973,9.960000038146973,32658
2021-11-23,9.720000267028809,9.84000015258789,9.479999542236328,9.600000381469727,9.600000381469727,41842
2021-11-24,9.600000381469727,9.960000038146973,9.479999542236328,9.84000015258789,9.84000015258789,46167
2021-11-26,9.960000038146973,11.880000114440918,9.84000015258789,11.640000343322754,11.640000343322754,277517
2021-11-29,11.640000343322754,11.640000343322754,10.199999809265137,10.199999809265137,10.199999809265137,183617
2021-11-30,10.199999809265137,11.15999984741211,9.84000015258789,10.800000190734863,10.800000190734863,143342
2021-12-01,10.800000190734863,10.920000076293945,10.079999923706055,10.079999923706055,10.079999923706055,126417
2021-12-02,10.079999923706055,10.079999923706055,8.640000343322754,9.119999885559082,9.119999885559082,195408
2021-12-03,9.0,9.239999771118164,8.399999618530273,8.640000343322754,8.640000343322754,110292
2021-12-06,8.520000457763672,8.520000457763672,8.039999961853027,8.399999618530273,8.399999618530273,83275
2021-12-07,8.640000343322754,9.359999656677246,8.520000457763672,9.0,9.0,63592
2021-12-08,8.880000114440918,9.359999656677246,8.760000228881836,9.239999771118164,9.239999771118164,27075
2021-12-09,9.359999656677246,9.720000267028809,9.0,9.119999885559082,9.119999885559082,49092
2021-12-10,9.119999885559082,9.359999656677246,8.520000457763672,8.640000343322754,8.640000343322754,57133
2021-12-13,8.640000343322754,8.760000228881836,8.15999984741211,8.640000343322754,8.640000343322754,58342
2021-12-14,8.640000343322754,8.880000114440918,8.279999732971191,8.520000457763672,8.520000457763672,31175
2021-12-15,8.399999618530273,8.760000228881836,8.15999984741211,8.520000457763672,8.520000457763672,49617
2021-12-16,8.640000343322754,9.0,8.399999618530273,8.399999618530273,8.399999618530273,34100
2021-12-17,8.279999732971191,8.880000114440918,8.15999984741211,8.880000114440918,8.880000114440918,37450
2021-12-20,8.640000343322754,8.880000114440918,8.399999618530273,8.640000343322754,8.640000343322754,30425
2021-12-21,8.640000343322754,8.760000228881836,8.399999618530273,8.640000343322754,8.640000343322754,21700
2021-12-22,9.359999656677246,9.479999542236328,8.760000228881836,8.880000114440918,8.880000114440918,194492
2021-12-23,8.760000228881836,8.880000114440918,8.640000343322754,8.760000228881836,8.760000228881836,42817
2021-12-27,8.760000228881836,8.760000228881836,8.15999984741211,8.279999732971191,8.279999732971191,75942
2021-12-28,8.15999984741211,8.399999618530273,8.039999961853027,8.039999961853027,8.039999961853027,79625
2021-12-29,8.039999961853027,8.15999984741211,7.679999828338623,7.800000190734863,7.800000190734863,54692
2021-12-30,7.800000190734863,8.15999984741211,7.679999828338623,7.800000190734863,7.800000190734863,59033
2021-12-31,7.800000190734863,8.039999961853027,7.679999828338623,7.800000190734863,7.800000190734863,100783
2022-01-03,7.800000190734863,8.640000343322754,7.800000190734863,8.520000457763672,8.520000457763672,54325
2022-01-04,8.15999984741211,8.520000457763672,8.15999984741211,8.15999984741211,8.15999984741211,31158
2022-01-05,8.399999618530273,8.399999618530273,7.800000190734863,7.800000190734863,7.800000190734863,22533
2022-01-06,8.15999984741211,8.880000114440918,7.320000171661377,7.559999942779541,7.559999942779541,470942
2022-01-07,7.199999809265137,7.559999942779541,6.960000038146973,7.079999923706055,7.079999923706055,102600
2022-01-10,7.079999923706055,7.199999809265137,6.71999979019165,7.079999923706055,7.079999923706055,62908
2022-01-11,6.960000038146973,7.320000171661377,6.960000038146973,7.199999809265137,7.199999809265137,20792
2022-01-12,7.199999809265137,7.440000057220459,6.960000038146973,7.440000057220459,7.440000057220459,42800
2022-01-13,7.199999809265137,7.320000171661377,6.960000038146973,7.079999923706055,7.079999923706055,24333
2022-01-14,7.079999923706055,7.320000171661377,6.840000152587891,7.199999809265137,7.199999809265137,50975
2022-01-18,7.320000171661377,7.320000171661377,6.960000038146973,6.960000038146973,6.960000038146973,26892
2022-01-19,7.199999809265137,7.199999809265137,6.71999979019165,6.840000152587891,6.840000152587891,25525
2022-01-20,6.71999979019165,6.960000038146973,6.599999904632568,6.599999904632568,6.599999904632568,20758
2022-01-21,6.599999904632568,6.71999979019165,6.0,6.360000133514404,6.360000133514404,45958
2022-01-24,6.119999885559082,6.239999771118164,5.639999866485596,5.880000114440918,5.880000114440918,73083
2022-01-25,5.880000114440918,6.360000133514404,5.880000114440918,6.0,6.0,29942
2022-01-26,6.119999885559082,6.360000133514404,6.0,6.0,6.0,23558
2022-01-27,6.119999885559082,6.239999771118164,5.760000228881836,6.0,6.0,43025
2022-01-28,6.0,6.239999771118164,5.880000114440918,6.119999885559082,6.119999885559082,27358
2022-01-31,6.360000133514404,7.199999809265137,6.239999771118164,6.71999979019165,6.71999979019165,40217
2022-02-01,6.71999979019165,7.079999923706055,6.599999904632568,6.840000152587891,6.840000152587891,24000
2022-02-02,6.840000152587891,6.840000152587891,6.360000133514404,6.71999979019165,6.71999979019165,15117
2022-02-03,6.71999979019165,6.71999979019165,6.480000019073486,6.480000019073486,6.480000019073486,7083
2022-02-04,6.599999904632568,6.840000152587891,6.480000019073486,6.71999979019165,6.71999979019165,10142
2022-02-07,6.960000038146973,6.960000038146973,6.599999904632568,6.599999904632568,6.599999904632568,22075
2022-02-08,6.71999979019165,6.840000152587891,6.599999904632568,6.71999979019165,6.71999979019165,6367
2022-02-09,6.71999979019165,7.199999809265137,6.599999904632568,6.71999979019165,6.71999979019165,35092
2022-02-10,6.599999904632568,6.960000038146973,6.599999904632568,6.71999979019165,6.71999979019165,14750
2022-02-11,6.840000152587891,6.840000152587891,6.599999904632568,6.599999904632568,6.599999904632568,21875
2022-02-14,6.480000019073486,6.71999979019165,6.239999771118164,6.360000133514404,6.360000133514404,31850
2022-02-15,6.360000133514404,6.840000152587891,6.239999771118164,6.71999979019165,6.71999979019165,26300
2022-02-16,6.840000152587891,6.840000152587891,6.480000019073486,6.599999904632568,6.599999904632568,11442
2022-02-17,6.71999979019165,6.71999979019165,6.239999771118164,6.360000133514404,6.360000133514404,17683
2022-02-18,6.239999771118164,6.360000133514404,6.119999885559082,6.239999771118164,6.239999771118164,18483
2022-02-22,6.239999771118164,6.480000019073486,6.0,6.119999885559082,6.119999885559082,39150
2022-02-23,6.0,7.079999923706055,6.0,6.239999771118164,6.239999771118164,24067
2022-02-24,6.239999771118164,7.559999942779541,5.639999866485596,6.480000019073486,6.480000019073486,126242
2022-02-25,6.360000133514404,6.960000038146973,6.239999771118164,6.480000019073486,6.480000019073486,18000
2022-02-28,6.599999904632568,6.599999904632568,6.239999771118164,6.480000019073486,6.480000019073486,18075
2022-03-01,6.599999904632568,6.840000152587891,6.480000019073486,6.71999979019165,6.71999979019165,23333
2022-03-02,6.71999979019165,6.960000038146973,6.480000019073486,6.71999979019165,6.71999979019165,21225
2022-03-03,6.960000038146973,6.960000038146973,6.599999904632568,6.71999979019165,6.71999979019165,5858
2022-03-04,6.71999979019165,6.71999979019165,6.0,6.119999885559082,6.119999885559082,40050
2022-03-07,6.360000133514404,6.360000133514404,6.0,6.0,6.0,15842
2022-03-08,5.400000095367432,6.119999885559082,5.400000095367432,6.0,6.0,30900
2022-03-09,6.360000133514404,6.360000133514404,6.119999885559082,6.239999771118164,6.239999771118164,16900
2022-03-10,6.239999771118164,6.360000133514404,6.0,6.119999885559082,6.119999885559082,22892
2022-03-11,6.119999885559082,6.239999771118164,5.880000114440918,6.119999885559082,6.119999885559082,18775
2022-03-14,6.119999885559082,6.119999885559082,5.760000228881836,5.760000228881836,5.760000228881836,17075
2022-03-15,5.880000114440918,6.239999771118164,5.760000228881836,5.760000228881836,5.760000228881836,18417
2022-03-16,5.880000114440918,6.239999771118164,5.880000114440918,6.0,6.0,13042
2022-03-17,6.119999885559082,6.480000019073486,6.0,6.480000019073486,6.480000019073486,23250
2022-03-18,6.599999904632568,6.840000152587891,6.360000133514404,6.840000152587891,6.840000152587891,23500
2022-03-21,6.599999904632568,6.840000152587891,6.599999904632568,6.71999979019165,6.71999979019165,10500
2022-03-22,6.71999979019165,7.079999923706055,6.71999979019165,6.960000038146973,6.960000038146973,19342
2022-03-23,7.079999923706055,7.079999923706055,6.840000152587891,6.960000038146973,6.960000038146973,20692
2022-03-24,6.960000038146973,7.320000171661377,6.960000038146973,7.079999923706055,7.079999923706055,26117
2022-03-25,6.960000038146973,7.440000057220459,6.599999904632568,7.079999923706055,7.079999923706055,99167
2022-03-28,6.960000038146973,7.079999923706055,6.599999904632568,6.840000152587891,6.840000152587891,15942
2022-03-29,6.840000152587891,7.079999923706055,6.840000152587891,6.840000152587891,6.840000152587891,12142
2022-03-30,6.960000038146973,7.199999809265137,6.71999979019165,6.71999979019165,6.71999979019165,16033
2022-03-31,6.599999904632568,6.840000152587891,6.480000019073486,6.599999904632568,6.599999904632568,22125
2022-04-01,6.71999979019165,6.71999979019165,6.0,6.360000133514404,6.360000133514404,47700
2022-04-04,6.360000133514404,6.71999979019165,6.239999771118164,6.599999904632568,6.599999904632568,15542
2022-04-05,6.239999771118164,6.71999979019165,6.119999885559082,6.360000133514404,6.360000133514404,15450
2022-04-06,6.480000019073486,6.480000019073486,6.119999885559082,6.360000133514404,6.360000133514404,15283
2022-04-07,6.360000133514404,6.480000019073486,6.239999771118164,6.239999771118164,6.239999771118164,4833
2022-04-08,6.239999771118164,6.360000133514404,6.119999885559082,6.239999771118164,6.239999771118164,18467
2022-04-11,6.0,6.480000019073486,6.0,6.119999885559082,6.119999885559082,19275
2022-04-12,6.239999771118164,6.480000019073486,6.119999885559082,6.239999771118164,6.239999771118164,22083
2022-04-13,6.239999771118164,6.480000019073486,6.239999771118164,6.239999771118164,6.239999771118164,5642
2022-04-14,6.239999771118164,6.480000019073486,6.239999771118164,6.480000019073486,6.480000019073486,17517
2022-04-18,6.360000133514404,6.840000152587891,6.239999771118164,6.360000133514404,6.360000133514404,19517
2022-04-19,6.360000133514404,6.480000019073486,6.239999771118164,6.239999771118164,6.239999771118164,9242
2022-04-20,6.239999771118164,6.480000019073486,6.239999771118164,6.480000019073486,6.480000019073486,9808
2022-04-21,6.360000133514404,6.480000019073486,6.119999885559082,6.239999771118164,6.239999771118164,15733
2022-04-22,6.119999885559082,6.480000019073486,6.119999885559082,6.119999885559082,6.119999885559082,12842
2022-04-25,6.360000133514404,6.360000133514404,6.0,6.239999771118164,6.239999771118164,10417
2022-04-26,6.239999771118164,6.239999771118164,5.760000228881836,5.760000228881836,5.760000228881836,30367
2022-04-27,5.760000228881836,6.0,5.639999866485596,5.639999866485596,5.639999866485596,12275
2022-04-28,5.760000228881836,5.760000228881836,5.639999866485596,5.639999866485596,5.639999866485596,16958
2022-04-29,5.760000228881836,5.760000228881836,5.400000095367432,5.639999866485596,5.639999866485596,20042
2022-05-02,5.639999866485596,5.880000114440918,5.519999980926514,5.760000228881836,5.760000228881836,17250
2022-05-03,5.639999866485596,5.760000228881836,5.519999980926514,5.760000228881836,5.760000228881836,15917
2022-05-04,5.639999866485596,6.0,5.519999980926514,5.760000228881836,5.760000228881836,22667
2022-05-05,5.639999866485596,5.760000228881836,5.519999980926514,5.639999866485596,5.639999866485596,12575
2022-05-06,5.639999866485596,5.639999866485596,5.039999961853027,5.159999847412109,5.159999847412109,41167
2022-05-09,5.159999847412109,5.400000095367432,4.800000190734863,4.920000076293945,4.920000076293945,30867
2022-05-10,4.679999828338623,5.159999847412109,4.679999828338623,4.800000190734863,4.800000190734863,26233
2022-05-11,4.920000076293945,5.039999961853027,4.440000057220459,4.559999942779541,4.559999942779541,24483
2022-05-12,4.559999942779541,5.039999961853027,4.440000057220459,4.559999942779541,4.559999942779541,42942
2022-05-13,4.679999828338623,5.159999847412109,4.679999828338623,4.920000076293945,4.920000076293945,68433
2022-05-16,4.920000076293945,4.920000076293945,4.679999828338623,4.800000190734863,4.800000190734863,6992
2022-05-17,4.559999942779541,4.920000076293945,4.559999942779541,4.679999828338623,4.679999828338623,16358
2022-05-18,4.679999828338623,4.920000076293945,4.559999942779541,4.679999828338623,4.679999828338623,7392
2022-05-19,4.679999828338623,4.920000076293945,4.559999942779541,4.679999828338623,4.679999828338623,26725
2022-05-20,4.679999828338623,4.800000190734863,4.440000057220459,4.559999942779541,4.559999942779541,14392
2022-05-23,4.800000190734863,4.920000076293945,4.559999942779541,4.800000190734863,4.800000190734863,20167
2022-05-24,4.679999828338623,4.920000076293945,4.440000057220459,4.679999828338623,4.679999828338623,24475
2022-05-25,4.679999828338623,4.920000076293945,4.559999942779541,4.679999828338623,4.679999828338623,10633
2022-05-26,4.679999828338623,5.28000020980835,4.559999942779541,5.039999961853027,5.039999961853027,29642
2022-05-27,5.28000020980835,5.28000020980835,4.800000190734863,5.039999961853027,5.039999961853027,12458
2022-05-31,4.920000076293945,5.159999847412109,4.800000190734863,4.800000190734863,4.800000190734863,16933
2022-06-01,5.039999961853027,5.159999847412109,4.800000190734863,4.920000076293945,4.920000076293945,17292
2022-06-02,4.920000076293945,5.28000020980835,4.800000190734863,5.28000020980835,5.28000020980835,7500
2022-06-03,5.28000020980835,5.28000020980835,5.039999961853027,5.28000020980835,5.28000020980835,9067
2022-06-06,5.28000020980835,5.400000095367432,5.159999847412109,5.28000020980835,5.28000020980835,11467
2022-06-07,5.28000020980835,5.400000095367432,5.039999961853027,5.039999961853027,5.039999961853027,9142
2022-06-08,5.159999847412109,5.400000095367432,5.039999961853027,5.28000020980835,5.28000020980835,9008
2022-06-09,5.400000095367432,5.400000095367432,4.920000076293945,4.920000076293945,4.920000076293945,13433
2022-06-10,4.920000076293945,5.039999961853027,4.800000190734863,4.920000076293945,4.920000076293945,19833
2022-06-13,4.800000190734863,5.039999961853027,4.559999942779541,4.559999942779541,4.559999942779541,18950
2022-06-14,4.559999942779541,4.920000076293945,4.440000057220459,4.679999828338623,4.679999828338623,16992
2022-06-15,4.679999828338623,4.800000190734863,4.440000057220459,4.679999828338623,4.679999828338623,14125
2022-06-16,4.679999828338623,4.679999828338623,4.440000057220459,4.559999942779541,4.559999942779541,14250
2022-06-17,4.559999942779541,4.800000190734863,4.440000057220459,4.679999828338623,4.679999828338623,11808
2022-06-21,4.559999942779541,4.920000076293945,4.559999942779541,4.800000190734863,4.800000190734863,9383
2022-06-22,4.800000190734863,5.400000095367432,4.559999942779541,4.920000076293945,4.920000076293945,11358
2022-06-23,4.920000076293945,5.28000020980835,4.800000190734863,4.920000076293945,4.920000076293945,15108
2022-06-24,5.159999847412109,5.28000020980835,4.559999942779541,4.559999942779541,4.559999942779541,28133
2022-06-27,4.800000190734863,5.28000020980835,4.679999828338623,4.920000076293945,4.920000076293945,21133
2022-06-28,5.039999961853027,5.28000020980835,4.800000190734863,4.800000190734863,4.800000190734863,19983
2022-06-29,4.800000190734863,5.039999961853027,4.679999828338623,4.800000190734863,4.800000190734863,14150
2022-06-30,5.039999961853027,5.039999961853027,4.800000190734863,4.920000076293945,4.920000076293945,10583
2022-07-01,4.800000190734863,5.039999961853027,4.679999828338623,4.800000190734863,4.800000190734863,3975
2022-07-05,4.559999942779541,4.920000076293945,4.559999942779541,4.800000190734863,4.800000190734863,5675
2022-07-06,4.679999828338623,5.039999961853027,4.679999828338623,4.800000190734863,4.800000190734863,7333
2022-07-07,4.920000076293945,5.039999961853027,4.800000190734863,4.920000076293945,4.920000076293945,11208
2022-07-08,4.800000190734863,5.039999961853027,4.679999828338623,5.039999961853027,5.039999961853027,13567
2022-07-11,5.039999961853027,5.039999961853027,4.920000076293945,5.039999961853027,5.039999961853027,4383
2022-07-12,5.039999961853027,5.039999961853027,4.800000190734863,4.920000076293945,4.920000076293945,6367
2022-07-13,4.800000190734863,5.159999847412109,4.800000190734863,4.800000190734863,4.800000190734863,11900
2022-07-14,5.039999961853027,5.159999847412109,4.800000190734863,4.800000190734863,4.800000190734863,16500
2022-07-15,4.800000190734863,5.28000020980835,4.800000190734863,5.159999847412109,5.159999847412109,8375
2022-07-18,5.159999847412109,5.28000020980835,5.159999847412109,5.159999847412109,5.159999847412109,10775
2022-07-19,5.159999847412109,5.400000095367432,4.920000076293945,5.039999961853027,5.039999961853027,16983
2022-07-20,5.039999961853027,5.28000020980835,5.039999961853027,5.039999961853027,5.039999961853027,17858
2022-07-21,5.400000095367432,5.400000095367432,5.039999961853027,5.159999847412109,5.159999847412109,9442
2022-07-22,5.039999961853027,5.28000020980835,4.800000190734863,4.920000076293945,4.920000076293945,7892
2022-07-25,4.920000076293945,5.159999847412109,4.800000190734863,5.039999961853027,5.039999961853027,8792
2022-07-26,5.039999961853027,5.039999961853027,4.800000190734863,4.800000190734863,4.800000190734863,15125
2022-07-27,4.800000190734863,4.920000076293945,4.199999809265137,4.800000190734863,4.800000190734863,13108
2022-07-28,4.800000190734863,4.920000076293945,4.679999828338623,4.800000190734863,4.800000190734863,6658
2022-07-29,4.800000190734863,4.920000076293945,4.679999828338623,4.800000190734863,4.800000190734863,10342
2022-08-01,4.920000076293945,4.920000076293945,4.679999828338623,4.800000190734863,4.800000190734863,11900
2022-08-02,4.800000190734863,5.039999961853027,4.800000190734863,4.920000076293945,4.920000076293945,10525
2022-08-03,4.920000076293945,5.159999847412109,4.679999828338623,4.800000190734863,4.800000190734863,19050
2022-08-04,4.920000076293945,5.039999961853027,4.679999828338623,5.039999961853027,5.039999961853027,23642
2022-08-05,4.920000076293945,5.159999847412109,4.559999942779541,4.920000076293945,4.920000076293945,15233
2022-08-08,5.039999961853027,5.159999847412109,4.800000190734863,5.159999847412109,5.159999847412109,17767
2022-08-09,5.159999847412109,5.159999847412109,4.800000190734863,4.920000076293945,4.920000076293945,14800
2022-08-10,4.800000190734863,5.159999847412109,4.800000190734863,5.039999961853027,5.039999961853027,14608
2022-08-11,5.039999961853027,5.159999847412109,4.920000076293945,5.039999961853027,5.039999961853027,19942
2022-08-12,5.159999847412109,5.880000114440918,5.039999961853027,5.519999980926514,5.519999980926514,60375
2022-08-15,5.760000228881836,5.880000114440918,5.639999866485596,5.760000228881836,5.760000228881836,23817
2022-08-16,5.400000095367432,5.760000228881836,5.039999961853027,5.519999980926514,5.519999980926514,18892
2022-08-17,5.159999847412109,5.519999980926514,5.039999961853027,5.28000020980835,5.28000020980835,15600
2022-08-18,5.28000020980835,5.519999980926514,5.039999961853027,5.400000095367432,5.400000095367432,11083
2022-08-19,5.400000095367432,6.239999771118164,5.039999961853027,5.039999961853027,5.039999961853027,137392
2022-08-22,4.920000076293945,5.400000095367432,4.920000076293945,5.28000020980835,5.28000020980835,28275
2022-08-23,5.28000020980835,5.400000095367432,5.039999961853027,5.28000020980835,5.28000020980835,7425
2022-08-24,5.28000020980835,5.400000095367432,5.159999847412109,5.159999847412109,5.159999847412109,25933
2022-08-25,5.159999847412109,5.400000095367432,5.159999847412109,5.159999847412109,5.159999847412109,10308
2022-08-26,5.159999847412109,5.28000020980835,4.920000076293945,4.920000076293945,4.920000076293945,7708
2022-08-29,4.920000076293945,5.159999847412109,4.920000076293945,5.039999961853027,5.039999961853027,6975
2022-08-30,5.28000020980835,5.28000020980835,4.920000076293945,5.039999961853027,5.039999961853027,5683
2022-08-31,4.920000076293945,5.039999961853027,4.800000190734863,4.800000190734863,4.800000190734863,14050
2022-09-01,4.920000076293945,4.920000076293945,4.320000171661377,4.559999942779541,4.559999942779541,43417
2022-09-02,4.559999942779541,4.559999942779541,4.320000171661377,4.440000057220459,4.440000057220459,13217
2022-09-06,4.559999942779541,4.559999942779541,4.199999809265137,4.320000171661377,4.320000171661377,12350
2022-09-07,4.320000171661377,4.440000057220459,4.320000171661377,4.320000171661377,4.320000171661377,18083
2022-09-08,4.199999809265137,4.440000057220459,4.199999809265137,4.320000171661377,4.320000171661377,11000
2022-09-09,4.559999942779541,4.559999942779541,4.320000171661377,4.320000171661377,4.320000171661377,10650
2022-09-12,4.559999942779541,4.559999942779541,4.320000171661377,4.440000057220459,4.440000057220459,26000
2022-09-13,4.440000057220459,4.559999942779541,4.320000171661377,4.320000171661377,4.320000171661377,8367
2022-09-14,4.320000171661377,4.440000057220459,4.079999923706055,4.199999809265137,4.199999809265137,30317
2022-09-15,4.199999809265137,4.559999942779541,4.079999923706055,4.320000171661377,4.320000171661377,18217
2022-09-16,4.199999809265137,4.320000171661377,4.199999809265137,4.320000171661377,4.320000171661377,11717
2022-09-19,4.079999923706055,4.320000171661377,3.7200000286102295,3.9600000381469727,3.9600000381469727,36142
2022-09-20,3.8399999141693115,3.9600000381469727,3.4800000190734863,3.8399999141693115,3.8399999141693115,22442
2022-09-21,3.8399999141693115,3.9600000381469727,3.5999999046325684,3.5999999046325684,3.5999999046325684,8458
2022-09-22,3.5999999046325684,3.5999999046325684,3.240000009536743,3.4800000190734863,3.4800000190734863,53583
2022-09-23,3.359999895095825,3.359999895095825,3.240000009536743,3.240000009536743,3.240000009536743,23333
2022-09-26,3.240000009536743,3.240000009536743,3.119999885559082,3.240000009536743,3.240000009536743,10500
2022-09-27,3.240000009536743,3.4800000190734863,3.240000009536743,3.359999895095825,3.359999895095825,15008
2022-09-28,3.359999895095825,3.5999999046325684,3.240000009536743,3.5999999046325684,3.5999999046325684,15275
2022-09-29,3.5999999046325684,3.5999999046325684,3.359999895095825,3.4800000190734863,3.4800000190734863,10642
2022-09-30,3.119999885559082,3.7200000286102295,3.119999885559082,3.4800000190734863,3.4800000190734863,9033
2022-10-03,3.240000009536743,3.5999999046325684,3.240000009536743,3.5999999046325684,3.5999999046325684,63642
2022-10-04,3.119999885559082,3.4800000190734863,3.119999885559082,3.119999885559082,3.119999885559082,84683
2022-10-05,3.119999885559082,3.240000009536743,3.119999885559082,3.119999885559082,3.119999885559082,25950
2022-10-06,3.119999885559082,3.240000009536743,3.119999885559082,3.119999885559082,3.119999885559082,12717
2022-10-07,3.119999885559082,3.240000009536743,2.880000114440918,3.0,3.0,29558
2022-10-10,3.0,3.119999885559082,2.640000104904175,2.759999990463257,2.759999990463257,33617
2022-10-11,2.5,2.7300000190734863,2.4100000858306885,2.5,2.5,150000
2022-10-12,2.4600000381469727,2.630000114440918,2.309999942779541,2.430000066757202,2.430000066757202,126000
2022-10-13,2.380000114440918,2.640000104904175,2.2899999618530273,2.490000009536743,2.490000009536743,70300
2022-10-14,2.490000009536743,2.5899999141693115,2.380000114440918,2.380000114440918,2.380000114440918,60200
2022-10-17,2.359999895095825,2.5899999141693115,2.359999895095825,2.440000057220459,2.440000057220459,87900
2022-10-18,2.4600000381469727,2.549999952316284,2.4100000858306885,2.4700000286102295,2.4700000286102295,67700
2022-10-19,2.440000057220459,2.569999933242798,2.4000000953674316,2.4200000762939453,2.4200000762939453,36200
2022-10-20,2.4100000858306885,2.4800000190734863,2.299999952316284,2.299999952316284,2.299999952316284,34200
2022-10-21,2.299999952316284,2.3499999046325684,2.140000104904175,2.2300000190734863,2.2300000190734863,56300
2022-10-24,2.2300000190734863,2.2799999713897705,2.049999952316284,2.0799999237060547,2.0799999237060547,34800
2022-10-25,2.0899999141693115,2.240000009536743,2.069999933242798,2.1500000953674316,2.1500000953674316,30500
2022-10-26,2.130000114440918,2.2799999713897705,2.130000114440918,2.1700000762939453,2.1700000762939453,15700
2022-10-27,2.1600000858306885,2.2100000381469727,2.119999885559082,2.140000104904175,2.140000104904175,17600
2022-10-28,2.1500000953674316,2.2899999618530273,2.1500000953674316,2.25,2.25,17600
2022-10-31,2.2899999618530273,2.5899999141693115,2.180000066757202,2.4800000190734863,2.4800000190734863,160200
2022-11-01,2.5799999237060547,2.5999999046325684,2.4000000953674316,2.4600000381469727,2.4600000381469727,46400
2022-11-02,2.549999952316284,2.880000114440918,2.5,2.7899999618530273,2.7899999618530273,110700
2022-11-03,2.7899999618530273,2.7899999618530273,2.5399999618530273,2.700000047683716,2.700000047683716,80500
2022-11-04,2.680000066757202,2.680000066757202,2.380000114440918,2.390000104904175,2.390000104904175,39800
2022-11-07,2.6700000762939453,2.869999885559082,2.5,2.75,2.75,64800
2022-11-08,2.7100000381469727,3.0799999237060547,2.5999999046325684,2.990000009536743,2.990000009536743,106000
2022-11-09,2.9200000762939453,3.069999933242798,2.7300000190734863,2.759999990463257,2.759999990463257,47600
2022-11-10,2.759999990463257,2.8299999237060547,2.690000057220459,2.75,2.75,27500
2022-11-11,2.740000009536743,3.059999942779541,2.700000047683716,3.0299999713897705,3.0299999713897705,28600
2022-11-14,2.990000009536743,3.259999990463257,2.990000009536743,3.0,3.0,47600
2022-11-15,3.2200000286102295,3.2200000286102295,3.0,3.0299999713897705,3.0299999713897705,40800
2022-11-16,3.0299999713897705,3.140000104904175,3.0,3.0,3.0,8100
2022-11-17,3.0799999237060547,3.119999885559082,2.9600000381469727,2.990000009536743,2.990000009536743,33700
2022-11-18,3.0,3.130000114440918,2.9000000953674316,2.930000066757202,2.930000066757202,15400
2022-11-21,2.869999885559082,2.869999885559082,2.6500000953674316,2.6500000953674316,2.6500000953674316,17500
2022-11-22,2.6500000953674316,2.9000000953674316,2.5999999046325684,2.619999885559082,2.619999885559082,25100
2022-11-23,2.680000066757202,2.7699999809265137,2.5999999046325684,2.7100000381469727,2.7100000381469727,10100
2022-11-25,2.680000066757202,2.700000047683716,2.5899999141693115,2.5899999141693115,2.5899999141693115,3900
2022-11-28,3.240000009536743,3.240000009536743,2.5299999713897705,2.630000114440918,2.630000114440918,23600
2022-11-29,2.640000104904175,2.759999990463257,2.619999885559082,2.6500000953674316,2.6500000953674316,20400
2022-11-30,2.680000066757202,2.759999990463257,2.5999999046325684,2.740000009536743,2.740000009536743,27800
2022-12-01,2.700000047683716,2.950000047683716,2.569999933242798,2.8399999141693115,2.8399999141693115,28800
2022-12-02,2.7200000286102295,2.8299999237060547,2.700000047683716,2.740000009536743,2.740000009536743,20600
2022-12-05,2.5799999237060547,2.8399999141693115,2.5799999237060547,2.700000047683716,2.700000047683716,35900
2022-12-06,2.6500000953674316,2.759999990463257,2.619999885559082,2.7200000286102295,2.7200000286102295,22400
2022-12-07,2.7699999809265137,2.940000057220459,2.7300000190734863,2.9000000953674316,2.9000000953674316,56600
2022-12-08,2.9000000953674316,3.069999933242798,2.799999952316284,2.799999952316284,2.799999952316284,38500
2022-12-09,2.809999942779541,2.9000000953674316,2.6500000953674316,2.7200000286102295,2.7200000286102295,20400
2022-12-12,2.740000009536743,2.740000009536743,2.5999999046325684,2.6600000858306885,2.6600000858306885,20100
2022-12-13,2.7799999713897705,2.7799999713897705,2.569999933242798,2.5999999046325684,2.5999999046325684,25300
2022-12-14,2.5999999046325684,2.5999999046325684,2.4100000858306885,2.440000057220459,2.440000057220459,38400
2022-12-15,2.4100000858306885,2.4600000381469727,2.2699999809265137,2.380000114440918,2.380000114440918,22200
2022-12-16,2.369999885559082,2.440000057220459,2.299999952316284,2.380000114440918,2.380000114440918,14200
2022-12-19,2.3399999141693115,2.3499999046325684,2.0999999046325684,2.109999895095825,2.109999895095825,26900
2022-12-20,2.119999885559082,2.3399999141693115,2.109999895095825,2.200000047683716,2.200000047683716,43800
2022-12-21,2.1500000953674316,2.299999952316284,2.1500000953674316,2.1700000762939453,2.1700000762939453,36400
2022-12-22,2.190000057220459,2.200000047683716,2.049999952316284,2.0999999046325684,2.0999999046325684,31000
2022-12-23,2.0899999141693115,2.0899999141693115,1.9700000286102295,1.9700000286102295,1.9700000286102295,44400
2022-12-27,1.9299999475479126,1.9700000286102295,1.7699999809265137,1.7799999713897705,1.7799999713897705,62500
2022-12-28,1.7400000095367432,1.8700000047683716,1.7400000095367432,1.7899999618530273,1.7899999618530273,28600
2022-12-29,1.7599999904632568,1.940000057220459,1.7599999904632568,1.840000033378601,1.840000033378601,40200
2022-12-30,1.8899999856948853,2.0,1.8300000429153442,1.9500000476837158,1.9500000476837158,112700
2023-01-03,1.940000057220459,2.109999895095825,1.940000057220459,2.0899999141693115,2.0899999141693115,53600
2023-01-04,2.130000114440918,2.130000114440918,2.0299999713897705,2.069999933242798,2.069999933242798,28200
2023-01-05,2.0,2.049999952316284,1.9800000190734863,2.0199999809265137,2.0199999809265137,36400
2023-01-06,2.0199999809265137,2.190000057220459,2.0199999809265137,2.119999885559082,2.119999885559082,143100
2023-01-09,2.190000057220459,2.2300000190734863,2.0999999046325684,2.190000057220459,2.190000057220459,67300
2023-01-10,2.1600000858306885,2.200000047683716,2.0899999141693115,2.0899999141693115,2.0899999141693115,29400
2023-01-11,2.119999885559082,2.240000009536743,2.119999885559082,2.1600000858306885,2.1600000858306885,40400
2023-01-12,2.200000047683716,2.200000047683716,2.069999933242798,2.0799999237060547,2.0799999237060547,30100
2023-01-13,2.109999895095825,2.140000104904175,2.0,2.140000104904175,2.140000104904175,36000
2023-01-17,2.1500000953674316,2.390000104904175,2.069999933242798,2.319999933242798,2.319999933242798,202200
2023-01-18,2.3399999141693115,2.4000000953674316,2.25,2.3499999046325684,2.3499999046325684,36900
2023-01-19,2.390000104904175,2.430000066757202,2.3499999046325684,2.390000104904175,2.390000104904175,36200
2023-01-20,2.359999895095825,2.4000000953674316,2.2699999809265137,2.299999952316284,2.299999952316284,43700
2023-01-23,2.2200000286102295,2.4000000953674316,2.2200000286102295,2.3399999141693115,2.3399999141693115,81800
2023-01-24,2.390000104904175,2.799999952316284,2.390000104904175,2.759999990463257,2.759999990463257,201300
2023-01-25,2.759999990463257,3.0799999237060547,2.609999895095825,3.0199999809265137,3.0199999809265137,187600
2023-01-26,3.049999952316284,3.049999952316284,2.75,2.819999933242798,2.819999933242798,103800
2023-01-27,2.759999990463257,2.880000114440918,2.700000047683716,2.7100000381469727,2.7100000381469727,58800
2023-01-30,2.799999952316284,2.799999952316284,2.6600000858306885,2.680000066757202,2.680000066757202,73900
2023-01-31,2.6600000858306885,2.819999933242798,2.509999990463257,2.819999933242798,2.819999933242798,111500
2023-02-01,2.799999952316284,2.9600000381469727,2.75,2.890000104904175,2.890000104904175,66300
2023-02-02,2.9000000953674316,3.049999952316284,2.9000000953674316,3.049999952316284,3.049999952316284,53400
2023-02-03,3.0,3.1700000762939453,3.0,3.1500000953674316,3.1500000953674316,92200
2023-02-06,3.140000104904175,3.140000104904175,2.9000000953674316,2.930000066757202,2.930000066757202,68000
2023-02-07,2.9100000858306885,2.9100000858306885,2.740000009536743,2.7699999809265137,2.7699999809265137,54200
2023-02-08,2.799999952316284,2.8499999046325684,2.6700000762939453,2.75,2.75,34500
2023-02-09,2.7100000381469727,2.75,2.6500000953674316,2.6700000762939453,2.6700000762939453,31200
2023-02-10,2.700000047683716,2.7200000286102295,2.6600000858306885,2.7100000381469727,2.7100000381469727,19300
2023-02-13,2.7100000381469727,2.799999952316284,2.4200000762939453,2.440000057220459,2.440000057220459,142800
2023-02-14,2.4200000762939453,2.4600000381469727,2.2799999713897705,2.299999952316284,2.299999952316284,55300
2023-02-15,2.380000114440918,2.490000009536743,2.299999952316284,2.4200000762939453,2.4200000762939453,9700
2023-02-16,2.4100000858306885,2.5,2.319999933242798,2.4600000381469727,2.4600000381469727,29400
2023-02-17,2.440000057220459,2.4800000190734863,2.2100000381469727,2.2300000190734863,2.2300000190734863,45200
2023-02-21,2.299999952316284,2.299999952316284,1.9800000190734863,2.059999942779541,2.059999942779541,99200
2023-02-22,2.0299999713897705,2.2300000190734863,1.9900000095367432,2.0,2.0,34900
2023-02-23,2.0799999237060547,2.0799999237060547,1.9900000095367432,2.0199999809265137,2.0199999809265137,12500
2023-02-24,2.0,2.0,1.8799999952316284,1.899999976158142,1.899999976158142,55800
2023-02-27,1.8799999952316284,1.940000057220459,1.8700000047683716,1.9299999475479126,1.9299999475479126,18200
2023-02-28,1.899999976158142,2.049999952316284,1.899999976158142,1.9500000476837158,1.9500000476837158,56700
2023-03-01,1.9500000476837158,1.9800000190734863,1.909999966621399,1.9199999570846558,1.9199999570846558,10100
2023-03-02,1.909999966621399,2.0999999046325684,1.8600000143051147,2.0999999046325684,2.0999999046325684,57000
2023-03-03,2.0999999046325684,2.190000057220459,2.0799999237060547,2.119999885559082,2.119999885559082,35600
2023-03-06,2.0899999141693115,2.180000066757202,2.0199999809265137,2.0899999141693115,2.0899999141693115,47400
2023-03-07,2.190000057220459,2.190000057220459,2.0199999809265137,2.049999952316284,2.049999952316284,14700
2023-03-08,2.0399999618530273,2.190000057220459,2.0299999713897705,2.0999999046325684,2.0999999046325684,24900
2023-03-09,2.109999895095825,2.130000114440918,1.9700000286102295,2.009999990463257,2.009999990463257,17400
2023-03-10,2.009999990463257,2.049999952316284,1.899999976158142,1.9500000476837158,1.9500000476837158,19600
2023-03-13,1.940000057220459,1.9800000190734863,1.850000023841858,1.8600000143051147,1.8600000143051147,21600
2023-03-14,2.0399999618530273,2.0399999618530273,1.8799999952316284,1.899999976158142,1.899999976158142,37300
2023-03-15,1.899999976158142,1.940000057220459,1.850000023841858,1.8700000047683716,1.8700000047683716,11400
2023-03-16,1.8600000143051147,1.9199999570846558,1.850000023841858,1.8799999952316284,1.8799999952316284,26000
2023-03-17,1.9199999570846558,1.9199999570846558,1.7999999523162842,1.850000023841858,1.850000023841858,45500
2023-03-20,1.8700000047683716,1.899999976158142,1.809999942779541,1.840000033378601,1.840000033378601,25500
2023-03-21,1.8300000429153442,1.940000057220459,1.8200000524520874,1.8700000047683716,1.8700000047683716,31000
2023-03-22,1.8300000429153442,1.8899999856948853,1.8200000524520874,1.850000023841858,1.850000023841858,8600
2023-03-23,1.9199999570846558,2.0,1.8300000429153442,1.840000033378601,1.840000033378601,20900
2023-03-24,1.7999999523162842,1.8799999952316284,1.7999999523162842,1.8700000047683716,1.8700000047683716,13000
2023-03-27,1.850000023841858,1.8899999856948853,1.850000023841858,1.850000023841858,1.850000023841858,6000
2023-03-28,1.8200000524520874,1.8700000047683716,1.7999999523162842,1.7999999523162842,1.7999999523162842,15700
2023-03-29,1.840000033378601,1.8899999856948853,1.809999942779541,1.8300000429153442,1.8300000429153442,18600
2023-03-30,1.899999976158142,1.899999976158142,1.850000023841858,1.8799999952316284,1.8799999952316284,32000
2023-03-31,1.8600000143051147,2.0199999809265137,1.8600000143051147,1.9900000095367432,1.9900000095367432,53500
2023-04-03,2.009999990463257,2.0199999809265137,1.9299999475479126,1.9500000476837158,1.9500000476837158,19700
2023-04-04,1.9199999570846558,2.0899999141693115,1.899999976158142,2.049999952316284,2.049999952316284,109300
2023-04-05,2.0299999713897705,2.069999933242798,1.909999966621399,1.940000057220459,1.940000057220459,25000
2023-04-06,1.9800000190734863,1.9900000095367432,1.909999966621399,1.9299999475479126,1.9299999475479126,764400
2023-04-10,2.1500000953674316,2.4200000762939453,2.059999942779541,2.180000066757202,2.180000066757202,1362200
2023-04-11,2.1500000953674316,2.2899999618530273,2.0,2.2799999713897705,2.2799999713897705,142800
2023-04-12,2.3399999141693115,2.569999933242798,2.180000066757202,2.5199999809265137,2.5199999809265137,180300
2023-04-13,2.4100000858306885,2.5899999141693115,2.4100000858306885,2.509999990463257,2.509999990463257,68200
2023-04-14,2.450000047683716,2.490000009536743,2.2799999713897705,2.380000114440918,2.380000114440918,48700
2023-04-17,2.380000114440918,2.549999952316284,2.2699999809265137,2.5399999618530273,2.5399999618530273,90800
2023-04-18,2.4700000286102295,2.7300000190734863,2.3499999046325684,2.5799999237060547,2.5799999237060547,60200
2023-04-19,2.509999990463257,2.630000114440918,2.4700000286102295,2.5299999713897705,2.5299999713897705,24200
2023-04-20,2.4700000286102295,2.4800000190734863,2.369999885559082,2.369999885559082,2.369999885559082,33100
2023-04-21,2.369999885559082,2.4800000190734863,2.369999885559082,2.4800000190734863,2.4800000190734863,23700
2023-04-24,2.490000009536743,2.630000114440918,2.490000009536743,2.630000114440918,2.630000114440918,42700
2023-04-25,2.6600000858306885,2.680000066757202,2.4800000190734863,2.5199999809265137,2.5199999809265137,52900
2023-04-26,2.450000047683716,2.509999990463257,2.369999885559082,2.450000047683716,2.450000047683716,42300
2023-04-27,2.390000104904175,2.5,2.390000104904175,2.5,2.5,39900
2023-04-28,2.440000057220459,2.5299999713897705,2.440000057220459,2.4800000190734863,2.4800000190734863,11200
2023-05-01,2.440000057220459,2.5,2.380000114440918,2.4200000762939453,2.4200000762939453,25400
2023-05-02,2.359999895095825,2.5199999809265137,2.3299999237060547,2.4700000286102295,2.4700000286102295,105000
2023-05-03,2.5,2.6500000953674316,2.430000066757202,2.5299999713897705,2.5299999713897705,48000
2023-05-04,2.5299999713897705,2.5799999237060547,2.5299999713897705,2.5299999713897705,2.5299999713897705,15300
2023-05-05,2.5299999713897705,2.5999999046325684,2.5199999809265137,2.559999942779541,2.559999942779541,22600
2023-05-08,2.5299999713897705,2.799999952316284,2.490000009536743,2.759999990463257,2.759999990463257,47000
2023-05-09,2.7899999618530273,2.880000114440918,2.6700000762939453,2.809999942779541,2.809999942779541,47500
2023-05-10,2.9000000953674316,2.9000000953674316,2.75,2.7699999809265137,2.7699999809265137,26200
2023-05-11,2.7100000381469727,2.740000009536743,2.609999895095825,2.690000057220459,2.690000057220459,29200
2023-05-12,2.640000104904175,2.690000057220459,2.619999885559082,2.6500000953674316,2.6500000953674316,18100
2023-05-15,2.5799999237060547,2.7899999618530273,2.4800000190734863,2.509999990463257,2.509999990463257,42400
2023-05-16,2.5199999809265137,2.6500000953674316,2.5199999809265137,2.549999952316284,2.549999952316284,31600
2023-05-17,2.5199999809265137,2.5999999046325684,2.3499999046325684,2.4000000953674316,2.4000000953674316,75600
2023-05-18,2.3299999237060547,2.4700000286102295,2.240000009536743,2.299999952316284,2.299999952316284,21600
2023-05-19,2.2300000190734863,2.3499999046325684,2.2300000190734863,2.299999952316284,2.299999952316284,16400
2023-05-22,2.2899999618530273,2.4200000762939453,2.2899999618530273,2.369999885559082,2.369999885559082,16800
2023-05-23,2.3299999237060547,2.4200000762939453,2.3299999237060547,2.4000000953674316,2.4000000953674316,11500
2023-05-24,2.3299999237060547,2.359999895095825,2.2200000286102295,2.2799999713897705,2.2799999713897705,47600
2023-05-25,2.259999990463257,2.359999895095825,2.200000047683716,2.2300000190734863,2.2300000190734863,11300
2023-05-26,2.200000047683716,2.380000114440918,2.200000047683716,2.259999990463257,2.259999990463257,41800
2023-05-30,2.200000047683716,2.3299999237060547,2.190000057220459,2.2300000190734863,2.2300000190734863,25300
2023-05-31,2.240000009536743,2.2899999618530273,2.130000114440918,2.1600000858306885,2.1600000858306885,28800
2023-06-01,2.180000066757202,2.2300000190734863,2.140000104904175,2.2300000190734863,2.2300000190734863,7800
2023-06-02,2.1700000762939453,2.299999952316284,2.1700000762939453,2.2200000286102295,2.2200000286102295,27200
2023-06-05,2.200000047683716,2.299999952316284,2.0999999046325684,2.180000066757202,2.180000066757202,36900
2023-06-06,2.1600000858306885,2.5,2.1600000858306885,2.4800000190734863,2.4800000190734863,112400
2023-06-07,2.4600000381469727,2.6700000762939453,2.4000000953674316,2.6700000762939453,2.6700000762939453,32000
2023-06-08,2.6700000762939453,2.7899999618530273,2.609999895095825,2.640000104904175,2.640000104904175,46900
2023-06-09,2.569999933242798,2.6500000953674316,2.5399999618530273,2.5799999237060547,2.5799999237060547,10000
2023-06-12,2.549999952316284,2.630000114440918,2.450000047683716,2.5299999713897705,2.5299999713897705,24400
2023-06-13,2.5199999809265137,2.6700000762939453,2.509999990463257,2.5999999046325684,2.5999999046325684,31200
2023-06-14,2.609999895095825,2.640000104904175,2.549999952316284,2.549999952316284,2.549999952316284,27700
2023-06-15,2.619999885559082,2.7200000286102295,2.5199999809265137,2.609999895095825,2.609999895095825,58800
2023-06-16,2.5799999237060547,2.630000114440918,2.450000047683716,2.450000047683716,2.450000047683716,50400
2023-06-20,2.4600000381469727,2.5399999618530273,2.3299999237060547,2.4700000286102295,2.4700000286102295,32100
2023-06-21,2.4200000762939453,2.450000047683716,2.3499999046325684,2.369999885559082,2.369999885559082,15800
2023-06-22,2.630000114440918,2.630000114440918,2.309999942779541,2.5399999618530273,2.5399999618530273,35400
2023-06-23,2.5199999809265137,2.5299999713897705,2.380000114440918,2.4000000953674316,2.4000000953674316,12400
2023-06-26,2.5199999809265137,2.5199999809265137,2.4000000953674316,2.490000009536743,2.490000009536743,16300
2023-06-27,2.4100000858306885,2.4700000286102295,2.4000000953674316,2.4100000858306885,2.4100000858306885,16100
2023-06-28,2.4000000953674316,2.440000057220459,2.359999895095825,2.359999895095825,2.359999895095825,12400
2023-06-29,2.4000000953674316,2.4600000381469727,2.359999895095825,2.4600000381469727,2.4600000381469727,9900
2023-06-30,2.430000066757202,2.430000066757202,2.359999895095825,2.390000104904175,2.390000104904175,27300
2023-07-03,2.4200000762939453,2.490000009536743,2.4200000762939453,2.4700000286102295,2.4700000286102295,7900
2023-07-05,2.490000009536743,2.490000009536743,2.4100000858306885,2.4200000762939453,2.4200000762939453,10400
2023-07-06,2.4100000858306885,2.4800000190734863,2.3299999237060547,2.4000000953674316,2.4000000953674316,16800
2023-07-07,2.3499999046325684,2.380000114440918,2.299999952316284,2.3299999237060547,2.3299999237060547,28700
2023-07-10,2.369999885559082,2.369999885559082,2.299999952316284,2.3299999237060547,2.3299999237060547,5100
2023-07-11,2.3299999237060547,2.390000104904175,2.299999952316284,2.390000104904175,2.390000104904175,12300
2023-07-12,2.4000000953674316,2.619999885559082,2.4000000953674316,2.609999895095825,2.609999895095825,41600
2023-07-13,2.630000114440918,2.6500000953674316,2.5299999713897705,2.5999999046325684,2.5999999046325684,25000
2023-07-14,2.630000114440918,2.640000104904175,2.5,2.5299999713897705,2.5299999713897705,18700
2023-07-17,2.5299999713897705,2.619999885559082,2.450000047683716,2.5999999046325684,2.5999999046325684,12900
2023-07-18,2.640000104904175,2.799999952316284,2.609999895095825,2.6700000762939453,2.6700000762939453,50800
2023-07-19,2.75,2.7899999618530273,2.6600000858306885,2.740000009536743,2.740000009536743,28400
2023-07-20,2.690000057220459,2.7699999809265137,2.690000057220459,2.7300000190734863,2.7300000190734863,13700
2023-07-21,2.700000047683716,2.7300000190734863,2.680000066757202,2.690000057220459,2.690000057220459,19100
2023-07-24,2.690000057220459,2.7300000190734863,2.569999933242798,2.690000057220459,2.690000057220459,10300
2023-07-25,2.7100000381469727,2.7100000381469727,2.619999885559082,2.630000114440918,2.630000114440918,11800
2023-07-26,2.6700000762939453,2.6700000762939453,2.569999933242798,2.6600000858306885,2.6600000858306885,30900
2023-07-27,2.609999895095825,2.609999895095825,2.509999990463257,2.5199999809265137,2.5199999809265137,14200
2023-07-28,2.4600000381469727,2.630000114440918,2.440000057220459,2.5299999713897705,2.5299999713897705,29100
2023-07-31,2.490000009536743,2.7300000190734863,2.4800000190734863,2.6600000858306885,2.6600000858306885,34000
2023-08-01,2.5799999237060547,2.690000057220459,2.569999933242798,2.569999933242798,2.569999933242798,18200
2023-08-02,2.5299999713897705,2.690000057220459,2.5199999809265137,2.630000114440918,2.630000114440918,14400
2023-08-03,2.549999952316284,2.7799999713897705,2.549999952316284,2.6700000762939453,2.6700000762939453,48400
2023-08-04,2.690000057220459,2.7200000286102295,2.619999885559082,2.640000104904175,2.640000104904175,10400
2023-08-07,2.6600000858306885,2.6600000858306885,2.569999933242798,2.569999933242798,2.569999933242798,26500
2023-08-08,2.6700000762939453,2.880000114440918,2.5999999046325684,2.759999990463257,2.759999990463257,97300
2023-08-09,2.690000057220459,3.1600000858306885,2.690000057220459,3.140000104904175,3.140000104904175,131300
2023-08-10,3.180000066757202,3.2899999618530273,2.859999895095825,2.950000047683716,2.950000047683716,49800
2023-08-11,2.950000047683716,2.9800000190734863,2.740000009536743,2.890000104904175,2.890000104904175,35100
2023-08-14,2.799999952316284,3.069999933242798,2.799999952316284,3.009999990463257,3.009999990463257,39200
2023-08-15,3.0,3.0999999046325684,2.9000000953674316,2.950000047683716,2.950000047683716,14600
2023-08-16,3.0399999618530273,3.0399999618530273,2.809999942779541,2.859999895095825,2.859999895095825,16500
2023-08-17,2.9600000381469727,2.9600000381469727,2.7200000286102295,2.740000009536743,2.740000009536743,21000
2023-08-18,2.7100000381469727,2.869999885559082,2.700000047683716,2.7200000286102295,2.7200000286102295,8900
2023-08-21,2.700000047683716,2.759999990463257,2.619999885559082,2.6600000858306885,2.6600000858306885,7700
2023-08-22,2.7899999618530273,2.9800000190734863,2.700000047683716,2.9000000953674316,2.9000000953674316,46400
2023-08-23,2.859999895095825,3.0,2.859999895095825,2.9000000953674316,2.9000000953674316,14600
2023-08-24,2.9000000953674316,2.940000057220459,2.759999990463257,2.809999942779541,2.809999942779541,3200
2023-08-25,2.740000009536743,2.9200000762939453,2.740000009536743,2.859999895095825,2.859999895095825,10900
2023-08-28,2.8399999141693115,3.009999990463257,2.8299999237060547,2.880000114440918,2.880000114440918,31300
2023-08-29,2.8399999141693115,2.940000057220459,2.7200000286102295,2.880000114440918,2.880000114440918,24700
2023-08-30,2.799999952316284,3.049999952316284,2.799999952316284,2.950000047683716,2.950000047683716,31600
2023-08-31,2.9100000858306885,3.240000009536743,2.9100000858306885,3.0,3.0,89100
2023-09-01,3.119999885559082,3.119999885559082,2.759999990463257,2.7799999713897705,2.7799999713897705,145400
2023-09-05,2.7200000286102295,2.8299999237060547,2.4800000190734863,2.549999952316284,2.549999952316284,86000
2023-09-06,2.5999999046325684,2.7100000381469727,2.450000047683716,2.490000009536743,2.490000009536743,64300
2023-09-07,2.4800000190734863,2.4800000190734863,2.1600000858306885,2.1600000858306885,2.1600000858306885,111400
2023-09-08,2.1600000858306885,2.190000057220459,2.0,2.059999942779541,2.059999942779541,66100
2023-09-11,2.0299999713897705,2.2200000286102295,2.0299999713897705,2.0899999141693115,2.0899999141693115,17800
2023-09-12,2.049999952316284,2.130000114440918,2.0,2.0,2.0,20100
2023-09-13,2.059999942779541,2.069999933242798,1.9900000095367432,1.9900000095367432,1.9900000095367432,19500
2023-09-14,1.9700000286102295,2.0899999141693115,1.9600000381469727,2.0399999618530273,2.0399999618530273,11400
2023-09-15,2.0299999713897705,2.0999999046325684,1.9500000476837158,1.9800000190734863,1.9800000190734863,33300
2023-09-18,2.059999942779541,2.2699999809265137,2.0,2.0299999713897705,2.0299999713897705,33300
2023-09-19,2.0,2.0799999237060547,1.9800000190734863,2.0,2.0,8900
2023-09-20,2.049999952316284,2.0999999046325684,1.9900000095367432,2.0,2.0,20300
2023-09-21,2.0299999713897705,2.0899999141693115,1.9800000190734863,1.9800000190734863,1.9800000190734863,18000
2023-09-22,1.9800000190734863,2.0399999618530273,1.899999976158142,1.899999976158142,1.899999976158142,9800
2023-09-25,1.809999942779541,2.059999942779541,1.7999999523162842,2.0,2.0,23800
2023-09-26,2.180000066757202,2.180000066757202,2.0199999809265137,2.130000114440918,2.130000114440918,27000
2023-09-27,2.069999933242798,2.0999999046325684,1.9199999570846558,1.9600000381469727,1.9600000381469727,12100
2023-09-28,1.9600000381469727,2.0799999237060547,1.8899999856948853,1.9500000476837158,1.9500000476837158,15000
2023-09-29,1.9299999475479126,2.0,1.8300000429153442,1.8700000047683716,1.8700000047683716,20200
2023-10-02,1.8700000047683716,1.899999976158142,1.8200000524520874,1.8799999952316284,1.8799999952316284,14200
2023-10-03,1.840000033378601,1.9199999570846558,1.809999942779541,1.8899999856948853,1.8899999856948853,6900
2023-10-04,1.899999976158142,1.9600000381469727,1.850000023841858,1.9600000381469727,1.9600000381469727,7000
2023-10-05,2.069999933242798,2.109999895095825,1.9800000190734863,2.0399999618530273,2.0399999618530273,32000
2023-10-06,1.9500000476837158,2.130000114440918,1.840000033378601,2.0399999618530273,2.0399999618530273,44800
2023-10-09,1.9900000095367432,2.0899999141693115,1.940000057220459,1.940000057220459,1.940000057220459,5500
2023-10-10,1.9299999475479126,2.009999990463257,1.909999966621399,1.9800000190734863,1.9800000190734863,16300
2023-10-11,1.940000057220459,1.9800000190734863,1.8799999952316284,1.899999976158142,1.899999976158142,11800
2023-10-12,1.899999976158142,1.9299999475479126,1.7999999523162842,1.8799999952316284,1.8799999952316284,22000
2023-10-13,1.8899999856948853,1.8899999856948853,1.7999999523162842,1.840000033378601,1.840000033378601,16300
2023-10-16,1.850000023841858,1.9199999570846558,1.809999942779541,1.850000023841858,1.850000023841858,7700
2023-10-17,1.8899999856948853,1.8899999856948853,1.7999999523162842,1.8200000524520874,1.8200000524520874,14000
2023-10-18,1.8300000429153442,1.8600000143051147,1.7999999523162842,1.8600000143051147,1.8600000143051147,6700
2023-10-19,1.8200000524520874,1.8200000524520874,1.649999976158142,1.6799999475479126,1.6799999475479126,35100
2023-10-20,1.7000000476837158,1.75,1.659999966621399,1.7000000476837158,1.7000000476837158,17300
2023-10-23,1.649999976158142,1.7799999713897705,1.6200000047683716,1.6200000047683716,1.6200000047683716,19400
2023-10-24,1.6200000047683716,1.8300000429153442,1.6200000047683716,1.6399999856948853,1.6399999856948853,14100
2023-10-25,1.6299999952316284,1.7899999618530273,1.6100000143051147,1.659999966621399,1.659999966621399,11300
2023-10-26,1.5700000524520874,1.690000057220459,1.559999942779541,1.690000057220459,1.690000057220459,7900
2023-10-27,1.6100000143051147,1.7000000476837158,1.590000033378601,1.6299999952316284,1.6299999952316284,9400
2023-10-30,1.590000033378601,1.649999976158142,1.5800000429153442,1.6200000047683716,1.6200000047683716,13000
2023-10-31,1.600000023841858,1.7599999904632568,1.600000023841858,1.7100000381469727,1.7100000381469727,11000
2023-11-01,1.7200000286102295,1.75,1.6799999475479126,1.6799999475479126,1.6799999475479126,6700
2023-11-02,1.690000057220459,1.7799999713897705,1.690000057220459,1.7799999713897705,1.7799999713897705,13900
2023-11-03,1.6399999856948853,1.7999999523162842,1.6299999952316284,1.7599999904632568,1.7599999904632568,8400
2023-11-06,1.7699999809265137,1.7999999523162842,1.7300000190734863,1.75,1.75,10800
2023-11-07,1.7200000286102295,1.7799999713897705,1.690000057220459,1.7300000190734863,1.7300000190734863,23700
2023-11-08,1.7000000476837158,1.7799999713897705,1.6699999570846558,1.7300000190734863,1.7300000190734863,5400
2023-11-09,1.7300000190734863,1.7999999523162842,1.7100000381469727,1.7999999523162842,1.7999999523162842,18100
2023-11-10,1.7999999523162842,1.909999966621399,1.7400000095367432,1.899999976158142,1.899999976158142,18900
2023-11-13,1.809999942779541,1.899999976158142,1.809999942779541,1.8799999952316284,1.8799999952316284,23500
2023-11-14,1.9700000286102295,1.9900000095367432,1.8799999952316284,1.8799999952316284,1.8799999952316284,36200
2023-11-15,1.8899999856948853,1.9299999475479126,1.809999942779541,1.809999942779541,1.809999942779541,16600
2023-11-16,1.8700000047683716,1.8700000047683716,1.559999942779541,1.5700000524520874,1.5700000524520874,67000
2023-11-17,1.5499999523162842,1.7400000095367432,1.5499999523162842,1.690000057220459,1.690000057220459,48700
2023-11-20,1.690000057220459,1.7999999523162842,1.6100000143051147,1.6399999856948853,1.6399999856948853,7500
2023-11-21,1.7000000476837158,1.7000000476837158,1.6299999952316284,1.6299999952316284,1.6299999952316284,14900
2023-11-22,1.600000023841858,1.6200000047683716,1.4800000190734863,1.4900000095367432,1.4900000095367432,45800
2023-11-24,1.4800000190734863,1.559999942779541,1.3799999952316284,1.4600000381469727,1.4600000381469727,43200
2023-11-27,1.6200000047683716,1.7999999523162842,1.600000023841858,1.7100000381469727,1.7100000381469727,57700
2023-11-28,1.7899999618530273,1.9199999570846558,1.6699999570846558,1.840000033378601,1.840000033378601,40400
2023-11-29,1.7999999523162842,1.899999976158142,1.7000000476837158,1.850000023841858,1.850000023841858,14500
2023-11-30,1.9900000095367432,1.9900000095367432,1.840000033378601,1.899999976158142,1.899999976158142,37600
2023-12-01,1.8700000047683716,1.8799999952316284,1.809999942779541,1.8600000143051147,1.8600000143051147,14700
2023-12-04,1.7899999618530273,1.7899999618530273,1.659999966621399,1.7300000190734863,1.7300000190734863,38700
2023-12-05,1.7899999618530273,1.7899999618530273,1.649999976158142,1.690000057220459,1.690000057220459,21900
2023-12-06,1.6799999475479126,1.7599999904632568,1.649999976158142,1.690000057220459,1.690000057220459,10600
2023-12-07,1.7300000190734863,1.7999999523162842,1.7100000381469727,1.7699999809265137,1.7699999809265137,11000
2023-12-08,1.7999999523162842,1.7999999523162842,1.7100000381469727,1.7200000286102295,1.7200000286102295,8100
2023-12-11,1.7899999618530273,1.7899999618530273,1.6200000047683716,1.7300000190734863,1.7300000190734863,21300
2023-12-12,1.7400000095367432,1.7899999618530273,1.7200000286102295,1.7599999904632568,1.7599999904632568,11300
2023-12-13,1.75,1.8300000429153442,1.7100000381469727,1.7999999523162842,1.7999999523162842,15000
2023-12-14,1.7999999523162842,1.840000033378601,1.7599999904632568,1.809999942779541,1.809999942779541,5900
2023-12-15,1.7599999904632568,1.9600000381469727,1.7599999904632568,1.8899999856948853,1.8899999856948853,17300
2023-12-18,1.8600000143051147,1.9199999570846558,1.8200000524520874,1.850000023841858,1.850000023841858,12400
2023-12-19,1.809999942779541,1.899999976158142,1.7799999713897705,1.8300000429153442,1.8300000429153442,21300
2023-12-20,1.850000023841858,1.8899999856948853,1.7799999713897705,1.850000023841858,1.850000023841858,11500
2023-12-21,1.9199999570846558,1.9199999570846558,1.8300000429153442,1.8899999856948853,1.8899999856948853,15800
2023-12-22,1.7300000190734863,1.8799999952316284,1.649999976158142,1.8300000429153442,1.8300000429153442,54000
2023-12-26,1.7899999618530273,1.8799999952316284,1.7699999809265137,1.809999942779541,1.809999942779541,18000
2023-12-27,1.7699999809265137,1.840000033378601,1.7599999904632568,1.7599999904632568,1.7599999904632568,11700
2023-12-28,1.7999999523162842,1.7999999523162842,1.75,1.75,1.75,18400
2023-12-29,1.75,1.840000033378601,1.649999976158142,1.7200000286102295,1.7200000286102295,21700
2024-01-02,1.7400000095367432,1.809999942779541,1.690000057220459,1.7599999904632568,1.7599999904632568,13900
2024-01-03,1.7899999618530273,1.809999942779541,1.6699999570846558,1.7899999618530273,1.7899999618530273,6900
2024-01-04,1.7999999523162842,1.850000023841858,1.7100000381469727,1.7899999618530273,1.7899999618530273,27500
2024-01-05,1.809999942779541,1.850000023841858,1.7899999618530273,1.8200000524520874,1.8200000524520874,8100
2024-01-08,1.8300000429153442,1.8300000429153442,1.7100000381469727,1.8300000429153442,1.8300000429153442,5500
2024-01-09,1.8300000429153442,1.8899999856948853,1.75,1.7899999618530273,1.7899999618530273,21400
2024-01-10,1.809999942779541,1.8200000524520874,1.7599999904632568,1.7999999523162842,1.7999999523162842,7500
2024-01-11,1.75,1.7699999809265137,1.6799999475479126,1.7000000476837158,1.7000000476837158,7500
2024-01-12,1.7300000190734863,1.7300000190734863,1.6699999570846558,1.6699999570846558,1.6699999570846558,6000
2024-01-16,1.6699999570846558,1.7300000190734863,1.649999976158142,1.6699999570846558,1.6699999570846558,7700
2024-01-17,1.659999966621399,1.690000057220459,1.6200000047683716,1.6200000047683716,1.6200000047683716,5500
2024-01-18,1.6100000143051147,1.7200000286102295,1.5299999713897705,1.5700000524520874,1.5700000524520874,10000
2024-01-19,1.5299999713897705,1.6399999856948853,1.5299999713897705,1.6200000047683716,1.6200000047683716,17700
2024-01-22,1.590000033378601,1.7000000476837158,1.5099999904632568,1.5299999713897705,1.5299999713897705,11300
2024-01-23,1.600000023841858,1.6100000143051147,1.4600000381469727,1.4700000286102295,1.4700000286102295,23700
2024-01-24,1.559999942779541,1.6299999952316284,1.5499999523162842,1.5800000429153442,1.5800000429153442,21600
2024-01-25,1.6299999952316284,1.6299999952316284,1.5199999809265137,1.590000033378601,1.590000033378601,8500
2024-01-26,1.5399999618530273,1.6299999952316284,1.5299999713897705,1.5800000429153442,1.5800000429153442,14500
2024-01-29,1.6200000047683716,1.6699999570846558,1.559999942779541,1.600000023841858,1.600000023841858,8500
2024-01-30,1.600000023841858,1.6799999475479126,1.5800000429153442,1.6100000143051147,1.6100000143051147,10100
2024-01-31,1.600000023841858,1.6799999475479126,1.5700000524520874,1.590000033378601,1.590000033378601,13000
2024-02-01,1.600000023841858,1.649999976158142,1.5800000429153442,1.6299999952316284,1.6299999952316284,4100
2024-02-02,1.590000033378601,1.6799999475479126,1.559999942779541,1.6100000143051147,1.6100000143051147,18800
2024-02-05,1.5499999523162842,1.6399999856948853,1.5499999523162842,1.5499999523162842,1.5499999523162842,5800
2024-02-06,1.590000033378601,1.590000033378601,1.5,1.5099999904632568,1.5099999904632568,7100
2024-02-07,1.4900000095367432,1.600000023841858,1.4900000095367432,1.5199999809265137,1.5199999809265137,5100
2024-02-08,1.4900000095367432,1.590000033378601,1.4900000095367432,1.5,1.5,7600
2024-02-09,1.5,1.559999942779541,1.5,1.5299999713897705,1.5299999713897705,9100
2024-02-12,1.5499999523162842,1.600000023841858,1.5,1.5399999618530273,1.5399999618530273,20700
2024-02-13,1.590000033378601,1.590000033378601,1.5099999904632568,1.5700000524520874,1.5700000524520874,4900
2024-02-14,1.590000033378601,1.600000023841858,1.5099999904632568,1.590000033378601,1.590000033378601,7900
2024-02-15,1.5099999904632568,1.590000033378601,1.5099999904632568,1.5399999618530273,1.5399999618530273,3000
2024-02-16,1.5,1.5800000429153442,1.5,1.5700000524520874,1.5700000524520874,16500
2024-02-20,1.4700000286102295,1.5,1.3300000429153442,1.4500000476837158,1.4500000476837158,26200
2024-02-21,1.399999976158142,1.5199999809265137,1.3899999856948853,1.5099999904632568,1.5099999904632568,14000
2024-02-22,1.5399999618530273,1.5399999618530273,1.4500000476837158,1.4500000476837158,1.4500000476837158,4800
2024-02-23,1.3799999952316284,1.5099999904632568,1.3799999952316284,1.440000057220459,1.440000057220459,8200
2024-02-26,1.4900000095367432,1.5,1.409999966621399,1.4700000286102295,1.4700000286102295,15500
2024-02-27,1.3899999856948853,1.4900000095367432,1.3899999856948853,1.4500000476837158,1.4500000476837158,10300
2024-02-28,1.399999976158142,1.4600000381469727,1.399999976158142,1.4600000381469727,1.4600000381469727,6200
2024-02-29,1.4500000476837158,1.5,1.4299999475479126,1.4299999475479126,1.4299999475479126,6200
2024-03-01,1.440000057220459,1.5499999523162842,1.4299999475479126,1.4800000190734863,1.4800000190734863,30800
2024-03-04,1.4500000476837158,1.5299999713897705,1.440000057220459,1.5099999904632568,1.5099999904632568,27400
2024-03-05,1.5099999904632568,1.5499999523162842,1.4600000381469727,1.5499999523162842,1.5499999523162842,7800
2024-03-06,1.5800000429153442,1.5800000429153442,1.4500000476837158,1.5399999618530273,1.5399999618530273,9500
2024-03-07,1.4700000286102295,1.5,1.4500000476837158,1.4700000286102295,1.4700000286102295,5900
2024-03-08,1.409999966621399,1.5499999523162842,1.399999976158142,1.4500000476837158,1.4500000476837158,18800
2024-03-11,1.5099999904632568,1.5099999904632568,1.399999976158142,1.4800000190734863,1.4800000190734863,9800
2024-03-12,1.4299999475479126,1.4800000190734863,1.4299999475479126,1.4600000381469727,1.4600000381469727,8000
2024-03-13,1.440000057220459,1.5199999809265137,1.4199999570846558,1.4700000286102295,1.4700000286102295,17500
2024-03-14,1.4800000190734863,1.5,1.440000057220459,1.4700000286102295,1.4700000286102295,11500
2024-03-15,1.5499999523162842,1.5499999523162842,1.5,1.5199999809265137,1.5199999809265137,11400
2024-03-18,1.5499999523162842,1.559999942779541,1.4500000476837158,1.4800000190734863,1.4800000190734863,17300
2024-03-19,1.5,1.5,1.409999966621399,1.4199999570846558,1.4199999570846558,17000
2024-03-20,1.4900000095367432,1.5199999809265137,1.4299999475479126,1.5199999809265137,1.5199999809265137,12700
2024-03-21,1.5,1.5800000429153442,1.5,1.5099999904632568,1.5099999904632568,13400
2024-03-22,1.5099999904632568,1.5399999618530273,1.4700000286102295,1.5299999713897705,1.5299999713897705,4700
2024-03-25,1.5099999904632568,1.5499999523162842,1.4700000286102295,1.5,1.5,8300
2024-03-26,1.5,1.5499999523162842,1.4800000190734863,1.4900000095367432,1.4900000095367432,7200
2024-03-27,1.4800000190734863,1.5199999809265137,1.4600000381469727,1.5,1.5,11800
2024-03-28,1.5299999713897705,1.7400000095367432,1.399999976158142,1.399999976158142,1.399999976158142,83000
2024-04-01,1.5,1.5499999523162842,1.399999976158142,1.5,1.5,37800
2024-04-02,1.5099999904632568,1.5499999523162842,1.4600000381469727,1.4800000190734863,1.4800000190734863,10000
2024-04-03,1.4800000190734863,1.5499999523162842,1.4199999570846558,1.4299999475479126,1.4299999475479126,8300
2024-04-04,1.4299999475479126,1.5399999618530273,1.4199999570846558,1.4700000286102295,1.4700000286102295,21800
2024-04-05,1.4199999570846558,1.6299999952316284,1.4199999570846558,1.600000023841858,1.600000023841858,60300
2024-04-08,1.649999976158142,1.6699999570846558,1.5199999809265137,1.559999942779541,1.559999942779541,9000
2024-04-09,1.5399999618530273,1.600000023841858,1.5199999809265137,1.5499999523162842,1.5499999523162842,9600
2024-04-10,1.5700000524520874,1.600000023841858,1.5,1.5800000429153442,1.5800000429153442,10000
2024-04-11,1.5800000429153442,1.5800000429153442,1.5099999904632568,1.5499999523162842,1.5499999523162842,7600
2024-04-12,1.559999942779541,1.559999942779541,1.440000057220459,1.4500000476837158,1.4500000476837158,13400
2024-04-15,1.4500000476837158,1.4900000095367432,1.3899999856948853,1.409999966621399,1.409999966621399,22300
2024-04-16,1.399999976158142,1.5199999809265137,1.350000023841858,1.4600000381469727,1.4600000381469727,19200
2024-04-17,1.4700000286102295,1.5299999713897705,1.4199999570846558,1.4299999475479126,1.4299999475479126,8400
2024-04-18,1.4700000286102295,1.5,1.4600000381469727,1.5,1.5,5100
2024-04-19,1.5499999523162842,1.600000023841858,1.4800000190734863,1.5299999713897705,1.5299999713897705,7600
2024-04-22,1.5299999713897705,1.5700000524520874,1.5099999904632568,1.5199999809265137,1.5199999809265137,9700
2024-04-23,1.590000033378601,1.590000033378601,1.559999942779541,1.559999942779541,1.559999942779541,700
2024-04-24,1.590000033378601,1.590000033378601,1.5,1.559999942779541,1.559999942779541,3900
2024-04-25,1.559999942779541,1.5700000524520874,1.5099999904632568,1.5099999904632568,1.5099999904632568,1700
2024-04-26,1.5499999523162842,1.5800000429153442,1.5,1.559999942779541,1.559999942779541,29500
2024-04-29,1.5199999809265137,1.5399999618530273,1.4900000095367432,1.5399999618530273,1.5399999618530273,2200
2024-04-30,1.5499999523162842,1.5499999523162842,1.5199999809265137,1.5499999523162842,1.5499999523162842,1500
2024-05-01,1.600000023841858,1.600000023841858,1.5199999809265137,1.5299999713897705,1.5299999713897705,23300
2024-05-02,1.590000033378601,1.590000033378601,1.5199999809265137,1.590000033378601,1.590000033378601,17300
2024-05-03,1.600000023841858,1.7300000190734863,1.590000033378601,1.6299999952316284,1.6299999952316284,25400
2024-05-06,1.6100000143051147,1.690000057220459,1.6100000143051147,1.6100000143051147,1.6100000143051147,8200
2024-05-07,1.600000023841858,1.6399999856948853,1.5499999523162842,1.5700000524520874,1.5700000524520874,9200
2024-05-08,1.600000023841858,1.649999976158142,1.600000023841858,1.6100000143051147,1.6100000143051147,13800
2024-05-09,1.649999976158142,1.7799999713897705,1.6299999952316284,1.75,1.75,88000
2024-05-10,1.7200000286102295,1.9600000381469727,1.7000000476837158,1.7300000190734863,1.7300000190734863,47200
2024-05-13,1.809999942779541,1.809999942779541,1.7000000476837158,1.7300000190734863,1.7300000190734863,16700
2024-05-14,1.7599999904632568,1.9600000381469727,1.7599999904632568,1.8700000047683716,1.8700000047683716,14200
2024-05-15,1.909999966621399,2.1500000953674316,1.8899999856948853,2.0999999046325684,2.0999999046325684,69700
2024-05-16,2.0999999046325684,2.0999999046325684,1.9299999475479126,1.9700000286102295,1.9700000286102295,24300
2024-05-17,1.899999976158142,2.069999933242798,1.7999999523162842,1.9500000476837158,1.9500000476837158,8000
2024-05-20,1.8899999856948853,1.9299999475479126,1.840000033378601,1.899999976158142,1.899999976158142,9300
2024-05-21,1.909999966621399,1.909999966621399,1.899999976158142,1.899999976158142,1.899999976158142,13700
2024-05-22,1.8899999856948853,2.1500000953674316,1.7699999809265137,2.130000114440918,2.130000114440918,101700
2024-05-23,2.0899999141693115,2.240000009536743,1.809999942779541,2.069999933242798,2.069999933242798,36900
2024-05-24,2.0999999046325684,2.3499999046325684,1.8899999856948853,2.200000047683716,2.200000047683716,147800
2024-05-28,2.25,2.3299999237060547,2.119999885559082,2.25,2.25,108900
2024-05-29,2.240000009536743,2.3299999237060547,2.119999885559082,2.240000009536743,2.240000009536743,25600
2024-05-30,2.1500000953674316,2.450000047683716,2.1500000953674316,2.359999895095825,2.359999895095825,74500
2024-05-31,2.2899999618530273,2.3399999141693115,2.2300000190734863,2.25,2.25,5500
2024-06-03,2.25,2.3399999141693115,2.1700000762939453,2.319999933242798,2.319999933242798,30100
2024-06-04,2.2799999713897705,2.4000000953674316,2.25,2.299999952316284,2.299999952316284,21800
2024-06-05,2.259999990463257,2.4200000762939453,2.259999990463257,2.2799999713897705,2.2799999713897705,27000
2024-06-06,2.4100000858306885,2.740000009536743,2.4000000953674316,2.5799999237060547,2.5799999237060547,140100
2024-06-07,2.5899999141693115,2.6600000858306885,2.450000047683716,2.5299999713897705,2.5299999713897705,36100
2024-06-10,2.5299999713897705,2.5999999046325684,2.450000047683716,2.5299999713897705,2.5299999713897705,20100
2024-06-11,2.4700000286102295,2.7200000286102295,2.4700000286102295,2.7200000286102295,2.7200000286102295,24300
2024-06-12,2.75,3.0999999046325684,2.700000047683716,2.799999952316284,2.799999952316284,96700
2024-06-13,2.759999990463257,2.990000009536743,2.5299999713897705,2.609999895095825,2.609999895095825,64400
2024-06-14,2.6500000953674316,2.6500000953674316,2.299999952316284,2.390000104904175,2.390000104904175,53800
2024-06-17,2.3299999237060547,2.509999990463257,2.309999942779541,2.4100000858306885,2.4100000858306885,13500
2024-06-18,2.4000000953674316,2.5999999046325684,2.4000000953674316,2.490000009536743,2.490000009536743,29300
2024-06-20,2.4000000953674316,2.7799999713897705,2.4000000953674316,2.549999952316284,2.549999952316284,36400
2024-06-21,2.5799999237060547,2.6600000858306885,2.430000066757202,2.6600000858306885,2.6600000858306885,23300
2024-06-24,2.690000057220459,2.7799999713897705,2.4600000381469727,2.609999895095825,2.609999895095825,35400
2024-06-25,2.5799999237060547,2.640000104904175,2.450000047683716,2.450000047683716,2.450000047683716,4600
2024-06-26,2.440000057220459,2.4700000286102295,2.430000066757202,2.440000057220459,2.440000057220459,7300
2024-06-27,2.450000047683716,2.5999999046325684,2.430000066757202,2.549999952316284,2.549999952316284,4600
2024-06-28,2.549999952316284,2.549999952316284,2.2799999713897705,2.3299999237060547,2.3299999237060547,18700
2024-07-01,2.2899999618530273,2.4100000858306885,2.2899999618530273,2.4000000953674316,2.4000000953674316,8100
2024-07-02,2.3399999141693115,2.5999999046325684,2.3399999141693115,2.359999895095825,2.359999895095825,31900
2024-07-03,2.4000000953674316,2.4700000286102295,2.299999952316284,2.299999952316284,2.299999952316284,1500
2024-07-05,2.2899999618530273,2.5,2.2899999618530273,2.380000114440918,2.380000114440918,62700
2024-07-08,2.4000000953674316,2.4800000190734863,2.309999942779541,2.359999895095825,2.359999895095825,21200
2024-07-09,2.319999933242798,2.4100000858306885,2.319999933242798,2.319999933242798,2.319999933242798,5000
2024-07-10,2.299999952316284,2.3399999141693115,2.2200000286102295,2.2899999618530273,2.2899999618530273,25900
2024-07-11,2.25,2.490000009536743,2.0999999046325684,2.190000057220459,2.190000057220459,82300
2024-07-12,2.259999990463257,2.4200000762939453,2.1700000762939453,2.299999952316284,2.299999952316284,130300
2024-07-15,2.2899999618530273,2.319999933242798,2.1600000858306885,2.240000009536743,2.240000009536743,15900
2024-07-16,2.2100000381469727,2.359999895095825,2.1700000762939453,2.2699999809265137,2.2699999809265137,10300
2024-07-17,2.25,2.390000104904175,2.25,2.259999990463257,2.259999990463257,9300
2024-07-18,2.3299999237060547,2.4000000953674316,2.299999952316284,2.3499999046325684,2.3499999046325684,28400
2024-07-19,2.3499999046325684,2.450000047683716,2.3499999046325684,2.3499999046325684,2.3499999046325684,12800
2024-07-22,2.4000000953674316,2.4200000762939453,2.2699999809265137,2.3399999141693115,2.3399999141693115,20200
2024-07-23,2.2699999809265137,2.4000000953674316,2.2699999809265137,2.369999885559082,2.369999885559082,13700
2024-07-24,2.309999942779541,2.380000114440918,2.200000047683716,2.259999990463257,2.259999990463257,40700
2024-07-25,2.2300000190734863,2.25,2.200000047683716,2.2200000286102295,2.2200000286102295,11000
2024-07-26,2.2100000381469727,2.2200000286102295,2.190000057220459,2.200000047683716,2.200000047683716,9400
2024-07-29,2.200000047683716,2.2100000381469727,2.049999952316284,2.049999952316284,2.049999952316284,44000
2024-07-30,2.059999942779541,2.059999942779541,1.9199999570846558,1.9800000190734863,1.9800000190734863,24200
2024-07-31,1.940000057220459,1.9700000286102295,1.8700000047683716,1.909999966621399,1.909999966621399,21300
2024-08-01,1.940000057220459,2.009999990463257,1.8700000047683716,1.940000057220459,1.940000057220459,39400
2024-08-02,1.940000057220459,2.0899999141693115,1.7799999713897705,1.8300000429153442,1.8300000429153442,26800
2024-08-05,1.6399999856948853,1.8600000143051147,1.6399999856948853,1.75,1.75,18500
2024-08-06,1.6799999475479126,1.840000033378601,1.6799999475479126,1.75,1.75,6100
2024-08-07,1.7899999618530273,1.7899999618530273,1.7400000095367432,1.7400000095367432,1.7400000095367432,3700
2024-08-08,1.6200000047683716,1.7400000095367432,1.6200000047683716,1.690000057220459,1.690000057220459,14500
2024-08-09,1.659999966621399,1.7999999523162842,1.659999966621399,1.7999999523162842,1.7999999523162842,12900
2024-08-12,1.7999999523162842,1.840000033378601,1.7200000286102295,1.7599999904632568,1.7599999904632568,6500
2024-08-13,1.840000033378601,2.0,1.75,1.899999976158142,1.899999976158142,27500
2024-08-14,1.840000033378601,2.0399999618530273,1.690000057220459,1.7000000476837158,1.7000000476837158,32300
2024-08-15,1.7400000095367432,1.8600000143051147,1.7100000381469727,1.7100000381469727,1.7100000381469727,14400
2024-08-16,1.7400000095367432,1.840000033378601,1.7200000286102295,1.8200000524520874,1.8200000524520874,26500
2024-08-19,1.899999976158142,2.130000114440918,1.8300000429153442,2.0999999046325684,2.0999999046325684,54100
2024-08-20,2.059999942779541,2.1700000762939453,1.909999966621399,1.909999966621399,1.909999966621399,25000
2024-08-21,1.899999976158142,1.9700000286102295,1.899999976158142,1.909999966621399,1.909999966621399,13000
2024-08-22,1.8899999856948853,1.8899999856948853,1.850000023841858,1.8899999856948853,1.8899999856948853,13000
2024-08-23,1.909999966621399,2.009999990463257,1.809999942779541,1.9800000190734863,1.9800000190734863,42400
2024-08-26,1.9600000381469727,2.0799999237060547,1.8799999952316284,1.8799999952316284,1.8799999952316284,3100
2024-08-27,1.909999966621399,1.9199999570846558,1.8700000047683716,1.8899999856948853,1.8899999856948853,5600
2024-08-28,1.850000023841858,1.8799999952316284,1.850000023841858,1.8600000143051147,1.8600000143051147,5500
2024-08-29,1.8700000047683716,1.8799999952316284,1.659999966621399,1.690000057220459,1.690000057220459,26200
2024-08-30,1.850000023841858,1.850000023841858,1.7300000190734863,1.7999999523162842,1.7999999523162842,13300
2024-09-03,1.8300000429153442,1.8300000429153442,1.6799999475479126,1.7200000286102295,1.7200000286102295,17300
2024-09-04,1.7000000476837158,1.7400000095367432,1.690000057220459,1.7000000476837158,1.7000000476837158,5000
2024-09-05,1.7200000286102295,1.809999942779541,1.7200000286102295,1.7899999618530273,1.7899999618530273,5200
2024-09-06,1.7899999618530273,1.809999942779541,1.690000057220459,1.7000000476837158,1.7000000476837158,9500
2024-09-09,1.7100000381469727,1.840000033378601,1.7000000476837158,1.7200000286102295,1.7200000286102295,18700
2024-09-10,1.7000000476837158,1.8200000524520874,1.7000000476837158,1.7100000381469727,1.7100000381469727,22700
2024-09-11,1.7100000381469727,1.7200000286102295,1.6100000143051147,1.6100000143051147,1.6100000143051147,7900
2024-09-12,1.7100000381469727,1.7100000381469727,1.6100000143051147,1.6799999475479126,1.6799999475479126,2500
2024-09-13,1.6200000047683716,1.7300000190734863,1.6200000047683716,1.6699999570846558,1.6699999570846558,7100
2024-09-16,1.7100000381469727,1.7400000095367432,1.6699999570846558,1.7300000190734863,1.7300000190734863,5000
2024-09-17,1.7200000286102295,1.7899999618530273,1.600000023841858,1.7599999904632568,1.7599999904632568,25000
2024-09-18,1.7799999713897705,1.809999942779541,1.75,1.75,1.75,21900
2024-09-19,1.7999999523162842,1.8600000143051147,1.7200000286102295,1.7599999904632568,1.7599999904632568,10200
2024-09-20,1.7200000286102295,1.840000033378601,1.7200000286102295,1.840000033378601,1.840000033378601,10800
2024-09-23,1.8899999856948853,1.8899999856948853,1.7200000286102295,1.7899999618530273,1.7899999618530273,11500
2024-09-24,1.7100000381469727,1.850000023841858,1.7100000381469727,1.7300000190734863,1.7300000190734863,25600
2024-09-25,1.7300000190734863,1.7400000095367432,1.6799999475479126,1.7000000476837158,1.7000000476837158,8700
2024-09-26,1.690000057220459,1.7200000286102295,1.6200000047683716,1.7100000381469727,1.7100000381469727,14800
2024-09-27,1.7200000286102295,1.7799999713897705,1.6699999570846558,1.7699999809265137,1.7699999809265137,14800
2024-09-30,1.7400000095367432,1.7799999713897705,1.7200000286102295,1.7599999904632568,1.7599999904632568,10400
2024-10-01,1.7300000190734863,1.7400000095367432,1.7000000476837158,1.7100000381469727,1.7100000381469727,2700
2024-10-02,1.7300000190734863,1.7699999809265137,1.659999966621399,1.7000000476837158,1.7000000476837158,11000
2024-10-03,1.7300000190734863,1.7799999713897705,1.7000000476837158,1.7300000190734863,1.7300000190734863,1200
2024-10-04,1.7699999809265137,1.850000023841858,1.7000000476837158,1.8300000429153442,1.8300000429153442,29700
2024-10-07,1.7699999809265137,1.8600000143051147,1.7300000190734863,1.7899999618530273,1.7899999618530273,23100
2024-10-08,1.7999999523162842,1.840000033378601,1.7300000190734863,1.7799999713897705,1.7799999713897705,11400
2024-10-09,1.75,1.840000033378601,1.7300000190734863,1.7300000190734863,1.7300000190734863,18000
2024-10-10,1.7699999809265137,1.7999999523162842,1.75,1.75,1.75,16100
2024-10-11,1.7699999809265137,1.7999999523162842,1.75,1.7599999904632568,1.7599999904632568,7900
2024-10-14,1.7599999904632568,1.8700000047683716,1.7599999904632568,1.7899999618530273,1.7899999618530273,10100
2024-10-15,1.8200000524520874,1.840000033378601,1.7899999618530273,1.8300000429153442,1.8300000429153442,11700
2024-10-16,1.8200000524520874,2.2300000190734863,1.7899999618530273,2.200000047683716,2.200000047683716,56000
2024-10-17,2.190000057220459,2.450000047683716,1.8700000047683716,2.0399999618530273,2.0399999618530273,79300
2024-10-18,2.0899999141693115,2.1500000953674316,2.0,2.069999933242798,2.069999933242798,28500
2024-10-21,2.0999999046325684,2.109999895095825,2.0399999618530273,2.0999999046325684,2.0999999046325684,6400
2024-10-22,2.140000104904175,2.1500000953674316,2.0399999618530273,2.0999999046325684,2.0999999046325684,4000
2024-10-23,2.0799999237060547,2.180000066757202,1.9700000286102295,1.9700000286102295,1.9700000286102295,11800
2024-10-24,2.059999942779541,2.069999933242798,1.9199999570846558,1.9500000476837158,1.9500000476837158,10100
2024-10-25,1.9600000381469727,1.9700000286102295,1.809999942779541,1.809999942779541,1.809999942779541,10800
2024-10-28,1.7999999523162842,1.9700000286102295,1.7999999523162842,1.850000023841858,1.850000023841858,6100
2024-10-29,1.8300000429153442,1.899999976158142,1.7999999523162842,1.8899999856948853,1.8899999856948853,29700
2024-10-30,1.850000023841858,1.8700000047683716,1.809999942779541,1.809999942779541,1.809999942779541,8100
2024-10-31,1.7999999523162842,1.809999942779541,1.75,1.7699999809265137,1.7699999809265137,7200
2024-11-01,1.809999942779541,1.809999942779541,1.6799999475479126,1.7300000190734863,1.7300000190734863,17200
2024-11-04,1.7400000095367432,1.9299999475479126,1.7400000095367432,1.8600000143051147,1.8600000143051147,34500
2024-11-05,1.940000057220459,2.140000104904175,1.7999999523162842,1.7999999523162842,1.7999999523162842,43600
2024-11-06,1.7699999809265137,1.8600000143051147,1.7100000381469727,1.75,1.75,29600
2024-11-07,1.7300000190734863,1.7999999523162842,1.6799999475479126,1.7000000476837158,1.7000000476837158,21600
2024-11-08,1.7000000476837158,1.7699999809265137,1.6799999475479126,1.7599999904632568,1.7599999904632568,18200
2024-11-11,1.7599999904632568,1.8200000524520874,1.7200000286102295,1.75,1.75,12800
2024-11-12,1.7699999809265137,1.7999999523162842,1.7400000095367432,1.7599999904632568,1.7599999904632568,11700
2024-11-13,1.7000000476837158,1.7799999713897705,1.649999976158142,1.7699999809265137,1.7699999809265137,32000
2024-11-14,1.7400000095367432,2.200000047683716,1.7400000095367432,2.200000047683716,2.200000047683716,64600
2024-11-15,2.200000047683716,2.450000047683716,2.109999895095825,2.1500000953674316,2.1500000953674316,63000
2024-11-18,2.1600000858306885,2.299999952316284,2.0299999713897705,2.069999933242798,2.069999933242798,33600
2024-11-19,2.0299999713897705,2.190000057220459,2.0,2.059999942779541,2.059999942779541,11900
2024-11-20,1.9900000095367432,2.1500000953674316,1.9900000095367432,2.059999942779541,2.059999942779541,11600
2024-11-21,2.0399999618530273,2.200000047683716,2.0,2.1500000953674316,2.1500000953674316,18700
2024-11-22,2.1600000858306885,2.200000047683716,2.059999942779541,2.200000047683716,2.200000047683716,15300
2024-11-25,2.2200000286102295,2.25,2.1700000762939453,2.1700000762939453,2.1700000762939453,14600
2024-11-26,2.2100000381469727,2.2300000190734863,2.109999895095825,2.119999885559082,2.119999885559082,14800
2024-11-27,2.130000114440918,2.190000057220459,2.0999999046325684,2.0999999046325684,2.0999999046325684,6000
2024-11-29,2.109999895095825,2.109999895095825,1.9700000286102295,2.069999933242798,2.069999933242798,4100
2024-12-02,2.059999942779541,2.130000114440918,2.0199999809265137,2.049999952316284,2.049999952316284,14400
2024-12-03,2.130000114440918,2.130000114440918,2.0,2.0,2.0,23200
2024-12-04,1.9600000381469727,2.0,1.940000057220459,1.940000057220459,1.940000057220459,8500
2024-12-05,1.9299999475479126,1.9800000190734863,1.8799999952316284,1.8799999952316284,1.8799999952316284,11800
2024-12-06,1.8799999952316284,1.9500000476837158,1.809999942779541,1.899999976158142,1.899999976158142,30500
2024-12-09,1.899999976158142,2.1500000953674316,1.899999976158142,1.9600000381469727,1.9600000381469727,30800
2024-12-10,1.9900000095367432,2.0299999713897705,1.9600000381469727,1.9800000190734863,1.9800000190734863,5800
2024-12-11,1.9199999570846558,1.940000057220459,1.8700000047683716,1.8799999952316284,1.8799999952316284,10700
2024-12-12,1.850000023841858,1.9900000095367432,1.850000023841858,1.8600000143051147,1.8600000143051147,11000
2024-12-13,1.8300000429153442,1.9700000286102295,1.8300000429153442,1.909999966621399,1.909999966621399,15500
2024-12-16,1.909999966621399,2.069999933242798,1.909999966621399,2.0199999809265137,2.0199999809265137,27500
2024-12-17,2.0999999046325684,2.0999999046325684,1.9199999570846558,1.9800000190734863,1.9800000190734863,11300
2024-12-18,1.9700000286102295,2.299999952316284,1.899999976158142,2.109999895095825,2.109999895095825,93600
2024-12-19,2.190000057220459,2.299999952316284,2.0199999809265137,2.0999999046325684,2.0999999046325684,69200
2024-12-20,2.119999885559082,2.3299999237060547,2.0199999809265137,2.25,2.25,63600
2024-12-23,2.25,2.690000057220459,2.1600000858306885,2.690000057220459,2.690000057220459,159300
2024-12-24,2.7300000190734863,2.75,2.390000104904175,2.5199999809265137,2.5199999809265137,36700
2024-12-26,2.3399999141693115,2.630000114440918,2.319999933242798,2.4800000190734863,2.4800000190734863,33500
2024-12-27,2.640000104904175,3.0999999046325684,2.569999933242798,3.0899999141693115,3.0899999141693115,214300
2024-12-30,3.119999885559082,3.259999990463257,2.619999885559082,3.25,3.25,171900
2024-12-31,2.200000047683716,2.2899999618530273,1.909999966621399,2.0199999809265137,2.0199999809265137,530200
2025-01-02,2.190000057220459,2.490000009536743,2.0199999809265137,2.319999933242798,2.319999933242798,147600
2025-01-03,2.4600000381469727,2.4700000286102295,2.240000009536743,2.3499999046325684,2.3499999046325684,63300
2025-01-06,2.319999933242798,2.5899999141693115,2.2799999713897705,2.4000000953674316,2.4000000953674316,53800
2025-01-07,2.4000000953674316,2.450000047683716,2.2100000381469727,2.259999990463257,2.259999990463257,24600
2025-01-08,2.440000057220459,2.5999999046325684,2.2799999713897705,2.4100000858306885,2.4100000858306885,60800
2025-01-10,2.3299999237060547,2.440000057220459,2.2100000381469727,2.2100000381469727,2.2100000381469727,12300
2025-01-13,2.1500000953674316,2.390000104904175,2.009999990463257,2.0799999237060547,2.0799999237060547,22900
2025-01-14,2.309999942779541,2.309999942779541,1.9500000476837158,1.9900000095367432,1.9900000095367432,29200
2025-01-15,1.9900000095367432,2.119999885559082,1.940000057220459,2.009999990463257,2.009999990463257,26300
2025-01-16,1.9800000190734863,2.0299999713897705,1.9199999570846558,2.009999990463257,2.009999990463257,36500
2025-01-17,2.049999952316284,2.1700000762939453,1.9199999570846558,1.9800000190734863,1.9800000190734863,24100
2025-01-21,1.909999966621399,2.0999999046325684,1.8799999952316284,1.9600000381469727,1.9600000381469727,21700
2025-01-22,2.119999885559082,2.119999885559082,1.909999966621399,2.0,2.0,44800
2025-01-23,2.0,2.0899999141693115,1.9900000095367432,2.0799999237060547,2.0799999237060547,13300
2025-01-24,2.0899999141693115,2.109999895095825,2.009999990463257,2.109999895095825,2.109999895095825,12000
2025-01-27,2.0399999618530273,2.119999885559082,2.009999990463257,2.059999942779541,2.059999942779541,24700
2025-01-28,2.049999952316284,2.049999952316284,1.9800000190734863,1.9900000095367432,1.9900000095367432,11200
2025-01-29,1.9900000095367432,2.0,1.9600000381469727,2.0,2.0,8100
2025-01-30,1.9900000095367432,2.049999952316284,1.9600000381469727,1.9900000095367432,1.9900000095367432,15800
2025-01-31,2.0399999618530273,2.0799999237060547,1.9900000095367432,1.9900000095367432,1.9900000095367432,6400
2025-02-03,1.9500000476837158,1.9500000476837158,1.8700000047683716,1.8700000047683716,1.8700000047683716,11500
2025-02-04,1.8700000047683716,1.9700000286102295,1.8700000047683716,1.9700000286102295,1.9700000286102295,10900
2025-02-05,1.9800000190734863,1.9900000095367432,1.8899999856948853,1.909999966621399,1.909999966621399,19300
2025-02-06,1.9199999570846558,1.9500000476837158,1.8700000047683716,1.8899999856948853,1.8899999856948853,14200
2025-02-07,1.8700000047683716,1.8700000047683716,1.809999942779541,1.8300000429153442,1.8300000429153442,15200
2025-02-10,1.7999999523162842,2.3399999141693115,1.7999999523162842,2.2799999713897705,2.2799999713897705,125700
2025-02-11,2.3299999237060547,2.3299999237060547,2.1500000953674316,2.2200000286102295,2.2200000286102295,51300
2025-02-12,2.2899999618530273,2.2899999618530273,1.7000000476837158,1.9199999570846558,1.9199999570846558,92600
2025-02-13,1.8700000047683716,1.9500000476837158,1.6299999952316284,1.8600000143051147,1.8600000143051147,30000
2025-02-14,1.850000023841858,1.909999966621399,1.8200000524520874,1.850000023841858,1.850000023841858,15400
2025-02-18,1.7899999618530273,1.8600000143051147,1.7699999809265137,1.840000033378601,1.840000033378601,21600
2025-02-19,1.7599999904632568,2.0799999237060547,1.75,1.850000023841858,1.850000023841858,109700
2025-02-20,1.8700000047683716,2.0,1.850000023841858,1.9600000381469727,1.9600000381469727,13700
2025-02-21,1.9800000190734863,2.0799999237060547,1.9500000476837158,1.9500000476837158,1.9500000476837158,20400
2025-02-24,1.850000023841858,1.9800000190734863,1.8200000524520874,1.8300000429153442,1.8300000429153442,10400
2025-02-25,1.840000033378601,1.840000033378601,1.7300000190734863,1.7899999618530273,1.7899999618530273,34500
2025-02-26,1.7699999809265137,1.8600000143051147,1.7400000095367432,1.7400000095367432,1.7400000095367432,16000
2025-02-27,1.7300000190734863,1.8700000047683716,1.7300000190734863,1.7300000190734863,1.7300000190734863,12600
2025-02-28,1.7000000476837158,1.7799999713897705,1.690000057220459,1.7300000190734863,1.7300000190734863,5000
2025-03-03,1.75,1.8200000524520874,1.7200000286102295,1.7899999618530273,1.7899999618530273,19700
2025-03-04,1.7300000190734863,1.7699999809265137,1.7000000476837158,1.7599999904632568,1.7599999904632568,10200
2025-03-05,1.7999999523162842,1.7999999523162842,1.7100000381469727,1.7200000286102295,1.7200000286102295,18600
2025-03-06,1.7100000381469727,1.7699999809265137,1.7100000381469727,1.7599999904632568,1.7599999904632568,11500
2025-03-07,1.7400000095367432,1.7799999713897705,1.7000000476837158,1.7000000476837158,1.7000000476837158,4000
2025-03-10,1.7000000476837158,1.7999999523162842,1.6200000047683716,1.6200000047683716,1.6200000047683716,40500
2025-03-11,1.5800000429153442,1.6799999475479126,1.5800000429153442,1.659999966621399,1.659999966621399,18000
2025-03-12,1.5800000429153442,1.6699999570846558,1.5800000429153442,1.6399999856948853,1.6399999856948853,20900
2025-03-13,1.600000023841858,1.7000000476837158,1.5800000429153442,1.6699999570846558,1.6699999570846558,21400
2025-03-14,1.6699999570846558,1.7100000381469727,1.6100000143051147,1.6399999856948853,1.6399999856948853,10300
2025-03-17,1.6399999856948853,1.7699999809265137,1.6100000143051147,1.659999966621399,1.659999966621399,15700
2025-03-18,1.6100000143051147,1.649999976158142,1.590000033378601,1.590000033378601,1.590000033378601,16900
2025-03-19,1.590000033378601,1.600000023841858,1.5199999809265137,1.5299999713897705,1.5299999713897705,21700
2025-03-20,1.5499999523162842,1.590000033378601,1.5399999618530273,1.5499999523162842,1.5499999523162842,3700
2025-03-21,1.590000033378601,1.600000023841858,1.5199999809265137,1.559999942779541,1.559999942779541,8400
2025-03-24,1.5,1.6299999952316284,1.5,1.5800000429153442,1.5800000429153442,16800
2025-03-25,1.5800000429153442,1.6299999952316284,1.4800000190734863,1.4800000190734863,1.4800000190734863,49400
2025-03-26,1.5,1.559999942779541,1.5,1.5,1.5,8200
2025-03-27,1.409999966621399,1.5399999618530273,1.399999976158142,1.4299999475479126,1.4299999475479126,16900
2025-03-28,1.5299999713897705,1.5399999618530273,1.4500000476837158,1.4800000190734863,1.4800000190734863,12800
2025-03-31,1.4600000381469727,1.4600000381469727,1.3799999952316284,1.4199999570846558,1.4199999570846558,19600
2025-04-01,1.399999976158142,1.4900000095367432,1.399999976158142,1.4199999570846558,1.4199999570846558,4500
2025-04-02,1.440000057220459,1.4800000190734863,1.399999976158142,1.4299999475479126,1.4299999475479126,5000
2025-04-03,1.3600000143051147,1.4600000381469727,1.350000023841858,1.409999966621399,1.409999966621399,33000
2025-04-04,1.4900000095367432,1.4900000095367432,1.3700000047683716,1.4199999570846558,1.4199999570846558,25400
2025-04-07,1.350000023841858,1.3899999856948853,1.25,1.2599999904632568,1.2599999904632568,39200
2025-04-08,1.4500000476837158,1.4500000476837158,1.149999976158142,1.1699999570846558,1.1699999570846558,30500
2025-04-09,1.1699999570846558,1.2200000286102295,1.1200000047683716,1.190000057220459,1.190000057220459,16400
2025-04-10,1.2100000381469727,1.3899999856948853,1.149999976158142,1.2300000190734863,1.2300000190734863,26100
2025-04-11,1.2999999523162842,1.350000023841858,1.149999976158142,1.2799999713897705,1.2799999713897705,6200
2025-04-14,1.2300000190734863,1.4700000286102295,1.2300000190734863,1.3300000429153442,1.3300000429153442,10900
2025-04-15,1.3799999952316284,1.399999976158142,1.3300000429153442,1.340000033378601,1.340000033378601,4600
2025-04-16,1.3700000047683716,1.3700000047683716,1.309999942779541,1.309999942779541,1.309999942779541,2900
2025-04-17,1.3200000524520874,1.340000033378601,1.309999942779541,1.309999942779541,1.309999942779541,1700
2025-04-21,1.350000023841858,1.350000023841858,1.2999999523162842,1.340000033378601,1.340000033378601,20900
2025-04-22,1.350000023841858,1.409999966621399,1.340000033378601,1.3899999856948853,1.3899999856948853,11300
2025-04-23,1.440000057220459,1.440000057220459,1.2300000190734863,1.409999966621399,1.409999966621399,26700
2025-04-24,1.409999966621399,1.4800000190734863,1.3600000143051147,1.4600000381469727,1.4600000381469727,34000
2025-04-25,1.3300000429153442,1.7100000381469727,1.3300000429153442,1.7100000381469727,1.7100000381469727,24600
2025-04-28,1.7200000286102295,1.809999942779541,1.600000023841858,1.649999976158142,1.649999976158142,24000
2025-04-29,1.7200000286102295,1.7200000286102295,1.559999942779541,1.6100000143051147,1.6100000143051147,4900
2025-04-30,1.559999942779541,1.7400000095367432,1.4900000095367432,1.5099999904632568,1.5099999904632568,7500
2025-05-01,1.5499999523162842,1.590000033378601,1.5199999809265137,1.5800000429153442,1.5800000429153442,5600
2025-05-02,1.6399999856948853,1.7899999618530273,1.600000023841858,1.600000023841858,1.600000023841858,17600
2025-05-05,1.559999942779541,1.590000033378601,1.4800000190734863,1.5099999904632568,1.5099999904632568,8700
2025-05-06,1.4800000190734863,1.7400000095367432,1.440000057220459,1.4800000190734863,1.4800000190734863,8100
2025-05-07,1.4199999570846558,1.6100000143051147,1.3600000143051147,1.5700000524520874,1.5700000524520874,27400
2025-05-08,1.559999942779541,1.6100000143051147,1.5499999523162842,1.5700000524520874,1.5700000524520874,2000
2025-05-09,1.649999976158142,1.649999976158142,1.440000057220459,1.5199999809265137,1.5199999809265137,2100
2025-05-12,1.5499999523162842,1.5800000429153442,1.5099999904632568,1.5700000524520874,1.5700000524520874,14400
2025-05-13,1.590000033378601,1.7899999618530273,1.4900000095367432,1.5399999618530273,1.5399999618530273,30000
2025-05-14,1.5,1.5700000524520874,1.4600000381469727,1.4600000381469727,1.4600000381469727,40400
2025-05-15,1.5399999618530273,1.5399999618530273,1.399999976158142,1.440000057220459,1.440000057220459,15000
2025-05-16,1.4900000095367432,1.5,1.399999976158142,1.4199999570846558,1.4199999570846558,18000
2025-05-19,1.409999966621399,1.4900000095367432,1.399999976158142,1.409999966621399,1.409999966621399,15100
2025-05-20,1.4199999570846558,1.6100000143051147,1.4199999570846558,1.5199999809265137,1.5199999809265137,30300
2025-05-21,1.4500000476837158,1.659999966621399,1.4299999475479126,1.4299999475479126,1.4299999475479126,23000
2025-05-22,1.4500000476837158,1.559999942779541,1.4299999475479126,1.4600000381469727,1.4600000381469727,6000
2025-05-23,1.6200000047683716,1.6200000047683716,1.4299999475479126,1.4600000381469727,1.4600000381469727,13400
2025-05-27,1.4600000381469727,1.4900000095367432,1.4199999570846558,1.4199999570846558,1.4199999570846558,9100
2025-05-28,1.409999966621399,1.559999942779541,1.399999976158142,1.4299999475479126,1.4299999475479126,16100
2025-05-29,1.440000057220459,1.6100000143051147,1.4299999475479126,1.559999942779541,1.559999942779541,43300
2025-05-30,1.559999942779541,1.7300000190734863,1.5199999809265137,1.7100000381469727,1.7100000381469727,73000
2025-06-02,1.7200000286102295,1.75,1.5800000429153442,1.649999976158142,1.649999976158142,51200
2025-06-03,1.6200000047683716,1.7300000190734863,1.6200000047683716,1.6799999475479126,1.6799999475479126,12500
2025-06-04,1.690000057220459,1.7200000286102295,1.6399999856948853,1.649999976158142,1.649999976158142,10600
2025-06-05,1.75,1.809999942779541,1.5499999523162842,1.6299999952316284,1.6299999952316284,118000
2025-06-06,1.6399999856948853,1.6799999475479126,1.600000023841858,1.6299999952316284,1.6299999952316284,6100
2025-06-09,1.600000023841858,1.659999966621399,1.559999942779541,1.649999976158142,1.649999976158142,7200
2025-06-10,1.649999976158142,1.7100000381469727,1.600000023841858,1.6100000143051147,1.6100000143051147,14700
2025-06-11,1.600000023841858,1.690000057220459,1.600000023841858,1.6399999856948853,1.6399999856948853,14500
2025-06-12,1.600000023841858,1.6100000143051147,1.5399999618530273,1.5399999618530273,1.5399999618530273,9100
2025-06-13,1.6200000047683716,1.6200000047683716,1.4500000476837158,1.5399999618530273,1.5399999618530273,37700
2025-06-16,1.5399999618530273,1.5399999618530273,1.4600000381469727,1.4600000381469727,1.4600000381469727,18200
2025-06-17,1.5,1.6200000047683716,1.5,1.590000033378601,1.590000033378601,18000
2025-06-18,1.5499999523162842,1.6200000047683716,1.5,1.5499999523162842,1.5499999523162842,13200
2025-06-20,1.4800000190734863,1.6299999952316284,1.4800000190734863,1.4900000095367432,1.4900000095367432,18000
2025-06-23,1.4900000095367432,1.6200000047683716,1.4900000095367432,1.5700000524520874,1.5700000524520874,26700
2025-06-24,1.5199999809265137,1.5499999523162842,1.5099999904632568,1.5499999523162842,1.5499999523162842,11600
2025-06-25,1.559999942779541,1.559999942779541,1.5099999904632568,1.5199999809265137,1.5199999809265137,6400
2025-06-26,1.5800000429153442,1.5800000429153442,1.5199999809265137,1.5499999523162842,1.5499999523162842,9700
2025-06-27,1.5499999523162842,1.559999942779541,1.4900000095367432,1.4900000095367432,1.4900000095367432,26800
2025-06-30,1.5,1.5499999523162842,1.4900000095367432,1.4900000095367432,1.4900000095367432,19600
2025-07-01,1.4900000095367432,1.5199999809265137,1.4500000476837158,1.4900000095367432,1.4900000095367432,24900
2025-07-02,1.4900000095367432,1.5199999809265137,1.440000057220459,1.5099999904632568,1.5099999904632568,6500
2025-07-03,1.4800000190734863,1.5700000524520874,1.4800000190734863,1.5199999809265137,1.5199999809265137,14100
2025-07-07,1.5,1.5399999618530273,1.5,1.5099999904632568,1.5099999904632568,13300
2025-07-08,1.5099999904632568,1.5499999523162842,1.4600000381469727,1.5199999809265137,1.5199999809265137,12500
2025-07-09,1.5199999809265137,1.600000023841858,1.5199999809265137,1.559999942779541,1.559999942779541,17200
2025-07-10,1.5700000524520874,1.5800000429153442,1.5499999523162842,1.5700000524520874,1.5700000524520874,12500
2025-07-11,1.590000033378601,1.8300000429153442,1.559999942779541,1.7999999523162842,1.7999999523162842,133000
2025-07-14,1.8200000524520874,1.9500000476837158,1.75,1.7599999904632568,1.7599999904632568,46300
2025-07-15,1.7200000286102295,1.850000023841858,1.6799999475479126,1.7000000476837158,1.7000000476837158,37800
2025-07-16,1.7200000286102295,1.7300000190734863,1.659999966621399,1.6699999570846558,1.6699999570846558,11300
2025-07-17,1.75,1.809999942779541,1.6100000143051147,1.690000057220459,1.690000057220459,96800
2025-07-18,1.7300000190734863,1.7300000190734863,1.590000033378601,1.6399999856948853,1.6399999856948853,9000
2025-07-21,1.6100000143051147,1.7599999904632568,1.600000023841858,1.6100000143051147,1.6100000143051147,13600
2025-07-22,1.7599999904632568,1.7599999904632568,1.600000023841858,1.600000023841858,1.600000023841858,12700
2025-07-23,1.6100000143051147,1.659999966621399,1.600000023841858,1.6399999856948853,1.6399999856948853,10500
2025-07-24,1.6299999952316284,1.6799999475479126,1.6100000143051147,1.6200000047683716,1.6200000047683716,6900
2025-07-25,1.600000023841858,1.6399999856948853,1.600000023841858,1.600000023841858,1.600000023841858,8100
2025-07-28,1.600000023841858,1.75,1.600000023841858,1.7300000190734863,1.7300000190734863,36200
2025-07-29,1.7000000476837158,1.7599999904632568,1.6399999856948853,1.7400000095367432,1.7400000095367432,22100
2025-07-30,1.7200000286102295,1.75,1.649999976158142,1.6699999570846558,1.6699999570846558,25700
2025-07-31,1.6799999475479126,1.7300000190734863,1.649999976158142,1.7300000190734863,1.7300000190734863,162200
2025-08-01,1.7699999809265137,1.9800000190734863,1.559999942779541,1.850000023841858,1.850000023841858,2052700
2025-08-04,1.9600000381469727,2.190000057220459,1.7899999618530273,1.940000057220459,1.940000057220459,473000
2025-08-05,1.850000023841858,1.899999976158142,1.649999976158142,1.649999976158142,1.649999976158142,213700
2025-08-06,1.659999966621399,1.7400000095367432,1.659999966621399,1.6699999570846558,1.6699999570846558,56400
2025-08-07,1.7100000381469727,1.7100000381469727,1.559999942779541,1.649999976158142,1.649999976158142,73900
2025-08-08,1.649999976158142,1.6699999570846558,1.600000023841858,1.6200000047683716,1.6200000047683716,18100
2025-08-11,1.600000023841858,1.6299999952316284,1.590000033378601,1.600000023841858,1.600000023841858,35700
2025-08-12,1.590000033378601,1.6699999570846558,1.590000033378601,1.649999976158142,1.649999976158142,18100
2025-08-13,1.649999976158142,1.7100000381469727,1.6299999952316284,1.6799999475479126,1.6799999475479126,36700
2025-08-14,1.6699999570846558,1.6799999475479126,1.6100000143051147,1.6799999475479126,1.6799999475479126,18800
2025-08-15,1.6799999475479126,1.7000000476837158,1.6200000047683716,1.7000000476837158,1.7000000476837158,38700
2025-08-18,1.7000000476837158,1.7000000476837158,1.559999942779541,1.559999942779541,1.559999942779541,28100
2025-08-19,1.590000033378601,1.6299999952316284,1.5299999713897705,1.5299999713897705,1.5299999713897705,36300
2025-08-20,1.5499999523162842,1.5499999523162842,1.5,1.5199999809265137,1.5199999809265137,21200
2025-08-21,1.5299999713897705,1.5700000524520874,1.4500000476837158,1.5099999904632568,1.5099999904632568,20100
2025-08-22,1.5199999809265137,1.6299999952316284,1.5099999904632568,1.5700000524520874,1.5700000524520874,37900
2025-08-25,1.559999942779541,1.5800000429153442,1.5399999618530273,1.5399999618530273,1.5399999618530273,28300
2025-08-26,1.5499999523162842,1.5700000524520874,1.4700000286102295,1.5499999523162842,1.5499999523162842,24900
2025-08-27,1.5199999809265137,1.590000033378601,1.5199999809265137,1.5499999523162842,1.5499999523162842,16800
2025-08-28,1.5199999809265137,1.600000023841858,1.5199999809265137,1.5700000524520874,1.5700000524520874,16300
2025-08-29,1.590000033378601,1.590000033378601,1.5,1.5,1.5,45000
2025-09-02,1.4900000095367432,1.5499999523162842,1.4500000476837158,1.5,1.5,46900
2025-09-03,1.4800000190734863,1.5,1.3700000047683716,1.4600000381469727,1.4600000381469727,26300
2025-09-04,1.4800000190734863,1.4800000190734863,1.4600000381469727,1.4600000381469727,1.4600000381469727,8200
2025-09-05,1.440000057220459,1.5800000429153442,1.4199999570846558,1.4800000190734863,1.4800000190734863,48300
2025-09-08,1.4700000286102295,1.559999942779541,1.4199999570846558,1.5,1.5,272200
2025-09-09,1.440000057220459,1.4900000095367432,1.440000057220459,1.4500000476837158,1.4500000476837158,22100
2025-09-10,1.4299999475479126,1.4800000190734863,1.4299999475479126,1.4600000381469727,1.4600000381469727,56300
2025-09-11,1.4299999475479126,1.4700000286102295,1.4299999475479126,1.440000057220459,1.440000057220459,21900
2025-09-12,2.450000047683716,2.6700000762939453,1.5399999618530273,1.5800000429153442,1.5800000429153442,83155400
2025-09-15,1.4199999570846558,1.4600000381469727,1.309999942779541,1.4299999475479126,1.4299999475479126,1918200
2025-09-16,1.399999976158142,1.399999976158142,1.2899999618530273,1.3200000524520874,1.3200000524520874,622800
2025-09-17,1.2999999523162842,1.350000023841858,1.1699999570846558,1.2200000286102295,1.2200000286102295,787000
2025-09-18,1.190000057220459,1.2799999713897705,1.1699999570846558,1.2699999809265137,1.2699999809265137,421000
2025-09-19,1.25,1.3899999856948853,1.2300000190734863,1.3300000429153442,1.3300000429153442,789700
2025-09-22,1.2300000190734863,1.340000033378601,1.2300000190734863,1.2999999523162842,1.2999999523162842,777500
2025-09-23,1.3200000524520874,1.4199999570846558,1.2999999523162842,1.309999942779541,1.309999942779541,903100
2025-09-24,1.3300000429153442,1.3700000047683716,1.2899999618530273,1.3300000429153442,1.3300000429153442,297600
2025-09-25,1.2999999523162842,1.3300000429153442,1.2400000095367432,1.25,1.25,205800
2025-09-26,1.2699999809265137,1.2799999713897705,1.2400000095367432,1.25,1.25,154000
2025-09-29,1.2300000190734863,1.2400000095367432,1.190000057220459,1.2000000476837158,1.2000000476837158,167000
2025-09-30,1.190000057220459,1.309999942779541,1.1699999570846558,1.25,1.25,654500
2025-10-01,1.2300000190734863,1.2899999618530273,1.2200000286102295,1.2599999904632568,1.2599999904632568,194600
2025-10-02,1.25,1.2699999809265137,1.2100000381469727,1.2200000286102295,1.2200000286102295,129100
2025-10-03,1.2300000190734863,1.2400000095367432,1.2000000476837158,1.2100000381469727,1.2100000381469727,135800
2025-10-06,1.2000000476837158,1.2400000095367432,1.2000000476837158,1.2200000286102295,1.2200000286102295,157600
2025-10-07,1.2300000190734863,1.2799999713897705,1.190000057220459,1.2100000381469727,1.2100000381469727,217700
2025-10-08,1.2200000286102295,1.2599999904632568,1.2100000381469727,1.25,1.25,166200
2025-10-09,1.25,1.2799999713897705,1.2200000286102295,1.2200000286102295,1.2200000286102295,125500
2025-10-10,1.2400000095367432,1.2699999809265137,1.149999976158142,1.149999976158142,1.149999976158142,212600
2025-10-13,1.149999976158142,1.1699999570846558,1.0199999809265137,1.059999942779541,1.059999942779541,390000
2025-10-14,1.0299999713897705,1.0800000429153442,1.0299999713897705,1.0700000524520874,1.0700000524520874,147300
2025-10-15,1.0700000524520874,1.0700000524520874,1.0399999618530273,1.0499999523162842,1.0499999523162842,89200
2025-10-16,1.059999942779541,1.090000033378601,1.0399999618530273,1.0700000524520874,1.0700000524520874,159400
2025-10-17,1.0499999523162842,1.0800000429153442,1.0299999713897705,1.0700000524520874,1.0700000524520874,121500
2025-10-20,1.0800000429153442,1.1200000047683716,1.0399999618530273,1.090000033378601,1.090000033378601,145800
2025-10-21,1.100000023841858,1.100000023841858,1.0399999618530273,1.059999942779541,1.059999942779541,84800
2025-10-22,1.0499999523162842,1.0700000524520874,1.0199999809265137,1.0299999713897705,1.0299999713897705,231800
2025-10-23,1.0199999809265137,1.0800000429153442,1.0099999904632568,1.059999942779541,1.059999942779541,201200
2025-10-24,1.090000033378601,1.2000000476837158,1.090000033378601,1.1799999475479126,1.1799999475479126,471200
2025-10-27,1.2699999809265137,1.2999999523162842,1.159999966621399,1.2300000190734863,1.2300000190734863,788100
2025-10-28,1.2400000095367432,1.2400000095367432,1.1299999952316284,1.149999976158142,1.149999976158142,285700
2025-10-29,1.1299999952316284,1.1399999856948853,1.059999942779541,1.0700000524520874,1.0700000524520874,230800
2025-10-30,1.090000033378601,1.100000023841858,1.059999942779541,1.090000033378601,1.090000033378601,152900
2025-10-31,1.0800000429153442,1.149999976158142,1.0800000429153442,1.090000033378601,1.090000033378601,47700
2025-11-03,1.1100000143051147,1.1299999952316284,1.0800000429153442,1.090000033378601,1.090000033378601,63100
2025-11-04,1.0700000524520874,1.0800000429153442,1.0299999713897705,1.0299999713897705,1.0299999713897705,111700
2025-11-05,1.0299999713897705,1.0499999523162842,1.0299999713897705,1.0399999618530273,1.0399999618530273,47200
2025-11-06,1.0299999713897705,1.0499999523162842,1.0,1.0099999904632568,1.0099999904632568,114900
2025-11-07,1.0,1.100000023841858,1.0,1.100000023841858,1.100000023841858,147300
2025-11-10,1.090000033378601,1.100000023841858,1.0499999523162842,1.059999942779541,1.059999942779541,77100
2025-11-11,1.0499999523162842,1.1399999856948853,1.0299999713897705,1.1299999952316284,1.1299999952316284,120100
2025-11-12,1.1299999952316284,1.1299999952316284,1.0800000429153442,1.100000023841858,1.100000023841858,65700
2025-11-13,1.059999942779541,1.090000033378601,1.0299999713897705,1.0299999713897705,1.0299999713897705,46400
2025-11-14,1.0499999523162842,1.0499999523162842,1.0199999809265137,1.0299999713897705,1.0299999713897705,39000
2025-11-17,1.0299999713897705,1.0399999618530273,1.0199999809265137,1.0199999809265137,1.0199999809265137,47700
2025-11-18,1.0199999809265137,1.0199999809265137,0.9800000190734863,1.0199999809265137,1.0199999809265137,92500
2025-11-19,1.0099999904632568,1.0199999809265137,0.9900000095367432,0.9900000095367432,0.9900000095367432,46300
2025-11-20,1.0,1.0,0.9200000166893005,0.9200000166893005,0.9200000166893005,131100
2025-11-21,0.9100000262260437,0.9399999976158142,0.8999999761581421,0.8999999761581421,0.8999999761581421,80000
2025-11-24,0.9300000071525574,0.9599999785423279,0.8999999761581421,0.9599999785423279,0.9599999785423279,62900
2025-11-25,0.9399999976158142,0.9599999785423279,0.9300000071525574,0.9399999976158142,0.9399999976158142,81400
2025-11-26,0.9599999785423279,1.0299999713897705,0.9599999785423279,1.0099999904632568,1.0099999904632568,80900
2025-11-28,1.0099999904632568,1.0700000524520874,1.0099999904632568,1.059999942779541,1.059999942779541,47600
2025-12-01,1.059999942779541,1.0800000429153442,1.0299999713897705,1.0299999713897705,1.0299999713897705,47000
2025-12-02,1.0800000429153442,1.0800000429153442,1.0,1.0099999904632568,1.0099999904632568,59200
2025-12-03,1.0199999809265137,1.0499999523162842,1.0099999904632568,1.0399999618530273,1.0399999618530273,46500
2025-12-04,1.0299999713897705,1.0399999618530273,1.0099999904632568,1.0399999618530273,1.0399999618530273,48700
2025-12-05,1.0199999809265137,1.0399999618530273,1.0099999904632568,1.0199999809265137,1.0199999809265137,19300
2025-12-08,1.0499999523162842,1.0700000524520874,1.0199999809265137,1.0499999523162842,1.0499999523162842,73800
2025-12-09,1.0399999618530273,1.0800000429153442,1.0199999809265137,1.059999942779541,1.059999942779541,43400
2025-12-10,1.059999942779541,1.100000023841858,1.0499999523162842,1.0700000524520874,1.0700000524520874,42600
2025-12-11,1.0700000524520874,1.090000033378601,1.059999942779541,1.059999942779541,1.059999942779541,35900
2025-12-12,1.0700000524520874,1.0800000429153442,1.0399999618530273,1.0499999523162842,1.0499999523162842,51900
2025-12-15,1.0299999713897705,1.0499999523162842,1.0099999904632568,1.0199999809265137,1.0199999809265137,87100
2025-12-16,1.0199999809265137,1.0299999713897705,0.9700000286102295,0.9800000190734863,0.9800000190734863,112100
2025-12-17,0.949999988079071,1.0099999904632568,0.949999988079071,0.9700000286102295,0.9700000286102295,32600
2025-12-18,0.9599999785423279,1.0499999523162842,0.9599999785423279,1.0,1.0,55800
2025-12-19,0.9900000095367432,1.0399999618530273,0.9800000190734863,0.9900000095367432,0.9900000095367432,49200
2025-12-22,0.9900000095367432,1.0199999809265137,0.9800000190734863,0.9800000190734863,0.9800000190734863,32900
2025-12-23,0.9599999785423279,1.0,0.9599999785423279,0.9599999785423279,0.9599999785423279,35600
2025-12-24,0.9700000286102295,0.9900000095367432,0.949999988079071,0.9700000286102295,0.9700000286102295,77300
2025-12-26,0.949999988079071,0.9900000095367432,0.949999988079071,0.9700000286102295,0.9700000286102295,77500
2025-12-29,0.9599999785423279,1.0099999904632568,0.9599999785423279,0.9800000190734863,0.9800000190734863,169700
2025-12-30,1.0,1.0,0.949999988079071,0.949999988079071,0.949999988079071,185500
2025-12-31,0.9700000286102295,0.9800000190734863,0.9100000262260437,0.9800000190734863,0.9800000190734863,145700
2026-01-02,0.9800000190734863,1.0199999809265137,0.9700000286102295,0.9900000095367432,0.9900000095367432,34300
2026-01-05,1.0199999809265137,1.1200000047683716,1.0199999809265137,1.090000033378601,1.090000033378601,182800
2026-01-06,1.100000023841858,1.1200000047683716,1.0800000429153442,1.100000023841858,1.100000023841858,50200
2026-01-07,1.100000023841858,1.1200000047683716,1.090000033378601,1.100000023841858,1.100000023841858,46600
2026-01-08,1.100000023841858,1.1100000143051147,1.090000033378601,1.100000023841858,1.100000023841858,33400
2026-01-09,1.1299999952316284,1.2200000286102295,1.090000033378601,1.1399999856948853,1.1399999856948853,152500
2026-01-12,1.1399999856948853,1.1699999570846558,1.1100000143051147,1.1100000143051147,1.1100000143051147,109800
2026-01-13,1.1399999856948853,1.149999976158142,1.090000033378601,1.090000033378601,1.090000033378601,65100
2026-01-14,1.1100000143051147,1.190000057220459,1.059999942779541,1.159999966621399,1.159999966621399,306700
2026-01-15,1.1699999570846558,1.1699999570846558,1.1100000143051147,1.1100000143051147,1.1100000143051147,45200
2026-01-16,1.1399999856948853,1.1399999856948853,1.1100000143051147,1.1100000143051147,1.1100000143051147,46800
2026-01-20,1.100000023841858,1.1100000143051147,1.0,1.0499999523162842,1.0499999523162842,188100
2026-01-21,1.0700000524520874,1.090000033378601,1.0399999618530273,1.0399999618530273,1.0399999618530273,66600
2026-01-22,1.0499999523162842,1.090000033378601,1.0499999523162842,1.059999942779541,1.059999942779541,90500
2026-01-23,1.0499999523162842,1.059999942779541,1.0299999713897705,1.0399999618530273,1.0399999618530273,14400
2026-01-26,1.0499999523162842,1.059999942779541,1.0299999713897705,1.0299999713897705,1.0299999713897705,40100
2026-01-27,1.0199999809265137,1.0399999618530273,1.0199999809265137,1.0199999809265137,1.0199999809265137,19300
2026-01-28,1.0399999618530273,1.0399999618530273,1.0199999809265137,1.0199999809265137,1.0199999809265137,36700
2026-01-29,1.0099999904632568,1.0299999713897705,0.9700000286102295,1.0,1.0,106300
2026-01-30,1.0,1.0099999904632568,0.9800000190734863,0.9800000190734863,0.9800000190734863,62300
2026-02-02,0.9800000190734863,1.059999942779541,0.9599999785423279,0.9800000190734863,0.9800000190734863,202800
2026-02-03,1.0,1.0499999523162842,0.949999988079071,0.9599999785423279,0.9599999785423279,46100
2026-02-04,0.9700000286102295,0.9900000095367432,0.9300000071525574,0.9599999785423279,0.9599999785423279,48800
2026-02-05,0.9599999785423279,0.9599999785423279,0.8600000143051147,0.8600000143051147,0.8600000143051147,205600
2026-02-06,0.8799999952316284,0.9900000095367432,0.8799999952316284,0.9700000286102295,0.9700000286102295,109200
2026-02-09,0.9700000286102295,0.9700000286102295,0.8999999761581421,0.949999988079071,0.949999988079071,48300
2026-02-10,0.9900000095367432,0.9900000095367432,0.9599999785423279,0.9599999785423279,0.9599999785423279,19000
2026-02-11,0.9599999785423279,0.9800000190734863,0.8999999761581421,0.949999988079071,0.949999988079071,31600
2026-02-12,0.9599999785423279,0.9599999785423279,0.8999999761581421,0.9300000071525574,0.9300000071525574,21200
2026-02-13,0.9300000071525574,0.9800000190734863,0.9300000071525574,0.9599999785423279,0.9599999785423279,13200
2026-02-17,0.9399999976158142,0.949999988079071,0.8999999761581421,0.9300000071525574,0.9300000071525574,67900
2026-02-18,0.9300000071525574,1.0099999904632568,0.9300000071525574,0.9800000190734863,0.9800000190734863,47200
2026-02-19,1.0199999809265137,1.0299999713897705,0.949999988079071,0.9800000190734863,0.9800000190734863,28500
2026-02-20,0.9800000190734863,1.0099999904632568,0.9599999785423279,1.0099999904632568,1.0099999904632568,31700
2026-02-23,1.0099999904632568,1.0499999523162842,0.9800000190734863,1.0099999904632568,1.0099999904632568,38700
2026-02-24,0.9900000095367432,1.0099999904632568,0.9599999785423279,1.0,1.0,48600
2026-02-25,0.9800000190734863,1.0499999523162842,0.9800000190734863,1.0399999618530273,1.0399999618530273,32900
2026-02-26,1.0399999618530273,1.1100000143051147,1.0299999713897705,1.059999942779541,1.059999942779541,91000
2026-02-27,1.0299999713897705,1.0800000429153442,0.9900000095367432,1.0499999523162842,1.0499999523162842,50700
2026-03-02,1.0299999713897705,1.0800000429153442,1.0099999904632568,1.0499999523162842,1.0499999523162842,43400
2026-03-03,1.0199999809265137,1.059999942779541,1.0199999809265137,1.059999942779541,1.059999942779541,33700
2026-03-04,1.0499999523162842,1.059999942779541,1.0,1.0299999713897705,1.0299999713897705,43800
2026-03-05,1.0299999713897705,1.0299999713897705,0.9800000190734863,1.0,1.0,22000
2026-03-06,0.9900000095367432,1.0399999618530273,0.9900000095367432,1.0099999904632568,1.0099999904632568,17700
2026-03-09,1.0299999713897705,1.0299999713897705,0.9900000095367432,1.0299999713897705,1.0299999713897705,49500
2026-03-10,1.0399999618530273,1.0700000524520874,1.0399999618530273,1.0700000524520874,1.0700000524520874,55100
2026-03-11,1.059999942779541,1.059999942779541,1.0099999904632568,1.0299999713897705,1.0299999713897705,24600
2026-03-12,1.0499999523162842,1.0499999523162842,1.0099999904632568,1.0099999904632568,1.0099999904632568,38100
2026-03-13,1.0199999809265137,1.0499999523162842,1.0099999904632568,1.0299999713897705,1.0299999713897705,20500
2026-03-16,1.0199999809265137,1.090000033378601,1.0099999904632568,1.0800000429153442,1.0800000429153442,123000
2026-03-17,1.0499999523162842,1.1200000047683716,1.0499999523162842,1.1100000143051147,1.1100000143051147,76000
2026-03-18,1.1100000143051147,1.1399999856948853,1.090000033378601,1.1299999952316284,1.1299999952316284,61700
2026-03-19,1.1100000143051147,1.1100000143051147,1.0700000524520874,1.090000033378601,1.090000033378601,18200
2026-03-20,1.090000033378601,1.1100000143051147,1.0299999713897705,1.0299999713897705,1.0299999713897705,49200
2026-03-23,1.0299999713897705,1.1100000143051147,1.0299999713897705,1.0800000429153442,1.0800000429153442,37900
2026-03-24,1.0299999713897705,1.1200000047683716,1.0299999713897705,1.059999942779541,1.059999942779541,48400
2026-03-25,1.0800000429153442,1.100000023841858,1.059999942779541,1.0800000429153442,1.0800000429153442,32300
2026-03-26,1.059999942779541,1.0800000429153442,1.0199999809265137,1.0299999713897705,1.0299999713897705,35800
2026-03-27,1.0299999713897705,1.059999942779541,1.0299999713897705,1.0299999713897705,1.0299999713897705,22500
2026-03-30,1.0299999713897705,1.0399999618530273,1.0,1.0,1.0,77700
2026-03-31,1.0,1.059999942779541,1.0,1.0099999904632568,1.0099999904632568,22500
2026-04-01,1.0499999523162842,1.0800000429153442,1.0099999904632568,1.0199999809265137,1.0199999809265137,28000
2026-04-02,1.7100000381469727,2.0299999713897705,1.3600000143051147,1.5099999904632568,1.5099999904632568,137317500
2026-04-06,1.4900000095367432,1.5199999809265137,1.340000033378601,1.5,1.5,4406400
2026-04-07,1.4299999475479126,1.5199999809265137,1.350000023841858,1.4700000286102295,1.4700000286102295,1340500
2026-04-08,1.4800000190734863,1.559999942779541,1.4199999570846558,1.440000057220459,1.440000057220459,680300
2026-04-09,1.399999976158142,1.5199999809265137,1.3600000143051147,1.4299999475479126,1.4299999475479126,551700
2026-04-10,1.399999976158142,1.4299999475479126,1.1699999570846558,1.25,1.25,595200
2026-04-13,1.2100000381469727,1.4299999475479126,1.2100000381469727,1.4299999475479126,1.4299999475479126,350800
2026-04-14,1.4199999570846558,1.5299999713897705,1.4199999570846558,1.5299999713897705,1.5299999713897705,567200
2026-04-15,1.5,1.5399999618530273,1.4600000381469727,1.5,1.5,319600
2026-04-16,1.4700000286102295,1.590000033378601,1.4700000286102295,1.5700000524520874,1.5700000524520874,503300
2026-04-17,1.5499999523162842,1.5800000429153442,1.4900000095367432,1.5099999904632568,1.5099999904632568,383600
2026-04-20,1.5099999904632568,1.5299999713897705,1.4800000190734863,1.5099999904632568,1.5099999904632568,185100
2026-04-21,1.4900000095367432,1.5,1.409999966621399,1.4299999475479126,1.4299999475479126,151700
2026-04-22,1.4199999570846558,1.4900000095367432,1.4199999570846558,1.4700000286102295,1.4700000286102295,88100
2026-04-23,1.4600000381469727,1.4800000190734863,1.3899999856948853,1.409999966621399,1.409999966621399,196100
2026-04-24,1.409999966621399,1.4500000476837158,1.3799999952316284,1.4299999475479126,1.4299999475479126,141300
2026-04-27,1.4500000476837158,1.4500000476837158,1.399999976158142,1.399999976158142,1.399999976158142,109300
2026-04-28,1.350000023841858,1.4199999570846558,1.350000023841858,1.3899999856948853,1.3899999856948853,75100
2026-04-29,1.3799999952316284,1.399999976158142,1.3700000047683716,1.3899999856948853,1.3899999856948853,117800
2026-04-30,1.399999976158142,1.4800000190734863,1.3799999952316284,1.4299999475479126,1.4299999475479126,138900
2026-05-01,1.4500000476837158,1.4500000476837158,1.3799999952316284,1.3799999952316284,1.3799999952316284,145000
2026-05-04,1.3700000047683716,1.3899999856948853,1.2799999713897705,1.309999942779541,1.309999942779541,170400
2026-05-05,1.3200000524520874,1.4199999570846558,1.3200000524520874,1.3799999952316284,1.3799999952316284,203200
2026-05-06,1.399999976158142,1.4500000476837158,1.3799999952316284,1.409999966621399,1.409999966621399,137700
2026-05-07,1.3799999952316284,1.4299999475479126,1.3799999952316284,1.3899999856948853,1.3899999856948853,103500
2026-05-08,1.399999976158142,1.4500000476837158,1.3600000143051147,1.440000057220459,1.440000057220459,191400
2026-05-11,1.399999976158142,1.440000057220459,1.2899999618530273,1.2999999523162842,1.2999999523162842,189100
2026-05-12,1.2799999713897705,1.3600000143051147,1.2799999713897705,1.309999942779541,1.309999942779541,127900
2026-05-13,1.2899999618530273,1.2999999523162842,1.2799999713897705,1.2799999713897705,1.2799999713897705,90200
2026-05-14,1.2899999618530273,1.2899999618530273,1.25,1.2599999904632568,1.2599999904632568,66600
2026-05-15,1.2300000190734863,1.2699999809265137,1.190000057220459,1.2000000476837158,1.2000000476837158,101200
2026-05-18,1.2300000190734863,1.2899999618530273,1.1799999475479126,1.1799999475479126,1.1799999475479126,175900
2026-05-19,1.1699999570846558,1.2000000476837158,1.100000023841858,1.149999976158142,1.149999976158142,151200
2026-05-20,1.159999966621399,1.159999966621399,1.090000033378601,1.1100000143051147,1.1100000143051147,104300
2026-05-21,1.1100000143051147,1.149999976158142,1.0800000429153442,1.1299999952316284,1.1299999952316284,42900
2026-05-22,1.1299999952316284,1.1799999475479126,1.1100000143051147,1.149999976158142,1.149999976158142,54400
2026-05-26,1.2599999904632568,1.2599999904632568,1.1299999952316284,1.1299999952316284,1.1299999952316284,350500
2026-05-27,1.1299999952316284,1.1799999475479126,1.1100000143051147,1.1200000047683716,1.1200000047683716,122900
2026-05-28,1.100000023841858,1.2000000476837158,1.0800000429153442,1.1299999952316284,1.1299999952316284,79000
2026-05-29,1.1299999952316284,1.1399999856948853,1.100000023841858,1.1200000047683716,1.1200000047683716,101600
2026-06-01,1.1299999952316284,1.149999976158142,1.0700000524520874,1.1100000143051147,1.1100000143051147,188800
2026-06-02,1.059999942779541,1.090000033378601,1.0499999523162842,1.0499999523162842,1.0499999523162842,184800
2026-06-03,1.0499999523162842,1.100000023841858,1.0499999523162842,1.059999942779541,1.059999942779541,73700
2026-06-04,1.059999942779541,1.1200000047683716,1.0199999809265137,1.0499999523162842,1.0499999523162842,200800
2026-06-05,1.0499999523162842,1.059999942779541,0.949999988079071,0.9599999785423279,0.9599999785423279,160200
2026-06-08,0.9700000286102295,1.0199999809265137,0.9700000286102295,1.0099999904632568,1.0099999904632568,40100
2026-06-09,1.0,1.0800000429153442,1.0,1.0199999809265137,1.0199999809265137,65500
2026-06-10,1.0,1.0700000524520874,1.0,1.0,1.0,50000
2026-06-11,0.9900000095367432,1.0399999618530273,0.9900000095367432,1.0099999904632568,1.0099999904632568,30300
2026-06-12,0.9900000095367432,1.0199999809265137,0.9900000095367432,0.9900000095367432,0.9900000095367432,80100
2026-06-15,0.9900000095367432,1.0199999809265137,0.949999988079071,0.9900000095367432,0.9900000095367432,132000
2026-06-16,0.9900000095367432,0.9900000095367432,0.9399999976158142,0.949999988079071,0.949999988079071,168500
2026-06-17,0.949999988079071,0.9900000095367432,0.9399999976158142,0.9700000286102295,0.9700000286102295,53200
2026-06-18,0.9599999785423279,1.0,0.949999988079071,1.0,1.0,74300
2026-06-22,1.0,1.0399999618530273,1.0,1.0,1.0,104400
2026-06-23,1.0,1.0800000429153442,1.0,1.059999942779541,1.059999942779541,132500
2026-06-24,1.059999942779541,1.0800000429153442,1.0099999904632568,1.0499999523162842,1.0499999523162842,112100
2026-06-25,1.0399999618530273,1.059999942779541,1.0099999904632568,1.0099999904632568,1.0099999904632568,97200
2026-06-26,1.0,1.0499999523162842,0.9700000286102295,1.0199999809265137,1.0199999809265137,67900
2026-06-29,1.0,1.0499999523162842,0.9900000095367432,1.0299999713897705,1.0299999713897705,52200
2026-06-30,1.0099999904632568,1.0700000524520874,1.0099999904632568,1.0499999523162842,1.0499999523162842,47600
2026-07-01,1.059999942779541,1.0700000524520874,1.0499999523162842,1.0499999523162842,1.0499999523162842,35000
2026-07-02,1.0499999523162842,1.0700000524520874,1.0399999618530273,1.0399999618530273,1.0399999618530273,17300
2026-07-06,1.0399999618530273,1.0499999523162842,1.0199999809265137,1.0399999618530273,1.0399999618530273,14600
2026-07-07,1.0299999713897705,1.0499999523162842,1.0099999904632568,1.0199999809265137,1.0199999809265137,29500
2026-07-08,1.0099999904632568,1.0099999904632568,0.9800000190734863,0.9800000190734863,0.9800000190734863,19000
2026-07-09,1.0099999904632568,1.0099999904632568,1.0,1.0099999904632568,1.0099999904632568,18400
2026-07-10,1.0,1.0299999713897705,1.0,1.0099999904632568,1.0099999904632568,10000
