date,open,high,low,close,adjclose,volume
2021-08-02,122.13999938964844,123.83000183105469,119.83000183105469,122.33999633789062,122.33999633789062,923300
2021-08-03,122.62999725341797,123.15499877929688,118.66000366210938,121.41999816894531,121.41999816894531,770800
2021-08-04,120.94000244140625,125.0999984741211,120.80999755859375,124.61000061035156,124.61000061035156,857700
2021-08-05,126.98999786376953,133.9499969482422,125.7300033569336,133.49000549316406,133.49000549316406,2415500
2021-08-06,134.27999877929688,140.5,133.17999267578125,136.74000549316406,136.74000549316406,2409100
2021-08-09,137.1999969482422,142.63999938964844,135.5500030517578,137.82000732421875,137.82000732421875,1664000
2021-08-10,139.5800018310547,141.6300048828125,132.77999877929688,135.16000366210938,135.16000366210938,1144000
2021-08-11,135.3300018310547,136.75999450683594,130.74000549316406,133.69000244140625,133.69000244140625,842800
2021-08-12,134.00999450683594,139.61000061035156,132.82000732421875,135.38999938964844,135.38999938964844,886800
2021-08-13,135.4600067138672,135.7030029296875,126.19999694824219,126.76000213623047,126.76000213623047,1356200
2021-08-16,125.76000213623047,125.76000213623047,119.75,122.55000305175781,122.55000305175781,1366700
2021-08-17,119.76499938964844,122.0199966430664,117.80000305175781,120.55000305175781,120.55000305175781,994500
2021-08-18,121.55999755859375,123.41999816894531,118.80000305175781,119.31999969482422,119.31999969482422,832600
2021-08-19,118.16000366210938,120.87000274658203,116.30999755859375,116.79000091552734,116.79000091552734,1098100
2021-08-20,116.58000183105469,120.0,115.5999984741211,117.22000122070312,117.22000122070312,745600
2021-08-23,120.38999938964844,126.47000122070312,119.5,125.0199966430664,125.0199966430664,1309000
2021-08-24,126.58000183105469,126.69999694824219,123.0,126.45999908447266,126.45999908447266,745800
2021-08-25,125.33999633789062,126.5,123.5989990234375,125.80000305175781,125.80000305175781,507000
2021-08-26,125.1500015258789,128.5,121.58000183105469,121.9000015258789,121.9000015258789,822700
2021-08-27,122.66999816894531,127.31700134277344,120.69999694824219,123.80999755859375,123.80999755859375,690400
2021-08-30,124.70999908447266,125.79000091552734,120.5999984741211,120.70999908447266,120.70999908447266,610100
2021-08-31,122.33999633789062,124.94999694824219,122.0,124.94999694824219,124.94999694824219,749900
2021-09-01,125.13999938964844,129.5,124.81999969482422,126.36000061035156,126.36000061035156,1070200
2021-09-02,126.69000244140625,127.5,124.69999694824219,127.06999969482422,127.06999969482422,743300
2021-09-03,127.83000183105469,127.83000183105469,121.1500015258789,121.95999908447266,121.95999908447266,1001400
2021-09-07,121.58999633789062,124.37999725341797,120.18000030517578,120.51000213623047,120.51000213623047,902000
2021-09-08,120.08000183105469,122.5250015258789,117.54000091552734,119.26000213623047,119.26000213623047,920800
2021-09-09,119.55000305175781,124.25,119.37000274658203,121.45999908447266,121.45999908447266,788800
2021-09-10,122.43000030517578,123.37999725341797,120.29000091552734,120.73999786376953,120.73999786376953,652000
2021-09-13,120.91000366210938,120.91000366210938,116.55999755859375,118.0,118.0,1264000
2021-09-14,118.30999755859375,120.5,115.83000183105469,116.30000305175781,116.30000305175781,773800
2021-09-15,116.20999908447266,117.33999633789062,114.41999816894531,117.26000213623047,117.26000213623047,773300
2021-09-16,116.9000015258789,118.5,114.63999938964844,117.41999816894531,117.41999816894531,642200
2021-09-17,117.74500274658203,124.79000091552734,115.95999908447266,124.5199966430664,124.5199966430664,1670900
2021-09-20,118.7699966430664,121.36000061035156,115.36100006103516,116.47000122070312,116.47000122070312,1571500
2021-09-21,117.5,119.77899932861328,116.62999725341797,117.25,117.25,886200
2021-09-22,117.56999969482422,120.08000183105469,116.63999938964844,117.80999755859375,117.80999755859375,658400
2021-09-23,119.26000213623047,122.25,116.91000366210938,121.25,121.25,772100
2021-09-24,119.51000213623047,120.23999786376953,116.01000213623047,116.43000030517578,116.43000030517578,1088200
2021-09-27,116.16999816894531,117.83999633789062,113.31999969482422,117.26000213623047,117.26000213623047,770700
2021-09-28,115.56999969482422,115.77999877929688,111.87000274658203,112.1500015258789,112.1500015258789,1269800
2021-09-29,112.54000091552734,113.94999694824219,109.62899780273438,110.19999694824219,110.19999694824219,1137800
2021-09-30,111.36000061035156,114.22599792480469,110.44999694824219,111.93000030517578,111.93000030517578,727700
2021-10-01,111.75,112.38999938964844,108.94000244140625,111.29000091552734,111.29000091552734,916800
2021-10-04,110.0,110.01000213623047,102.2300033569336,102.43000030517578,102.43000030517578,1762400
2021-10-05,102.9800033569336,105.5999984741211,101.7699966430664,102.48999786376953,102.48999786376953,950100
2021-10-06,101.81999969482422,103.76499938964844,99.0999984741211,101.98999786376953,101.98999786376953,1172400
2021-10-07,102.5,105.58999633789062,101.65499877929688,102.98999786376953,102.98999786376953,934700
2021-10-08,102.79000091552734,102.91000366210938,96.55000305175781,98.62999725341797,98.62999725341797,3449600
2021-10-11,99.05000305175781,101.33999633789062,98.68099975585938,100.6500015258789,100.6500015258789,1785400
2021-10-12,101.25,104.79000091552734,100.63200378417969,102.58999633789062,102.58999633789062,2015400
2021-10-13,92.7959976196289,98.33100128173828,92.33000183105469,96.7699966430664,96.7699966430664,6424800
2021-10-14,98.3499984741211,102.66999816894531,96.5999984741211,98.69999694824219,98.69999694824219,2900600
2021-10-15,99.2300033569336,99.80999755859375,96.6500015258789,97.0,97.0,1851400
2021-10-18,97.33999633789062,97.47000122070312,95.68000030517578,96.20999908447266,96.20999908447266,1277300
2021-10-19,97.47000122070312,102.96299743652344,97.33000183105469,100.26000213623047,100.26000213623047,1921200
2021-10-20,100.5,101.80999755859375,98.2699966430664,98.37000274658203,98.37000274658203,1190700
2021-10-21,98.75,99.44999694824219,96.75,97.05999755859375,97.05999755859375,1650900
2021-10-22,96.94999694824219,97.6500015258789,94.25,95.55999755859375,95.55999755859375,1325500
2021-10-25,95.52999877929688,97.29000091552734,94.2699966430664,96.69999694824219,96.69999694824219,1082700
2021-10-26,97.30000305175781,97.88500213623047,95.05000305175781,95.05999755859375,95.05999755859375,956200
2021-10-27,95.30500030517578,96.25,92.5199966430664,92.77999877929688,92.77999877929688,1504400
2021-10-28,92.72000122070312,95.41000366210938,90.33499908447266,94.0,94.0,1145900
2021-10-29,93.79000091552734,93.9800033569336,91.16999816894531,91.33000183105469,91.33000183105469,1225400
2021-11-01,91.5,96.19000244140625,91.44999694824219,95.45999908447266,95.45999908447266,1597700
2021-11-02,95.66100311279297,98.58000183105469,94.3499984741211,95.83999633789062,95.83999633789062,1157600
2021-11-03,95.5999984741211,96.9800033569336,94.80000305175781,96.87999725341797,96.87999725341797,1138100
2021-11-04,95.62000274658203,95.87999725341797,90.13999938964844,93.0,93.0,2117100
2021-11-05,93.0780029296875,93.94999694824219,89.55000305175781,90.23999786376953,90.23999786376953,1548100
2021-11-08,90.81999969482422,94.9000015258789,90.80000305175781,94.13999938964844,94.13999938964844,1267200
2021-11-09,94.11599731445312,95.0,90.75,91.2699966430664,91.2699966430664,1143500
2021-11-10,90.69999694824219,91.83000183105469,86.66000366210938,87.58000183105469,87.58000183105469,1877800
2021-11-11,88.66000366210938,89.69999694824219,87.30999755859375,87.91999816894531,87.91999816894531,976100
2021-11-12,88.06999969482422,89.29000091552734,87.0199966430664,88.93000030517578,88.93000030517578,1059800
2021-11-15,89.02999877929688,89.68000030517578,84.30999755859375,85.08000183105469,85.08000183105469,1824600
2021-11-16,84.9800033569336,87.19999694824219,84.51000213623047,86.58000183105469,86.58000183105469,965800
2021-11-17,86.30999755859375,86.91999816894531,84.61000061035156,86.08000183105469,86.08000183105469,861600
2021-11-18,86.4800033569336,87.76000213623047,82.69999694824219,82.97000122070312,82.97000122070312,1404200
2021-11-19,83.01000213623047,83.9800033569336,81.91999816894531,82.44000244140625,82.44000244140625,1059100
2021-11-22,82.41999816894531,82.41999816894531,80.05500030517578,80.58999633789062,80.58999633789062,1470600
2021-11-23,80.06999969482422,80.45999908447266,77.41999816894531,80.08000183105469,80.08000183105469,1917100
2021-11-24,79.48999786376953,81.51000213623047,77.47000122070312,80.91999816894531,80.91999816894531,2397000
2021-11-26,79.56999969482422,82.0,78.45999908447266,78.79000091552734,78.79000091552734,1176100
2021-11-29,79.58000183105469,80.75,76.70999908447266,77.9800033569336,77.9800033569336,1400200
2021-11-30,77.37999725341797,80.5,76.80999755859375,79.9000015258789,79.9000015258789,1473700
2021-12-01,80.47000122070312,81.54000091552734,75.12200164794922,75.27999877929688,75.27999877929688,1448100
2021-12-02,75.0,77.36000061035156,73.19000244140625,76.8499984741211,76.8499984741211,1316600
2021-12-03,76.8499984741211,76.8499984741211,68.16100311279297,70.08999633789062,70.08999633789062,2892800
2021-12-06,70.2750015258789,71.18000030517578,67.1500015258789,71.12000274658203,71.12000274658203,2465500
2021-12-07,72.26100158691406,79.88999938964844,72.02999877929688,78.38999938964844,78.38999938964844,2570900
2021-12-08,78.38999938964844,81.20600128173828,75.69000244140625,79.41000366210938,79.41000366210938,1231300
2021-12-09,79.5,79.54000091552734,75.30999755859375,75.45999908447266,75.45999908447266,1182200
2021-12-10,76.05999755859375,78.55999755859375,73.0199966430664,73.62999725341797,73.62999725341797,995300
2021-12-13,73.55999755859375,73.93000030517578,70.38999938964844,73.0,73.0,1570700
2021-12-14,70.7699966430664,76.48999786376953,70.22000122070312,74.58999633789062,74.58999633789062,1904500
2021-12-15,74.47000122070312,79.87999725341797,72.05000305175781,78.87000274658203,78.87000274658203,1893800
2021-12-16,79.69000244140625,80.62999725341797,75.6500015258789,76.45999908447266,76.45999908447266,1863400
2021-12-17,75.82499694824219,83.19000244140625,74.94000244140625,82.7300033569336,82.7300033569336,2555600
2021-12-20,79.6050033569336,81.75,76.5,81.05000305175781,81.05000305175781,1836700
2021-12-21,81.51000213623047,81.80999755859375,78.94000244140625,79.91999816894531,79.91999816894531,1387400
2021-12-22,79.08000183105469,82.69000244140625,78.41000366210938,81.55999755859375,81.55999755859375,1197500
2021-12-23,81.5,83.58999633789062,79.0,82.1500015258789,82.1500015258789,949500
2021-12-27,81.19000244140625,81.68000030517578,76.37000274658203,76.95999908447266,76.95999908447266,1582300
2021-12-28,76.80999755859375,80.23999786376953,76.05999755859375,76.7699966430664,76.7699966430664,1183400
2021-12-29,76.5,78.19999694824219,75.94599914550781,76.7699966430664,76.7699966430664,1095300
2021-12-30,76.47000122070312,81.08000183105469,76.3499984741211,78.8499984741211,78.8499984741211,2649000
2021-12-31,78.45999908447266,80.83000183105469,75.66000366210938,75.77999877929688,75.77999877929688,1177300
2022-01-03,76.56999969482422,79.4000015258789,74.11000061035156,79.23999786376953,79.23999786376953,1032600
2022-01-04,78.98999786376953,79.19999694824219,71.4000015258789,73.25,73.25,2133900
2022-01-05,72.75,73.91000366210938,68.97000122070312,69.01000213623047,69.01000213623047,1790300
2022-01-06,68.4000015258789,70.30000305175781,65.88999938964844,67.18000030517578,67.18000030517578,2161900
2022-01-07,67.5199966430664,71.41999816894531,66.79000091552734,67.66000366210938,67.66000366210938,1234900
2022-01-10,67.0,69.20999908447266,64.76000213623047,69.08999633789062,69.08999633789062,2106100
2022-01-11,69.3499984741211,73.0,68.51000213623047,72.70999908447266,72.70999908447266,1347400
2022-01-12,73.44000244140625,74.48999786376953,69.51000213623047,69.86000061035156,69.86000061035156,1367900
2022-01-13,69.73999786376953,70.2750015258789,66.22000122070312,66.4000015258789,66.4000015258789,1610700
2022-01-14,65.31999969482422,68.66999816894531,65.02999877929688,67.7699966430664,67.7699966430664,1525600
2022-01-18,66.51000213623047,68.7239990234375,64.5999984741211,65.05000305175781,65.05000305175781,1472100
2022-01-19,65.91000366210938,68.06999969482422,63.86000061035156,64.19000244140625,64.19000244140625,1847000
2022-01-20,65.02999877929688,68.8499984741211,64.01000213623047,64.36000061035156,64.36000061035156,1351800
2022-01-21,63.720001220703125,66.41999816894531,62.209999084472656,62.61000061035156,62.61000061035156,2216700
2022-01-24,59.54499816894531,61.720001220703125,55.349998474121094,60.2599983215332,60.2599983215332,3541300
2022-01-25,58.790000915527344,63.70000076293945,57.59000015258789,62.540000915527344,62.540000915527344,2288600
2022-01-26,64.69999694824219,67.0999984741211,61.630001068115234,61.84000015258789,61.84000015258789,1796400
2022-01-27,63.72999954223633,63.970001220703125,58.54999923706055,58.7599983215332,58.7599983215332,1687700
2022-01-28,58.630001068115234,61.400001525878906,56.380001068115234,59.0,59.0,2738200
2022-01-31,60.290000915527344,64.86000061035156,60.189998626708984,63.75,63.75,2317800
2022-02-01,65.18000030517578,66.54000091552734,61.959999084472656,65.52999877929688,65.52999877929688,1600500
2022-02-02,67.0,67.38999938964844,61.65999984741211,62.119998931884766,62.119998931884766,1817600
2022-02-03,60.02000045776367,62.599998474121094,59.849998474121094,60.400001525878906,60.400001525878906,1161500
2022-02-04,60.529998779296875,62.720001220703125,58.90999984741211,61.88999938964844,61.88999938964844,1187300
2022-02-07,61.88999938964844,65.9000015258789,61.689998626708984,62.36000061035156,62.36000061035156,1239300
2022-02-08,61.810001373291016,62.88999938964844,60.029998779296875,61.040000915527344,61.040000915527344,1234700
2022-02-09,62.04999923706055,65.88999938964844,62.04999923706055,65.04000091552734,65.04000091552734,1239500
2022-02-10,63.5,66.5,61.29999923706055,61.900001525878906,61.900001525878906,1420300
2022-02-11,62.599998474121094,63.880001068115234,58.97999954223633,59.400001525878906,59.400001525878906,1387000
2022-02-14,59.5099983215332,61.04600143432617,58.310001373291016,58.61000061035156,58.61000061035156,2152900
2022-02-15,60.0,61.36000061035156,58.849998474121094,60.970001220703125,60.970001220703125,1678400
2022-02-16,59.63999938964844,62.29999923706055,59.599998474121094,61.970001220703125,61.970001220703125,1578400
2022-02-17,60.86000061035156,62.310001373291016,58.40599822998047,58.61000061035156,58.61000061035156,1310500
2022-02-18,58.61000061035156,60.02799987792969,57.38999938964844,58.290000915527344,58.290000915527344,1182900
2022-02-22,57.09000015258789,58.939998626708984,55.16999816894531,55.65999984741211,55.65999984741211,1633300
2022-02-23,56.56999969482422,57.0,53.040000915527344,53.25,53.25,1337000
2022-02-24,50.86000061035156,57.68000030517578,50.54199981689453,57.15999984741211,57.15999984741211,1878600
2022-02-25,57.5099983215332,59.939998626708984,55.70500183105469,59.72999954223633,59.72999954223633,1605500
2022-02-28,59.56999969482422,62.619998931884766,58.900001525878906,61.369998931884766,61.369998931884766,1447100
2022-03-01,60.40999984741211,61.6150016784668,56.810001373291016,57.439998626708984,57.439998626708984,2258500
2022-03-02,57.56999969482422,59.470001220703125,55.470001220703125,58.779998779296875,58.779998779296875,1100700
2022-03-03,58.779998779296875,58.97999954223633,53.61000061035156,54.189998626708984,54.189998626708984,1440800
2022-03-04,53.72999954223633,55.75,52.43000030517578,53.189998626708984,53.189998626708984,972000
2022-03-07,54.150001525878906,56.84000015258789,53.70000076293945,55.20000076293945,55.20000076293945,2226300
2022-03-08,54.27000045776367,62.619998931884766,53.779998779296875,60.349998474121094,60.349998474121094,2582800
2022-03-09,60.84000015258789,63.189998626708984,60.84000015258789,62.41999816894531,62.41999816894531,1554100
2022-03-10,60.720001220703125,62.97999954223633,59.58000183105469,62.43000030517578,62.43000030517578,1003800
2022-03-11,62.9900016784668,64.80999755859375,61.33000183105469,61.41999816894531,61.41999816894531,1176300
2022-03-14,60.65999984741211,63.380001068115234,57.56999969482422,58.060001373291016,58.060001373291016,1404400
2022-03-15,58.040000915527344,60.77000045776367,57.779998779296875,60.040000915527344,60.040000915527344,1228700
2022-03-16,61.439998626708984,65.6500015258789,60.77000045776367,65.54000091552734,65.54000091552734,2093300
2022-03-17,64.87000274658203,68.38999938964844,63.83000183105469,67.45999908447266,67.45999908447266,1762000
2022-03-18,66.80999755859375,70.94000244140625,66.62000274658203,67.88999938964844,67.88999938964844,6620400
2022-03-21,68.01499938964844,68.01499938964844,64.37999725341797,65.66000366210938,65.66000366210938,1105600
2022-03-22,65.93000030517578,68.26000213623047,64.70999908447266,67.5,67.5,899500
2022-03-23,67.05000305175781,67.05000305175781,63.52000045776367,63.56999969482422,63.56999969482422,1082300
2022-03-24,64.13999938964844,64.55000305175781,61.560001373291016,64.4000015258789,64.4000015258789,998300
2022-03-25,64.43000030517578,64.54000091552734,61.54999923706055,62.13999938964844,62.13999938964844,898000
2022-03-28,62.20000076293945,64.0,60.560001373291016,62.83000183105469,62.83000183105469,998100
2022-03-29,64.30999755859375,67.26000213623047,63.65999984741211,65.94999694824219,65.94999694824219,1646000
2022-03-30,65.94999694824219,67.86599731445312,63.720001220703125,64.08000183105469,64.08000183105469,1097100
2022-03-31,64.5999984741211,65.0,62.52000045776367,62.77000045776367,62.77000045776367,721600
2022-04-01,63.54999923706055,68.75,63.29999923706055,66.1500015258789,66.1500015258789,1564300
2022-04-04,66.80999755859375,70.18000030517578,66.80999755859375,69.51000213623047,69.51000213623047,1269400
2022-04-05,69.5,70.4000015258789,67.06999969482422,67.4800033569336,67.4800033569336,1188000
2022-04-06,65.31999969482422,67.1500015258789,63.858001708984375,66.12000274658203,66.12000274658203,1105400
2022-04-07,65.44999694824219,66.93000030517578,62.43000030517578,63.939998626708984,63.939998626708984,1045500
2022-04-08,64.05999755859375,64.4000015258789,61.0099983215332,61.619998931884766,61.619998931884766,775300
2022-04-11,60.52000045776367,62.025001525878906,59.1349983215332,61.45000076293945,61.45000076293945,1104200
2022-04-12,62.5,66.06999969482422,62.47999954223633,64.55000305175781,64.55000305175781,1280000
2022-04-13,64.0999984741211,66.55000305175781,63.470001220703125,65.83999633789062,65.83999633789062,957400
2022-04-14,65.37000274658203,65.47000122070312,61.59000015258789,62.189998626708984,62.189998626708984,1052400
2022-04-18,61.5099983215332,61.849998474121094,58.43000030517578,58.7400016784668,58.7400016784668,1025400
2022-04-19,58.56999969482422,60.599998474121094,57.86600112915039,58.959999084472656,58.959999084472656,1009200
2022-04-20,59.54999923706055,59.54999923706055,56.79999923706055,57.58000183105469,57.58000183105469,868000
2022-04-21,58.5099983215332,60.41999816894531,55.08000183105469,55.529998779296875,55.529998779296875,1195800
2022-04-22,55.43000030517578,57.040000915527344,54.779998779296875,55.68000030517578,55.68000030517578,796700
2022-04-25,55.34000015258789,57.4900016784668,55.013999938964844,57.27000045776367,57.27000045776367,1134400
2022-04-26,56.47999954223633,57.566001892089844,52.790000915527344,52.79999923706055,52.79999923706055,1138400
2022-04-27,52.540000915527344,53.900001525878906,51.099998474121094,51.959999084472656,51.959999084472656,926500
2022-04-28,52.029998779296875,53.209999084472656,48.380001068115234,51.619998931884766,51.619998931884766,1872900
2022-04-29,51.630001068115234,53.900001525878906,49.529998779296875,49.619998931884766,49.619998931884766,974500
2022-05-02,49.58000183105469,52.040000915527344,48.400001525878906,51.97999954223633,51.97999954223633,1300100
2022-05-03,52.38999938964844,54.150001525878906,51.380001068115234,52.619998931884766,52.619998931884766,878800
2022-05-04,52.540000915527344,56.459999084472656,50.5099983215332,55.619998931884766,55.619998931884766,1505800
2022-05-05,54.16999816894531,54.849998474121094,50.279998779296875,51.34000015258789,51.34000015258789,1267700
2022-05-06,50.72999954223633,50.9900016784668,46.58000183105469,48.0099983215332,48.0099983215332,1746100
2022-05-09,46.20000076293945,47.29999923706055,43.04999923706055,43.22999954223633,43.22999954223633,2208100
2022-05-10,44.47999954223633,49.02000045776367,43.54999923706055,47.310001373291016,47.310001373291016,2325400
2022-05-11,45.43000030517578,48.54999923706055,42.9900016784668,43.66999816894531,43.66999816894531,2535900
2022-05-12,42.599998474121094,48.70000076293945,42.51100158691406,46.540000915527344,46.540000915527344,2279700
2022-05-13,48.189998626708984,52.79999923706055,48.189998626708984,52.22999954223633,52.22999954223633,1569300
2022-05-16,52.27000045776367,53.13999938964844,50.47999954223633,51.540000915527344,51.540000915527344,1276500
2022-05-17,52.68000030517578,54.869998931884766,51.689998626708984,54.36000061035156,54.36000061035156,1379300
2022-05-18,53.0099983215332,56.27000045776367,52.849998474121094,54.7599983215332,54.7599983215332,1291700
2022-05-19,54.63999938964844,57.94499969482422,53.619998931884766,56.4900016784668,56.4900016784668,1318200
2022-05-20,56.650001525878906,58.08000183105469,52.72999954223633,56.34000015258789,56.34000015258789,1339800
2022-05-23,55.939998626708984,57.25,53.959999084472656,54.709999084472656,54.709999084472656,925100
2022-05-24,53.41999816894531,53.90999984741211,51.459999084472656,52.380001068115234,52.380001068115234,1096500
2022-05-25,51.7599983215332,54.9379997253418,51.54999923706055,54.54999923706055,54.54999923706055,1101400
2022-05-26,54.66999816894531,56.720001220703125,53.88999938964844,55.22999954223633,55.22999954223633,987800
2022-05-27,56.0099983215332,58.560001373291016,54.48500061035156,58.34000015258789,58.34000015258789,1112400
2022-05-31,57.689998626708984,59.41999816894531,56.41999816894531,58.04999923706055,58.04999923706055,1460600
2022-06-01,58.06999969482422,59.33000183105469,56.599998474121094,57.869998931884766,57.869998931884766,1206800
2022-06-02,57.529998779296875,62.20000076293945,56.849998474121094,61.0,61.0,1552200
2022-06-03,59.70000076293945,65.58000183105469,59.52000045776367,64.20999908447266,64.20999908447266,1999200
2022-06-06,65.69999694824219,66.38999938964844,63.380001068115234,64.22000122070312,64.22000122070312,1219400
2022-06-07,63.150001525878906,69.05000305175781,63.150001525878906,69.04000091552734,69.04000091552734,1392500
2022-06-08,68.87000274658203,74.58999633789062,68.44000244140625,73.83000183105469,73.83000183105469,2577800
2022-06-09,72.83999633789062,75.41999816894531,71.69000244140625,71.69999694824219,71.69999694824219,1305700
2022-06-10,67.83000183105469,69.28500366210938,63.11000061035156,63.7599983215332,63.7599983215332,1887000
2022-06-13,59.2599983215332,59.709999084472656,53.36000061035156,55.27000045776367,55.27000045776367,3761200
2022-06-14,55.7400016784668,58.130001068115234,53.52000045776367,58.11000061035156,58.11000061035156,1531600
2022-06-15,58.900001525878906,63.08000183105469,58.900001525878906,62.65999984741211,62.65999984741211,2082300
2022-06-16,59.9900016784668,65.5199966430664,59.720001220703125,64.63999938964844,64.63999938964844,2406600
2022-06-17,66.44999694824219,72.27999877929688,66.25,70.0,70.0,5962400
2022-06-21,71.01000213623047,75.23999786376953,59.81999969482422,64.66999816894531,64.66999816894531,7447200
2022-06-22,63.0099983215332,63.22999954223633,56.34000015258789,59.939998626708984,59.939998626708984,5836800
2022-06-23,59.15999984741211,65.94999694824219,57.779998779296875,65.1500015258789,65.1500015258789,3407500
2022-06-24,66.56999969482422,67.16000366210938,61.060001373291016,66.95999908447266,66.95999908447266,2952400
2022-06-27,67.05999755859375,69.41999816894531,63.619998931884766,66.9000015258789,66.9000015258789,2494100
2022-06-28,66.4800033569336,67.69999694824219,62.560001373291016,63.279998779296875,63.279998779296875,1556100
2022-06-29,62.7599983215332,63.900001525878906,60.9900016784668,63.0,63.0,1714800
2022-06-30,61.91999816894531,63.20000076293945,60.66999816894531,60.77000045776367,60.77000045776367,1376600
2022-07-01,61.11000061035156,64.0,60.40999984741211,63.790000915527344,63.790000915527344,947600
2022-07-05,63.38999938964844,71.63999938964844,62.040000915527344,70.5999984741211,70.5999984741211,3039600
2022-07-06,70.69999694824219,76.98999786376953,70.6500015258789,72.69999694824219,72.69999694824219,4849800
2022-07-07,72.05999755859375,79.2699966430664,72.0,78.19999694824219,78.19999694824219,2789200
2022-07-08,76.51000213623047,79.1500015258789,75.6500015258789,76.69999694824219,76.69999694824219,1727300
2022-07-11,76.27999877929688,77.3499984741211,73.26000213623047,73.70999908447266,73.70999908447266,1898900
2022-07-12,74.70999908447266,79.77999877929688,72.41000366210938,79.05000305175781,79.05000305175781,2552600
2022-07-13,75.55999755859375,82.68000030517578,75.04399871826172,80.69999694824219,80.69999694824219,3271000
2022-07-14,80.62000274658203,83.5,80.0199966430664,81.91000366210938,81.91000366210938,2131100
2022-07-15,81.91000366210938,83.38999938964844,77.81999969482422,83.38999938964844,83.38999938964844,1541800
2022-07-18,84.55999755859375,85.86000061035156,79.36000061035156,79.36000061035156,79.36000061035156,1720600
2022-07-19,80.91000366210938,83.94999694824219,78.5999984741211,83.77999877929688,83.77999877929688,1305500
2022-07-20,83.55000305175781,86.94999694824219,81.55999755859375,82.33999633789062,82.33999633789062,2214400
2022-07-21,82.16000366210938,82.33999633789062,78.5199966430664,79.94999694824219,79.94999694824219,1465000
2022-07-22,80.55999755859375,80.69499969482422,75.0999984741211,75.81999969482422,75.81999969482422,1532900
2022-07-25,75.2300033569336,76.87999725341797,72.70999908447266,76.5,76.5,1187600
2022-07-26,76.2699966430664,79.8550033569336,75.14700317382812,77.12000274658203,77.12000274658203,1237500
2022-07-27,77.76000213623047,79.20999908447266,75.12999725341797,78.93000030517578,78.93000030517578,845500
2022-07-28,79.26000213623047,80.91000366210938,74.31999969482422,75.9000015258789,75.9000015258789,1202000
2022-07-29,75.0,75.73999786376953,73.02999877929688,75.0,75.0,1013900
2022-08-01,74.0,76.75499725341797,72.9000015258789,74.01000213623047,74.01000213623047,958100
2022-08-02,73.37999725341797,77.26000213623047,73.29000091552734,76.33999633789062,76.33999633789062,935000
2022-08-03,77.91999816894531,83.05000305175781,77.72000122070312,78.58000183105469,78.58000183105469,1566500
2022-08-04,79.51000213623047,80.5,76.0199966430664,78.91000366210938,78.91000366210938,1459800
2022-08-05,76.44000244140625,81.9000015258789,75.13999938964844,81.4000015258789,81.4000015258789,1643500
2022-08-08,81.0,84.0999984741211,80.16000366210938,81.38999938964844,81.38999938964844,1535900
2022-08-09,78.55000305175781,78.56999969482422,74.56999969482422,75.12999725341797,75.12999725341797,1579900
2022-08-10,77.75,79.2699966430664,75.13999938964844,78.87000274658203,78.87000274658203,1104400
2022-08-11,80.0,83.79000091552734,77.27100372314453,77.45999908447266,77.45999908447266,1451900
2022-08-12,77.5,80.11000061035156,76.38999938964844,78.66000366210938,78.66000366210938,902600
2022-08-15,78.58999633789062,80.5999984741211,77.05999755859375,80.13999938964844,80.13999938964844,855700
2022-08-16,80.11000061035156,80.45999908447266,75.3499984741211,75.8499984741211,75.8499984741211,1082000
2022-08-17,73.93000030517578,74.87999725341797,71.01000213623047,71.73999786376953,71.73999786376953,1421100
2022-08-18,71.83999633789062,72.62000274658203,69.7699966430664,72.1500015258789,72.1500015258789,850500
2022-08-19,71.6500015258789,71.7699966430664,68.20999908447266,68.5999984741211,68.5999984741211,1446300
2022-08-22,67.0,68.91000366210938,66.11000061035156,66.3499984741211,66.3499984741211,1132900
2022-08-23,66.87000274658203,69.08000183105469,65.16999816894531,68.69999694824219,68.69999694824219,1203900
2022-08-24,68.69000244140625,72.16000366210938,67.0999984741211,71.97000122070312,71.97000122070312,885200
2022-08-25,73.18000030517578,73.77999877929688,70.72000122070312,72.44000244140625,72.44000244140625,1179400
2022-08-26,71.88999938964844,72.56999969482422,67.0469970703125,67.37000274658203,67.37000274658203,1141400
2022-08-29,66.02999877929688,67.73999786376953,65.2300033569336,65.7699966430664,65.7699966430664,995100
2022-08-30,66.62999725341797,67.1500015258789,64.16000366210938,65.16999816894531,65.16999816894531,899500
2022-08-31,66.69999694824219,66.9800033569336,64.16999816894531,65.08999633789062,65.08999633789062,805200
2022-09-01,64.0199966430664,65.80000305175781,62.7599983215332,65.5999984741211,65.5999984741211,1112400
2022-09-02,66.43000030517578,66.6449966430664,63.5099983215332,63.7400016784668,63.7400016784668,983500
2022-09-06,63.560001373291016,63.779998779296875,62.099998474121094,62.7599983215332,62.7599983215332,762600
2022-09-07,63.02000045776367,65.5199966430664,62.834999084472656,65.01000213623047,65.01000213623047,901600
2022-09-08,64.06999969482422,66.94000244140625,63.77000045776367,66.2699966430664,66.2699966430664,783000
2022-09-09,66.91999816894531,67.62999725341797,66.19000244140625,66.95999908447266,66.95999908447266,798700
2022-09-12,67.0,70.44000244140625,66.48999786376953,69.81999969482422,69.81999969482422,1515600
2022-09-13,66.51000213623047,68.44999694824219,65.4000015258789,67.55000305175781,67.55000305175781,1347900
2022-09-14,68.18000030517578,72.30999755859375,67.12999725341797,72.19000244140625,72.19000244140625,1215400
2022-09-15,71.16000366210938,75.1780014038086,71.01000213623047,75.01000213623047,75.01000213623047,1680900
2022-09-16,73.0199966430664,73.62000274658203,69.24500274658203,70.52999877929688,70.52999877929688,2177100
2022-09-19,69.26000213623047,69.95999908447266,65.81999969482422,68.81999969482422,68.81999969482422,1069200
2022-09-20,68.05000305175781,71.26000213623047,68.0,70.12999725341797,70.12999725341797,769900
2022-09-21,70.66000366210938,70.81999969482422,66.6500015258789,66.6500015258789,66.6500015258789,1005400
2022-09-22,66.1500015258789,66.1500015258789,64.01000213623047,64.9000015258789,64.9000015258789,936600
2022-09-23,63.880001068115234,64.58999633789062,61.779998779296875,63.15999984741211,63.15999984741211,1089000
2022-09-26,63.09000015258789,64.43499755859375,61.040000915527344,61.099998474121094,61.099998474121094,808500
2022-09-27,62.939998626708984,66.55999755859375,62.40999984741211,63.630001068115234,63.630001068115234,1667500
2022-09-28,64.16000366210938,67.43000030517578,63.720001220703125,66.94000244140625,66.94000244140625,1271200
2022-09-29,66.41999816894531,66.8499984741211,62.84000015258789,64.48999786376953,64.48999786376953,1347800
2022-09-30,64.5199966430664,68.05999755859375,64.5,65.3499984741211,65.3499984741211,1276300
2022-10-03,66.0199966430664,66.30999755859375,61.744998931884766,63.099998474121094,63.099998474121094,1156000
2022-10-04,64.4000015258789,66.20500183105469,64.38999938964844,65.66999816894531,65.66999816894531,1364500
2022-10-05,64.44000244140625,65.0,61.41999816894531,64.62999725341797,64.62999725341797,1554100
2022-10-06,64.44000244140625,66.12999725341797,63.380001068115234,65.26000213623047,65.26000213623047,712100
2022-10-07,63.880001068115234,64.19000244140625,61.2599983215332,61.650001525878906,61.650001525878906,775300
2022-10-10,61.400001525878906,61.4900016784668,59.25,60.81999969482422,60.81999969482422,753400
2022-10-11,58.900001525878906,61.150001525878906,57.099998474121094,58.5099983215332,58.5099983215332,1424100
2022-10-12,58.349998474121094,59.459999084472656,57.310001373291016,58.5099983215332,58.5099983215332,606100
2022-10-13,56.0099983215332,58.9900016784668,55.380001068115234,58.060001373291016,58.060001373291016,1005900
2022-10-14,58.790000915527344,59.529998779296875,53.97999954223633,54.06999969482422,54.06999969482422,1125700
2022-10-17,54.75,56.654998779296875,54.38399887084961,56.33000183105469,56.33000183105469,918700
2022-10-18,58.11000061035156,59.5,55.41999816894531,56.900001525878906,56.900001525878906,828200
2022-10-19,56.20000076293945,56.459999084472656,53.558998107910156,54.06999969482422,54.06999969482422,898600
2022-10-20,53.689998626708984,54.68000030517578,51.0,51.290000915527344,51.290000915527344,1191200
2022-10-21,51.52000045776367,51.95000076293945,50.20000076293945,50.84000015258789,50.84000015258789,1384100
2022-10-24,50.849998474121094,50.849998474121094,48.4900016784668,50.400001525878906,50.400001525878906,962200
2022-10-25,50.95000076293945,52.94499969482422,50.95000076293945,52.45000076293945,52.45000076293945,1012200
2022-10-26,52.18000030517578,57.88999938964844,52.150001525878906,55.20000076293945,55.20000076293945,1092400
2022-10-27,55.61000061035156,55.685001373291016,52.31999969482422,52.36000061035156,52.36000061035156,965600
2022-10-28,52.18000030517578,54.375,51.5,54.290000915527344,54.290000915527344,935200
2022-10-31,53.95000076293945,54.630001068115234,51.83000183105469,52.34000015258789,52.34000015258789,934200
2022-11-01,53.810001373291016,54.150001525878906,51.95000076293945,52.02000045776367,52.02000045776367,683700
2022-11-02,51.9900016784668,56.70000076293945,51.84000015258789,54.68000030517578,54.68000030517578,1532100
2022-11-03,54.38999938964844,54.459999084472656,53.20000076293945,53.2400016784668,53.2400016784668,940800
2022-11-04,54.29999923706055,54.45000076293945,49.709999084472656,51.18000030517578,51.18000030517578,1135100
2022-11-07,50.630001068115234,51.25,48.494998931884766,49.70000076293945,49.70000076293945,1100000
2022-11-08,49.5,52.540000915527344,49.189998626708984,50.72999954223633,50.72999954223633,825200
2022-11-09,50.2599983215332,51.040000915527344,48.77000045776367,48.93000030517578,48.93000030517578,870900
2022-11-10,52.349998474121094,55.0,51.310001373291016,54.689998626708984,54.689998626708984,1390700
2022-11-11,54.13999938964844,62.224998474121094,54.13999938964844,60.349998474121094,60.349998474121094,2402900
2022-11-14,60.0,62.220001220703125,59.14400100708008,59.779998779296875,59.779998779296875,1183900
2022-11-15,63.52000045776367,64.22000122070312,60.31999969482422,61.0099983215332,61.0099983215332,1249500
2022-11-16,60.880001068115234,61.130001068115234,57.96799850463867,58.7599983215332,58.7599983215332,1057100
2022-11-17,56.93000030517578,58.22999954223633,56.14500045776367,57.63999938964844,57.63999938964844,780400
2022-11-18,58.709999084472656,62.119998931884766,57.255001068115234,57.7400016784668,57.7400016784668,992700
2022-11-21,57.58000183105469,58.33000183105469,54.367000579833984,55.540000915527344,55.540000915527344,799000
2022-11-22,55.380001068115234,55.52000045776367,53.915000915527344,55.459999084472656,55.459999084472656,602500
2022-11-23,55.54999923706055,56.79999923706055,54.84000015258789,55.029998779296875,55.029998779296875,632500
2022-11-25,54.459999084472656,55.029998779296875,53.34000015258789,54.9900016784668,54.9900016784668,323000
2022-11-28,54.970001220703125,55.599998474121094,53.02000045776367,53.34000015258789,53.34000015258789,692100
2022-11-29,53.63999938964844,54.349998474121094,52.52000045776367,52.880001068115234,52.880001068115234,646800
2022-11-30,53.5,54.88999938964844,51.459999084472656,54.790000915527344,54.790000915527344,1144100
2022-12-01,54.18000030517578,55.34000015258789,53.36600112915039,54.34000015258789,54.34000015258789,668200
2022-12-02,53.33000183105469,54.68000030517578,52.630001068115234,54.5,54.5,742100
2022-12-05,54.06999969482422,54.38999938964844,51.189998626708984,52.11000061035156,52.11000061035156,1045300
2022-12-06,52.119998931884766,52.18000030517578,50.08000183105469,50.779998779296875,50.779998779296875,731300
2022-12-07,50.4900016784668,51.540000915527344,49.79999923706055,50.61000061035156,50.61000061035156,1252300
2022-12-08,50.779998779296875,51.2599983215332,49.130001068115234,50.5,50.5,730800
2022-12-09,50.22999954223633,50.7400016784668,48.9900016784668,48.9900016784668,48.9900016784668,1131700
2022-12-12,49.22999954223633,51.2599983215332,47.130001068115234,51.060001373291016,51.060001373291016,1582100
2022-12-13,53.404998779296875,54.15999984741211,48.470001220703125,50.70000076293945,50.70000076293945,1816200
2022-12-14,50.70000076293945,52.220001220703125,49.529998779296875,50.189998626708984,50.189998626708984,985000
2022-12-15,49.06999969482422,50.380001068115234,47.34000015258789,47.5,47.5,948200
2022-12-16,47.279998779296875,47.279998779296875,44.84000015258789,46.40999984741211,46.40999984741211,2114200
2022-12-19,46.5,46.5,43.61000061035156,44.060001373291016,44.060001373291016,1178300
2022-12-20,43.75,44.77000045776367,43.582000732421875,44.310001373291016,44.310001373291016,955300
2022-12-21,44.38999938964844,45.689998626708984,43.880001068115234,45.41999816894531,45.41999816894531,1090600
2022-12-22,44.939998626708984,46.150001525878906,44.720001220703125,46.08000183105469,46.08000183105469,1093100
2022-12-23,46.150001525878906,46.880001068115234,43.93000030517578,44.09000015258789,44.09000015258789,987700
2022-12-27,43.70000076293945,43.88999938964844,40.790000915527344,41.0099983215332,41.0099983215332,1289500
2022-12-28,40.9900016784668,41.869998931884766,39.04999923706055,39.189998626708984,39.189998626708984,1297700
2022-12-29,39.75,41.22999954223633,39.34000015258789,40.33000183105469,40.33000183105469,1361300
2022-12-30,39.81999969482422,40.68000030517578,38.939998626708984,40.650001525878906,40.650001525878906,1147200
2023-01-03,41.189998626708984,41.64500045776367,39.87900161743164,41.0,41.0,1364900
2023-01-04,41.52000045776367,45.0099983215332,41.20000076293945,45.0,45.0,1258900
2023-01-05,45.970001220703125,47.86000061035156,45.029998779296875,47.45000076293945,47.45000076293945,1416000
2023-01-06,47.560001373291016,48.470001220703125,46.29800033569336,47.209999084472656,47.209999084472656,1475500
2023-01-09,47.939998626708984,48.72999954223633,46.560001373291016,46.68000030517578,46.68000030517578,1006700
2023-01-10,46.689998626708984,48.2599983215332,46.689998626708984,48.2400016784668,48.2400016784668,700000
2023-01-11,48.59000015258789,49.38999938964844,47.15999984741211,48.349998474121094,48.349998474121094,936800
2023-01-12,48.41999816894531,49.70000076293945,45.77000045776367,49.65999984741211,49.65999984741211,914000
2023-01-13,48.97999954223633,50.88999938964844,48.95000076293945,49.939998626708984,49.939998626708984,1397600
2023-01-17,49.93000030517578,52.33000183105469,48.81999969482422,51.77000045776367,51.77000045776367,1057700
2023-01-18,52.130001068115234,54.18000030517578,50.18000030517578,50.54999923706055,50.54999923706055,1316800
2023-01-19,49.630001068115234,49.70000076293945,46.90999984741211,47.66999816894531,47.66999816894531,1004800
2023-01-20,48.13999938964844,50.040000915527344,47.5,49.61000061035156,49.61000061035156,899100
2023-01-23,49.68000030517578,51.39500045776367,49.1349983215332,51.31999969482422,51.31999969482422,790300
2023-01-24,50.95000076293945,52.310001373291016,50.63999938964844,51.959999084472656,51.959999084472656,797100
2023-01-25,50.70000076293945,51.20000076293945,49.29499816894531,50.75,50.75,1010500
2023-01-26,51.5,52.0,49.4109992980957,50.470001220703125,50.470001220703125,906000
2023-01-27,50.15999984741211,53.189998626708984,50.0,52.779998779296875,52.779998779296875,879900
2023-01-30,52.099998474121094,52.369998931884766,49.86000061035156,49.959999084472656,49.959999084472656,1180600
2023-01-31,50.099998474121094,51.900001525878906,50.099998474121094,51.02000045776367,51.02000045776367,725400
2023-02-01,51.56999969482422,53.040000915527344,50.34000015258789,52.33000183105469,52.33000183105469,1076100
2023-02-02,54.25,58.5,52.7599983215332,56.119998931884766,56.119998931884766,2088700
2023-02-03,54.119998931884766,56.11000061035156,53.380001068115234,55.27000045776367,55.27000045776367,1166700
2023-02-06,55.150001525878906,56.52000045776367,54.41999816894531,55.5099983215332,55.5099983215332,871200
2023-02-07,56.04999923706055,57.220001220703125,53.5,55.665000915527344,55.665000915527344,1320700
2023-02-08,55.66999816894531,56.15999984741211,53.27000045776367,53.38999938964844,53.38999938964844,801500
2023-02-09,54.0,54.40999984741211,50.71500015258789,51.08000183105469,51.08000183105469,1027400
2023-02-10,50.38999938964844,50.5099983215332,49.16999816894531,49.779998779296875,49.779998779296875,1232000
2023-02-13,49.83000183105469,51.709999084472656,48.83000183105469,51.5099983215332,51.5099983215332,894300
2023-02-14,50.84000015258789,52.47999954223633,49.6349983215332,50.869998931884766,50.869998931884766,986100
2023-02-15,50.689998626708984,52.2599983215332,49.810001373291016,52.16999816894531,52.16999816894531,688000
2023-02-16,50.95000076293945,52.06999969482422,49.709999084472656,50.540000915527344,50.540000915527344,1051900
2023-02-17,49.9900016784668,50.91999816894531,48.22999954223633,50.88999938964844,50.88999938964844,1138800
2023-02-21,49.459999084472656,49.599998474121094,46.52000045776367,46.630001068115234,46.630001068115234,1445500
2023-02-22,47.79999923706055,53.5,47.33000183105469,50.380001068115234,50.380001068115234,2728400
2023-02-23,51.63999938964844,51.65800094604492,47.779998779296875,50.040000915527344,50.040000915527344,1312500
2023-02-24,48.91999816894531,49.41999816894531,47.29999923706055,48.02000045776367,48.02000045776367,1229100
2023-02-27,49.189998626708984,49.52000045776367,47.150001525878906,49.15999984741211,49.15999984741211,1093400
2023-02-28,49.09000015258789,50.1150016784668,48.75,49.31999969482422,49.31999969482422,1168400
2023-03-01,49.209999084472656,49.47999954223633,47.599998474121094,47.720001220703125,47.720001220703125,797800
2023-03-02,47.47999954223633,49.439998626708984,46.849998474121094,49.189998626708984,49.189998626708984,817500
2023-03-03,49.810001373291016,51.189998626708984,48.68000030517578,50.84000015258789,50.84000015258789,883900
2023-03-06,51.41999816894531,51.558998107910156,49.060001373291016,49.33000183105469,49.33000183105469,748800
2023-03-07,48.869998931884766,49.099998474121094,47.66400146484375,47.84000015258789,47.84000015258789,762300
2023-03-08,47.650001525878906,48.5,47.099998474121094,47.93000030517578,47.93000030517578,669500
2023-03-09,47.83000183105469,48.34000015258789,45.720001220703125,45.790000915527344,45.790000915527344,784500
2023-03-10,45.470001220703125,45.72999954223633,42.0099983215332,43.220001220703125,43.220001220703125,1762500
2023-03-13,42.75,46.36000061035156,42.56999969482422,45.720001220703125,45.720001220703125,1363400
2023-03-14,46.65999984741211,47.34600067138672,44.61000061035156,45.150001525878906,45.150001525878906,1015900
2023-03-15,44.630001068115234,45.45899963378906,43.88999938964844,44.91999816894531,44.91999816894531,866900
2023-03-16,44.869998931884766,46.150001525878906,43.75,45.38999938964844,45.38999938964844,755800
2023-03-17,45.630001068115234,45.95000076293945,44.25,45.7400016784668,45.7400016784668,957900
2023-03-20,45.540000915527344,46.04999923706055,44.08000183105469,44.459999084472656,44.459999084472656,832400
2023-03-21,44.31999969482422,45.29999923706055,43.40999984741211,45.060001373291016,45.060001373291016,1055700
2023-03-22,45.16999816894531,45.65999984741211,43.540000915527344,43.540000915527344,43.540000915527344,973300
2023-03-23,44.34000015258789,45.040000915527344,42.40999984741211,43.13999938964844,43.13999938964844,920500
2023-03-24,42.83000183105469,43.86000061035156,42.0,43.43000030517578,43.43000030517578,889900
2023-03-27,45.5099983215332,46.119998931884766,43.93000030517578,44.349998474121094,44.349998474121094,1393700
2023-03-28,44.119998931884766,44.74300003051758,43.3650016784668,43.849998474121094,43.849998474121094,702400
2023-03-29,44.36000061035156,45.5,43.529998779296875,45.18000030517578,45.18000030517578,913500
2023-03-30,45.560001373291016,45.70000076293945,44.0099983215332,44.15999984741211,44.15999984741211,822200
2023-03-31,44.41999816894531,45.689998626708984,44.06999969482422,45.22999954223633,45.22999954223633,1178400
2023-04-03,45.290000915527344,46.279998779296875,44.56999969482422,45.279998779296875,45.279998779296875,931600
2023-04-04,45.33000183105469,45.41999816894531,43.099998474121094,43.709999084472656,43.709999084472656,945000
2023-04-05,43.68000030517578,45.0,43.13999938964844,44.79999923706055,44.79999923706055,1189600
2023-04-06,44.880001068115234,45.709999084472656,44.025001525878906,45.400001525878906,45.400001525878906,886800
2023-04-10,44.9900016784668,45.209999084472656,44.5,45.09000015258789,45.09000015258789,746800
2023-04-11,45.130001068115234,45.939998626708984,45.11000061035156,45.40999984741211,45.40999984741211,739900
2023-04-12,46.5,47.13999938964844,43.400001525878906,43.470001220703125,43.470001220703125,1400000
2023-04-13,44.2400016784668,50.779998779296875,44.0,50.560001373291016,50.560001373291016,4384800
2023-04-14,50.560001373291016,51.470001220703125,49.584999084472656,50.310001373291016,50.310001373291016,2282200
2023-04-17,50.81999969482422,55.36000061035156,50.5,54.290000915527344,54.290000915527344,2601400
2023-04-18,54.790000915527344,54.900001525878906,51.79499816894531,51.91999816894531,51.91999816894531,1388900
2023-04-19,51.58000183105469,54.439998626708984,50.95000076293945,53.47999954223633,53.47999954223633,1198300
2023-04-20,52.529998779296875,52.97999954223633,49.66999816894531,49.88999938964844,49.88999938964844,1478000
2023-04-21,49.88999938964844,52.38999938964844,49.61000061035156,52.0099983215332,52.0099983215332,1194400
2023-04-24,52.209999084472656,52.2599983215332,50.0,51.08000183105469,51.08000183105469,900200
2023-04-25,50.970001220703125,51.70000076293945,49.04999923706055,49.43000030517578,49.43000030517578,886700
2023-04-26,49.599998474121094,50.0,48.54999923706055,48.650001525878906,48.650001525878906,1085500
2023-04-27,48.849998474121094,50.650001525878906,48.099998474121094,49.11000061035156,49.11000061035156,939700
2023-04-28,48.959999084472656,49.959999084472656,47.810001373291016,48.939998626708984,48.939998626708984,603900
2023-05-01,48.650001525878906,50.130001068115234,48.400001525878906,49.08000183105469,49.08000183105469,716800
2023-05-02,49.06999969482422,49.31999969482422,47.84000015258789,48.04999923706055,48.04999923706055,750900
2023-05-03,48.16999816894531,50.0,47.599998474121094,49.189998626708984,49.189998626708984,1088000
2023-05-04,48.689998626708984,53.849998474121094,48.63999938964844,53.119998931884766,53.119998931884766,1666800
2023-05-05,54.119998931884766,57.88999938964844,53.8849983215332,55.790000915527344,55.790000915527344,1872700
2023-05-08,55.939998626708984,56.20000076293945,54.029998779296875,55.959999084472656,55.959999084472656,998000
2023-05-09,56.470001220703125,64.25,55.720001220703125,63.41999816894531,63.41999816894531,3428600
2023-05-10,64.4800033569336,71.19999694824219,63.63999938964844,67.7699966430664,67.7699966430664,4342300
2023-05-11,68.0,68.80999755859375,65.12000274658203,66.01000213623047,66.01000213623047,2010100
2023-05-12,66.33999633789062,67.08000183105469,63.52000045776367,63.900001525878906,63.900001525878906,1898400
2023-05-15,64.12000274658203,68.95999908447266,63.849998474121094,65.94999694824219,65.94999694824219,1666600
2023-05-16,65.0,65.0,61.10200119018555,61.70000076293945,61.70000076293945,1746400
2023-05-17,62.06999969482422,64.69999694824219,60.68000030517578,64.41000366210938,64.41000366210938,1177000
2023-05-18,64.2300033569336,64.97000122070312,62.380001068115234,63.45000076293945,63.45000076293945,1051000
2023-05-19,63.849998474121094,65.25,61.58000183105469,62.130001068115234,62.130001068115234,1002500
2023-05-22,62.86000061035156,66.4000015258789,62.220001220703125,65.80000305175781,65.80000305175781,1208400
2023-05-23,65.72000122070312,72.0,65.56999969482422,67.19999694824219,67.19999694824219,2014000
2023-05-24,66.3499984741211,66.75,64.30000305175781,65.87999725341797,65.87999725341797,1187000
2023-05-25,66.26000213623047,66.4990005493164,62.15999984741211,63.849998474121094,63.849998474121094,997400
2023-05-26,63.779998779296875,65.5,62.900001525878906,64.66000366210938,64.66000366210938,1015800
2023-05-30,65.0,66.97000122070312,62.75,64.62999725341797,64.62999725341797,990900
2023-05-31,65.1500015258789,67.26000213623047,63.02000045776367,64.04000091552734,64.04000091552734,1324400
2023-06-01,64.05999755859375,65.5999984741211,62.834999084472656,64.5199966430664,64.5199966430664,1260500
2023-06-02,65.37000274658203,65.91999816894531,63.380001068115234,65.0,65.0,987600
2023-06-05,65.22000122070312,65.5,62.95000076293945,63.040000915527344,63.040000915527344,1070000
2023-06-06,63.040000915527344,65.68800354003906,61.65999984741211,64.58000183105469,64.58000183105469,1514400
2023-06-07,64.52999877929688,65.27999877929688,60.33000183105469,62.779998779296875,62.779998779296875,1460600
2023-06-08,62.5,63.70000076293945,61.0099983215332,62.59000015258789,62.59000015258789,1040500
2023-06-09,67.91000366210938,68.26000213623047,60.68000030517578,61.2400016784668,61.2400016784668,2739500
2023-06-12,61.79999923706055,63.20899963378906,59.43000030517578,59.900001525878906,59.900001525878906,1902700
2023-06-13,60.0,61.599998474121094,59.20000076293945,60.790000915527344,60.790000915527344,1485300
2023-06-14,61.310001373291016,61.428001403808594,58.45000076293945,58.959999084472656,58.959999084472656,1543700
2023-06-15,58.599998474121094,59.470001220703125,58.099998474121094,58.939998626708984,58.939998626708984,963100
2023-06-16,59.400001525878906,59.810001373291016,57.61000061035156,57.75,57.75,2055400
2023-06-20,57.61000061035156,57.79999923706055,56.06999969482422,56.88999938964844,56.88999938964844,1093500
2023-06-21,56.40999984741211,57.470001220703125,55.0099983215332,56.970001220703125,56.970001220703125,1159800
2023-06-22,56.880001068115234,57.31999969482422,56.005001068115234,56.939998626708984,56.939998626708984,723400
2023-06-23,56.0,56.689998626708984,55.2400016784668,56.029998779296875,56.029998779296875,1153700
2023-06-26,56.0099983215332,56.939998626708984,55.310001373291016,56.22999954223633,56.22999954223633,949400
2023-06-27,56.709999084472656,56.709999084472656,55.22999954223633,55.81999969482422,55.81999969482422,1011900
2023-06-28,55.83000183105469,57.78200149536133,55.290000915527344,57.15999984741211,57.15999984741211,854000
2023-06-29,57.099998474121094,57.470001220703125,56.040000915527344,57.02000045776367,57.02000045776367,830700
2023-06-30,57.720001220703125,58.0,55.83000183105469,56.13999938964844,56.13999938964844,1099300
2023-07-03,56.16999816894531,57.08000183105469,56.16999816894531,56.25,56.25,550400
2023-07-05,56.209999084472656,57.13999938964844,55.90999984741211,56.779998779296875,56.779998779296875,645200
2023-07-06,56.06999969482422,56.4900016784668,53.20000076293945,54.02000045776367,54.02000045776367,1243000
2023-07-07,54.02000045776367,55.08000183105469,53.847999572753906,54.369998931884766,54.369998931884766,687400
2023-07-10,54.40999984741211,58.380001068115234,53.93000030517578,57.65999984741211,57.65999984741211,1288500
2023-07-11,58.1349983215332,58.1349983215332,56.81999969482422,57.619998931884766,57.619998931884766,784600
2023-07-12,58.529998779296875,59.11000061035156,56.9900016784668,57.47999954223633,57.47999954223633,812500
2023-07-13,57.75,59.66999816894531,57.150001525878906,59.0,59.0,1030900
2023-07-14,59.290000915527344,59.56999969482422,56.5,56.90999984741211,56.90999984741211,1006900
2023-07-17,56.790000915527344,59.165000915527344,56.560001373291016,58.220001220703125,58.220001220703125,779600
2023-07-18,58.75,58.90999984741211,57.0099983215332,57.75,57.75,614800
2023-07-19,58.38999938964844,59.400001525878906,57.70000076293945,58.119998931884766,58.119998931884766,1539600
2023-07-20,57.20000076293945,57.75,56.11000061035156,56.540000915527344,56.540000915527344,915400
2023-07-21,57.04999923706055,57.70500183105469,56.11000061035156,56.72999954223633,56.72999954223633,1027500
2023-07-24,56.72999954223633,57.27000045776367,55.44599914550781,55.52000045776367,55.52000045776367,775800
2023-07-25,55.72999954223633,56.380001068115234,55.25,55.439998626708984,55.439998626708984,1025300
2023-07-26,55.33000183105469,57.9900016784668,55.20000076293945,57.279998779296875,57.279998779296875,1174100
2023-07-27,58.119998931884766,58.20000076293945,55.15999984741211,55.439998626708984,55.439998626708984,1100000
2023-07-28,55.9900016784668,57.5,55.9900016784668,56.88999938964844,56.88999938964844,705200
2023-07-31,57.02000045776367,58.02000045776367,56.7400016784668,57.33000183105469,57.33000183105469,594800
2023-08-01,56.95000076293945,56.95000076293945,55.58000183105469,56.40999984741211,56.40999984741211,756800
2023-08-02,55.20000076293945,55.41999816894531,52.880001068115234,53.0099983215332,53.0099983215332,1473300
2023-08-03,52.470001220703125,52.80799865722656,51.2400016784668,51.349998474121094,51.349998474121094,1146100
2023-08-04,51.61000061035156,52.2400016784668,50.70000076293945,50.959999084472656,50.959999084472656,934700
2023-08-07,50.75,50.9900016784668,48.25,48.34000015258789,48.34000015258789,1748800
2023-08-08,49.27000045776367,54.61000061035156,48.95000076293945,53.04999923706055,53.04999923706055,2390300
2023-08-09,53.279998779296875,53.47999954223633,50.53799819946289,50.95000076293945,50.95000076293945,1131300
2023-08-10,51.41999816894531,51.630001068115234,49.529998779296875,50.06999969482422,50.06999969482422,1099400
2023-08-11,49.95000076293945,50.619998931884766,49.34000015258789,49.650001525878906,49.650001525878906,704200
2023-08-14,49.150001525878906,49.369998931884766,47.20000076293945,48.41999816894531,48.41999816894531,1224100
2023-08-15,48.029998779296875,49.189998626708984,47.83000183105469,48.68000030517578,48.68000030517578,955300
2023-08-16,48.5,48.68000030517578,47.0,47.20000076293945,47.20000076293945,1084300
2023-08-17,47.209999084472656,48.720001220703125,46.04999923706055,47.09000015258789,47.09000015258789,1618200
2023-08-18,46.65999984741211,49.18000030517578,46.54999923706055,48.13999938964844,48.13999938964844,1207800
2023-08-21,48.04999923706055,48.220001220703125,47.209999084472656,47.93000030517578,47.93000030517578,768200
2023-08-22,48.36000061035156,49.25,47.84000015258789,48.970001220703125,48.970001220703125,957900
2023-08-23,49.064998626708984,50.709999084472656,49.064998626708984,50.5,50.5,1029400
2023-08-24,50.59000015258789,50.68000030517578,49.178001403808594,49.650001525878906,49.650001525878906,728900
2023-08-25,49.81999969482422,50.900001525878906,49.11000061035156,49.689998626708984,49.689998626708984,957500
2023-08-28,50.08000183105469,50.5,49.03099822998047,49.959999084472656,49.959999084472656,528200
2023-08-29,49.93000030517578,51.38600158691406,49.5099983215332,50.56999969482422,50.56999969482422,637600
2023-08-30,50.560001373291016,50.650001525878906,49.7400016784668,50.52000045776367,50.52000045776367,562800
2023-08-31,50.68000030517578,50.9900016784668,49.72999954223633,50.0099983215332,50.0099983215332,616600
2023-09-01,50.65999984741211,51.68000030517578,50.439998626708984,50.529998779296875,50.529998779296875,729300
2023-09-05,50.29999923706055,51.2599983215332,49.93000030517578,50.2599983215332,50.2599983215332,623500
2023-09-06,50.29999923706055,51.36000061035156,50.029998779296875,51.09000015258789,51.09000015258789,550500
2023-09-07,48.9900016784668,50.290000915527344,47.58000183105469,49.34000015258789,49.34000015258789,1309800
2023-09-08,49.38999938964844,50.04499816894531,48.68000030517578,49.939998626708984,49.939998626708984,559400
2023-09-11,50.060001373291016,51.5099983215332,49.93000030517578,51.06999969482422,51.06999969482422,717500
2023-09-12,51.27000045776367,51.604000091552734,50.25,50.369998931884766,50.369998931884766,510700
2023-09-13,50.20000076293945,51.12699890136719,49.290000915527344,49.36000061035156,49.36000061035156,565600
2023-09-14,49.70000076293945,51.529998779296875,49.11000061035156,51.279998779296875,51.279998779296875,1004200
2023-09-15,51.38999938964844,51.91999816894531,50.52000045776367,50.58000183105469,50.58000183105469,1428400
2023-09-18,50.33000183105469,50.58000183105469,47.459999084472656,47.63999938964844,47.63999938964844,1304000
2023-09-19,47.75,48.345001220703125,47.25,47.41999816894531,47.41999816894531,740400
2023-09-20,47.43000030517578,48.18000030517578,46.5099983215332,46.560001373291016,46.560001373291016,717200
2023-09-21,45.93199920654297,46.61000061035156,45.18000030517578,46.060001373291016,46.060001373291016,1056300
2023-09-22,46.60599899291992,46.95000076293945,45.470001220703125,45.4900016784668,45.4900016784668,659800
2023-09-25,45.18000030517578,46.119998931884766,44.52799987792969,45.86000061035156,45.86000061035156,801100
2023-09-26,45.779998779296875,47.08700180053711,45.619998931884766,46.11000061035156,46.11000061035156,706400
2023-09-27,46.86000061035156,47.790000915527344,46.68000030517578,47.130001068115234,47.130001068115234,839400
2023-09-28,47.099998474121094,47.099998474121094,44.900001525878906,45.7400016784668,45.7400016784668,819800
2023-09-29,46.540000915527344,46.970001220703125,45.220001220703125,45.38999938964844,45.38999938964844,845600
2023-10-02,45.25,45.349998474121094,42.349998474121094,42.40999984741211,42.40999984741211,1888700
2023-10-03,42.189998626708984,43.31999969482422,41.459999084472656,42.939998626708984,42.939998626708984,1497200
2023-10-04,42.95000076293945,43.0,40.71500015258789,41.619998931884766,41.619998931884766,1534100
2023-10-05,41.38999938964844,43.2599983215332,41.19599914550781,43.0,43.0,1028800
2023-10-06,43.0,43.619998931884766,42.36000061035156,43.060001373291016,43.060001373291016,1010100
2023-10-09,42.43000030517578,42.529998779296875,41.31999969482422,42.5099983215332,42.5099983215332,930800
2023-10-10,42.630001068115234,44.34000015258789,42.25,43.84000015258789,43.84000015258789,806200
2023-10-11,44.2599983215332,45.54999923706055,43.66999816894531,44.72999954223633,44.72999954223633,962700
2023-10-12,44.81999969482422,44.81999969482422,42.654998779296875,43.029998779296875,43.029998779296875,901000
2023-10-13,43.0099983215332,44.5,42.630001068115234,44.310001373291016,44.310001373291016,1001000
2023-10-16,44.310001373291016,45.04999923706055,43.61000061035156,44.810001373291016,44.810001373291016,711000
2023-10-17,43.38999938964844,44.439998626708984,42.5099983215332,43.65999984741211,43.65999984741211,1235500
2023-10-18,43.43000030517578,43.43000030517578,40.20000076293945,40.43000030517578,40.43000030517578,1434700
2023-10-19,40.459999084472656,41.02000045776367,39.689998626708984,39.779998779296875,39.779998779296875,1285300
2023-10-20,39.5,39.650001525878906,38.2400016784668,38.619998931884766,38.619998931884766,1501900
2023-10-23,38.310001373291016,40.55500030517578,37.54999923706055,40.099998474121094,40.099998474121094,1765400
2023-10-24,40.75,42.709999084472656,40.75,41.5099983215332,41.5099983215332,1651900
2023-10-25,41.0,41.29499816894531,38.904998779296875,39.18000030517578,39.18000030517578,1229500
2023-10-26,39.18000030517578,40.41999816894531,38.400001525878906,39.11000061035156,39.11000061035156,1919400
2023-10-27,42.5,43.1150016784668,38.2869987487793,38.7400016784668,38.7400016784668,3692100
2023-10-30,38.959999084472656,40.0,38.15800094604492,38.93000030517578,38.93000030517578,1883500
2023-10-31,38.93000030517578,38.93000030517578,38.93000030517578,38.93000030517578,38.93000030517578,71600
2023-11-01,43.45000076293945,44.15999984741211,39.7599983215332,43.75,43.75,4750100
2023-11-02,45.29999923706055,48.81999969482422,44.04499816894531,46.18000030517578,46.18000030517578,3067400
2023-11-03,47.7599983215332,52.35499954223633,47.5,50.9900016784668,50.9900016784668,3071200
2023-11-06,53.20000076293945,53.94300079345703,51.25,51.58000183105469,51.58000183105469,2819000
2023-11-07,52.439998626708984,58.810001373291016,51.79999923706055,58.58000183105469,58.58000183105469,3867100
2023-11-08,58.31999969482422,58.31999969482422,54.2400016784668,54.720001220703125,54.720001220703125,3057500
2023-11-09,55.09000015258789,55.93000030517578,50.77000045776367,51.2599983215332,51.2599983215332,2470600
2023-11-10,51.41999816894531,53.61000061035156,49.540000915527344,53.15999984741211,53.15999984741211,2255300
2023-11-13,52.029998779296875,52.41999816894531,48.54999923706055,52.0099983215332,52.0099983215332,2855200
2023-11-14,55.380001068115234,56.78499984741211,53.599998474121094,55.29999923706055,55.29999923706055,1993000
2023-11-15,55.68000030517578,57.099998474121094,54.27000045776367,56.22999954223633,56.22999954223633,1808400
2023-11-16,58.060001373291016,60.40999984741211,55.7599983215332,59.220001220703125,59.220001220703125,3379600
2023-11-17,61.18000030517578,68.93499755859375,60.79999923706055,67.88999938964844,67.88999938964844,6521200
2023-11-20,69.56999969482422,76.19000244140625,68.0999984741211,72.18000030517578,72.18000030517578,8009600
2023-11-21,71.44000244140625,71.69999694824219,67.18000030517578,67.56999969482422,67.56999969482422,3992900
2023-11-22,68.69000244140625,71.18000030517578,68.0,70.48999786376953,70.48999786376953,2573400
2023-11-24,70.48999786376953,73.4000015258789,69.6500015258789,69.97000122070312,69.97000122070312,1887000
2023-11-27,69.75,71.8499984741211,67.81999969482422,71.61000061035156,71.61000061035156,2162700
2023-11-28,71.16999816894531,71.73999786376953,69.44000244140625,70.66000366210938,70.66000366210938,1861200
2023-11-29,71.37999725341797,73.55000305175781,68.93000030517578,69.08999633789062,69.08999633789062,2215100
2023-11-30,70.48999786376953,71.18000030517578,66.51000213623047,66.7300033569336,66.7300033569336,2515800
2023-12-01,66.22000122070312,68.69999694824219,63.38999938964844,68.6500015258789,68.6500015258789,3675400
2023-12-04,69.0999984741211,72.97000122070312,68.55000305175781,71.51000213623047,71.51000213623047,2815400
2023-12-05,70.6500015258789,72.69000244140625,68.30000305175781,70.5999984741211,70.5999984741211,1863900
2023-12-06,71.44999694824219,74.4219970703125,70.05999755859375,71.13999938964844,71.13999938964844,2461500
2023-12-07,70.73999786376953,71.0,69.08999633789062,70.20999908447266,70.20999908447266,2145000
2023-12-08,71.06999969482422,76.97000122070312,61.54999923706055,64.54000091552734,64.54000091552734,17230200
2023-12-11,62.95000076293945,63.0,56.08000183105469,60.279998779296875,60.279998779296875,8818300
2023-12-12,60.5099983215332,60.70000076293945,57.58000183105469,58.119998931884766,58.119998931884766,3655900
2023-12-13,57.70000076293945,61.4900016784668,55.2130012512207,61.43000030517578,61.43000030517578,4654700
2023-12-14,62.84000015258789,63.900001525878906,59.86000061035156,62.939998626708984,62.939998626708984,3475500
2023-12-15,63.470001220703125,64.27999877929688,61.54999923706055,62.08000183105469,62.08000183105469,2637500
2023-12-18,62.540000915527344,63.58000183105469,61.27000045776367,61.400001525878906,61.400001525878906,1646200
2023-12-19,61.59000015258789,67.47000122070312,61.59000015258789,66.83000183105469,66.83000183105469,3917700
2023-12-20,66.43000030517578,66.43000030517578,60.7400016784668,60.810001373291016,60.810001373291016,3763400
2023-12-21,61.650001525878906,62.68000030517578,59.290000915527344,60.599998474121094,60.599998474121094,2542300
2023-12-22,61.0099983215332,64.77999877929688,60.75,63.66999816894531,63.66999816894531,2843800
2023-12-26,64.83000183105469,65.88999938964844,64.02999877929688,65.33000183105469,65.33000183105469,1724200
2023-12-27,66.4000015258789,67.16000366210938,63.79999923706055,64.95999908447266,64.95999908447266,1609400
2023-12-28,65.44999694824219,65.76000213623047,63.40999984741211,64.30000305175781,64.30000305175781,1801200
2023-12-29,64.16000366210938,64.5999984741211,62.58000183105469,62.599998474121094,62.599998474121094,1875500
2024-01-02,61.84000015258789,68.4800033569336,61.5,66.05999755859375,66.05999755859375,3632700
2024-01-03,64.58000183105469,65.26899719238281,62.150001525878906,62.560001373291016,62.560001373291016,1992600
2024-01-04,62.41999816894531,63.42100143432617,61.83000183105469,61.939998626708984,61.939998626708984,1489800
2024-01-05,60.90999984741211,61.40999984741211,59.349998474121094,60.66999816894531,60.66999816894531,2045600
2024-01-08,60.54999923706055,62.79999923706055,58.290000915527344,62.689998626708984,62.689998626708984,2072300
2024-01-09,61.54999923706055,63.70899963378906,60.75,62.630001068115234,62.630001068115234,1587300
2024-01-10,62.56999969482422,63.34000015258789,60.61000061035156,63.34000015258789,63.34000015258789,1967100
2024-01-11,62.06999969482422,65.86000061035156,61.959999084472656,64.83999633789062,64.83999633789062,3638600
2024-01-12,65.1500015258789,67.08499908447266,63.599998474121094,64.25,64.25,2097800
2024-01-16,63.209999084472656,63.58000183105469,62.02000045776367,63.43000030517578,63.43000030517578,1751200
2024-01-17,62.25,63.095001220703125,60.25,60.86000061035156,60.86000061035156,2276300
2024-01-18,61.099998474121094,61.22999954223633,59.70000076293945,60.97999954223633,60.97999954223633,1402800
2024-01-19,61.0,61.9900016784668,60.1349983215332,61.9900016784668,61.9900016784668,2106700
2024-01-22,62.52000045776367,65.80000305175781,62.209999084472656,65.26000213623047,65.26000213623047,2383900
2024-01-23,66.2300033569336,66.66999816894531,64.30000305175781,66.19000244140625,66.19000244140625,1631600
2024-01-24,66.9800033569336,67.33000183105469,62.869998931884766,63.0099983215332,63.0099983215332,1960100
2024-01-25,62.869998931884766,64.18000030517578,62.45000076293945,62.869998931884766,62.869998931884766,1465500
2024-01-26,63.40999984741211,64.37999725341797,60.810001373291016,61.0099983215332,61.0099983215332,1616600
2024-01-29,61.08000183105469,65.95999908447266,60.02000045776367,65.77999877929688,65.77999877929688,2239600
2024-01-30,65.08000183105469,65.66999816894531,63.900001525878906,64.4800033569336,64.4800033569336,1200000
2024-01-31,63.9900016784668,66.23999786376953,62.75,62.95000076293945,62.95000076293945,1359100
2024-02-01,63.4900016784668,65.80000305175781,62.20000076293945,64.66999816894531,64.66999816894531,1449300
2024-02-02,62.900001525878906,65.12999725341797,62.08000183105469,64.75,64.75,1487600
2024-02-05,64.0,64.81999969482422,62.459999084472656,64.51000213623047,64.51000213623047,941100
2024-02-06,64.41000366210938,66.91000366210938,63.58000183105469,66.87999725341797,66.87999725341797,1690800
2024-02-07,67.0,67.20999908447266,65.5999984741211,65.72000122070312,65.72000122070312,1304800
2024-02-08,65.5999984741211,69.33000183105469,64.16000366210938,68.83000183105469,68.83000183105469,1976200
2024-02-09,69.7300033569336,72.48999786376953,69.35600280761719,70.01000213623047,70.01000213623047,2534600
2024-02-12,70.02999877929688,76.4800033569336,69.80000305175781,76.44000244140625,76.44000244140625,2961800
2024-02-13,72.38999938964844,75.18000030517578,71.88999938964844,72.77999877929688,72.77999877929688,3198500
2024-02-14,74.55000305175781,79.94999694824219,73.33899688720703,79.04000091552734,79.04000091552734,4136000
2024-02-15,79.75,90.18000030517578,79.27999877929688,84.4800033569336,84.4800033569336,6010000
2024-02-16,83.7300033569336,84.88999938964844,81.91999816894531,82.22000122070312,82.22000122070312,2203400
2024-02-20,80.23999786376953,82.0,77.80000305175781,78.7300033569336,78.7300033569336,2174400
2024-02-21,82.48999786376953,83.5,77.11000061035156,82.41000366210938,82.41000366210938,3124200
2024-02-22,82.0,91.0999984741211,81.83000183105469,86.19000244140625,86.19000244140625,4286700
2024-02-23,85.93000030517578,87.69000244140625,82.3499984741211,83.98999786376953,83.98999786376953,2048500
2024-02-26,83.48999786376953,86.8499984741211,83.25,86.05999755859375,86.05999755859375,2217000
2024-02-27,87.11000061035156,89.61000061035156,84.66000366210938,89.12000274658203,89.12000274658203,2594300
2024-02-28,88.23999786376953,90.62000274658203,87.31999969482422,87.68000030517578,87.68000030517578,2131600
2024-02-29,89.38999938964844,89.87999725341797,83.04000091552734,84.22000122070312,84.22000122070312,2522500
2024-03-01,84.36000061035156,87.0790023803711,83.33100128173828,83.75,83.75,1424400
2024-03-04,83.9800033569336,84.16999816894531,80.5,81.73999786376953,81.73999786376953,1604800
2024-03-05,80.16999816894531,82.87000274658203,78.9000015258789,80.98999786376953,80.98999786376953,1386700
2024-03-06,81.58000183105469,81.9800033569336,79.5,80.83000183105469,80.83000183105469,1090400
2024-03-07,81.0,83.4990005493164,79.31999969482422,79.37000274658203,79.37000274658203,1202500
2024-03-08,79.54000091552734,81.7300033569336,77.10099792480469,78.91999816894531,78.91999816894531,1614600
2024-03-11,78.4800033569336,79.3290023803711,76.12000274658203,76.81999969482422,76.81999969482422,1417700
2024-03-12,76.19999694824219,76.19999694824219,73.66000366210938,75.30000305175781,75.30000305175781,1410200
2024-03-13,74.61000061035156,76.86000061035156,74.0,74.77999877929688,74.77999877929688,1228300
2024-03-14,73.52999877929688,74.16999816894531,71.125,72.01000213623047,72.01000213623047,1731200
2024-03-15,71.77999877929688,73.5,71.4000015258789,72.94999694824219,72.94999694824219,1940100
2024-03-18,73.56999969482422,73.7300033569336,71.24199676513672,71.47000122070312,71.47000122070312,1221700
2024-03-19,71.08999633789062,72.66000366210938,70.36000061035156,71.95999908447266,71.95999908447266,1294600
2024-03-20,71.51000213623047,74.2020034790039,70.69999694824219,72.94000244140625,72.94000244140625,1283200
2024-03-21,73.77999877929688,75.91000366210938,73.18000030517578,74.5,74.5,1485900
2024-03-22,74.5,74.58999633789062,71.55000305175781,71.61000061035156,71.61000061035156,1024400
2024-03-25,71.55000305175781,72.03500366210938,70.68499755859375,71.08000183105469,71.08000183105469,909500
2024-03-26,71.29000091552734,73.08999633789062,70.88999938964844,70.97000122070312,70.97000122070312,836000
2024-03-27,71.48999786376953,71.54000091552734,68.87999725341797,70.16000366210938,70.16000366210938,1340700
2024-03-28,69.9800033569336,70.12000274658203,67.5199966430664,68.16000366210938,68.16000366210938,1603400
2024-04-01,68.1449966430664,68.38899993896484,66.5,68.18000030517578,68.18000030517578,1078000
2024-04-02,66.0,66.38999938964844,64.26000213623047,65.02999877929688,65.02999877929688,1499400
2024-04-03,64.7300033569336,65.45700073242188,63.599998474121094,64.5999984741211,64.5999984741211,996100
2024-04-04,64.83000183105469,67.24600219726562,64.6709976196289,65.05999755859375,65.05999755859375,1221000
2024-04-05,64.4000015258789,64.4540023803711,62.33000183105469,62.900001525878906,62.900001525878906,1681500
2024-04-08,63.209999084472656,64.21499633789062,62.51100158691406,64.08999633789062,64.08999633789062,1123500
2024-04-09,64.0,65.23999786376953,63.06999969482422,65.19000244140625,65.19000244140625,1004300
2024-04-10,62.099998474121094,62.93000030517578,60.310001373291016,61.7400016784668,61.7400016784668,1981200
2024-04-11,62.689998626708984,63.08000183105469,61.31999969482422,62.90999984741211,62.90999984741211,1040400
2024-04-12,62.22999954223633,62.349998474121094,60.25,60.66999816894531,60.66999816894531,1079100
2024-04-15,60.7400016784668,60.95000076293945,58.470001220703125,58.720001220703125,58.720001220703125,1468400
2024-04-16,58.040000915527344,58.737998962402344,57.13999938964844,57.959999084472656,57.959999084472656,1176500
2024-04-17,58.34000015258789,58.46799850463867,55.52000045776367,55.560001373291016,55.560001373291016,1399600
2024-04-18,55.86000061035156,58.029998779296875,55.25,56.15999984741211,56.15999984741211,1745400
2024-04-19,56.15999984741211,57.5,54.275001525878906,55.04999923706055,55.04999923706055,1766200
2024-04-22,55.400001525878906,56.93000030517578,54.369998931884766,55.65999984741211,55.65999984741211,1044300
2024-04-23,55.93000030517578,58.67499923706055,55.560001373291016,56.40999984741211,56.40999984741211,1190600
2024-04-24,56.790000915527344,57.779998779296875,55.5,55.650001525878906,55.650001525878906,920400
2024-04-25,53.97999954223633,54.150001525878906,52.75,53.72999954223633,53.72999954223633,1248700
2024-04-26,54.209999084472656,54.935001373291016,52.81399917602539,53.90999984741211,53.90999984741211,1353500
2024-04-29,54.09000015258789,55.619998931884766,54.0,54.83000183105469,54.83000183105469,1472200
2024-04-30,53.900001525878906,54.435001373291016,52.72999954223633,52.9900016784668,52.9900016784668,1120100
2024-05-01,53.15999984741211,55.970001220703125,52.7400016784668,53.810001373291016,53.810001373291016,1342900
2024-05-02,54.47999954223633,55.34000015258789,53.98500061035156,55.06999969482422,55.06999969482422,1004800
2024-05-03,56.70000076293945,58.45000076293945,55.56999969482422,55.88999938964844,55.88999938964844,1426900
2024-05-06,56.349998474121094,57.42399978637695,55.816001892089844,57.060001373291016,57.060001373291016,1453200
2024-05-07,57.0,57.099998474121094,55.27000045776367,55.529998779296875,55.529998779296875,1377200
2024-05-08,54.0,54.5,52.619998931884766,53.290000915527344,53.290000915527344,1552900
2024-05-09,52.11000061035156,54.18000030517578,51.58000183105469,53.54999923706055,53.54999923706055,1701200
2024-05-10,54.09000015258789,54.88999938964844,51.02000045776367,51.16999816894531,51.16999816894531,1633800
2024-05-13,51.97999954223633,57.959999084472656,51.95000076293945,55.650001525878906,55.650001525878906,2495600
2024-05-14,56.84000015258789,59.176998138427734,55.400001525878906,55.709999084472656,55.709999084472656,1785100
2024-05-15,57.93000030517578,58.75,56.38999938964844,56.959999084472656,56.959999084472656,1485600
2024-05-16,57.0099983215332,58.16999816894531,55.34000015258789,55.66999816894531,55.66999816894531,1037800
2024-05-17,55.97999954223633,56.369998931884766,54.63999938964844,56.220001220703125,56.220001220703125,1083000
2024-05-20,56.08000183105469,56.290000915527344,55.25,55.470001220703125,55.470001220703125,932000
2024-05-21,55.0,55.77000045776367,54.29999923706055,54.7599983215332,54.7599983215332,1118000
2024-05-22,54.689998626708984,58.64500045776367,54.27000045776367,56.79999923706055,56.79999923706055,1238800
2024-05-23,56.79999923706055,56.79999923706055,54.31999969482422,55.72999954223633,55.72999954223633,1361600
2024-05-24,55.900001525878906,56.290000915527344,55.029998779296875,55.2400016784668,55.2400016784668,623800
2024-05-28,55.86000061035156,56.5,54.18000030517578,54.84000015258789,54.84000015258789,852200
2024-05-29,53.65999984741211,54.310001373291016,52.52000045776367,53.849998474121094,53.849998474121094,1121000
2024-05-30,54.2599983215332,54.869998931884766,53.46099853515625,54.060001373291016,54.060001373291016,761300
2024-05-31,54.2599983215332,54.73500061035156,53.380001068115234,53.7400016784668,53.7400016784668,1119200
2024-06-03,54.81999969482422,58.220001220703125,54.52000045776367,57.150001525878906,57.150001525878906,1457700
2024-06-04,56.86000061035156,59.619998931884766,56.53900146484375,58.275001525878906,58.275001525878906,1294200
2024-06-05,58.5,60.0,56.599998474121094,59.720001220703125,59.720001220703125,1150600
2024-06-06,59.599998474121094,60.25899887084961,58.619998931884766,59.959999084472656,59.959999084472656,965700
2024-06-07,58.97999954223633,60.07600021362305,57.76499938964844,57.869998931884766,57.869998931884766,1137800
2024-06-10,57.0,60.08000183105469,56.79999923706055,59.9900016784668,59.9900016784668,1101600
2024-06-11,59.56999969482422,63.41999816894531,58.279998779296875,62.310001373291016,62.310001373291016,1965400
2024-06-12,64.19999694824219,67.87000274658203,63.61000061035156,64.83000183105469,64.83000183105469,2682500
2024-06-13,66.0,67.87999725341797,64.9010009765625,65.26000213623047,65.26000213623047,1769800
2024-06-14,64.77999877929688,65.38700103759766,63.4900016784668,63.560001373291016,63.560001373291016,1078400
2024-06-17,62.849998474121094,62.88999938964844,61.13999938964844,61.78499984741211,61.78499984741211,1236400
2024-06-18,62.029998779296875,62.167999267578125,60.40999984741211,60.56999969482422,60.56999969482422,903400
2024-06-20,60.04999923706055,60.189998626708984,58.04999923706055,59.599998474121094,59.599998474121094,1262600
2024-06-21,59.34000015258789,60.459999084472656,55.08000183105469,56.2400016784668,56.2400016784668,4015700
2024-06-24,56.27000045776367,58.310001373291016,56.11000061035156,57.939998626708984,57.939998626708984,1097100
2024-06-25,57.709999084472656,57.970001220703125,55.68000030517578,55.95000076293945,55.95000076293945,868600
2024-06-26,55.470001220703125,56.79999923706055,55.0099983215332,56.630001068115234,56.630001068115234,1048900
2024-06-27,56.65999984741211,57.97999954223633,55.310001373291016,55.380001068115234,55.380001068115234,1237000
2024-06-28,55.529998779296875,55.69200134277344,53.33000183105469,54.0099983215332,54.0099983215332,1313500
2024-07-01,54.02000045776367,55.66999816894531,53.31100082397461,53.95000076293945,53.95000076293945,1292700
2024-07-02,53.97999954223633,53.97999954223633,52.52000045776367,53.1150016784668,53.1150016784668,1059000
2024-07-03,53.599998474121094,54.7400016784668,53.13999938964844,53.900001525878906,53.900001525878906,679500
2024-07-05,53.689998626708984,53.689998626708984,52.310001373291016,53.099998474121094,53.099998474121094,1078300
2024-07-08,53.65999984741211,54.82899856567383,53.16999816894531,53.22999954223633,53.22999954223633,1051400
2024-07-09,53.25,55.150001525878906,52.83000183105469,55.029998779296875,55.029998779296875,903400
2024-07-10,55.52000045776367,55.939998626708984,54.09000015258789,55.560001373291016,55.560001373291016,911000
2024-07-11,57.380001068115234,60.20000076293945,56.56999969482422,56.810001373291016,56.810001373291016,1976400
2024-07-12,57.380001068115234,58.84000015258789,56.6349983215332,57.900001525878906,57.900001525878906,1388800
2024-07-15,57.95000076293945,58.459999084472656,56.5,57.459999084472656,57.459999084472656,1018400
2024-07-16,57.720001220703125,63.68000030517578,57.41999816894531,62.75,62.75,3079400
2024-07-17,61.13999938964844,63.38999938964844,60.2599983215332,60.47999954223633,60.47999954223633,1588400
2024-07-18,60.84000015258789,61.470001220703125,55.81999969482422,56.209999084472656,56.209999084472656,1957700
2024-07-19,56.08000183105469,56.209999084472656,54.0099983215332,54.560001373291016,54.560001373291016,1391700
2024-07-22,55.20000076293945,56.38999938964844,54.060001373291016,56.2400016784668,56.2400016784668,1209600
2024-07-23,56.08000183105469,58.4900016784668,55.93000030517578,57.189998626708984,57.189998626708984,962200
2024-07-24,56.189998626708984,57.20000076293945,55.2599983215332,55.38999938964844,55.38999938964844,1051400
2024-07-25,55.380001068115234,58.7599983215332,55.310001373291016,57.56999969482422,57.56999969482422,1086000
2024-07-26,58.4900016784668,59.77000045776367,57.349998474121094,57.91999816894531,57.91999816894531,866900
2024-07-29,57.95000076293945,59.06999969482422,56.5,58.5,58.5,800200
2024-07-30,57.91999816894531,58.040000915527344,55.83000183105469,56.40999984741211,56.40999984741211,1288300
2024-07-31,56.72999954223633,59.5,56.02000045776367,57.290000915527344,57.290000915527344,1030900
2024-08-01,57.38999938964844,57.68000030517578,54.619998931884766,54.849998474121094,54.849998474121094,1363700
2024-08-02,53.0,53.150001525878906,49.72999954223633,51.11000061035156,51.11000061035156,2557300
2024-08-05,44.95000076293945,50.18000030517578,44.803001403808594,49.65999984741211,49.65999984741211,2535200
2024-08-06,50.209999084472656,51.11000061035156,48.0,49.33000183105469,49.33000183105469,1578700
2024-08-07,50.459999084472656,50.459999084472656,46.900001525878906,47.27000045776367,47.27000045776367,1599800
2024-08-08,47.54999923706055,48.459999084472656,46.650001525878906,47.86000061035156,47.86000061035156,1230600
2024-08-09,48.2599983215332,49.189998626708984,46.56999969482422,47.0099983215332,47.0099983215332,998700
2024-08-12,47.040000915527344,47.645999908447266,46.051998138427734,46.90999984741211,46.90999984741211,985100
2024-08-13,47.099998474121094,48.5,46.56999969482422,48.220001220703125,48.220001220703125,940000
2024-08-14,48.5,48.5,45.61000061035156,46.40999984741211,46.40999984741211,1789000
2024-08-15,47.77000045776367,48.939998626708984,47.22999954223633,48.849998474121094,48.849998474121094,1391200
2024-08-16,48.349998474121094,48.68000030517578,47.33000183105469,47.849998474121094,47.849998474121094,1062400
2024-08-19,47.849998474121094,49.880001068115234,47.400001525878906,49.83000183105469,49.83000183105469,949600
2024-08-20,49.75,50.72700119018555,48.91999816894531,49.06999969482422,49.06999969482422,959400
2024-08-21,49.380001068115234,50.220001220703125,49.0,49.9900016784668,49.9900016784668,1110500
2024-08-22,50.04999923706055,50.099998474121094,47.34000015258789,47.5,47.5,1118100
2024-08-23,47.9900016784668,49.2400016784668,47.16999816894531,48.689998626708984,48.689998626708984,851700
2024-08-26,49.150001525878906,49.619998931884766,48.310001373291016,49.16999816894531,49.16999816894531,706200
2024-08-27,48.599998474121094,48.790000915527344,47.56999969482422,48.2400016784668,48.2400016784668,772100
2024-08-28,48.0,48.435001373291016,46.86000061035156,47.47999954223633,47.47999954223633,706900
2024-08-29,47.79999923706055,48.709999084472656,47.45000076293945,47.54999923706055,47.54999923706055,677000
2024-08-30,47.720001220703125,48.18199920654297,46.994998931884766,47.720001220703125,47.720001220703125,775700
2024-09-03,47.369998931884766,48.27000045776367,45.189998626708984,45.52000045776367,45.52000045776367,1119700
2024-09-04,45.38999938964844,46.13999938964844,44.709999084472656,45.029998779296875,45.029998779296875,822700
2024-09-05,45.16999816894531,45.72999954223633,44.040000915527344,45.25,45.25,924600
2024-09-06,45.25,45.599998474121094,43.41999816894531,44.619998931884766,44.619998931884766,1143900
2024-09-09,44.709999084472656,45.56999969482422,44.380001068115234,44.869998931884766,44.869998931884766,761500
2024-09-10,45.0,45.80500030517578,44.13999938964844,45.59000015258789,45.59000015258789,713400
2024-09-11,45.22999954223633,45.5,44.209999084472656,45.439998626708984,45.439998626708984,700800
2024-09-12,45.36000061035156,46.36000061035156,44.43000030517578,45.88999938964844,45.88999938964844,733200
2024-09-13,46.5,48.9900016784668,46.45000076293945,48.939998626708984,48.939998626708984,1386000
2024-09-16,48.970001220703125,49.09000015258789,47.04499816894531,47.7400016784668,47.7400016784668,978600
2024-09-17,48.2599983215332,50.61000061035156,48.06999969482422,49.869998931884766,49.869998931884766,1908400
2024-09-18,50.0,51.9900016784668,49.18000030517578,49.59000015258789,49.59000015258789,1686300
2024-09-19,51.29999923706055,51.38999938964844,49.400001525878906,49.4900016784668,49.4900016784668,1036900
2024-09-20,49.400001525878906,49.400001525878906,47.82600021362305,48.18000030517578,48.18000030517578,1775400
2024-09-23,48.540000915527344,48.560001373291016,46.72999954223633,46.7400016784668,46.7400016784668,955300
2024-09-24,46.959999084472656,47.400001525878906,46.45000076293945,46.790000915527344,46.790000915527344,809400
2024-09-25,46.720001220703125,47.36000061035156,45.869998931884766,45.91999816894531,45.91999816894531,971000
2024-09-26,46.93000030517578,47.29999923706055,45.83000183105469,46.4900016784668,46.4900016784668,855100
2024-09-27,47.040000915527344,47.630001068115234,46.70000076293945,47.31999969482422,47.31999969482422,869900
2024-09-30,46.939998626708984,47.689998626708984,46.439998626708984,46.97999954223633,46.97999954223633,926800
2024-10-01,47.0,47.005001068115234,45.01499938964844,45.58000183105469,45.58000183105469,1258800
2024-10-02,45.25,45.9900016784668,44.83000183105469,45.709999084472656,45.709999084472656,927200
2024-10-03,45.2400016784668,45.573001861572266,44.625,44.900001525878906,44.900001525878906,1204400
2024-10-04,45.529998779296875,45.79999923706055,44.61000061035156,45.369998931884766,45.369998931884766,1133700
2024-10-07,45.43000030517578,45.68000030517578,44.880001068115234,45.4900016784668,45.4900016784668,823300
2024-10-08,45.08000183105469,45.38999938964844,44.599998474121094,45.20000076293945,45.20000076293945,1039000
2024-10-09,45.0,45.7599983215332,44.439998626708984,45.400001525878906,45.400001525878906,668800
2024-10-10,45.0099983215332,45.69499969482422,44.5,45.38999938964844,45.38999938964844,576100
2024-10-11,45.279998779296875,47.5,45.029998779296875,46.849998474121094,46.849998474121094,1108400
2024-10-14,46.7400016784668,47.880001068115234,46.099998474121094,47.82500076293945,47.82500076293945,1046200
2024-10-15,47.86000061035156,48.540000915527344,47.19499969482422,48.04999923706055,48.04999923706055,868000
2024-10-16,48.31999969482422,49.25,47.900001525878906,49.0,49.0,1004600
2024-10-17,48.90999984741211,49.279998779296875,48.25,48.290000915527344,48.290000915527344,1151300
2024-10-18,48.54999923706055,49.2400016784668,48.400001525878906,48.91999816894531,48.91999816894531,782400
2024-10-21,48.59000015258789,48.939998626708984,48.20000076293945,48.5099983215332,48.5099983215332,788700
2024-10-22,48.2599983215332,48.41999816894531,47.819000244140625,48.040000915527344,48.040000915527344,834000
2024-10-23,47.95000076293945,47.959999084472656,45.439998626708984,46.0,46.0,1827400
2024-10-24,46.189998626708984,47.97999954223633,45.91999816894531,47.95000076293945,47.95000076293945,1104900
2024-10-25,47.959999084472656,48.880001068115234,47.255001068115234,47.36000061035156,47.36000061035156,1109400
2024-10-28,47.9900016784668,50.5,47.75,49.709999084472656,49.709999084472656,1706500
2024-10-29,49.529998779296875,49.75,48.439998626708984,48.939998626708984,48.939998626708984,1185000
2024-10-30,48.5099983215332,49.87200164794922,47.599998474121094,47.93000030517578,47.93000030517578,1165900
2024-10-31,47.7599983215332,47.9900016784668,46.29499816894531,46.38999938964844,46.38999938964844,1279400
2024-11-01,46.959999084472656,50.849998474121094,46.90999984741211,50.7599983215332,50.7599983215332,2263400
2024-11-04,50.439998626708984,51.900001525878906,49.21500015258789,50.59000015258789,50.59000015258789,1601800
2024-11-05,49.345001220703125,50.41999816894531,47.040000915527344,50.36000061035156,50.36000061035156,2171900
2024-11-06,51.79999923706055,51.880001068115234,49.38999938964844,50.720001220703125,50.720001220703125,2277400
2024-11-07,51.400001525878906,53.2599983215332,51.14500045776367,51.880001068115234,51.880001068115234,1598500
2024-11-08,51.209999084472656,52.52000045776367,50.599998474121094,51.619998931884766,51.619998931884766,1306200
2024-11-11,53.130001068115234,59.069000244140625,53.0,54.86000061035156,54.86000061035156,3659200
2024-11-12,53.79999923706055,53.9900016784668,50.527000427246094,50.72999954223633,50.72999954223633,2175400
2024-11-13,50.900001525878906,52.43000030517578,49.404998779296875,49.790000915527344,49.790000915527344,1862700
2024-11-14,49.85499954223633,50.099998474121094,46.84000015258789,46.849998474121094,46.849998474121094,1958000
2024-11-15,47.61000061035156,48.439998626708984,46.29999923706055,47.25,47.25,3133100
2024-11-18,47.83000183105469,48.279998779296875,46.709999084472656,47.29999923706055,47.29999923706055,2039100
2024-11-19,46.970001220703125,47.529998779296875,46.560001373291016,46.970001220703125,46.970001220703125,1527100
2024-11-20,47.13999938964844,47.90999984741211,46.61000061035156,47.2599983215332,47.2599983215332,1948000
2024-11-21,47.209999084472656,47.209999084472656,45.5099983215332,46.290000915527344,46.290000915527344,2094600
2024-11-22,46.369998931884766,48.0,45.849998474121094,47.880001068115234,47.880001068115234,1504300
2024-11-25,49.209999084472656,51.72800064086914,48.88999938964844,50.400001525878906,50.400001525878906,2224500
2024-11-26,50.0,50.630001068115234,48.4900016784668,49.310001373291016,49.310001373291016,1189500
2024-11-27,49.70000076293945,50.970001220703125,49.59000015258789,50.84000015258789,50.84000015258789,1013900
2024-11-29,51.0,51.66999816894531,50.25,51.16999816894531,51.16999816894531,757700
2024-12-02,51.119998931884766,55.5,50.970001220703125,55.150001525878906,55.150001525878906,3655300
2024-12-03,54.20000076293945,54.54999923706055,51.20000076293945,51.2400016784668,51.2400016784668,1957900
2024-12-04,51.38999938964844,52.310001373291016,50.540000915527344,51.13999938964844,51.13999938964844,1464000
2024-12-05,51.2400016784668,51.279998779296875,49.00299835205078,49.5099983215332,49.5099983215332,1446100
2024-12-06,49.790000915527344,52.38999938964844,49.75,52.33000183105469,52.33000183105469,1649400
2024-12-09,53.0,53.97100067138672,49.83000183105469,49.84000015258789,49.84000015258789,2056300
2024-12-10,49.95000076293945,50.5,48.31999969482422,48.68000030517578,48.68000030517578,1701000
2024-12-11,49.0,49.37699890136719,47.35300064086914,47.779998779296875,47.779998779296875,1508100
2024-12-12,47.40999984741211,47.68000030517578,45.38999938964844,45.400001525878906,45.400001525878906,1977200
2024-12-13,45.0099983215332,45.34000015258789,42.86000061035156,43.779998779296875,43.779998779296875,3191500
2024-12-16,43.95000076293945,45.15999984741211,43.7400016784668,44.2400016784668,44.2400016784668,1560000
2024-12-17,44.1150016784668,44.91999816894531,43.400001525878906,44.630001068115234,44.630001068115234,1354200
2024-12-18,44.84000015258789,44.9900016784668,40.61000061035156,41.060001373291016,41.060001373291016,2377900
2024-12-19,41.68000030517578,41.7599983215332,39.79999923706055,40.3849983215332,40.3849983215332,2374700
2024-12-20,40.25,41.02000045776367,39.40999984741211,40.720001220703125,40.720001220703125,3348400
2024-12-23,40.81999969482422,40.834999084472656,39.76599884033203,40.47999954223633,40.47999954223633,1516800
2024-12-24,40.47999954223633,41.01499938964844,39.79999923706055,40.939998626708984,40.939998626708984,759900
2024-12-26,40.209999084472656,41.34000015258789,40.0,41.06999969482422,41.06999969482422,1147000
2024-12-27,40.7599983215332,41.13999938964844,39.849998474121094,40.02000045776367,40.02000045776367,1665900
2024-12-30,39.54999923706055,39.66999816894531,38.20000076293945,38.650001525878906,38.650001525878906,2189200
2024-12-31,39.0,39.689998626708984,38.75,39.36000061035156,39.36000061035156,1661900
2025-01-02,39.810001373291016,41.439998626708984,39.34000015258789,41.43000030517578,41.43000030517578,1659600
2025-01-03,41.5,42.09000015258789,40.70000076293945,41.02000045776367,41.02000045776367,1443800
2025-01-06,41.25,44.279998779296875,41.209999084472656,42.43000030517578,42.43000030517578,2430300
2025-01-07,42.91999816894531,44.124000549316406,41.65700149536133,41.91999816894531,41.91999816894531,1525600
2025-01-08,41.560001373291016,41.731998443603516,40.54999923706055,41.290000915527344,41.290000915527344,982400
2025-01-10,40.040000915527344,40.369998931884766,38.5099983215332,39.689998626708984,39.689998626708984,2408500
2025-01-13,39.060001373291016,39.20000076293945,36.52000045776367,38.849998474121094,38.849998474121094,2748400
2025-01-14,39.619998931884766,40.20000076293945,38.209999084472656,38.36000061035156,38.36000061035156,1489200
2025-01-15,39.880001068115234,40.9900016784668,38.88999938964844,39.040000915527344,39.040000915527344,1753800
2025-01-16,39.7599983215332,40.68000030517578,39.439998626708984,40.29999923706055,40.29999923706055,1613600
2025-01-17,41.0,41.54999923706055,40.45000076293945,40.529998779296875,40.529998779296875,1387300
2025-01-21,41.439998626708984,42.439998626708984,40.900001525878906,41.5099983215332,41.5099983215332,1813900
2025-01-22,41.650001525878906,45.77000045776367,41.189998626708984,44.20000076293945,44.20000076293945,5393800
2025-01-23,43.61000061035156,44.4900016784668,42.43000030517578,44.22999954223633,44.22999954223633,2493100
2025-01-24,44.58000183105469,45.099998474121094,43.0,43.41999816894531,43.41999816894531,2275500
2025-01-27,41.939998626708984,42.86000061035156,41.13999938964844,41.849998474121094,41.849998474121094,1715300
2025-01-28,41.93000030517578,42.38999938964844,40.939998626708984,41.810001373291016,41.810001373291016,1425200
2025-01-29,41.849998474121094,42.9370002746582,40.78900146484375,41.209999084472656,41.209999084472656,1311700
2025-01-30,41.59000015258789,42.88999938964844,41.279998779296875,42.040000915527344,42.040000915527344,1630300
2025-01-31,42.150001525878906,43.0,41.41999816894531,41.59000015258789,41.59000015258789,2029900
2025-02-03,40.189998626708984,41.099998474121094,39.209999084472656,40.0,40.0,2234900
2025-02-04,40.0,41.11000061035156,39.75,40.4900016784668,40.4900016784668,1507100
2025-02-05,40.790000915527344,42.599998474121094,40.529998779296875,42.220001220703125,42.220001220703125,1838900
2025-02-06,42.709999084472656,42.880001068115234,40.540000915527344,40.61000061035156,40.61000061035156,1595800
2025-02-07,41.0,41.7400016784668,39.349998474121094,39.709999084472656,39.709999084472656,2173200
2025-02-10,40.0,40.040000915527344,39.18000030517578,39.40999984741211,39.40999984741211,1420200
2025-02-11,39.0099983215332,39.720001220703125,38.279998779296875,39.619998931884766,39.619998931884766,2027700
2025-02-12,40.66999816894531,44.20000076293945,40.5,43.29999923706055,43.29999923706055,4246400
2025-02-13,43.70000076293945,44.13999938964844,42.20000076293945,43.4900016784668,43.4900016784668,2049500
2025-02-14,46.209999084472656,52.599998474121094,46.040000915527344,49.720001220703125,49.720001220703125,7745300
2025-02-18,52.244998931884766,55.29999923706055,51.02000045776367,52.220001220703125,52.220001220703125,6027200
2025-02-19,52.400001525878906,55.880001068115234,52.22999954223633,53.02000045776367,53.02000045776367,4767700
2025-02-20,52.58000183105469,52.77000045776367,49.220001220703125,50.43000030517578,50.43000030517578,2974100
2025-02-21,51.22999954223633,51.470001220703125,47.34000015258789,47.90999984741211,47.90999984741211,2675100
2025-02-24,46.689998626708984,47.65999984741211,45.099998474121094,46.56999969482422,46.56999969482422,2203500
2025-02-25,46.22999954223633,46.66999816894531,44.02000045776367,44.5099983215332,44.5099983215332,2157000
2025-02-26,44.880001068115234,46.0,43.970001220703125,44.400001525878906,44.400001525878906,1236600
2025-02-27,44.56999969482422,46.779998779296875,43.5099983215332,43.619998931884766,43.619998931884766,1483000
2025-02-28,42.619998931884766,44.5099983215332,42.0,43.91999816894531,43.91999816894531,1662300
2025-03-03,45.15999984741211,45.20000076293945,42.099998474121094,42.290000915527344,42.290000915527344,1725300
2025-03-04,40.724998474121094,44.31999969482422,40.52000045776367,43.45000076293945,43.45000076293945,2114700
2025-03-05,43.5,44.349998474121094,42.34600067138672,43.84000015258789,43.84000015258789,1189400
2025-03-06,42.56999969482422,43.7400016784668,41.529998779296875,43.310001373291016,43.310001373291016,1275800
2025-03-07,42.880001068115234,45.790000915527344,42.47999954223633,45.529998779296875,45.529998779296875,1885800
2025-03-10,44.66999816894531,46.06999969482422,42.779998779296875,43.34000015258789,43.34000015258789,2929700
2025-03-11,42.93000030517578,43.34000015258789,40.81999969482422,42.369998931884766,42.369998931884766,1979900
2025-03-12,42.63999938964844,43.939998626708984,42.41999816894531,43.4900016784668,43.4900016784668,1400800
2025-03-13,43.20000076293945,44.38999938964844,41.630001068115234,41.9900016784668,41.9900016784668,1193800
2025-03-14,42.54999923706055,43.47999954223633,41.939998626708984,42.119998931884766,42.119998931884766,1425900
2025-03-17,41.939998626708984,43.31999969482422,41.45500183105469,42.81999969482422,42.81999969482422,1132400
2025-03-18,42.66999816894531,42.66999816894531,40.400001525878906,40.970001220703125,40.970001220703125,1933700
2025-03-19,41.20000076293945,42.75,40.698001861572266,41.939998626708984,41.939998626708984,1244300
2025-03-20,41.224998474121094,42.5,41.029998779296875,41.16999816894531,41.16999816894531,1116500
2025-03-21,40.709999084472656,41.68000030517578,40.40999984741211,41.220001220703125,41.220001220703125,1540000
2025-03-24,42.0,42.720001220703125,41.880001068115234,42.619998931884766,42.619998931884766,1344200
2025-03-25,42.5,42.5,40.779998779296875,40.88999938964844,40.88999938964844,1641400
2025-03-26,40.79999923706055,40.880001068115234,39.13999938964844,39.18000030517578,39.18000030517578,2350600
2025-03-27,39.0,39.279998779296875,37.849998474121094,38.040000915527344,38.040000915527344,1727200
2025-03-28,37.9900016784668,38.20000076293945,36.93000030517578,36.9900016784668,36.9900016784668,1602300
2025-03-31,35.75,35.75,32.959999084472656,34.029998779296875,34.029998779296875,3970900
2025-04-01,33.9900016784668,34.93000030517578,33.0099983215332,33.13999938964844,33.13999938964844,2179200
2025-04-02,32.654998779296875,34.86000061035156,32.507999420166016,34.189998626708984,34.189998626708984,1758800
2025-04-03,32.5099983215332,33.691001892089844,32.189998626708984,32.65999984741211,32.65999984741211,2115800
2025-04-04,31.947999954223633,32.9900016784668,30.959999084472656,32.650001525878906,32.650001525878906,3079100
2025-04-07,30.875,34.215999603271484,30.040000915527344,32.380001068115234,32.380001068115234,3726000
2025-04-08,34.64500045776367,35.380001068115234,30.865999221801758,31.270000457763672,31.270000457763672,3338400
2025-04-09,30.559999465942383,35.060001373291016,30.520999908447266,34.88999938964844,34.88999938964844,4525000
2025-04-10,34.0099983215332,34.77000045776367,32.9010009765625,34.2599983215332,34.2599983215332,2687700
2025-04-11,34.439998626708984,39.29999923706055,34.439998626708984,39.29999923706055,39.29999923706055,3648900
2025-04-14,40.0,40.12900161743164,37.619998931884766,38.810001373291016,38.810001373291016,2626100
2025-04-15,38.41999816894531,39.88999938964844,38.27299880981445,38.95000076293945,38.95000076293945,2211500
2025-04-16,38.43000030517578,38.5,36.7400016784668,37.779998779296875,37.779998779296875,1647300
2025-04-17,37.22999954223633,38.21500015258789,37.22999954223633,37.77000045776367,37.77000045776367,1027700
2025-04-21,37.060001373291016,39.27000045776367,36.65999984741211,37.81999969482422,37.81999969482422,1653100
2025-04-22,38.4900016784668,39.849998474121094,38.34000015258789,39.22999954223633,39.22999954223633,1832700
2025-04-23,40.11000061035156,40.72999954223633,38.540000915527344,38.540000915527344,38.540000915527344,1902900
2025-04-24,38.72999954223633,39.349998474121094,38.25,39.11000061035156,39.11000061035156,1796200
2025-04-25,38.72999954223633,39.04999923706055,37.933998107910156,38.27000045776367,38.27000045776367,1320600
2025-04-28,38.369998931884766,39.400001525878906,37.459999084472656,37.880001068115234,37.880001068115234,1320600
2025-04-29,37.880001068115234,38.290000915527344,37.2400016784668,37.400001525878906,37.400001525878906,1259000
2025-04-30,36.779998779296875,38.880001068115234,36.060001373291016,38.66999816894531,38.66999816894531,2084000
2025-05-01,38.66999816894531,38.70000076293945,37.279998779296875,37.72999954223633,37.72999954223633,1938800
2025-05-02,38.18000030517578,39.380001068115234,38.0,38.25,38.25,1650800
2025-05-05,37.880001068115234,38.4900016784668,37.33000183105469,37.619998931884766,37.619998931884766,1318000
2025-05-06,36.91999816894531,36.970001220703125,33.029998779296875,33.15999984741211,33.15999984741211,3904900
2025-05-07,34.5099983215332,34.63999938964844,33.5,34.25,34.25,3105200
2025-05-08,34.880001068115234,36.86000061035156,34.119998931884766,36.13999938964844,36.13999938964844,2487400
2025-05-09,36.38999938964844,37.34000015258789,35.54499816894531,35.619998931884766,35.619998931884766,1741200
2025-05-12,36.540000915527344,38.02000045776367,36.2599983215332,37.59000015258789,37.59000015258789,1961000
2025-05-13,37.7400016784668,37.900001525878906,36.290000915527344,37.220001220703125,37.220001220703125,2029200
2025-05-14,37.209999084472656,38.63999938964844,35.380001068115234,35.599998474121094,35.599998474121094,2119400
2025-05-15,35.31999969482422,36.36000061035156,34.869998931884766,36.310001373291016,36.310001373291016,1413700
2025-05-16,37.29999923706055,38.97999954223633,36.709999084472656,38.77000045776367,38.77000045776367,2943900
2025-05-19,38.189998626708984,39.0,37.70000076293945,38.68000030517578,38.68000030517578,1487000
2025-05-20,38.810001373291016,40.27000045776367,37.7400016784668,39.25,39.25,1973300
2025-05-21,38.79999923706055,39.40999984741211,36.880001068115234,36.9900016784668,36.9900016784668,2002700
2025-05-22,37.0,37.88999938964844,36.79999923706055,37.529998779296875,37.529998779296875,1341200
2025-05-23,36.470001220703125,37.20000076293945,36.36000061035156,36.86000061035156,36.86000061035156,1261100
2025-05-27,37.7400016784668,38.099998474121094,37.020999908447266,37.56999969482422,37.56999969482422,2055200
2025-05-28,37.709999084472656,38.125,37.165000915527344,37.224998474121094,37.224998474121094,1633000
2025-05-29,37.400001525878906,37.40999984741211,35.380001068115234,36.779998779296875,36.779998779296875,2722000
2025-05-30,36.82500076293945,36.95000076293945,35.47999954223633,36.290000915527344,36.290000915527344,2079300
2025-06-02,36.7400016784668,38.34000015258789,36.54999923706055,36.95000076293945,36.95000076293945,2381500
2025-06-03,37.470001220703125,38.150001525878906,36.07500076293945,38.040000915527344,38.040000915527344,1838500
2025-06-04,38.099998474121094,38.880001068115234,37.95000076293945,38.04999923706055,38.04999923706055,1446500
2025-06-05,38.15999984741211,39.97999954223633,37.02000045776367,38.56999969482422,38.56999969482422,2594000
2025-06-06,39.59000015258789,42.36000061035156,39.584999084472656,41.86000061035156,41.86000061035156,4726300
2025-06-09,43.33000183105469,43.72999954223633,41.05099868774414,42.09000015258789,42.09000015258789,3289600
2025-06-10,42.869998931884766,45.138999938964844,42.76499938964844,42.939998626708984,42.939998626708984,3531100
2025-06-11,43.75,43.75,41.4900016784668,41.52000045776367,41.52000045776367,2055900
2025-06-12,40.70000076293945,41.5,39.810001373291016,41.279998779296875,41.279998779296875,1632700
2025-06-13,40.275001525878906,41.7400016784668,40.0,41.36000061035156,41.36000061035156,2019700
2025-06-16,42.189998626708984,42.349998474121094,40.7599983215332,41.58000183105469,41.58000183105469,1687300
2025-06-17,43.40999984741211,45.599998474121094,42.79999923706055,43.189998626708984,43.189998626708984,3881500
2025-06-18,43.130001068115234,47.040000915527344,42.16999816894531,44.43000030517578,44.43000030517578,5699700
2025-06-20,44.84000015258789,45.13999938964844,43.5,44.25,44.25,3055900
2025-06-23,43.709999084472656,45.78900146484375,43.22999954223633,45.54999923706055,45.54999923706055,2234200
2025-06-24,46.470001220703125,47.7599983215332,46.02000045776367,46.779998779296875,46.779998779296875,2457000
2025-06-25,47.470001220703125,48.47999954223633,46.849998474121094,47.65999984741211,47.65999984741211,2123500
2025-06-26,47.33000183105469,47.54999923706055,45.599998474121094,46.70000076293945,46.70000076293945,2681900
2025-06-27,46.720001220703125,47.66999816894531,46.20000076293945,47.4900016784668,47.4900016784668,15085000
2025-06-30,47.86000061035156,51.52000045776367,47.165000915527344,48.63999938964844,48.63999938964844,5290300
2025-07-01,48.38999938964844,49.91999816894531,46.599998474121094,48.5099983215332,48.5099983215332,3448200
2025-07-02,48.130001068115234,52.28499984741211,48.119998931884766,51.66999816894531,51.66999816894531,3365500
2025-07-03,52.36000061035156,53.08000183105469,51.150001525878906,52.16999816894531,52.16999816894531,1839200
2025-07-07,51.76499938964844,52.87699890136719,50.2599983215332,51.189998626708984,51.189998626708984,2181400
2025-07-08,51.31999969482422,55.209999084472656,51.150001525878906,54.81999969482422,54.81999969482422,3777400
2025-07-09,55.900001525878906,60.130001068115234,55.790000915527344,60.08000183105469,60.08000183105469,5356000
2025-07-10,62.0,62.0,57.900001525878906,59.0,59.0,4583900
2025-07-11,58.880001068115234,59.47999954223633,55.880001068115234,56.79999923706055,56.79999923706055,2890500
2025-07-14,55.84000015258789,56.66999816894531,54.93000030517578,56.41999816894531,56.41999816894531,2462900
2025-07-15,56.349998474121094,56.869998931884766,52.33000183105469,52.72999954223633,52.72999954223633,3116800
2025-07-16,53.439998626708984,55.33000183105469,53.400001525878906,55.13999938964844,55.13999938964844,3318200
2025-07-17,55.849998474121094,56.20000076293945,54.79999923706055,55.09000015258789,55.09000015258789,2201100
2025-07-18,59.220001220703125,66.48999786376953,59.0,65.12999725341797,65.12999725341797,10165900
2025-07-21,66.52999877929688,71.12999725341797,64.88999938964844,65.33000183105469,65.33000183105469,7125900
2025-07-22,64.68199920654297,66.7699966430664,61.13399887084961,65.93000030517578,65.93000030517578,4205600
2025-07-23,67.91000366210938,69.58000183105469,66.30999755859375,68.13999938964844,68.13999938964844,3790600
2025-07-24,68.55000305175781,69.56999969482422,65.34500122070312,66.05999755859375,66.05999755859375,2925200
2025-07-25,65.9749984741211,67.37000274658203,64.41000366210938,64.76000213623047,64.76000213623047,2915000
2025-07-28,64.9749984741211,65.72000122070312,63.36000061035156,63.75,63.75,1688100
2025-07-29,62.810001373291016,62.880001068115234,58.68000030517578,59.02000045776367,59.02000045776367,4206300
2025-07-30,60.59000015258789,61.3849983215332,56.4900016784668,57.68000030517578,57.68000030517578,3274000
2025-07-31,56.22100067138672,58.5,56.0,56.2599983215332,56.2599983215332,3267200
2025-08-01,54.29999923706055,56.779998779296875,53.70000076293945,56.09000015258789,56.09000015258789,2992300
2025-08-04,56.29999923706055,59.89099884033203,55.82600021362305,59.59000015258789,59.59000015258789,3401100
2025-08-05,54.29999923706055,57.630001068115234,52.5,55.59000015258789,55.59000015258789,4543300
2025-08-06,55.59000015258789,57.25,53.400001525878906,56.34000015258789,56.34000015258789,2431600
2025-08-07,56.349998474121094,56.79899978637695,54.75,55.959999084472656,55.959999084472656,1907000
2025-08-08,56.22999954223633,56.369998931884766,54.38999938964844,55.0,55.0,1623400
2025-08-11,55.97999954223633,57.499000549316406,55.09000015258789,55.40999984741211,55.40999984741211,2014300
2025-08-12,55.83000183105469,57.470001220703125,55.446998596191406,56.599998474121094,56.599998474121094,2176200
2025-08-13,57.0,60.82500076293945,57.0,57.33000183105469,57.33000183105469,6935900
2025-08-14,58.56999969482422,60.63999938964844,57.220001220703125,58.81999969482422,58.81999969482422,4974400
2025-08-15,59.77000045776367,61.439998626708984,58.90999984741211,59.72999954223633,59.72999954223633,3063500
2025-08-18,59.345001220703125,59.459999084472656,57.4900016784668,57.59000015258789,57.59000015258789,2219000
2025-08-19,57.29999923706055,57.38999938964844,53.540000915527344,54.15999984741211,54.15999984741211,3100400
2025-08-20,53.08000183105469,54.369998931884766,51.79999923706055,53.06999969482422,53.06999969482422,2006500
2025-08-21,52.689998626708984,53.04499816894531,52.06999969482422,52.81999969482422,52.81999969482422,1176600
2025-08-22,52.810001373291016,55.08000183105469,52.60499954223633,54.31999969482422,54.31999969482422,1726500
2025-08-25,54.275001525878906,55.130001068115234,53.68000030517578,54.130001068115234,54.130001068115234,1487300
2025-08-26,54.48500061035156,55.27000045776367,54.08000183105469,54.880001068115234,54.880001068115234,1278500
2025-08-27,55.040000915527344,55.29999923706055,53.25,53.529998779296875,53.529998779296875,1477500
2025-08-28,53.599998474121094,53.939998626708984,52.72999954223633,53.04999923706055,53.04999923706055,1449500
2025-08-29,53.0,53.06999969482422,51.36000061035156,51.83000183105469,51.83000183105469,1589400
2025-09-02,50.9900016784668,53.400001525878906,50.83000183105469,52.65999984741211,52.65999984741211,1494800
2025-09-03,52.599998474121094,55.14799880981445,52.310001373291016,52.97999954223633,52.97999954223633,1640200
2025-09-04,52.81999969482422,52.987998962402344,51.654998779296875,52.7400016784668,52.7400016784668,2061900
2025-09-05,52.54999923706055,54.939998626708984,52.15399932861328,54.86000061035156,54.86000061035156,2736500
2025-09-08,55.0,55.59000015258789,54.0,54.099998474121094,54.099998474121094,1500100
2025-09-09,54.0099983215332,54.31999969482422,52.0,53.689998626708984,53.689998626708984,1850700
2025-09-10,53.66999816894531,53.93000030517578,51.630001068115234,51.810001373291016,51.810001373291016,1160100
2025-09-11,51.939998626708984,56.0,51.849998474121094,55.88999938964844,55.88999938964844,2204900
2025-09-12,56.099998474121094,56.4900016784668,55.099998474121094,56.2599983215332,56.2599983215332,2000700
2025-09-15,57.25,58.599998474121094,55.68000030517578,57.84000015258789,57.84000015258789,2326500
2025-09-16,57.91999816894531,62.08000183105469,56.529998779296875,61.189998626708984,61.189998626708984,4625300
2025-09-17,61.25,61.75400161743164,57.79999923706055,59.06999969482422,59.06999969482422,2768300
2025-09-18,60.720001220703125,63.099998474121094,60.54999923706055,62.939998626708984,62.939998626708984,2792500
2025-09-19,63.18000030517578,64.1780014038086,62.27000045776367,62.31999969482422,62.31999969482422,5234700
2025-09-22,62.349998474121094,64.19000244140625,60.5,62.099998474121094,62.099998474121094,2385800
2025-09-23,61.630001068115234,63.630001068115234,60.310001373291016,60.7599983215332,60.7599983215332,2355800
2025-09-24,61.130001068115234,63.49800109863281,60.303001403808594,61.04999923706055,61.04999923706055,2166000
2025-09-25,58.97999954223633,61.15999984741211,58.400001525878906,60.31999969482422,60.31999969482422,1781100
2025-09-26,60.349998474121094,61.689998626708984,58.4900016784668,61.66999816894531,61.66999816894531,1957200
2025-09-29,62.150001525878906,64.19999694824219,61.560001373291016,63.77000045776367,63.77000045776367,2116900
2025-09-30,63.814998626708984,66.29000091552734,62.619998931884766,64.80999755859375,64.80999755859375,2576300
2025-10-01,64.75,66.69999694824219,64.66000366210938,66.16000366210938,66.16000366210938,1956600
2025-10-02,67.26000213623047,72.94999694824219,66.56999969482422,72.81999969482422,72.81999969482422,4280500
2025-10-03,73.87999725341797,73.94999694824219,67.70999908447266,67.73999786376953,67.73999786376953,3679300
2025-10-06,68.01000213623047,71.63999938964844,67.37999725341797,70.19000244140625,70.19000244140625,2477800
2025-10-07,70.30500030517578,71.1500015258789,68.26000213623047,70.62000274658203,70.62000274658203,1543800
2025-10-08,71.19000244140625,78.4800033569336,70.7699966430664,76.77999877929688,76.77999877929688,5868200
2025-10-09,77.80000305175781,78.37999725341797,73.55000305175781,74.91999816894531,74.91999816894531,2676800
2025-10-10,77.33000183105469,78.0,70.30000305175781,73.06999969482422,73.06999969482422,3840600
2025-10-13,75.12000274658203,75.16000366210938,67.9020004272461,68.29000091552734,68.29000091552734,3193400
2025-10-14,67.49500274658203,71.30999755859375,64.80000305175781,69.37999725341797,69.37999725341797,2521700
2025-10-15,70.01000213623047,73.08999633789062,69.80000305175781,71.81999969482422,71.81999969482422,2366300
2025-10-16,70.0,71.51499938964844,67.81999969482422,68.43000030517578,68.43000030517578,2580700
2025-10-17,67.55000305175781,69.56500244140625,67.0,69.1500015258789,69.1500015258789,2007000
2025-10-20,71.12999725341797,74.43000030517578,70.8010025024414,73.97000122070312,73.97000122070312,2688400
2025-10-21,73.79000091552734,75.05999755859375,71.0,72.31999969482422,72.31999969482422,1865200
2025-10-22,70.0999984741211,70.73500061035156,64.80000305175781,66.5199966430664,66.5199966430664,3193000
2025-10-23,66.61000061035156,67.48999786376953,65.44999694824219,67.20999908447266,67.20999908447266,1553000
2025-10-24,68.20500183105469,68.70999908447266,66.8499984741211,67.61000061035156,67.61000061035156,1342600
2025-10-27,67.125,67.7300033569336,64.10299682617188,65.72000122070312,65.72000122070312,3004800
2025-10-28,65.66000366210938,65.70999908447266,63.59000015258789,64.16999816894531,64.16999816894531,1855600
2025-10-29,64.30000305175781,65.05000305175781,61.709999084472656,62.560001373291016,62.560001373291016,1771900
2025-10-30,61.810001373291016,62.77000045776367,60.90999984741211,61.099998474121094,61.099998474121094,1545000
2025-10-31,61.189998626708984,65.9800033569336,60.53300094604492,63.9900016784668,63.9900016784668,3020800
2025-11-03,63.02000045776367,64.73600006103516,60.529998779296875,61.970001220703125,61.970001220703125,1922500
2025-11-04,59.96500015258789,60.63999938964844,56.0,56.40999984741211,56.40999984741211,3280600
2025-11-05,56.5,57.22999954223633,54.90999984741211,56.9900016784668,56.9900016784668,2083600
2025-11-06,56.5099983215332,58.75,54.56999969482422,56.61000061035156,56.61000061035156,2745900
2025-11-07,53.61000061035156,55.220001220703125,52.41999816894531,55.119998931884766,55.119998931884766,2936600
2025-11-10,58.060001373291016,58.47999954223633,53.83000183105469,54.58000183105469,54.58000183105469,2349600
2025-11-11,54.18000030517578,56.150001525878906,52.81999969482422,55.209999084472656,55.209999084472656,2116000
2025-11-12,55.310001373291016,55.689998626708984,52.04999923706055,52.189998626708984,52.189998626708984,2760500
2025-11-13,51.70000076293945,51.779998779296875,50.27000045776367,51.11000061035156,51.11000061035156,2919600
2025-11-14,49.58000183105469,54.77000045776367,49.11000061035156,52.529998779296875,52.529998779296875,4266800
2025-11-17,51.36000061035156,55.77000045776367,51.220001220703125,55.31999969482422,55.31999969482422,4451400
2025-11-18,54.54999923706055,54.994998931884766,52.06999969482422,53.470001220703125,53.470001220703125,2436800
2025-11-19,53.83000183105469,53.83000183105469,50.560001373291016,50.72999954223633,50.72999954223633,1736900
2025-11-20,51.61000061035156,53.20000076293945,48.2400016784668,49.290000915527344,49.290000915527344,2370400
2025-11-21,48.47999954223633,51.45000076293945,48.02000045776367,50.22999954223633,50.22999954223633,2753700
2025-11-24,50.400001525878906,51.5099983215332,49.31399917602539,51.25,51.25,2488800
2025-11-25,50.88999938964844,53.88999938964844,49.959999084472656,53.56999969482422,53.56999969482422,2359100
2025-11-26,53.630001068115234,53.779998779296875,52.29999923706055,53.29999923706055,53.29999923706055,2084300
2025-11-28,52.84000015258789,54.0,51.5,53.470001220703125,53.470001220703125,1406800
2025-12-01,52.29999923706055,53.459999084472656,51.0,52.16999816894531,52.16999816894531,2287600
2025-12-02,52.43000030517578,53.029998779296875,51.20000076293945,51.58000183105469,51.58000183105469,1416500
2025-12-03,51.4900016784668,56.0099983215332,51.15999984741211,55.9900016784668,55.9900016784668,1948900
2025-12-04,55.9900016784668,59.77000045776367,54.93000030517578,58.18000030517578,58.18000030517578,3111100
2025-12-05,58.17499923706055,58.7599983215332,56.0099983215332,56.880001068115234,56.880001068115234,1660300
2025-12-08,58.119998931884766,58.7599983215332,56.67900085449219,57.36000061035156,57.36000061035156,1309500
2025-12-09,57.0,58.0,55.650001525878906,57.040000915527344,57.040000915527344,2169200
2025-12-10,56.34000015258789,58.470001220703125,54.40999984741211,57.59000015258789,57.59000015258789,1570900
2025-12-11,56.849998474121094,59.244998931884766,56.61000061035156,58.09000015258789,58.09000015258789,1348900
2025-12-12,57.95000076293945,58.5,55.52000045776367,56.68000030517578,56.68000030517578,1402500
2025-12-15,57.119998931884766,58.349998474121094,55.650001525878906,56.25,56.25,1565200
2025-12-16,55.68000030517578,57.58399963378906,55.290000915527344,55.970001220703125,55.970001220703125,1144700
2025-12-17,55.7400016784668,58.0,54.599998474121094,54.7400016784668,54.7400016784668,1175600
2025-12-18,54.900001525878906,57.029998779296875,54.77000045776367,54.84000015258789,54.84000015258789,1335400
2025-12-19,55.349998474121094,56.68000030517578,55.0,55.86000061035156,55.86000061035156,3283600
2025-12-22,56.02000045776367,59.18000030517578,54.5,57.90999984741211,57.90999984741211,2103100
2025-12-23,57.099998474121094,57.2400016784668,55.810001373291016,56.459999084472656,56.459999084472656,1343300
2025-12-24,56.45000076293945,56.82600021362305,55.209999084472656,56.709999084472656,56.709999084472656,653000
2025-12-26,56.47999954223633,56.540000915527344,53.7599983215332,55.08000183105469,55.08000183105469,1410600
2025-12-29,54.584999084472656,55.40800094604492,53.79999923706055,53.970001220703125,53.970001220703125,1279800
2025-12-30,54.060001373291016,54.119998931884766,52.97999954223633,53.189998626708984,53.189998626708984,1363800
2025-12-31,53.130001068115234,53.459999084472656,52.349998474121094,52.439998626708984,52.439998626708984,1383500
2026-01-02,52.720001220703125,54.26900100708008,52.099998474121094,53.77000045776367,53.77000045776367,1373200
2026-01-05,53.81999969482422,55.52000045776367,53.72999954223633,55.150001525878906,55.150001525878906,1937000
2026-01-06,55.130001068115234,60.72999954223633,54.900001525878906,58.189998626708984,58.189998626708984,2863500
2026-01-07,58.720001220703125,59.88999938964844,57.29999923706055,57.9900016784668,57.9900016784668,1900400
2026-01-08,57.744998931884766,57.744998931884766,56.029998779296875,56.400001525878906,56.400001525878906,1511700
2026-01-09,56.959999084472656,57.369998931884766,53.68000030517578,53.84000015258789,53.84000015258789,2100800
2026-01-12,54.0,55.70000076293945,53.369998931884766,55.29999923706055,55.29999923706055,1951200
2026-01-13,55.689998626708984,56.63999938964844,54.119998931884766,56.18000030517578,56.18000030517578,1541000
2026-01-14,55.98500061035156,57.9900016784668,55.29999923706055,56.88999938964844,56.88999938964844,1770500
2026-01-15,56.91999816894531,57.310001373291016,54.040000915527344,54.209999084472656,54.209999084472656,1507100
2026-01-16,54.150001525878906,54.75199890136719,53.099998474121094,53.5099983215332,53.5099983215332,1409200
2026-01-20,52.02000045776367,53.459999084472656,51.0,52.61000061035156,52.61000061035156,1808800
2026-01-21,52.13999938964844,54.80500030517578,51.79999923706055,54.72999954223633,54.72999954223633,1570900
2026-01-22,54.529998779296875,60.86000061035156,54.220001220703125,60.810001373291016,60.810001373291016,3428000
2026-01-23,60.70000076293945,60.70000076293945,55.051998138427734,55.52000045776367,55.52000045776367,2393100
2026-01-26,54.77000045776367,55.709999084472656,53.720001220703125,54.650001525878906,54.650001525878906,1352000
2026-01-27,55.5,56.689998626708984,53.56999969482422,54.2599983215332,54.2599983215332,1357200
2026-01-28,54.29999923706055,54.630001068115234,53.06999969482422,53.689998626708984,53.689998626708984,1218500
2026-01-29,53.029998779296875,54.084999084472656,52.672000885009766,53.349998474121094,53.349998474121094,1567900
2026-01-30,52.119998931884766,53.84000015258789,49.72999954223633,49.959999084472656,49.959999084472656,2243500
2026-02-02,49.5,51.91999816894531,49.099998474121094,51.310001373291016,51.310001373291016,1714800
2026-02-03,51.22999954223633,53.0,50.611000061035156,52.0,52.0,1386400
2026-02-04,51.88999938964844,52.369998931884766,48.81999969482422,50.16999816894531,50.16999816894531,1856900
2026-02-05,48.85499954223633,49.63199996948242,45.529998779296875,45.880001068115234,45.880001068115234,2627300
2026-02-06,47.220001220703125,48.9900016784668,46.27000045776367,48.7400016784668,48.7400016784668,1669500
2026-02-09,48.52000045776367,49.83000183105469,47.369998931884766,49.70000076293945,49.70000076293945,1409300
2026-02-10,49.36000061035156,50.630001068115234,48.689998626708984,48.83000183105469,48.83000183105469,1312900
2026-02-11,49.29999923706055,49.29999923706055,46.47999954223633,48.31999969482422,48.31999969482422,1337300
2026-02-12,48.659000396728516,49.0,47.38999938964844,48.93000030517578,48.93000030517578,1532600
2026-02-13,49.7400016784668,54.09600067138672,49.619998931884766,53.06999969482422,53.06999969482422,2465700
2026-02-17,53.0,54.439998626708984,51.91999816894531,53.16999816894531,53.16999816894531,1688100
2026-02-18,52.880001068115234,54.03499984741211,52.58599853515625,53.52000045776367,53.52000045776367,1233200
2026-02-19,52.0099983215332,54.70000076293945,52.0,54.63999938964844,54.63999938964844,984200
2026-02-20,54.03499984741211,55.04999923706055,52.91999816894531,53.459999084472656,53.459999084472656,1297500
2026-02-23,52.209999084472656,54.83000183105469,52.02000045776367,53.97999954223633,53.97999954223633,1280700
2026-02-24,54.040000915527344,57.29999923706055,54.0099983215332,56.77000045776367,56.77000045776367,1690100
2026-02-25,57.56999969482422,58.5,55.13999938964844,55.20000076293945,55.20000076293945,1223100
2026-02-26,54.869998931884766,61.7599983215332,53.75,61.7400016784668,61.7400016784668,3663300
2026-02-27,59.5,61.4900016784668,58.5,60.13999938964844,60.13999938964844,1690600
2026-03-02,58.040000915527344,61.0,57.25,60.77000045776367,60.77000045776367,1332800
2026-03-03,58.0099983215332,59.369998931884766,56.40999984741211,58.060001373291016,58.060001373291016,1470500
2026-03-04,58.81999969482422,60.599998474121094,57.75,60.0,60.0,1174000
2026-03-05,58.630001068115234,59.82099914550781,56.54999923706055,57.33000183105469,57.33000183105469,1541100
2026-03-06,55.108001708984375,57.042999267578125,54.79999923706055,56.5,56.5,1167900
2026-03-09,55.59000015258789,59.060001373291016,55.0,58.779998779296875,58.779998779296875,1261700
2026-03-10,53.939998626708984,55.39500045776367,50.665000915527344,52.79999923706055,52.79999923706055,9434600
2026-03-11,52.119998931884766,52.119998931884766,49.845001220703125,49.93000030517578,49.93000030517578,6326400
2026-03-12,49.349998474121094,49.5,48.20000076293945,48.869998931884766,48.869998931884766,3290000
2026-03-13,49.70000076293945,50.06999969482422,47.53200149536133,48.75,48.75,1972800
2026-03-16,49.5,50.09000015258789,47.720001220703125,48.41999816894531,48.41999816894531,2258100
2026-03-17,48.900001525878906,50.189998626708984,48.540000915527344,50.09000015258789,50.09000015258789,1874100
2026-03-18,49.290000915527344,49.5,47.54999923706055,47.689998626708984,47.689998626708984,1476100
2026-03-19,46.900001525878906,48.20000076293945,46.31999969482422,46.95000076293945,46.95000076293945,2235900
2026-03-20,46.4900016784668,47.65999984741211,45.880001068115234,46.2400016784668,46.2400016784668,2561300
2026-03-23,46.65999984741211,47.91999816894531,46.400001525878906,46.880001068115234,46.880001068115234,1443300
2026-03-24,46.18000030517578,46.959999084472656,45.119998931884766,46.43000030517578,46.43000030517578,1185300
2026-03-25,47.25,48.30500030517578,47.04999923706055,47.09000015258789,47.09000015258789,1081200
2026-03-26,46.43000030517578,48.79999923706055,46.400001525878906,47.54999923706055,47.54999923706055,1263100
2026-03-27,47.23500061035156,47.83000183105469,45.349998474121094,45.75,45.75,1594400
2026-03-30,45.88999938964844,45.959999084472656,44.119998931884766,44.34000015258789,44.34000015258789,1617600
2026-03-31,44.9900016784668,47.599998474121094,44.91400146484375,47.56999969482422,47.56999969482422,2167700
2026-04-01,47.88999938964844,49.95000076293945,47.88999938964844,48.810001373291016,48.810001373291016,1310100
2026-04-02,47.099998474121094,49.95000076293945,47.099998474121094,49.5099983215332,49.5099983215332,1727900
2026-04-06,49.70000076293945,50.77000045776367,49.05500030517578,49.150001525878906,49.150001525878906,1145500
2026-04-07,49.119998931884766,49.7599983215332,47.869998931884766,49.70000076293945,49.70000076293945,1319500
2026-04-08,52.0,52.61000061035156,50.19200134277344,51.7599983215332,51.7599983215332,1723500
2026-04-09,51.27000045776367,52.27000045776367,51.099998474121094,51.720001220703125,51.720001220703125,1100100
2026-04-10,51.75,52.220001220703125,49.5,51.220001220703125,51.220001220703125,871400
2026-04-13,51.09000015258789,55.09000015258789,51.04999923706055,54.83000183105469,54.83000183105469,1843800
2026-04-14,55.54999923706055,57.77000045776367,55.349998474121094,56.86000061035156,56.86000061035156,2103900
2026-04-15,57.150001525878906,59.38999938964844,55.7599983215332,56.7599983215332,56.7599983215332,1982300
2026-04-16,56.84000015258789,57.2400016784668,54.56999969482422,55.720001220703125,55.720001220703125,1713600
2026-04-17,57.349998474121094,59.15999984741211,57.04999923706055,57.9900016784668,57.9900016784668,1801500
2026-04-20,57.13999938964844,58.599998474121094,56.869998931884766,57.689998626708984,57.689998626708984,1263800
2026-04-21,57.459999084472656,58.470001220703125,55.38999938964844,55.540000915527344,55.540000915527344,2249700
2026-04-22,56.58000183105469,57.0,55.11000061035156,56.41999816894531,56.41999816894531,1427300
2026-04-23,56.880001068115234,57.9900016784668,55.084999084472656,55.18000030517578,55.18000030517578,1521100
2026-04-24,55.0099983215332,55.18000030517578,48.77000045776367,48.78499984741211,48.78499984741211,3851300
2026-04-27,50.59000015258789,54.040000915527344,50.2599983215332,50.9900016784668,50.9900016784668,2933200
2026-04-28,50.5099983215332,52.28499984741211,50.119998931884766,52.060001373291016,52.060001373291016,1570500
2026-04-29,51.060001373291016,52.150001525878906,50.47999954223633,50.709999084472656,50.709999084472656,1539800
2026-04-30,51.321998596191406,52.72999954223633,50.70000076293945,52.34000015258789,52.34000015258789,1300100
2026-05-01,51.59000015258789,52.560001373291016,50.59000015258789,51.630001068115234,51.630001068115234,1035700
2026-05-04,51.77000045776367,54.41299819946289,51.77000045776367,53.58000183105469,53.58000183105469,1711800
2026-05-05,52.599998474121094,53.939998626708984,49.380001068115234,52.380001068115234,52.380001068115234,3102100
2026-05-06,53.0,55.400001525878906,52.650001525878906,55.08000183105469,55.08000183105469,2529800
2026-05-07,54.525001525878906,55.46699905395508,51.70500183105469,52.41999816894531,52.41999816894531,1518900
2026-05-08,53.04999923706055,55.849998474121094,52.54999923706055,54.83000183105469,54.83000183105469,1733500
2026-05-11,55.22999954223633,56.15999984741211,53.84000015258789,54.0099983215332,54.0099983215332,1317800
2026-05-12,54.16999816894531,54.16999816894531,52.02000045776367,52.83000183105469,52.83000183105469,973700
2026-05-13,52.83000183105469,53.810001373291016,52.36000061035156,52.75,52.75,924900
2026-05-14,52.900001525878906,53.4900016784668,50.22999954223633,50.45000076293945,50.45000076293945,1664400
2026-05-15,49.7400016784668,50.45000076293945,48.25,48.40999984741211,48.40999984741211,1978700
2026-05-18,48.779998779296875,50.08000183105469,48.06999969482422,48.560001373291016,48.560001373291016,1778800
2026-05-19,48.119998931884766,48.33000183105469,46.91999816894531,47.59000015258789,47.59000015258789,1689100
2026-05-20,47.72999954223633,49.060001373291016,47.19499969482422,48.54999923706055,48.54999923706055,1725000
2026-05-21,47.709999084472656,50.04999923706055,47.34000015258789,49.900001525878906,49.900001525878906,1447200
2026-05-22,49.91999816894531,51.11000061035156,49.91999816894531,50.36000061035156,50.36000061035156,1548300
2026-05-26,50.68000030517578,51.869998931884766,50.189998626708984,51.59000015258789,51.59000015258789,1451800
2026-05-27,51.709999084472656,54.525001525878906,51.11000061035156,53.529998779296875,53.529998779296875,1839500
2026-05-28,53.040000915527344,57.2400016784668,52.380001068115234,56.380001068115234,56.380001068115234,2662700
2026-05-29,56.380001068115234,56.39400100708008,54.27000045776367,56.18000030517578,56.18000030517578,1931800
2026-06-01,55.11000061035156,55.2599983215332,53.68000030517578,54.189998626708984,54.189998626708984,1426100
2026-06-02,53.2599983215332,53.59000015258789,51.849998474121094,52.02000045776367,52.02000045776367,1372800
2026-06-03,51.459999084472656,52.279998779296875,50.52000045776367,52.08000183105469,52.08000183105469,1271700
2026-06-04,52.41999816894531,59.0,52.290000915527344,56.95000076293945,56.95000076293945,3301000
2026-06-05,55.9900016784668,55.9900016784668,51.150001525878906,51.84000015258789,51.84000015258789,2298200
2026-06-08,52.709999084472656,52.900001525878906,51.09000015258789,51.599998474121094,51.599998474121094,1131300
2026-06-09,52.54999923706055,53.09000015258789,49.58000183105469,51.47999954223633,51.47999954223633,1461800
2026-06-10,51.439998626708984,52.44499969482422,49.40999984741211,49.439998626708984,49.439998626708984,1409200
2026-06-11,50.09000015258789,51.1349983215332,49.02000045776367,50.22999954223633,50.22999954223633,1515000
2026-06-12,49.79199981689453,51.244998931884766,49.709999084472656,49.79999923706055,49.79999923706055,1149200
2026-06-15,51.0,53.27000045776367,50.7599983215332,52.61000061035156,52.61000061035156,1828500
2026-06-16,52.68000030517578,53.27000045776367,51.279998779296875,52.02000045776367,52.02000045776367,1103400
2026-06-17,52.59000015258789,55.099998474121094,51.63999938964844,53.09000015258789,53.09000015258789,2097500
2026-06-18,54.40999984741211,55.790000915527344,53.02000045776367,54.09000015258789,54.09000015258789,1941400
2026-06-22,54.849998474121094,56.07600021362305,54.08000183105469,54.36000061035156,54.36000061035156,1135600
2026-06-23,53.529998779296875,56.060001373291016,53.132999420166016,53.9900016784668,53.9900016784668,1534100
2026-06-24,54.150001525878906,55.47999954223633,53.349998474121094,53.54999923706055,53.54999923706055,1411500
2026-06-25,54.20000076293945,56.70000076293945,53.54999923706055,53.97999954223633,53.97999954223633,2091500
2026-06-26,53.70000076293945,56.150001525878906,53.310001373291016,54.91999816894531,54.91999816894531,3392900
2026-06-29,55.119998931884766,57.90999984741211,53.7400016784668,56.349998474121094,56.349998474121094,1844500
2026-06-30,56.349998474121094,56.470001220703125,54.45000076293945,54.540000915527344,54.540000915527344,1188400
2026-07-01,54.56999969482422,57.25,54.560001373291016,55.619998931884766,55.619998931884766,965500
2026-07-02,56.18000030517578,61.68000030517578,56.18000030517578,60.08000183105469,60.08000183105469,2926600
2026-07-06,59.380001068115234,63.45000076293945,58.5,61.88999938964844,61.88999938964844,2051000
2026-07-07,62.44499969482422,62.79999923706055,58.58000183105469,60.77000045776367,60.77000045776367,1668300
2026-07-08,58.5099983215332,60.332000732421875,57.56999969482422,59.20000076293945,59.20000076293945,1226600
2026-07-09,59.2400016784668,60.5,55.880001068115234,56.34000015258789,56.34000015258789,1436100
2026-07-10,56.29999923706055,56.650001525878906,52.04999923706055,53.349998474121094,53.349998474121094,2071000
