date,open,high,low,close,adjclose,volume
2021-08-02,54.25,54.2599983215332,54.04499816894531,54.08000183105469,50.72494125366211,58200
2021-08-03,53.904998779296875,54.7599983215332,53.904998779296875,54.65999984741211,51.26895523071289,64000
2021-08-04,54.20500183105469,54.26499938964844,53.80500030517578,53.95000076293945,50.603004455566406,56200
2021-08-05,54.57500076293945,54.599998474121094,54.439998626708984,54.525001525878906,51.142333984375,37400
2021-08-06,54.755001068115234,55.290000915527344,54.755001068115234,54.96500015258789,51.555030822753906,39000
2021-08-09,55.20500183105469,55.20500183105469,53.505001068115234,54.724998474121094,51.329925537109375,40800
2021-08-10,53.92499923706055,54.279998779296875,53.875,54.26499938964844,50.898460388183594,93000
2021-08-11,54.095001220703125,54.209999084472656,53.91999816894531,54.099998474121094,50.74369812011719,36400
2021-08-12,52.6349983215332,53.630001068115234,52.6349983215332,53.505001068115234,50.185611724853516,44000
2021-08-13,55.08000183105469,55.08000183105469,54.625,54.8849983215332,51.47999954223633,51800
2021-08-16,54.54999923706055,54.77000045776367,54.494998931884766,54.75,51.35336685180664,49200
2021-08-17,53.73500061035156,54.10499954223633,53.73500061035156,54.03499984741211,50.68273162841797,98200
2021-08-18,52.064998626708984,53.415000915527344,52.064998626708984,52.94499969482422,49.66035079956055,57600
2021-08-19,54.47999954223633,54.47999954223633,53.98500061035156,54.084999084472656,50.7296257019043,98600
2021-08-20,54.084999084472656,54.75,54.084999084472656,54.665000915527344,51.273651123046875,176800
2021-08-23,54.625,55.34000015258789,54.625,55.32500076293945,51.892704010009766,64600
2021-08-24,55.970001220703125,56.290000915527344,55.45500183105469,56.10499954223633,52.62431716918945,83400
2021-08-25,56.724998474121094,56.95500183105469,56.685001373291016,56.95500183105469,53.42158508300781,53400
2021-08-26,55.974998474121094,56.040000915527344,55.775001525878906,55.83000183105469,52.366371154785156,51200
2021-08-27,56.099998474121094,57.16999816894531,56.099998474121094,57.0,53.463783264160156,54400
2021-08-30,57.47999954223633,57.47999954223633,56.60499954223633,56.814998626708984,53.29026412963867,58800
2021-08-31,57.07500076293945,57.11000061035156,56.78499984741211,56.994998931884766,53.45909118652344,60800
2021-09-01,56.564998626708984,56.869998931884766,56.529998779296875,56.755001068115234,53.51095199584961,47400
2021-09-02,57.22999954223633,57.22999954223633,56.1349983215332,56.224998474121094,53.0112419128418,59000
2021-09-03,56.80500030517578,56.80500030517578,56.060001373291016,56.5,53.270530700683594,38400
2021-09-07,56.27000045776367,57.375,56.27000045776367,57.279998779296875,54.005943298339844,44000
2021-09-08,57.29999923706055,57.29999923706055,56.959999084472656,56.959999084472656,53.7042350769043,53800
2021-09-09,56.564998626708984,56.744998931884766,56.345001220703125,56.400001525878906,53.176246643066406,38600
2021-09-10,55.959999084472656,55.959999084472656,55.400001525878906,55.41999816894531,52.252254486083984,63800
2021-09-13,55.8650016784668,55.8650016784668,55.4900016784668,55.83000183105469,52.638824462890625,48800
2021-09-14,55.099998474121094,55.1349983215332,54.755001068115234,54.755001068115234,51.62527084350586,46400
2021-09-15,57.310001373291016,57.310001373291016,55.790000915527344,56.290000915527344,53.07252883911133,41400
2021-09-16,56.505001068115234,56.505001068115234,56.064998626708984,56.26499938964844,53.04895782470703,93400
2021-09-17,56.97999954223633,56.97999954223633,55.939998626708984,56.16999816894531,52.95938491821289,58200
2021-09-20,55.439998626708984,55.439998626708984,54.7599983215332,55.20500183105469,52.0495491027832,92600
2021-09-21,56.45000076293945,56.56999969482422,56.09000015258789,56.2400016784668,53.025390625,78200
2021-09-22,56.73500061035156,57.05500030517578,56.564998626708984,56.64500045776367,53.40724563598633,69800
2021-09-23,58.6150016784668,58.6150016784668,56.7599983215332,57.099998474121094,53.83622741699219,108600
2021-09-24,56.53499984741211,56.58000183105469,56.314998626708984,56.439998626708984,53.21395492553711,57800
2021-09-27,55.42499923706055,55.61000061035156,55.42499923706055,55.5,52.32768630981445,51000
2021-09-28,53.779998779296875,53.779998779296875,53.17499923706055,53.375,50.32415008544922,196400
2021-09-29,52.540000915527344,52.540000915527344,51.7400016784668,51.900001525878906,48.9334602355957,79400
2021-09-30,53.875,53.875,52.275001525878906,52.345001220703125,49.353023529052734,71400
2021-10-01,52.540000915527344,52.650001525878906,52.25,52.6150016784668,49.60759353637695,67600
2021-10-04,52.32500076293945,52.349998474121094,51.8650016784668,52.11000061035156,49.1314582824707,81000
2021-10-05,52.119998931884766,52.834999084472656,52.119998931884766,52.64500045776367,49.63588333129883,81600
2021-10-06,51.994998931884766,52.29499816894531,51.775001525878906,52.28499984741211,49.296451568603516,72800
2021-10-07,53.09000015258789,53.099998474121094,52.60499954223633,52.84000015258789,49.819725036621094,66400
2021-10-08,53.21500015258789,53.255001068115234,53.02000045776367,53.060001373291016,50.02716064453125,48200
2021-10-11,53.27000045776367,53.27000045776367,52.650001525878906,52.75,49.7348747253418,45200
2021-10-12,54.02000045776367,54.095001220703125,53.86000061035156,54.040000915527344,50.951141357421875,43000
2021-10-13,54.2599983215332,54.459999084472656,54.16999816894531,54.380001068115234,51.271705627441406,35200
2021-10-14,55.310001373291016,55.349998474121094,55.2400016784668,55.27000045776367,52.11083221435547,66000
2021-10-15,55.244998931884766,55.7599983215332,55.130001068115234,55.630001068115234,52.450260162353516,148400
2021-10-18,55.06999969482422,55.06999969482422,54.31999969482422,54.54999923706055,51.43198776245117,123600
2021-10-19,54.875,55.875,54.875,55.875,52.681251525878906,77200
2021-10-20,55.79499816894531,56.19499969482422,55.79499816894531,56.165000915527344,52.95467758178711,79400
2021-10-21,55.70000076293945,55.70000076293945,55.130001068115234,55.21500015258789,52.058982849121094,66800
2021-10-22,55.88999938964844,55.88999938964844,55.25,55.5,52.32768630981445,40000
2021-10-25,55.529998779296875,55.65999984741211,55.334999084472656,55.599998474121094,52.421974182128906,68800
2021-10-26,56.209999084472656,56.209999084472656,55.54999923706055,55.88999938964844,52.69540023803711,61400
2021-10-27,56.709999084472656,56.709999084472656,56.064998626708984,56.3650016784668,53.143245697021484,49600
2021-10-28,56.96500015258789,56.96500015258789,56.27000045776367,56.76499938964844,53.520381927490234,63800
2021-10-29,56.709999084472656,56.845001220703125,56.58000183105469,56.834999084472656,53.58637619018555,46400
2021-11-01,56.935001373291016,57.93000030517578,56.935001373291016,57.845001220703125,54.538658142089844,60600
2021-11-02,57.95000076293945,58.619998931884766,57.6150016784668,57.68000030517578,54.38307571411133,61600
2021-11-03,57.93000030517578,58.17499923706055,57.599998474121094,58.17499923706055,54.849788665771484,45400
2021-11-04,57.76499938964844,57.845001220703125,57.630001068115234,57.724998474121094,54.42551040649414,37800
2021-11-05,58.20000076293945,58.41999816894531,58.17499923706055,58.209999084472656,54.882789611816406,40600
2021-11-08,58.04999923706055,58.26499938964844,57.8650016784668,57.8650016784668,54.5575065612793,48200
2021-11-09,57.94499969482422,58.369998931884766,57.689998626708984,58.369998931884766,55.03364181518555,68200
2021-11-10,58.084999084472656,58.52000045776367,57.51499938964844,57.51499938964844,54.227508544921875,49200
2021-11-11,56.29999923706055,56.29999923706055,56.05500030517578,56.125,52.91696548461914,49800
2021-11-12,56.095001220703125,56.400001525878906,56.095001220703125,56.279998779296875,53.063106536865234,46000
2021-11-15,56.915000915527344,56.93000030517578,56.505001068115234,56.77000045776367,53.52510070800781,38600
2021-11-16,56.30500030517578,56.3849983215332,56.2400016784668,56.2400016784668,53.025390625,53800
2021-11-17,56.75,56.75,56.119998931884766,56.224998474121094,53.0112419128418,52800
2021-11-18,57.29499816894531,57.29499816894531,56.55500030517578,56.98500061035156,53.727813720703125,77000
2021-11-19,57.224998474121094,57.66999816894531,56.86000061035156,57.025001525878906,53.76551818847656,158000
2021-11-22,56.619998931884766,57.349998474121094,56.619998931884766,57.11000061035156,53.84566116333008,58400
2021-11-23,57.375,57.41999816894531,57.095001220703125,57.21500015258789,53.94465637207031,63400
2021-11-24,56.400001525878906,57.290000915527344,56.400001525878906,57.0,53.7419548034668,60200
2021-11-26,57.42499923706055,57.42499923706055,55.064998626708984,55.404998779296875,52.23811721801758,61600
2021-11-29,55.92499923706055,55.92499923706055,54.5099983215332,54.935001373291016,51.794986724853516,75800
2021-11-30,56.02000045776367,56.02000045776367,52.994998931884766,54.709999084472656,51.58284378051758,99800
2021-12-01,54.560001373291016,55.63999938964844,54.560001373291016,54.900001525878906,51.76198196411133,84800
2021-12-02,53.31999969482422,54.869998931884766,53.31999969482422,54.400001525878906,51.290565490722656,82400
2021-12-03,52.97999954223633,53.275001525878906,52.22999954223633,52.30500030517578,49.3153076171875,66200
2021-12-06,53.005001068115234,53.005001068115234,52.290000915527344,52.57500076293945,49.56987762451172,87200
2021-12-07,52.5,54.064998626708984,52.5,53.90999984741211,50.82856750488281,126200
2021-12-08,56.029998779296875,56.029998779296875,54.2400016784668,54.665000915527344,51.5404167175293,48000
2021-12-09,53.65999984741211,55.349998474121094,53.65999984741211,54.150001525878906,51.05485153198242,69600
2021-12-10,55.375,55.375,52.89500045776367,53.29499816894531,50.248722076416016,81200
2021-12-13,53.35499954223633,53.35499954223633,52.685001373291016,52.73500061035156,49.72072982788086,60600
2021-12-14,50.875,50.875,50.099998474121094,50.17499923706055,47.30706024169922,171000
2021-12-15,49.849998474121094,50.85499954223633,48.75,50.314998626708984,47.43905258178711,89000
2021-12-16,50.435001373291016,50.435001373291016,48.86000061035156,49.20000076293945,46.38779067993164,142800
2021-12-17,49.125,49.125,48.025001525878906,48.9900016784668,46.189788818359375,111600
2021-12-20,50.0,50.0,48.564998626708984,48.70500183105469,45.921085357666016,145600
2021-12-21,51.48500061035156,51.86000061035156,50.900001525878906,51.17499923706055,48.24989700317383,213400
2021-12-22,52.70500183105469,52.70500183105469,52.095001220703125,52.650001525878906,49.640594482421875,96200
2021-12-23,52.54999923706055,52.98500061035156,52.54999923706055,52.81999969482422,49.800872802734375,87600
2021-12-27,52.54999923706055,53.099998474121094,52.54999923706055,52.935001373291016,49.909297943115234,91000
2021-12-28,52.560001373291016,52.9900016784668,52.560001373291016,52.83000183105469,49.810306549072266,45800
2021-12-29,53.6150016784668,53.6150016784668,52.869998931884766,52.935001373291016,49.909297943115234,59000
2021-12-30,53.244998931884766,53.244998931884766,52.82500076293945,53.040000915527344,50.00830078125,117800
2021-12-31,52.720001220703125,53.5,52.720001220703125,52.900001525878906,49.87630081176758,59800
2022-01-03,52.54999923706055,53.125,52.290000915527344,52.369998931884766,49.376590728759766,105000
2022-01-04,54.0,54.0,52.625,53.560001373291016,50.49858093261719,112800
2022-01-05,52.369998931884766,53.55500030517578,52.31999969482422,52.31999969482422,49.32944869995117,73200
2022-01-06,51.875,51.875,49.72999954223633,50.89500045776367,47.985904693603516,75000
2022-01-07,50.994998931884766,51.13999938964844,50.5,50.564998626708984,47.67476272583008,90600
2022-01-10,49.72999954223633,50.15999984741211,49.67499923706055,50.15999984741211,47.29291534423828,131400
2022-01-11,49.95500183105469,50.55500030517578,49.85499954223633,50.51499938964844,47.62762451171875,115000
2022-01-12,51.244998931884766,51.6150016784668,50.92499923706055,51.375,48.43846893310547,83000
2022-01-13,50.88999938964844,51.459999084472656,50.814998626708984,51.04499816894531,48.1273307800293,115600
2022-01-14,49.76499938964844,50.83000183105469,49.7599983215332,49.880001068115234,47.0289192199707,146600
2022-01-18,49.66999816894531,49.66999816894531,48.880001068115234,49.09000015258789,46.28407669067383,231200
2022-01-19,48.97999954223633,49.16999816894531,48.459999084472656,48.939998626708984,46.14264678955078,227000
2022-01-20,49.08000183105469,49.33000183105469,48.60499954223633,48.76499938964844,45.97765350341797,226600
2022-01-21,48.42499923706055,48.42499923706055,46.96500015258789,47.314998626708984,44.610530853271484,236000
2022-01-24,45.814998626708984,46.57500076293945,45.2599983215332,46.45500183105469,43.79969024658203,287200
2022-01-25,46.44499969482422,46.6150016784668,45.04999923706055,46.61000061035156,43.945831298828125,196000
2022-01-26,46.125,46.67499923706055,45.77000045776367,46.529998779296875,43.870399475097656,206000
2022-01-27,45.04999923706055,45.625,44.275001525878906,44.439998626708984,41.899864196777344,363600
2022-01-28,44.130001068115234,45.084999084472656,44.130001068115234,44.779998779296875,42.220428466796875,164600
2022-01-31,44.525001525878906,46.25,44.525001525878906,46.23500061035156,43.59226608276367,167200
2022-02-01,45.25,46.915000915527344,45.25,46.68000030517578,44.0118293762207,167400
2022-02-02,45.95000076293945,47.625,45.95000076293945,46.86000061035156,44.18153762817383,75600
2022-02-03,45.83000183105469,45.849998474121094,45.345001220703125,45.345001220703125,42.753135681152344,114600
2022-02-04,46.04999923706055,46.04999923706055,45.224998474121094,45.654998779296875,43.045413970947266,128600
2022-02-07,45.349998474121094,45.8849983215332,45.2400016784668,45.279998779296875,42.69185256958008,85800
2022-02-08,45.040000915527344,46.0099983215332,45.040000915527344,45.974998474121094,43.34712219238281,146400
2022-02-09,44.275001525878906,45.96500015258789,44.275001525878906,45.96500015258789,43.33768844604492,106200
2022-02-10,45.97999954223633,46.189998626708984,45.21500015258789,45.290000915527344,42.70127868652344,119600
2022-02-11,44.025001525878906,45.564998626708984,43.59000015258789,43.70500183105469,41.20687484741211,216200
2022-02-14,44.029998779296875,44.029998779296875,42.53499984741211,42.779998779296875,40.334747314453125,367000
2022-02-15,42.869998931884766,43.48500061035156,42.8650016784668,43.25,40.77788162231445,244600
2022-02-16,46.470001220703125,47.42499923706055,46.470001220703125,47.25,44.54924774169922,618600
2022-02-17,49.57500076293945,49.57500076293945,48.400001525878906,48.720001220703125,45.93523025512695,841200
2022-02-18,47.685001373291016,47.76499938964844,47.064998626708984,47.619998931884766,44.89809799194336,158600
2022-02-22,47.64500045776367,48.494998931884766,47.41999816894531,48.23500061035156,45.47794723510742,178400
2022-02-23,49.209999084472656,49.209999084472656,47.81999969482422,47.93000030517578,45.19038391113281,131200
2022-02-24,45.625,48.58000183105469,45.625,47.93000030517578,45.19038391113281,143000
2022-02-25,47.29999923706055,48.04999923706055,47.29999923706055,48.04999923706055,45.303524017333984,144800
2022-02-28,47.35499954223633,47.54999923706055,46.880001068115234,47.45500183105469,44.742530822753906,292000
2022-03-01,49.099998474121094,49.099998474121094,46.939998626708984,47.16999816894531,44.47381591796875,269400
2022-03-02,49.04999923706055,49.04999923706055,46.35499954223633,47.724998474121094,44.997093200683594,238200
2022-03-03,47.224998474121094,47.64500045776367,46.959999084472656,47.064998626708984,44.37482452392578,183000
2022-03-04,48.619998931884766,48.619998931884766,46.685001373291016,47.775001525878906,45.294456481933594,170600
2022-03-07,47.54999923706055,47.54999923706055,45.625,45.80500030517578,43.42674255371094,211200
2022-03-08,45.255001068115234,47.26499938964844,45.255001068115234,46.57500076293945,44.15676498413086,230400
2022-03-09,47.5,48.005001068115234,46.94499969482422,47.209999084472656,44.7587890625,178200
2022-03-10,47.7400016784668,48.20000076293945,47.505001068115234,48.150001525878906,45.649986267089844,159600
2022-03-11,47.209999084472656,48.06999969482422,46.81999969482422,46.869998931884766,44.43644332885742,83000
2022-03-14,47.185001373291016,47.814998626708984,47.18000030517578,47.439998626708984,44.976844787597656,122800
2022-03-15,46.0099983215332,49.10499954223633,46.0099983215332,47.96500015258789,45.47459411621094,193400
2022-03-16,48.40999984741211,49.6150016784668,48.40999984741211,49.6150016784668,47.038917541503906,135600
2022-03-17,49.5099983215332,50.060001373291016,49.5099983215332,49.900001525878906,47.30912780761719,76600
2022-03-18,49.8650016784668,50.39500045776367,49.8650016784668,50.39500045776367,47.77842712402344,306000
2022-03-21,50.5,50.5,49.1349983215332,49.75,47.16691207885742,222800
2022-03-22,48.625,49.630001068115234,48.625,49.599998474121094,47.02470397949219,194800
2022-03-23,50.625,50.625,49.73500061035156,49.73500061035156,47.15269088745117,74200
2022-03-24,49.86000061035156,50.415000915527344,49.86000061035156,50.244998931884766,47.63621139526367,46600
2022-03-25,49.880001068115234,50.060001373291016,49.68000030517578,49.94499969482422,47.35179138183594,70200
2022-03-28,47.779998779296875,49.400001525878906,47.779998779296875,49.275001525878906,46.716575622558594,66800
2022-03-29,50.625,50.625,49.17499923706055,50.255001068115234,47.645687103271484,95200
2022-03-30,50.05500030517578,50.95000076293945,50.05500030517578,50.7599983215332,48.12446975708008,97600
2022-03-31,50.19499969482422,50.45500183105469,49.875,49.875,47.28541946411133,109600
2022-04-01,50.185001373291016,50.314998626708984,49.845001220703125,50.119998931884766,47.5177001953125,56800
2022-04-04,50.310001373291016,50.869998931884766,50.0,50.834999084472656,48.19557571411133,167400
2022-04-05,50.834999084472656,51.3849983215332,50.529998779296875,50.724998474121094,48.09128952026367,132400
2022-04-06,50.36000061035156,51.349998474121094,50.064998626708984,50.290000915527344,47.67887496948242,178200
2022-04-07,49.17499923706055,50.32500076293945,49.17499923706055,50.25,47.64095687866211,82000
2022-04-08,49.334999084472656,49.939998626708984,49.334999084472656,49.709999084472656,47.12898635864258,73000
2022-04-11,47.904998779296875,49.54999923706055,47.904998779296875,49.16999816894531,46.61703109741211,73400
2022-04-12,47.779998779296875,49.994998931884766,47.779998779296875,48.86000061035156,46.3231201171875,78600
2022-04-13,48.20500183105469,48.91999816894531,48.060001373291016,48.84000015258789,46.304161071777344,109000
2022-04-14,49.83000183105469,49.83000183105469,48.68000030517578,48.79999923706055,46.2662353515625,70200
2022-04-18,47.779998779296875,49.029998779296875,47.779998779296875,48.904998779296875,46.365787506103516,91800
2022-04-19,47.779998779296875,49.98500061035156,47.779998779296875,49.82500076293945,47.23801803588867,400200
2022-04-20,49.599998474121094,49.7400016784668,49.404998779296875,49.525001525878906,46.9536018371582,78400
2022-04-21,48.17499923706055,49.79499816894531,48.17499923706055,48.904998779296875,46.365787506103516,83800
2022-04-22,47.97999954223633,50.0,47.97999954223633,48.529998779296875,46.01026153564453,62600
2022-04-25,46.70000076293945,48.65999984741211,46.70000076293945,48.20000076293945,45.697391510009766,78200
2022-04-26,46.70000076293945,48.970001220703125,46.70000076293945,47.564998626708984,45.09536361694336,134200
2022-04-27,46.15999984741211,47.775001525878906,46.15999984741211,47.43000030517578,44.96737289428711,134200
2022-04-28,47.279998779296875,48.279998779296875,47.255001068115234,48.04499816894531,45.55043411254883,95600
2022-04-29,47.439998626708984,49.0,47.439998626708984,47.6349983215332,45.16172790527344,66200
2022-05-02,47.81999969482422,47.82500076293945,47.064998626708984,47.540000915527344,45.07166290283203,103600
2022-05-03,48.564998626708984,48.96500015258789,48.32500076293945,48.57500076293945,46.052921295166016,79000
2022-05-04,47.470001220703125,50.35499954223633,47.470001220703125,50.279998779296875,47.66939163208008,87000
2022-05-05,48.34000015258789,49.29499816894531,47.970001220703125,48.43000030517578,45.91544723510742,94800
2022-05-06,46.8849983215332,47.470001220703125,46.77000045776367,47.125,44.67820358276367,128000
2022-05-09,46.400001525878906,47.185001373291016,46.189998626708984,46.5099983215332,44.09513473510742,91800
2022-05-10,46.130001068115234,47.439998626708984,46.130001068115234,46.94499969482422,44.50755310058594,125000
2022-05-11,48.025001525878906,48.720001220703125,47.505001068115234,47.51499938964844,45.04795455932617,128800
2022-05-12,46.19499969482422,46.904998779296875,46.01499938964844,46.595001220703125,44.175724029541016,102000
2022-05-13,48.435001373291016,48.810001373291016,48.23500061035156,48.78499984741211,46.25202178955078,156400
2022-05-16,47.525001525878906,48.71500015258789,47.525001525878906,48.375,45.86330795288086,110400
2022-05-17,47.959999084472656,48.7400016784668,47.959999084472656,48.529998779296875,46.01026153564453,85000
2022-05-18,48.11000061035156,48.1150016784668,46.685001373291016,46.779998779296875,44.35111618041992,68000
2022-05-19,47.95000076293945,48.45000076293945,47.900001525878906,48.30500030517578,45.79693603515625,90000
2022-05-20,48.505001068115234,48.51499938964844,47.689998626708984,48.345001220703125,45.83486557006836,104800
2022-05-23,48.3849983215332,48.75,48.22999954223633,48.290000915527344,45.782718658447266,104000
2022-05-24,48.34000015258789,48.83000183105469,48.04999923706055,48.83000183105469,46.294681549072266,94400
2022-05-25,48.02000045776367,48.599998474121094,48.02000045776367,48.46500015258789,45.94863510131836,84600
2022-05-26,48.064998626708984,48.560001373291016,47.849998474121094,48.224998474121094,45.721092224121094,119400
2022-05-27,47.84000015258789,48.685001373291016,47.84000015258789,48.42499923706055,45.91070556640625,122200
2022-05-31,49.71500015258789,49.71500015258789,48.19499969482422,48.650001525878906,46.12403106689453,121400
2022-06-01,49.88999938964844,49.88999938964844,48.54499816894531,48.709999084472656,46.180912017822266,93200
2022-06-02,48.6150016784668,50.029998779296875,48.14500045776367,49.474998474121094,46.90618896484375,90600
2022-06-03,48.48500061035156,49.099998474121094,48.19499969482422,48.19499969482422,45.692649841308594,60400
2022-06-06,49.029998779296875,49.154998779296875,48.619998931884766,48.790000915527344,46.25675964355469,92000
2022-06-07,47.959999084472656,48.7400016784668,47.779998779296875,48.73500061035156,46.20461654663086,83800
2022-06-08,48.209999084472656,48.91999816894531,48.209999084472656,48.459999084472656,45.94389343261719,87200
2022-06-09,47.974998474121094,48.67499923706055,47.685001373291016,47.779998779296875,45.299198150634766,75200
2022-06-10,47.224998474121094,47.279998779296875,46.54999923706055,46.869998931884766,44.43644332885742,103600
2022-06-13,46.005001068115234,46.595001220703125,45.56999969482422,45.650001525878906,43.27979278564453,171000
2022-06-14,45.029998779296875,45.18000030517578,44.665000915527344,44.849998474121094,42.521324157714844,143200
2022-06-15,43.900001525878906,45.88999938964844,43.900001525878906,45.66999816894531,43.29875183105469,144000
2022-06-16,44.540000915527344,44.70500183105469,43.95000076293945,44.209999084472656,41.91455841064453,190400
2022-06-17,43.375,44.625,43.375,43.970001220703125,41.68702697753906,171000
2022-06-21,46.494998931884766,46.494998931884766,44.03499984741211,45.599998474121094,43.232391357421875,642400
2022-06-22,43.81999969482422,45.72999954223633,43.81999969482422,45.36000061035156,43.00484848022461,786400
2022-06-23,45.5,46.33000183105469,45.5,46.19499969482422,43.796485900878906,413000
2022-06-24,46.25,47.529998779296875,46.25,47.529998779296875,45.06217956542969,634400
2022-06-27,47.29999923706055,47.375,46.96500015258789,46.970001220703125,44.531253814697266,507200
2022-06-28,47.529998779296875,47.75,46.78499984741211,46.78499984741211,44.355865478515625,442600
2022-06-29,45.380001068115234,46.35499954223633,45.380001068115234,46.099998474121094,43.706424713134766,448400
2022-06-30,45.380001068115234,46.29999923706055,45.380001068115234,46.0,43.61161804199219,665800
2022-07-01,45.380001068115234,46.79499816894531,45.310001373291016,45.974998474121094,43.587913513183594,499400
2022-07-05,46.86000061035156,47.0099983215332,46.0,46.970001220703125,44.531253814697266,427200
2022-07-06,48.279998779296875,48.849998474121094,48.279998779296875,48.845001220703125,46.308902740478516,145600
2022-07-07,49.81999969482422,49.81999969482422,49.25,49.46500015258789,46.89670944213867,110400
2022-07-08,50.0,50.0,48.90999984741211,49.5,46.929893493652344,67200
2022-07-11,48.70500183105469,48.75,48.57500076293945,48.625,46.10032653808594,88200
2022-07-12,49.994998931884766,49.994998931884766,49.45000076293945,49.564998626708984,46.991519927978516,64000
2022-07-13,49.3849983215332,49.849998474121094,48.56999969482422,49.44499969482422,46.877750396728516,113600
2022-07-14,49.185001373291016,49.75,49.08000183105469,49.689998626708984,47.11003112792969,83800
2022-07-15,50.165000915527344,51.08000183105469,50.165000915527344,51.0,48.35201644897461,96200
2022-07-18,49.900001525878906,51.314998626708984,49.900001525878906,50.25,47.64095687866211,143800
2022-07-19,50.08000183105469,50.67499923706055,50.08000183105469,50.67499923706055,48.04388427734375,69800
2022-07-20,51.665000915527344,51.665000915527344,50.04999923706055,50.20000076293945,47.59354782104492,172200
2022-07-21,51.67499923706055,51.67499923706055,50.599998474121094,51.06999969482422,48.41837692260742,82800
2022-07-22,50.75,51.3849983215332,50.17499923706055,50.60499954223633,47.97751998901367,60200
2022-07-25,50.73500061035156,50.79499816894531,50.505001068115234,50.69499969482422,48.06284713745117,82200
2022-07-26,49.720001220703125,49.935001373291016,49.255001068115234,49.5,46.929893493652344,126400
2022-07-27,50.560001373291016,51.43000030517578,50.25,51.32500076293945,48.66014099121094,79000
2022-07-28,51.005001068115234,51.08000183105469,50.095001220703125,50.8849983215332,48.24298095703125,60400
2022-07-29,50.310001373291016,50.869998931884766,50.310001373291016,50.869998931884766,48.228763580322266,52400
2022-08-01,51.79499816894531,52.084999084472656,51.73500061035156,51.95000076293945,49.252685546875,101800
2022-08-02,49.97999954223633,52.5,49.97999954223633,51.564998626708984,48.88766860961914,65800
2022-08-03,51.06999969482422,51.4900016784668,50.375,51.29999923706055,48.63643264770508,108200
2022-08-04,50.1349983215332,51.349998474121094,50.1349983215332,51.26499938964844,48.60325241088867,54400
2022-08-05,49.75,51.435001373291016,49.75,51.20000076293945,48.5416259765625,71000
2022-08-08,50.540000915527344,51.939998626708984,50.540000915527344,51.654998779296875,48.97300338745117,64600
2022-08-09,51.75,51.849998474121094,51.3849983215332,51.48500061035156,48.811832427978516,88000
2022-08-10,51.314998626708984,52.150001525878906,51.314998626708984,52.05500030517578,49.352230072021484,48800
2022-08-11,50.904998779296875,52.720001220703125,50.904998779296875,52.20500183105469,49.494441986083984,69200
2022-08-12,51.900001525878906,52.32500076293945,51.900001525878906,52.310001373291016,49.593997955322266,72800
2022-08-15,50.75,51.974998474121094,50.75,51.724998474121094,49.03936767578125,68400
2022-08-16,52.275001525878906,52.720001220703125,51.85499954223633,52.06999969482422,49.366455078125,73200
2022-08-17,50.974998474121094,50.974998474121094,49.880001068115234,50.45500183105469,47.8353157043457,71000
2022-08-18,52.185001373291016,52.185001373291016,51.55500030517578,51.654998779296875,48.97300338745117,75800
2022-08-19,51.64500045776367,51.64500045776367,50.13999938964844,50.41999816894531,47.802127838134766,57400
2022-08-22,50.41999816894531,50.775001525878906,50.33000183105469,50.33000183105469,47.716800689697266,173600
2022-08-23,48.27000045776367,50.435001373291016,48.27000045776367,50.19499969482422,47.58880615234375,72600
2022-08-24,49.775001525878906,49.9900016784668,49.59000015258789,49.9900016784668,47.39445495605469,82000
2022-08-25,50.275001525878906,50.474998474121094,50.07500076293945,50.470001220703125,47.84954071044922,52200
2022-08-26,50.98500061035156,51.595001220703125,50.404998779296875,50.53499984741211,47.91115951538086,59800
2022-08-29,50.67499923706055,51.029998779296875,50.67499923706055,50.834999084472656,48.19557571411133,48000
2022-08-30,50.560001373291016,50.560001373291016,49.79999923706055,50.09000015258789,47.489261627197266,66000
2022-08-31,50.0,50.39500045776367,50.0,50.20000076293945,47.59354782104492,57200
2022-09-01,51.060001373291016,51.060001373291016,49.7400016784668,50.154998779296875,47.55088806152344,74800
2022-09-02,50.505001068115234,50.75,50.099998474121094,50.2400016784668,47.91328811645508,70200
2022-09-06,49.67499923706055,50.5,49.36000061035156,49.474998474121094,47.1837158203125,65800
2022-09-07,48.0099983215332,50.66999816894531,48.0099983215332,49.779998779296875,47.47459411621094,59000
2022-09-08,50.209999084472656,50.95500183105469,50.125,50.525001525878906,48.18509292602539,124000
2022-09-09,51.14500045776367,51.38999938964844,51.14500045776367,51.38999938964844,49.01002883911133,53800
2022-09-12,51.2599983215332,51.38999938964844,51.06999969482422,51.07500076293945,48.709617614746094,85600
2022-09-13,48.505001068115234,50.91999816894531,48.505001068115234,48.790000915527344,46.53044128417969,54400
2022-09-14,47.915000915527344,49.125,47.915000915527344,48.79499816894531,46.53520965576172,51000
2022-09-15,47.79499816894531,48.564998626708984,47.79499816894531,48.04499816894531,45.81993865966797,95200
2022-09-16,47.60499954223633,48.05500030517578,47.60499954223633,48.05500030517578,45.8294792175293,89400
2022-09-19,47.08000183105469,47.75,47.08000183105469,47.75,45.538604736328125,106000
2022-09-20,47.125,47.22999954223633,46.76499938964844,47.040000915527344,44.861488342285156,125200
2022-09-21,46.88999938964844,47.32500076293945,46.36000061035156,46.400001525878906,44.251129150390625,72400
2022-09-22,45.25,46.58000183105469,45.25,46.26499938964844,44.12237548828125,84800
2022-09-23,44.75,45.97999954223633,44.75,45.255001068115234,43.159149169921875,171400
2022-09-26,45.5,46.82500076293945,45.5,46.04499816894531,43.91256332397461,188000
2022-09-27,46.099998474121094,46.20000076293945,44.974998474121094,45.57500076293945,43.464332580566406,480400
2022-09-28,45.380001068115234,46.20000076293945,45.380001068115234,46.03499984741211,43.90303421020508,146000
2022-09-29,45.57500076293945,46.43000030517578,45.57500076293945,46.29499816894531,44.1509895324707,268000
2022-09-30,46.04999923706055,46.375,45.625,45.625,43.512020111083984,298200
2022-10-03,45.98500061035156,46.650001525878906,45.98500061035156,46.45500183105469,44.30358123779297,120400
2022-10-04,46.73500061035156,47.06999969482422,46.685001373291016,47.06999969482422,44.890098571777344,166200
2022-10-05,45.654998779296875,47.26499938964844,45.654998779296875,47.23500061035156,45.047454833984375,101600
2022-10-06,45.595001220703125,47.03499984741211,45.595001220703125,46.38999938964844,44.2415885925293,87000
2022-10-07,45.07500076293945,46.19499969482422,45.07500076293945,45.47999954223633,43.37373352050781,114600
2022-10-10,45.474998474121094,45.474998474121094,44.435001373291016,44.650001525878906,42.58217239379883,114400
2022-10-11,43.369998931884766,44.80500030517578,43.369998931884766,44.2400016784668,42.19115447998047,141000
2022-10-12,43.7400016784668,43.935001373291016,43.61000061035156,43.724998474121094,41.70001220703125,132600
2022-10-13,41.650001525878906,43.92499923706055,41.650001525878906,43.65999984741211,41.63801574707031,246200
2022-10-14,43.03499984741211,44.380001068115234,42.779998779296875,42.779998779296875,40.79877471923828,222800
2022-10-17,44.0,44.0,43.55500030517578,43.7400016784668,41.714317321777344,208800
2022-10-18,43.525001525878906,43.525001525878906,42.83000183105469,43.10499954223633,41.10871887207031,178200
2022-10-19,43.27000045776367,43.375,42.900001525878906,43.1349983215332,41.137332916259766,97600
2022-10-20,42.619998931884766,43.1349983215332,42.369998931884766,42.45000076293945,40.48405838012695,137800
2022-10-21,42.400001525878906,42.9900016784668,41.90999984741211,42.96500015258789,40.9752082824707,120600
2022-10-24,44.189998626708984,44.189998626708984,42.75,43.67499923706055,41.65232849121094,312600
2022-10-25,42.67499923706055,44.43000030517578,42.67499923706055,44.27000045776367,42.21976852416992,209400
2022-10-26,44.189998626708984,44.89500045776367,44.01499938964844,44.59000015258789,42.52495193481445,83000
2022-10-27,44.07500076293945,44.81999969482422,44.07500076293945,44.26499938964844,42.215003967285156,136600
2022-10-28,44.81999969482422,44.81999969482422,43.59000015258789,44.2400016784668,42.19115447998047,126000
2022-10-31,44.0,44.82500076293945,44.0,44.69499969482422,42.625091552734375,154200
2022-11-01,45.0,45.939998626708984,45.0,45.20000076293945,43.1067008972168,217400
2022-11-02,45.18000030517578,45.540000915527344,44.3650016784668,44.3650016784668,42.31037139892578,131000
2022-11-03,42.60499954223633,43.81999969482422,42.60499954223633,43.80500030517578,41.77629852294922,190200
2022-11-04,44.20500183105469,44.915000915527344,44.20500183105469,44.81999969482422,42.74429702758789,153200
2022-11-07,44.900001525878906,44.939998626708984,44.6150016784668,44.88999938964844,42.81105422973633,145600
2022-11-08,44.505001068115234,45.915000915527344,44.505001068115234,45.73500061035156,43.61692428588867,196000
2022-11-09,45.084999084472656,45.43000030517578,45.05500030517578,45.10499954223633,43.01609802246094,148200
2022-11-10,46.53499984741211,47.595001220703125,46.38999938964844,47.595001220703125,45.39078903198242,101800
2022-11-11,48.59000015258789,49.130001068115234,48.42499923706055,49.040000915527344,46.768863677978516,90000
2022-11-14,47.709999084472656,48.16999816894531,47.709999084472656,47.91999816894531,45.70072937011719,80600
2022-11-15,48.709999084472656,49.279998779296875,48.70000076293945,48.724998474121094,46.468448638916016,137400
2022-11-16,48.77000045776367,48.77000045776367,48.45500183105469,48.57500076293945,46.325401306152344,63600
2022-11-17,49.0,49.02000045776367,48.53499984741211,48.904998779296875,46.64011764526367,66600
2022-11-18,49.13999938964844,49.29999923706055,48.790000915527344,49.060001373291016,46.78794479370117,88400
2022-11-21,50.0,50.0,47.904998779296875,49.20000076293945,46.921451568603516,118000
2022-11-22,48.09000015258789,49.974998474121094,48.09000015258789,49.974998474121094,47.660560607910156,105600
2022-11-23,49.60499954223633,50.22999954223633,49.59000015258789,50.04999923706055,47.732086181640625,112200
2022-11-25,49.82500076293945,51.93000030517578,49.82500076293945,50.540000915527344,48.19940185546875,61800
2022-11-28,49.154998779296875,51.494998931884766,49.154998779296875,50.060001373291016,47.74162673950195,103800
2022-11-29,52.29999923706055,52.29999923706055,50.060001373291016,50.35499954223633,48.0229606628418,82600
2022-11-30,49.05500030517578,51.30500030517578,49.05500030517578,51.30500030517578,48.9289665222168,90200
2022-12-01,50.625,51.0099983215332,50.625,50.849998474121094,48.49504089355469,71600
2022-12-02,50.65999984741211,51.64500045776367,50.220001220703125,51.57500076293945,49.18646240234375,66600
2022-12-05,52.51499938964844,52.51499938964844,50.084999084472656,50.10499954223633,47.784542083740234,121400
2022-12-06,49.5,50.650001525878906,49.5,49.89500045776367,47.58426284790039,105200
2022-12-07,50.349998474121094,50.349998474121094,50.060001373291016,50.29999923706055,47.97051239013672,141000
2022-12-08,51.0,51.0,50.04999923706055,50.2599983215332,47.93235778808594,94600
2022-12-09,50.244998931884766,50.76499938964844,50.244998931884766,50.55500030517578,48.21369934082031,87400
2022-12-12,50.540000915527344,50.75,50.25,50.54999923706055,48.20893096923828,136600
2022-12-13,50.380001068115234,51.5,50.375,50.95000076293945,48.59040832519531,130000
2022-12-14,50.0,51.36000061035156,50.0,51.165000915527344,48.79545211791992,48600
2022-12-15,51.130001068115234,51.14500045776367,49.32500076293945,49.494998931884766,47.20279312133789,117400
2022-12-16,48.77000045776367,48.77000045776367,48.095001220703125,48.59000015258789,46.33970642089844,181400
2022-12-19,47.5,48.494998931884766,47.5,47.810001373291016,45.595829010009766,162200
2022-12-20,47.68000030517578,47.900001525878906,47.55500030517578,47.79499816894531,45.58151626586914,202600
2022-12-21,47.52000045776367,48.5099983215332,47.52000045776367,48.349998474121094,46.11082077026367,88600
2022-12-22,48.0099983215332,48.55500030517578,47.59000015258789,48.005001068115234,45.78179931640625,132400
2022-12-23,47.51499938964844,48.54499816894531,47.51499938964844,48.375,46.13465881347656,111600
2022-12-27,47.625,48.849998474121094,47.625,48.43000030517578,46.187110900878906,65200
2022-12-28,48.22999954223633,48.415000915527344,47.65999984741211,47.65999984741211,45.4527702331543,100600
2022-12-29,47.005001068115234,48.67499923706055,47.005001068115234,48.58000183105469,46.330169677734375,69800
2022-12-30,47.75,48.834999084472656,47.75,48.77000045776367,46.51136779785156,58800
2023-01-03,46.85499954223633,47.875,46.85499954223633,47.67499923706055,45.46707534790039,84200
2023-01-04,48.42499923706055,48.93000030517578,48.345001220703125,48.685001373291016,46.43030548095703,111800
2023-01-05,47.400001525878906,47.744998931884766,47.35499954223633,47.474998474121094,45.27634048461914,94800
2023-01-06,45.88999938964844,47.98500061035156,45.88999938964844,47.970001220703125,45.748416900634766,144200
2023-01-09,47.02000045776367,48.154998779296875,47.02000045776367,47.755001068115234,45.54336929321289,168400
2023-01-10,47.61000061035156,47.78499984741211,47.400001525878906,47.63999938964844,45.43370056152344,82400
2023-01-11,48.025001525878906,48.209999084472656,48.005001068115234,48.209999084472656,45.977294921875,66200
2023-01-12,48.88999938964844,49.189998626708984,48.505001068115234,49.099998474121094,46.82608413696289,89000
2023-01-13,48.83000183105469,49.380001068115234,48.83000183105469,49.34000015258789,47.05496597290039,67400
2023-01-17,51.04999923706055,51.04999923706055,50.459999084472656,50.724998474121094,48.375823974609375,128600
2023-01-18,51.5,51.599998474121094,50.65999984741211,50.65999984741211,48.31383514404297,77800
2023-01-19,51.0099983215332,51.14500045776367,50.8650016784668,51.119998931884766,48.752532958984375,121600
2023-01-20,51.915000915527344,52.345001220703125,51.83000183105469,52.25,49.8302001953125,50600
2023-01-23,51.91999816894531,52.6349983215332,51.91999816894531,52.415000915527344,49.9875602722168,64200
2023-01-24,52.20000076293945,52.39500045776367,51.97999954223633,52.30500030517578,49.882652282714844,54400
2023-01-25,52.334999084472656,52.720001220703125,52.16999816894531,52.56999969482422,50.1353759765625,198800
2023-01-26,52.63999938964844,52.974998474121094,52.459999084472656,52.63999938964844,50.2021369934082,63800
2023-01-27,52.73500061035156,52.73500061035156,52.06999969482422,52.27000045776367,49.84927749633789,56800
2023-01-30,51.904998779296875,52.0,51.625,51.689998626708984,49.2961311340332,65000
2023-01-31,52.494998931884766,52.71500015258789,52.349998474121094,52.71500015258789,50.27366638183594,55000
2023-02-01,53.119998931884766,53.834999084472656,52.95500183105469,53.834999084472656,51.341796875,50400
2023-02-02,54.665000915527344,54.665000915527344,53.78499984741211,53.98500061035156,51.48484802246094,61000
2023-02-03,55.05500030517578,55.125,54.494998931884766,54.67499923706055,52.14289474487305,62400
2023-02-06,54.10499954223633,54.10499954223633,53.5,53.790000915527344,51.298885345458984,58200
2023-02-07,53.17499923706055,53.689998626708984,53.040000915527344,53.685001373291016,51.19874572753906,47800
2023-02-08,53.03499984741211,53.099998474121094,52.70000076293945,52.82500076293945,50.378578186035156,41200
2023-02-09,53.41999816894531,53.48500061035156,52.630001068115234,52.724998474121094,50.28319549560547,52400
2023-02-10,52.70000076293945,52.82500076293945,52.470001220703125,52.58000183105469,50.14491653442383,35800
2023-02-13,52.689998626708984,53.459999084472656,52.650001525878906,53.3849983215332,50.912635803222656,46200
2023-02-14,53.38999938964844,53.8849983215332,53.02000045776367,53.6349983215332,51.151058197021484,39600
2023-02-15,52.57500076293945,52.65999984741211,52.28499984741211,52.65999984741211,50.22121810913086,31000
2023-02-16,51.71500015258789,52.334999084472656,51.71500015258789,52.029998779296875,49.620391845703125,49600
2023-02-17,50.630001068115234,51.46500015258789,50.630001068115234,51.16999816894531,48.80021286010742,51600
2023-02-21,51.32500076293945,51.32500076293945,50.834999084472656,50.85499954223633,48.49980926513672,70000
2023-02-22,50.52000045776367,50.52000045776367,50.209999084472656,50.349998474121094,48.0181884765625,69000
2023-02-23,51.43000030517578,51.43000030517578,50.63999938964844,51.02000045776367,48.657169342041016,66800
2023-02-24,50.255001068115234,50.279998779296875,50.099998474121094,50.15999984741211,47.83699417114258,57400
2023-02-27,50.14500045776367,50.34000015258789,50.14500045776367,50.244998931884766,47.91805648803711,70000
2023-02-28,49.75,50.025001525878906,49.724998474121094,49.83000183105469,47.522281646728516,84600
2023-03-01,49.82500076293945,49.82500076293945,49.220001220703125,49.5,47.20756149291992,117200
2023-03-02,49.01499938964844,49.224998474121094,48.869998931884766,49.224998474121094,46.945289611816406,56200
2023-03-03,49.369998931884766,49.92499923706055,49.369998931884766,49.810001373291016,47.503204345703125,46600
2023-03-06,49.18000030517578,49.70500183105469,49.18000030517578,49.525001525878906,47.23140335083008,80400
2023-03-07,49.51499938964844,49.779998779296875,48.58000183105469,48.67499923706055,46.4207649230957,95600
2023-03-08,48.96500015258789,49.16999816894531,48.75,48.81999969482422,46.81633758544922,48800
2023-03-09,48.060001373291016,48.13999938964844,47.435001373291016,47.4900016784668,45.54092025756836,46200
2023-03-10,47.380001068115234,47.4900016784668,46.814998626708984,46.98500061035156,45.05664825439453,60600
2023-03-13,45.90999984741211,46.98500061035156,45.90999984741211,46.810001373291016,44.888832092285156,93800
2023-03-14,46.54999923706055,46.724998474121094,46.529998779296875,46.54999923706055,44.639495849609375,136600
2023-03-15,46.47999954223633,46.584999084472656,46.125,46.459999084472656,44.553192138671875,119200
2023-03-16,47.564998626708984,48.05500030517578,47.4900016784668,47.959999084472656,45.99163055419922,85200
2023-03-17,47.67499923706055,47.790000915527344,47.33000183105469,47.64500045776367,45.68955993652344,77800
2023-03-20,47.435001373291016,48.03499984741211,47.435001373291016,47.89500045776367,45.92930221557617,96200
2023-03-21,47.744998931884766,47.744998931884766,47.3849983215332,47.599998474121094,45.64640426635742,52000
2023-03-22,47.4900016784668,48.26499938964844,47.4900016784668,47.56999969482422,45.617637634277344,94600
2023-03-23,48.290000915527344,48.44499969482422,47.80500030517578,48.005001068115234,46.0347900390625,56800
2023-03-24,47.4900016784668,47.92499923706055,47.4900016784668,47.92499923706055,45.958065032958984,57600
2023-03-27,48.150001525878906,48.150001525878906,47.8849983215332,48.02000045776367,46.049163818359375,52200
2023-03-28,47.45000076293945,47.59000015258789,47.33000183105469,47.47999954223633,45.531333923339844,90600
2023-03-29,47.20000076293945,47.564998626708984,47.20000076293945,47.41999816894531,45.47378921508789,71600
2023-03-30,48.099998474121094,48.099998474121094,47.834999084472656,47.96500015258789,45.99642562866211,69600
2023-03-31,47.60499954223633,48.970001220703125,47.60499954223633,48.30500030517578,46.32246780395508,126800
2023-04-03,48.630001068115234,49.04999923706055,48.630001068115234,48.98500061035156,46.97456359863281,201600
2023-04-04,49.154998779296875,49.154998779296875,48.93000030517578,49.08000183105469,47.06566619873047,54400
2023-04-05,49.41999816894531,49.45500183105469,49.154998779296875,49.404998779296875,47.37732696533203,40000
2023-04-06,49.994998931884766,50.380001068115234,49.939998626708984,50.33000183105469,48.26436233520508,51400
2023-04-10,49.3849983215332,50.154998779296875,49.3849983215332,50.099998474121094,48.043800354003906,40600
2023-04-11,50.14500045776367,50.345001220703125,50.14500045776367,50.310001373291016,48.24518585205078,41000
2023-04-12,51.029998779296875,51.029998779296875,50.6150016784668,50.67499923706055,48.59519958496094,92400
2023-04-13,50.900001525878906,51.31999969482422,50.89500045776367,51.15999984741211,49.06029510498047,62800
2023-04-14,50.994998931884766,50.994998931884766,50.33000183105469,50.334999084472656,48.26915740966797,68200
2023-04-17,50.334999084472656,50.494998931884766,50.25,50.44499969482422,48.37464141845703,64200
2023-04-18,50.51499938964844,50.51499938964844,50.30500030517578,50.380001068115234,48.31230926513672,33200
2023-04-19,49.06999969482422,50.345001220703125,49.06999969482422,50.31999969482422,48.25477600097656,32400
2023-04-20,50.435001373291016,50.630001068115234,50.28499984741211,50.345001220703125,48.27874755859375,43800
2023-04-21,50.349998474121094,50.654998779296875,50.32500076293945,50.4900016784668,48.41779708862305,46400
2023-04-24,50.685001373291016,51.0,50.685001373291016,50.94499969482422,48.854122161865234,44600
2023-04-25,50.994998931884766,51.22999954223633,50.28499984741211,50.28499984741211,48.22120666503906,53600
2023-04-26,50.345001220703125,50.57500076293945,50.189998626708984,50.220001220703125,48.158878326416016,63000
2023-04-27,50.16999816894531,50.529998779296875,50.15999984741211,50.43000030517578,48.36025619506836,59200
2023-04-28,49.619998931884766,49.89500045776367,49.58000183105469,49.880001068115234,47.832828521728516,49000
2023-05-01,50.35499954223633,50.36000061035156,50.04999923706055,50.09000015258789,48.034210205078125,60600
2023-05-02,50.29999923706055,50.380001068115234,49.8849983215332,50.16999816894531,48.11092758178711,35800
2023-05-03,49.88999938964844,50.064998626708984,49.689998626708984,49.75,47.70816421508789,57800
2023-05-04,49.875,50.18000030517578,49.814998626708984,50.005001068115234,47.952701568603516,52800
2023-05-05,50.44499969482422,51.125,50.44499969482422,51.119998931884766,49.02193832397461,50800
2023-05-08,51.98500061035156,51.98500061035156,50.89500045776367,50.900001525878906,48.81096649169922,34200
2023-05-09,51.06999969482422,51.06999969482422,50.45500183105469,50.599998474121094,48.52328109741211,39800
2023-05-10,50.9900016784668,51.47999954223633,50.9900016784668,51.404998779296875,49.29524230957031,72400
2023-05-11,50.689998626708984,50.689998626708984,50.42499923706055,50.64500045776367,48.566436767578125,48000
2023-05-12,50.435001373291016,52.04499816894531,50.435001373291016,51.185001373291016,49.08427047729492,44400
2023-05-15,50.7599983215332,51.67499923706055,50.7599983215332,51.63999938964844,49.52059555053711,66200
2023-05-16,50.720001220703125,51.19499969482422,50.584999084472656,50.595001220703125,48.51848602294922,55200
2023-05-17,50.630001068115234,50.82500076293945,50.599998474121094,50.76499938964844,48.6815071105957,33200
2023-05-18,49.79999923706055,50.20500183105469,49.79999923706055,50.20000076293945,48.13969421386719,39600
2023-05-19,49.525001525878906,50.79999923706055,49.525001525878906,50.54499816894531,48.47053527832031,57600
2023-05-22,51.81999969482422,51.81999969482422,50.209999084472656,51.154998779296875,49.05550003051758,57800
2023-05-23,51.869998931884766,51.869998931884766,50.880001068115234,50.880001068115234,48.791786193847656,64600
2023-05-24,49.974998474121094,50.0099983215332,49.79999923706055,49.915000915527344,47.86639404296875,54400
2023-05-25,50.11000061035156,50.30500030517578,49.6349983215332,49.82500076293945,47.780086517333984,81400
2023-05-26,49.834999084472656,49.849998474121094,49.619998931884766,49.79999923706055,47.7561149597168,49800
2023-05-30,50.185001373291016,50.44499969482422,49.84000015258789,49.98500061035156,47.93352508544922,57200
2023-05-31,49.67499923706055,49.97999954223633,49.5,49.97999954223633,47.92873001098633,78400
2023-06-01,50.57500076293945,51.20500183105469,50.55500030517578,51.13999938964844,49.04111862182617,109600
2023-06-02,51.14500045776367,51.349998474121094,51.07500076293945,51.22999954223633,49.12742614746094,43600
2023-06-05,51.51499938964844,51.67499923706055,51.375,51.599998474121094,49.482242584228516,135000
2023-06-06,51.494998931884766,51.90999984741211,51.09000015258789,51.630001068115234,49.51100540161133,88400
2023-06-07,51.959999084472656,51.959999084472656,51.28499984741211,51.28499984741211,49.180171966552734,52600
2023-06-08,51.084999084472656,51.48500061035156,51.084999084472656,51.48500061035156,49.3719596862793,32400
2023-06-09,51.314998626708984,51.540000915527344,51.314998626708984,51.459999084472656,49.347984313964844,41200
2023-06-12,51.45500183105469,51.65999984741211,51.334999084472656,51.65999984741211,49.53977584838867,46800
2023-06-13,52.47999954223633,52.55500030517578,52.290000915527344,52.31999969482422,50.17268753051758,53800
2023-06-14,49.07500076293945,49.125,48.59000015258789,48.75,46.749210357666016,54400
2023-06-15,47.869998931884766,48.275001525878906,47.7599983215332,48.26499938964844,46.28411102294922,80400
2023-06-16,47.900001525878906,47.900001525878906,47.70000076293945,47.73500061035156,45.77586364746094,114000
2023-06-20,48.05500030517578,48.064998626708984,47.85499954223633,48.025001525878906,46.0539665222168,87600
2023-06-21,47.875,48.095001220703125,47.78499984741211,47.915000915527344,45.94847869873047,113000
2023-06-22,46.7599983215332,47.709999084472656,46.7599983215332,47.60499954223633,45.65120315551758,79400
2023-06-23,47.02000045776367,47.130001068115234,46.92499923706055,47.130001068115234,45.19569778442383,61200
2023-06-26,46.67499923706055,46.775001525878906,46.60499954223633,46.67499923706055,44.75937271118164,78800
2023-06-27,46.064998626708984,46.69499969482422,46.064998626708984,46.5,44.591552734375,163000
2023-06-28,45.709999084472656,45.95000076293945,45.70500183105469,45.744998931884766,43.86753845214844,163800
2023-06-29,45.32500076293945,45.97999954223633,45.32500076293945,45.8849983215332,44.001792907714844,101000
2023-06-30,46.095001220703125,46.26499938964844,45.97999954223633,46.130001068115234,44.23674011230469,105200
2023-07-03,46.255001068115234,46.345001220703125,46.22999954223633,46.310001373291016,44.40934753417969,63000
2023-07-05,45.005001068115234,45.974998474121094,45.005001068115234,45.5099983215332,43.64218521118164,134200
2023-07-06,44.834999084472656,44.9900016784668,44.53499984741211,44.625,42.79350662231445,103800
2023-07-07,44.084999084472656,44.665000915527344,44.084999084472656,44.470001220703125,42.644866943359375,163200
2023-07-10,44.09000015258789,44.244998931884766,43.95000076293945,44.13999938964844,42.32841110229492,143000
2023-07-11,44.2400016784668,44.29999923706055,44.0099983215332,44.20500183105469,42.3907470703125,174600
2023-07-12,44.625,44.63999938964844,44.43000030517578,44.61000061035156,42.77912139892578,150400
2023-07-13,45.61000061035156,45.61000061035156,45.33000183105469,45.44499969482422,43.57984924316406,120400
2023-07-14,45.20000076293945,45.20000076293945,44.51499938964844,44.564998626708984,42.73596954345703,127800
2023-07-17,44.5,44.5,43.80500030517578,44.025001525878906,42.21813201904297,167400
2023-07-18,44.39500045776367,45.17499923706055,44.39500045776367,45.06999969482422,43.22024154663086,191800
2023-07-19,45.6150016784668,45.744998931884766,44.92499923706055,45.060001373291016,43.21065139770508,111600
2023-07-20,45.38999938964844,45.38999938964844,44.86000061035156,44.86000061035156,43.01885986328125,84400
2023-07-21,44.82500076293945,45.01499938964844,44.630001068115234,44.86000061035156,43.01885986328125,353000
2023-07-24,45.244998931884766,45.244998931884766,44.70500183105469,45.0,43.153114318847656,932200
2023-07-25,43.65999984741211,45.685001373291016,43.65999984741211,45.540000915527344,43.67095184326172,1871200
2023-07-26,44.75,44.75,44.27000045776367,44.369998931884766,42.54896926879883,1386600
2023-07-27,45.22999954223633,45.404998779296875,44.75,44.834999084472656,42.99488830566406,737000
2023-07-28,44.970001220703125,44.970001220703125,44.30500030517578,44.369998931884766,42.54896926879883,442800
2023-07-31,45.189998626708984,45.189998626708984,44.90999984741211,44.95500183105469,43.109962463378906,815200
2023-08-01,45.59000015258789,45.59000015258789,44.04499816894531,44.150001525878906,42.33800506591797,935400
2023-08-02,43.904998779296875,43.904998779296875,43.54499816894531,43.709999084472656,41.91605758666992,462400
2023-08-03,43.7599983215332,43.7599983215332,43.45500183105469,43.5,41.71467971801758,646400
2023-08-04,42.36000061035156,43.584999084472656,42.36000061035156,43.084999084472656,41.31671142578125,2268800
2023-08-07,42.52000045776367,42.974998474121094,42.52000045776367,42.95000076293945,41.187252044677734,2209400
2023-08-08,41.81999969482422,43.39500045776367,41.81999969482422,43.220001220703125,41.44617462158203,409400
2023-08-09,41.65999984741211,42.939998626708984,41.65999984741211,42.939998626708984,41.17765808105469,116600
2023-08-10,44.494998931884766,44.494998931884766,43.084999084472656,43.14500045776367,41.37424850463867,183200
2023-08-11,43.404998779296875,43.404998779296875,43.09000015258789,43.25,41.474937438964844,95200
2023-08-14,42.939998626708984,42.939998626708984,42.16999816894531,42.790000915527344,41.033817291259766,174000
2023-08-15,44.40999984741211,44.40999984741211,43.65999984741211,43.915000915527344,42.112648010253906,241400
2023-08-16,43.79999923706055,43.994998931884766,43.57500076293945,43.625,41.83454895019531,183600
2023-08-17,44.290000915527344,44.290000915527344,42.875,42.9900016784668,41.225608825683594,218600
2023-08-18,43.20000076293945,43.5099983215332,43.165000915527344,43.334999084472656,41.55644989013672,146200
2023-08-21,42.17499923706055,43.084999084472656,42.17499923706055,42.91999816894531,41.158477783203125,262000
2023-08-22,42.17499923706055,43.01499938964844,42.17499923706055,42.38999938964844,40.650230407714844,201800
2023-08-23,42.20500183105469,42.56999969482422,42.20500183105469,42.56999969482422,40.82284927368164,150800
2023-08-24,42.16999816894531,42.779998779296875,42.064998626708984,42.2400016784668,40.50639343261719,76400
2023-08-25,42.25,43.470001220703125,42.099998474121094,42.375,40.6358528137207,88800
2023-08-28,43.310001373291016,43.310001373291016,42.95500183105469,43.08000183105469,41.31191635131836,193200
2023-08-29,43.375,43.375,41.79499816894531,43.154998779296875,41.38383865356445,111800
2023-08-30,45.10499954223633,45.10499954223633,43.88999938964844,44.04499816894531,42.2373046875,39600
2023-08-31,44.08000183105469,44.21500015258789,43.95500183105469,44.095001220703125,42.28525924682617,45000
2023-09-01,43.69499969482422,43.69499969482422,43.25,43.349998474121094,41.570831298828125,1129000
2023-09-05,43.47999954223633,43.47999954223633,42.96500015258789,43.029998779296875,41.26396560668945,196800
2023-09-06,42.96500015258789,43.60499954223633,42.96500015258789,43.29499816894531,41.51809310913086,329400
2023-09-07,42.92499923706055,44.064998626708984,42.66999816894531,42.81999969482422,41.062583923339844,129400
2023-09-08,41.775001525878906,44.0,41.775001525878906,43.040000915527344,41.58677291870117,165200
2023-09-11,43.30500030517578,43.595001220703125,43.220001220703125,43.314998626708984,41.852481842041016,232200
2023-09-12,43.349998474121094,43.55500030517578,43.314998626708984,43.494998931884766,42.026405334472656,525000
2023-09-13,43.54999923706055,43.54999923706055,43.10499954223633,43.334999084472656,41.87180709838867,126000
2023-09-14,42.88999938964844,43.334999084472656,42.88999938964844,43.1349983215332,41.678558349609375,84400
2023-09-15,43.26499938964844,43.29999923706055,42.974998474121094,42.974998474121094,41.523963928222656,215600
2023-09-18,43.0,43.0,42.58000183105469,42.70000076293945,41.25824737548828,145600
2023-09-19,42.31999969482422,42.73500061035156,41.904998779296875,42.68000030517578,41.238922119140625,190600
2023-09-20,42.709999084472656,43.650001525878906,42.29499816894531,42.44499969482422,41.01185989379883,173200
2023-09-21,41.09000015258789,41.16999816894531,40.970001220703125,40.970001220703125,39.58666229248047,73600
2023-09-22,40.959999084472656,41.099998474121094,40.61000061035156,40.69499969482422,39.32094955444336,121400
2023-09-25,40.64500045776367,40.71500015258789,40.5,40.69499969482422,39.32094955444336,213600
2023-09-26,40.92499923706055,41.040000915527344,40.77000045776367,40.8650016784668,39.48521041870117,224200
2023-09-27,40.38999938964844,40.474998474121094,39.790000915527344,40.07500076293945,38.72188186645508,178000
2023-09-28,40.23500061035156,40.619998931884766,40.185001373291016,40.619998931884766,39.24848175048828,238600
2023-09-29,41.86000061035156,41.86000061035156,40.2599983215332,40.375,39.01175308227539,82400
2023-10-02,39.67499923706055,39.67499923706055,39.025001525878906,39.08000183105469,37.76047897338867,168400
2023-10-03,38.845001220703125,39.345001220703125,38.845001220703125,39.189998626708984,37.86676025390625,184200
2023-10-04,39.46500015258789,39.540000915527344,39.255001068115234,39.525001525878906,38.19045639038086,167200
2023-10-05,39.20000076293945,40.0,39.20000076293945,39.900001525878906,38.55279541015625,100600
2023-10-06,39.900001525878906,40.17499923706055,39.60499954223633,40.10499954223633,38.7508659362793,144400
2023-10-09,40.45000076293945,40.689998626708984,40.31999969482422,40.63999938964844,39.26780319213867,170800
2023-10-10,40.79999923706055,41.15999984741211,40.7599983215332,41.099998474121094,39.7122688293457,154000
2023-10-11,40.625,42.0,40.494998931884766,40.56999969482422,39.20016860961914,151200
2023-10-12,37.439998626708984,37.70500183105469,37.290000915527344,37.32500076293945,36.064735412597656,138000
2023-10-13,38.21500015258789,38.21500015258789,37.89500045776367,37.91999816894531,36.63964080810547,102600
2023-10-16,37.33000183105469,39.064998626708984,37.33000183105469,38.099998474121094,36.81356430053711,367200
2023-10-17,37.59000015258789,37.64500045776367,36.775001525878906,37.540000915527344,36.27247619628906,309600
2023-10-18,37.64500045776367,37.75,37.54499816894531,37.61000061035156,36.34011459350586,88400
2023-10-19,36.904998779296875,37.40999984741211,36.904998779296875,37.084999084472656,35.83283996582031,235000
2023-10-20,36.720001220703125,36.779998779296875,36.470001220703125,36.54999923706055,35.31589889526367,208000
2023-10-23,37.5,37.505001068115234,37.26499938964844,37.34000015258789,36.079227447509766,194200
2023-10-24,37.38999938964844,38.57500076293945,37.38999938964844,37.70500183105469,36.43190383911133,405000
2023-10-25,37.42499923706055,37.42499923706055,37.14500045776367,37.18000030517578,35.92462921142578,169600
2023-10-26,35.939998626708984,37.73500061035156,35.939998626708984,36.88999938964844,35.64442443847656,205400
2023-10-27,36.790000915527344,36.95500183105469,36.6349983215332,36.689998626708984,35.451171875,362200
2023-10-30,35.755001068115234,36.84000015258789,35.755001068115234,36.775001525878906,35.533302307128906,236800
2023-10-31,35.900001525878906,36.96500015258789,35.900001525878906,36.89500045776367,35.64925003051758,412000
2023-11-01,37.47999954223633,37.98500061035156,37.310001373291016,37.474998474121094,36.20966720581055,154200
2023-11-02,37.94499969482422,38.41999816894531,37.599998474121094,38.404998779296875,37.10826873779297,202600
2023-11-03,39.43000030517578,39.93000030517578,39.43000030517578,39.84000015258789,38.494815826416016,189600
2023-11-06,39.849998474121094,40.345001220703125,39.849998474121094,40.224998474121094,38.866817474365234,202200
2023-11-07,40.0,40.0,39.63999938964844,39.849998474121094,38.50448226928711,289000
2023-11-08,38.775001525878906,39.96500015258789,38.775001525878906,39.845001220703125,38.49965286254883,299400
2023-11-09,39.8849983215332,40.71500015258789,39.8849983215332,40.150001525878906,38.794349670410156,134400
2023-11-10,40.07500076293945,40.32500076293945,39.904998779296875,40.29499816894531,38.934452056884766,142400
2023-11-13,40.38999938964844,40.38999938964844,39.974998474121094,40.32500076293945,38.96343994140625,599200
2023-11-14,41.44499969482422,41.9900016784668,41.44499969482422,41.9900016784668,40.572227478027344,182200
2023-11-15,41.95500183105469,42.525001525878906,41.95500183105469,42.310001373291016,40.88142013549805,111400
2023-11-16,41.935001373291016,41.95500183105469,41.65999984741211,41.81999969482422,40.40796661376953,140600
2023-11-17,42.349998474121094,42.349998474121094,42.04999923706055,42.19499969482422,40.770301818847656,57600
2023-11-20,42.375,42.44499969482422,42.185001373291016,42.39500045776367,40.96354675292969,199000
2023-11-21,42.73500061035156,43.275001525878906,42.005001068115234,42.150001525878906,40.7268180847168,162200
2023-11-22,41.5,42.400001525878906,41.5,42.349998474121094,40.92006301879883,97200
2023-11-24,41.5099983215332,43.65999984741211,41.5099983215332,42.650001525878906,41.209938049316406,105800
2023-11-27,42.55500030517578,42.55500030517578,42.279998779296875,42.349998474121094,40.92006301879883,173200
2023-11-28,41.275001525878906,42.83000183105469,41.275001525878906,42.689998626708984,41.24858856201172,126200
2023-11-29,43.46500015258789,43.57500076293945,43.30500030517578,43.43000030517578,41.963600158691406,77200
2023-11-30,43.43000030517578,43.45500183105469,43.275001525878906,43.375,41.91045379638672,203400
2023-12-01,43.9900016784668,44.130001068115234,43.45000076293945,44.130001068115234,42.63996505737305,176600
2023-12-04,42.599998474121094,44.7599983215332,42.599998474121094,43.7400016784668,42.26313781738281,169600
2023-12-05,43.36000061035156,43.77000045776367,43.03499984741211,43.375,41.91045379638672,560600
2023-12-06,43.5,44.275001525878906,43.5,43.904998779296875,42.42256164550781,171000
2023-12-07,42.525001525878906,44.11000061035156,42.525001525878906,44.11000061035156,42.62063980102539,212400
2023-12-08,44.244998931884766,44.244998931884766,43.904998779296875,44.060001373291016,42.57233428955078,206200
2023-12-11,42.79999923706055,44.165000915527344,42.79999923706055,44.119998931884766,42.63030242919922,133400
2023-12-12,44.224998474121094,44.290000915527344,44.150001525878906,44.290000915527344,42.79456329345703,99600
2023-12-13,45.005001068115234,45.83000183105469,44.82500076293945,45.83000183105469,44.282569885253906,111800
2023-12-14,46.5,47.900001525878906,46.42499923706055,46.95000076293945,45.364749908447266,205600
2023-12-15,46.68000030517578,46.79999923706055,46.44499969482422,46.44499969482422,44.87680435180664,233600
2023-12-18,47.11000061035156,47.11000061035156,46.80500030517578,46.92499923706055,45.34059143066406,88800
2023-12-19,47.619998931884766,47.76499938964844,46.5099983215332,47.67499923706055,46.065269470214844,94400
2023-12-20,46.8650016784668,48.345001220703125,46.8650016784668,47.36000061035156,45.76090621948242,77600
2023-12-21,46.584999084472656,48.15999984741211,46.584999084472656,48.064998626708984,46.442100524902344,71200
2023-12-22,48.04999923706055,48.15999984741211,47.90999984741211,47.96500015258789,46.34547805786133,54200
2023-12-26,49.29499816894531,49.29499816894531,47.900001525878906,48.189998626708984,46.5628776550293,57200
2023-12-27,47.6150016784668,49.974998474121094,47.6150016784668,48.96500015258789,47.31171417236328,63000
2023-12-28,48.935001373291016,49.0,48.76499938964844,48.79999923706055,47.15228271484375,89200
2023-12-29,48.7400016784668,48.810001373291016,48.5,48.584999084472656,46.944541931152344,53200
2024-01-02,47.73500061035156,48.63999938964844,47.73500061035156,48.43000030517578,46.794776916503906,73800
2024-01-03,48.5,48.5,47.57500076293945,47.849998474121094,46.23435592651367,90400
2024-01-04,47.974998474121094,48.29499816894531,47.974998474121094,48.119998931884766,46.495243072509766,81600
2024-01-05,49.0,49.0,48.095001220703125,48.33000183105469,46.698158264160156,57600
2024-01-08,49.095001220703125,49.095001220703125,48.1150016784668,48.54999923706055,46.91072082519531,174400
2024-01-09,48.599998474121094,48.720001220703125,48.29499816894531,48.48500061035156,46.84791946411133,140600
2024-01-10,48.845001220703125,48.974998474121094,48.81999969482422,48.970001220703125,47.31654739379883,46800
2024-01-11,48.95000076293945,49.525001525878906,48.20000076293945,48.59000015258789,46.949378967285156,85600
2024-01-12,49.04499816894531,49.04499816894531,48.380001068115234,48.53499984741211,46.896236419677734,49400
2024-01-16,47.31999969482422,47.31999969482422,46.755001068115234,46.82500076293945,45.24396896362305,100200
2024-01-17,46.525001525878906,46.775001525878906,46.45500183105469,46.775001525878906,45.19565963745117,117200
2024-01-18,46.790000915527344,46.845001220703125,46.439998626708984,46.845001220703125,45.26329803466797,92800
2024-01-19,47.834999084472656,47.904998779296875,47.314998626708984,47.904998779296875,46.28750228881836,53000
2024-01-22,47.900001525878906,47.98500061035156,47.400001525878906,47.5,45.89617919921875,177600
2024-01-23,48.17499923706055,48.26499938964844,47.95000076293945,48.22999954223633,46.60152816772461,88800
2024-01-24,48.45500183105469,48.45500183105469,48.0,48.01499938964844,46.3937873840332,67800
2024-01-25,48.09000015258789,48.404998779296875,47.994998931884766,48.150001525878906,46.524234771728516,66000
2024-01-26,48.25,48.35499954223633,48.220001220703125,48.349998474121094,46.71747970581055,49000
2024-01-29,48.29999923706055,48.630001068115234,48.220001220703125,48.619998931884766,46.97835922241211,98200
2024-01-30,48.5,48.98500061035156,48.5,48.97999954223633,47.326202392578125,61400
2024-01-31,49.0,49.77000045776367,49.0,49.064998626708984,47.4083366394043,140200
2024-02-01,48.47999954223633,48.86000061035156,48.334999084472656,48.849998474121094,47.20059585571289,93600
2024-02-02,48.86000061035156,49.17499923706055,48.435001373291016,48.5,46.8624153137207,58200
2024-02-05,48.5,48.5,48.29499816894531,48.5,46.8624153137207,39800
2024-02-06,48.619998931884766,49.435001373291016,48.619998931884766,49.435001373291016,47.765846252441406,69800
2024-02-07,48.5,49.625,48.5,49.52000045776367,47.84797668457031,217400
2024-02-08,49.625,49.625,48.89500045776367,49.060001373291016,47.40351104736328,58000
2024-02-09,49.5,49.744998931884766,49.46500015258789,49.70500183105469,48.02672576904297,31200
2024-02-12,48.0099983215332,48.0099983215332,47.20000076293945,47.36000061035156,45.76090621948242,46000
2024-02-13,45.349998474121094,45.349998474121094,44.91999816894531,44.95500183105469,43.437110900878906,55200
2024-02-14,44.5,45.60499954223633,44.5,45.60499954223633,44.065162658691406,56000
2024-02-15,47.369998931884766,47.369998931884766,46.29999923706055,46.54999923706055,44.97825241088867,45600
2024-02-16,44.98500061035156,47.0,44.98500061035156,46.30500030517578,44.74152755737305,33400
2024-02-20,46.33000183105469,46.380001068115234,45.55500030517578,46.19499969482422,44.63523864746094,42000
2024-02-21,45.4900016784668,47.165000915527344,45.4900016784668,46.35499954223633,44.78984069824219,77200
2024-02-22,46.845001220703125,46.935001373291016,46.38999938964844,46.849998474121094,45.26812744140625,33000
2024-02-23,47.07500076293945,47.34000015258789,46.79999923706055,46.8849983215332,45.30194091796875,46600
2024-02-26,47.25,47.25,45.849998474121094,47.0,45.41305923461914,44600
2024-02-27,46.625,47.34000015258789,46.625,46.79999923706055,45.219810485839844,48800
2024-02-28,44.96500015258789,46.345001220703125,44.96500015258789,46.29499816894531,44.73186492919922,30400
2024-02-29,46.435001373291016,46.630001068115234,46.314998626708984,46.42499923706055,44.857479095458984,41800
2024-03-01,45.209999084472656,47.185001373291016,45.209999084472656,46.1150016784668,44.55794143676758,55800
2024-03-04,47.31999969482422,47.31999969482422,45.400001525878906,45.45000076293945,43.91539764404297,89600
2024-03-05,45.6349983215332,46.845001220703125,45.6349983215332,46.404998779296875,44.8381462097168,175800
2024-03-06,44.70000076293945,46.70500183105469,44.70000076293945,46.630001068115234,45.0555534362793,61400
2024-03-07,46.64500045776367,46.89500045776367,46.5,46.880001068115234,45.297119140625,34800
2024-03-08,47.814998626708984,48.474998474121094,47.1150016784668,47.119998931884766,45.52900695800781,36200
2024-03-11,44.79999923706055,46.48500061035156,44.79999923706055,46.34000015258789,45.05984115600586,54600
2024-03-12,47.59000015258789,47.59000015258789,46.099998474121094,46.51499938964844,45.230003356933594,45000
2024-03-13,47.540000915527344,47.540000915527344,45.494998931884766,46.505001068115234,45.22028350830078,51600
2024-03-14,47.599998474121094,47.599998474121094,46.060001373291016,46.14500045776367,44.87023162841797,66000
2024-03-15,45.90999984741211,45.95000076293945,45.75,45.775001525878906,44.51044845581055,51400
2024-03-18,45.82500076293945,46.150001525878906,45.71500015258789,45.71500015258789,44.45210647583008,37400
2024-03-19,45.6150016784668,45.9900016784668,45.255001068115234,45.529998779296875,44.272212982177734,56400
2024-03-20,45.900001525878906,46.064998626708984,45.310001373291016,45.994998931884766,44.72437286376953,54400
2024-03-21,45.5,45.584999084472656,45.34000015258789,45.34000015258789,44.087467193603516,41000
2024-03-22,45.84000015258789,46.95000076293945,45.724998474121094,45.7400016784668,44.476417541503906,40600
2024-03-25,46.4900016784668,46.4900016784668,46.185001373291016,46.185001373291016,44.909122467041016,63600
2024-03-26,47.5099983215332,47.5099983215332,45.29999923706055,46.154998779296875,44.879947662353516,100000
2024-03-27,47.85499954223633,47.85499954223633,46.685001373291016,46.939998626708984,45.64326477050781,69000
2024-03-28,47.915000915527344,47.915000915527344,45.89500045776367,47.14500045776367,45.84260177612305,45400
2024-04-01,47.19499969482422,47.19499969482422,45.724998474121094,46.75,45.45851135253906,43400
2024-04-02,46.81999969482422,47.19499969482422,46.3650016784668,46.564998626708984,45.278621673583984,86000
2024-04-03,46.529998779296875,46.529998779296875,46.0,46.36000061035156,45.079288482666016,91200
2024-04-04,46.665000915527344,46.85499954223633,46.20000076293945,46.28499984741211,45.0063591003418,62200
2024-04-05,46.275001525878906,46.275001525878906,45.95000076293945,46.14500045776367,44.87023162841797,66800
2024-04-08,45.65999984741211,46.54499816894531,45.65999984741211,46.540000915527344,45.25431823730469,53000
2024-04-09,46.55500030517578,46.60499954223633,46.19499969482422,46.45500183105469,45.171661376953125,47000
2024-04-10,45.89500045776367,47.165000915527344,45.875,46.0,44.72923278808594,39000
2024-04-11,46.09000015258789,46.09000015258789,45.279998779296875,45.744998931884766,44.48127746582031,49600
2024-04-12,45.72999954223633,45.755001068115234,45.415000915527344,45.755001068115234,44.49100112915039,35200
2024-04-15,45.84000015258789,45.84000015258789,44.685001373291016,44.75,43.51375961303711,88400
2024-04-16,43.92499923706055,44.14500045776367,43.650001525878906,43.915000915527344,42.70183181762695,96000
2024-04-17,43.939998626708984,44.125,43.71500015258789,43.97999954223633,42.765037536621094,89400
2024-04-18,43.400001525878906,44.10499954223633,43.400001525878906,43.459999084472656,42.2593994140625,119200
2024-04-19,42.9900016784668,43.54999923706055,42.9900016784668,43.40999984741211,42.21078109741211,104400
2024-04-22,42.97999954223633,45.0,42.97999954223633,44.584999084472656,43.35332107543945,108200
2024-04-23,45.0,45.3650016784668,45.0,45.35499954223633,44.10205078125,69000
2024-04-24,45.95500183105469,45.95500183105469,44.84000015258789,45.04999923706055,43.80547332763672,61600
2024-04-25,44.67499923706055,45.119998931884766,44.439998626708984,45.08000183105469,43.83464813232422,60800
2024-04-26,44.654998779296875,44.93000030517578,44.5099983215332,44.79999923706055,43.5623779296875,52600
2024-04-29,44.529998779296875,45.875,44.529998779296875,45.334999084472656,44.082603454589844,90800
2024-04-30,45.04999923706055,45.06999969482422,44.689998626708984,44.79999923706055,43.5623779296875,371600
2024-05-01,45.375,45.375,44.349998474121094,44.56999969482422,43.33873748779297,101400
2024-05-02,44.96500015258789,45.584999084472656,44.76499938964844,45.525001525878906,44.267356872558594,47800
2024-05-03,45.73500061035156,45.95500183105469,45.58000183105469,45.595001220703125,44.33542251586914,64600
2024-05-06,45.435001373291016,45.91999816894531,45.0,45.8650016784668,44.597965240478516,50600
2024-05-07,45.89500045776367,47.07500076293945,45.89500045776367,46.18000030517578,44.904258728027344,96400
2024-05-08,45.834999084472656,45.98500061035156,45.16999816894531,45.90999984741211,44.64171600341797,40200
2024-05-09,44.68000030517578,46.619998931884766,44.68000030517578,45.869998931884766,44.60282516479492,55200
2024-05-10,45.099998474121094,47.6349983215332,45.099998474121094,46.20000076293945,44.923709869384766,41800
2024-05-13,46.33000183105469,46.48500061035156,46.06999969482422,46.06999969482422,44.79730224609375,84200
2024-05-14,46.83000183105469,46.83000183105469,46.064998626708984,46.439998626708984,45.157073974609375,54400
2024-05-15,46.064998626708984,47.48500061035156,46.064998626708984,47.48500061035156,46.17321014404297,75400
2024-05-16,47.48500061035156,48.04499816894531,47.48500061035156,47.64500045776367,46.32878494262695,32000
2024-05-17,46.67499923706055,47.005001068115234,46.67499923706055,47.005001068115234,45.70646667480469,30400
2024-05-20,46.439998626708984,46.47999954223633,46.275001525878906,46.369998931884766,45.089012145996094,97600
2024-05-21,46.44499969482422,46.619998931884766,46.22999954223633,46.255001068115234,44.9771842956543,36400
2024-05-22,47.20000076293945,47.20000076293945,45.665000915527344,45.814998626708984,44.54934310913086,101400
2024-05-23,46.72999954223633,46.82500076293945,46.099998474121094,46.21500015258789,44.93829345703125,66000
2024-05-24,46.56999969482422,46.85499954223633,46.369998931884766,46.73500061035156,45.44392776489258,61200
2024-05-28,46.150001525878906,47.404998779296875,46.150001525878906,46.70500183105469,45.414756774902344,68000
2024-05-29,46.275001525878906,46.275001525878906,45.80500030517578,45.80500030517578,44.53961944580078,61200
2024-05-30,45.84000015258789,46.53499984741211,45.84000015258789,46.369998931884766,45.089012145996094,112600
2024-05-31,46.845001220703125,47.125,46.67499923706055,47.125,45.82315444946289,118600
2024-06-03,46.54999923706055,47.92499923706055,46.54999923706055,46.97999954223633,45.682159423828125,53800
2024-06-04,46.845001220703125,46.95000076293945,46.70500183105469,46.92499923706055,45.62867736816406,60200
2024-06-05,47.55500030517578,47.78499984741211,47.40999984741211,47.78499984741211,46.46492004394531,36800
2024-06-06,48.1150016784668,48.29499816894531,48.09000015258789,48.275001525878906,46.941383361816406,52000
2024-06-07,47.45500183105469,47.834999084472656,47.404998779296875,47.525001525878906,46.21210479736328,41400
2024-06-10,47.375,47.564998626708984,47.29499816894531,47.53499984741211,46.22182846069336,49600
2024-06-11,46.439998626708984,47.119998931884766,46.439998626708984,47.119998931884766,45.81829071044922,54200
2024-06-12,46.279998779296875,48.060001373291016,46.279998779296875,47.38999938964844,46.080833435058594,52200
2024-06-13,48.814998626708984,48.814998626708984,47.55500030517578,47.665000915527344,46.348236083984375,77200
2024-06-14,47.54499816894531,47.6150016784668,47.36000061035156,47.6150016784668,46.29962158203125,49400
2024-06-17,47.564998626708984,48.0099983215332,47.48500061035156,48.0099983215332,46.6837043762207,64400
2024-06-18,47.5,48.93000030517578,47.5,48.76499938964844,47.417850494384766,74200
2024-06-20,49.5,49.755001068115234,48.40999984741211,48.54499816894531,47.203922271728516,68800
2024-06-21,49.70500183105469,49.70500183105469,48.529998779296875,48.78499984741211,47.437294006347656,59000
2024-06-24,48.779998779296875,49.084999084472656,48.779998779296875,48.98500061035156,47.631771087646484,50000
2024-06-25,47.900001525878906,49.06999969482422,47.900001525878906,48.93000030517578,47.57828903198242,76400
2024-06-26,49.040000915527344,49.26499938964844,48.665000915527344,48.685001373291016,47.34006118774414,157400
2024-06-27,48.68000030517578,49.310001373291016,48.5,49.310001373291016,47.94779586791992,39400
2024-06-28,49.755001068115234,49.755001068115234,49.119998931884766,49.25,47.88945007324219,41200
2024-07-01,49.755001068115234,49.755001068115234,47.880001068115234,48.78499984741211,47.437294006347656,40200
2024-07-02,48.79999923706055,48.88999938964844,48.650001525878906,48.79999923706055,47.451881408691406,57800
2024-07-03,49.654998779296875,50.13999938964844,49.6349983215332,50.09000015258789,48.70624542236328,34400
2024-07-05,50.755001068115234,51.04999923706055,50.51499938964844,50.599998474121094,49.20215606689453,45000
2024-07-08,49.994998931884766,50.119998931884766,49.94499969482422,49.95000076293945,48.57011032104492,24400
2024-07-09,48.529998779296875,51.04999923706055,48.529998779296875,50.19499969482422,48.80834197998047,36400
2024-07-10,50.60499954223633,51.86000061035156,50.45000076293945,50.650001525878906,49.25077438354492,57000
2024-07-11,50.89500045776367,51.560001373291016,50.89500045776367,51.244998931884766,49.8293342590332,57400
2024-07-12,52.5,52.5,52.16999816894531,52.35499954223633,50.90867233276367,52200
2024-07-15,52.494998931884766,52.724998474121094,52.005001068115234,52.21500015258789,50.77254104614258,29000
2024-07-16,51.915000915527344,52.1349983215332,51.89500045776367,52.04999923706055,50.612098693847656,22000
2024-07-17,50.119998931884766,51.86000061035156,50.119998931884766,51.64500045776367,50.218284606933594,33000
2024-07-18,52.30500030517578,52.38999938964844,51.55500030517578,52.189998626708984,50.74822998046875,28600
2024-07-19,52.0,52.9900016784668,51.7599983215332,51.880001068115234,50.44679641723633,41800
2024-07-22,51.709999084472656,51.75,51.415000915527344,51.54499816894531,50.12104797363281,45000
2024-07-23,53.40999984741211,53.40999984741211,50.505001068115234,51.70000076293945,50.271766662597656,37000
2024-07-24,51.095001220703125,51.150001525878906,50.6349983215332,50.6349983215332,49.23618698120117,91200
2024-07-25,50.55500030517578,51.17499923706055,50.310001373291016,51.17499923706055,49.761268615722656,21600
2024-07-26,52.290000915527344,52.290000915527344,50.665000915527344,50.775001525878906,49.37232208251953,33400
2024-07-29,50.65999984741211,50.84000015258789,50.5,50.76499938964844,49.36259841918945,51400
2024-07-30,50.88999938964844,51.15999984741211,50.459999084472656,50.85499954223633,49.450111389160156,27800
2024-07-31,50.875,51.19499969482422,50.68000030517578,51.0099983215332,49.600826263427734,25400
2024-08-01,50.584999084472656,50.584999084472656,49.5099983215332,49.79499816894531,48.41939163208008,36000
2024-08-02,49.650001525878906,49.650001525878906,48.814998626708984,48.875,47.52480697631836,56600
2024-08-05,48.349998474121094,48.76499938964844,48.220001220703125,48.345001220703125,47.00945281982422,47800
2024-08-06,49.28499984741211,49.67499923706055,49.095001220703125,49.650001525878906,48.27840042114258,51800
2024-08-07,50.125,50.76499938964844,49.39500045776367,49.5,48.13254165649414,67600
2024-08-08,52.85499954223633,52.85499954223633,49.18000030517578,50.72999954223633,49.32856369018555,39000
2024-08-09,48.165000915527344,53.040000915527344,48.165000915527344,50.92499923706055,49.5181770324707,61000
2024-08-12,50.94499969482422,52.70000076293945,50.779998779296875,50.970001220703125,49.56193161010742,30400
2024-08-13,47.974998474121094,49.345001220703125,47.974998474121094,49.314998626708984,47.95265197753906,40000
2024-08-14,50.54999923706055,50.54999923706055,49.81999969482422,49.939998626708984,48.560386657714844,28000
2024-08-15,50.125,50.31999969482422,50.04499816894531,50.09000015258789,48.70624542236328,25200
2024-08-16,50.6150016784668,50.91999816894531,50.52000045776367,50.91999816894531,49.51331329345703,36800
2024-08-19,51.41999816894531,53.16999816894531,51.41999816894531,52.20500183105469,50.7628173828125,25000
2024-08-20,51.89500045776367,53.82500076293945,51.78499984741211,51.834999084472656,50.403038024902344,20400
2024-08-21,52.665000915527344,53.494998931884766,52.0099983215332,52.1150016784668,50.6753044128418,24600
2024-08-22,51.685001373291016,51.93000030517578,51.54999923706055,51.68000030517578,50.2523193359375,40200
2024-08-23,52.869998931884766,52.935001373291016,52.16999816894531,52.814998626708984,51.355960845947266,60600
2024-08-26,53.369998931884766,54.22999954223633,52.380001068115234,52.54499816894531,51.093421936035156,27600
2024-08-27,54.5,54.5,51.470001220703125,52.26499938964844,50.82115936279297,23800
2024-08-28,54.5,54.5,51.83000183105469,52.244998931884766,50.80170822143555,43600
2024-08-29,52.53499984741211,53.47999954223633,52.435001373291016,52.64500045776367,51.19065856933594,63000
2024-08-30,53.05500030517578,53.43000030517578,51.75,52.13999938964844,50.69961166381836,38400
2024-09-03,54.25,54.25,50.93000030517578,52.025001525878906,50.58778762817383,37600
2024-09-04,53.165000915527344,53.525001525878906,51.10499954223633,51.220001220703125,49.80502700805664,21600
2024-09-05,52.35499954223633,52.35499954223633,51.064998626708984,51.51499938964844,50.09187698364258,83200
2024-09-06,51.29999923706055,52.70500183105469,50.150001525878906,50.150001525878906,48.76458740234375,30600
2024-09-09,50.25,50.67499923706055,48.474998474121094,50.58000183105469,49.182708740234375,39400
2024-09-10,50.75,50.75,47.525001525878906,50.279998779296875,49.24391555786133,65600
2024-09-11,50.26499938964844,50.69499969482422,49.95500183105469,50.43000030517578,49.39082717895508,62600
2024-09-12,52.83000183105469,52.83000183105469,49.75,50.959999084472656,49.909908294677734,71000
2024-09-13,50.59000015258789,50.8650016784668,50.310001373291016,50.45000076293945,49.41041946411133,28800
2024-09-16,50.25,50.45500183105469,50.1349983215332,50.29999923706055,49.26350784301758,25200
2024-09-17,50.540000915527344,50.540000915527344,49.91999816894531,50.30500030517578,49.26840591430664,19000
2024-09-18,50.540000915527344,50.540000915527344,48.86000061035156,50.0099983215332,48.9794807434082,55200
2024-09-19,50.30500030517578,50.540000915527344,50.30500030517578,50.380001068115234,49.341861724853516,24200
2024-09-20,50.125,50.345001220703125,49.65999984741211,49.790000915527344,48.764015197753906,21400
2024-09-23,49.55500030517578,49.939998626708984,49.53499984741211,49.814998626708984,48.78850173950195,26600
2024-09-24,49.814998626708984,50.48500061035156,49.5099983215332,49.71500015258789,48.69055938720703,32600
2024-09-25,49.46500015258789,49.46500015258789,49.08000183105469,49.2400016784668,48.22534942626953,27200
2024-09-26,50.540000915527344,50.540000915527344,50.2400016784668,50.310001373291016,49.2733039855957,22200
2024-09-27,49.494998931884766,49.63999938964844,49.345001220703125,49.53499984741211,48.5142707824707,33000
2024-09-30,48.619998931884766,49.540000915527344,48.619998931884766,49.39500045776367,48.37715530395508,36000
2024-10-01,49.65999984741211,49.85499954223633,49.404998779296875,49.77000045776367,48.74442672729492,36000
2024-10-02,49.41999816894531,49.6150016784668,49.35499954223633,49.58000183105469,48.558345794677734,42200
2024-10-03,49.834999084472656,50.439998626708984,49.209999084472656,49.470001220703125,48.45061111450195,36000
2024-10-04,49.5,49.5,49.13999938964844,49.41999816894531,48.401641845703125,50600
2024-10-07,48.9900016784668,49.029998779296875,48.54999923706055,48.790000915527344,47.78462219238281,46800
2024-10-08,49.75,49.75,49.060001373291016,49.39500045776367,48.37715530395508,41600
2024-10-09,50.540000915527344,50.540000915527344,49.65999984741211,49.65999984741211,48.636695861816406,28400
2024-10-10,49.23500061035156,49.584999084472656,49.20500183105469,49.584999084472656,48.56324005126953,32200
2024-10-11,48.470001220703125,50.185001373291016,48.470001220703125,50.095001220703125,49.0627326965332,37000
2024-10-14,50.46500015258789,50.51499938964844,50.32500076293945,50.334999084472656,49.29778289794922,45600
2024-10-15,50.400001525878906,50.47999954223633,49.685001373291016,50.275001525878906,49.2390251159668,41400
2024-10-16,49.1349983215332,50.2400016784668,49.1349983215332,50.099998474121094,49.067626953125,40200
2024-10-17,50.435001373291016,50.52000045776367,50.255001068115234,50.349998474121094,49.31247329711914,43600
2024-10-18,50.435001373291016,50.56999969482422,50.400001525878906,50.560001373291016,49.518150329589844,35400
2024-10-21,50.5,50.720001220703125,50.18000030517578,50.435001373291016,49.395729064941406,38000
2024-10-22,49.665000915527344,50.375,49.27000045776367,49.61000061035156,48.58772659301758,26200
2024-10-23,49.11000061035156,49.415000915527344,48.345001220703125,48.540000915527344,47.53977584838867,45800
2024-10-24,50.279998779296875,50.279998779296875,48.68000030517578,48.96500015258789,47.95602035522461,52200
2024-10-25,48.83000183105469,49.775001525878906,48.529998779296875,48.67499923706055,47.67198944091797,35600
2024-10-28,49.0,49.375,48.185001373291016,48.20500183105469,47.21167755126953,45800
2024-10-29,45.09000015258789,48.0,45.09000015258789,47.92499923706055,46.93744659423828,72800
2024-10-30,48.54499816894531,48.54499816894531,47.42499923706055,47.474998474121094,46.4967155456543,112800
2024-10-31,46.849998474121094,46.959999084472656,46.709999084472656,46.880001068115234,45.91398239135742,94800
2024-11-01,46.70000076293945,46.77000045776367,46.435001373291016,46.459999084472656,45.50263214111328,63800
2024-11-04,47.14500045776367,47.3650016784668,46.82500076293945,46.88999938964844,45.92377471923828,105000
2024-11-05,48.39500045776367,48.39500045776367,46.84000015258789,47.334999084472656,46.35960388183594,89000
2024-11-06,45.95000076293945,48.005001068115234,45.95000076293945,46.959999084472656,45.992332458496094,49200
2024-11-07,47.38999938964844,47.54999923706055,47.279998779296875,47.470001220703125,46.491825103759766,61200
2024-11-08,47.209999084472656,47.209999084472656,46.525001525878906,46.75,45.786659240722656,69600
2024-11-11,47.314998626708984,47.36000061035156,47.099998474121094,47.25,46.2763557434082,77400
2024-11-12,46.75,46.875,46.439998626708984,46.45000076293945,45.49284362792969,75600
2024-11-13,45.95000076293945,46.505001068115234,45.95000076293945,46.45500183105469,45.497737884521484,86200
2024-11-14,46.185001373291016,46.29999923706055,45.84000015258789,45.85499954223633,44.910099029541016,73800
2024-11-15,44.53499984741211,44.64500045776367,44.119998931884766,44.130001068115234,43.220645904541016,260800
2024-11-18,45.21500015258789,45.21500015258789,43.345001220703125,44.14500045776367,43.23533630371094,396600
2024-11-19,45.130001068115234,45.130001068115234,43.775001525878906,44.11000061035156,43.20105743408203,351600
2024-11-20,43.5,44.40999984741211,43.5,44.3650016784668,43.4508056640625,410600
2024-11-21,44.470001220703125,44.744998931884766,44.35499954223633,44.650001525878906,43.72993469238281,512600
2024-11-22,43.1349983215332,45.025001525878906,43.1349983215332,45.0,44.07271957397461,887600
2024-11-25,45.75,46.01499938964844,43.064998626708984,45.834999084472656,44.8905143737793,122600
2024-11-26,45.5,47.4900016784668,45.1349983215332,45.150001525878906,44.21963119506836,89200
2024-11-27,46.0,46.0,43.26499938964844,45.595001220703125,44.655460357666016,68400
2024-11-29,42.849998474121094,46.08000183105469,42.849998474121094,45.939998626708984,44.993350982666016,44200
2024-12-02,46.875,46.875,44.35499954223633,45.5,44.562416076660156,119600
2024-12-03,45.5,46.02000045776367,45.5,45.77000045776367,44.82685470581055,161000
2024-12-04,45.34000015258789,45.56999969482422,45.34000015258789,45.494998931884766,44.557518005371094,51400
2024-12-05,45.314998626708984,45.45000076293945,45.095001220703125,45.23500061035156,44.302879333496094,104400
2024-12-06,44.970001220703125,44.970001220703125,44.51499938964844,44.80500030517578,43.881736755371094,117800
2024-12-09,45.505001068115234,45.66999816894531,45.2599983215332,45.32500076293945,44.39102554321289,113200
2024-12-10,44.970001220703125,45.005001068115234,44.900001525878906,44.959999084472656,44.033546447753906,102400
2024-12-11,44.17499923706055,44.96500015258789,43.779998779296875,44.720001220703125,43.798492431640625,51400
2024-12-12,44.75,44.75,44.11000061035156,44.130001068115234,43.220645904541016,100600
2024-12-13,43.654998779296875,45.0099983215332,43.654998779296875,43.85499954223633,42.95131301879883,154000
2024-12-16,43.35499954223633,44.005001068115234,43.35499954223633,43.84000015258789,42.936622619628906,180800
2024-12-17,45.20000076293945,45.20000076293945,44.154998779296875,44.209999084472656,43.29899978637695,209800
2024-12-18,43.35499954223633,44.5099983215332,43.310001373291016,43.55500030517578,42.65749740600586,150400
2024-12-19,43.130001068115234,44.07500076293945,43.130001068115234,43.23500061035156,42.34408950805664,144200
2024-12-20,41.654998779296875,43.66999816894531,41.654998779296875,43.27000045776367,42.37837219238281,151600
2024-12-23,44.2400016784668,44.43000030517578,42.970001220703125,43.89500045776367,42.9904899597168,276400
2024-12-24,43.0099983215332,45.01499938964844,43.0099983215332,44.375,43.460601806640625,181000
2024-12-26,43.435001373291016,45.0099983215332,43.435001373291016,44.279998779296875,43.3675537109375,172600
2024-12-27,44.66999816894531,44.66999816894531,43.72999954223633,43.939998626708984,43.03456115722656,115800
2024-12-30,42.630001068115234,44.915000915527344,42.630001068115234,44.09000015258789,43.18147277832031,128800
2024-12-31,44.67499923706055,44.790000915527344,43.529998779296875,43.779998779296875,42.87786102294922,89600
2025-01-02,43.73500061035156,44.279998779296875,43.31999969482422,43.58000183105469,42.681983947753906,78200
2025-01-03,42.529998779296875,44.19499969482422,41.755001068115234,44.189998626708984,43.27941131591797,84800
2025-01-06,44.130001068115234,44.5,43.040000915527344,44.16999816894531,43.259822845458984,154000
2025-01-07,44.92499923706055,45.02000045776367,44.474998474121094,44.474998474121094,43.558536529541016,142000
2025-01-08,44.400001525878906,44.810001373291016,44.400001525878906,44.790000915527344,43.86705017089844,69400
2025-01-10,43.95000076293945,45.005001068115234,42.7599983215332,43.564998626708984,42.66728591918945,146800
2025-01-13,43.28499984741211,43.56999969482422,43.04999923706055,43.19499969482422,42.30491638183594,174600
2025-01-14,44.44499969482422,44.44499969482422,42.98500061035156,43.435001373291016,42.53997039794922,232400
2025-01-15,42.404998779296875,44.66999816894531,42.404998779296875,43.630001068115234,42.730953216552734,539000
2025-01-16,42.75,43.349998474121094,42.75,42.915000915527344,42.03068542480469,131800
2025-01-17,42.97999954223633,43.2400016784668,42.814998626708984,43.08000183105469,42.19228744506836,150600
2025-01-21,44.18000030517578,44.18000030517578,42.34000015258789,43.095001220703125,42.206974029541016,271200
2025-01-22,42.34000015258789,43.78499984741211,42.23500061035156,42.26499938964844,41.39407730102539,116200
2025-01-23,42.375,42.56999969482422,42.28499984741211,42.470001220703125,41.59485626220703,94800
2025-01-24,44.11000061035156,44.11000061035156,42.744998931884766,42.84000015258789,41.95722961425781,127400
2025-01-27,42.70500183105469,42.70500183105469,42.369998931884766,42.58000183105469,41.70258712768555,291600
2025-01-28,42.58000183105469,42.630001068115234,42.459999084472656,42.6150016784668,41.73686981201172,288800
2025-01-29,42.244998931884766,44.099998474121094,42.244998931884766,43.1150016784668,42.226566314697266,123800
2025-01-30,44.845001220703125,44.845001220703125,43.525001525878906,43.584999084472656,42.68687438964844,126800
2025-01-31,44.435001373291016,44.435001373291016,43.099998474121094,43.099998474121094,42.21187210083008,100400
2025-02-03,42.97999954223633,42.97999954223633,42.43000030517578,42.83000183105469,41.94743728637695,172200
2025-02-04,42.244998931884766,42.875,41.81999969482422,42.755001068115234,41.87398147583008,123200
2025-02-05,42.77000045776367,42.77000045776367,42.06999969482422,42.58000183105469,41.70258712768555,83400
2025-02-06,42.70000076293945,42.79999923706055,42.42499923706055,42.7400016784668,41.85929489135742,119000
2025-02-07,41.720001220703125,42.88999938964844,41.720001220703125,41.959999084472656,41.09536361694336,136000
2025-02-10,42.04999923706055,42.88999938964844,42.02000045776367,42.29499816894531,41.423458099365234,151000
2025-02-11,40.11000061035156,40.5099983215332,40.11000061035156,40.47999954223633,39.64585876464844,136800
2025-02-12,38.685001373291016,40.39500045776367,38.685001373291016,40.334999084472656,39.503849029541016,126600
2025-02-13,40.0,40.36000061035156,39.880001068115234,40.36000061035156,39.52833557128906,196800
2025-02-14,41.290000915527344,41.96500015258789,40.36000061035156,40.3849983215332,39.55281448364258,313600
2025-02-18,41.76499938964844,41.78499984741211,41.1150016784668,41.310001373291016,40.45875930786133,499200
2025-02-19,42.66999816894531,42.66999816894531,41.630001068115234,41.67499923706055,40.81623458862305,367000
2025-02-20,41.279998779296875,41.45500183105469,41.19499969482422,41.3650016784668,40.51262283325195,128600
2025-02-21,41.26499938964844,41.26499938964844,40.82500076293945,40.91999816894531,40.0767936706543,123200
2025-02-24,41.279998779296875,41.32500076293945,40.7599983215332,40.8849983215332,40.04251480102539,280000
2025-02-25,41.78499984741211,41.78499984741211,40.5099983215332,41.41999816894531,40.56648635864258,145600
2025-02-26,40.369998931884766,42.10499954223633,40.369998931884766,41.66999816894531,40.81134033203125,127000
2025-02-27,40.564998626708984,40.67499923706055,40.33000183105469,40.33000183105469,39.49895095825195,148200
2025-02-28,40.334999084472656,41.435001373291016,40.310001373291016,40.68000030517578,39.841739654541016,183200
2025-03-03,41.005001068115234,41.04999923706055,40.27000045776367,40.3849983215332,39.55281448364258,193800
2025-03-04,40.974998474121094,41.29499816894531,40.415000915527344,40.935001373291016,40.091487884521484,165600
2025-03-05,41.15999984741211,42.0099983215332,40.53499984741211,41.904998779296875,41.04149627685547,87400
2025-03-06,42.125,42.125,39.974998474121094,41.0,40.15514373779297,107800
2025-03-07,39.974998474121094,41.40999984741211,39.974998474121094,41.40999984741211,40.556697845458984,86200
2025-03-10,39.974998474121094,40.47999954223633,39.685001373291016,39.685001373291016,38.867244720458984,136200
2025-03-11,39.0,39.529998779296875,38.935001373291016,39.185001373291016,38.694435119628906,194600
2025-03-12,40.42499923706055,40.42499923706055,39.244998931884766,39.44499969482422,38.95117950439453,114000
2025-03-13,40.244998931884766,40.244998931884766,38.875,39.07500076293945,38.585811614990234,137800
2025-03-14,39.494998931884766,39.779998779296875,39.38999938964844,39.69499969482422,39.19804763793945,158600
2025-03-17,39.91999816894531,40.0,39.3650016784668,39.8849983215332,39.38566970825195,238800
2025-03-18,39.3650016784668,39.665000915527344,39.17499923706055,39.224998474121094,38.73393249511719,163800
2025-03-19,39.790000915527344,40.17499923706055,39.56999969482422,39.96500015258789,39.46466827392578,193200
2025-03-20,39.880001068115234,40.334999084472656,39.880001068115234,40.13999938964844,39.63747787475586,53000
2025-03-21,39.54499816894531,40.0099983215332,39.529998779296875,39.7400016784668,39.242488861083984,245600
2025-03-24,40.03499984741211,40.42499923706055,39.939998626708984,40.33000183105469,39.82509994506836,338000
2025-03-25,40.334999084472656,41.0,40.334999084472656,40.72999954223633,40.2200927734375,322800
2025-03-26,40.04999923706055,40.08000183105469,39.44499969482422,39.584999084472656,39.08942413330078,96400
2025-03-27,39.92499923706055,39.92499923706055,39.595001220703125,39.685001373291016,39.188175201416016,153200
2025-03-28,39.85499954223633,40.10499954223633,39.375,39.474998474121094,38.98080062866211,202200
2025-03-31,37.849998474121094,39.53499984741211,37.849998474121094,39.53499984741211,39.0400505065918,233200
2025-04-01,38.79999923706055,40.084999084472656,38.79999923706055,39.72999954223633,39.232608795166016,236400
2025-04-02,41.0,41.0,38.89500045776367,40.46500015258789,39.95840835571289,97000
2025-04-03,40.0,40.875,40.0,40.025001525878906,39.52391815185547,199800
2025-04-04,38.54999923706055,38.54999923706055,36.71500015258789,37.220001220703125,36.75403594970703,198600
2025-04-07,38.70000076293945,38.70000076293945,35.974998474121094,36.67499923706055,36.21585464477539,420800
2025-04-08,37.89500045776367,38.0099983215332,35.875,36.42499923706055,35.96898651123047,335200
2025-04-09,36.5,38.9900016784668,35.11000061035156,38.744998931884766,38.25994110107422,493200
2025-04-10,35.77000045776367,37.189998626708984,35.77000045776367,36.94499969482422,36.48247528076172,440600
2025-04-11,37.3650016784668,37.3650016784668,36.0,37.29999923706055,36.833030700683594,338000
2025-04-14,36.26499938964844,38.3849983215332,36.26499938964844,38.290000915527344,37.810638427734375,432800
2025-04-15,37.525001525878906,39.314998626708984,37.525001525878906,38.970001220703125,38.48212814331055,222600
2025-04-16,38.314998626708984,39.040000915527344,38.314998626708984,38.529998779296875,38.04763412475586,127800
2025-04-17,37.3650016784668,38.5,37.3650016784668,38.369998931884766,37.8896369934082,119800
2025-04-21,38.0,38.31999969482422,37.564998626708984,37.875,37.40083312988281,309800
2025-04-22,36.80500030517578,38.4900016784668,36.80500030517578,38.209999084472656,37.73163986206055,212400
2025-04-23,38.939998626708984,39.19499969482422,37.91999816894531,38.34000015258789,37.86001205444336,152600
2025-04-24,38.345001220703125,38.96500015258789,38.345001220703125,38.849998474121094,38.363624572753906,193600
2025-04-25,38.89500045776367,39.165000915527344,38.810001373291016,39.099998474121094,38.610496520996094,91200
2025-04-28,39.099998474121094,39.57500076293945,39.099998474121094,39.57500076293945,39.079551696777344,148600
2025-04-29,38.75,39.369998931884766,38.75,39.17499923706055,38.6845588684082,59600
2025-04-30,39.60499954223633,40.279998779296875,39.540000915527344,40.18000030517578,39.676979064941406,109800
2025-05-01,40.470001220703125,41.35499954223633,40.06999969482422,40.25,39.74610137939453,204400
2025-05-02,41.400001525878906,41.68000030517578,41.18000030517578,41.5,40.98044967651367,91600
2025-05-05,42.95500183105469,42.95500183105469,41.60499954223633,41.70000076293945,41.177947998046875,99400
2025-05-06,39.08000183105469,41.35499954223633,39.08000183105469,40.470001220703125,39.963348388671875,96600
2025-05-07,37.94499969482422,39.3650016784668,37.94499969482422,39.0099983215332,38.52162170410156,106000
2025-05-08,39.970001220703125,39.970001220703125,38.28499984741211,38.3849983215332,37.90444564819336,148800
2025-05-09,38.125,38.55500030517578,38.125,38.349998474121094,37.8698844909668,124400
2025-05-12,37.790000915527344,37.91999816894531,37.720001220703125,37.91999816894531,37.44526672363281,292400
2025-05-13,37.71500015258789,38.875,37.05500030517578,38.10499954223633,37.627952575683594,714800
2025-05-14,37.494998931884766,38.7599983215332,37.494998931884766,38.32500076293945,37.84519958496094,125800
2025-05-15,38.904998779296875,38.904998779296875,38.06999969482422,38.32500076293945,37.84519958496094,210400
2025-05-16,39.505001068115234,39.505001068115234,38.43000030517578,38.80500030517578,38.319190979003906,241600
2025-05-19,37.65999984741211,39.345001220703125,37.65999984741211,39.23500061035156,38.74380874633789,197800
2025-05-20,39.2599983215332,39.89500045776367,39.10499954223633,39.165000915527344,38.674686431884766,188800
2025-05-21,39.98500061035156,39.98500061035156,38.959999084472656,39.04999923706055,38.56112289428711,57200
2025-05-22,38.97999954223633,39.779998779296875,38.97999954223633,39.58000183105469,39.08449172973633,136000
2025-05-23,39.775001525878906,40.03499984741211,39.54999923706055,39.875,39.37579345703125,67800
2025-05-27,39.005001068115234,40.47999954223633,39.005001068115234,40.38999938964844,39.88434600830078,225000
2025-05-28,40.939998626708984,40.939998626708984,39.654998779296875,39.78499984741211,39.286922454833984,103200
2025-05-29,39.8650016784668,40.255001068115234,39.720001220703125,39.8849983215332,39.38566970825195,86200
2025-05-30,39.095001220703125,40.0,39.095001220703125,39.880001068115234,39.380733489990234,119400
2025-06-02,40.474998474121094,40.52000045776367,40.13999938964844,40.5,39.99296951293945,99800
2025-06-03,39.71500015258789,39.915000915527344,39.65999984741211,39.869998931884766,39.37085723876953,79000
2025-06-04,39.875,40.20500183105469,39.875,40.10499954223633,39.6029167175293,70400
2025-06-05,39.72999954223633,39.79999923706055,39.474998474121094,39.540000915527344,39.04499053955078,125800
2025-06-06,39.369998931884766,39.6150016784668,39.35499954223633,39.47999954223633,38.985740661621094,142000
2025-06-09,39.94499969482422,40.275001525878906,39.33000183105469,39.66999816894531,39.17335891723633,123800
2025-06-10,38.845001220703125,40.41999816894531,38.845001220703125,39.845001220703125,39.34617233276367,96600
2025-06-11,38.89500045776367,39.32500076293945,38.89500045776367,39.189998626708984,38.699371337890625,118000
2025-06-12,39.26499938964844,39.56999969482422,39.255001068115234,39.56999969482422,39.07461166381836,169000
2025-06-13,38.75,39.279998779296875,38.630001068115234,38.77000045776367,38.284629821777344,175800
2025-06-16,37.85499954223633,39.55500030517578,37.85499954223633,39.23500061035156,38.74380874633789,425600
2025-06-17,40.36000061035156,40.36000061035156,38.834999084472656,39.09000015258789,38.600624084472656,242800
2025-06-18,39.775001525878906,40.09000015258789,39.3650016784668,39.494998931884766,39.000553131103516,171000
2025-06-20,37.810001373291016,39.56999969482422,37.810001373291016,38.92499923706055,38.437686920166016,248200
2025-06-23,39.709999084472656,39.709999084472656,38.58000183105469,39.19499969482422,38.704307556152344,213800
2025-06-24,40.29999923706055,40.29999923706055,39.23500061035156,39.654998779296875,39.158546447753906,286000
2025-06-25,38.650001525878906,39.09000015258789,38.29499816894531,38.95000076293945,38.46237564086914,86600
2025-06-26,40.474998474121094,40.474998474121094,39.369998931884766,39.70500183105469,39.207923889160156,84600
2025-06-27,38.494998931884766,39.38999938964844,38.28499984741211,38.529998779296875,38.04763412475586,90600
2025-06-30,39.42499923706055,39.935001373291016,39.185001373291016,39.599998474121094,39.1042366027832,107200
2025-07-01,38.189998626708984,39.404998779296875,38.189998626708984,39.369998931884766,38.87711715698242,135000
2025-07-02,39.39500045776367,39.744998931884766,39.23500061035156,39.59000015258789,39.094364166259766,101800
2025-07-03,39.79499816894531,39.97999954223633,39.720001220703125,39.97999954223633,39.4794807434082,49600
2025-07-07,40.5,40.84000015258789,39.09000015258789,40.20000076293945,39.69672775268555,114000
2025-07-08,39.349998474121094,40.93000030517578,39.349998474121094,40.275001525878906,39.770790100097656,112600
2025-07-09,40.625,40.625,39.82500076293945,40.07500076293945,39.57329177856445,71000
2025-07-10,39.845001220703125,40.470001220703125,39.689998626708984,40.3650016784668,39.85966110229492,169600
2025-07-11,39.66999816894531,39.66999816894531,39.55500030517578,39.55500030517578,39.0598030090332,79000
2025-07-14,38.665000915527344,40.415000915527344,38.665000915527344,39.94499969482422,39.44491958618164,108600
2025-07-15,41.0,41.060001373291016,40.595001220703125,40.69499969482422,40.18552780151367,112000
2025-07-16,39.76499938964844,40.6349983215332,39.76499938964844,40.505001068115234,39.99790954589844,104000
2025-07-17,41.404998779296875,41.404998779296875,40.130001068115234,40.415000915527344,39.909034729003906,160400
2025-07-18,41.95000076293945,42.005001068115234,41.64500045776367,41.90999984741211,41.385318756103516,216200
2025-07-21,42.345001220703125,42.345001220703125,41.70500183105469,41.90999984741211,41.385318756103516,122400
2025-07-22,43.69499969482422,44.154998779296875,43.17499923706055,43.48500061035156,42.94060134887695,122400
2025-07-23,44.255001068115234,44.255001068115234,43.63999938964844,43.994998931884766,43.4442138671875,73800
2025-07-24,44.51499938964844,44.72999954223633,44.43000030517578,44.494998931884766,43.93795394897461,62200
2025-07-25,44.005001068115234,44.14500045776367,43.935001373291016,44.08000183105469,43.52815246582031,78400
2025-07-28,43.970001220703125,44.029998779296875,43.900001525878906,43.96500015258789,43.41459274291992,65400
2025-07-29,44.599998474121094,44.85499954223633,44.349998474121094,44.42499923706055,43.868831634521484,84600
2025-07-30,44.06999969482422,44.209999084472656,43.45500183105469,43.60499954223633,43.05909729003906,110600
2025-07-31,43.63999938964844,43.810001373291016,43.40999984741211,43.52000045776367,42.975162506103516,132200
2025-08-01,42.51499938964844,43.435001373291016,42.275001525878906,42.54999923706055,42.01730728149414,151200
2025-08-04,43.18000030517578,43.70000076293945,43.1349983215332,43.35499954223633,42.81222915649414,97800
2025-08-05,42.04499816894531,43.474998474121094,42.04499816894531,43.279998779296875,42.73816680908203,52000
2025-08-06,43.75,43.89500045776367,43.73500061035156,43.80500030517578,43.256595611572266,40000
2025-08-07,42.125,43.3650016784668,42.125,43.224998474121094,42.68385314941406,68600
2025-08-08,43.01499938964844,43.01499938964844,42.630001068115234,42.70000076293945,42.165428161621094,49200
2025-08-11,43.95500183105469,43.95500183105469,42.915000915527344,42.95000076293945,42.41230010986328,77000
2025-08-12,43.095001220703125,43.400001525878906,43.025001525878906,43.244998931884766,42.70360565185547,66600
2025-08-13,44.380001068115234,44.494998931884766,44.2599983215332,44.435001373291016,43.87870788574219,39800
2025-08-14,43.64500045776367,43.915000915527344,43.64500045776367,43.88999938964844,43.34053039550781,50200
2025-08-15,43.619998931884766,44.6349983215332,43.619998931884766,43.93000030517578,43.38003158569336,72600
2025-08-18,43.95000076293945,44.775001525878906,43.95000076293945,44.119998931884766,43.567649841308594,49800
2025-08-19,37.900001525878906,37.900001525878906,36.125,36.54999923706055,36.09242248535156,444400
2025-08-20,35.345001220703125,35.58000183105469,35.224998474121094,35.380001068115234,34.937068939208984,151000
2025-08-21,35.36000061035156,36.220001220703125,35.36000061035156,36.064998626708984,35.61349105834961,336200
2025-08-22,35.36000061035156,35.46500015258789,35.0,35.209999084472656,34.769195556640625,398600
2025-08-25,35.02000045776367,35.05500030517578,34.650001525878906,34.650001525878906,34.216209411621094,482800
2025-08-26,34.65999984741211,35.05500030517578,34.56999969482422,34.94499969482422,34.50751495361328,325400
2025-08-27,35.88999938964844,35.88999938964844,34.77000045776367,34.994998931884766,34.556888580322266,159800
2025-08-28,34.60499954223633,34.665000915527344,34.290000915527344,34.47999954223633,34.048336029052734,321200
2025-08-29,34.775001525878906,34.814998626708984,34.529998779296875,34.665000915527344,34.231021881103516,192200
2025-09-02,32.564998626708984,34.040000915527344,32.564998626708984,33.595001220703125,33.174415588378906,439400
2025-09-03,33.875,33.875,33.595001220703125,33.67499923706055,33.253414154052734,729200
2025-09-04,34.18000030517578,34.375,34.060001373291016,34.375,33.94465255737305,486200
2025-09-05,34.34000015258789,34.564998626708984,34.084999084472656,34.17499923706055,33.747154235839844,272000
2025-09-08,34.5,35.400001525878906,34.5,34.900001525878906,34.46308135986328,506800
2025-09-09,34.869998931884766,34.9900016784668,34.540000915527344,34.59000015258789,34.156959533691406,239400
2025-09-10,33.75,34.8849983215332,33.75,34.7400016784668,34.305084228515625,141800
2025-09-11,33.75,34.28499984741211,33.75,34.21500015258789,33.78665542602539,516000
2025-09-12,34.61000061035156,34.61000061035156,34.209999084472656,34.209999084472656,33.781715393066406,483800
2025-09-15,34.275001525878906,34.275001525878906,33.654998779296875,33.80500030517578,33.38178634643555,561400
2025-09-16,32.34000015258789,33.720001220703125,32.34000015258789,33.52000045776367,33.10035705566406,178400
2025-09-17,33.349998474121094,33.63999938964844,33.220001220703125,33.25,32.833736419677734,201200
2025-09-18,34.14500045776367,34.14500045776367,32.89500045776367,32.93000030517578,32.51774215698242,322600
2025-09-19,33.185001373291016,33.185001373291016,32.599998474121094,32.689998626708984,32.28074645996094,405000
2025-09-22,32.810001373291016,33.244998931884766,32.70000076293945,32.78499984741211,32.37455749511719,847000
2025-09-23,31.790000915527344,33.83000183105469,31.790000915527344,32.77000045776367,32.359745025634766,209200
2025-09-24,32.255001068115234,32.540000915527344,32.255001068115234,32.41999816894531,32.01412582397461,143600
2025-09-25,32.255001068115234,32.39500045776367,32.099998474121094,32.21500015258789,31.81169319152832,445600
2025-09-26,30.530000686645508,32.6150016784668,30.530000686645508,32.03499984741211,31.63394546508789,253800
2025-09-29,33.04999923706055,33.04999923706055,32.744998931884766,32.80500030517578,32.39430618286133,419200
2025-09-30,31.7549991607666,33.59000015258789,31.7549991607666,32.75,32.339996337890625,267800
2025-10-01,31.940000534057617,33.85499954223633,31.940000534057617,33.099998474121094,32.685611724853516,278400
2025-10-02,33.17499923706055,34.119998931884766,33.17499923706055,34.0,33.574344635009766,183800
2025-10-03,34.44499969482422,34.79499816894531,34.23500061035156,34.334999084472656,33.9051513671875,119400
2025-10-06,33.275001525878906,34.06999969482422,33.275001525878906,34.0,33.574344635009766,362000
2025-10-07,34.724998474121094,34.724998474121094,33.755001068115234,33.875,33.45091247558594,283600
2025-10-08,33.275001525878906,34.345001220703125,33.275001525878906,34.025001525878906,33.59903335571289,159800
2025-10-09,34.23500061035156,34.584999084472656,33.76499938964844,33.935001373291016,33.510162353515625,356000
2025-10-10,34.16999816894531,34.53499984741211,34.04499816894531,34.16999816894531,33.74221420288086,642600
2025-10-13,34.41999816894531,34.41999816894531,33.82500076293945,34.154998779296875,33.7274055480957,439000
2025-10-14,34.935001373291016,34.9900016784668,33.275001525878906,34.5,34.068084716796875,345200
2025-10-15,34.9900016784668,35.45500183105469,34.9900016784668,35.45500183105469,35.011131286621094,114800
2025-10-16,35.42499923706055,36.064998626708984,35.42499923706055,35.84000015258789,35.39131164550781,440600
2025-10-17,35.724998474121094,35.880001068115234,35.375,35.5099983215332,35.0654411315918,186600
2025-10-20,35.415000915527344,35.72999954223633,35.415000915527344,35.685001373291016,35.238250732421875,135000
2025-10-21,35.6349983215332,35.775001525878906,35.48500061035156,35.6150016784668,35.16912841796875,312200
2025-10-22,34.470001220703125,36.28499984741211,34.470001220703125,35.61000061035156,35.16419219970703,94000
2025-10-23,35.095001220703125,35.685001373291016,35.095001220703125,35.56999969482422,35.124691009521484,201400
2025-10-24,33.5,35.064998626708984,33.5,35.060001373291016,34.62107849121094,445400
2025-10-27,35.17499923706055,35.39500045776367,34.51499938964844,34.6150016784668,34.18164825439453,246200
2025-10-28,30.0,30.0,29.139999389648438,29.325000762939453,28.957874298095703,310600
2025-10-29,28.5,29.25,27.049999237060547,27.9950008392334,27.6445255279541,167200
2025-10-30,28.75,29.690000534057617,28.75,29.290000915527344,28.92331314086914,622200
2025-10-31,30.329999923706055,30.329999923706055,28.049999237060547,28.809999465942383,28.44931983947754,433800
2025-11-03,28.594999313354492,28.639999389648438,28.344999313354492,28.55500030517578,28.197513580322266,269000
2025-11-04,28.31999969482422,28.75,28.31999969482422,28.559999465942383,28.202449798583984,309200
2025-11-05,28.5,29.149999618530273,27.434999465942383,28.764999389648438,28.404884338378906,282800
2025-11-06,28.760000228881836,30.045000076293945,28.760000228881836,28.96500015258789,28.602380752563477,524800
2025-11-07,29.0,29.049999237060547,28.729999542236328,29.049999237060547,28.686315536499023,270600
2025-11-10,29.100000381469727,29.329999923706055,29.100000381469727,29.209999084472656,28.84431266784668,607600
2025-11-11,28.225000381469727,29.149999618530273,28.225000381469727,29.059999465942383,28.696189880371094,315200
2025-11-12,28.915000915527344,29.299999237060547,28.915000915527344,29.274999618530273,28.908498764038086,189600
2025-11-13,29.5,30.145000457763672,29.235000610351562,29.239999771118164,28.873937606811523,312800
2025-11-14,29.1299991607666,29.6200008392334,29.1299991607666,29.420000076293945,29.05168342590332,317200
2025-11-17,30.200000762939453,30.200000762939453,28.954999923706055,28.979999542236328,28.617191314697266,488200
2025-11-18,29.420000076293945,29.420000076293945,28.114999771118164,29.190000534057617,28.82456398010254,257200
2025-11-19,29.219999313354492,29.219999313354492,28.854999542236328,29.0049991607666,28.641878128051758,200000
2025-11-20,28.790000915527344,28.975000381469727,28.274999618530273,28.274999618530273,27.921018600463867,375000
2025-11-21,28.520000457763672,29.1200008392334,28.520000457763672,29.084999084472656,28.720876693725586,206600
2025-11-24,29.2549991607666,29.68000030517578,28.795000076293945,29.565000534057617,29.194869995117188,412200
2025-11-25,29.5,29.540000915527344,29.299999237060547,29.454999923706055,29.086246490478516,569200
2025-11-26,28.915000915527344,29.899999618530273,28.915000915527344,29.899999618530273,29.52567481994629,107400
2025-11-28,30.219999313354492,31.014999389648438,30.219999313354492,30.53499984741211,30.152725219726562,215400
2025-12-01,30.34000015258789,30.799999237060547,29.895000457763672,29.905000686645508,29.53061294555664,509200
2025-12-02,30.03499984741211,30.290000915527344,29.96500015258789,30.270000457763672,29.891042709350586,297200
2025-12-03,30.05500030517578,30.225000381469727,29.940000534057617,30.225000381469727,29.846607208251953,209400
2025-12-04,29.479999542236328,31.860000610351562,29.479999542236328,30.764999389648438,30.379844665527344,162000
2025-12-05,30.575000762939453,30.600000381469727,30.100000381469727,30.385000228881836,30.004602432250977,218600
2025-12-08,30.774999618530273,30.774999618530273,30.510000228881836,30.575000762939453,30.192224502563477,469800
2025-12-09,30.2549991607666,30.55500030517578,30.2549991607666,30.469999313354492,30.088537216186523,394600
2025-12-10,29.854999542236328,30.614999771118164,29.854999542236328,30.485000610351562,30.103351593017578,186200
2025-12-11,28.610000610351562,30.110000610351562,28.610000610351562,30.024999618530273,29.64910888671875,332200
2025-12-12,31.094999313354492,31.094999313354492,30.334999084472656,30.709999084472656,30.325532913208008,262800
2025-12-15,29.600000381469727,30.954999923706055,29.600000381469727,29.860000610351562,29.486175537109375,547000
2025-12-16,29.600000381469727,29.6200008392334,29.2450008392334,29.40999984741211,29.04180908203125,425200
2025-12-17,28.725000381469727,28.7450008392334,28.540000915527344,28.614999771118164,28.25676155090332,157800
2025-12-18,29.0,29.170000076293945,28.895000457763672,29.045000076293945,28.681379318237305,407800
2025-12-19,27.81999969482422,30.03499984741211,27.81999969482422,29.28499984741211,28.918373107910156,434600
2025-12-22,29.395000457763672,29.684999465942383,29.395000457763672,29.450000762939453,29.081308364868164,347400
2025-12-23,29.290000915527344,29.565000534057617,29.290000915527344,29.53499984741211,29.16524314880371,256000
2025-12-24,29.56999969482422,29.56999969482422,28.94499969482422,29.084999084472656,28.720876693725586,112600
2025-12-26,28.920000076293945,29.290000915527344,28.920000076293945,29.149999618530273,28.785064697265625,237000
2025-12-29,29.19499969482422,29.239999771118164,29.06999969482422,29.204999923706055,28.83937644958496,520800
2025-12-30,29.135000228881836,29.264999389648438,28.864999771118164,28.9950008392334,28.63200569152832,327000
2025-12-31,29.010000228881836,29.229999542236328,28.704999923706055,28.799999237060547,28.43944549560547,137800
2026-01-02,28.700000762939453,28.799999237060547,28.604999542236328,28.7549991607666,28.395008087158203,196000
2026-01-05,28.600000381469727,29.209999084472656,28.600000381469727,29.200000762939453,28.83443832397461,499400
2026-01-06,27.68000030517578,29.075000762939453,27.68000030517578,28.639999389648438,28.281448364257812,183600
2026-01-07,28.934999465942383,29.045000076293945,28.6299991607666,28.665000915527344,28.306137084960938,100400
2026-01-08,29.209999084472656,29.395000457763672,29.200000762939453,29.389999389648438,29.022058486938477,356000
2026-01-09,29.25,29.270000457763672,29.125,29.264999389648438,28.898624420166016,173800
2026-01-12,29.895000457763672,30.479999542236328,29.375,29.385000228881836,29.017122268676758,316800
2026-01-13,29.149999618530273,29.149999618530273,28.875,28.895000457763672,28.53325653076172,264600
2026-01-14,28.80500030517578,29.149999618530273,28.80500030517578,29.149999618530273,28.785064697265625,190800
2026-01-15,29.31999969482422,29.440000534057617,29.225000381469727,29.270000457763672,28.903562545776367,208000
2026-01-16,29.4950008392334,29.4950008392334,29.010000228881836,29.4950008392334,29.12574577331543,169200
2026-01-20,29.4950008392334,29.875,29.4950008392334,29.655000686645508,29.283742904663086,208200
2026-01-21,29.700000762939453,30.1299991607666,29.514999389648438,30.104999542236328,29.728107452392578,234000
2026-01-22,31.09000015258789,31.09000015258789,30.405000686645508,30.600000381469727,30.21691131591797,319000
2026-01-23,30.80500030517578,31.065000534057617,30.790000915527344,31.010000228881836,30.62177848815918,154600
2026-01-26,31.375,31.584999084472656,31.139999389648438,31.31999969482422,30.92789649963379,212200
2026-01-27,30.424999237060547,32.45000076293945,30.424999237060547,32.20000076293945,31.7968807220459,269400
2026-01-28,30.75,31.7549991607666,30.75,31.485000610351562,31.090831756591797,260800
2026-01-29,31.829999923706055,31.829999923706055,31.30500030517578,31.829999923706055,31.4315128326416,249400
2026-01-30,31.915000915527344,32.005001068115234,31.434999465942383,31.475000381469727,31.080957412719727,190200
2026-02-02,31.040000915527344,31.200000762939453,30.985000610351562,31.03499984741211,30.646465301513672,194400
2026-02-03,31.190000534057617,33.34000015258789,31.045000076293945,31.514999389648438,31.120454788208008,136800
2026-02-04,32.04499816894531,32.470001220703125,31.799999237060547,32.125,31.722820281982422,1080800
2026-02-05,31.795000076293945,32.689998626708984,31.31999969482422,31.5049991607666,31.110580444335938,783200
2026-02-06,30.55500030517578,32.90999984741211,30.55500030517578,32.11000061035156,31.7080078125,420000
2026-02-09,32.005001068115234,32.27000045776367,31.8799991607666,32.23500061035156,31.831443786621094,344000
2026-02-10,30.5,33.529998779296875,28.594999313354492,29.4950008392334,29.12574577331543,454400
2026-02-11,29.5049991607666,29.6299991607666,28.274999618530273,28.40999984741211,28.05432891845703,117600
2026-02-12,27.280000686645508,27.280000686645508,26.0,27.045000076293945,26.706417083740234,209200
2026-02-13,26.549999237060547,26.899999618530273,26.475000381469727,26.5,26.16823959350586,205000
2026-02-17,26.1299991607666,26.78499984741211,26.1299991607666,26.5,26.16823959350586,601000
2026-02-18,26.8799991607666,27.1200008392334,26.780000686645508,26.844999313354492,26.508920669555664,365400
2026-02-19,26.954999923706055,27.110000610351562,26.954999923706055,27.010000228881836,26.671855926513672,178800
2026-02-20,26.725000381469727,27.094999313354492,26.709999084472656,27.010000228881836,26.671855926513672,296200
2026-02-23,26.604999542236328,26.604999542236328,25.959999084472656,26.05500030517578,25.728811264038086,448000
2026-02-24,25.540000915527344,26.100000381469727,25.424999237060547,25.475000381469727,25.15607261657715,496600
2026-02-25,25.71500015258789,25.899999618530273,25.684999465942383,25.895000457763672,25.57081413269043,181400
2026-02-26,25.860000610351562,26.979999542236328,25.71500015258789,25.885000228881836,25.56093978881836,398800
2026-02-27,25.985000610351562,26.139999389648438,25.924999237060547,26.05500030517578,25.728811264038086,189000
2026-03-02,28.0,28.0,25.649999618530273,25.8799991607666,25.556001663208008,61600
2026-03-03,26.360000610351562,26.360000610351562,24.81999969482422,25.270000457763672,24.95363998413086,133000
2026-03-04,24.84000015258789,25.549999237060547,24.700000762939453,25.489999771118164,25.17088508605957,293300
2026-03-05,24.81999969482422,25.8799991607666,24.81999969482422,25.40999984741211,25.091886520385742,441500
2026-03-06,25.5,25.5,25.049999237060547,25.149999618530273,24.835140228271484,304500
2026-03-09,25.0,25.809999465942383,24.75,25.739999771118164,25.417755126953125,1179600
2026-03-10,27.25,27.25,25.309999465942383,25.959999084472656,25.635000228881836,758400
2026-03-11,25.8799991607666,25.8799991607666,25.15999984741211,25.31999969482422,25.31999969482422,769300
2026-03-12,24.90999984741211,25.209999084472656,24.489999771118164,24.780000686645508,24.780000686645508,541300
2026-03-13,24.81999969482422,24.969999313354492,24.420000076293945,24.43000030517578,24.43000030517578,348000
2026-03-16,24.950000762939453,25.049999237060547,24.780000686645508,24.920000076293945,24.920000076293945,428400
2026-03-17,24.649999618530273,25.280000686645508,24.649999618530273,25.079999923706055,25.079999923706055,318800
2026-03-18,24.690000534057617,25.15999984741211,23.959999084472656,23.959999084472656,23.959999084472656,178500
2026-03-19,22.829999923706055,24.040000915527344,22.829999923706055,23.959999084472656,23.959999084472656,162600
2026-03-20,24.399999618530273,26.610000610351562,23.610000610351562,23.959999084472656,23.959999084472656,492400
2026-03-23,24.5,25.309999465942383,24.5,24.81999969482422,24.81999969482422,457500
2026-03-24,25.18000030517578,25.18000030517578,24.1299991607666,24.360000610351562,24.360000610351562,310600
2026-03-25,24.65999984741211,24.68000030517578,24.440000534057617,24.59000015258789,24.59000015258789,205500
2026-03-26,24.889999389648438,25.110000610351562,23.920000076293945,24.059999465942383,24.059999465942383,3789300
2026-03-27,24.1200008392334,24.459999084472656,24.1200008392334,24.34000015258789,24.34000015258789,946900
2026-03-30,24.239999771118164,24.350000381469727,23.969999313354492,24.020000457763672,24.020000457763672,652100
2026-03-31,24.1299991607666,24.549999237060547,23.190000534057617,24.549999237060547,24.549999237060547,482700
2026-04-01,24.649999618530273,24.84000015258789,24.549999237060547,24.809999465942383,24.809999465942383,246900
2026-04-02,23.829999923706055,24.309999465942383,23.829999923706055,24.200000762939453,24.200000762939453,332800
2026-04-06,23.549999237060547,24.530000686645508,23.549999237060547,24.3700008392334,24.3700008392334,429500
2026-04-07,24.299999237060547,24.65999984741211,24.18000030517578,24.649999618530273,24.649999618530273,664800
2026-04-08,25.09000015258789,25.25,24.899999618530273,25.1299991607666,25.1299991607666,140200
2026-04-09,23.700000762939453,25.540000915527344,23.700000762939453,24.979999542236328,24.979999542236328,273900
2026-04-10,24.709999084472656,24.93000030517578,24.649999618530273,24.719999313354492,24.719999313354492,120200
2026-04-13,23.25,24.65999984741211,23.25,24.610000610351562,24.610000610351562,516000
2026-04-14,24.6299991607666,24.81999969482422,24.59000015258789,24.760000228881836,24.760000228881836,371200
2026-04-15,25.84000015258789,25.84000015258789,24.90999984741211,25.399999618530273,25.399999618530273,1325700
2026-04-16,25.399999618530273,25.399999618530273,24.600000381469727,24.670000076293945,24.670000076293945,1591500
2026-04-17,24.8799991607666,24.979999542236328,24.739999771118164,24.790000915527344,24.790000915527344,256700
2026-04-20,23.6200008392334,24.809999465942383,23.6200008392334,24.75,24.75,435200
2026-04-21,24.540000915527344,24.540000915527344,24.110000610351562,24.1200008392334,24.1200008392334,238300
2026-04-22,23.200000762939453,23.200000762939453,22.969999313354492,23.040000915527344,23.040000915527344,193900
2026-04-23,23.0,23.15999984741211,22.65999984741211,22.850000381469727,22.850000381469727,504500
2026-04-24,23.100000381469727,23.260000228881836,22.969999313354492,23.149999618530273,23.149999618530273,208800
2026-04-27,23.559999465942383,24.059999465942383,23.440000534057617,23.549999237060547,23.549999237060547,426800
2026-04-28,23.110000610351562,23.190000534057617,22.989999771118164,23.040000915527344,23.040000915527344,441000
2026-04-29,21.610000610351562,22.40999984741211,21.610000610351562,22.239999771118164,22.239999771118164,227000
2026-04-30,22.3799991607666,22.799999237060547,22.299999237060547,22.530000686645508,22.530000686645508,478100
2026-05-01,22.389999389648438,22.649999618530273,22.329999923706055,22.399999618530273,22.399999618530273,112900
2026-05-04,22.31999969482422,22.559999465942383,22.139999389648438,22.190000534057617,22.190000534057617,364800
2026-05-05,22.459999084472656,22.459999084472656,22.31999969482422,22.3799991607666,22.3799991607666,273300
2026-05-06,22.540000915527344,22.809999465942383,22.540000915527344,22.729999542236328,22.729999542236328,189900
2026-05-07,22.010000228881836,22.280000686645508,21.75,21.809999465942383,21.809999465942383,549400
2026-05-08,21.670000076293945,21.790000915527344,21.639999389648438,21.709999084472656,21.709999084472656,296500
2026-05-11,18.40999984741211,18.420000076293945,17.780000686645508,18.100000381469727,18.100000381469727,496700
2026-05-12,17.780000686645508,17.799999237060547,17.639999389648438,17.75,17.75,805300
2026-05-13,17.68000030517578,18.020000457763672,17.65999984741211,17.790000915527344,17.790000915527344,379000
2026-05-14,17.6299991607666,17.920000076293945,17.530000686645508,17.549999237060547,17.549999237060547,705000
2026-05-15,17.5,17.510000228881836,17.059999465942383,17.40999984741211,17.40999984741211,242500
2026-05-18,17.350000381469727,17.350000381469727,17.139999389648438,17.270000457763672,17.270000457763672,599300
2026-05-19,17.399999618530273,17.549999237060547,17.3799991607666,17.3799991607666,17.3799991607666,644100
2026-05-20,17.450000762939453,17.920000076293945,17.450000762939453,17.809999465942383,17.809999465942383,272000
2026-05-21,17.719999313354492,17.959999084472656,17.700000762939453,17.850000381469727,17.850000381469727,402000
2026-05-22,17.719999313354492,17.780000686645508,17.610000610351562,17.690000534057617,17.690000534057617,363300
2026-05-26,17.25,17.459999084472656,17.209999084472656,17.40999984741211,17.40999984741211,570500
2026-05-27,17.690000534057617,17.84000015258789,17.559999465942383,17.729999542236328,17.729999542236328,707000
2026-05-28,17.670000076293945,17.670000076293945,17.0,17.389999389648438,17.389999389648438,2185300
2026-05-29,16.75,17.469999313354492,16.75,17.40999984741211,17.40999984741211,748500
2026-06-01,16.719999313354492,16.90999984741211,16.639999389648438,16.799999237060547,16.799999237060547,498700
2026-06-02,16.6299991607666,16.75,16.530000686645508,16.6299991607666,16.6299991607666,627100
2026-06-03,16.479999542236328,16.479999542236328,16.290000915527344,16.350000381469727,16.350000381469727,322900
2026-06-04,16.549999237060547,16.690000534057617,16.540000915527344,16.6299991607666,16.6299991607666,441000
2026-06-05,17.219999313354492,17.389999389648438,17.0,17.1200008392334,17.1200008392334,420500
2026-06-08,17.170000076293945,17.260000228881836,17.040000915527344,17.079999923706055,17.079999923706055,640100
2026-06-09,17.530000686645508,17.65999984741211,16.010000228881836,17.43000030517578,17.43000030517578,492000
2026-06-10,17.940000534057617,18.200000762939453,17.899999618530273,17.950000762939453,17.950000762939453,231200
2026-06-11,18.770000457763672,19.229999542236328,18.770000457763672,19.139999389648438,19.139999389648438,456100
2026-06-12,19.0,19.1299991607666,18.899999618530273,19.059999465942383,19.059999465942383,270700
2026-06-15,19.059999465942383,19.059999465942383,18.56999969482422,18.639999389648438,18.639999389648438,822800
2026-06-16,18.889999389648438,18.889999389648438,18.729999542236328,18.790000915527344,18.790000915527344,422700
2026-06-17,18.940000534057617,19.229999542236328,18.40999984741211,18.40999984741211,18.40999984741211,819200
2026-06-18,18.5,19.200000762939453,18.5,19.0,19.0,371700
2026-06-22,19.860000610351562,20.0,19.719999313354492,19.8799991607666,19.8799991607666,746800
2026-06-23,19.65999984741211,19.729999542236328,19.440000534057617,19.59000015258789,19.59000015258789,907400
2026-06-24,19.90999984741211,20.149999618530273,19.8799991607666,19.90999984741211,19.90999984741211,682000
2026-06-25,20.540000915527344,20.549999237060547,20.229999542236328,20.450000762939453,20.450000762939453,357100
2026-06-26,19.8700008392334,20.030000686645508,19.809999465942383,19.979999542236328,19.979999542236328,375200
2026-06-29,19.84000015258789,20.1200008392334,19.709999084472656,20.1200008392334,20.1200008392334,486700
2026-06-30,20.520000457763672,20.520000457763672,19.709999084472656,20.059999465942383,20.059999465942383,565000
2026-07-01,20.389999389648438,20.780000686645508,20.389999389648438,20.5,20.5,188300
2026-07-02,20.68000030517578,20.719999313354492,20.280000686645508,20.489999771118164,20.489999771118164,251800
2026-07-06,21.459999084472656,21.93000030517578,21.459999084472656,21.790000915527344,21.790000915527344,482100
2026-07-07,21.670000076293945,22.0,21.520000457763672,21.68000030517578,21.68000030517578,796900
2026-07-08,21.530000686645508,21.610000610351562,21.309999465942383,21.610000610351562,21.610000610351562,489300
2026-07-09,21.860000610351562,22.0,21.84000015258789,21.950000762939453,21.950000762939453,247300
2026-07-10,21.600000381469727,22.540000915527344,21.389999389648438,21.610000610351562,21.610000610351562,438000
