date,open,high,low,close,adjclose,volume
2015-01-02,102.12999725341797,103.12999725341797,101.15666961669922,102.11333465576172,99.37493896484375,2784300
2015-01-05,101.33333587646484,103.13999938964844,101.16666412353516,101.94999694824219,99.21597290039062,4631700
2015-01-06,102.41000366210938,103.12000274658203,99.34666442871094,100.2699966430664,97.5810546875,5651100
2015-01-07,101.48666381835938,104.0,101.41999816894531,104.0,101.21102142333984,4649100
2015-01-08,105.31666564941406,105.56666564941406,103.88666534423828,104.8133316040039,102.00253295898438,4237200
2015-01-09,105.53333282470703,105.6933364868164,103.40666961669922,104.44000244140625,101.63921356201172,3108000
2015-01-12,105.18000030517578,105.9800033569336,104.11000061035156,105.0199966430664,102.20366668701172,6644700
2015-01-13,106.38999938964844,107.48666381835938,103.7933349609375,104.98999786376953,102.1744613647461,7133400
2015-01-14,103.8066635131836,105.64666748046875,103.5199966430664,105.19000244140625,102.36907958984375,4441800
2015-01-15,105.7933349609375,106.09333038330078,102.43333435058594,102.56666564941406,99.81613159179688,5412900
2015-01-16,102.51000213623047,105.98999786376953,102.5,105.94000244140625,103.09899139404297,5792100
2015-01-20,106.76000213623047,107.94000244140625,104.9433364868164,107.74333190917969,104.85396575927734,5039100
2015-01-21,107.13333129882812,107.7699966430664,105.85333251953125,106.163330078125,103.31631469726562,4413900
2015-01-22,106.62666320800781,107.01000213623047,103.7066650390625,106.98999786376953,104.12083435058594,4982700
2015-01-23,106.83333587646484,107.663330078125,106.413330078125,107.47000122070312,104.58796691894531,2269500
2015-01-26,107.70999908447266,109.44000244140625,107.05000305175781,109.33333587646484,106.40132141113281,3930900
2015-01-27,107.87333679199219,109.73332977294922,107.87333679199219,108.66000366210938,105.74604034423828,4299300
2015-01-28,109.26667022705078,109.51667022705078,106.20333099365234,106.32666778564453,103.47526550292969,4239000
2015-01-29,106.62666320800781,107.66999816894531,104.913330078125,107.61666870117188,104.7306900024414,3568500
2015-01-30,107.97666931152344,109.72000122070312,107.0199966430664,107.21666717529297,104.34142303466797,5065800
2015-02-02,107.88333129882812,108.1500015258789,105.12999725341797,106.52666473388672,103.66993713378906,5682900
2015-02-03,106.9433364868164,107.33333587646484,103.37666320800781,105.93000030517578,103.08926391601562,9231000
2015-02-04,103.37666320800781,104.8933334350586,101.66999816894531,104.18333435058594,101.38944244384766,9524700
2015-02-05,104.90333557128906,106.83000183105469,104.5566635131836,106.63666534423828,103.7769546508789,2820900
2015-02-06,106.63666534423828,107.6066665649414,104.93000030517578,105.19667053222656,102.3756103515625,3095700
2015-02-09,104.7300033569336,105.81999969482422,104.36000061035156,104.47000122070312,101.66839599609375,3246300
2015-02-10,105.47666931152344,106.41999816894531,104.80999755859375,106.086669921875,103.24175262451172,2543100
2015-02-11,106.05999755859375,107.49666595458984,105.1500015258789,105.75,102.9140853881836,3672300
2015-02-12,106.663330078125,106.8566665649414,105.25666809082031,106.8066635131836,103.9424057006836,2194800
2015-02-13,107.29666900634766,107.8499984741211,106.0433349609375,107.81999969482422,104.9285888671875,2461800
2015-02-17,107.7300033569336,109.08000183105469,107.57666778564453,108.94000244140625,106.01854705810547,2646300
2015-02-18,108.94000244140625,109.8066635131836,108.1933364868164,109.8066635131836,106.86195373535156,2783400
2015-02-19,109.5,110.88333129882812,109.5,110.663330078125,107.69566345214844,2758500
2015-02-20,110.51667022705078,112.1433334350586,110.40666961669922,112.1433334350586,109.13592529296875,2802600
2015-02-23,112.6066665649414,113.81999969482422,112.15333557128906,112.66666412353516,109.645263671875,4569000
2015-02-24,112.87999725341797,112.94000244140625,110.95999908447266,111.71666717529297,108.72075653076172,4664400
2015-02-25,111.79000091552734,113.83000183105469,110.66666412353516,113.1500015258789,110.11563110351562,5595300
2015-02-26,112.92333221435547,113.6433334350586,111.69000244140625,113.5999984741211,110.55354309082031,3985800
2015-02-27,113.21333312988281,113.64666748046875,112.06999969482422,112.48999786376953,109.47333526611328,4445700
2015-03-02,112.41000366210938,113.40666961669922,112.38333129882812,113.25,110.21295928955078,3087600
2015-03-03,113.22333526611328,113.24666595458984,111.32333374023438,112.63999938964844,109.61930084228516,5032500
2015-03-04,112.18000030517578,113.97666931152344,111.33333587646484,113.36333465576172,110.32322692871094,3923700
2015-03-05,114.75666809082031,116.32666778564453,114.58999633789062,115.88999938964844,112.78216552734375,4975500
2015-03-06,115.40666961669922,115.66666412353516,113.85333251953125,114.12000274658203,111.05960845947266,4872000
2015-03-09,114.16999816894531,114.4800033569336,112.94999694824219,114.29000091552734,111.2250747680664,3171900
2015-03-10,113.15666961669922,115.22000122070312,112.47000122070312,113.80999755859375,110.75792694091797,5323200
2015-03-11,114.26000213623047,114.6933364868164,113.22333526611328,114.18000030517578,111.11801147460938,3143400
2015-03-12,114.74666595458984,115.02333068847656,113.69999694824219,114.9433364868164,111.86087036132812,2447400
2015-03-13,114.86666870117188,116.4366683959961,114.08999633789062,115.11000061035156,112.02306365966797,3033000
2015-03-16,115.91999816894531,117.98999786376953,115.83999633789062,117.98999786376953,114.8258285522461,5038200
2015-03-17,117.66999816894531,118.87666320800781,117.1933364868164,118.75,115.56546020507812,3957300
2015-03-18,118.47000122070312,120.14666748046875,117.45333099365234,119.37999725341797,116.17857360839844,4645500
2015-03-19,120.01000213623047,121.96333312988281,120.0,121.75,118.48499298095703,7547100
2015-03-20,124.87333679199219,124.98999786376953,121.20999908447266,122.17333221435547,118.89696502685547,10006800
2015-03-23,120.53333282470703,120.88999938964844,118.75,119.42666625976562,116.22394561767578,8198700
2015-03-24,119.63333129882812,120.97666931152344,118.57333374023438,118.6500015258789,115.46814727783203,7538400
2015-03-25,118.83333587646484,119.61333465576172,113.586669921875,113.76667022705078,110.71577453613281,14417400
2015-03-26,112.22666931152344,115.0433349609375,111.26000213623047,113.60333251953125,110.5567855834961,15654300
2015-03-27,113.99333190917969,116.4800033569336,113.87999725341797,115.81999969482422,112.71404266357422,5925000
2015-03-30,117.5566635131836,117.68000030517578,115.83333587646484,117.1066665649414,113.96617889404297,6453600
2015-03-31,116.5,116.60333251953125,114.47666931152344,114.47666931152344,111.40669250488281,5955900
2015-04-01,114.22666931152344,114.40666961669922,111.37333679199219,113.36000061035156,110.31999969482422,11784300
2015-04-02,113.47666931152344,113.82333374023438,112.41666412353516,113.23332977294922,110.19676208496094,6243900
2015-04-06,112.34333038330078,114.08000183105469,112.26667022705078,112.94999694824219,109.9209976196289,4216800
2015-04-07,113.13666534423828,115.63999938964844,113.10333251953125,113.97333526611328,110.91688537597656,7179000
2015-04-08,114.30999755859375,117.8066635131836,114.30999755859375,117.336669921875,114.19003295898438,6975600
2015-04-09,117.1866683959961,118.51000213623047,116.26333618164062,117.6866683959961,114.53063201904297,4931400
2015-04-10,118.15666961669922,119.413330078125,117.60333251953125,119.1500015258789,115.95472717285156,3066600
2015-04-13,119.23332977294922,120.64666748046875,118.91000366210938,119.44000244140625,116.2369613647461,3680100
2015-04-14,119.6933364868164,119.98999786376953,118.04000091552734,119.06999969482422,115.87686920166016,3690000
2015-04-15,120.0566635131836,120.66666412353516,118.68000030517578,120.3133316040039,117.08686065673828,6820800
2015-04-16,120.33333587646484,120.9800033569336,119.71333312988281,120.5,117.26851654052734,2315700
2015-04-17,119.62000274658203,120.03333282470703,117.70333099365234,118.81999969482422,115.63358306884766,5530500
2015-04-20,119.54000091552734,119.83333587646484,118.08333587646484,119.31666564941406,116.11692810058594,3607200
2015-04-21,120.55999755859375,121.77666473388672,119.97000122070312,121.5,118.24171447753906,4911300
2015-04-22,122.47666931152344,122.5999984741211,120.62333679199219,121.27999877929688,118.02761840820312,3666600
2015-04-23,121.32666778564453,122.75,120.66666412353516,122.55999755859375,119.27327728271484,3802200
2015-04-24,121.75333404541016,122.5,120.94000244140625,121.23332977294922,117.982177734375,3560100
2015-04-27,121.54666900634766,121.73666381835938,115.86333465576172,116.18333435058594,113.06763458251953,12968700
2015-04-28,116.4800033569336,117.51000213623047,112.86666870117188,114.83333587646484,111.75381469726562,12921000
2015-04-29,114.19999694824219,116.3499984741211,113.57666778564453,114.9366683959961,111.85440063476562,7077900
2015-04-30,114.13333129882812,115.2066650390625,110.19999694824219,111.22000122070312,108.23736572265625,10579500
2015-05-01,112.91999816894531,114.8499984741211,112.66999816894531,114.66666412353516,111.59162139892578,7509300
2015-05-04,114.90666961669922,116.913330078125,114.7699966430664,115.0633316040039,111.97767639160156,6854700
2015-05-05,114.75,114.96666717529297,112.36000061035156,112.66666412353516,109.645263671875,6056700
2015-05-06,113.9433364868164,114.66666412353516,112.2699966430664,113.57333374023438,110.52761840820312,6186000
2015-05-07,114.37666320800781,114.9800033569336,112.9000015258789,114.70333099365234,111.62728881835938,4801500
2015-05-08,116.26000213623047,117.90666961669922,116.02999877929688,117.37999725341797,114.232177734375,6302400
2015-05-11,117.99666595458984,118.30999755859375,117.0,117.43000030517578,114.28083801269531,3516000
2015-05-12,116.30332946777344,117.6433334350586,115.336669921875,117.26333618164062,114.1186294555664,6048000
2015-05-13,117.59666442871094,118.38666534423828,116.39666748046875,116.94999694824219,113.813720703125,3414300
2015-05-14,117.8066635131836,118.55000305175781,115.9800033569336,118.52999877929688,115.35136413574219,4252200
2015-05-15,118.63999938964844,118.99666595458984,117.93333435058594,118.53666687011719,115.35787963867188,3575700
2015-05-18,117.98666381835938,120.22333526611328,117.98666381835938,120.0999984741211,116.87925720214844,4345800
2015-05-19,120.2699966430664,120.6500015258789,119.52999877929688,120.16000366210938,116.9376449584961,3495600
2015-05-20,120.16000366210938,121.9000015258789,119.0433349609375,121.19667053222656,117.94648742675781,4174800
2015-05-21,121.38333129882812,121.76000213623047,120.54000091552734,121.19999694824219,117.94973754882812,2675700
2015-05-22,121.17666625976562,121.83000183105469,120.88999938964844,121.51333618164062,118.25467681884766,2651100
2015-05-26,120.836669921875,121.4000015258789,119.5,120.0999984741211,116.87925720214844,3967800
2015-05-27,120.0999984741211,122.33333587646484,119.8499984741211,122.31999969482422,119.03972625732422,4057200
2015-05-28,121.77999877929688,122.33000183105469,120.66666412353516,121.62999725341797,118.36823272705078,4662300
2015-05-29,121.51667022705078,122.61333465576172,121.06999969482422,121.67666625976562,118.41365814208984,6650400
2015-06-01,122.33333587646484,122.4566650390625,120.19999694824219,121.60333251953125,118.3422622680664,4046400
2015-06-02,121.13999938964844,122.04000091552734,120.09333038330078,121.15333557128906,117.90434265136719,5007000
2015-06-03,121.87999725341797,122.06666564941406,120.86000061035156,121.6066665649414,118.34551239013672,2614200
2015-06-04,121.20999908447266,122.05999755859375,120.0199966430664,120.93000030517578,117.68701171875,4602900
2015-06-05,120.49333190917969,122.56999969482422,119.69999694824219,122.34666442871094,119.0656509399414,6040200
2015-06-08,122.37333679199219,122.6500015258789,121.086669921875,121.66999816894531,118.40715789794922,4745700
2015-06-09,121.61333465576172,121.65666961669922,119.48999786376953,120.21333312988281,116.98953247070312,7665600
2015-06-10,119.91999816894531,122.02999877929688,119.26667022705078,121.9433364868164,118.67314147949219,5847000
2015-06-11,122.31666564941406,122.87000274658203,121.76667022705078,122.69000244140625,119.3998031616211,3821700
2015-06-12,121.91000366210938,122.30000305175781,120.66666412353516,121.30000305175781,118.04708862304688,3837900
2015-06-15,120.30000305175781,121.36333465576172,119.41000366210938,121.22666931152344,117.9757308959961,4170000
2015-06-16,120.66999816894531,121.84666442871094,120.5,121.45999908447266,118.20278930664062,2786100
2015-06-17,121.91999816894531,122.66666412353516,121.46333312988281,122.18333435058594,118.90668487548828,3907800
2015-06-18,122.72000122070312,126.12000274658203,122.51000213623047,125.95999908447266,122.58208465576172,10119600
2015-06-19,126.0,126.38666534423828,125.0,125.83000183105469,122.45561218261719,6169800
2015-06-22,126.8933334350586,127.84666442871094,126.43000030517578,127.72333526611328,124.29816436767578,5211300
2015-06-23,127.83333587646484,128.33999633789062,126.9366683959961,127.75,124.32410430908203,3612300
2015-06-24,127.45999908447266,127.76000213623047,125.5199966430664,125.86333465576172,122.50656127929688,3753900
2015-06-25,126.0199966430664,126.65666961669922,124.50666809082031,125.27999877929688,121.93878173828125,4518300
2015-06-26,125.66666412353516,125.83333587646484,123.0999984741211,124.26000213623047,120.94600677490234,5629800
2015-06-29,122.663330078125,123.97666931152344,120.19000244140625,120.19000244140625,116.98454284667969,6110100
2015-06-30,122.05999755859375,123.38999938964844,121.08999633789062,122.98999786376953,119.70985412597656,6465600
2015-07-01,124.68000030517578,125.0,122.63666534423828,123.30000305175781,120.0116195678711,4024800
2015-07-02,124.03333282470703,124.03333282470703,122.6866683959961,123.44999694824219,120.1576156616211,2522400
2015-07-06,122.55332946777344,125.27666473388672,122.0,124.12000274658203,120.80974578857422,3436200
2015-07-07,124.41999816894531,124.63999938964844,121.94999694824219,124.47333526611328,121.15364837646484,4275600
2015-07-08,123.0,123.58333587646484,120.62999725341797,120.92666625976562,117.7015609741211,7446600
2015-07-09,122.7699966430664,123.1433334350586,121.78333282470703,122.24666595458984,118.9863510131836,3891900
2015-07-10,124.00666809082031,124.28666687011719,122.51333618164062,124.26667022705078,120.9524917602539,4064100
2015-07-13,125.4000015258789,126.69000244140625,125.33333587646484,126.38333129882812,123.01268768310547,3642600
2015-07-14,126.8066635131836,129.55999755859375,126.41666412353516,129.31333923339844,125.86455535888672,5626200
2015-07-15,131.02000427246094,132.31333923339844,129.6999969482422,130.25332641601562,126.77949523925781,7240200
2015-07-16,131.1699981689453,132.16000366210938,130.4499969482422,131.88999938964844,128.3725128173828,4417500
2015-07-17,131.6666717529297,132.56333923339844,130.9499969482422,132.52999877929688,128.99545288085938,3879600
2015-07-20,133.08999633789062,133.59666442871094,132.1666717529297,132.6666717529297,129.12847900390625,3635100
2015-07-21,132.6666717529297,132.88999938964844,130.34666442871094,131.8300018310547,128.31410217285156,4172700
2015-07-22,130.0366668701172,131.8699951171875,129.6366729736328,131.4499969482422,127.9441909790039,4094100
2015-07-23,131.4499969482422,132.52667236328125,130.77333068847656,131.25,127.74959564208984,5461200
2015-07-24,128.8766632080078,129.6666717529297,125.31999969482422,125.86000061035156,122.5033187866211,11766300
2015-07-27,124.81666564941406,125.52333068847656,123.2300033569336,124.52666473388672,121.20556640625,8741400
2015-07-28,125.91999816894531,127.77666473388672,124.5633316040039,127.61333465576172,124.20989227294922,6431700
2015-07-29,128.25,128.4933319091797,124.8933334350586,125.80999755859375,122.45467376708984,4540800
2015-07-30,124.66666412353516,126.71333312988281,123.43333435058594,126.26667022705078,122.89912414550781,4700700
2015-07-31,127.13999938964844,128.4566650390625,126.58333587646484,127.51000213623047,124.10932159423828,3256200
2015-08-03,127.80000305175781,128.5,126.27666473388672,127.37666320800781,123.97955322265625,2483700
2015-08-04,128.086669921875,128.94000244140625,127.40333557128906,127.9366683959961,124.52461242675781,2487300
2015-08-05,128.94000244140625,130.01666259765625,128.5,128.9066619873047,125.46874237060547,3444600
2015-08-06,129.11666870117188,129.2133331298828,123.20999908447266,123.36000061035156,120.06998443603516,9180000
2015-08-07,124.0,124.0,120.5433349609375,122.88999938964844,119.61253356933594,10519200
2015-08-10,124.13333129882812,125.51000213623047,123.54666900634766,123.8066635131836,120.50472259521484,5478300
2015-08-11,122.79000091552734,124.17666625976562,121.24666595458984,122.38999938964844,119.12588500976562,4472700
2015-08-12,121.17666625976562,123.70999908447266,119.03666687011719,123.38666534423828,120.0959701538086,6894600
2015-08-13,123.70999908447266,124.13999938964844,121.88999938964844,122.12999725341797,118.872802734375,3201000
2015-08-14,121.99666595458984,122.30999755859375,119.7066650390625,121.35333251953125,118.11687469482422,4200300
2015-08-17,120.50333404541016,124.0,120.0199966430664,123.87333679199219,120.56964874267578,3870600
2015-08-18,123.76667022705078,124.30332946777344,122.5566635131836,122.76000213623047,119.48601531982422,2232600
2015-08-19,121.66666412353516,122.97333526611328,120.52333068847656,121.88999938964844,118.63922882080078,4169100
2015-08-20,120.66666412353516,121.61666870117188,116.9000015258789,116.94000244140625,113.82122802734375,7516500
2015-08-21,115.06666564941406,117.913330078125,113.26667022705078,113.27999877929688,110.25882720947266,14558700
2015-08-24,104.09666442871094,113.41000366210938,94.72000122070312,108.2933349609375,105.40518188476562,14632500
2015-08-25,112.33333587646484,115.01333618164062,108.41999816894531,108.41999816894531,105.52843475341797,8665500
2015-08-26,111.66666412353516,114.11000061035156,108.16666412353516,113.91666412353516,110.8785171508789,8207700
2015-08-27,116.1433334350586,117.23666381835938,114.36666870117188,116.97000122070312,113.85042572021484,8760000
2015-08-28,116.25,117.76000213623047,115.81666564941406,117.76000213623047,114.61935424804688,5060700
2015-08-31,117.33999633789062,118.16666412353516,113.62999725341797,113.99666595458984,110.95638275146484,5460600
2015-09-01,111.31666564941406,113.6433334350586,110.56666564941406,111.11333465576172,108.14995574951172,6798300
2015-09-02,112.5566635131836,115.41000366210938,111.14666748046875,115.41000366210938,112.33203887939453,5130300
2015-09-03,115.40666961669922,116.48999786376953,112.5,112.87666320800781,109.86626434326172,6551700
2015-09-04,111.20333099365234,113.66666412353516,110.67333221435547,112.36666870117188,109.36986541748047,5403600
2015-09-08,114.73332977294922,117.38666534423828,114.08999633789062,117.25666809082031,114.12944030761719,6017400
2015-09-09,118.30000305175781,118.80999755859375,114.37999725341797,114.73999786376953,111.67990112304688,5736000
2015-09-10,114.73332977294922,117.5,114.4566650390625,116.90666961669922,113.78878784179688,5133900
2015-09-11,116.0433349609375,118.31999969482422,115.83333587646484,118.24666595458984,115.09304809570312,4027200
2015-09-14,118.21333312988281,118.62999725341797,116.5,117.80000305175781,114.65828704833984,2611200
2015-09-15,118.08333587646484,119.39666748046875,117.16666412353516,119.15333557128906,115.97552490234375,3548700
2015-09-16,119.21666717529297,119.94999694824219,117.23666381835938,118.37999725341797,115.22281646728516,5234100
2015-09-17,118.33333587646484,122.1866683959961,118.01667022705078,120.83333587646484,117.61072540283203,6697500
2015-09-18,118.63999938964844,120.28666687011719,118.63999938964844,118.91999816894531,115.74842071533203,6016500
2015-09-21,119.8133316040039,119.91999816894531,112.5199966430664,113.48999786376953,110.46321868896484,16399500
2015-09-22,111.7300033569336,112.63333129882812,109.57666778564453,111.80000305175781,108.81829833984375,13431000
2015-09-23,111.5999984741211,113.03666687011719,110.11000061035156,110.94000244140625,107.98123168945312,5983500
2015-09-24,109.84333038330078,110.77333068847656,106.70333099365234,108.73999786376953,105.83991241455078,12867000
2015-09-25,110.26333618164062,110.33333587646484,101.5199966430664,103.413330078125,100.65593719482422,27253500
2015-09-28,102.17666625976562,102.66666412353516,95.17666625976562,96.87000274658203,94.28704833984375,35551800
2015-09-29,97.22000122070312,101.10333251953125,95.50333404541016,96.49333190917969,93.92042541503906,24563100
2015-09-30,99.62666320800781,101.71333312988281,98.33999633789062,101.11000061035156,98.41400909423828,17572500
2015-10-01,101.06999969482422,101.9800033569336,99.0,101.65333557128906,98.94286346435547,11092800
2015-10-02,99.07333374023438,105.33333587646484,99.07333374023438,105.17666625976562,102.37223052978516,12829500
2015-10-05,106.16666412353516,107.86333465576172,102.88666534423828,104.4000015258789,101.61626434326172,10434900
2015-10-06,103.1500015258789,103.33333587646484,97.51667022705078,100.63666534423828,97.95329284667969,17507400
2015-10-07,100.99666595458984,103.81999969482422,99.18333435058594,102.59666442871094,99.86103057861328,14959200
2015-10-08,102.0566635131836,103.09666442871094,98.9366683959961,102.4000015258789,99.66964721679688,11133300
2015-10-09,102.4366683959961,103.83333587646484,101.20333099365234,102.81666564941406,100.0751724243164,6156000
2015-10-12,103.80999755859375,104.0999984741211,102.0,102.84666442871094,100.1043701171875,5952000
2015-10-13,101.90333557128906,104.16000366210938,99.48999786376953,99.586669921875,96.93128204345703,8836500
2015-10-14,100.75333404541016,102.4800033569336,99.13333129882812,100.52666473388672,97.84622192382812,13754100
2015-10-15,99.33333587646484,104.94999694824219,99.12666320800781,104.91999816894531,102.1224365234375,10670100
2015-10-16,105.0,106.11000061035156,103.33333587646484,104.77333068847656,101.97969818115234,9627900
2015-10-19,104.34333038330078,107.0199966430664,102.8933334350586,105.3133316040039,102.50528717041016,11850000
2015-10-20,105.2699966430664,105.41999816894531,101.81666564941406,101.98666381835938,99.26729583740234,9554700
2015-10-21,103.71333312988281,104.2300033569336,98.36666870117188,101.48666381835938,98.78063201904297,18375000
2015-10-22,101.69667053222656,102.61000061035156,99.45999908447266,102.03666687011719,99.31597900390625,11796000
2015-10-23,103.42666625976562,105.4366683959961,102.88999938964844,105.42666625976562,102.61559295654297,11672400
2015-10-26,105.0,107.40333557128906,103.75,105.81666564941406,102.99518585205078,7387500
2015-10-27,106.01667022705078,109.21666717529297,105.913330078125,109.21666717529297,106.30452728271484,7767300
2015-10-28,108.95333099365234,110.59666442871094,106.95999908447266,110.59666442871094,107.64771270751953,8876700
2015-10-29,110.79666900634766,112.29666900634766,109.16666412353516,109.51667022705078,106.59651947021484,7860600
2015-10-30,109.95333099365234,110.0,108.26333618164062,108.48666381835938,105.593994140625,6084900
2015-11-02,108.94000244140625,112.88666534423828,108.80000305175781,112.6866683959961,109.68199920654297,6058200
2015-11-03,112.3133316040039,113.75,111.04000091552734,113.02666473388672,110.012939453125,6390600
2015-11-04,113.5,113.7300033569336,110.70333099365234,112.5433349609375,109.5425033569336,6015300
2015-11-05,111.84333038330078,111.98332977294922,109.23332977294922,110.37999725341797,107.43682098388672,7906200
2015-11-06,110.26333618164062,110.76667022705078,107.90333557128906,110.08000183105469,107.14482879638672,6071700
2015-11-09,109.336669921875,110.98999786376953,109.09333038330078,110.1933364868164,107.255126953125,3623700
2015-11-10,109.6433334350586,110.77999877929688,109.0199966430664,110.65333557128906,107.702880859375,3300300
2015-11-11,111.0,111.163330078125,108.91999816894531,108.94999694824219,106.04497528076172,3448500
2015-11-12,108.34666442871094,109.2300033569336,101.93000030517578,106.70333099365234,103.85821533203125,5588700
2015-11-13,106.70333099365234,109.48666381835938,106.28333282470703,107.87999725341797,105.00348663330078,7596600
2015-11-16,107.16666412353516,108.33000183105469,105.836669921875,108.29666900634766,105.4090576171875,5008200
2015-11-17,108.8066635131836,110.50333404541016,107.73332977294922,109.71333312988281,106.7879409790039,4267500
2015-11-18,110.33000183105469,113.00333404541016,109.77333068847656,112.913330078125,109.9026107788086,7876800
2015-11-19,112.99666595458984,113.13666534423828,110.91000366210938,111.13999938964844,108.17658233642578,4864500
2015-11-20,111.77999877929688,112.23999786376953,110.9433364868164,111.163330078125,108.19926452636719,3689100
2015-11-23,111.10333251953125,112.93000030517578,111.01667022705078,111.97333526611328,108.98770141601562,5441700
2015-11-24,111.0566635131836,111.90666961669922,110.5,111.75666809082031,108.77677917480469,3404100
2015-11-25,111.66666412353516,113.18000030517578,111.65666961669922,112.94999694824219,109.93830108642578,3422100
2015-11-27,113.08000183105469,113.83999633789062,113.01000213623047,113.66999816894531,110.63910675048828,1374000
2015-11-30,113.9433364868164,114.29666900634766,110.69999694824219,111.4566650390625,108.48477935791016,5771100
2015-12-01,112.08999633789062,112.413330078125,110.47000122070312,112.05332946777344,109.06556701660156,6147300
2015-12-02,112.05332946777344,113.0,110.93333435058594,111.3133316040039,108.34528350830078,3737400
2015-12-03,111.37333679199219,111.6066665649414,106.61333465576172,107.32333374023438,104.4616928100586,7607700
2015-12-04,107.66666412353516,110.61000061035156,107.5633316040039,110.57333374023438,107.62501525878906,6663600
2015-12-07,110.16999816894531,110.34666442871094,107.84333038330078,108.09333038330078,105.2111587524414,5368200
2015-12-08,106.92333221435547,110.55000305175781,106.92333221435547,110.19667053222656,107.25840759277344,4528500
2015-12-09,109.50333404541016,110.3133316040039,107.6866683959961,108.4000015258789,105.50963592529297,4754100
2015-12-10,108.44999694824219,110.15666961669922,108.11000061035156,109.80332946777344,106.87553405761719,3627300
2015-12-11,108.73999786376953,109.27666473388672,106.5,106.62999725341797,103.78683471679688,7915200
2015-12-14,106.94667053222656,107.9000015258789,104.84333038330078,106.94667053222656,104.09506225585938,6553800
2015-12-15,108.38333129882812,110.38333129882812,107.86000061035156,109.99666595458984,107.06371307373047,5105700
2015-12-16,110.96666717529297,112.72000122070312,110.0,112.46666717529297,109.46785736083984,4420500
2015-12-17,113.0,113.0,110.45333099365234,110.7066650390625,107.75479125976562,7539900
2015-12-18,110.42666625976562,111.58999633789062,109.73666381835938,110.49666595458984,107.5503921508789,6702300
2015-12-21,110.55332946777344,111.04000091552734,109.38999938964844,110.70999908447266,107.75804901123047,2226300
2015-12-22,111.03666687011719,111.5,109.87000274658203,110.88666534423828,107.92998504638672,3122100
2015-12-23,111.83333587646484,113.16000366210938,111.6066665649414,112.9000015258789,109.88963317871094,3036900
2015-12-24,112.9433364868164,113.62000274658203,112.67666625976562,113.26333618164062,110.25370788574219,954900
2015-12-28,112.58333587646484,112.94000244140625,111.73332977294922,112.40666961669922,109.41979217529297,2553300
2015-12-29,113.0,114.62333679199219,112.836669921875,114.37000274658203,111.33094024658203,2558400
2015-12-30,114.01333618164062,114.46666717529297,113.29000091552734,113.62000274658203,110.60089111328125,2928600
2015-12-31,113.1933364868164,113.92333221435547,112.77333068847656,112.77666473388672,109.77995300292969,2885400
2016-01-04,110.38333129882812,110.59333038330078,108.17333221435547,108.9566650390625,106.06147003173828,9717000
2016-01-05,109.11333465576172,110.32333374023438,108.21666717529297,108.98666381835938,106.0906753540039,4901100
2016-01-06,106.83333587646484,108.53666687011719,106.01667022705078,107.04000091552734,104.19572448730469,6814800
2016-01-07,104.48999786376953,105.3933334350586,102.59333038330078,102.59333038330078,99.86721801757812,10040100
2016-01-08,104.16666412353516,104.43000030517578,100.52999877929688,100.73332977294922,98.05663299560547,7579500
2016-01-11,101.55000305175781,101.586669921875,95.01000213623047,97.2300033569336,94.64640045166016,11290500
2016-01-12,98.5,100.80000305175781,95.35333251953125,98.73332977294922,96.10978698730469,11864100
2016-01-13,99.0,99.63333129882812,93.15333557128906,93.37999725341797,90.89869689941406,10349100
2016-01-14,93.50333404541016,98.37666320800781,91.15666961669922,97.14666748046875,94.56527709960938,13084200
2016-01-15,92.28666687011719,95.49666595458984,92.28666687011719,94.72666931152344,92.2095947265625,10547400
2016-01-19,95.88999938964844,96.63333129882812,91.0199966430664,92.61333465576172,90.15240478515625,9985800
2016-01-20,90.49333190917969,96.57666778564453,89.50666809082031,95.163330078125,92.63465118408203,13780200
2016-01-21,94.40666961669922,95.83333587646484,92.76000213623047,92.91666412353516,90.44766998291016,9902100
2016-01-22,95.27333068847656,96.38999938964844,93.913330078125,96.00666809082031,93.45556640625,7226700
2016-01-25,95.67666625976562,96.84333038330078,94.3066635131836,94.4000015258789,91.89160919189453,5445000
2016-01-26,94.62000274658203,94.94999694824219,91.93333435058594,94.02666473388672,91.52816009521484,7225500
2016-01-27,94.62666320800781,95.29666900634766,90.48999786376953,91.13333129882812,88.71173095703125,7804200
2016-01-28,91.17333221435547,92.0566635131836,86.35333251953125,87.82333374023438,85.48970031738281,18116100
2016-01-29,87.62999725341797,89.44000244140625,86.82333374023438,89.01667022705078,86.65132141113281,8804700
2016-02-01,88.27666473388672,90.14666748046875,87.26667022705078,89.51000213623047,87.13153839111328,6125400
2016-02-02,88.24666595458984,88.92333221435547,86.24333190917969,87.00333404541016,84.69145965576172,7153200
2016-02-03,87.16666412353516,88.03666687011719,83.87666320800781,88.0,85.66165924072266,12018600
2016-02-04,87.51000213623047,90.58999633789062,86.66666412353516,88.2300033569336,85.88555145263672,11823600
2016-02-05,87.85333251953125,88.25666809082031,84.28333282470703,85.413330078125,83.14372253417969,12503100
2016-02-08,83.58333587646484,83.9366683959961,81.26667022705078,82.7066650390625,80.5090103149414,9744600
2016-02-09,80.23999786376953,84.40333557128906,80.01000213623047,82.80000305175781,80.59983825683594,10568100
2016-02-10,83.15333557128906,85.86000061035156,82.87999725341797,83.30999755859375,81.0962905883789,6445800
2016-02-11,80.98332977294922,82.08333587646484,80.18333435058594,81.34666442871094,79.18512725830078,8374200
2016-02-12,82.49666595458984,83.78666687011719,80.53666687011719,83.7300033569336,81.50511932373047,7249800
2016-02-16,85.11333465576172,86.25,84.80000305175781,86.23999786376953,83.94843292236328,7945500
2016-02-17,87.836669921875,88.87333679199219,86.23332977294922,88.77333068847656,86.41443634033203,7645500
2016-02-18,89.05999755859375,89.19999694824219,86.336669921875,86.47333526611328,84.17556762695312,6281100
2016-02-19,86.21666717529297,87.58999633789062,85.17333221435547,87.27666473388672,84.95756530761719,5489400
2016-02-22,88.6500015258789,88.7933349609375,87.32333374023438,87.87333679199219,85.53836822509766,4351800
2016-02-23,87.44667053222656,88.2933349609375,85.73999786376953,85.8066635131836,83.526611328125,4092600
2016-02-24,84.6933364868164,86.41999816894531,83.4000015258789,86.26000213623047,83.9679183959961,6380400
2016-02-25,86.66666412353516,87.71333312988281,85.55332946777344,86.44000244140625,84.14313507080078,3517200
2016-02-26,87.25,87.90666961669922,86.55000305175781,87.163330078125,84.84721374511719,5088300
2016-02-29,87.11000061035156,87.19999694824219,84.69667053222656,84.69667053222656,82.44609832763672,5165700
2016-03-01,85.52999877929688,88.4433364868164,84.58000183105469,88.42333221435547,86.07376861572266,8280000
2016-03-02,88.413330078125,89.93000030517578,88.02333068847656,89.37333679199219,86.9985122680664,6778200
2016-03-03,89.43000030517578,89.46666717529297,87.63999938964844,88.08000183105469,85.73954772949219,3186900
2016-03-04,88.2933349609375,89.24333190917969,87.13333129882812,87.70999908447266,85.37936401367188,7288200
2016-03-07,87.23332977294922,90.69000244140625,86.97333526611328,89.91999816894531,87.53064727783203,6287700
2016-03-08,89.48666381835938,89.65333557128906,86.48332977294922,86.70999908447266,84.40596008300781,5064900
2016-03-09,87.0999984741211,87.26667022705078,84.55332946777344,85.70999908447266,83.4324951171875,8793300
2016-03-10,85.91000366210938,87.4000015258789,84.13333129882812,85.02666473388672,82.76734924316406,6606900
2016-03-11,85.9800033569336,87.38666534423828,85.47333526611328,87.3133316040039,84.99324035644531,5350800
2016-03-14,87.25666809082031,87.88666534423828,86.8933334350586,87.14666748046875,84.83102416992188,2841300
2016-03-15,85.99333190917969,86.48999786376953,83.4800033569336,83.82333374023438,81.59599304199219,7684800
2016-03-16,83.82333374023438,85.16666412353516,82.25333404541016,83.4000015258789,81.18388366699219,9705600
2016-03-17,83.04000091552734,83.48332977294922,80.61666870117188,82.36333465576172,80.17476654052734,8577300
2016-03-18,82.66666412353516,84.30000305175781,81.60333251953125,83.77999877929688,81.5538101196289,8157300
2016-03-21,83.52999877929688,86.00666809082031,83.41999816894531,85.49666595458984,83.224853515625,6484500
2016-03-22,85.0999984741211,87.98999786376953,84.91999816894531,87.69999694824219,85.36963653564453,7379700
2016-03-23,87.41999816894531,87.9800033569336,84.61666870117188,84.75333404541016,82.54926300048828,7237200
2016-03-24,84.16666412353516,86.39666748046875,83.06999969482422,85.16000366210938,82.94534301757812,6909000
2016-03-28,85.663330078125,85.95999908447266,83.8566665649414,84.02666473388672,81.84150695800781,4261800
2016-03-29,83.5999984741211,85.60333251953125,82.33333587646484,85.53666687011719,83.31224060058594,6835200
2016-03-30,86.33999633789062,87.46666717529297,84.55999755859375,84.9800033569336,82.77003479003906,6782100
2016-03-31,84.97333526611328,87.95333099365234,84.95999908447266,86.9366683959961,84.67581939697266,6299700
2016-04-01,86.79000091552734,89.59666442871094,85.86000061035156,89.4366683959961,87.11083221435547,10987800
2016-04-04,89.82333374023438,91.55999755859375,89.50666809082031,90.21666717529297,87.87053680419922,8947500
2016-04-05,89.5199966430664,90.98332977294922,89.01333618164062,89.87999725341797,87.54261779785156,7493700
2016-04-06,90.27333068847656,95.28666687011719,90.2300033569336,95.26667022705078,92.78919982910156,17846400
2016-04-07,95.16666412353516,95.92333221435547,93.0433349609375,93.56666564941406,91.13343811035156,13478100
2016-04-08,94.66666412353516,94.66666412353516,91.61000061035156,92.44999694824219,90.04576873779297,9370800
2016-04-11,92.96333312988281,93.16666412353516,90.5999984741211,90.9000015258789,88.53609466552734,4605600
2016-04-12,90.8933334350586,92.21666717529297,90.0633316040039,91.97000122070312,89.5782470703125,6482400
2016-04-13,92.70333099365234,93.9433364868164,92.16666412353516,93.7300033569336,91.29251098632812,6850500
2016-04-14,94.51667022705078,94.51667022705078,93.0633316040039,93.87333679199219,91.43209838867188,4241400
2016-04-15,94.19000244140625,94.22666931152344,92.54000091552734,93.53666687011719,91.10417938232422,4600200
2016-04-18,93.27333068847656,95.44999694824219,92.96666717529297,94.98999786376953,92.51969909667969,4956600
2016-04-19,94.6066665649414,94.83000183105469,92.57333374023438,93.17666625976562,90.7535629272461,5448000
2016-04-20,93.42666625976562,93.93333435058594,92.5999984741211,93.1433334350586,90.72108459472656,3968100
2016-04-21,93.5433349609375,95.95333099365234,93.19667053222656,95.8499984741211,93.35735321044922,8690700
2016-04-22,96.28666687011719,96.56999969482422,94.44667053222656,96.11333465576172,93.61385345458984,6392400
2016-04-25,95.83333587646484,96.5,95.00333404541016,95.31666564941406,92.83789825439453,5957700
2016-04-26,95.30332946777344,95.33333587646484,92.98666381835938,93.80000305175781,91.36067199707031,5975400
2016-04-27,93.90666961669922,93.90666961669922,92.0433349609375,92.49666595458984,90.09124755859375,5909700
2016-04-28,92.33333587646484,93.86666870117188,90.81999969482422,91.75666809082031,89.3705062866211,6022800
2016-04-29,91.1433334350586,91.62999725341797,88.59333038330078,89.31666564941406,86.99394226074219,9022500
2016-05-02,89.5633316040039,90.40666961669922,88.21333312988281,90.3133316040039,87.96470642089844,5728800
2016-05-03,89.78333282470703,90.1866683959961,88.48332977294922,88.58333587646484,86.27967071533203,4938000
2016-05-04,88.35333251953125,88.35333251953125,85.78666687011719,86.01000213623047,83.77327728271484,7965000
2016-05-05,86.3566665649414,86.81666564941406,85.34333038330078,86.39666748046875,84.14989471435547,4208400
2016-05-06,85.50666809082031,86.4433364868164,84.0,85.09333038330078,82.88043212890625,6726900
2016-05-09,85.4000015258789,87.97666931152344,85.33333587646484,87.30000305175781,85.02970886230469,4116600
2016-05-10,88.28333282470703,88.35333251953125,86.27666473388672,88.01667022705078,85.72774505615234,4575600
2016-05-11,88.25666809082031,88.26667022705078,85.26000213623047,85.36666870117188,83.14666748046875,3310500
2016-05-12,85.47666931152344,85.913330078125,82.96666717529297,83.91000366210938,81.72784423828125,8158200
2016-05-13,83.56999969482422,85.45333099365234,83.56999969482422,84.63333129882812,82.43240356445312,3538500
2016-05-16,85.46666717529297,87.37333679199219,85.1500015258789,87.22333526611328,84.95502471923828,4709100
2016-05-17,87.15333557128906,87.62000274658203,86.04666900634766,86.38999938964844,84.14339447021484,4221300
2016-05-18,85.94667053222656,87.92333221435547,85.93333435058594,87.58999633789062,85.31218719482422,4584000
2016-05-19,87.0633316040039,88.0,85.55999755859375,86.30000305175781,84.05570983886719,4157400
2016-05-20,86.62666320800781,88.38333129882812,86.51000213623047,88.05999755859375,85.76996612548828,3422400
2016-05-23,88.16666412353516,89.41666412353516,87.88999938964844,88.67666625976562,86.37055206298828,3777900
2016-05-24,89.3499984741211,90.8566665649414,88.97000122070312,90.68000030517578,88.32180786132812,4047900
2016-05-25,91.0,91.96666717529297,90.84333038330078,91.67666625976562,89.29258728027344,3596700
2016-05-26,91.67666625976562,91.6866683959961,90.5999984741211,91.2300033569336,88.85750579833984,2545800
2016-05-27,91.5999984741211,92.0633316040039,90.8133316040039,92.0633316040039,89.6691665649414,2502600
2016-05-31,92.80000305175781,93.71666717529297,92.5,93.25666809082031,90.83146667480469,5422200
2016-06-01,92.98332977294922,94.03333282470703,92.47000122070312,93.72666931152344,91.28924560546875,4647300
2016-06-02,93.68333435058594,95.43000030517578,93.68333435058594,95.42666625976562,92.9450454711914,5378400
2016-06-03,94.76000213623047,95.20999908447266,92.6433334350586,93.92333221435547,91.48081970214844,6130800
2016-06-06,94.04000091552734,95.60333251953125,92.86666870117188,95.3566665649414,92.8768539428711,4620900
2016-06-07,94.11333465576172,94.21666717529297,92.43333435058594,92.91999816894531,90.5035629272461,6059700
2016-06-08,93.29666900634766,93.29666900634766,92.16999816894531,92.84333038330078,90.42889404296875,3295200
2016-06-09,92.07666778564453,93.16999816894531,91.12000274658203,91.1933364868164,88.82181549072266,4588500
2016-06-10,90.15666961669922,90.41000366210938,88.73332977294922,89.19999694824219,86.88031768798828,5657700
2016-06-13,88.51000213623047,89.99333190917969,87.97333526611328,88.1433334350586,85.85110473632812,5683200
2016-06-14,87.8133316040039,88.72333526611328,86.56666564941406,87.49666595458984,85.22125244140625,4809900
2016-06-15,88.32666778564453,88.5199966430664,87.2699966430664,87.49666595458984,85.22125244140625,3641400
2016-06-16,87.05999755859375,87.51333618164062,86.0633316040039,87.33333587646484,85.06216430664062,4380600
2016-06-17,87.33333587646484,87.663330078125,85.44667053222656,85.4566650390625,83.23430633544922,7318800
2016-06-20,86.44000244140625,87.54000091552734,86.14666748046875,86.23332977294922,83.99079132080078,4091100
2016-06-21,86.3499984741211,86.5,84.21666717529297,84.93000030517578,82.773193359375,5638800
2016-06-22,85.29666900634766,87.3133316040039,84.37000274658203,85.5199966430664,83.34820556640625,13375800
2016-06-23,86.55332946777344,87.39666748046875,85.80332946777344,87.36666870117188,85.14795684814453,4626000
2016-06-24,84.0,85.44999694824219,82.9433364868164,83.01333618164062,80.90518951416016,11564700
2016-06-27,82.20999908447266,83.06999969482422,80.0999984741211,80.49666595458984,78.45244598388672,9033300
2016-06-28,82.31999969482422,83.66000366210938,81.79666900634766,83.55332946777344,81.43147277832031,6763800
2016-06-29,84.16666412353516,85.75,83.94667053222656,85.3499984741211,83.18250274658203,6920100
2016-06-30,85.61000061035156,85.95999908447266,84.336669921875,85.77999877929688,83.60160064697266,4128300
2016-07-01,85.86333465576172,87.82333374023438,85.51000213623047,87.58333587646484,85.359130859375,3978900
2016-07-05,87.33333587646484,87.33333587646484,85.9800033569336,86.79666900634766,84.59241485595703,3912000
2016-07-06,86.04666900634766,88.86000061035156,86.04666900634766,88.74666595458984,86.492919921875,5201400
2016-07-07,89.0,89.62000274658203,88.27999877929688,89.27999877929688,87.0127182006836,3641100
2016-07-08,89.02999877929688,90.63333129882812,88.9566650390625,90.37666320800781,88.08151245117188,3843000
2016-07-11,90.5,91.03333282470703,90.11333465576172,90.1866683959961,87.89635467529297,2874000
2016-07-12,90.59666442871094,91.49333190917969,90.53666687011719,90.85333251953125,88.54608154296875,3794100
2016-07-13,91.31666564941406,91.60333251953125,89.20333099365234,89.26667022705078,86.99971771240234,4171500
2016-07-14,90.01667022705078,90.16666412353516,89.02666473388672,89.48999786376953,87.2173843383789,3092400
2016-07-15,89.58999633789062,91.21333312988281,89.58999633789062,90.84333038330078,88.53634643554688,2914500
2016-07-18,90.66999816894531,91.40666961669922,90.35333251953125,91.163330078125,88.84821319580078,2345100
2016-07-19,91.09666442871094,91.51000213623047,89.71666717529297,89.99666595458984,87.711181640625,2516700
2016-07-20,90.16666412353516,92.36333465576172,89.35333251953125,92.18000030517578,89.83906555175781,5632800
2016-07-21,93.0199966430664,94.03333282470703,92.61333465576172,93.41666412353516,91.04431915283203,6491700
2016-07-22,93.66666412353516,94.11666870117188,92.92666625976562,93.63333129882812,91.2554931640625,3127800
2016-07-25,93.47333526611328,94.24666595458984,92.9366683959961,94.086669921875,91.69731903076172,3266700
2016-07-26,93.05999755859375,94.03333282470703,92.73999786376953,93.42666625976562,91.0540771484375,3529200
2016-07-27,93.41666412353516,95.83333587646484,93.41666412353516,95.67666625976562,93.24691772460938,4872600
2016-07-28,95.81999969482422,96.1066665649414,94.6066665649414,95.8933334350586,93.45808410644531,4519500
2016-07-29,95.88999938964844,96.58999633789062,94.9566650390625,96.4800033569336,94.02987670898438,4216500
2016-08-01,96.62333679199219,98.94667053222656,96.62333679199219,98.02333068847656,95.53400421142578,9261900
2016-08-02,98.26000213623047,99.66666412353516,96.2066650390625,98.2300033569336,95.73542785644531,9819600
2016-08-03,97.95999908447266,99.43333435058594,97.62666320800781,99.3066635131836,96.78474426269531,5924400
2016-08-04,99.66999816894531,99.83000183105469,98.47333526611328,98.71666717529297,96.20972442626953,2894700
2016-08-05,99.42333221435547,99.69999694824219,98.56999969482422,99.09666442871094,96.58008575439453,3099000
2016-08-08,99.3133316040039,99.54000091552734,97.71666717529297,98.05999755859375,95.5697250366211,4509000
2016-08-09,98.05000305175781,98.65333557128906,97.71666717529297,98.1866683959961,95.69319915771484,2463000
2016-08-10,97.9566650390625,98.13666534423828,96.00333404541016,96.2699966430664,93.82518768310547,3827700
2016-08-11,96.37666320800781,97.5633316040039,96.02666473388672,97.30332946777344,94.83230590820312,4835700
2016-08-12,96.99333190917969,97.61666870117188,96.33333587646484,97.50666809082031,95.03044128417969,3812400
2016-08-15,97.98332977294922,98.74333190917969,97.5433349609375,98.40333557128906,95.90435028076172,2991000
2016-08-16,98.19000244140625,98.31999969482422,96.93333435058594,97.02999877929688,94.56588745117188,2302800
2016-08-17,96.91000366210938,97.23666381835938,96.22666931152344,96.96666717529297,94.504150390625,2198700
2016-08-18,96.96666717529297,97.62666320800781,96.45999908447266,97.22000122070312,94.75106048583984,1877100
2016-08-19,96.62000274658203,97.29000091552734,96.38333129882812,96.7699966430664,94.31249237060547,1584900
2016-08-22,97.28333282470703,98.88999938964844,97.27999877929688,98.66999816894531,96.16424560546875,3597900
2016-08-23,99.1066665649414,99.3566665649414,98.48332977294922,98.72666931152344,96.21947479248047,2780400
2016-08-24,98.96333312988281,99.75,95.1066665649414,95.41000366210938,92.98703002929688,11319000
2016-08-25,95.66666412353516,96.36333465576172,92.96666717529297,94.29000091552734,91.8954849243164,9237000
2016-08-26,94.38999938964844,95.94667053222656,94.18333435058594,95.04666900634766,92.63292694091797,5840100
2016-08-29,95.33333587646484,95.54666900634766,94.05332946777344,94.62333679199219,92.22035217285156,4208400
2016-08-30,94.48999786376953,95.27666473388672,94.0199966430664,94.43000030517578,92.03193664550781,3050700
2016-08-31,94.12999725341797,94.47000122070312,93.23666381835938,93.62999725341797,91.25222778320312,2745300
2016-09-01,93.54000091552734,94.08333587646484,92.86666870117188,93.8133316040039,91.43092346191406,2631300
2016-09-02,93.83333587646484,94.26667022705078,93.15333557128906,93.53666687011719,91.16127014160156,3327600
2016-09-06,93.6866683959961,95.16000366210938,93.6066665649414,94.69667053222656,92.29180908203125,4540200
2016-09-07,94.69667053222656,95.71666717529297,94.5633316040039,95.36666870117188,92.94479370117188,2677800
2016-09-08,95.54666900634766,96.20333099365234,94.62333679199219,96.01000213623047,93.57178497314453,2399400
2016-09-09,94.87333679199219,95.30999755859375,92.87666320800781,92.87666320800781,90.51803588867188,5459100
2016-09-12,92.33333587646484,95.93333435058594,92.20999908447266,95.70333099365234,93.27291870117188,4333800
2016-09-13,94.91999816894531,95.00333404541016,93.19667053222656,94.2066650390625,91.81425476074219,4855800
2016-09-14,94.66666412353516,96.48332977294922,94.58999633789062,95.30999755859375,92.88955688476562,4776600
2016-09-15,95.2066650390625,96.97333526611328,94.73332977294922,96.71666717529297,94.2605209350586,3950400
2016-09-16,96.03666687011719,97.41999816894531,95.9000015258789,97.20999908447266,94.74132537841797,3947100
2016-09-19,97.66666412353516,98.30332946777344,96.80332946777344,97.17333221435547,94.70558166503906,4085400
2016-09-20,98.13999938964844,99.0,97.66666412353516,98.56666564941406,96.06351470947266,5038800
2016-09-21,98.75,99.48666381835938,97.1433334350586,99.17666625976562,96.65804290771484,6001200
2016-09-22,99.76333618164062,100.09666442871094,98.80332946777344,100.02666473388672,97.48643493652344,4378200
2016-09-23,100.02666473388672,100.5999984741211,99.336669921875,99.3933334350586,96.86922454833984,3195000
2016-09-26,98.72666931152344,99.0566635131836,97.81666564941406,98.17666625976562,95.71100616455078,3978300
2016-09-27,97.36666870117188,99.2066650390625,97.36666870117188,99.16000366210938,96.669677734375,3110100
2016-09-28,99.11000061035156,99.48332977294922,97.61666870117188,98.36000061035156,95.88976287841797,2566500
2016-09-29,98.12999725341797,98.4366683959961,95.05332946777344,95.29000091552734,92.89690399169922,4733700
2016-09-30,95.24666595458984,96.84333038330078,94.57333374023438,96.48666381835938,94.06349182128906,6414300
2016-10-03,96.50333404541016,96.69667053222656,95.11333465576172,96.66666412353516,94.23895263671875,5411100
2016-10-04,96.44999694824219,97.08333587646484,95.5999984741211,96.086669921875,93.67353057861328,2550900
2016-10-05,96.5199966430664,97.52333068847656,96.0566635131836,96.93333435058594,94.49893951416016,3069600
2016-10-06,95.83333587646484,96.0,94.5199966430664,94.72000122070312,92.3411865234375,4312500
2016-10-07,94.77333068847656,95.13999938964844,93.7933349609375,94.69999694824219,92.3216781616211,2995800
2016-10-10,95.67333221435547,96.46666717529297,95.57666778564453,96.02333068847656,93.61178588867188,2488500
2016-10-11,94.51667022705078,94.80999755859375,91.66666412353516,92.33333587646484,90.01447296142578,9365700
2016-10-12,92.35333251953125,92.78333282470703,89.93333435058594,90.0433349609375,87.781982421875,7533000
2016-10-13,89.33333587646484,90.97000122070312,89.20333099365234,90.37000274658203,88.10042572021484,6831000
2016-10-14,91.37000274658203,91.37000274658203,88.62666320800781,88.6933364868164,86.46588897705078,4347300
2016-10-17,88.52666473388672,89.30332946777344,87.51667022705078,88.57333374023438,86.34889221191406,4401900
2016-10-18,89.81666564941406,90.40333557128906,89.45999908447266,89.80999755859375,87.55450439453125,3864600
2016-10-19,90.03666687011719,90.03666687011719,89.06999969482422,89.16000366210938,86.92085266113281,3099000
2016-10-20,89.08000183105469,90.38999938964844,89.00333404541016,90.01333618164062,87.75272369384766,4845600
2016-10-21,90.01667022705078,90.01667022705078,89.0,89.25666809082031,87.01507568359375,2182200
2016-10-24,89.17333221435547,89.76000213623047,88.6500015258789,88.80332946777344,86.5730972290039,2609700
2016-10-25,89.19000244140625,89.30000305175781,88.12333679199219,88.3933334350586,86.17341613769531,2522700
2016-10-26,88.67666625976562,89.58333587646484,87.83999633789062,88.4366683959961,86.21566772460938,4350900
2016-10-27,89.3499984741211,90.09666442871094,88.37333679199219,88.48999786376953,86.26766204833984,4632600
2016-10-28,87.96666717529297,87.97333526611328,85.83000183105469,86.83000183105469,84.64934539794922,8968200
2016-10-31,86.98666381835938,87.0,85.48332977294922,85.55999755859375,83.41123962402344,4731000
2016-11-01,85.76333618164062,86.6866683959961,84.8499984741211,86.36333465576172,84.19437408447266,6369600
2016-11-02,86.11666870117188,86.23999786376953,84.76667022705078,84.77666473388672,82.64756774902344,4102500
2016-11-03,85.00666809082031,85.43000030517578,82.23666381835938,82.29000091552734,80.2233657836914,9406500
2016-11-04,82.32666778564453,84.83000183105469,82.29000091552734,83.9000015258789,81.79293823242188,6271200
2016-11-07,85.49333190917969,87.34333038330078,85.2066650390625,87.0566635131836,84.87030029296875,5961900
2016-11-08,86.49666595458984,88.33333587646484,86.08999633789062,87.2066650390625,85.01654052734375,6393300
2016-11-09,94.0,96.33333587646484,92.02333068847656,94.99666595458984,92.61091613769531,33943800
2016-11-10,96.5433349609375,98.12000274658203,94.93333435058594,96.59333038330078,94.16746520996094,16931400
2016-11-11,95.96666717529297,96.33333587646484,94.20333099365234,96.0,93.58905029296875,7980900
2016-11-14,96.13333129882812,97.78333282470703,95.4000015258789,97.69667053222656,95.24309539794922,9624600
2016-11-15,97.40666961669922,97.5199966430664,95.74666595458984,97.11000061035156,94.67118835449219,4535400
2016-11-16,96.48332977294922,97.23666381835938,95.45999908447266,95.50333404541016,93.10482025146484,3587400
2016-11-17,95.836669921875,96.36666870117188,94.58333587646484,96.17333221435547,93.75800323486328,3670200
2016-11-18,96.2699966430664,96.48999786376953,94.57666778564453,94.90666961669922,92.52316284179688,4932000
2016-11-21,95.32333374023438,95.73332977294922,94.7933349609375,95.56999969482422,93.16984558105469,2853000
2016-11-22,95.7699966430664,96.06666564941406,93.01000213623047,93.78666687011719,91.4312973022461,5725200
2016-11-23,91.65666961669922,94.69000244140625,91.41000366210938,94.58000183105469,92.20469665527344,5626200
2016-11-25,95.0,95.2066650390625,93.76000213623047,94.81999969482422,92.43868255615234,1760400
2016-11-28,94.80000305175781,94.80000305175781,93.16000366210938,93.33000183105469,90.9861068725586,3129000
2016-11-29,93.1500015258789,94.22333526611328,92.663330078125,93.4366683959961,91.090087890625,3050700
2016-11-30,93.97333526611328,94.0,91.29666900634766,91.3566665649414,89.06231689453125,4829100
2016-12-01,91.7699966430664,91.80332946777344,89.55332946777344,89.83000183105469,87.57402038574219,6024300
2016-12-02,89.59666442871094,90.9433364868164,89.20333099365234,90.15333557128906,87.88924407958984,5086200
2016-12-05,91.24666595458984,91.79666900634766,90.15666961669922,90.6433334350586,88.36689758300781,3119700
2016-12-06,91.11000061035156,91.61666870117188,90.19667053222656,91.44667053222656,89.15006256103516,3092700
2016-12-07,89.43333435058594,90.0999984741211,87.21666717529297,88.76000213623047,86.5308609008789,12656700
2016-12-08,88.38666534423828,89.63666534423828,87.24333190917969,89.50666809082031,87.25879669189453,7899900
2016-12-09,90.55000305175781,91.79666900634766,89.41666412353516,89.88999938964844,87.63249969482422,6594000
2016-12-12,89.11666870117188,89.66666412353516,88.58999633789062,89.17666625976562,86.93708801269531,3477900
2016-12-13,89.82666778564453,90.61000061035156,89.52333068847656,89.68333435058594,87.4310302734375,3881700
2016-12-14,89.5999984741211,90.3933334350586,89.12666320800781,89.8066635131836,87.55123901367188,2978700
2016-12-15,89.9566650390625,90.82333374023438,89.6066665649414,90.64666748046875,88.37017059326172,2952000
2016-12-16,90.87000274658203,91.86000061035156,90.50333404541016,90.8066635131836,88.52613067626953,4992300
2016-12-19,90.66666412353516,91.55999755859375,89.4433364868164,89.59666442871094,87.34651947021484,3778200
2016-12-20,90.05000305175781,90.5633316040039,89.82333374023438,90.3066635131836,88.03868865966797,3290100
2016-12-21,90.38999938964844,90.46666717529297,89.02666473388672,89.28333282470703,87.04108428955078,2932800
2016-12-22,89.28333282470703,89.37666320800781,88.44999694824219,88.9000015258789,86.6971435546875,2445900
2016-12-23,88.98666381835938,90.9433364868164,88.76000213623047,90.77333068847656,88.52403259277344,3762900
2016-12-27,90.86666870117188,92.0433349609375,90.40333557128906,90.41999816894531,88.17947387695312,2555100
2016-12-28,90.40333557128906,90.54666900634766,89.18000030517578,89.36000061035156,87.145751953125,2617200
2016-12-29,89.33333587646484,89.75666809082031,88.66666412353516,89.03666687011719,86.83039855957031,2149200
2016-12-30,89.33333587646484,89.38666534423828,87.97333526611328,88.45999908447266,86.26805877685547,3537300
2017-01-03,89.12000274658203,90.25,88.90666961669922,90.08000183105469,87.84788513183594,3725100
2017-01-04,90.2066650390625,92.90666961669922,90.2066650390625,92.41000366210938,90.12018585205078,6222900
2017-01-05,92.84333038330078,93.1433334350586,91.87666320800781,92.69999694824219,90.40298461914062,3709200
2017-01-06,93.27999877929688,93.83000183105469,92.79000091552734,93.41999816894531,91.1051254272461,4624500
2017-01-09,94.05332946777344,95.0,93.39666748046875,94.76000213623047,92.41191864013672,4605600
2017-01-10,95.1866683959961,95.72333526611328,94.13999938964844,95.5,93.13359069824219,4728900
2017-01-11,95.16666412353516,95.5633316040039,91.69000244140625,92.64666748046875,90.35096740722656,16901100
2017-01-12,91.96666717529297,93.4433364868164,91.55000305175781,92.97666931152344,90.67281341552734,5598300
2017-01-13,92.95999908447266,94.23332977294922,92.78333282470703,93.336669921875,91.02386474609375,4142700
2017-01-17,92.5,92.5,91.22000122070312,91.50666809082031,89.23921966552734,6395700
2017-01-18,91.66999816894531,92.37333679199219,91.54666900634766,92.2699966430664,89.98362731933594,3516600
2017-01-19,92.2699966430664,92.33333587646484,91.09333038330078,91.49333190917969,89.22620391845703,2042700
2017-01-20,91.47000122070312,92.1500015258789,90.88666534423828,91.13999938964844,88.88163757324219,3489300
2017-01-23,91.04000091552734,91.48999786376953,89.97333526611328,90.28333282470703,88.04618835449219,3442500
2017-01-24,90.05999755859375,90.66666412353516,88.95999908447266,90.00333404541016,87.77312469482422,3882600
2017-01-25,90.50333404541016,91.19999694824219,90.22666931152344,90.8933334350586,88.64105987548828,3215400
2017-01-26,91.3499984741211,91.80999755859375,90.4000015258789,90.56666564941406,88.32251739501953,2890500
2017-01-27,90.86000061035156,91.52999877929688,90.67333221435547,91.36000061035156,89.09619140625,2463900
2017-01-30,91.21666717529297,91.32333374023438,89.55000305175781,90.12999725341797,87.89666748046875,2744100
2017-01-31,89.1866683959961,92.80999755859375,89.1866683959961,92.69000244140625,90.39321899414062,7958400
2017-02-01,92.9366683959961,93.63999938964844,92.44999694824219,93.47333526611328,91.15715789794922,4413000
2017-02-02,93.15666961669922,93.7300033569336,92.51000213623047,93.2933349609375,90.98163604736328,3757200
2017-02-03,94.0,94.41000366210938,93.10333251953125,94.3499984741211,92.01206970214844,3100800
2017-02-06,94.36333465576172,94.56999969482422,93.69999694824219,94.51333618164062,92.17137145996094,2888100
2017-02-07,94.73332977294922,94.82666778564453,93.62333679199219,94.13666534423828,91.80403137207031,3411900
2017-02-08,93.33333587646484,94.14666748046875,92.7699966430664,93.90666961669922,91.5797348022461,3217800
2017-02-09,94.19999694824219,95.11000061035156,93.67333221435547,94.85333251953125,92.50293731689453,3184800
2017-02-10,94.82666778564453,95.2933349609375,94.51667022705078,94.79000091552734,92.4411849975586,2292300
2017-02-13,95.00666809082031,95.67333221435547,94.91666412353516,95.43333435058594,93.06858825683594,2349000
2017-02-14,95.45999908447266,96.66666412353516,95.13999938964844,96.5999984741211,94.20635986328125,4371000
2017-02-15,96.29000091552734,98.5,96.28333282470703,98.31666564941406,95.88046264648438,5337300
2017-02-16,98.33333587646484,98.97666931152344,96.66666412353516,97.66000366210938,95.24008178710938,4772400
2017-02-17,97.33000183105469,98.16999816894531,97.03333282470703,98.11666870117188,95.6854476928711,2805900
2017-02-21,98.336669921875,98.49666595458984,97.27333068847656,97.5999984741211,95.18156433105469,2834700
2017-02-22,97.6933364868164,97.7699966430664,96.6500015258789,96.7699966430664,94.37211608886719,2687700
2017-02-23,96.91666412353516,96.96666717529297,95.38666534423828,96.44000244140625,94.05030059814453,2841300
2017-02-24,95.61333465576172,96.69999694824219,95.57333374023438,96.63333129882812,94.23883056640625,5527200
2017-02-27,96.47000122070312,99.49666595458984,96.45999908447266,99.42333221435547,96.95970153808594,7717200
2017-02-28,98.97000122070312,99.94667053222656,98.46666717529297,99.07666778564453,96.62161254882812,5241300
2017-03-01,100.26667022705078,100.72000122070312,99.336669921875,100.3133316040039,97.82767486572266,5556000
2017-03-02,100.5199966430664,101.24666595458984,99.71333312988281,99.93000030517578,97.4538345336914,4108800
2017-03-03,99.5199966430664,100.913330078125,99.5199966430664,100.83000183105469,98.33151245117188,3012900
2017-03-06,100.28333282470703,100.5,99.30332946777344,99.9433364868164,97.46681213378906,3171000
2017-03-07,98.76333618164062,99.28333282470703,98.0,98.34333038330078,95.90648651123047,5643900
2017-03-08,98.13333129882812,100.05332946777344,98.13333129882812,99.21666717529297,96.75816345214844,4475100
2017-03-09,98.96666717529297,99.96666717529297,98.5999984741211,99.57666778564453,97.10926055908203,2581200
2017-03-10,100.25,100.31999969482422,98.87999725341797,100.19999694824219,97.71714782714844,4374900
2017-03-13,100.5,100.5,99.42666625976562,100.20333099365234,97.72037506103516,2473800
2017-03-14,99.75,100.0,99.13999938964844,99.33333587646484,96.87196350097656,2897100
2017-03-15,99.55000305175781,101.21666717529297,99.43000030517578,100.8133316040039,98.31524658203125,3560100
2017-03-16,100.663330078125,100.68333435058594,99.05000305175781,99.52999877929688,97.0637435913086,4371600
2017-03-17,97.91666412353516,99.02666473388672,97.8566665649414,98.42666625976562,95.98773956298828,5106600
2017-03-20,98.31666564941406,99.2066650390625,98.2699966430664,98.86000061035156,96.41033172607422,2405100
2017-03-21,99.39666748046875,99.39666748046875,96.01333618164062,96.12333679199219,93.74150085449219,7747200
2017-03-22,96.35333251953125,96.78666687011719,95.836669921875,96.63999938964844,94.24533081054688,4785900
2017-03-23,96.3499984741211,97.36000061035156,96.1066665649414,96.33000183105469,93.9430160522461,2151000
2017-03-24,96.26667022705078,97.0633316040039,96.14666748046875,96.6866683959961,94.38851165771484,3378600
2017-03-27,95.5566635131836,97.97000122070312,95.55332946777344,97.71333312988281,95.39077758789062,3636900
2017-03-28,98.12000274658203,98.29000091552734,96.9366683959961,97.336669921875,95.02305603027344,2371500
2017-03-29,97.94667053222656,98.89666748046875,97.68333435058594,98.13999938964844,95.80729675292969,2686200
2017-03-30,98.46333312988281,98.52999877929688,97.38333129882812,97.79666900634766,95.47213745117188,1966800
2017-03-31,97.79666900634766,98.1066665649414,97.38999938964844,97.75666809082031,95.43307495117188,2045100
2017-04-03,98.00666809082031,98.52999877929688,96.93333435058594,96.99333190917969,94.68789672851562,2086200
2017-04-04,96.6433334350586,97.5,96.6433334350586,97.13333129882812,94.82453918457031,1732200
2017-04-05,97.17666625976562,97.71666717529297,95.52666473388672,95.8066635131836,93.5294189453125,2672100
2017-04-06,95.89666748046875,96.36000061035156,95.4000015258789,96.07333374023438,93.78974151611328,2232600
2017-04-07,95.9000015258789,97.0566635131836,95.76667022705078,96.83999633789062,94.5382080078125,2375100
2017-04-10,96.83000183105469,97.43000030517578,96.4000015258789,96.46333312988281,94.17049407958984,1436400
2017-04-11,96.3066635131836,96.83333587646484,95.28333282470703,96.12333679199219,93.83859252929688,2289600
2017-04-12,96.44000244140625,96.67666625976562,95.79000091552734,96.21666717529297,93.92969512939453,1473300
2017-04-13,95.94667053222656,97.24333190917969,95.9433364868164,96.86333465576172,94.56098175048828,2325300
2017-04-17,96.66666412353516,97.05332946777344,96.23999786376953,96.86000061035156,94.5577163696289,1462500
2017-04-18,96.5433349609375,96.70333099365234,95.30332946777344,95.88999938964844,93.61080932617188,2818200
2017-04-19,96.20333099365234,96.90666961669922,95.88999938964844,96.28333282470703,93.99478912353516,2063700
2017-04-20,96.66666412353516,97.01667022705078,95.83333587646484,96.77999877929688,94.4796371459961,2672700
2017-04-21,96.96666717529297,96.96666717529297,95.53333282470703,95.83000183105469,93.55221557617188,3210900
2017-04-24,96.87999725341797,97.46666717529297,96.61000061035156,97.24666595458984,94.93519592285156,2742600
2017-04-25,98.05000305175781,98.98999786376953,97.97333526611328,98.51667022705078,96.17501068115234,3427500
2017-04-26,98.55000305175781,99.086669921875,98.2699966430664,98.80000305175781,96.45161437988281,2561400
2017-04-27,98.66666412353516,99.27999877929688,98.15333557128906,98.83999633789062,96.49066162109375,2015400
2017-04-28,98.8066635131836,99.4366683959961,98.5566635131836,99.21333312988281,96.85509490966797,1708800
2017-05-01,99.4000015258789,99.99333190917969,99.11000061035156,99.7933349609375,97.42132568359375,2511300
2017-05-02,100.0,100.29000091552734,98.92333221435547,99.42333221435547,97.06011962890625,2848800
2017-05-03,99.08999633789062,99.25333404541016,98.38666534423828,98.77999877929688,96.43209075927734,1898100
2017-05-04,99.09333038330078,99.66666412353516,98.83999633789062,99.48332977294922,97.11872100830078,3174900
2017-05-05,99.41666412353516,99.5566635131836,98.13333129882812,98.62333679199219,96.27915954589844,2111700
2017-05-08,98.19000244140625,98.56999969482422,96.27999877929688,96.48332977294922,94.18998718261719,4045800
2017-05-09,96.7699966430664,97.7300033569336,96.63333129882812,97.6500015258789,95.3289566040039,2652000
2017-05-10,97.57666778564453,97.57666778564453,96.37666320800781,97.29666900634766,94.98400115966797,2245800
2017-05-11,97.0999984741211,97.41999816894531,96.15333557128906,97.19000244140625,94.87986755371094,3217200
2017-05-12,97.1866683959961,97.94999694824219,96.90333557128906,97.62333679199219,95.30291748046875,1562100
2017-05-15,97.73332977294922,98.3066635131836,97.53666687011719,98.04000091552734,95.70968627929688,1684200
2017-05-16,98.17666625976562,98.55999755859375,97.79666900634766,98.43333435058594,96.09368133544922,1545300
2017-05-17,97.4000015258789,97.67666625976562,96.11666870117188,96.19667053222656,93.91017150878906,3506400
2017-05-18,96.33999633789062,97.83999633789062,96.30000305175781,97.42333221435547,95.10765075683594,2278800
2017-05-19,97.73999786376953,98.24666595458984,96.70333099365234,96.81666564941406,94.5154037475586,2019300
2017-05-22,96.83999633789062,97.15666961669922,96.28333282470703,97.1066665649414,94.79854583740234,2629800
2017-05-23,97.16666412353516,97.24666595458984,96.55999755859375,96.98666381835938,94.68138122558594,1985400
2017-05-24,96.98999786376953,97.25,96.09666442871094,97.05332946777344,94.7464599609375,2144400
2017-05-25,97.66666412353516,97.66666412353516,96.82666778564453,96.83999633789062,94.5382080078125,2277900
2017-05-26,96.57666778564453,97.01333618164062,96.0199966430664,96.07333374023438,93.78974151611328,1858500
2017-05-30,96.0,96.22666931152344,94.56666564941406,94.76667022705078,92.51416778564453,2865600
2017-05-31,95.0,95.4566650390625,94.19999694824219,95.25,92.98600006103516,4801800
2017-06-01,95.5,97.15666961669922,95.3566665649414,96.96333312988281,94.65857696533203,3387000
2017-06-02,97.33333587646484,98.88333129882812,97.23666381835938,98.59666442871094,96.25309753417969,3573900
2017-06-05,98.8499984741211,99.02666473388672,97.25,98.05000305175781,95.71945190429688,2733000
2017-06-06,97.69000244140625,98.33000183105469,97.36666870117188,97.5999984741211,95.28015899658203,1388700
2017-06-07,97.75,98.1433334350586,97.18333435058594,97.66000366210938,95.33873748779297,1403100
2017-06-08,97.6066665649414,98.60333251953125,97.50666809082031,98.25,95.9146957397461,1732800
2017-06-09,98.3133316040039,99.51667022705078,97.54666900634766,98.03666687011719,95.7064437866211,3776700
2017-06-12,97.55000305175781,98.62999725341797,97.0199966430664,97.74333190917969,95.42005157470703,3865200
2017-06-13,98.11000061035156,98.24666595458984,97.33333587646484,98.1433334350586,95.81056213378906,2431200
2017-06-14,98.38999938964844,99.34666442871094,97.94000244140625,98.69667053222656,96.35074615478516,3177300
2017-06-15,98.2699966430664,98.31666564941406,97.06666564941406,97.93333435058594,95.6055679321289,5649300
2017-06-16,97.75333404541016,97.913330078125,96.836669921875,97.57666778564453,95.25737762451172,2242500
2017-06-19,98.23999786376953,100.33000183105469,97.89666748046875,99.93000030517578,97.55475616455078,3571800
2017-06-20,100.1433334350586,102.7066650390625,99.93333435058594,101.19667053222656,98.79132080078125,11655900
2017-06-21,102.23666381835938,105.4433364868164,101.88333129882812,105.36666870117188,102.86219787597656,15264300
2017-06-22,106.01333618164062,107.81666564941406,105.68333435058594,106.70333099365234,104.16709899902344,11516700
2017-06-23,106.54666900634766,107.08999633789062,105.37333679199219,106.913330078125,104.37208557128906,7870800
2017-06-26,107.12999725341797,107.29000091552734,105.8499984741211,106.57333374023438,104.04019165039062,4661700
2017-06-27,106.29000091552734,106.49666595458984,103.5,103.62999725341797,101.22283935546875,5651700
2017-06-28,104.04000091552734,105.88666534423828,103.49333190917969,105.62666320800781,103.17314147949219,4929900
2017-06-29,105.66666412353516,105.6866683959961,102.90333557128906,104.11666870117188,101.69819641113281,4397700
2017-06-30,104.4000015258789,104.586669921875,103.11666870117188,103.36000061035156,100.95911407470703,2150100
2017-07-03,103.96333312988281,104.52999877929688,102.85333251953125,103.6500015258789,101.24239349365234,1565400
2017-07-05,104.07666778564453,105.3933334350586,103.47000122070312,105.09666442871094,102.65545654296875,4525200
2017-07-06,104.41666412353516,104.86000061035156,102.95999908447266,103.48332977294922,101.07958984375,3297900
2017-07-07,104.30999755859375,104.54000091552734,103.6066665649414,104.15333557128906,101.73402404785156,2269200
2017-07-10,104.31666564941406,104.36333465576172,102.83000183105469,103.3133316040039,100.91353607177734,1921200
2017-07-11,103.78333282470703,104.21666717529297,103.09333038330078,104.00333404541016,101.58750915527344,3229200
2017-07-12,104.86333465576172,104.87333679199219,104.12999725341797,104.66999816894531,102.23869323730469,3323100
2017-07-13,104.90666961669922,106.0433349609375,103.52333068847656,105.47000122070312,103.02011108398438,6099000
2017-07-14,105.60333251953125,106.09333038330078,105.23332977294922,105.47000122070312,103.02011108398438,2446200
2017-07-17,105.69667053222656,106.1866683959961,104.97666931152344,105.02666473388672,102.58706665039062,2411100
2017-07-18,105.01667022705078,105.13999938964844,104.22666931152344,105.04666900634766,102.60661315917969,2240700
2017-07-19,106.34666442871094,107.33333587646484,106.163330078125,106.5433349609375,104.06851196289062,3086400
2017-07-20,106.98666381835938,108.20333099365234,106.73999786376953,107.63999938964844,105.13970184326172,4112100
2017-07-21,107.59666442871094,108.43333435058594,107.37999725341797,108.2933349609375,105.77787017822266,3873600
2017-07-24,108.33000183105469,109.18000030517578,107.69000244140625,109.11333465576172,106.57881164550781,3100500
2017-07-25,109.9433364868164,109.96666717529297,107.5999984741211,107.9366683959961,105.42947387695312,4994700
2017-07-26,108.19667053222656,108.88333129882812,107.69999694824219,108.63333129882812,106.1099624633789,2288400
2017-07-27,109.58999633789062,109.62000274658203,105.8066635131836,106.59666442871094,104.12059020996094,5549400
2017-07-28,106.11000061035156,107.54000091552734,105.95333099365234,107.27333068847656,104.78157806396484,2196300
2017-07-31,107.15333557128906,107.51333618164062,106.26667022705078,106.36333465576172,103.8927001953125,1941300
2017-08-01,106.79666900634766,106.79666900634766,104.85333251953125,105.25666809082031,102.81171417236328,2835600
2017-08-02,105.63999938964844,105.98666381835938,104.46333312988281,105.68000030517578,103.22522735595703,2047500
2017-08-03,105.92333221435547,105.99666595458984,104.66666412353516,104.8499984741211,102.41450500488281,2361000
2017-08-04,105.08000183105469,105.36333465576172,104.2699966430664,105.1933364868164,102.74988555908203,2042400
2017-08-07,105.20999908447266,105.96333312988281,104.80999755859375,105.75666809082031,103.30013275146484,1615500
2017-08-08,105.55332946777344,106.08333587646484,104.44999694824219,104.76333618164062,102.32984161376953,1926900
2017-08-09,103.95999908447266,105.06999969482422,103.77666473388672,104.43333435058594,102.00753784179688,2559300
2017-08-10,104.00666809082031,104.07333374023438,101.37333679199219,101.48332977294922,99.12604522705078,4984500
2017-08-11,101.55332946777344,102.57333374023438,101.34666442871094,102.13666534423828,99.76419067382812,3467100
2017-08-14,102.75,103.43000030517578,102.69667053222656,103.1933364868164,100.79633331298828,1600800
2017-08-15,103.33333587646484,103.77666473388672,102.8933334350586,103.10333251953125,100.7083969116211,1647300
2017-08-16,103.63999938964844,104.08000183105469,103.05332946777344,103.36000061035156,100.95911407470703,1862700
2017-08-17,103.45333099365234,103.75333404541016,101.5633316040039,101.60333251953125,99.24324798583984,2977200
2017-08-18,101.33000183105469,102.11000061035156,100.8933334350586,101.35333251953125,98.99906921386719,2810100
2017-08-21,101.51667022705078,101.94000244140625,100.8566665649414,101.55999755859375,99.20089721679688,1707600
2017-08-22,102.12999725341797,103.6933364868164,101.94000244140625,103.50666809082031,101.10236358642578,2728200
2017-08-23,103.16000366210938,103.61666870117188,102.86000061035156,103.05332946777344,100.65956115722656,1436700
2017-08-24,103.2699966430664,104.50333404541016,102.91999816894531,104.29000091552734,101.86751556396484,1984800
2017-08-25,104.63999938964844,104.93000030517578,103.48332977294922,103.68333435058594,101.2749252319336,2266500
2017-08-28,104.7300033569336,105.96666717529297,104.60333251953125,105.62999725341797,103.1763687133789,3081300
2017-08-29,104.75,106.163330078125,104.50333404541016,105.94000244140625,103.47920227050781,2082300
2017-08-30,106.0633316040039,108.53666687011719,105.76667022705078,108.1066665649414,105.59549713134766,4439700
2017-08-31,108.30000305175781,111.2300033569336,108.30000305175781,111.11666870117188,108.53561401367188,5669700
2017-09-01,111.33999633789062,112.23999786376953,110.47000122070312,111.94667053222656,109.3463363647461,3744300
2017-09-05,111.62999725341797,112.08333587646484,109.8566665649414,111.01333618164062,108.43470001220703,3507600
2017-09-06,111.52999877929688,112.05000305175781,110.60333251953125,111.44667053222656,108.85796356201172,2396700
2017-09-07,111.0,112.11666870117188,110.3499984741211,111.74333190917969,109.14771270751953,1802100
2017-09-08,111.92666625976562,112.19667053222656,111.0633316040039,111.36666870117188,108.77981567382812,2083800
2017-09-11,112.12333679199219,112.18000030517578,110.8066635131836,111.47000122070312,108.8807601928711,2620200
2017-09-12,111.11666870117188,111.8066635131836,110.62666320800781,111.71666717529297,109.12166595458984,1920000
2017-09-13,111.336669921875,111.7300033569336,111.00666809082031,111.34333038330078,108.75699615478516,1388700
2017-09-14,111.19999694824219,111.64666748046875,110.04000091552734,110.6866683959961,108.11560821533203,4056300
2017-09-15,110.66666412353516,111.3066635131836,110.09333038330078,110.6066665649414,108.0374755859375,2964000
2017-09-18,110.8566665649414,111.36333465576172,110.3066635131836,110.72333526611328,108.15140533447266,2065800
2017-09-19,110.66666412353516,110.82666778564453,109.74666595458984,109.98666381835938,107.43186950683594,1186200
2017-09-20,110.20999908447266,111.25666809082031,109.9366683959961,110.91666412353516,108.34024810791016,2156100
2017-09-21,110.913330078125,111.19999694824219,110.22666931152344,110.42333221435547,107.8583755493164,1073100
2017-09-22,110.03666687011719,110.18000030517578,109.24333190917969,109.9800033569336,107.42534637451172,2238600
2017-09-25,109.83000183105469,111.0566635131836,109.82666778564453,110.46666717529297,107.90070343017578,8910300
2017-09-26,110.75666809082031,110.95333099365234,109.23999786376953,109.40333557128906,106.90045166015625,2345100
2017-09-27,109.4433364868164,110.43333435058594,109.4433364868164,110.02999877929688,107.51278686523438,2156400
2017-09-28,109.99333190917969,110.6433334350586,109.26667022705078,110.18333435058594,107.66261291503906,3078600
2017-09-29,110.45999908447266,111.30999755859375,109.68333435058594,111.19667053222656,108.65277099609375,2643300
2017-10-02,111.65333557128906,112.93333435058594,111.37333679199219,112.87999725341797,110.29757690429688,5541900
2017-10-03,113.00666809082031,113.13333129882812,111.53333282470703,112.61666870117188,110.04029846191406,2390400
2017-10-04,113.0,113.63999938964844,112.4800033569336,113.49333190917969,110.89688110351562,3184800
2017-10-05,113.5,113.9800033569336,112.89666748046875,113.61666870117188,111.01740264892578,2173800
2017-10-06,113.44000244140625,114.16666412353516,112.9366683959961,113.49333190917969,110.89688110351562,1710000
2017-10-09,113.59333038330078,113.91000366210938,112.91666412353516,113.16000366210938,110.57119750976562,1509600
2017-10-10,113.0566635131836,113.56999969482422,112.62999725341797,113.19667053222656,110.60700225830078,1119300
2017-10-11,113.19667053222656,113.19667053222656,112.53333282470703,112.96333312988281,110.3790054321289,1473900
2017-10-12,112.89666748046875,113.12666320800781,111.96333312988281,112.37666320800781,109.80577850341797,2249700
2017-10-13,112.75666809082031,112.836669921875,111.8566665649414,112.12666320800781,109.56148529052734,2973600
2017-10-16,112.26000213623047,113.89666748046875,111.83999633789062,112.27999877929688,109.7113037109375,4217400
2017-10-17,112.32666778564453,113.12000274658203,112.13999938964844,112.7066650390625,110.12820434570312,1809300
2017-10-18,113.0566635131836,113.4566650390625,111.82333374023438,111.98999786376953,109.42797088623047,1960500
2017-10-19,111.66666412353516,112.36333465576172,110.83333587646484,111.70333099365234,109.14784240722656,2235300
2017-10-20,111.16999816894531,111.17666625976562,109.8066635131836,110.5999984741211,108.06976318359375,2924100
2017-10-23,110.36666870117188,110.6433334350586,109.13999938964844,109.24666595458984,106.7474136352539,2601000
2017-10-24,109.30000305175781,109.30000305175781,107.2933349609375,108.38999938964844,105.91031646728516,3416700
2017-10-25,108.38999938964844,108.5633316040039,106.43000030517578,107.1500015258789,104.69868469238281,3887100
2017-10-26,104.87000274658203,105.77333068847656,104.00666809082031,104.66000366210938,102.26563262939453,7059000
2017-10-27,104.5999984741211,105.63333129882812,103.74666595458984,105.37333679199219,102.96263122558594,3754200
2017-10-30,105.21666717529297,106.62000274658203,104.80332946777344,105.55332946777344,103.13851165771484,3804900
2017-10-31,105.66666412353516,106.19667053222656,104.2933349609375,104.72666931152344,102.33080291748047,2780400
2017-11-01,105.0999984741211,105.66666412353516,103.836669921875,104.0633316040039,101.68260955810547,3384000
2017-11-02,104.06999969482422,104.94000244140625,103.55999755859375,104.0199966430664,101.64028930664062,3062100
2017-11-03,103.84333038330078,105.73999786376953,103.84333038330078,105.62333679199219,103.2069320678711,3376800
2017-11-06,105.98332977294922,106.1933364868164,105.13666534423828,105.19667053222656,102.7900161743164,2568300
2017-11-07,105.63666534423828,105.63666534423828,104.30000305175781,104.67333221435547,102.27867126464844,2484600
2017-11-08,105.13333129882812,105.56666564941406,103.94667053222656,104.26667022705078,101.88130950927734,1791600
2017-11-09,103.66666412353516,103.94667053222656,102.62333679199219,103.68000030517578,101.30806732177734,2837700
2017-11-10,103.66666412353516,104.22000122070312,102.88666534423828,104.05999755859375,101.67933654785156,3202500
2017-11-13,103.93000030517578,104.02666473388672,103.0199966430664,103.36000061035156,100.9953842163086,2012100
2017-11-14,103.3066635131836,103.3066635131836,100.68333435058594,101.68333435058594,99.35707092285156,6211200
2017-11-15,101.11000061035156,102.61000061035156,100.67333221435547,102.08333587646484,99.74789428710938,4297500
2017-11-16,102.84666442871094,103.78333282470703,102.20333099365234,103.60333251953125,101.23313903808594,2822100
2017-11-17,103.60333251953125,103.94999694824219,103.02999877929688,103.73666381835938,101.3634262084961,2194800
2017-11-20,103.77666473388672,103.9800033569336,102.63999938964844,102.77666473388672,100.42539978027344,2645700
2017-11-21,103.39666748046875,103.81666564941406,103.10333251953125,103.56999969482422,101.20056915283203,2373300
2017-11-22,103.9800033569336,104.27333068847656,103.66666412353516,104.17333221435547,101.79007720947266,1557300
2017-11-24,104.31666564941406,104.54000091552734,103.93333435058594,104.20999908447266,101.8259506225586,1072200
2017-11-27,104.25333404541016,104.61666870117188,103.28666687011719,103.48332977294922,101.11589813232422,2555100
2017-11-28,103.6500015258789,103.93333435058594,102.79666900634766,103.7699966430664,101.39598083496094,2913300
2017-11-29,103.7699966430664,104.99666595458984,103.14666748046875,103.75666809082031,101.3829574584961,2691000
2017-11-30,103.87000274658203,105.40666961669922,103.87000274658203,105.25333404541016,102.84538269042969,3077100
2017-12-01,105.36000061035156,106.33000183105469,103.3499984741211,105.69999694824219,103.28185272216797,2822700
2017-12-04,106.5999984741211,107.0,103.76000213623047,104.02999877929688,101.6500473022461,2351200
2017-12-05,104.2699966430664,105.06999969482422,103.1500015258789,103.33000183105469,100.966064453125,3054800
2017-12-06,103.02999877929688,103.68000030517578,101.47000122070312,102.58000183105469,100.23322296142578,3020300
2017-12-07,103.0,104.45999908447266,102.47000122070312,104.05000305175781,101.66960144042969,2132200
2017-12-08,104.55999755859375,106.52999877929688,104.55999755859375,106.06999969482422,103.64339447021484,2811500
2017-12-11,107.12999725341797,107.48999786376953,105.77999877929688,106.2300033569336,103.79972076416016,2544200
2017-12-12,105.76000213623047,106.2699966430664,105.30000305175781,105.76000213623047,103.34048461914062,1728300
2017-12-13,105.91999816894531,107.27999877929688,105.62000274658203,106.72000122070312,104.27848815917969,2902800
2017-12-14,106.7300033569336,107.2300033569336,104.83000183105469,105.16999816894531,102.76396179199219,2640800
2017-12-15,105.61000061035156,106.66000366210938,104.83000183105469,106.5999984741211,104.1612777709961,3038100
2017-12-18,107.29000091552734,107.38999938964844,106.23999786376953,106.36000061035156,103.92675018310547,1985700
2017-12-19,106.2300033569336,106.94000244140625,105.91000366210938,106.11000061035156,103.68247985839844,1451000
2017-12-20,106.19999694824219,107.0,106.19999694824219,106.66000366210938,104.21988677978516,1391100
2017-12-21,106.45999908447266,107.23999786376953,106.31999969482422,106.80000305175781,104.47915649414062,1489700
2017-12-22,106.47000122070312,107.30999755859375,106.11000061035156,106.94000244140625,104.61609649658203,1041600
2017-12-26,106.80000305175781,107.55000305175781,106.52999877929688,107.44000244140625,105.10521697998047,992000
2017-12-27,107.5,108.16000366210938,107.36000061035156,107.58999633789062,105.251953125,1679000
2017-12-28,107.6500015258789,108.1500015258789,107.0,107.79000091552734,105.44759368896484,1067100
2017-12-29,107.58000183105469,108.27999877929688,106.68000030517578,106.7699966430664,104.44977569580078,1965300
2018-01-02,107.48999786376953,109.45999908447266,106.68000030517578,109.33999633789062,106.96393585205078,3765800
2018-01-03,109.51000213623047,111.22000122070312,109.1500015258789,110.87999725341797,108.47046661376953,3637600
2018-01-04,111.0199966430664,111.37000274658203,109.45999908447266,109.97000122070312,107.5802230834961,2437600
2018-01-05,110.48999786376953,110.76000213623047,109.19000244140625,109.83000183105469,107.44329071044922,2010900
2018-01-08,110.05999755859375,110.1500015258789,107.55999755859375,108.37000274658203,106.01499938964844,3548000
2018-01-09,108.79000091552734,110.83999633789062,108.61000061035156,110.41000366210938,108.01066589355469,3759300
2018-01-10,110.0,111.04000091552734,109.13999938964844,110.91000366210938,108.49981689453125,1728300
2018-01-11,111.27999877929688,111.55000305175781,110.29000091552734,111.2300033569336,108.81285095214844,1770800
2018-01-12,111.5,112.4000015258789,111.01000213623047,111.9800033569336,109.54656219482422,2199100
2018-01-16,112.30999755859375,113.30000305175781,110.36000061035156,110.5999984741211,108.1965560913086,3959700
2018-01-17,111.5999984741211,111.93000030517578,110.62000274658203,111.41000366210938,108.98894500732422,2192300
2018-01-18,111.38999938964844,111.5199966430664,110.16000366210938,111.2699966430664,108.85198211669922,1458900
2018-01-19,111.44999694824219,112.1500015258789,111.27999877929688,112.0,109.56610870361328,2119500
2018-01-22,112.9800033569336,115.66999816894531,112.81999969482422,115.5199966430664,113.00961303710938,3390800
2018-01-23,115.5,117.41999816894531,115.41999816894531,116.80999755859375,114.2715835571289,3569400
2018-01-24,117.02999877929688,117.36000061035156,114.86000061035156,115.9000015258789,113.38138580322266,2823100
2018-01-25,116.30999755859375,117.01000213623047,115.55000305175781,116.62999725341797,114.09548950195312,2208800
2018-01-26,117.05999755859375,118.4000015258789,116.9800033569336,118.04000091552734,115.47488403320312,2631700
2018-01-29,117.98999786376953,119.30000305175781,117.8499984741211,118.5,115.9248275756836,2519200
2018-01-30,116.41000366210938,117.4800033569336,115.81999969482422,116.2699966430664,113.74333953857422,4559700
2018-01-31,116.31999969482422,117.1500015258789,113.69999694824219,114.08000183105469,111.60089874267578,3730600
2018-02-01,113.75,114.73999786376953,113.25,113.9800033569336,111.50311279296875,2864100
2018-02-02,113.01000213623047,113.9800033569336,111.94999694824219,112.13999938964844,109.70307922363281,4360400
2018-02-05,111.05000305175781,112.48999786376953,107.18000030517578,107.18000030517578,104.85086059570312,6085600
2018-02-06,105.66999816894531,109.63999938964844,105.31999969482422,109.36000061035156,106.98347473144531,7984300
2018-02-07,108.95999908447266,110.88999938964844,108.79000091552734,109.41000366210938,107.03242492675781,3007700
2018-02-08,109.88999938964844,110.06999969482422,104.76000213623047,104.86000061035156,102.5812759399414,4131400
2018-02-09,105.58000183105469,106.58999633789062,101.0199966430664,105.66999816894531,103.37366485595703,7967100
2018-02-12,105.83000183105469,108.4000015258789,105.80999755859375,107.3499984741211,105.01716613769531,3049700
2018-02-13,107.30000305175781,107.77999877929688,105.91999816894531,107.54000091552734,105.20304870605469,1809400
2018-02-14,106.98999786376953,110.27999877929688,106.5199966430664,109.7300033569336,107.34546661376953,4541400
2018-02-15,110.51000213623047,110.9800033569336,109.19000244140625,110.76000213623047,108.35307312011719,2053800
2018-02-16,110.73999786376953,111.54000091552734,109.87999725341797,110.36000061035156,107.96177673339844,1927000
2018-02-20,109.52999877929688,110.77999877929688,108.88999938964844,109.25,106.87589263916016,2587900
2018-02-21,109.43000030517578,111.25,109.02999877929688,109.08000183105469,106.7095718383789,1770200
2018-02-22,109.80000305175781,110.25,108.29000091552734,108.41999816894531,106.0639419555664,2496500
2018-02-23,109.11000061035156,110.7699966430664,108.12000274658203,110.68000030517578,108.27483367919922,2392800
2018-02-26,111.36000061035156,111.83000183105469,110.51000213623047,111.48999786376953,109.06720733642578,2021500
2018-02-27,111.31999969482422,111.94000244140625,110.05999755859375,110.0999984741211,107.70743560791016,1842600
2018-02-28,110.0,110.2699966430664,107.83000183105469,108.08000183105469,105.7313232421875,3109200
2018-03-01,108.0999984741211,108.69000244140625,106.12000274658203,107.04000091552734,104.71392059326172,7605300
2018-03-02,105.87000274658203,109.87999725341797,105.16000366210938,109.6500015258789,107.26718139648438,4076500
2018-03-05,109.19000244140625,111.1500015258789,109.05000305175781,110.86000061035156,108.4509048461914,5538200
2018-03-06,111.55999755859375,111.55999755859375,109.98999786376953,111.12000274658203,108.70524597167969,3840200
2018-03-07,110.12999725341797,111.87000274658203,110.06999969482422,111.80000305175781,109.37047576904297,3092700
2018-03-08,111.80000305175781,112.69999694824219,111.37000274658203,112.62000274658203,110.17265319824219,2399600
2018-03-09,113.01000213623047,114.45999908447266,112.77999877929688,114.36000061035156,111.87483978271484,3099900
2018-03-12,114.54000091552734,115.0,113.7699966430664,114.7300033569336,112.23678588867188,2128600
2018-03-13,114.5,115.5999984741211,113.58000183105469,113.91999816894531,111.44438171386719,2139100
2018-03-14,114.11000061035156,114.6500015258789,113.2699966430664,113.77999877929688,111.30745697021484,1547700
2018-03-15,114.2699966430664,114.3499984741211,112.27999877929688,112.66999816894531,110.2215576171875,1506800
2018-03-16,112.66999816894531,113.55999755859375,112.55000305175781,112.73999786376953,110.29004669189453,2627600
2018-03-19,112.0,112.63999938964844,109.41000366210938,110.4800033569336,108.07915496826172,3181700
2018-03-20,110.30000305175781,111.08999633789062,109.91999816894531,110.54000091552734,108.13786315917969,2741300
2018-03-21,110.4000015258789,111.47000122070312,110.20999908447266,110.66999816894531,108.2650146484375,1904100
2018-03-22,110.2300033569336,110.69999694824219,108.05000305175781,108.12999725341797,105.78021240234375,3040700
2018-03-23,108.01000213623047,108.54000091552734,105.29000091552734,105.29000091552734,103.00194549560547,3398500
2018-03-26,106.80000305175781,108.31999969482422,105.1500015258789,108.11000061035156,105.76065063476562,3036000
2018-03-27,108.7699966430664,108.91999816894531,104.66999816894531,105.12000274658203,102.83563995361328,2791100
2018-03-28,105.9000015258789,106.83999633789062,104.56999969482422,105.9800033569336,103.67696380615234,2971100
2018-03-29,106.22000122070312,107.94999694824219,105.68000030517578,106.73999786376953,104.42044067382812,2623200
2018-04-02,106.7300033569336,106.7300033569336,101.44999694824219,102.5199966430664,100.29212951660156,3223300
2018-04-03,103.31999969482422,103.33000183105469,100.95999908447266,102.9000015258789,100.66387176513672,2645200
2018-04-04,101.33999633789062,106.22000122070312,101.33999633789062,105.88999938964844,103.58890533447266,3285400
2018-04-05,106.62000274658203,106.62000274658203,103.86000061035156,104.16999816894531,101.90628814697266,2150700
2018-04-06,102.80000305175781,103.55000305175781,100.22000122070312,101.02999877929688,98.83454132080078,2840400
2018-04-09,102.52999877929688,104.58000183105469,102.04000091552734,102.87000274658203,100.634521484375,3161000
2018-04-10,104.11000061035156,106.05000305175781,103.58000183105469,105.69999694824219,103.40302276611328,2762700
2018-04-11,104.73999786376953,106.81999969482422,104.6500015258789,105.33000183105469,103.04109954833984,2009600
2018-04-12,106.44000244140625,107.33999633789062,105.9800033569336,106.72000122070312,104.4008560180664,2177000
2018-04-13,107.19000244140625,107.22000122070312,105.37999725341797,105.95999908447266,103.65738677978516,2168600
2018-04-16,106.55999755859375,106.80000305175781,104.86000061035156,105.23999786376953,102.95301055908203,2602200
2018-04-17,105.6500015258789,107.7300033569336,105.63999938964844,107.27999877929688,104.94869232177734,1814700
2018-04-18,107.31999969482422,108.08000183105469,107.06999969482422,107.3499984741211,105.01716613769531,2040000
2018-04-19,105.88999938964844,107.6500015258789,105.5199966430664,105.88999938964844,103.58890533447266,2129400
2018-04-20,105.73999786376953,106.08999633789062,104.69000244140625,104.95999908447266,102.67910766601562,2099500
2018-04-23,104.9000015258789,105.66999816894531,104.19999694824219,104.79000091552734,102.5127944946289,2084400
2018-04-24,105.08000183105469,105.16000366210938,102.70999908447266,103.2699966430664,101.02584838867188,2084600
2018-04-25,103.29000091552734,103.9800033569336,102.30999755859375,103.26000213623047,101.01605987548828,1891200
2018-04-26,103.69999694824219,105.91999816894531,103.55000305175781,105.30000305175781,103.01170349121094,3178400
2018-04-27,105.30000305175781,105.77999877929688,104.54000091552734,105.61000061035156,103.31498718261719,1205300
2018-04-30,105.56999969482422,106.0,103.5199966430664,103.6500015258789,101.3975830078125,2294700
2018-05-01,103.5,104.11000061035156,102.55999755859375,104.05000305175781,101.78887939453125,2358100
2018-05-02,103.06999969482422,103.88999938964844,102.33000183105469,102.68000030517578,100.44865417480469,2249000
2018-05-03,102.25,103.08999633789062,100.43000030517578,101.27999877929688,99.07907104492188,2504100
2018-05-04,101.0,102.94000244140625,101.0,102.3499984741211,100.1258316040039,2723700
2018-05-07,102.51000213623047,103.31999969482422,102.51000213623047,103.0,100.76171112060547,2689000
2018-05-08,102.83000183105469,103.12999725341797,101.7300033569336,102.41000366210938,100.18453216552734,2597200
2018-05-09,102.61000061035156,104.25,102.02999877929688,103.79000091552734,101.53453063964844,2294500
2018-05-10,103.87000274658203,104.91000366210938,103.41000366210938,103.7300033569336,101.4758529663086,2787300
2018-05-11,103.7300033569336,106.93000030517578,103.7300033569336,106.58000183105469,104.263916015625,5060300
2018-05-14,106.80000305175781,108.4800033569336,106.80000305175781,107.68000030517578,105.3399887084961,3458500
2018-05-15,106.81999969482422,106.95999908447266,106.2300033569336,106.58000183105469,104.263916015625,2117900
2018-05-16,106.5999984741211,107.9800033569336,106.44999694824219,107.52999877929688,105.19327545166016,1393700
2018-05-17,107.4800033569336,107.72000122070312,106.83999633789062,107.58999633789062,105.251953125,2489200
2018-05-18,107.79000091552734,108.16000366210938,107.25,107.80000305175781,105.4573974609375,5527100
2018-05-21,108.12999725341797,108.43000030517578,105.93000030517578,106.37999725341797,104.06825256347656,2515200
2018-05-22,106.5,107.4000015258789,106.19000244140625,106.72000122070312,104.4008560180664,2129600
2018-05-23,106.0999984741211,107.62999725341797,106.0999984741211,107.25,104.91935729980469,1505300
2018-05-24,107.25,107.72000122070312,106.79000091552734,107.33999633789062,105.00739288330078,1967100
2018-05-25,107.51000213623047,107.77999877929688,107.26000213623047,107.55999755859375,105.22261047363281,2078800
2018-05-29,106.80000305175781,107.62000274658203,105.8499984741211,107.08000183105469,104.7530517578125,3021700
2018-05-30,107.55000305175781,108.83999633789062,107.26000213623047,108.51000213623047,106.15196228027344,2797900
2018-05-31,108.80000305175781,109.27999877929688,107.70999908447266,108.44999694824219,106.09326171875,3137100
2018-06-01,109.12999725341797,110.0999984741211,108.54000091552734,109.83999633789062,107.45305633544922,2076800
2018-06-04,109.69999694824219,109.95999908447266,107.61000061035156,109.12999725341797,106.75849914550781,2479000
2018-06-05,109.06999969482422,109.95999908447266,108.4800033569336,109.16000366210938,106.78782653808594,2133200
2018-06-06,109.18000030517578,110.81999969482422,109.12999725341797,110.5199966430664,108.1183090209961,1560600
2018-06-07,110.5999984741211,110.94000244140625,109.05999755859375,109.76000213623047,107.37480163574219,1985100
2018-06-08,109.52999877929688,110.44999694824219,109.25,110.11000061035156,107.71720123291016,1261900
2018-06-11,110.06999969482422,110.3499984741211,109.66000366210938,109.9800033569336,107.59004211425781,2639900
2018-06-12,110.0,111.29000091552734,109.9800033569336,110.91000366210938,108.49981689453125,1332900
2018-06-13,110.77999877929688,111.70999908447266,110.18000030517578,110.48999786376953,108.08891296386719,2685900
2018-06-14,110.47000122070312,111.63999938964844,110.33999633789062,111.37999725341797,108.95960235595703,1783700
2018-06-15,111.08999633789062,111.75,110.58999633789062,111.26000213623047,108.84220123291016,2545800
2018-06-18,110.16000366210938,110.5199966430664,109.44000244140625,110.43000030517578,108.03023529052734,3346100
2018-06-19,109.33000183105469,112.20999908447266,109.26000213623047,112.04000091552734,109.60525512695312,3046400
2018-06-20,112.25,113.9800033569336,112.04000091552734,113.9000015258789,111.42484283447266,2969100
2018-06-21,113.55999755859375,113.9000015258789,112.29000091552734,112.61000061035156,110.16287994384766,2822400
2018-06-22,112.73999786376953,112.87999725341797,111.69000244140625,112.2300033569336,109.79112243652344,2432600
2018-06-25,111.37999725341797,112.01000213623047,109.4000015258789,110.19999694824219,107.80525207519531,2356500
2018-06-26,110.16999816894531,110.69999694824219,108.5999984741211,109.56999969482422,107.34088897705078,4988600
2018-06-27,109.8499984741211,110.06999969482422,107.29000091552734,107.33999633789062,105.15625762939453,3008000
2018-06-28,107.44000244140625,108.30999755859375,106.18000030517578,107.94999694824219,105.75382232666016,2165800
2018-06-29,108.76000213623047,110.69999694824219,108.76000213623047,109.81999969482422,107.58580780029297,3219500
2018-07-02,108.87999725341797,111.02999877929688,108.63999938964844,110.69000244140625,108.43811798095703,1941700
2018-07-03,110.91999816894531,111.63999938964844,110.41000366210938,110.58999633789062,108.34014892578125,1488700
2018-07-05,110.88999938964844,112.1500015258789,110.73999786376953,111.9800033569336,109.70185852050781,2414100
2018-07-06,113.58999633789062,116.5,113.48999786376953,116.20999908447266,113.84579467773438,4152500
2018-07-09,116.51000213623047,116.9000015258789,115.88999938964844,116.80999755859375,114.43358612060547,3054200
2018-07-10,116.80999755859375,116.9800033569336,116.04000091552734,116.61000061035156,114.2376708984375,4210200
2018-07-11,115.72000122070312,116.80000305175781,115.44000244140625,116.2699966430664,113.90458679199219,1543900
2018-07-12,116.77999877929688,118.55999755859375,116.68000030517578,118.1500015258789,115.746337890625,2066200
2018-07-13,118.0,118.7699966430664,117.83999633789062,118.3499984741211,115.94225311279297,1342300
2018-07-16,118.06999969482422,118.44999694824219,117.05999755859375,117.48999786376953,115.09976196289062,1416800
2018-07-17,117.05000305175781,118.5999984741211,116.88999938964844,118.37000274658203,115.96185302734375,919500
2018-07-18,118.19000244140625,118.36000061035156,117.47000122070312,118.2300033569336,115.82470703125,1424400
2018-07-19,117.75,118.80000305175781,117.16000366210938,118.3499984741211,115.94225311279297,3570000
2018-07-20,118.0,118.75,117.97000122070312,118.26000213623047,115.85409545898438,1723400
2018-07-23,118.3499984741211,118.54000091552734,117.9000015258789,118.19000244140625,115.78550720214844,3203200
2018-07-24,119.7699966430664,120.05999755859375,117.2300033569336,118.0199966430664,115.61895751953125,4365800
2018-07-25,118.0,119.5,117.79000091552734,119.33000183105469,116.90231323242188,2744200
2018-07-26,118.19000244140625,118.62000274658203,116.8499984741211,117.8499984741211,115.45243072509766,4051500
2018-07-27,117.7699966430664,118.0199966430664,114.58999633789062,115.41000366210938,113.06207275390625,4095000
2018-07-30,115.19000244140625,115.44999694824219,113.9000015258789,114.12999725341797,111.80810546875,2426800
2018-07-31,114.55999755859375,116.77999877929688,114.55999755859375,116.48999786376953,114.1200942993164,1955700
2018-08-01,116.37999725341797,117.62000274658203,116.2300033569336,117.16999816894531,114.78627014160156,1305500
2018-08-02,116.5199966430664,118.5199966430664,116.30999755859375,118.05000305175781,115.64836883544922,1686500
2018-08-03,118.12999725341797,118.5,116.83000183105469,117.16999816894531,114.78627014160156,1296000
2018-08-06,117.2699966430664,117.48999786376953,116.33000183105469,116.94000244140625,114.5609359741211,1670000
2018-08-07,117.5,118.75,117.0199966430664,118.37999725341797,115.97167205810547,1031800
2018-08-08,118.0,118.0,116.87999725341797,117.55000305175781,115.15855407714844,1333100
2018-08-09,117.04000091552734,118.58000183105469,117.04000091552734,117.37000274658203,114.98218536376953,1147600
2018-08-10,117.0,117.87000274658203,116.41000366210938,116.7300033569336,114.35523223876953,3414000
2018-08-13,116.79000091552734,117.13999938964844,115.87000274658203,116.55999755859375,114.18867492675781,4782000
2018-08-14,116.62000274658203,117.76000213623047,116.62000274658203,117.20999908447266,114.82544708251953,1046400
2018-08-15,116.31999969482422,116.69000244140625,115.0,115.37999725341797,113.03266906738281,1548800
2018-08-16,115.66000366210938,116.62000274658203,115.08000183105469,116.2699966430664,113.90458679199219,1057400
2018-08-17,116.0199966430664,116.62000274658203,115.4000015258789,116.29000091552734,113.9241714477539,1498300
2018-08-20,116.22000122070312,116.83000183105469,115.5999984741211,116.08999633789062,113.72826385498047,1130400
2018-08-21,116.27999877929688,117.51000213623047,116.16000366210938,117.16999816894531,114.78627014160156,2637600
2018-08-22,116.52999877929688,118.27999877929688,116.52999877929688,118.0,115.59938049316406,977900
2018-08-23,117.79000091552734,118.0999984741211,116.55999755859375,117.31999969482422,114.9332046508789,1271400
2018-08-24,117.47000122070312,117.87000274658203,117.05000305175781,117.4000015258789,115.01160430908203,985200
2018-08-27,117.86000061035156,119.77999877929688,117.86000061035156,119.45999908447266,117.02967834472656,4242900
2018-08-28,119.86000061035156,120.2699966430664,119.44000244140625,120.05000305175781,117.60768127441406,2253300
2018-08-29,120.11000061035156,121.9000015258789,119.76000213623047,121.55999755859375,119.08696746826172,2645400
2018-08-30,121.5,122.48999786376953,121.27999877929688,122.02999877929688,119.54739379882812,1634800
2018-08-31,121.30000305175781,122.52999877929688,121.30000305175781,122.19000244140625,119.70413970947266,1103900
2018-09-04,122.01000213623047,122.0999984741211,119.83999633789062,121.0,118.538330078125,1713000
2018-09-05,120.68000030517578,121.1500015258789,119.91000366210938,120.55999755859375,118.1072998046875,1219400
2018-09-06,120.2300033569336,120.9800033569336,118.05000305175781,118.41999816894531,116.01083374023438,1916200
2018-09-07,118.19999694824219,118.66000366210938,116.9800033569336,117.73999786376953,115.34467315673828,1312000
2018-09-10,117.87999725341797,118.48999786376953,117.48999786376953,117.94000244140625,115.54061889648438,1301400
2018-09-11,117.41000366210938,118.04000091552734,116.80999755859375,117.44000244140625,115.05078125,1333400
2018-09-12,118.0,118.20999908447266,116.36000061035156,117.5,115.10955047607422,1463800
2018-09-13,117.95999908447266,118.7699966430664,117.58999633789062,118.37000274658203,115.96185302734375,1025900
2018-09-14,118.47000122070312,118.87999725341797,117.41999816894531,117.7699966430664,115.3740463256836,2329100
2018-09-17,117.31999969482422,117.98999786376953,116.0199966430664,116.20999908447266,113.84579467773438,3265100
2018-09-18,116.20999908447266,117.97000122070312,116.13999938964844,117.51000213623047,115.1193618774414,1166700
2018-09-19,117.45999908447266,118.2699966430664,117.37000274658203,117.66000366210938,115.26630401611328,991000
2018-09-20,118.04000091552734,119.4000015258789,118.04000091552734,119.29000091552734,116.86314392089844,1311700
2018-09-21,119.66999816894531,119.93000030517578,118.2699966430664,118.55000305175781,116.13819885253906,2235500
2018-09-24,119.01000213623047,120.38999938964844,118.73999786376953,119.95999908447266,117.51949310302734,1512000
2018-09-25,120.33000183105469,121.0199966430664,120.12999725341797,120.2300033569336,117.78398895263672,1675600
2018-09-26,120.47000122070312,121.80000305175781,120.26000213623047,120.61000061035156,118.18773651123047,1420100
2018-09-27,120.56999969482422,122.13999938964844,120.51000213623047,121.87000274658203,119.42241668701172,1486500
2018-09-28,121.31999969482422,122.30000305175781,121.2300033569336,121.94000244140625,119.49102020263672,1349000
2018-10-01,122.22000122070312,122.97000122070312,120.80000305175781,121.16999816894531,118.73649597167969,1920100
2018-10-02,121.05000305175781,121.27999877929688,119.91000366210938,120.37000274658203,117.95257568359375,1451800
2018-10-03,120.6500015258789,121.62000274658203,119.87999725341797,121.26000213623047,118.82469177246094,1465300
2018-10-04,120.76000213623047,120.93000030517578,116.9800033569336,117.87999725341797,115.5125732421875,2272600
2018-10-05,117.5999984741211,118.62999725341797,114.83999633789062,116.52999877929688,114.189697265625,2413200
2018-10-08,116.19000244140625,116.80000305175781,114.30000305175781,115.6500015258789,113.32735443115234,1820300
2018-10-09,115.3499984741211,116.37999725341797,114.83999633789062,115.12999725341797,112.81778717041016,1805800
2018-10-10,114.83999633789062,115.20999908447266,111.16999816894531,111.30999755859375,109.07450866699219,2657200
2018-10-11,111.02999877929688,111.95999908447266,108.2300033569336,109.08000183105469,106.88929748535156,3933800
2018-10-12,111.26000213623047,111.66000366210938,109.41000366210938,111.25,109.01573944091797,2547000
2018-10-15,110.83999633789062,111.2699966430664,109.72000122070312,110.08999633789062,107.87899017333984,1885000
2018-10-16,110.80000305175781,114.98999786376953,110.80000305175781,114.75,112.44542694091797,1693400
2018-10-17,114.66999816894531,114.86000061035156,113.0,114.69000244140625,112.38664245605469,1009300
2018-10-18,114.75,114.80000305175781,111.87000274658203,113.0,110.73055267333984,1471900
2018-10-19,113.2300033569336,114.25,110.98999786376953,111.22000122070312,108.98631286621094,1550500
2018-10-22,111.41999816894531,111.87000274658203,108.56999969482422,109.62000274658203,107.41846466064453,2028200
2018-10-23,108.01000213623047,110.38999938964844,106.51000213623047,109.08999633789062,106.89910888671875,2522600
2018-10-24,108.87000274658203,109.5999984741211,102.12000274658203,102.80999755859375,100.7452163696289,7129700
2018-10-25,102.80000305175781,105.31999969482422,101.38999938964844,103.98999786376953,101.90152740478516,6733900
2018-10-26,102.0,105.0,101.37000274658203,103.61000061035156,101.52915954589844,3109500
2018-10-29,105.2699966430664,105.80000305175781,100.66000366210938,102.61000061035156,100.54924774169922,2243100
2018-10-30,102.36000061035156,104.11000061035156,101.83000183105469,103.62999725341797,101.54876708984375,1496500
2018-10-31,104.7699966430664,105.4800033569336,103.61000061035156,104.06999969482422,101.97991180419922,1791700
2018-11-01,104.41999816894531,108.33000183105469,104.41999816894531,108.06999969482422,105.89958190917969,2338000
2018-11-02,108.79000091552734,110.27999877929688,106.9800033569336,108.0999984741211,105.9289779663086,2314400
2018-11-05,108.16999816894531,108.6500015258789,106.63999938964844,108.02999877929688,105.86039733886719,1393100
2018-11-06,107.69999694824219,109.2699966430664,107.69999694824219,108.5,106.32096099853516,1177200
2018-11-07,109.70999908447266,111.25,109.0,111.02999877929688,108.80016326904297,2555600
2018-11-08,110.52999877929688,111.5,109.88999938964844,110.16999816894531,107.95742797851562,1045000
2018-11-09,109.29000091552734,109.58999633789062,106.86000061035156,107.7300033569336,105.56639099121094,1602100
2018-11-12,107.2300033569336,107.80999755859375,104.0999984741211,104.44999694824219,102.3522720336914,2374900
2018-11-13,104.98999786376953,106.33000183105469,103.79000091552734,104.02999877929688,101.94071197509766,1634400
2018-11-14,104.7300033569336,105.29000091552734,101.29000091552734,101.91999816894531,99.87310028076172,3460000
2018-11-15,101.91000366210938,104.55999755859375,101.20999908447266,104.1500015258789,102.05830383300781,1871900
2018-11-16,103.8499984741211,105.55000305175781,103.29000091552734,105.05000305175781,102.94021606445312,2693800
2018-11-19,104.68000030517578,105.05000305175781,101.87999725341797,102.80000305175781,100.73540496826172,1649600
2018-11-20,101.63999938964844,103.37000274658203,100.83999633789062,102.18000030517578,100.12789154052734,2044400
2018-11-21,102.76000213623047,103.48999786376953,102.19000244140625,102.80000305175781,100.73540496826172,1379900
2018-11-23,101.79000091552734,104.7699966430664,101.72000122070312,103.20999908447266,101.13717651367188,1701500
2018-11-26,104.20999908447266,105.5,103.9000015258789,104.97000122070312,102.8618392944336,1171400
2018-11-27,104.31999969482422,105.0199966430664,103.41999816894531,104.69999694824219,102.59724426269531,1530800
2018-11-28,105.05999755859375,107.75,104.29000091552734,107.54000091552734,105.38021850585938,1614800
2018-11-29,107.0,108.47000122070312,106.68000030517578,107.48999786376953,105.33123779296875,1127400
2018-11-30,107.26000213623047,109.0999984741211,106.91999816894531,109.0999984741211,106.90889739990234,2223500
2018-12-03,111.1500015258789,111.5999984741211,109.58999633789062,110.3499984741211,108.1337890625,2174000
2018-12-04,110.23999786376953,111.55000305175781,106.41000366210938,106.70999908447266,104.56687927246094,1738700
2018-12-06,104.94000244140625,106.98999786376953,103.97000122070312,106.87999725341797,104.73347473144531,2981500
2018-12-07,106.30000305175781,107.08000183105469,103.0,103.63999938964844,101.55855560302734,2011000
2018-12-10,103.19999694824219,104.30000305175781,101.2699966430664,103.81999969482422,101.73495483398438,1815700
2018-12-11,104.81999969482422,105.75,103.12999725341797,104.16999816894531,102.0779037475586,1239100
2018-12-12,105.02999877929688,106.62000274658203,104.91999816894531,105.4800033569336,103.3615951538086,1489700
2018-12-13,106.0,106.22000122070312,103.25,103.88999938964844,101.80351257324219,1918500
2018-12-14,102.72000122070312,103.6500015258789,101.69999694824219,101.93000030517578,99.88290405273438,1614500
2018-12-17,101.56999969482422,103.4000015258789,99.38999938964844,100.25,98.23664093017578,2263700
2018-12-18,101.61000061035156,101.61000061035156,97.08000183105469,98.30999755859375,96.33560180664062,3584800
2018-12-19,98.4000015258789,99.94000244140625,95.05000305175781,96.20999908447266,94.27777099609375,3392500
2018-12-20,95.98999786376953,96.52999877929688,93.47000122070312,94.55999755859375,92.66089630126953,5164500
2018-12-21,94.70999908447266,94.91999816894531,90.47000122070312,90.86000061035156,89.0352554321289,4818300
2018-12-24,89.95999908447266,91.72000122070312,89.01000213623047,89.61000061035156,87.81033325195312,2415100
2018-12-26,90.25,95.27999877929688,90.12999725341797,94.80999755859375,92.90589141845703,4231800
2018-12-27,93.62000274658203,95.29000091552734,91.51000213623047,95.16000366210938,93.24887084960938,3389300
2018-12-28,95.19999694824219,96.68000030517578,94.37000274658203,94.83999633789062,92.9352798461914,3059200
2018-12-31,95.86000061035156,97.08000183105469,95.41000366210938,96.43000030517578,94.49336242675781,3309400
2019-01-02,95.26000213623047,97.70999908447266,95.01000213623047,97.5,95.54187774658203,1367100
2019-01-03,99.6500015258789,100.1500015258789,97.63999938964844,97.63999938964844,95.67906951904297,3774600
2019-01-04,99.12000274658203,103.02999877929688,99.04000091552734,102.55000305175781,100.49044799804688,2995900
2019-01-07,103.79000091552734,106.86000061035156,103.68000030517578,105.98999786376953,103.8613510131836,3158600
2019-01-08,107.05999755859375,107.08000183105469,104.4800033569336,106.75,104.6061019897461,2291700
2019-01-09,106.94999694824219,108.0999984741211,106.7699966430664,107.5,105.34103393554688,2171800
2019-01-10,107.0,109.0,106.12000274658203,108.9000015258789,106.7129135131836,2108400
2019-01-11,108.44000244140625,109.16999816894531,107.83000183105469,109.01000213623047,106.8207015991211,1631400
2019-01-14,108.33000183105469,108.54000091552734,106.97000122070312,107.16999816894531,105.01764678955078,2924100
2019-01-15,107.38999938964844,109.29000091552734,107.19999694824219,109.23999786376953,107.04609680175781,1624800
2019-01-16,109.3499984741211,110.66000366210938,108.54000091552734,108.6500015258789,106.46793365478516,2208000
2019-01-17,108.0,110.5199966430664,108.0,109.79000091552734,107.58505249023438,1267300
2019-01-18,110.05000305175781,110.5999984741211,108.8499984741211,110.47000122070312,108.25138854980469,2524300
2019-01-22,109.66000366210938,109.8499984741211,107.9800033569336,108.72000122070312,106.53653717041016,3550200
2019-01-23,108.68000030517578,109.77999877929688,106.55000305175781,107.80999755859375,105.64478302001953,2062300
2019-01-24,107.51000213623047,108.25,107.23999786376953,107.79000091552734,105.62519836425781,1512600
2019-01-25,108.4000015258789,109.54000091552734,107.88999938964844,109.44000244140625,107.24207305908203,2023200
2019-01-28,108.23999786376953,108.44999694824219,106.68000030517578,107.26000213623047,105.10586547851562,2615900
2019-01-29,107.26000213623047,107.87000274658203,106.55999755859375,107.47000122070312,105.31161499023438,1214900
2019-01-30,107.25,108.33999633789062,106.0199966430664,108.19999694824219,106.0269546508789,1755600
2019-01-31,108.05999755859375,109.87999725341797,107.88999938964844,109.69000244140625,107.48706817626953,2154300
2019-02-01,109.75,110.51000213623047,109.12999725341797,110.2699966430664,108.05540466308594,1588600
2019-02-04,110.33000183105469,110.5,109.1500015258789,110.23999786376953,108.02599334716797,1632800
2019-02-05,110.0,111.2699966430664,109.52999877929688,110.05999755859375,107.84962463378906,1876000
2019-02-06,110.02999877929688,110.55999755859375,109.1500015258789,109.87999725341797,107.67324829101562,2201400
2019-02-07,109.05999755859375,109.2300033569336,106.62999725341797,107.12999725341797,104.97843933105469,2893400
2019-02-08,106.80999755859375,107.94999694824219,106.3499984741211,107.80000305175781,105.63500213623047,2529700
2019-02-11,107.94999694824219,108.48999786376953,107.4800033569336,108.33999633789062,106.16416931152344,1852200
2019-02-12,108.87000274658203,109.51000213623047,108.45999908447266,109.41999816894531,107.22245025634766,1360600
2019-02-13,109.4800033569336,110.51000213623047,109.44000244140625,109.75,107.54584503173828,1280000
2019-02-14,109.62000274658203,110.55000305175781,109.22000122070312,110.22000122070312,108.00640869140625,1251400
2019-02-15,110.3499984741211,112.05000305175781,110.3499984741211,112.04000091552734,109.78986358642578,1683600
2019-02-19,111.80999755859375,112.58999633789062,111.29000091552734,111.4000015258789,109.16271209716797,1193200
2019-02-20,111.58999633789062,111.91999816894531,110.06999969482422,111.0999984741211,108.86873626708984,1347700
2019-02-21,110.73999786376953,111.01000213623047,108.76000213623047,109.1500015258789,106.95790100097656,1280400
2019-02-22,109.44000244140625,110.88999938964844,109.0999984741211,110.70999908447266,108.48657989501953,1340300
2019-02-25,112.11000061035156,113.36000061035156,112.08000183105469,112.95999908447266,110.69137573242188,3085900
2019-02-26,112.6500015258789,113.31999969482422,112.05999755859375,112.5,110.24063873291016,1576800
2019-02-27,112.16000366210938,114.37999725341797,112.08999633789062,114.13999938964844,111.8476791381836,1172200
2019-02-28,113.36000061035156,113.52999877929688,112.16000366210938,112.73999786376953,110.4758071899414,1656000
2019-03-01,113.22000122070312,115.26000213623047,113.08000183105469,115.11000061035156,112.79821014404297,2363000
2019-03-04,115.94999694824219,116.25,112.5199966430664,114.01000213623047,111.72029113769531,4013800
2019-03-05,114.11000061035156,114.70999908447266,113.19000244140625,113.41999816894531,111.14212799072266,2686300
2019-03-06,113.3499984741211,113.44999694824219,109.80999755859375,109.87000274658203,107.66343688964844,4948600
2019-03-07,109.88999938964844,110.05999755859375,108.31999969482422,109.13999938964844,106.94811248779297,3179500
2019-03-08,108.0,108.80000305175781,107.52999877929688,108.61000061035156,106.4287338256836,2828100
2019-03-11,109.12999725341797,111.05000305175781,108.88999938964844,110.93000030517578,108.7021484375,2063500
2019-03-12,111.2699966430664,112.41000366210938,110.94000244140625,111.83999633789062,109.59387969970703,2139500
2019-03-13,111.9800033569336,113.45999908447266,111.9800033569336,113.30000305175781,111.0245590209961,1433700
2019-03-14,113.43000030517578,113.94000244140625,112.48999786376953,112.98999786376953,110.72077941894531,2436900
2019-03-15,113.16000366210938,114.33999633789062,113.13999938964844,114.19999694824219,111.90645599365234,2552800
2019-03-18,114.23999786376953,115.0,113.23999786376953,113.91999816894531,111.632080078125,3012400
2019-03-19,114.27999877929688,114.44000244140625,113.58999633789062,113.8499984741211,111.56352996826172,2245800
2019-03-20,113.5999984741211,114.29000091552734,112.3499984741211,113.18000030517578,111.03082275390625,2845100
2019-03-21,110.0,111.9800033569336,109.7699966430664,111.97000122070312,109.84375762939453,3856500
2019-03-22,111.44000244140625,111.70999908447266,108.11000061035156,108.16999816894531,106.11592864990234,3560100
2019-03-25,108.41999816894531,108.80000305175781,106.9800033569336,108.31999969482422,106.26311492919922,2534000
2019-03-26,109.12999725341797,110.41000366210938,109.12999725341797,110.33000183105469,108.23492431640625,1852000
2019-03-27,110.0999984741211,110.4800033569336,107.7699966430664,108.80000305175781,106.73400115966797,3342200
2019-03-28,109.0,109.97000122070312,108.69000244140625,109.45999908447266,107.3814468383789,2379700
2019-03-29,110.5,112.05000305175781,110.5,111.80000305175781,109.67700958251953,2439200
2019-04-01,112.68000030517578,113.02999877929688,111.7300033569336,111.91000366210938,109.78491973876953,2180800
2019-04-02,111.77999877929688,113.25,111.6500015258789,112.81999969482422,110.67767333984375,1658900
2019-04-03,113.37000274658203,113.75,112.58999633789062,113.48999786376953,111.33490753173828,2670500
2019-04-04,113.27999877929688,113.94000244140625,111.9800033569336,113.02999877929688,110.88365173339844,1767500
2019-04-05,113.16999816894531,115.08999633789062,113.16999816894531,114.93000030517578,112.74757385253906,2544500
2019-04-08,114.87999725341797,114.87999725341797,113.30999755859375,114.44000244140625,112.2668685913086,2737700
2019-04-09,113.83000183105469,114.0199966430664,112.30999755859375,112.5999984741211,110.46183776855469,2035200
2019-04-10,112.79000091552734,114.01000213623047,112.73999786376953,113.83999633789062,111.67828369140625,1290300
2019-04-11,113.88999938964844,114.0,111.48999786376953,111.9000015258789,109.77511596679688,4255200
2019-04-12,112.38999938964844,112.7699966430664,110.72000122070312,111.05000305175781,108.94126892089844,2850900
2019-04-15,111.02999877929688,111.52999877929688,109.5199966430664,110.48999786376953,108.39189910888672,2408600
2019-04-16,111.04000091552734,111.36000061035156,109.08999633789062,109.38999938964844,107.31277465820312,2448300
2019-04-17,109.69000244140625,109.87000274658203,104.45999908447266,105.13999938964844,103.14350891113281,7447500
2019-04-18,105.52999877929688,106.12999725341797,102.81999969482422,104.54000091552734,102.55488586425781,6185600
2019-04-22,104.5999984741211,105.44000244140625,103.76000213623047,104.58999633789062,102.60393524169922,4224200
2019-04-23,104.80000305175781,107.37000274658203,104.3499984741211,106.80000305175781,104.77198791503906,4124500
2019-04-24,107.04000091552734,107.1500015258789,105.31999969482422,105.63999938964844,103.63398742675781,3576100
2019-04-25,105.26000213623047,107.04000091552734,104.56999969482422,106.70999908447266,104.68364715576172,2452900
2019-04-26,106.52999877929688,107.44000244140625,105.94000244140625,107.4000015258789,105.36056518554688,1547900
2019-04-29,107.45999908447266,107.95999908447266,106.63999938964844,107.30999755859375,105.27227020263672,1741000
2019-04-30,107.1500015258789,107.69000244140625,105.30000305175781,106.41999816894531,104.39918518066406,3892200
2019-05-01,106.25,106.98999786376953,105.36000061035156,105.55999755859375,103.5555191040039,1519000
2019-05-02,105.37999725341797,106.56999969482422,104.69000244140625,105.9800033569336,103.96755981445312,2539300
2019-05-03,106.20999908447266,108.0,106.20999908447266,107.91000366210938,105.86087036132812,1783000
2019-05-06,106.02999877929688,109.05999755859375,105.80000305175781,108.83000183105469,106.7634048461914,2306800
2019-05-07,107.61000061035156,108.44999694824219,104.80000305175781,105.62999725341797,103.62418365478516,3152600
2019-05-08,105.05000305175781,106.41999816894531,104.47000122070312,105.58999633789062,103.5849380493164,2725300
2019-05-09,104.51000213623047,105.86000061035156,103.23999786376953,105.33999633789062,103.33968353271484,3257700
2019-05-10,104.63999938964844,105.33999633789062,103.0,105.0,103.0061264038086,5118600
2019-05-13,103.0,103.30000305175781,100.86000061035156,101.31999969482422,99.39602661132812,3798300
2019-05-14,101.83000183105469,103.18000030517578,101.33000183105469,102.44000244140625,100.49475860595703,2591000
2019-05-15,101.91000366210938,103.5999984741211,101.47000122070312,103.37000274658203,101.40708923339844,1723900
2019-05-16,103.93000030517578,105.37000274658203,103.75,104.44000244140625,102.45677947998047,2315400
2019-05-17,104.0,104.93000030517578,103.36000061035156,103.7699966430664,101.79949951171875,2947900
2019-05-20,103.16999816894531,103.26000213623047,102.04000091552734,102.31999969482422,100.37705993652344,2510900
2019-05-21,102.88999938964844,104.52999877929688,102.75,104.3499984741211,102.36849212646484,1575400
2019-05-22,103.91000366210938,105.0999984741211,103.18000030517578,104.68000030517578,102.69222259521484,2414900
2019-05-23,103.80999755859375,104.0999984741211,102.93000030517578,103.7699966430664,101.79949951171875,2583900
2019-05-24,104.11000061035156,105.16999816894531,103.83000183105469,104.19999694824219,102.22132873535156,1342100
2019-05-28,103.76000213623047,104.88999938964844,102.7300033569336,102.9000015258789,100.94601440429688,2439100
2019-05-29,102.20999908447266,102.45999908447266,101.13999938964844,101.75,99.81784057617188,2533700
2019-05-30,101.87999725341797,102.56999969482422,101.02999877929688,101.79000091552734,99.85711669921875,1511400
2019-05-31,100.91999816894531,101.0999984741211,99.83999633789062,99.9800033569336,98.08148956298828,2053800
2019-06-03,100.33999633789062,102.19000244140625,100.30000305175781,101.05999755859375,99.14096069335938,2039100
2019-06-04,102.0,103.30999755859375,101.47000122070312,103.01000213623047,101.053955078125,2523800
2019-06-05,103.6500015258789,103.68000030517578,102.4000015258789,103.18000030517578,101.22069549560547,2136200
2019-06-06,102.94000244140625,103.79000091552734,101.97000122070312,102.16999816894531,100.2298812866211,2021000
2019-06-07,102.37000274658203,103.9800033569336,102.22000122070312,103.83000183105469,101.85834503173828,1269200
2019-06-10,104.02999877929688,104.58999633789062,103.20999908447266,103.20999908447266,101.25012969970703,1216600
2019-06-11,104.12000274658203,104.16000366210938,102.51000213623047,102.69999694824219,100.74980926513672,1327800
2019-06-12,102.83999633789062,103.4800033569336,102.29000091552734,103.33000183105469,101.36786651611328,912900
2019-06-13,103.51000213623047,104.27999877929688,103.12000274658203,104.0999984741211,102.12325286865234,1385300
2019-06-14,103.88999938964844,104.33999633789062,102.94999694824219,103.12999725341797,101.1716537475586,1361900
2019-06-17,103.80999755859375,106.2699966430664,103.77999877929688,106.0999984741211,104.16604614257812,2051500
2019-06-18,107.04000091552734,108.22000122070312,106.5999984741211,107.55999755859375,105.59944915771484,2549500
2019-06-19,107.30999755859375,108.19000244140625,107.18000030517578,108.16999816894531,106.19831085205078,1399000
2019-06-20,108.9800033569336,110.18000030517578,108.06999969482422,108.62000274658203,106.6401138305664,1766100
2019-06-21,108.55999755859375,109.44999694824219,107.36000061035156,109.44999694824219,107.45499420166016,1866300
2019-06-24,109.16000366210938,109.41000366210938,106.9000015258789,107.12000274658203,105.16746520996094,3633000
2019-06-25,107.76000213623047,108.38999938964844,106.66000366210938,106.88999938964844,104.94165802001953,2886100
2019-06-26,107.12000274658203,107.5,105.45999908447266,105.81999969482422,103.89114379882812,2019300
2019-06-27,106.2699966430664,107.43000030517578,106.0,107.27999877929688,105.3245620727539,1633400
2019-06-28,107.73999786376953,109.16000366210938,107.44999694824219,109.0999984741211,107.11136627197266,4102700
2019-07-01,110.16999816894531,110.33000183105469,109.16000366210938,109.7300033569336,107.72990417480469,1916800
2019-07-02,109.9000015258789,109.94999694824219,108.88999938964844,109.6500015258789,107.6513442993164,1965400
2019-07-03,109.98999786376953,110.93000030517578,109.62999725341797,110.93000030517578,108.90802001953125,852500
2019-07-05,110.36000061035156,110.87000274658203,109.0999984741211,109.22000122070312,107.22920227050781,3780700
2019-07-08,108.81999969482422,108.97000122070312,106.66999816894531,107.73999786376953,105.77615356445312,4555900
2019-07-09,107.13999938964844,108.87000274658203,106.7699966430664,108.83999633789062,106.85611724853516,2548700
2019-07-10,109.16000366210938,109.5,107.19000244140625,108.52999877929688,106.55176544189453,2374900
2019-07-11,108.16999816894531,108.44000244140625,105.80999755859375,106.9800033569336,105.03001403808594,3505800
2019-07-12,105.97000122070312,106.26000213623047,105.02999877929688,105.5199966430664,103.59661865234375,3450900
2019-07-15,105.4800033569336,106.41999816894531,105.27999877929688,106.08000183105469,104.14643096923828,1438100
2019-07-16,106.33999633789062,106.41000366210938,105.41999816894531,105.47000122070312,103.54754638671875,2059000
2019-07-17,105.44000244140625,106.25,105.12000274658203,105.58000183105469,103.655517578125,1112200
2019-07-18,105.29000091552734,106.72000122070312,105.29000091552734,106.44999694824219,104.50967407226562,2428000
2019-07-19,106.51000213623047,106.70999908447266,104.81999969482422,104.87999725341797,102.96829223632812,3076500
2019-07-22,104.91999816894531,105.80000305175781,104.75,105.12000274658203,103.20393371582031,1536000
2019-07-23,105.36000061035156,105.7300033569336,104.70999908447266,105.38999938964844,103.468994140625,1981600
2019-07-24,105.37999725341797,105.70999908447266,104.12000274658203,105.68000030517578,103.75371551513672,1896300
2019-07-25,105.51000213623047,105.55000305175781,104.19000244140625,104.19999694824219,102.3006820678711,3440300
2019-07-26,104.27999877929688,105.31999969482422,104.01000213623047,105.31999969482422,103.4002685546875,1719800
2019-07-29,105.5999984741211,105.9800033569336,104.37000274658203,105.41000366210938,103.48863983154297,1641400
2019-07-30,104.77999877929688,106.41000366210938,104.45999908447266,106.36000061035156,104.42133331298828,2261000
2019-07-31,106.45999908447266,107.38999938964844,104.8499984741211,105.66000366210938,103.73406982421875,1819900
2019-08-01,105.87000274658203,108.12999725341797,105.6500015258789,106.37999725341797,104.44095611572266,2960600
2019-08-02,105.91999816894531,106.26000213623047,104.27999877929688,105.06999969482422,103.15483093261719,2026600
2019-08-05,103.75,104.0,101.43000030517578,102.29000091552734,100.42549133300781,2928700
2019-08-06,102.79000091552734,103.93000030517578,101.7300033569336,103.73999786376953,101.84908294677734,2231100
2019-08-07,103.0999984741211,104.41000366210938,101.72000122070312,104.0199966430664,102.12395477294922,1884600
2019-08-08,104.22000122070312,106.02999877929688,104.16000366210938,105.87999725341797,103.9500732421875,2907200
2019-08-09,105.25,106.11000061035156,103.94999694824219,105.4800033569336,103.55734252929688,2352300
2019-08-12,104.7300033569336,105.80999755859375,103.87999725341797,104.16000366210938,102.26143646240234,1799500
2019-08-13,103.83000183105469,106.4000015258789,103.83000183105469,105.37999725341797,103.45919799804688,1501100
2019-08-14,103.94999694824219,104.56999969482422,102.94000244140625,103.02999877929688,101.15202331542969,10952700
2019-08-15,103.12999725341797,103.62000274658203,102.16000366210938,102.68000030517578,100.80838012695312,2287600
2019-08-16,103.2300033569336,105.16999816894531,103.16999816894531,104.97000122070312,103.056640625,2866500
2019-08-19,105.93000030517578,106.54000091552734,105.31999969482422,106.16000366210938,104.2249526977539,3254500
2019-08-20,105.66000366210938,106.31999969482422,104.83000183105469,105.08000183105469,103.1646499633789,2817400
2019-08-21,105.79000091552734,106.2699966430664,105.2300033569336,106.04000091552734,104.10714721679688,1185300
2019-08-22,106.19999694824219,106.30000305175781,104.08000183105469,105.08999633789062,103.17448425292969,1471500
2019-08-23,104.69000244140625,105.66000366210938,101.95999908447266,102.41000366210938,100.5433120727539,3694800
2019-08-26,103.19999694824219,103.48999786376953,102.55999755859375,103.16000366210938,101.27964782714844,1427100
2019-08-27,103.83999633789062,104.37000274658203,101.7300033569336,102.22000122070312,100.3568115234375,1946400
2019-08-28,101.93000030517578,103.69999694824219,101.55999755859375,102.87999725341797,101.00475311279297,2338400
2019-08-29,103.87000274658203,104.33999633789062,103.0199966430664,103.62000274658203,101.73127746582031,1490100
2019-08-30,104.04000091552734,104.04000091552734,102.30000305175781,102.93000030517578,101.05384063720703,1349100
2019-09-03,102.30000305175781,103.02999877929688,100.72000122070312,101.1500015258789,99.30628204345703,3332800
2019-09-04,101.77999877929688,101.98999786376953,100.36000061035156,101.20999908447266,99.36520385742188,2092700
2019-09-05,101.94000244140625,102.8499984741211,101.29000091552734,102.38999938964844,100.52367401123047,1947400
2019-09-06,102.37999725341797,103.16000366210938,102.06999969482422,102.23999786376953,100.37642669677734,1701700
2019-09-09,102.41999816894531,102.48999786376953,100.94999694824219,101.83000183105469,99.9738998413086,2149900
2019-09-10,101.25,103.02999877929688,100.58000183105469,102.9800033569336,101.10295867919922,1778000
2019-09-11,103.27999877929688,104.81999969482422,103.0,104.76000213623047,102.8504638671875,2421400
2019-09-12,105.19999694824219,105.19999694824219,103.66999816894531,104.1500015258789,102.25159454345703,2400800
2019-09-13,104.22000122070312,105.26000213623047,104.19999694824219,104.19999694824219,102.3006820678711,1435700
2019-09-16,103.91999816894531,105.44999694824219,103.72000122070312,105.13999938964844,103.22357940673828,1664900
2019-09-17,104.7699966430664,105.4800033569336,104.41000366210938,105.19000244140625,103.27266693115234,1286000
2019-09-18,105.2699966430664,105.29000091552734,103.3499984741211,104.44000244140625,102.53631591796875,1591300
2019-09-19,104.3499984741211,105.45999908447266,104.31999969482422,104.62999725341797,102.72284698486328,2598800
2019-09-20,104.58000183105469,105.9800033569336,104.5199966430664,105.55000305175781,103.62608337402344,2630000
2019-09-23,105.4800033569336,105.87000274658203,104.5999984741211,104.62999725341797,102.72284698486328,1609600
2019-09-24,104.9800033569336,104.9800033569336,101.77999877929688,102.41999816894531,100.62140655517578,2825900
2019-09-25,102.36000061035156,102.88999938964844,101.58000183105469,102.12999725341797,100.33650970458984,1834500
2019-09-26,102.1500015258789,102.19999694824219,99.5999984741211,100.08000183105469,98.32250213623047,3019300
2019-09-27,100.26000213623047,101.27999877929688,98.72000122070312,99.30000305175781,97.55619049072266,3503100
2019-09-30,99.61000061035156,100.33999633789062,99.0,99.5,97.75270080566406,1781300
2019-10-01,99.80000305175781,100.63999938964844,97.7300033569336,98.0,96.27901458740234,3441400
2019-10-02,97.43000030517578,97.80999755859375,96.02999877929688,97.23999786376953,95.53237915039062,4262100
2019-10-03,97.45999908447266,98.81999969482422,96.5,98.79000091552734,97.05517578125,3077900
2019-10-04,99.01000213623047,99.93000030517578,98.0999984741211,99.52999877929688,97.78215789794922,2642400
2019-10-07,99.29000091552734,100.31999969482422,99.04000091552734,99.41000366210938,97.66425323486328,1931100
2019-10-08,98.69999694824219,98.93000030517578,97.30999755859375,97.61000061035156,95.8958740234375,2957500
2019-10-09,98.18000030517578,98.5999984741211,97.63999938964844,97.75,96.03341674804688,1487400
2019-10-10,97.9000015258789,99.16999816894531,97.83000183105469,99.0,97.26148223876953,1357200
2019-10-11,99.66000366210938,101.0999984741211,99.66000366210938,100.23999786376953,98.47970581054688,4992900
2019-10-14,100.13999938964844,101.55000305175781,100.0,100.62000274658203,98.85304260253906,1206600
2019-10-15,101.16999816894531,102.79000091552734,101.05000305175781,102.45999908447266,100.66072082519531,1542200
2019-10-16,102.25,102.94999694824219,102.0199966430664,102.3499984741211,100.55264282226562,2232500
2019-10-17,102.66000366210938,103.43000030517578,102.5199966430664,103.02999877929688,101.22071075439453,1442900
2019-10-18,102.91000366210938,103.44999694824219,101.48999786376953,102.2699966430664,100.47405242919922,1788100
2019-10-21,102.69999694824219,104.0999984741211,102.43000030517578,103.58000183105469,101.76105499267578,1389800
2019-10-22,106.5999984741211,107.62000274658203,105.30000305175781,105.30000305175781,103.4508285522461,4385500
2019-10-23,105.19000244140625,106.41999816894531,104.94999694824219,105.63999938964844,103.78486633300781,1642700
2019-10-24,105.83999633789062,105.83999633789062,105.05999755859375,105.73999786376953,103.88311004638672,1440100
2019-10-25,104.72000122070312,105.8499984741211,104.41000366210938,105.58999633789062,103.73576354980469,1659200
2019-10-28,105.80999755859375,107.19999694824219,105.70999908447266,107.0,105.12098693847656,1098400
2019-10-29,106.95999908447266,108.0999984741211,106.91000366210938,107.45999908447266,105.57289123535156,1771400
2019-10-30,107.6500015258789,107.72000122070312,106.80000305175781,107.58999633789062,105.70061492919922,1630700
2019-10-31,107.30999755859375,107.56999969482422,106.4800033569336,107.33999633789062,105.45502471923828,1978100
2019-11-01,107.91999816894531,109.87999725341797,107.5999984741211,109.8499984741211,107.9209213256836,2133600
2019-11-04,110.29000091552734,110.5999984741211,109.3499984741211,109.5,107.57707214355469,1879700
2019-11-05,109.62999725341797,110.06999969482422,109.18000030517578,109.5199966430664,107.59674072265625,1357000
2019-11-06,109.44999694824219,109.5,108.1500015258789,108.30999755859375,106.40798950195312,3852000
2019-11-07,108.76000213623047,109.11000061035156,108.05999755859375,108.3499984741211,106.44730377197266,1261300
2019-11-08,108.01000213623047,110.45999908447266,107.58000183105469,110.36000061035156,108.4219741821289,1611800
2019-11-11,109.94000244140625,110.20999908447266,109.44000244140625,110.04000091552734,108.10762023925781,1866400
2019-11-12,110.0199966430664,111.33000183105469,109.81999969482422,110.37999725341797,108.4416275024414,2516900
2019-11-13,110.0,111.1500015258789,109.52999877929688,110.58000183105469,108.63810729980469,1689000
2019-11-14,110.19000244140625,110.68000030517578,108.79000091552734,109.8499984741211,107.9209213256836,3426000
2019-11-15,110.29000091552734,111.62000274658203,110.26000213623047,111.5,109.54196166992188,2175600
2019-11-18,111.54000091552734,111.8499984741211,110.58000183105469,111.23999786376953,109.28653717041016,1957500
2019-11-19,111.93000030517578,113.77999877929688,111.81999969482422,113.44999694824219,111.45771789550781,2788000
2019-11-20,113.0,114.62999725341797,112.75,113.95999908447266,111.95874786376953,4992300
2019-11-21,114.26000213623047,114.41999816894531,113.1500015258789,114.30000305175781,112.29280853271484,3851400
2019-11-22,114.75,115.52999877929688,114.16000366210938,115.41000366210938,113.38330841064453,4064400
2019-11-25,116.19000244140625,118.75,116.16000366210938,118.25,116.17340850830078,4700200
2019-11-26,118.69000244140625,118.83000183105469,117.95999908447266,118.4800033569336,116.39939880371094,2827800
2019-11-27,118.63999938964844,119.5199966430664,118.41000366210938,119.38999938964844,117.29340362548828,1750500
2019-11-29,119.0199966430664,120.05000305175781,118.9800033569336,119.6500015258789,117.54885864257812,1345200
2019-12-02,119.63999938964844,119.94999694824219,117.7699966430664,118.44999694824219,116.36994171142578,2708300
2019-12-03,117.9000015258789,119.33999633789062,117.43000030517578,119.1500015258789,117.05760955810547,1997000
2019-12-04,119.48999786376953,120.51000213623047,118.75,120.4000015258789,118.28567504882812,1698600
2019-12-05,119.91999816894531,120.0,118.25,118.86000061035156,116.77271270751953,3594200
2019-12-06,119.5199966430664,120.30999755859375,119.0199966430664,120.02999877929688,117.92216491699219,3085600
2019-12-09,120.36000061035156,121.16000366210938,119.30000305175781,119.41000366210938,117.31307220458984,1899800
2019-12-10,119.13999938964844,120.44000244140625,118.70999908447266,120.0999984741211,117.99093627929688,1664000
2019-12-11,120.19999694824219,120.91999816894531,119.19000244140625,119.4800033569336,117.3818130493164,1795700
2019-12-12,119.2300033569336,121.0999984741211,119.2300033569336,120.29000091552734,118.1775894165039,1847000
2019-12-13,120.66999816894531,122.0,119.88999938964844,120.62999725341797,118.51162719726562,2851200
2019-12-16,121.43000030517578,121.94999694824219,120.7699966430664,121.61000061035156,119.53192138671875,1964000
2019-12-17,121.62000274658203,121.66000366210938,120.37999725341797,120.98999786376953,118.92247772216797,1462700
2019-12-18,120.81999969482422,121.30000305175781,119.83000183105469,120.55999755859375,118.49983215332031,1735700
2019-12-19,120.80000305175781,121.16999816894531,120.05999755859375,121.1500015258789,119.07978057861328,1722900
2019-12-20,121.3499984741211,122.12999725341797,121.04000091552734,122.05000305175781,119.96439361572266,3751500
2019-12-23,122.55000305175781,123.04000091552734,121.69000244140625,122.91999816894531,120.81951141357422,4348700
2019-12-24,122.72000122070312,123.73999786376953,122.4800033569336,123.5,121.38960266113281,973200
2019-12-26,123.51000213623047,123.68000030517578,122.4000015258789,122.58000183105469,120.48532104492188,2539500
2019-12-27,123.0999984741211,123.0999984741211,121.16999816894531,121.55999755859375,119.48275756835938,3284500
2019-12-30,121.33999633789062,121.79000091552734,119.66000366210938,120.18000030517578,118.18758392333984,4155100
2019-12-31,119.97000122070312,120.75,119.4800033569336,120.51000213623047,118.51211547851562,3002900
2020-01-02,121.30000305175781,121.75,118.94000244140625,119.88999938964844,117.90240478515625,2844400
2020-01-03,118.19999694824219,119.13999938964844,117.7699966430664,118.36000061035156,116.39775848388672,5480900
2020-01-06,117.69000244140625,119.18000030517578,116.94999694824219,119.12000274658203,117.14514923095703,2199100
2020-01-07,119.16000366210938,119.63999938964844,117.95999908447266,119.1500015258789,117.1746597290039,1718400
2020-01-08,119.06999969482422,120.87999725341797,118.86000061035156,120.22000122070312,118.2269287109375,3388200
2020-01-09,120.80999755859375,121.62999725341797,120.52999877929688,121.04000091552734,119.03333282470703,1979400
2020-01-10,121.19999694824219,121.91000366210938,120.37999725341797,120.44999694824219,118.45309448242188,2498500
2020-01-13,120.58000183105469,120.58000183105469,118.08000183105469,119.16000366210938,117.18447875976562,3960100
2020-01-14,119.05000305175781,121.62000274658203,118.37999725341797,121.11000061035156,119.10215759277344,3855900
2020-01-15,121.0999984741211,122.58000183105469,121.01000213623047,121.7300033569336,119.71187591552734,4309800
2020-01-16,122.58999633789062,122.95999908447266,121.55999755859375,122.3499984741211,120.32160949707031,1908000
2020-01-17,122.76000213623047,122.83999633789062,121.47000122070312,121.88999938964844,119.86923217773438,1907100
2020-01-21,121.69999694824219,121.93000030517578,120.54000091552734,120.72000122070312,118.7186279296875,2795100
2020-01-22,121.0,121.68000030517578,120.33000183105469,120.45999908447266,118.46294403076172,1395400
2020-01-23,120.16000366210938,120.25,118.45999908447266,119.5,117.51885986328125,3413300
2020-01-24,119.8499984741211,120.0,116.2699966430664,116.87999725341797,114.94229125976562,4309700
2020-01-27,115.0,116.7699966430664,114.54000091552734,116.08999633789062,114.16541290283203,2580300
2020-01-28,117.02999877929688,117.83999633789062,116.54000091552734,117.31999969482422,115.375,2347300
2020-01-29,117.75,117.9800033569336,117.16000366210938,117.23999786376953,115.29631805419922,1585400
2020-01-30,116.4800033569336,116.83000183105469,114.73999786376953,115.54000091552734,113.62451171875,4027100
2020-01-31,115.20999908447266,115.33999633789062,112.63999938964844,113.80999755859375,111.92320251464844,3398500
2020-02-03,114.87999725341797,116.19000244140625,114.70999908447266,115.81999969482422,113.89987182617188,2085500
2020-02-04,117.37999725341797,118.94000244140625,117.27999877929688,118.55000305175781,116.5845947265625,3072900
2020-02-05,119.5999984741211,123.4800033569336,119.52999877929688,121.55999755859375,119.54471588134766,7266900
2020-02-06,122.81999969482422,122.94999694824219,121.31999969482422,122.47000122070312,120.43962097167969,3570500
2020-02-07,122.06999969482422,122.20999908447266,120.98999786376953,121.52999877929688,119.51520538330078,2062900
2020-02-10,121.29000091552734,122.75,121.0,122.7300033569336,120.69532012939453,1948200
2020-02-11,123.0,123.58000183105469,122.44000244140625,122.66999816894531,120.63630676269531,2229200
2020-02-12,123.12000274658203,123.36000061035156,122.05999755859375,122.94000244140625,120.90182495117188,2463800
2020-02-13,122.76000213623047,122.86000061035156,121.87999725341797,121.94999694824219,119.9282455444336,2553900
2020-02-14,122.16999816894531,122.63999938964844,121.30000305175781,122.47000122070312,120.43962097167969,1374300
2020-02-18,122.30000305175781,122.6500015258789,121.5199966430664,122.5199966430664,120.48880004882812,1951400
2020-02-19,122.95999908447266,123.91999816894531,122.81999969482422,123.4800033569336,121.43286895751953,1405500
2020-02-20,123.6500015258789,123.6500015258789,121.29000091552734,123.30999755859375,121.26570892333984,2381300
2020-02-21,123.2699966430664,123.58000183105469,122.12999725341797,123.08000183105469,121.03950500488281,2149200
2020-02-24,120.75,120.91999816894531,118.51000213623047,119.83999633789062,117.85322570800781,4531700
2020-02-25,120.62999725341797,121.12999725341797,116.4800033569336,116.80000305175781,114.86363220214844,4565200
2020-02-26,118.0,119.56999969482422,117.18000030517578,118.36000061035156,116.39775848388672,5381800
2020-02-27,117.69999694824219,118.2699966430664,113.43000030517578,113.43000030517578,111.54948425292969,6086300
2020-02-28,110.0,114.22000122070312,109.69999694824219,113.87999725341797,111.99202728271484,8506700
2020-03-02,114.9000015258789,119.41999816894531,114.0199966430664,119.41999816894531,117.44020080566406,6159600
2020-03-03,118.5999984741211,120.7300033569336,114.68000030517578,116.2300033569336,114.30308532714844,7118900
2020-03-04,118.63999938964844,121.68000030517578,117.61000061035156,121.68000030517578,119.6627197265625,4937600
2020-03-05,118.9800033569336,121.86000061035156,118.48999786376953,119.55999755859375,117.57785034179688,3456900
2020-03-06,116.43000030517578,118.62999725341797,115.93000030517578,118.02999877929688,116.0732421875,3915500
2020-03-09,110.8499984741211,114.13999938964844,109.5999984741211,110.0,108.17636108398438,4898000
2020-03-10,113.1500015258789,113.16999816894531,106.80000305175781,112.30999755859375,110.44806671142578,4877800
2020-03-11,109.87000274658203,111.79000091552734,105.72000122070312,106.97000122070312,105.19659423828125,6625100
2020-03-12,101.22000122070312,103.12999725341797,97.5,97.5,95.88360595703125,7480200
2020-03-13,102.0,104.3499984741211,95.27999877929688,103.68000030517578,101.96114349365234,8756000
2020-03-16,95.12000274658203,101.19000244140625,92.1500015258789,94.38999938964844,92.82512664794922,4581500
2020-03-17,96.86000061035156,103.08000183105469,94.69000244140625,101.30000305175781,99.62059020996094,4414300
2020-03-18,95.8499984741211,101.69999694824219,94.02999877929688,98.33000183105469,96.69982147216797,6421900
2020-03-19,97.76000213623047,103.0,97.12999725341797,101.05999755859375,99.38458251953125,4073000
2020-03-20,102.63999938964844,104.98999786376953,97.87999725341797,98.04000091552734,96.41464233398438,5778000
2020-03-23,98.37000274658203,99.80000305175781,94.16999816894531,97.5,95.88360595703125,3351500
2020-03-24,101.31999969482422,102.91999816894531,99.95999908447266,102.62000274658203,100.91869354248047,3932900
2020-03-25,102.7300033569336,105.2300033569336,101.37999725341797,102.0,100.36276245117188,2555200
2020-03-26,102.5999984741211,107.66000366210938,102.4000015258789,106.79000091552734,105.07588958740234,3225600
2020-03-27,104.23999786376953,107.5,104.12000274658203,104.70999908447266,103.0292739868164,1783700
2020-03-30,105.8499984741211,109.2300033569336,105.80000305175781,108.83999633789062,107.09297943115234,2800800
2020-03-31,107.86000061035156,109.0999984741211,106.44999694824219,107.73999786376953,106.01063537597656,2075700
2020-04-01,104.93000030517578,106.72000122070312,103.0,103.79000091552734,102.12403869628906,3146000
2020-04-02,102.91999816894531,107.80999755859375,102.73999786376953,107.69999694824219,105.9712905883789,2055700
2020-04-03,107.55000305175781,108.61000061035156,105.43000030517578,106.25,104.5445785522461,1616700
2020-04-06,110.01000213623047,111.97000122070312,109.01000213623047,111.70999908447266,109.91693115234375,4806100
2020-04-07,113.91000366210938,114.0999984741211,109.30999755859375,109.54000091552734,107.78175354003906,4070300
2020-04-08,111.0,113.22000122070312,109.36000061035156,112.94000244140625,111.12718963623047,2276200
2020-04-09,113.6500015258789,114.30000305175781,112.38999938964844,113.97000122070312,112.14065551757812,2762900
2020-04-13,114.1500015258789,114.8499984741211,112.62000274658203,114.48999786376953,112.65230560302734,1764600
2020-04-14,116.47000122070312,118.83999633789062,116.22000122070312,118.6500015258789,116.74552917480469,6610500
2020-04-15,116.63999938964844,117.16000366210938,115.13999938964844,115.69000244140625,113.8330307006836,1809300
2020-04-16,117.0,119.33999633789062,116.54000091552734,119.08000183105469,117.16862487792969,2737200
2020-04-17,123.37999725341797,124.7699966430664,121.69000244140625,124.63999938964844,122.6393814086914,6166000
2020-04-20,123.75,128.4600067138672,123.5199966430664,126.25,124.2235336303711,3997600
2020-04-21,124.66999816894531,125.70999908447266,121.73999786376953,122.41999816894531,120.45500183105469,3534900
2020-04-22,124.0,124.23999786376953,121.7699966430664,123.58000183105469,121.59638977050781,1971600
2020-04-23,124.37999725341797,126.73999786376953,122.8499984741211,123.19999694824219,121.22247314453125,3038500
2020-04-24,124.16999816894531,126.2699966430664,123.01000213623047,126.18000030517578,124.15465545654297,2627000
2020-04-27,128.0,128.50999450683594,126.4000015258789,127.52999877929688,125.48295593261719,2245100
2020-04-28,128.9499969482422,128.9499969482422,124.18000030517578,124.80999755859375,122.80664825439453,2997200
2020-04-29,127.26000213623047,127.47000122070312,124.80999755859375,125.80000305175781,123.78074645996094,3420100
2020-04-30,125.5,125.8499984741211,123.5999984741211,124.0,122.0096664428711,1885800
2020-05-01,121.98999786376953,122.7300033569336,119.6500015258789,120.9000015258789,118.95940399169922,2447200
2020-05-04,121.01000213623047,124.62999725341797,120.9000015258789,124.55000305175781,122.55083465576172,2635300
2020-05-05,126.06999969482422,127.93000030517578,125.5999984741211,126.9800033569336,124.94182586669922,2711600
2020-05-06,127.38999938964844,128.52000427246094,126.30999755859375,127.0,124.96148681640625,2801800
2020-05-07,128.67999267578125,128.67999267578125,126.55999755859375,127.16999816894531,125.12876892089844,2633700
2020-05-08,128.5,129.1199951171875,127.58000183105469,128.41000366210938,126.3488540649414,2166100
2020-05-11,128.3000030517578,134.08999633789062,128.10000610351562,133.89999389648438,131.75076293945312,5590600
2020-05-12,134.91000366210938,136.1300048828125,131.0500030517578,131.0500030517578,128.94647216796875,7037200
2020-05-13,131.91000366210938,133.66000366210938,127.30000305175781,129.60000610351562,127.51976776123047,5363900
2020-05-14,128.25999450683594,129.86000061035156,127.12000274658203,129.02000427246094,126.94905853271484,3568000
2020-05-15,128.52000427246094,132.33999633789062,127.75,132.25,130.1272430419922,3740100
2020-05-18,135.8699951171875,136.1999969482422,133.47000122070312,133.77999877929688,131.63270568847656,3870700
2020-05-19,133.77999877929688,134.17999267578125,131.0,131.2100067138672,129.1039276123047,2817100
2020-05-20,132.4199981689453,134.1300048828125,131.39999389648438,133.91000366210938,131.76055908203125,2585600
2020-05-21,133.3300018310547,133.85000610351562,131.11000061035156,132.47000122070312,130.34368896484375,2890600
2020-05-22,132.1300048828125,133.47999572753906,131.5,133.33999633789062,131.19973754882812,2322100
2020-05-26,135.5399932861328,135.5399932861328,130.6999969482422,130.80999755859375,128.7103271484375,4892100
2020-05-27,130.4499969482422,132.02999877929688,126.62999725341797,132.0,129.8812255859375,6186700
2020-05-28,132.13999938964844,134.30999755859375,131.83999633789062,132.3300018310547,130.20591735839844,3999000
2020-05-29,132.4600067138672,134.9199981689453,130.36000061035156,134.74000549316406,132.57730102539062,4893700
2020-06-01,134.25,134.8000030517578,133.22999572753906,134.11000061035156,131.95736694335938,3155600
2020-06-02,133.97000122070312,134.4600067138672,131.52999877929688,134.42999267578125,132.27227783203125,2791200
2020-06-03,134.42999267578125,134.6999969482422,132.17999267578125,132.64999389648438,130.5208282470703,3318200
2020-06-04,131.94000244140625,133.72999572753906,130.6199951171875,131.44000244140625,129.3302459716797,4044600
2020-06-05,132.17999267578125,133.02999877929688,130.08999633789062,131.35000610351562,129.24168395996094,5814000
2020-06-08,131.6300048828125,133.3800048828125,130.44000244140625,133.10000610351562,130.96363830566406,3325300
2020-06-09,132.61000061035156,134.3000030517578,132.4499969482422,132.91000366210938,130.7766571044922,4825700
2020-06-10,133.88999938964844,134.47999572753906,132.72000122070312,133.33999633789062,131.19973754882812,4905500
2020-06-11,131.8000030517578,132.30999755859375,127.19000244140625,127.41000366210938,125.36491394042969,6498100
2020-06-12,129.69000244140625,130.33999633789062,125.18000030517578,128.0800018310547,126.0241470336914,5871300
2020-06-15,126.7300033569336,130.85000610351562,126.16999816894531,130.5,128.5327606201172,3564900
2020-06-16,132.3800048828125,133.08999633789062,129.8000030517578,132.3300018310547,130.33518981933594,3433800
2020-06-17,133.00999450683594,134.17999267578125,132.50999450683594,132.82000732421875,130.81777954101562,2525200
2020-06-18,131.69000244140625,134.07000732421875,131.63999938964844,133.49000549316406,131.47769165039062,2794900
2020-06-19,134.61000061035156,138.0500030517578,133.85000610351562,137.85000610351562,135.77195739746094,4642000
2020-06-22,137.7100067138672,138.58999633789062,135.61000061035156,138.1300048828125,136.04774475097656,4959500
2020-06-23,139.10000610351562,140.57000732421875,138.3300018310547,138.64999389648438,136.55992126464844,3330000
2020-06-24,138.24000549316406,140.02000427246094,135.08999633789062,136.39999389648438,134.34384155273438,5051800
2020-06-25,136.1699981689453,138.11000061035156,135.02999877929688,137.9199981689453,135.84091186523438,2493100
2020-06-26,137.61000061035156,138.14999389648438,134.1699981689453,135.16000366210938,133.12252807617188,5036700
2020-06-29,135.85000610351562,136.1300048828125,133.57000732421875,134.67999267578125,132.64974975585938,2122200
2020-06-30,134.80999755859375,137.17999267578125,134.14999389648438,136.69000244140625,134.62945556640625,3148200
2020-07-01,137.2100067138672,137.85000610351562,135.3000030517578,137.3699951171875,135.2991943359375,3454700
2020-07-02,138.80999755859375,139.82000732421875,137.67999267578125,138.5399932861328,136.4515838623047,2786400
2020-07-06,140.36000061035156,140.92999267578125,139.0399932861328,139.44000244140625,137.3380126953125,3107800
2020-07-07,139.0500030517578,142.3300018310547,138.57000732421875,140.05999755859375,137.9486541748047,2752900
2020-07-08,141.27999877929688,141.3699951171875,139.17999267578125,140.80999755859375,138.68731689453125,2240200
2020-07-09,141.10000610351562,141.80999755859375,138.33999633789062,140.57000732421875,138.4509735107422,2807000
2020-07-10,140.8699951171875,140.8699951171875,138.6199951171875,139.2100067138672,137.11148071289062,2913500
2020-07-13,140.14999389648438,142.67999267578125,136.8699951171875,137.35000610351562,135.27952575683594,4882700
2020-07-14,136.6199951171875,140.39999389648438,135.22000122070312,140.25999450683594,138.14566040039062,5507900
2020-07-15,142.38999938964844,143.1300048828125,140.8300018310547,142.6199951171875,140.47007751464844,4253800
2020-07-16,142.08999633789062,142.16000366210938,139.7100067138672,141.4499969482422,139.31768798828125,3067300
2020-07-17,141.9600067138672,144.5399932861328,141.52000427246094,143.9600067138672,141.7898406982422,2705500
2020-07-20,144.50999450683594,146.52999877929688,143.58999633789062,145.8000030517578,143.6021728515625,4717800
2020-07-21,146.22000122070312,146.2899932861328,142.0399932861328,142.4600067138672,140.31248474121094,2808600
2020-07-22,142.77999877929688,143.22999572753906,141.1199951171875,142.10000610351562,139.95791625976562,1882100
2020-07-23,142.24000549316406,143.0399932861328,138.89999389648438,139.47000122070312,137.36756896972656,3003700
2020-07-24,138.00999450683594,138.3000030517578,135.2100067138672,136.41000366210938,134.35366821289062,3652600
2020-07-27,137.66000366210938,140.2100067138672,137.0800018310547,140.0500030517578,137.93881225585938,2642000
2020-07-28,140.0,140.75,137.94000244140625,138.16000366210938,136.07728576660156,1683100
2020-07-29,138.75,138.75,136.38999938964844,136.6199951171875,134.56051635742188,2138600
2020-07-30,135.44000244140625,137.80999755859375,135.1199951171875,137.02000427246094,134.9544677734375,1770600
2020-07-31,136.86000061035156,137.05999755859375,132.7100067138672,134.3699951171875,132.34439086914062,4527500
2020-08-03,135.30999755859375,138.80999755859375,135.1699981689453,138.57000732421875,136.4811553955078,2615800
2020-08-04,138.74000549316406,138.74000549316406,136.38999938964844,137.67999267578125,135.6045379638672,2362600
2020-08-05,138.39999389648438,138.8300018310547,136.67999267578125,137.27999877929688,135.21055603027344,2504300
2020-08-06,137.2100067138672,138.02000427246094,135.74000549316406,136.75999450683594,134.69837951660156,3862900
2020-08-07,136.27000427246094,137.0399932861328,134.9600067138672,136.22999572753906,134.17637634277344,2705400
2020-08-10,136.2100067138672,136.49000549316406,134.00999450683594,134.8699951171875,132.83685302734375,1699700
2020-08-11,134.58999633789062,134.85000610351562,131.67999267578125,131.8800048828125,129.8919677734375,4092900
2020-08-12,132.55999755859375,134.1199951171875,132.4199981689453,133.80999755859375,131.7928466796875,3022600
2020-08-13,133.83999633789062,134.64999389648438,133.33999633789062,134.0,131.97999572753906,3876500
2020-08-14,134.27000427246094,134.27999877929688,132.8000030517578,133.36000061035156,131.34963989257812,3318900
2020-08-17,133.82000732421875,136.25,133.52999877929688,135.99000549316406,133.9400177001953,1842300
2020-08-18,136.27999877929688,136.50999450683594,133.99000549316406,135.22000122070312,133.18157958984375,2067500
2020-08-19,134.67999267578125,135.1999969482422,133.36000061035156,133.77999877929688,131.76332092285156,2571300
2020-08-20,133.2899932861328,133.5800018310547,132.36000061035156,133.3800048828125,131.36935424804688,3071100
2020-08-21,132.83999633789062,133.2100067138672,131.6199951171875,132.60000610351562,130.6011199951172,2040200
2020-08-24,133.1999969482422,133.3800048828125,130.19000244140625,131.0500030517578,129.07444763183594,3466600
2020-08-25,131.2100067138672,133.38999938964844,130.5500030517578,133.0500030517578,131.0443115234375,3267900
2020-08-26,132.83999633789062,133.38999938964844,132.19000244140625,132.82000732421875,130.81777954101562,2353300
2020-08-27,132.8699951171875,133.5500030517578,131.69000244140625,132.6699981689453,130.67005920410156,2450300
2020-08-28,132.85000610351562,133.10000610351562,131.9499969482422,133.0500030517578,131.0443115234375,2428900
2020-08-31,133.2100067138672,136.0399932861328,133.10000610351562,135.60000610351562,133.55589294433594,2927000
2020-09-01,135.07000732421875,135.6199951171875,132.64999389648438,133.02000427246094,131.01480102539062,3360300
2020-09-02,133.25999450683594,135.1999969482422,132.6300048828125,134.97000122070312,132.93540954589844,2839300
2020-09-03,134.77000427246094,134.94000244140625,129.5,129.91000366210938,127.95169067382812,4831600
2020-09-04,130.32000732421875,130.64999389648438,126.0,129.27999877929688,127.33114624023438,4930400
2020-09-08,127.63999938964844,129.17999267578125,126.22000122070312,126.87999725341797,124.96732330322266,3747800
2020-09-09,128.02999877929688,130.0,127.98999786376953,129.36000061035156,127.40995025634766,2043700
2020-09-10,129.42999267578125,130.77999877929688,126.79000091552734,127.16999816894531,125.25296783447266,3225100
2020-09-11,127.8499984741211,129.3000030517578,126.56999969482422,127.79000091552734,125.86363220214844,2569500
2020-09-14,130.86000061035156,135.05999755859375,130.64999389648438,134.7100067138672,132.67933654785156,4988900
2020-09-15,135.86000061035156,137.0,135.39999389648438,136.07000732421875,134.018798828125,3205500
2020-09-16,137.0,138.0500030517578,135.8800048828125,136.16000366210938,134.10745239257812,2507200
2020-09-17,134.14999389648438,136.3300018310547,133.91000366210938,135.6300048828125,133.58543395996094,2657100
2020-09-18,136.0,136.50999450683594,133.25999450683594,136.32000732421875,134.26502990722656,2643900
2020-09-21,134.0500030517578,134.38999938964844,131.47000122070312,132.8300018310547,130.82762145996094,3273500
2020-09-22,132.9600067138672,134.02999877929688,130.86000061035156,133.83999633789062,131.8224334716797,3491900
2020-09-23,134.27000427246094,134.85000610351562,131.88999938964844,132.0800018310547,130.1501922607422,2615500
2020-09-24,131.00999450683594,131.4499969482422,129.25,130.69000244140625,128.78053283691406,3637900
2020-09-25,130.52999877929688,133.77999877929688,130.3000030517578,133.47000122070312,131.51988220214844,3167900
2020-09-28,134.7100067138672,134.9499969482422,133.27000427246094,134.47999572753906,132.51515197753906,1816100
2020-09-29,134.6999969482422,135.49000549316406,133.7899932861328,134.61000061035156,132.6432647705078,1858700
2020-09-30,135.33999633789062,136.72999572753906,134.5,135.41000366210938,133.43157958984375,3192100
2020-10-01,136.10000610351562,136.94000244140625,135.38999938964844,136.6699981689453,134.67311096191406,2298900
2020-10-02,134.75,136.66000366210938,133.1699981689453,133.8699951171875,131.91404724121094,2711100
2020-10-05,136.1300048828125,139.75999450683594,136.11000061035156,139.57000732421875,137.53077697753906,3115000
2020-10-06,139.92999267578125,140.3699951171875,137.7100067138672,137.8800048828125,135.86550903320312,2865000
2020-10-07,138.8000030517578,141.49000549316406,138.72000122070312,140.99000549316406,138.93002319335938,1775700
2020-10-08,141.75,141.91000366210938,140.60000610351562,141.3800048828125,139.31434631347656,1522400
2020-10-09,142.0800018310547,142.6300048828125,141.25,142.52999877929688,140.44754028320312,2394200
2020-10-12,143.75,144.1999969482422,142.00999450683594,143.64999389648438,141.5511474609375,2006400
2020-10-13,143.47999572753906,144.75,143.00999450683594,144.33999633789062,142.2310791015625,1863600
2020-10-14,144.6199951171875,144.82000732421875,142.22999572753906,142.4499969482422,140.36871337890625,2090000
2020-10-15,139.9499969482422,140.17999267578125,138.1699981689453,139.2100067138672,137.17605590820312,2351200
2020-10-16,139.5,141.75999450683594,139.36000061035156,139.7100067138672,137.6687469482422,3973100
2020-10-19,140.5,140.74000549316406,136.75999450683594,137.42999267578125,135.42202758789062,3152900
2020-10-20,137.80999755859375,138.1300048828125,136.2100067138672,136.52999877929688,134.53518676757812,2505600
2020-10-21,136.57000732421875,136.86000061035156,134.19000244140625,134.19000244140625,132.22935485839844,3162300
2020-10-22,134.22000122070312,136.5500030517578,134.22000122070312,136.14999389648438,134.16073608398438,3150200
2020-10-23,137.44000244140625,137.44000244140625,135.4199981689453,136.49000549316406,134.4958038330078,1580700
2020-10-26,135.1300048828125,136.5,133.63999938964844,135.11000061035156,133.1359405517578,2267700
2020-10-27,135.50999450683594,136.3300018310547,134.74000549316406,135.8699951171875,133.8848419189453,1959000
2020-10-28,133.75,134.27000427246094,132.0500030517578,132.36000061035156,130.42608642578125,2653200
2020-10-29,132.5500030517578,134.13999938964844,130.97000122070312,133.05999755859375,131.11587524414062,2237800
2020-10-30,131.74000549316406,132.57000732421875,128.91000366210938,130.6199951171875,128.71153259277344,3326700
2020-11-02,131.44000244140625,131.66000366210938,128.22999572753906,130.3800048828125,128.47508239746094,4223200
2020-11-03,131.38999938964844,133.3300018310547,131.1199951171875,132.69000244140625,130.7512969970703,4654900
2020-11-04,135.55999755859375,143.36000061035156,135.1300048828125,140.6999969482422,138.6442413330078,10946700
2020-11-05,142.0800018310547,142.0800018310547,139.50999450683594,140.6300048828125,138.57528686523438,3220000
2020-11-06,139.9600067138672,139.9600067138672,136.72000122070312,137.74000549316406,135.72747802734375,6017500
2020-11-09,142.00999450683594,142.00999450683594,136.75999450683594,137.6300048828125,135.6190948486328,5203300
2020-11-10,137.75999450683594,138.8300018310547,136.02000427246094,137.74000549316406,135.72747802734375,2631700
2020-11-11,139.16000366210938,139.9499969482422,137.9600067138672,139.50999450683594,137.4716796875,2493800
2020-11-12,139.47000122070312,140.75999450683594,138.47999572753906,139.52999877929688,137.49136352539062,2406000
2020-11-13,139.8699951171875,141.58999633789062,139.7899932861328,141.05999755859375,138.99899291992188,1937200
2020-11-16,142.36000061035156,142.36000061035156,140.5800018310547,141.0800018310547,139.0187225341797,3306600
2020-11-17,140.63999938964844,140.77999877929688,138.99000549316406,140.75999450683594,138.70338439941406,3116700
2020-11-18,140.89999389648438,141.0,137.72000122070312,137.9199981689453,135.90487670898438,4035100
2020-11-19,138.0,138.8699951171875,137.38999938964844,138.08999633789062,136.0723876953125,2776300
2020-11-20,138.00999450683594,139.19000244140625,137.27999877929688,138.8699951171875,136.8410186767578,2958100
2020-11-23,139.85000610351562,140.0500030517578,138.32000732421875,139.0800018310547,137.04791259765625,2156800
2020-11-24,139.3000030517578,139.60000610351562,138.07000732421875,138.25,136.23008728027344,3006600
2020-11-25,138.60000610351562,139.39999389648438,138.33999633789062,138.9499969482422,136.91983032226562,1079100
2020-11-27,139.99000549316406,143.3699951171875,139.6300048828125,143.22000122070312,141.12742614746094,2271600
2020-11-30,144.3699951171875,145.67999267578125,142.6699981689453,144.97999572753906,142.8617401123047,3013800
2020-12-01,147.3000030517578,148.00999450683594,144.86000061035156,145.32000732421875,143.19677734375,4457700
2020-12-02,144.9600067138672,145.82000732421875,143.57000732421875,144.99000549316406,142.87161254882812,2932900
2020-12-03,145.0500030517578,146.44000244140625,144.6300048828125,146.44000244140625,144.30038452148438,1728000
2020-12-04,146.6199951171875,147.9499969482422,146.0,147.8000030517578,145.64056396484375,2695800
2020-12-07,148.30999755859375,149.30999755859375,147.22999572753906,147.80999755859375,145.65037536621094,3192000
2020-12-08,148.22999572753906,150.42999267578125,147.88999938964844,150.42999267578125,148.2321014404297,3146700
2020-12-09,151.0,151.25,146.25,147.60000610351562,145.44345092773438,2672100
2020-12-10,147.17999267578125,149.97999572753906,146.55999755859375,149.82000732421875,147.63104248046875,1989100
2020-12-11,149.41000366210938,150.97999572753906,148.6699981689453,150.19000244140625,147.99559020996094,1533100
2020-12-14,153.0,156.39999389648438,152.94000244140625,153.6300048828125,151.45089721679688,3102600
2020-12-15,154.97000122070312,155.16000366210938,152.1300048828125,153.9199981689453,151.73675537109375,2428800
2020-12-16,153.82000732421875,154.0399932861328,152.1699981689453,152.89999389648438,150.73121643066406,2599100
2020-12-17,153.77000427246094,155.08999633789062,153.00999450683594,155.08999633789062,152.89019775390625,2711800
2020-12-18,155.75999450683594,156.0,154.57000732421875,155.75,153.5408477783203,5067000
2020-12-21,154.0800018310547,156.5,153.1199951171875,156.3000030517578,154.0830078125,1856900
2020-12-22,156.74000549316406,157.3300018310547,155.69000244140625,156.60000610351562,154.37876892089844,3421500
2020-12-23,157.0399932861328,157.69000244140625,154.8300018310547,157.30999755859375,155.0787353515625,1454500
2020-12-24,157.27999877929688,157.9199981689453,155.6199951171875,156.1199951171875,153.90554809570312,844200
2020-12-28,157.13999938964844,157.38999938964844,153.42999267578125,153.6699981689453,151.4903564453125,1557700
2020-12-29,153.9199981689453,154.60000610351562,151.08999633789062,151.91000366210938,149.7552947998047,3564600
2020-12-30,152.5500030517578,153.9499969482422,151.92999267578125,152.47999572753906,150.3172149658203,2107100
2020-12-31,152.4499969482422,152.6999969482422,150.00999450683594,151.49000549316406,149.3412628173828,2499800
2021-01-04,152.52999877929688,152.5399932861328,148.5,150.49000549316406,148.35545349121094,4303400
2021-01-05,150.35000610351562,151.0500030517578,149.5500030517578,150.8000030517578,148.6610107421875,3352100
2021-01-06,149.17999267578125,153.92999267578125,149.14999389648438,152.6300048828125,150.46511840820312,3667600
2021-01-07,153.8300018310547,157.4199981689453,153.5800018310547,157.27000427246094,155.03927612304688,2737900
2021-01-08,156.75999450683594,159.61000061035156,155.75999450683594,158.22999572753906,155.98565673828125,4413500
2021-01-11,157.4600067138672,159.2100067138672,156.00999450683594,157.97000122070312,155.72935485839844,3752800
2021-01-12,158.6199951171875,159.6199951171875,156.86000061035156,158.36000061035156,156.1138153076172,3240900
2021-01-13,158.6999969482422,159.6199951171875,157.74000549316406,158.02999877929688,155.78846740722656,1790900
2021-01-14,158.49000549316406,162.22000122070312,158.4199981689453,161.8699951171875,159.57398986816406,1753500
2021-01-15,161.91000366210938,163.60000610351562,159.97000122070312,161.7100067138672,159.4163055419922,2222700
2021-01-19,163.14999389648438,164.9600067138672,162.9499969482422,164.8300018310547,162.4920196533203,4840800
2021-01-20,165.4199981689453,166.36000061035156,164.52000427246094,165.0,162.6595916748047,1868700
2021-01-21,165.6199951171875,165.75,162.52999877929688,163.52999877929688,161.21047973632812,2790500
2021-01-22,162.6300048828125,165.25999450683594,162.58999633789062,164.69000244140625,162.35397338867188,1371200
2021-01-25,165.86000061035156,167.83999633789062,164.2100067138672,167.75,165.37060546875,2456100
2021-01-26,168.10000610351562,168.50999450683594,164.5399932861328,164.8300018310547,162.4920196533203,3364100
2021-01-27,162.75,164.5399932861328,159.30999755859375,159.85000610351562,157.5826873779297,4177900
2021-01-28,160.5800018310547,164.33999633789062,160.25,160.41000366210938,158.13470458984375,2921900
2021-01-29,162.35000610351562,164.1699981689453,158.75999450683594,160.63999938964844,158.3614501953125,2901100
2021-02-01,163.27999877929688,163.77000427246094,160.77999877929688,162.69000244140625,160.3824005126953,2473900
2021-02-02,164.27000427246094,164.6999969482422,161.9499969482422,164.5,162.1667022705078,3561300
2021-02-03,164.67999267578125,166.3000030517578,163.08999633789062,163.8800048828125,161.55551147460938,1943300
2021-02-04,164.7899932861328,166.41000366210938,163.67999267578125,166.1199951171875,163.7637176513672,1746000
2021-02-05,167.1300048828125,169.52999877929688,166.25999450683594,169.0500030517578,166.6521759033203,1869800
2021-02-08,170.05999755859375,172.60000610351562,169.32000732421875,172.60000610351562,170.15185546875,1830200
2021-02-09,172.88999938964844,172.91000366210938,171.11000061035156,171.66000366210938,169.2251739501953,2613400
2021-02-10,173.00999450683594,174.0399932861328,168.61000061035156,170.25999450683594,167.84503173828125,3334500
2021-02-11,171.0800018310547,171.58999633789062,168.39999389648438,169.72999572753906,167.322509765625,2313500
2021-02-12,169.36000061035156,171.3699951171875,168.3300018310547,170.72000122070312,168.29847717285156,1839000
2021-02-16,171.77999877929688,171.99000549316406,166.5,167.00999450683594,164.64109802246094,2445700
2021-02-17,166.39999389648438,167.72999572753906,164.5800018310547,167.52999877929688,165.1537628173828,2550200
2021-02-18,166.33999633789062,166.33999633789062,163.38999938964844,164.6999969482422,162.36387634277344,1725300
2021-02-19,165.64999389648438,167.85000610351562,165.22000122070312,166.30999755859375,163.9510498046875,2216700
2021-02-22,165.00999450683594,165.27999877929688,162.11000061035156,162.13999938964844,159.84019470214844,2256600
2021-02-23,160.30999755859375,161.3000030517578,155.17999267578125,159.8699951171875,157.60238647460938,5894400
2021-02-24,159.9499969482422,162.77000427246094,159.14999389648438,161.4199981689453,159.13038635253906,2357600
2021-02-25,161.22000122070312,162.58999633789062,156.0800018310547,157.14999389648438,154.9209442138672,4837900
2021-02-26,158.3300018310547,159.1699981689453,154.1300048828125,156.92999267578125,154.7041015625,4556600
2021-03-01,158.86000061035156,160.02000427246094,158.3699951171875,159.64999389648438,157.38548278808594,2699800
2021-03-02,159.1999969482422,159.1999969482422,156.3699951171875,156.3699951171875,154.15200805664062,2396800
2021-03-03,155.5,156.25,150.75999450683594,150.77000427246094,148.63143920898438,5018200
2021-03-04,150.55999755859375,151.75,145.24000549316406,147.13999938964844,145.05296325683594,9033400
2021-03-05,148.47000122070312,150.14999389648438,142.47000122070312,150.14999389648438,148.02024841308594,7698200
2021-03-08,150.0,152.39999389648438,147.10000610351562,147.22999572753906,145.14169311523438,4065400
2021-03-09,149.75999450683594,153.11000061035156,149.55999755859375,151.55999755859375,149.41024780273438,3577900
2021-03-10,153.4199981689453,154.60000610351562,151.27000427246094,151.61000061035156,149.4595947265625,3793900
2021-03-11,153.9499969482422,156.3300018310547,153.2899932861328,155.8800048828125,153.6689910888672,3764400
2021-03-12,154.0500030517578,155.0399932861328,152.44000244140625,154.75,152.5550079345703,2618900
2021-03-15,155.5,157.24000549316406,154.3300018310547,157.05999755859375,154.8322296142578,2079200
2021-03-16,158.0,159.22000122070312,155.0800018310547,157.08999633789062,154.86181640625,2874900
2021-03-17,155.57000732421875,159.3000030517578,154.4499969482422,158.19000244140625,155.9462127685547,3377200
2021-03-18,156.0800018310547,157.24000549316406,152.94000244140625,153.27999877929688,151.10586547851562,2859200
2021-03-19,153.7100067138672,156.25,152.8800048828125,155.88999938964844,153.67880249023438,5255300
2021-03-22,156.00999450683594,158.72999572753906,155.74000549316406,157.82000732421875,155.58148193359375,3357600
2021-03-23,157.16000366210938,157.63999938964844,151.1699981689453,151.6199951171875,149.46939086914062,4527600
2021-03-24,152.33999633789062,152.47999572753906,147.27000427246094,147.30999755859375,145.2205352783203,5016800
2021-03-25,146.6699981689453,149.17999267578125,145.17999267578125,148.67999267578125,146.70156860351562,6168200
2021-03-26,149.1300048828125,149.6699981689453,146.3800048828125,149.13999938964844,147.1554412841797,3775500
2021-03-29,148.8000030517578,149.0500030517578,146.47000122070312,147.25,145.29058837890625,3402200
2021-03-30,146.5,148.35000610351562,144.82000732421875,146.67999267578125,144.72816467285156,3668900
2021-03-31,147.89999389648438,151.0800018310547,147.5,150.55999755859375,148.55653381347656,3762200
2021-04-01,152.0,153.4199981689453,150.9600067138672,151.52000427246094,149.50376892089844,2310100
2021-04-05,152.38999938964844,152.69000244140625,151.1699981689453,152.1699981689453,150.1450958251953,2414700
2021-04-06,152.66000366210938,153.83999633789062,151.11000061035156,151.57000732421875,149.5531005859375,2805800
2021-04-07,151.1699981689453,151.41000366210938,148.36000061035156,148.85000610351562,146.86929321289062,4340100
2021-04-08,150.05999755859375,151.0399932861328,148.72000122070312,149.38999938964844,147.4021453857422,3958100
2021-04-09,148.97999572753906,149.3000030517578,147.85000610351562,148.72999572753906,146.7509307861328,4062800
2021-04-12,148.63999938964844,148.77000427246094,145.6699981689453,146.5,144.55056762695312,5119600
2021-04-13,147.61000061035156,149.35000610351562,146.8699951171875,149.2100067138672,147.2245330810547,2783500
2021-04-14,150.13999938964844,153.14999389648438,149.69000244140625,151.33999633789062,149.32618713378906,3832700
2021-04-15,152.49000549316406,154.50999450683594,152.16000366210938,153.19000244140625,151.1515350341797,3612500
2021-04-16,154.07000732421875,154.27999877929688,152.38999938964844,153.25999450683594,151.2205810546875,2563600
2021-04-19,152.52000427246094,153.6699981689453,150.67999267578125,151.5800018310547,149.56300354003906,2030200
2021-04-20,151.3300018310547,152.83999633789062,149.5500030517578,151.5800018310547,149.56300354003906,2867000
2021-04-21,151.69000244140625,154.77000427246094,151.02999877929688,154.57000732421875,152.51324462890625,3577500
2021-04-22,154.39999389648438,157.1699981689453,152.8300018310547,154.66000366210938,152.6020050048828,5064200
2021-04-23,155.0,155.86000061035156,154.27999877929688,155.30999755859375,153.2433319091797,1618400
2021-04-26,155.9199981689453,158.61000061035156,154.75,158.2899932861328,156.18368530273438,4271000
2021-04-27,158.86000061035156,159.3699951171875,157.11000061035156,157.8800048828125,155.77915954589844,3417300
2021-04-28,156.97000122070312,157.47999572753906,155.1999969482422,156.77000427246094,154.6838836669922,3711800
2021-04-29,157.24000549316406,157.39999389648438,153.47999572753906,154.91000366210938,152.84866333007812,2751300
2021-04-30,153.75,156.7100067138672,153.75,154.63999938964844,152.582275390625,2660500
2021-05-03,156.00999450683594,156.4600067138672,154.44000244140625,154.66000366210938,152.6020050048828,2455000
2021-05-04,153.8699951171875,153.8699951171875,149.4499969482422,150.27000427246094,148.2704315185547,4030400
2021-05-05,151.0,151.66000366210938,147.97999572753906,148.92999267578125,146.94821166992188,3372400
2021-05-06,147.44000244140625,148.47000122070312,145.10000610351562,148.39999389648438,146.42526245117188,6713500
2021-05-07,149.63999938964844,151.75,149.02000427246094,149.7100067138672,147.7178955078125,3464700
2021-05-10,149.85000610351562,149.86000061035156,146.5500030517578,147.02999877929688,145.0735321044922,3408900
2021-05-11,143.77999877929688,148.80999755859375,143.0500030517578,147.83999633789062,145.87269592285156,6554700
2021-05-12,145.91000366210938,148.39999389648438,145.80999755859375,146.36000061035156,144.4124755859375,4667600
2021-05-13,147.2100067138672,148.0399932861328,144.38999938964844,146.1300048828125,144.18553161621094,3904100
2021-05-14,147.50999450683594,150.22000122070312,146.77000427246094,149.67999267578125,147.688232421875,2904400
2021-05-17,148.99000549316406,150.6300048828125,148.17999267578125,150.0,148.00399780273438,2584500
2021-05-18,150.30999755859375,152.86000061035156,149.88999938964844,150.5399932861328,148.53675842285156,2987600
2021-05-19,148.2899932861328,149.4600067138672,147.64999389648438,149.14999389648438,147.165283203125,4575700
2021-05-20,149.52999877929688,153.39999389648438,149.33999633789062,152.17999267578125,150.1549835205078,4657200
2021-05-21,153.2899932861328,153.6699981689453,151.25999450683594,151.3800048828125,149.3656463623047,1966100
2021-05-24,152.08999633789062,152.58999633789062,150.4499969482422,150.4600067138672,148.4578857421875,2235800
2021-05-25,150.88999938964844,151.3000030517578,149.2899932861328,149.69000244140625,147.6981658935547,3211100
2021-05-26,150.0800018310547,150.60000610351562,149.19000244140625,150.58999633789062,148.586181640625,2704200
2021-05-27,150.77000427246094,151.19000244140625,149.6999969482422,150.77000427246094,148.76373291015625,3715300
2021-05-28,151.69000244140625,153.9499969482422,151.5399932861328,151.9499969482422,149.92808532714844,3201400
2021-06-01,153.00999450683594,153.00999450683594,149.77000427246094,150.89999389648438,148.89202880859375,3262100
2021-06-02,151.10000610351562,152.1199951171875,150.1999969482422,151.0800018310547,149.0696563720703,3364800
2021-06-03,150.5500030517578,151.49000549316406,149.14999389648438,150.8800048828125,148.8722686767578,3041600
2021-06-04,152.02999877929688,153.83999633789062,151.7100067138672,153.02000427246094,150.9838104248047,3746600
2021-06-07,153.27000427246094,161.8300018310547,153.0,158.27999877929688,156.17381286621094,15198800
2021-06-08,159.22999572753906,159.85000610351562,155.58999633789062,158.0800018310547,155.9764862060547,3986400
2021-06-09,158.91000366210938,161.4600067138672,158.91000366210938,160.50999450683594,158.3741455078125,3466900
2021-06-10,160.5500030517578,163.6300048828125,159.58999633789062,163.1999969482422,161.05140686035156,2778500
2021-06-11,162.6999969482422,162.80999755859375,160.8800048828125,162.11000061035156,159.97579956054688,2534400
2021-06-14,161.99000549316406,162.72999572753906,161.0800018310547,161.83999633789062,159.70932006835938,2314000
2021-06-15,161.7100067138672,161.74000549316406,158.88999938964844,159.44000244140625,157.34097290039062,5075100
2021-06-16,159.35000610351562,160.5,156.14999389648438,158.2899932861328,156.2060546875,2406500
2021-06-17,157.7899932861328,159.8300018310547,157.3800048828125,159.05999755859375,156.9658966064453,2273000
2021-06-18,157.7899932861328,158.8300018310547,156.77000427246094,158.77000427246094,156.6797637939453,2918100
2021-06-21,159.02999877929688,160.9199981689453,158.0800018310547,160.1999969482422,158.09095764160156,3403200
2021-06-22,160.33999633789062,161.22000122070312,159.38999938964844,160.91000366210938,158.7915802001953,2334900
2021-06-23,160.82000732421875,161.83999633789062,159.39999389648438,160.5,158.3870086669922,2174600
2021-06-24,161.0,162.85000610351562,160.8699951171875,161.77000427246094,159.6402587890625,3199900
2021-06-25,162.0500030517578,163.1300048828125,161.82000732421875,163.1300048828125,160.98236083984375,3590300
2021-06-28,164.52000427246094,165.0,163.0399932861328,163.3699951171875,161.2191925048828,1804700
2021-06-29,163.33999633789062,164.3699951171875,162.4199981689453,163.60000610351562,161.44615173339844,1461600
2021-06-30,163.50999450683594,164.82000732421875,162.47999572753906,163.64999389648438,161.49551391601562,2428500
2021-07-01,163.6999969482422,165.17999267578125,162.91000366210938,165.11000061035156,162.93630981445312,2886000
2021-07-02,165.7899932861328,165.7899932861328,163.42999267578125,164.74000549316406,162.5711669921875,2354600
2021-07-06,163.99000549316406,164.00999450683594,161.83999633789062,162.86000061035156,160.71591186523438,2256800
2021-07-07,163.27000427246094,163.27000427246094,160.05999755859375,161.42999267578125,159.3047332763672,2093500
2021-07-08,158.67999267578125,162.22000122070312,158.60000610351562,161.75,159.62049865722656,2088100
2021-07-09,161.99000549316406,163.58999633789062,160.94000244140625,163.14999389648438,161.00209045410156,3490200
2021-07-12,163.5399932861328,163.99000549316406,162.13999938964844,162.5399932861328,160.40011596679688,1715900
2021-07-13,162.0,162.35000610351562,160.69000244140625,160.94000244140625,158.8212127685547,782700
2021-07-14,161.2899932861328,161.2899932861328,158.52999877929688,158.88999938964844,156.7982177734375,2178400
2021-07-15,158.5800018310547,159.5,157.11000061035156,159.25,157.15342712402344,5134000
2021-07-16,160.1999969482422,161.80999755859375,159.55999755859375,160.67999267578125,158.56460571289062,4890900
2021-07-19,159.30999755859375,162.6699981689453,158.5,161.77999877929688,159.65013122558594,4554500
2021-07-20,162.1199951171875,165.1199951171875,161.9199981689453,164.0800018310547,161.9198455810547,6134800
2021-07-21,163.6699981689453,164.88999938964844,161.39999389648438,164.83999633789062,162.6698455810547,2269300
2021-07-22,165.0,165.97999572753906,164.2899932861328,165.27000427246094,163.0941925048828,1254200
2021-07-23,165.99000549316406,166.75,164.3000030517578,166.72000122070312,164.52508544921875,3120200
2021-07-26,166.36000061035156,166.85000610351562,163.1300048828125,163.57000732421875,161.41659545898438,1961400
2021-07-27,163.32000732421875,163.52000427246094,159.83999633789062,162.25,160.11392211914062,3123400
2021-07-28,163.33999633789062,167.4600067138672,162.77000427246094,166.80999755859375,164.61392211914062,2673800
2021-07-29,167.61000061035156,167.82000732421875,165.4199981689453,165.8000030517578,163.61720275878906,1858600
2021-07-30,165.77999877929688,166.83999633789062,165.0800018310547,165.77999877929688,163.5974578857422,2202600
2021-08-02,167.1999969482422,167.44000244140625,165.50999450683594,165.85000610351562,163.66656494140625,2237800
2021-08-03,166.19000244140625,169.39999389648438,165.3300018310547,169.39999389648438,167.16981506347656,1651200
2021-08-04,168.92999267578125,173.63999938964844,168.60000610351562,172.14999389648438,169.8836212158203,4682300
2021-08-05,172.0,174.8699951171875,170.69000244140625,174.85000610351562,172.54808044433594,3481200
2021-08-06,173.24000549316406,173.50999450683594,170.24000549316406,172.1199951171875,169.85401916503906,1974200
2021-08-09,172.1199951171875,176.80999755859375,172.0800018310547,176.2100067138672,173.89015197753906,5510900
2021-08-10,176.5,177.3699951171875,172.33999633789062,173.02000427246094,170.74215698242188,4075800
2021-08-11,173.11000061035156,173.13999938964844,166.36000061035156,167.85000610351562,165.6402130126953,4647500
2021-08-12,168.72000122070312,169.83999633789062,167.1300048828125,169.24000549316406,167.01190185546875,2459800
2021-08-13,170.4199981689453,170.55999755859375,168.88999938964844,169.39999389648438,167.16981506347656,2036900
2021-08-16,168.67999267578125,168.69000244140625,164.7899932861328,167.39999389648438,165.19610595703125,3303900
2021-08-17,165.32000732421875,170.55999755859375,165.22999572753906,170.55999755859375,168.3145294189453,3034800
2021-08-18,171.00999450683594,171.38999938964844,168.1999969482422,168.33999633789062,166.123779296875,1636100
2021-08-19,165.97000122070312,167.3300018310547,164.27000427246094,164.6199951171875,162.45274353027344,1930800
2021-08-20,165.0800018310547,167.8000030517578,164.4499969482422,167.16000366210938,164.9593048095703,1956300
2021-08-23,168.9499969482422,172.22999572753906,168.7899932861328,171.92999267578125,169.66648864746094,2226700
2021-08-24,171.27000427246094,171.83999633789062,170.11000061035156,171.4499969482422,169.1928253173828,1425900
2021-08-25,171.1300048828125,172.85000610351562,170.3300018310547,172.60000610351562,170.32769775390625,2245700
2021-08-26,172.50999450683594,173.69000244140625,170.8000030517578,171.41000366210938,169.1533660888672,1921300
2021-08-27,171.75,173.58999633789062,170.44000244140625,171.80999755859375,169.548095703125,2498400
2021-08-30,171.86000061035156,173.57000732421875,171.1300048828125,171.99000549316406,169.72572326660156,1989700
2021-08-31,172.69000244140625,173.58999633789062,171.3300018310547,172.27999877929688,170.01185607910156,1916500
2021-09-01,173.1300048828125,174.60000610351562,172.35000610351562,174.05999755859375,171.76844787597656,2075900
2021-09-02,174.89999389648438,176.02000427246094,174.33999633789062,176.0,173.68292236328125,1830300
2021-09-03,175.75,175.97999572753906,174.32000732421875,175.80999755859375,173.49542236328125,1235000
2021-09-07,175.3300018310547,175.8000030517578,173.85000610351562,175.44000244140625,173.13027954101562,2406800
2021-09-08,175.10000610351562,175.3699951171875,172.83999633789062,173.75999450683594,171.47238159179688,1599400
2021-09-09,173.55999755859375,175.60000610351562,173.55999755859375,173.8800048828125,171.5908203125,2599600
2021-09-10,175.2899932861328,175.2899932861328,172.7899932861328,173.22999572753906,170.94937133789062,1441600
2021-09-13,174.1300048828125,174.1300048828125,169.6999969482422,170.32000732421875,168.07769775390625,2158900
2021-09-14,170.6699981689453,172.39999389648438,169.6300048828125,169.92999267578125,167.69281005859375,2114300
2021-09-15,170.58999633789062,172.19000244140625,169.9499969482422,171.8000030517578,169.53823852539062,1606700
2021-09-16,171.2100067138672,172.92999267578125,170.27999877929688,172.50999450683594,170.23883056640625,1827200
2021-09-17,172.94000244140625,173.74000549316406,170.69000244140625,173.61000061035156,171.3243408203125,4448600
2021-09-20,170.5500030517578,172.19000244140625,168.36000061035156,169.91000366210938,167.67311096191406,1968300
2021-09-21,170.72999572753906,172.55999755859375,170.3800048828125,171.55999755859375,169.30136108398438,1006200
2021-09-22,171.88999938964844,172.63999938964844,170.1699981689453,171.60000610351562,169.34085083007812,1296000
2021-09-23,172.08999633789062,174.4499969482422,171.86000061035156,173.9199981689453,171.6302947998047,2782600
2021-09-24,172.9199981689453,173.0500030517578,170.2100067138672,170.49000549316406,168.365478515625,1508100
2021-09-27,169.94000244140625,170.3699951171875,167.0500030517578,167.50999450683594,165.42263793945312,1548300
2021-09-28,165.4499969482422,165.4499969482422,161.89999389648438,162.1300048828125,160.1096954345703,3189300
2021-09-29,163.6999969482422,164.13999938964844,161.16000366210938,161.41000366210938,159.39866638183594,2437200
2021-09-30,162.60000610351562,163.6300048828125,161.60000610351562,161.67999267578125,159.66529846191406,2822400
2021-10-01,160.16000366210938,160.16000366210938,155.0800018310547,158.92999267578125,156.94955444335938,4672900
2021-10-04,156.4499969482422,157.38999938964844,154.97000122070312,155.67999267578125,153.739990234375,3367400
2021-10-05,156.0500030517578,157.77000427246094,155.75,155.7899932861328,153.8487091064453,1895400
2021-10-06,154.6199951171875,155.36000061035156,153.3800048828125,153.9199981689453,152.00201416015625,3641200
2021-10-07,155.00999450683594,157.57000732421875,154.1699981689453,156.22999572753906,154.283203125,1771700
2021-10-08,156.92999267578125,157.02000427246094,154.75999450683594,155.0500030517578,153.117919921875,1290800
2021-10-11,155.02000427246094,156.47999572753906,154.22999572753906,154.50999450683594,152.5846405029297,1763100
2021-10-12,155.5,156.22000122070312,154.25999450683594,154.69000244140625,152.76235961914062,1308100
2021-10-13,155.64999389648438,156.30999755859375,155.1300048828125,155.58999633789062,153.6511688232422,1197200
2021-10-14,157.1300048828125,158.8000030517578,157.02000427246094,157.8699951171875,155.9027862548828,1293400
2021-10-15,158.86000061035156,159.24000549316406,156.8000030517578,157.05999755859375,155.1028594970703,1006900
2021-10-18,156.5800018310547,156.5800018310547,154.8300018310547,155.72000122070312,153.77957153320312,1764900
2021-10-19,156.75,158.22000122070312,156.6999969482422,157.39999389648438,155.43858337402344,1553000
2021-10-20,157.47000122070312,158.75,157.4600067138672,157.6999969482422,155.73486328125,1928200
2021-10-21,158.24000549316406,159.0399932861328,157.75999450683594,158.89999389648438,156.91990661621094,821600
2021-10-22,159.36000061035156,159.36000061035156,156.8000030517578,158.44000244140625,156.46566772460938,1179800
2021-10-25,158.58999633789062,160.4499969482422,157.57000732421875,160.24000549316406,158.2432098388672,816100
2021-10-26,161.13999938964844,161.5500030517578,159.64999389648438,160.0399932861328,158.0457000732422,2157400
2021-10-27,160.2100067138672,160.4199981689453,157.44000244140625,157.5399932861328,155.5768585205078,1935300
2021-10-28,157.6199951171875,160.2899932861328,157.24000549316406,160.19000244140625,158.19384765625,2093400
2021-10-29,159.9199981689453,159.9199981689453,158.39999389648438,159.60000610351562,157.61117553710938,2016100
2021-11-01,159.8300018310547,161.75,158.9499969482422,161.6300048828125,159.6158905029297,2370400
2021-11-02,162.0,162.72999572753906,159.64999389648438,162.6699981689453,160.64292907714844,1719200
2021-11-03,162.80999755859375,164.8300018310547,161.8699951171875,164.77999877929688,162.72666931152344,991200
2021-11-04,162.94000244140625,162.94000244140625,160.6699981689453,161.8300018310547,159.8134307861328,1872400
2021-11-05,158.02000427246094,158.3800048828125,154.61000061035156,156.94000244140625,154.984375,3119600
2021-11-08,157.36000061035156,158.1999969482422,156.6199951171875,157.6300048828125,155.66575622558594,1415100
2021-11-09,157.6300048828125,158.1999969482422,155.17999267578125,155.52000427246094,153.58206176757812,3014800
2021-11-10,154.74000549316406,156.75,153.32000732421875,153.50999450683594,151.59710693359375,2693700
2021-11-11,154.0800018310547,154.41000366210938,152.74000549316406,153.4199981689453,151.50819396972656,1329700
2021-11-12,154.0,154.47999572753906,152.64999389648438,154.0,152.08099365234375,1037100
2021-11-15,154.4499969482422,154.5,152.88999938964844,153.17999267578125,151.2711944580078,972200
2021-11-16,153.17999267578125,154.33999633789062,152.41000366210938,154.05999755859375,152.1402587890625,1448800
2021-11-17,154.0,154.66000366210938,153.3699951171875,154.10000610351562,152.17974853515625,1855100
2021-11-18,155.0399932861328,155.5,153.11000061035156,153.67999267578125,151.76498413085938,1113900
2021-11-19,154.4600067138672,155.66000366210938,153.8800048828125,154.55999755859375,152.63401794433594,1949700
2021-11-22,155.0399932861328,155.22999572753906,152.8800048828125,153.67999267578125,151.76498413085938,2015800
2021-11-23,153.41000366210938,153.41000366210938,150.2100067138672,153.00999450683594,151.10333251953125,2807800
2021-11-24,151.64999389648438,153.67999267578125,150.85000610351562,153.39999389648438,151.4884490966797,1445500
2021-11-26,155.13999938964844,157.85000610351562,154.5500030517578,154.89999389648438,152.96974182128906,2969900
2021-11-29,158.16000366210938,158.42999267578125,155.85000610351562,156.05999755859375,154.11529541015625,5072800
2021-11-30,154.55999755859375,156.22000122070312,152.3699951171875,154.22000122070312,152.29824829101562,3236600
2021-12-01,154.3000030517578,155.27000427246094,150.60000610351562,150.74000549316406,148.86160278320312,3139400
2021-12-02,150.00999450683594,152.30999755859375,149.11000061035156,151.22999572753906,149.3455047607422,1916400
2021-12-03,152.64999389648438,152.64999389648438,147.22999572753906,148.38999938964844,146.54086303710938,2243600
2021-12-06,147.0,147.1999969482422,143.25,145.27000427246094,143.4597625732422,3973500
2021-12-07,147.41000366210938,151.41000366210938,147.27999877929688,150.97000122070312,149.08872985839844,2613000
2021-12-08,151.7899932861328,153.32000732421875,149.9199981689453,152.67999267578125,150.7774200439453,2223600
2021-12-09,152.27999877929688,152.6199951171875,149.3699951171875,149.52000427246094,147.65682983398438,1241000
2021-12-10,147.5500030517578,149.11000061035156,146.8300018310547,147.24000549316406,145.40524291992188,2472900
2021-12-13,147.5800018310547,150.02000427246094,147.25,149.36000061035156,147.53990173339844,3927100
2021-12-14,147.99000549316406,149.42999267578125,146.85000610351562,148.6199951171875,146.80889892578125,2649900
2021-12-15,148.10000610351562,152.05999755859375,147.4600067138672,151.89999389648438,150.04893493652344,3485100
2021-12-16,152.72000122070312,153.8699951171875,149.74000549316406,150.38999938964844,148.55734252929688,3414900
2021-12-17,149.77999877929688,154.86000061035156,148.52999877929688,154.4600067138672,152.57777404785156,4605100
2021-12-20,154.77999877929688,155.11000061035156,152.08999633789062,153.00999450683594,151.14541625976562,1674300
2021-12-21,153.19000244140625,154.1999969482422,151.57000732421875,153.9499969482422,152.07395935058594,1413700
2021-12-22,153.4600067138672,153.88999938964844,151.75,153.75999450683594,151.88626098632812,1034200
2021-12-23,154.13999938964844,155.1699981689453,152.88999938964844,154.69000244140625,152.80491638183594,1922500
2021-12-27,154.58999633789062,154.58999633789062,152.8800048828125,153.3699951171875,151.5010223388672,1718100
2021-12-28,153.0800018310547,154.89999389648438,151.8300018310547,152.1999969482422,150.34527587890625,1561400
2021-12-29,151.82000732421875,153.52000427246094,150.83999633789062,152.8300018310547,150.96762084960938,2033200
2021-12-30,152.64999389648438,155.05999755859375,152.27999877929688,153.75999450683594,151.88626098632812,1792800
2021-12-31,153.72000122070312,154.88999938964844,152.5,152.6199951171875,150.76019287109375,1873700
2022-01-03,152.30999755859375,152.49000549316406,149.33999633789062,152.3699951171875,150.51319885253906,3753900
2022-01-04,151.8699951171875,152.00999450683594,147.10000610351562,148.2899932861328,146.48292541503906,3000900
2022-01-05,147.7899932861328,148.8800048828125,142.3000030517578,142.5,140.76345825195312,3551300
2022-01-06,142.07000732421875,143.67999267578125,139.8300018310547,142.4199981689453,140.6844482421875,2724800
2022-01-07,142.35000610351562,143.8000030517578,140.4600067138672,140.5500030517578,138.8372344970703,2718400
2022-01-10,139.75999450683594,142.52000427246094,138.3300018310547,142.16000366210938,140.42764282226562,3270800
2022-01-11,142.16000366210938,143.75,140.83999633789062,143.52000427246094,141.7710418701172,3373600
2022-01-12,143.32000732421875,144.07000732421875,141.35000610351562,141.92999267578125,140.200439453125,1855800
2022-01-13,141.64999389648438,141.6699981689453,137.8300018310547,138.0500030517578,136.36773681640625,2373700
2022-01-14,136.75999450683594,139.02999877929688,135.58999633789062,138.9499969482422,137.25674438476562,2697900
2022-01-18,136.55999755859375,136.97000122070312,133.0500030517578,133.4600067138672,131.8336639404297,2897900
2022-01-19,134.2899932861328,135.25999450683594,131.77000427246094,131.8300018310547,130.22349548339844,2332700
2022-01-20,133.1999969482422,134.66000366210938,130.36000061035156,130.64999389648438,129.05789184570312,2573900
2022-01-21,130.0399932861328,131.5,128.1999969482422,128.67999267578125,127.11190032958984,4331500
2022-01-24,126.7300033569336,130.0399932861328,122.94000244140625,129.86000061035156,128.2775115966797,5791700
2022-01-25,128.4199981689453,129.5800018310547,126.16999816894531,127.58999633789062,126.03515625,4125000
2022-01-26,128.27999877929688,131.07000732421875,125.26000213623047,126.22000122070312,124.68186950683594,4106700
2022-01-27,127.43000030517578,127.93000030517578,123.5,123.68000030517578,122.17282104492188,3501000
2022-01-28,124.12999725341797,128.07000732421875,122.5,127.97000122070312,126.41053771972656,4197900
2022-01-31,128.22000122070312,132.07000732421875,128.10000610351562,131.86000061035156,130.2531280517578,4046900
2022-02-01,132.8800048828125,134.32000732421875,131.3300018310547,134.25,132.614013671875,3956600
2022-02-02,133.91000366210938,133.91000366210938,131.57000732421875,132.97999572753906,131.35951232910156,2377200
2022-02-03,131.0,132.1300048828125,129.97999572753906,130.2100067138672,128.623291015625,4006500
2022-02-04,129.3300018310547,131.7100067138672,129.08999633789062,130.6300048828125,129.0381622314453,2459000
2022-02-07,130.8800048828125,132.77000427246094,130.60000610351562,131.63999938964844,130.03582763671875,2191100
2022-02-08,131.22000122070312,132.07000732421875,129.52000427246094,131.5500030517578,129.94691467285156,2404300
2022-02-09,132.5399932861328,135.33999633789062,132.42999267578125,135.10000610351562,133.45367431640625,3348900
2022-02-10,132.25,135.52000427246094,130.7100067138672,131.8000030517578,130.19387817382812,3406400
2022-02-11,131.8800048828125,133.33999633789062,129.5800018310547,130.07000732421875,128.4849853515625,2839700
2022-02-14,129.67999267578125,129.88999938964844,126.9000015258789,127.68000030517578,126.12409973144531,2150900
2022-02-15,128.97999572753906,130.55999755859375,128.30999755859375,129.97999572753906,128.39605712890625,2114900
2022-02-16,129.36000061035156,130.41000366210938,127.9800033569336,129.91000366210938,128.32691955566406,1667000
2022-02-17,128.97999572753906,128.97999572753906,125.87000274658203,126.0,124.46456146240234,1894400
2022-02-18,125.98999786376953,126.91999816894531,124.06999969482422,125.04000091552734,123.51625061035156,1579900
2022-02-22,124.25,125.69999694824219,123.48999786376953,124.16000366210938,122.64698791503906,2584300
2022-02-23,125.16999816894531,125.16999816894531,121.37999725341797,121.5,120.01940155029297,2177200
2022-02-24,118.79000091552734,124.70999908447266,118.62999725341797,124.58999633789062,123.07173919677734,3820000
2022-02-25,125.19000244140625,126.37000274658203,123.81999969482422,126.29000091552734,124.75102233886719,3024200
2022-02-28,125.0199966430664,126.8499984741211,124.4800033569336,126.06999969482422,124.53369140625,2506300
2022-03-01,125.66000366210938,127.72000122070312,124.62999725341797,125.4000015258789,123.87188720703125,2158300
2022-03-02,125.54000091552734,126.86000061035156,124.18000030517578,126.06999969482422,124.53369140625,1680300
2022-03-03,126.80000305175781,126.81999969482422,123.76000213623047,124.44000244140625,122.9235610961914,1929200
2022-03-04,123.23999786376953,124.36000061035156,122.12999725341797,122.56999969482422,121.07636260986328,1415800
2022-03-07,121.7300033569336,123.52999877929688,120.52999877929688,120.62000274658203,119.1501235961914,2657300
2022-03-08,120.01000213623047,123.68000030517578,118.5999984741211,120.31999969482422,118.85377502441406,4737800
2022-03-09,122.52999877929688,124.8499984741211,122.37000274658203,124.26000213623047,122.74575805664062,2811700
2022-03-10,122.70999908447266,123.2699966430664,121.06999969482422,123.0,121.5010986328125,2496900
2022-03-11,123.91000366210938,124.47000122070312,120.47000122070312,120.6500015258789,119.17975616455078,2069000
2022-03-14,121.0,123.4000015258789,118.9800033569336,119.5999984741211,118.14254760742188,3091700
2022-03-15,120.27999877929688,121.2300033569336,119.31999969482422,121.12999725341797,119.65389251708984,1395700
2022-03-16,122.77999877929688,126.02999877929688,122.2699966430664,125.97000122070312,124.43492126464844,3287300
2022-03-17,125.63999938964844,128.64999389648438,124.94999694824219,128.6199951171875,127.05262756347656,3403100
2022-03-18,128.3699951171875,131.05999755859375,127.98999786376953,130.99000549316406,129.39376831054688,3153300
2022-03-21,130.72000122070312,131.22000122070312,128.49000549316406,129.22999572753906,127.65521240234375,2507100
2022-03-22,129.47000122070312,132.11000061035156,128.9199981689453,131.69000244140625,130.08523559570312,2368100
2022-03-23,131.00999450683594,131.1300048828125,128.25,128.3699951171875,126.80567169189453,1791700
2022-03-24,128.92999267578125,130.05999755859375,127.68000030517578,130.02999877929688,128.56362915039062,1382800
2022-03-25,130.24000549316406,130.24000549316406,127.16999816894531,128.16000366210938,126.71471405029297,2271200
2022-03-28,128.16000366210938,129.74000549316406,126.76000213623047,129.07000732421875,127.61445617675781,1820400
2022-03-29,130.47000122070312,132.9600067138672,130.27999877929688,132.7100067138672,131.21339416503906,2719900
2022-03-30,132.97999572753906,133.67999267578125,130.5,130.97000122070312,129.4930419921875,2145100
2022-03-31,131.4499969482422,132.10000610351562,130.2100067138672,130.3000030517578,128.83058166503906,2023100
2022-04-01,130.88999938964844,133.25999450683594,130.52999877929688,133.05999755859375,131.5594482421875,2234600
2022-04-04,133.77999877929688,135.00999450683594,133.42999267578125,134.75999450683594,133.2402801513672,2733200
2022-04-05,134.47999572753906,135.57000732421875,132.4199981689453,132.67999267578125,131.18373107910156,2556800
2022-04-06,131.4600067138672,133.2899932861328,130.61000061035156,132.47999572753906,130.9860076904297,3131200
2022-04-07,132.3300018310547,134.5,132.16000366210938,133.91000366210938,132.39987182617188,2031800
2022-04-08,133.39999389648438,135.02000427246094,132.97999572753906,133.33999633789062,131.83631896972656,2095900
2022-04-11,132.4600067138672,132.9600067138672,130.10000610351562,130.27000427246094,128.8009033203125,2090300
2022-04-12,131.02000427246094,131.83999633789062,128.27999877929688,129.27000427246094,127.81218719482422,4622400
2022-04-13,129.27000427246094,132.92999267578125,129.27000427246094,132.5,131.0057373046875,1969500
2022-04-14,132.16000366210938,132.69000244140625,130.72999572753906,130.86000061035156,129.3842315673828,2211500
2022-04-18,130.50999450683594,130.75,126.41999816894531,127.0999984741211,125.66665649414062,2532900
2022-04-19,127.05000305175781,128.88999938964844,126.56999969482422,128.32000732421875,126.87290954589844,1998300
2022-04-20,129.0500030517578,129.99000549316406,127.33000183105469,129.0,127.54528045654297,2287700
2022-04-21,129.75999450683594,130.32000732421875,125.80000305175781,125.95999908447266,124.53952026367188,1979500
2022-04-22,125.66000366210938,126.2699966430664,122.87000274658203,123.04000091552734,121.6524429321289,2557200
2022-04-25,122.2300033569336,124.30999755859375,121.4800033569336,124.18000030517578,122.77958679199219,2552800
2022-04-26,123.41999816894531,123.83000183105469,119.37000274658203,119.38999938964844,118.04360961914062,2954600
2022-04-27,119.62999725341797,121.06999969482422,118.66000366210938,119.05000305175781,117.70745849609375,4230500
2022-04-28,119.44000244140625,119.76000213623047,115.47000122070312,119.05000305175781,117.70745849609375,4727900
2022-04-29,119.06999969482422,121.56999969482422,116.5,116.6500015258789,115.33451843261719,4313700
2022-05-02,116.19999694824219,118.55000305175781,115.3499984741211,118.36000061035156,117.02523803710938,3763000
2022-05-03,118.73999786376953,120.26000213623047,118.16000366210938,119.44000244140625,118.0930404663086,2267100
2022-05-04,120.0199966430664,122.29000091552734,116.68000030517578,121.86000061035156,120.48577117919922,3208500
2022-05-05,120.97000122070312,120.97000122070312,115.94000244140625,117.36000061035156,116.03651428222656,3228600
2022-05-06,115.7699966430664,116.05999755859375,112.33000183105469,113.16999816894531,111.89376068115234,4535500
2022-05-09,111.5,112.16000366210938,106.81999969482422,107.27999877929688,106.07017517089844,4404000
2022-05-10,110.11000061035156,111.77999877929688,108.22000122070312,110.13999938964844,108.89794158935547,6190700
2022-05-11,108.69999694824219,110.91999816894531,106.13999938964844,106.45999908447266,105.25941467285156,4390000
2022-05-12,105.45999908447266,109.72000122070312,105.38999938964844,109.44999694824219,108.21569061279297,4709200
2022-05-13,110.83999633789062,113.77999877929688,110.83999633789062,113.13999938964844,111.86410522460938,3217700
2022-05-16,112.91000366210938,114.63999938964844,112.08999633789062,113.29000091552734,112.01241302490234,3030300
2022-05-17,114.86000061035156,116.68000030517578,114.26000213623047,116.5199966430664,115.20597076416016,2321800
2022-05-18,114.5199966430664,115.95999908447266,112.91000366210938,113.55999755859375,112.27935791015625,2081900
2022-05-19,113.4000015258789,115.98999786376953,113.1500015258789,115.02999877929688,113.73277282714844,2253300
2022-05-20,116.2300033569336,116.38999938964844,112.5999984741211,115.61000061035156,114.30623626708984,1845000
2022-05-23,116.81999969482422,117.06999969482422,115.61000061035156,116.44000244140625,115.12689971923828,2201200
2022-05-24,115.4800033569336,115.9000015258789,113.51000213623047,114.58000183105469,113.2878646850586,1780600
2022-05-25,114.12000274658203,115.37000274658203,113.0999984741211,114.7699966430664,113.47572326660156,2062900
2022-05-26,115.1500015258789,116.33999633789062,114.76000213623047,115.80000305175781,114.49410247802734,2095200
2022-05-27,116.06999969482422,119.5,115.36000061035156,119.5,118.1523666381836,2204500
2022-05-31,118.81999969482422,118.97000122070312,115.5999984741211,116.66999816894531,115.35428619384766,3178900
2022-06-01,117.56999969482422,118.23999786376953,114.02999877929688,115.44000244140625,114.1381607055664,1727200
2022-06-02,115.13999938964844,116.36000061035156,113.12999725341797,116.36000061035156,115.04777526855469,1955000
2022-06-03,115.79000091552734,117.56999969482422,115.2300033569336,116.5,115.18620300292969,1719900
2022-06-06,117.30999755859375,117.76000213623047,114.58000183105469,115.23999786376953,113.94042205810547,1495500
2022-06-07,114.41000366210938,117.9800033569336,114.33999633789062,117.83000183105469,116.50121307373047,1576300
2022-06-08,117.68000030517578,119.66999816894531,117.3499984741211,118.12999725341797,116.79783630371094,1269100
2022-06-09,117.69000244140625,117.69000244140625,113.9000015258789,113.9800033569336,112.72421264648438,1537000
2022-06-10,112.06999969482422,112.2699966430664,109.72000122070312,110.4800033569336,109.26277160644531,2227700
2022-06-13,107.62000274658203,108.20999908447266,105.37999725341797,105.97000122070312,104.80244445800781,2998300
2022-06-14,106.4000015258789,106.73999786376953,104.66999816894531,106.2300033569336,105.0595932006836,2611000
2022-06-15,107.16999816894531,109.7699966430664,106.2300033569336,108.66000366210938,107.46284484863281,2455400
2022-06-16,106.16000366210938,106.58999633789062,104.29000091552734,105.81999969482422,104.65410614013672,2992300
2022-06-17,106.31999969482422,110.9800033569336,106.31999969482422,109.55999755859375,108.3529052734375,5617100
2022-06-21,111.19000244140625,112.80000305175781,111.19000244140625,111.87000274658203,110.637451171875,2132700
2022-06-22,110.30000305175781,114.80000305175781,110.30000305175781,113.25,112.00225830078125,2563500
2022-06-23,114.1500015258789,118.30999755859375,113.8499984741211,118.01000213623047,116.70980834960938,1920100
2022-06-24,119.2300033569336,120.37000274658203,117.3499984741211,120.04000091552734,118.71744537353516,4176000
2022-06-27,120.27999877929688,120.51000213623047,118.58000183105469,120.12000274658203,118.79655456542969,1763300
2022-06-28,119.9800033569336,120.41999816894531,116.87000274658203,117.36000061035156,116.06697082519531,1821000
2022-06-29,117.0199966430664,118.69999694824219,116.16000366210938,117.98999786376953,116.69003295898438,1300400
2022-06-30,117.01000213623047,118.98999786376953,115.95999908447266,117.62999725341797,116.33399200439453,2387500
2022-07-01,117.58999633789062,120.36000061035156,116.97000122070312,120.16999816894531,118.84600067138672,2046900
2022-07-05,118.86000061035156,122.87000274658203,118.58000183105469,122.80999755859375,121.4569320678711,3539400
2022-07-06,122.75,124.11000061035156,121.97000122070312,122.79000091552734,121.4371337890625,2279300
2022-07-07,123.02999877929688,126.11000061035156,122.8499984741211,125.81999969482422,124.43375396728516,2689700
2022-07-08,124.93000030517578,127.1500015258789,124.58000183105469,126.66000366210938,125.26451873779297,2101500
2022-07-11,125.80999755859375,126.36000061035156,124.04000091552734,124.30999755859375,122.94038391113281,1623200
2022-07-12,124.05000305175781,124.63999938964844,121.72000122070312,123.5,122.13932800292969,2027400
2022-07-13,121.5,124.63999938964844,121.41999816894531,123.55000305175781,122.18877410888672,2097600
2022-07-14,122.44999694824219,122.68000030517578,120.4000015258789,121.47000122070312,120.13167572021484,1953000
2022-07-15,122.31999969482422,123.41999816894531,120.58999633789062,123.25,121.89208984375,2054000
2022-07-18,124.23999786376953,124.6500015258789,119.88999938964844,120.5199966430664,119.19215393066406,1439200
2022-07-19,121.8499984741211,123.91000366210938,121.16000366210938,123.62000274658203,122.25799560546875,1486900
2022-07-20,123.73999786376953,125.56999969482422,122.86000061035156,123.94000244140625,122.57447814941406,1958500
2022-07-21,124.02999877929688,125.69999694824219,123.69999694824219,125.0999984741211,123.72168731689453,1555600
2022-07-22,125.18000030517578,126.3499984741211,122.08999633789062,122.62000274658203,121.2690200805664,1534700
2022-07-25,122.88999938964844,123.04000091552734,121.44999694824219,122.62000274658203,121.2690200805664,1287300
2022-07-26,122.37000274658203,124.12000274658203,121.3499984741211,122.87000274658203,121.51628112792969,1249900
2022-07-27,122.94000244140625,124.69999694824219,121.83000183105469,124.0,122.63380432128906,1961400
2022-07-28,124.31999969482422,124.86000061035156,121.19000244140625,124.12000274658203,122.75249481201172,1756500
2022-07-29,123.94999694824219,124.23999786376953,122.79000091552734,124.08000183105469,122.71292877197266,1328700
2022-08-01,123.44999694824219,124.16999816894531,121.91999816894531,122.2699966430664,120.9228744506836,1740700
2022-08-02,121.38999938964844,123.95999908447266,121.23999786376953,122.62999725341797,121.2789077758789,1261900
2022-08-03,125.4800033569336,128.61000061035156,125.31999969482422,127.33000183105469,125.9271240234375,2761100
2022-08-04,128.1300048828125,130.5399932861328,127.81999969482422,130.17999267578125,128.74569702148438,1562500
2022-08-05,128.4600067138672,131.52999877929688,127.56999969482422,131.44000244140625,129.99185180664062,2406200
2022-08-08,131.92999267578125,133.25,130.69000244140625,132.02999877929688,130.57534790039062,2668200
2022-08-09,131.25999450683594,131.97999572753906,128.82000732421875,129.91000366210938,128.4786834716797,1769600
2022-08-10,131.6199951171875,133.0500030517578,130.58999633789062,133.0399932861328,131.57418823242188,1499100
2022-08-11,133.10000610351562,135.0800018310547,130.80999755859375,131.2899932861328,129.8434600830078,2117200
2022-08-12,131.47999572753906,132.8699951171875,131.08999633789062,132.52000427246094,131.0599365234375,1346200
2022-08-15,131.9600067138672,134.92999267578125,131.9600067138672,134.82000732421875,133.33462524414062,1555800
2022-08-16,134.24000549316406,134.64999389648438,132.11000061035156,132.99000549316406,131.52479553222656,1453200
2022-08-17,131.52000427246094,132.41000366210938,130.0,130.39999389648438,128.96327209472656,1453600
2022-08-18,130.19000244140625,130.1999969482422,127.88999938964844,128.9199981689453,127.4996109008789,1725300
2022-08-19,127.80000305175781,128.6199951171875,127.19000244140625,127.6500015258789,126.24361419677734,1498000
2022-08-22,126.79000091552734,127.94999694824219,125.06999969482422,125.61000061035156,124.22606658935547,1342100
2022-08-23,125.38999938964844,125.91999816894531,124.0,125.37000274658203,123.98872375488281,1186300
2022-08-24,125.61000061035156,127.5199966430664,124.81999969482422,127.06999969482422,125.67000579833984,1874900
2022-08-25,127.77999877929688,128.22999572753906,126.08999633789062,127.44999694824219,126.0457763671875,770500
2022-08-26,127.31999969482422,127.5,122.55000305175781,122.94999694824219,121.59536743164062,1689700
2022-08-29,121.44999694824219,123.2699966430664,121.22000122070312,122.0999984741211,120.75474548339844,1031300
2022-08-30,122.5199966430664,122.91000366210938,120.51000213623047,121.13999938964844,119.8053207397461,1308200
2022-08-31,121.9000015258789,123.2300033569336,120.91000366210938,121.45999908447266,120.12179565429688,1569900
2022-09-01,121.0199966430664,123.44000244140625,119.91999816894531,123.22000122070312,121.86239624023438,2233000
2022-09-02,124.1500015258789,124.20999908447266,120.68000030517578,121.19000244140625,119.85477447509766,1855800
2022-09-06,121.62999725341797,121.62999725341797,119.33999633789062,119.54000091552734,118.22294616699219,2808300
2022-09-07,119.43000030517578,123.26000213623047,119.30999755859375,122.88999938964844,121.5360336303711,1345200
2022-09-08,123.23999786376953,127.33000183105469,122.7699966430664,126.9800033569336,125.58097839355469,5006300
2022-09-09,127.25,128.9499969482422,126.97000122070312,128.39999389648438,126.98532104492188,1350300
2022-09-12,128.83999633789062,128.89999389648438,127.68000030517578,128.6300048828125,127.21281433105469,1175600
2022-09-13,125.86000061035156,126.38999938964844,122.62999725341797,122.83999633789062,121.48658752441406,2106800
2022-09-14,123.12000274658203,124.31999969482422,122.45999908447266,123.91999816894531,122.55467987060547,2036500
2022-09-15,123.9000015258789,125.3499984741211,123.0199966430664,124.05000305175781,122.68325805664062,1918900
2022-09-16,122.66999816894531,123.3499984741211,121.4800033569336,122.95999908447266,121.60527038574219,1988200
2022-09-19,121.80999755859375,121.94999694824219,119.48999786376953,121.80000305175781,120.45806121826172,2139100
2022-09-20,120.63999938964844,121.58000183105469,119.5199966430664,120.55000305175781,119.22181701660156,1928200
2022-09-21,121.11000061035156,122.02999877929688,117.69999694824219,117.91000366210938,116.61090087890625,3179200
2022-09-22,117.06999969482422,117.63999938964844,115.75,116.7300033569336,115.44390869140625,1978800
2022-09-23,115.73999786376953,116.20999908447266,113.9000015258789,115.31999969482422,114.04945373535156,2058100
2022-09-26,114.69000244140625,116.22000122070312,113.37000274658203,113.41999816894531,112.32524871826172,1560200
2022-09-27,114.6500015258789,116.41999816894531,114.20999908447266,114.81999969482422,113.71171569824219,3592900
2022-09-28,117.80000305175781,120.05000305175781,117.30000305175781,119.33000183105469,118.17820739746094,3228100
2022-09-29,118.69000244140625,118.9800033569336,116.05000305175781,117.5999984741211,116.46488952636719,1735200
2022-09-30,117.5199966430664,119.80999755859375,116.94999694824219,116.95999908447266,115.8310775756836,2590600
2022-10-03,118.58000183105469,119.7300033569336,116.69999694824219,119.23999786376953,118.08908081054688,1663900
2022-10-04,121.18000030517578,123.04000091552734,120.66000366210938,122.6500015258789,121.46617126464844,1775600
2022-10-05,121.48999786376953,123.63999938964844,120.41999816894531,122.87000274658203,121.68405151367188,1940600
2022-10-06,122.5,123.5,121.62999725341797,122.2699966430664,121.0898208618164,1348500
2022-10-07,121.08000183105469,121.37999725341797,118.41999816894531,118.83999633789062,117.69293975830078,1433700
2022-10-10,118.77999877929688,119.0199966430664,117.31999969482422,117.94999694824219,116.81150817871094,1821800
2022-10-11,117.76000213623047,120.18000030517578,116.69000244140625,118.16999816894531,117.0293960571289,2639000
2022-10-12,118.98999786376953,119.6500015258789,118.22000122070312,119.02999877929688,117.881103515625,1323700
2022-10-13,116.66000366210938,122.0,116.05000305175781,121.41000366210938,120.2381362915039,1911400
2022-10-14,122.4000015258789,123.16999816894531,119.4800033569336,119.58000183105469,118.42579650878906,1456500
2022-10-17,120.94999694824219,122.80999755859375,120.63999938964844,122.48999786376953,121.3077163696289,1609500
2022-10-18,124.29000091552734,124.94000244140625,122.12000274658203,122.70999908447266,121.52558898925781,2407700
2022-10-19,121.61000061035156,121.9000015258789,118.0,118.52999877929688,117.38594818115234,1841300
2022-10-20,118.30999755859375,119.87999725341797,117.38999938964844,117.58000183105469,116.44509887695312,1306200
2022-10-21,117.87999725341797,121.18000030517578,117.30000305175781,120.9000015258789,119.7330551147461,1413000
2022-10-24,121.27999877929688,122.44000244140625,119.87999725341797,122.18000030517578,121.00067138671875,1652700
2022-10-25,122.5,124.97000122070312,122.5,124.62999725341797,123.42705535888672,1070000
2022-10-26,124.91000366210938,128.55999755859375,124.8499984741211,126.5999984741211,125.37803649902344,2391700
2022-10-27,127.5,127.55000305175781,124.58999633789062,124.87999725341797,123.67462158203125,1492400
2022-10-28,125.97000122070312,129.88999938964844,125.2300033569336,129.67999267578125,128.4282989501953,2768800
2022-10-31,128.6999969482422,129.7899932861328,128.00999450683594,128.58999633789062,127.34880828857422,2360300
2022-11-01,129.88999938964844,130.6300048828125,128.8699951171875,129.75,128.49765014648438,2435400
2022-11-02,129.5500030517578,131.89999389648438,127.56999969482422,127.58000183105469,126.34858703613281,3065900
2022-11-03,125.5999984741211,128.63999938964844,125.04000091552734,128.02000427246094,126.78433227539062,2480800
2022-11-04,128.67999267578125,128.67999267578125,126.08999633789062,128.33999633789062,127.10123443603516,2544300
2022-11-07,128.3699951171875,129.57000732421875,127.36000061035156,129.0800018310547,127.8341064453125,1360500
2022-11-08,129.0500030517578,132.13999938964844,128.3300018310547,130.35000610351562,129.09185791015625,2054800
2022-11-09,129.83999633789062,131.14999389648438,128.80999755859375,129.0500030517578,127.8044204711914,2525300
2022-11-10,132.8000030517578,134.05999755859375,131.25999450683594,133.5800018310547,132.29066467285156,2655600
2022-11-11,133.39999389648438,134.72999572753906,131.7100067138672,134.25,132.9541778564453,2964300
2022-11-14,134.57000732421875,136.72000122070312,134.5,134.67999267578125,133.38006591796875,2801800
2022-11-15,136.75999450683594,136.88999938964844,133.67999267578125,135.11000061035156,133.80589294433594,2368900
2022-11-16,135.44000244140625,136.02000427246094,133.75999450683594,134.2100067138672,132.91458129882812,1702600
2022-11-17,133.1699981689453,133.8300018310547,131.88999938964844,133.27999877929688,131.99356079101562,1212500
2022-11-18,134.33999633789062,134.5800018310547,133.10000610351562,133.74000549316406,132.44912719726562,1058700
2022-11-21,133.74000549316406,134.07000732421875,132.72999572753906,133.0,131.7162628173828,851400
2022-11-22,133.1199951171875,134.10000610351562,131.69000244140625,134.0500030517578,132.75611877441406,1301400
2022-11-23,134.14999389648438,134.88999938964844,133.0399932861328,133.5500030517578,132.26095581054688,1865200
2022-11-25,133.32000732421875,134.1199951171875,132.60000610351562,133.82000732421875,132.52835083007812,469800
2022-11-28,133.38999938964844,135.6199951171875,132.50999450683594,132.88999938964844,131.60728454589844,3242300
2022-11-29,133.07000732421875,133.33999633789062,131.97000122070312,132.27000427246094,130.99331665039062,1579000
2022-11-30,132.97999572753906,136.52999877929688,132.4499969482422,136.52999877929688,135.21217346191406,2633200
2022-12-01,136.52999877929688,137.5399932861328,135.86000061035156,137.16000366210938,135.83609008789062,2087700
2022-12-02,135.77999877929688,138.74000549316406,135.39999389648438,138.42999267578125,137.0938262939453,2947200
2022-12-05,137.36000061035156,137.5800018310547,134.64999389648438,135.49000549316406,134.1822509765625,1811800
2022-12-06,134.75,135.1199951171875,132.24000549316406,133.25,131.9638671875,1491700
2022-12-07,132.69000244140625,134.47999572753906,132.69000244140625,134.1300048828125,132.83538818359375,1591500
2022-12-08,134.50999450683594,136.24000549316406,133.77999877929688,135.88999938964844,134.57835388183594,1269500
2022-12-09,135.36000061035156,135.6300048828125,132.97000122070312,133.00999450683594,131.7261505126953,2417700
2022-12-12,132.77000427246094,134.0800018310547,132.25,134.05999755859375,132.7660369873047,1636700
2022-12-13,136.8000030517578,138.07000732421875,135.07000732421875,136.0,134.78887939453125,1888600
2022-12-14,136.16000366210938,138.1999969482422,134.97999572753906,136.72999572753906,135.51234436035156,2061300
2022-12-15,135.63999938964844,136.17999267578125,133.57000732421875,134.24000549316406,133.0445556640625,1607300
2022-12-16,132.99000549316406,133.88999938964844,132.0,133.0,131.81556701660156,1874100
2022-12-19,133.3000030517578,133.38999938964844,129.88999938964844,130.55999755859375,129.3972930908203,2158400
2022-12-20,129.86000061035156,132.33999633789062,129.52000427246094,132.0800018310547,130.9037628173828,1195000
2022-12-21,132.42999267578125,134.57000732421875,131.75,133.72999572753906,132.53907775878906,1647200
2022-12-22,132.8000030517578,133.97000122070312,131.83999633789062,133.8300018310547,132.63816833496094,1326500
2022-12-23,133.69000244140625,134.0399932861328,131.2899932861328,132.02999877929688,130.85421752929688,1357600
2022-12-27,132.02999877929688,132.25,128.9600067138672,129.27000427246094,128.11880493164062,1245200
2022-12-28,129.27999877929688,130.27999877929688,128.05999755859375,128.38999938964844,127.24662780761719,1690500
2022-12-29,129.16000366210938,132.22999572753906,128.7100067138672,131.33999633789062,130.1703643798828,1318100
2022-12-30,130.27999877929688,131.44000244140625,129.16000366210938,131.2899932861328,130.12075805664062,1629500
2023-01-03,131.75999450683594,132.50999450683594,129.5500030517578,130.0399932861328,128.8819122314453,1120200
2023-01-04,131.24000549316406,132.0500030517578,130.4499969482422,131.7100067138672,130.53704833984375,1292200
2023-01-05,131.1999969482422,132.38999938964844,130.52999877929688,131.82000732421875,130.64605712890625,1035400
2023-01-06,132.89999389648438,134.69000244140625,130.69000244140625,133.13999938964844,131.95433044433594,2929000
2023-01-09,133.17999267578125,133.27999877929688,130.05999755859375,130.27999877929688,129.11981201171875,2555500
2023-01-10,129.74000549316406,133.27000427246094,129.74000549316406,133.22999572753906,132.04351806640625,1089700
2023-01-11,133.14999389648438,134.14999389648438,132.13999938964844,133.99000549316406,132.7967529296875,1055500
2023-01-12,133.89999389648438,135.17999267578125,131.92999267578125,135.11000061035156,133.90676879882812,1115200
2023-01-13,134.6699981689453,136.60000610351562,134.5500030517578,136.22999572753906,135.0167999267578,1110500
2023-01-17,136.11000061035156,136.8800048828125,135.2100067138672,136.27999877929688,135.0663604736328,1147400
2023-01-18,136.75,138.1300048828125,135.1199951171875,135.25999450683594,134.05548095703125,1705900
2023-01-19,134.17999267578125,135.0399932861328,133.3800048828125,134.0500030517578,132.85621643066406,1350500
2023-01-20,134.50999450683594,135.74000549316406,133.83999633789062,135.47000122070312,134.26358032226562,1271700
2023-01-23,135.41000366210938,137.1300048828125,135.17999267578125,136.7899932861328,135.57179260253906,1759900
2023-01-24,136.6999969482422,137.02999877929688,135.67999267578125,136.77999877929688,135.56190490722656,982000
2023-01-25,136.16000366210938,136.8000030517578,135.02999877929688,136.7899932861328,135.57179260253906,1102900
2023-01-26,137.60000610351562,137.8699951171875,135.74000549316406,137.16000366210938,135.9385223388672,1133500
2023-01-27,136.63999938964844,137.74000549316406,136.4199981689453,137.22999572753906,136.0079345703125,957500
2023-01-30,136.44000244140625,136.6999969482422,134.3000030517578,134.8000030517578,133.5995330810547,1401000
2023-01-31,134.4499969482422,136.77000427246094,134.4499969482422,136.5500030517578,135.33395385742188,1508800
2023-02-01,136.17999267578125,137.5399932861328,134.0800018310547,136.7100067138672,135.49253845214844,1633300
2023-02-02,136.80999755859375,137.25,135.4499969482422,137.1699981689453,135.9484405517578,3452100
2023-02-03,136.85000610351562,138.25999450683594,136.07000732421875,136.58999633789062,135.3736114501953,1945200
2023-02-06,135.69000244140625,137.27000427246094,135.25999450683594,135.61000061035156,134.40231323242188,1478200
2023-02-07,135.07000732421875,136.5800018310547,133.89999389648438,136.32000732421875,135.1060028076172,1413500
2023-02-08,135.30999755859375,135.74000549316406,133.27000427246094,133.3300018310547,132.14260864257812,1365100
2023-02-09,133.6999969482422,134.8300018310547,131.94000244140625,132.39999389648438,131.2209014892578,1531100
2023-02-10,132.08999633789062,132.72000122070312,131.1199951171875,132.36000061035156,131.1812744140625,1430200
2023-02-13,132.22000122070312,134.30999755859375,131.63999938964844,134.17999267578125,132.98507690429688,1283900
2023-02-14,133.63999938964844,134.94000244140625,132.30999755859375,133.77000427246094,132.5786895751953,1119100
2023-02-15,132.8699951171875,133.8300018310547,132.1999969482422,133.77000427246094,132.5786895751953,1146300
2023-02-16,132.4199981689453,133.5,132.07000732421875,132.08999633789062,130.91368103027344,1323500
2023-02-17,131.3800048828125,133.69000244140625,130.8000030517578,133.36000061035156,132.17236328125,1350900
2023-02-21,132.3300018310547,132.6300048828125,129.6199951171875,129.63999938964844,128.48548889160156,1456700
2023-02-22,129.63999938964844,130.25,128.94000244140625,129.39999389648438,128.2476348876953,1070300
2023-02-23,129.4199981689453,129.82000732421875,127.79000091552734,129.0,127.8511962890625,1111600
2023-02-24,127.83000183105469,127.83000183105469,126.18000030517578,126.41000366210938,125.28426361083984,1264200
2023-02-27,127.4800033569336,128.27999877929688,126.7300033569336,126.87000274658203,125.74015808105469,1172900
2023-02-28,126.63999938964844,127.7699966430664,126.41999816894531,127.18000030517578,126.04739379882812,2838700
2023-03-01,127.45999908447266,128.38999938964844,127.30000305175781,128.05999755859375,126.9195556640625,1753000
2023-03-02,127.43000030517578,128.72999572753906,126.88999938964844,128.36000061035156,127.21688842773438,1340500
2023-03-03,128.66000366210938,130.8699951171875,128.3300018310547,130.52000427246094,129.357666015625,1050800
2023-03-06,130.50999450683594,130.50999450683594,128.94000244140625,129.3000030517578,128.1485137939453,1102600
2023-03-07,129.30999755859375,129.4199981689453,127.25,127.25,126.11678314208984,1630500
2023-03-08,127.19000244140625,127.4000015258789,125.70999908447266,126.37999725341797,125.2545166015625,1498800
2023-03-09,126.45999908447266,127.0,123.4000015258789,123.94999694824219,122.84616088867188,1940000
2023-03-10,124.27999877929688,124.27999877929688,120.72000122070312,121.97000122070312,120.88379669189453,3341300
2023-03-13,122.33999633789062,126.87999725341797,122.33000183105469,125.37000274658203,124.25352478027344,2798500
2023-03-14,126.5199966430664,127.54000091552734,125.80999755859375,126.94999694824219,125.8194351196289,2748700
2023-03-15,125.5999984741211,126.19000244140625,124.52999877929688,126.05999755859375,124.93738555908203,2095000
2023-03-16,125.36000061035156,127.18000030517578,123.7300033569336,126.73999786376953,125.61131286621094,1954800
2023-03-17,125.77999877929688,126.19999694824219,123.91000366210938,124.5,123.39126586914062,2630700
2023-03-20,124.69999694824219,125.98999786376953,124.16999816894531,125.8499984741211,124.729248046875,1905400
2023-03-21,126.48999786376953,126.69000244140625,125.44999694824219,126.0,124.87789916992188,1177500
2023-03-22,126.1500015258789,126.27999877929688,123.25,123.30000305175781,122.20195007324219,1705000
2023-03-23,124.95999908447266,126.0199966430664,123.30000305175781,124.3499984741211,123.3075942993164,1479700
2023-03-24,124.41000366210938,126.16000366210938,123.41999816894531,125.87000274658203,124.81486511230469,1227000
2023-03-27,126.06999969482422,126.86000061035156,125.68000030517578,126.02999877929688,124.97352600097656,964300
2023-03-28,126.06999969482422,126.73999786376953,125.66999816894531,126.05999755859375,125.00328063964844,818500
2023-03-29,127.02999877929688,128.02999877929688,126.87000274658203,127.83000183105469,126.75843811035156,1448600
2023-03-30,128.30999755859375,128.4600067138672,126.62000274658203,127.2300033569336,126.16345977783203,1344200
2023-03-31,127.62000274658203,129.33999633789062,127.58000183105469,129.16000366210938,128.0772705078125,891600
2023-04-03,128.80999755859375,129.77000427246094,128.57000732421875,129.77000427246094,128.68215942382812,1504000
2023-04-04,129.6199951171875,129.8300018310547,128.3800048828125,128.86000061035156,127.77978515625,947200
2023-04-05,128.60000610351562,129.97999572753906,128.49000549316406,129.50999450683594,128.42434692382812,1247200
2023-04-06,129.67999267578125,131.27000427246094,129.58999633789062,131.0500030517578,129.95143127441406,1128000
2023-04-10,130.47000122070312,130.64999389648438,129.39999389648438,130.36000061035156,129.26722717285156,1454500
2023-04-11,130.25999450683594,131.32000732421875,130.1999969482422,130.7100067138672,129.6143035888672,2455100
2023-04-12,131.22999572753906,131.86000061035156,130.38999938964844,130.55999755859375,129.4655303955078,1145800
2023-04-13,130.72999572753906,133.80999755859375,130.72999572753906,133.5800018310547,132.46022033691406,1667200
2023-04-14,133.1199951171875,133.69000244140625,131.69000244140625,132.42999267578125,131.3198699951172,1264400
2023-04-17,133.4600067138672,133.77999877929688,132.94000244140625,133.57000732421875,132.4503173828125,1756900
2023-04-18,133.82000732421875,133.83999633789062,131.91000366210938,132.66000366210938,131.54795837402344,1838800
2023-04-19,131.99000549316406,133.52999877929688,131.77000427246094,133.22000122070312,132.1032257080078,1207200
2023-04-20,132.36000061035156,132.57000732421875,131.60000610351562,131.94000244140625,130.83396911621094,1370800
2023-04-21,132.0800018310547,133.58999633789062,132.0399932861328,133.4600067138672,132.34124755859375,1623000
2023-04-24,133.4600067138672,133.4600067138672,132.52999877929688,133.0500030517578,131.9346923828125,1274200
2023-04-25,132.7899932861328,133.4199981689453,130.2899932861328,130.5,129.4060516357422,1769600
2023-04-26,129.92999267578125,129.92999267578125,127.81999969482422,128.74000549316406,127.66080474853516,1461800
2023-04-27,128.86000061035156,129.47000122070312,127.41000366210938,129.1999969482422,128.11692810058594,1409000
2023-04-28,128.5500030517578,131.25,127.98999786376953,130.50999450683594,129.4159698486328,2189000
2023-05-01,130.5,132.0399932861328,130.24000549316406,131.5399932861328,130.4373321533203,1220300
2023-05-02,130.91000366210938,131.8300018310547,129.52999877929688,129.80999755859375,128.72183227539062,1754900
2023-05-03,130.10000610351562,132.25,129.9499969482422,130.67999267578125,129.58453369140625,2744800
2023-05-04,130.1300048828125,130.60000610351562,129.4600067138672,130.3000030517578,129.2077178955078,1673100
2023-05-05,131.0,132.41000366210938,130.10000610351562,131.9199981689453,130.81414794921875,1271300
2023-05-08,131.97999572753906,132.0500030517578,130.17999267578125,130.85000610351562,129.75311279296875,1349500
2023-05-09,129.8699951171875,130.82000732421875,129.35000610351562,130.60000610351562,129.5052032470703,1030700
2023-05-10,131.3300018310547,131.6699981689453,130.19000244140625,131.02999877929688,129.93161010742188,1044500
2023-05-11,130.75999450683594,130.82000732421875,129.33999633789062,130.42999267578125,129.3366241455078,1100000
2023-05-12,130.39999389648438,130.88999938964844,129.3800048828125,130.17999267578125,129.08871459960938,1173400
2023-05-15,130.27999877929688,131.92999267578125,130.17999267578125,131.74000549316406,130.63563537597656,1295600
2023-05-16,130.14999389648438,130.5,128.5500030517578,129.0399932861328,127.95829010009766,2784000
2023-05-17,129.05999755859375,129.47000122070312,127.36000061035156,129.3300018310547,128.245849609375,1474300
2023-05-18,129.02999877929688,129.1199951171875,127.48999786376953,128.97000122070312,127.88887786865234,1566600
2023-05-19,129.27000427246094,130.64999389648438,129.10000610351562,130.0800018310547,128.9895782470703,1398300
2023-05-22,130.27999877929688,131.69000244140625,130.27999877929688,131.14999389648438,130.05056762695312,1238800
2023-05-23,130.8300018310547,132.4600067138672,130.8300018310547,131.11000061035156,130.01095581054688,1330300
2023-05-24,130.36000061035156,130.67999267578125,128.67999267578125,129.27999877929688,128.19627380371094,1844000
2023-05-25,128.77999877929688,128.8000030517578,125.9800033569336,126.83999633789062,125.7767105102539,1673800
2023-05-26,127.0199966430664,127.55999755859375,126.30000305175781,127.08999633789062,126.0246353149414,1337600
2023-05-30,126.94000244140625,127.4000015258789,125.55000305175781,126.16999816894531,125.11235046386719,1448300
2023-05-31,125.94999694824219,127.33000183105469,125.33000183105469,126.27999877929688,125.2214126586914,1357300
2023-06-01,126.5,127.16000366210938,125.23999786376953,126.7699966430664,125.70731353759766,1675300
2023-06-02,127.37999725341797,129.0500030517578,127.01000213623047,128.97999572753906,127.89879608154297,1840900
2023-06-05,128.9600067138672,129.86000061035156,128.55999755859375,129.47000122070312,128.3846893310547,1106500
2023-06-06,129.49000549316406,129.88999938964844,128.91000366210938,129.0800018310547,127.99796295166016,937500
2023-06-07,129.0500030517578,129.32000732421875,128.14999389648438,128.8300018310547,127.7560043334961,1580600
2023-06-08,128.8300018310547,129.30999755859375,128.22999572753906,129.02999877929688,127.9543228149414,991800
2023-06-09,129.1199951171875,129.1999969482422,127.86000061035156,128.83999633789062,127.7658920288086,2017400
2023-06-12,129.14999389648438,130.00999450683594,128.69000244140625,129.8699951171875,128.7873077392578,1247100
2023-06-13,129.8300018310547,131.60000610351562,129.8300018310547,131.35000610351562,130.25498962402344,1463900
2023-06-14,131.42999267578125,131.9199981689453,129.3699951171875,130.3000030517578,129.21372985839844,1802100
2023-06-15,129.85000610351562,132.02000427246094,129.72999572753906,131.80999755859375,130.71115112304688,1327300
2023-06-16,132.4499969482422,133.19000244140625,130.97999572753906,131.3000030517578,130.20538330078125,2449900
2023-06-20,130.80999755859375,130.86000061035156,129.6300048828125,130.3800048828125,129.29306030273438,2272000
2023-06-21,129.85000610351562,130.38999938964844,129.0800018310547,129.82000732421875,128.73773193359375,1304000
2023-06-22,129.50999450683594,130.1999969482422,129.1199951171875,129.85000610351562,128.76748657226562,1293100
2023-06-23,128.99000549316406,129.14999389648438,128.1199951171875,128.5,127.42874145507812,5288400
2023-06-26,128.38999938964844,128.38999938964844,126.62000274658203,127.06999969482422,126.01066589355469,1380800
2023-06-27,127.08000183105469,127.0999984741211,125.13999938964844,125.52999877929688,124.48351287841797,2867700
2023-06-28,125.36000061035156,126.27999877929688,124.58999633789062,126.25,125.1974868774414,1209000
2023-06-29,125.95999908447266,126.5,125.2300033569336,125.94999694824219,124.89999389648438,2065000
2023-06-30,126.63999938964844,127.3499984741211,126.43000030517578,126.95999908447266,125.90157318115234,1465700
2023-07-03,126.58999633789062,126.95999908447266,126.12999725341797,126.80999755859375,125.75282287597656,624500
2023-07-05,126.69000244140625,127.44000244140625,126.31999969482422,127.02999877929688,125.97098541259766,2273200
2023-07-06,126.04000091552734,126.12999725341797,124.55999755859375,125.44999694824219,124.40416717529297,1598800
2023-07-07,125.2699966430664,125.62000274658203,124.11000061035156,124.37999725341797,123.34307098388672,1172000
2023-07-10,124.16999816894531,127.02999877929688,124.16999816894531,126.6500015258789,125.59416198730469,2499000
2023-07-11,126.56999969482422,127.04000091552734,125.95999908447266,126.72000122070312,125.66358947753906,1372500
2023-07-12,128.0,128.66000366210938,127.3499984741211,127.95999908447266,126.89324188232422,1424100
2023-07-13,128.55999755859375,129.02000427246094,128.02999877929688,128.3000030517578,127.23041534423828,1415300
2023-07-14,128.27000427246094,128.72000122070312,127.27999877929688,128.24000549316406,127.17091369628906,1500400
2023-07-17,128.61000061035156,130.1699981689453,128.42999267578125,129.24000549316406,128.16258239746094,1566900
2023-07-18,129.22999572753906,130.44000244140625,129.1999969482422,129.72000122070312,128.63856506347656,1168500
2023-07-19,129.9499969482422,131.3000030517578,129.9499969482422,130.41000366210938,129.3227996826172,2513200
2023-07-20,130.4600067138672,131.1699981689453,130.07000732421875,130.25999450683594,129.17405700683594,2146800
2023-07-21,131.13999938964844,131.92999267578125,130.1999969482422,131.47000122070312,130.3739776611328,1601800
2023-07-24,131.2100067138672,131.4600067138672,129.22000122070312,129.4199981689453,128.34103393554688,1494600
2023-07-25,129.05999755859375,129.91000366210938,128.61000061035156,129.11000061035156,128.0336456298828,745300
2023-07-26,128.74000549316406,129.07000732421875,127.9800033569336,128.83999633789062,127.7658920288086,928000
2023-07-27,129.4499969482422,129.52999877929688,127.69999694824219,127.91000366210938,126.84367370605469,1179700
2023-07-28,128.42999267578125,129.9499969482422,128.07000732421875,129.86000061035156,128.77740478515625,1646100
2023-07-31,129.83999633789062,129.9499969482422,128.8300018310547,129.30999755859375,128.23196411132812,1388100
2023-08-01,128.72000122070312,128.74000549316406,127.52999877929688,128.0500030517578,126.98249053955078,1322000
2023-08-02,127.87999725341797,128.42999267578125,126.95999908447266,127.36000061035156,126.29824829101562,1859900
2023-08-03,127.41999816894531,127.80999755859375,126.79000091552734,126.88999938964844,125.8321533203125,1282100
2023-08-04,127.18000030517578,128.74000549316406,127.16000366210938,127.3499984741211,126.288330078125,2167700
2023-08-07,126.87999725341797,127.05000305175781,126.11000061035156,126.55000305175781,125.49500274658203,1446400
2023-08-08,126.23999786376953,127.48999786376953,126.23999786376953,127.33000183105469,126.26848602294922,1463700
2023-08-09,127.41000366210938,128.61000061035156,127.33999633789062,127.75,126.68499755859375,1179000
2023-08-10,128.38999938964844,129.83999633789062,127.87000274658203,128.1699981689453,127.10148620605469,1235000
2023-08-11,127.69000244140625,128.80999755859375,127.62999725341797,128.57000732421875,127.4981460571289,725500
2023-08-14,128.19000244140625,128.52000427246094,127.44999694824219,128.4199981689453,127.34941101074219,1169200
2023-08-15,127.83999633789062,128.39999389648438,127.52999877929688,128.00999450683594,126.94281768798828,827300
2023-08-16,127.77999877929688,127.77999877929688,126.16000366210938,126.18000030517578,125.12808227539062,1448100
2023-08-17,126.2300033569336,126.58999633789062,125.52999877929688,125.55999755859375,124.51323699951172,1088900
2023-08-18,124.75,125.83000183105469,124.56999969482422,125.41000366210938,124.36450958251953,1638000
2023-08-21,125.38999938964844,127.51000213623047,125.38999938964844,127.2300033569336,126.16931915283203,1160700
2023-08-22,127.27999877929688,127.7699966430664,126.97000122070312,127.29000091552734,126.22883605957031,1025300
2023-08-23,127.9800033569336,128.72999572753906,127.94000244140625,128.02999877929688,126.96265411376953,1387400
2023-08-24,127.97000122070312,128.5,126.7699966430664,126.86000061035156,125.80240631103516,1143400
2023-08-25,126.9800033569336,127.94999694824219,126.22000122070312,127.58000183105469,126.51641845703125,1220800
2023-08-28,128.0500030517578,128.80999755859375,127.66000366210938,128.10000610351562,127.03208923339844,1751900
2023-08-29,128.00999450683594,129.52000427246094,128.00999450683594,129.47000122070312,128.3906707763672,1345700
2023-08-30,129.33999633789062,130.22999572753906,129.33999633789062,129.85000610351562,128.76748657226562,890900
2023-08-31,129.69000244140625,129.92999267578125,128.7100067138672,128.7100067138672,127.63697814941406,1180100
2023-09-01,129.8300018310547,130.6999969482422,129.7899932861328,130.00999450683594,128.9261474609375,1626100
2023-09-05,129.6699981689453,130.00999450683594,128.1199951171875,128.13999938964844,127.07173919677734,1376600
2023-09-06,127.9800033569336,128.27000427246094,126.5,127.30999755859375,126.24867248535156,1820000
2023-09-07,126.75,127.29000091552734,126.52999877929688,126.87999725341797,125.82225036621094,1160100
2023-09-08,126.8499984741211,127.69000244140625,126.68000030517578,126.8499984741211,125.79248809814453,1314800
2023-09-11,127.04000091552734,127.95999908447266,126.58000183105469,127.68000030517578,126.6155776977539,1177100
2023-09-12,127.6500015258789,127.91000366210938,126.93000030517578,127.4800033569336,126.41725158691406,1332700
2023-09-13,127.43000030517578,128.30999755859375,126.87999725341797,127.0999984741211,126.04042053222656,1260700
2023-09-14,127.20999908447266,128.02999877929688,127.01000213623047,127.58000183105469,126.51641845703125,1211000
2023-09-15,127.3499984741211,127.73999786376953,126.36000061035156,126.61000061035156,125.55449676513672,1522600
2023-09-18,126.41000366210938,126.7699966430664,125.05000305175781,125.25,124.20582580566406,1042300
2023-09-19,125.05000305175781,125.8499984741211,124.69000244140625,125.70999908447266,124.6619873046875,1353200
2023-09-20,125.91999816894531,126.08999633789062,124.61000061035156,124.62999725341797,123.59100341796875,1604300
2023-09-21,124.05000305175781,124.05000305175781,122.66999816894531,123.05000305175781,122.02417755126953,1521700
2023-09-22,123.18000030517578,123.41999816894531,122.51000213623047,122.55999755859375,121.53826141357422,1254600
2023-09-25,122.19000244140625,122.41999816894531,121.38999938964844,122.2699966430664,121.25067901611328,1456300
2023-09-26,122.3499984741211,123.4000015258789,122.0999984741211,122.54000091552734,121.67069244384766,1708800
2023-09-27,122.77999877929688,123.80999755859375,122.1500015258789,123.11000061035156,122.23663330078125,1833600
2023-09-28,122.70999908447266,123.22000122070312,121.8499984741211,122.83999633789062,121.96854400634766,2154400
2023-09-29,123.13999938964844,123.58999633789062,122.11000061035156,122.29000091552734,121.4224624633789,2077700
2023-10-02,122.16000366210938,122.16000366210938,119.70999908447266,120.63999938964844,119.78416442871094,2635200
2023-10-03,119.87999725341797,120.2699966430664,118.70999908447266,119.31999969482422,118.47351837158203,2728200
2023-10-04,119.5,120.30000305175781,118.5199966430664,120.18000030517578,119.32740783691406,2412400
2023-10-05,120.1500015258789,121.88999938964844,119.79000091552734,121.77999877929688,120.91606903076172,2436700
2023-10-06,120.91000366210938,123.16000366210938,120.91000366210938,122.4800033569336,121.6111068725586,2244200
2023-10-09,121.55000305175781,122.2699966430664,120.37000274658203,122.04000091552734,121.17423248291016,2049400
2023-10-10,121.72000122070312,123.51000213623047,121.52999877929688,123.02999877929688,122.15718841552734,1880100
2023-10-11,123.30999755859375,124.12999725341797,122.83000183105469,123.62999725341797,122.75293731689453,2074000
2023-10-12,123.44000244140625,123.4800033569336,120.88999938964844,121.13999938964844,120.28060913085938,2120600
2023-10-13,121.37000274658203,121.94999694824219,120.69999694824219,121.62999725341797,120.76712799072266,2558500
2023-10-16,121.44999694824219,122.83999633789062,120.87999725341797,122.30000305175781,121.43238830566406,2667700
2023-10-17,121.61000061035156,122.86000061035156,121.61000061035156,122.13999938964844,121.27351379394531,2082000
2023-10-18,121.2699966430664,121.48999786376953,119.37000274658203,119.56999969482422,118.72174072265625,2197800
2023-10-19,119.66000366210938,119.66000366210938,117.33999633789062,117.61000061035156,116.77565002441406,4005300
2023-10-20,117.62999725341797,118.33999633789062,116.9800033569336,117.16999816894531,116.33877563476562,2559300
2023-10-23,116.80000305175781,116.98999786376953,115.86000061035156,116.0199966430664,115.19693756103516,2852800
2023-10-24,116.48999786376953,117.75,116.37000274658203,117.3499984741211,116.51749420166016,2177200
2023-10-25,116.45999908447266,116.52999877929688,114.5,115.11000061035156,114.29339599609375,2915100
2023-10-26,115.05999755859375,115.69000244140625,114.55999755859375,115.05000305175781,114.23382568359375,2480400
2023-10-27,115.12999725341797,115.16000366210938,112.1500015258789,112.41000366210938,111.61254119873047,2862200
2023-10-30,113.2300033569336,113.69999694824219,112.33999633789062,113.02999877929688,112.22814178466797,1858800
2023-10-31,112.2699966430664,113.79000091552734,111.83000183105469,113.68000030517578,112.87353515625,2180900
2023-11-01,113.69999694824219,115.38999938964844,113.22000122070312,115.20999908447266,114.39268493652344,2103600
2023-11-02,115.7699966430664,117.08999633789062,115.0,116.81999969482422,115.99125671386719,2598000
2023-11-03,118.04000091552734,120.45999908447266,118.04000091552734,119.79000091552734,118.94017028808594,2513300
2023-11-06,120.45999908447266,120.87999725341797,119.08999633789062,119.41000366210938,118.56288146972656,1730900
2023-11-07,118.93000030517578,120.44999694824219,118.66000366210938,120.30000305175781,119.44657897949219,2632700
2023-11-08,120.0999984741211,120.13999938964844,117.80999755859375,118.4800033569336,117.63947296142578,2607200
2023-11-09,118.68000030517578,118.73999786376953,114.7699966430664,114.9800033569336,114.16431427001953,2322200
2023-11-10,115.25,115.72000122070312,113.55999755859375,115.52999877929688,114.71040344238281,2001900
2023-11-13,115.01000213623047,115.44999694824219,113.83999633789062,115.41999816894531,114.60118865966797,1866500
2023-11-14,117.4000015258789,118.63999938964844,117.36000061035156,117.91000366210938,117.07353210449219,2894400
2023-11-15,118.0,119.55999755859375,117.7699966430664,118.02999877929688,117.19267272949219,2556000
2023-11-16,118.25,118.66999816894531,116.69999694824219,117.02999877929688,116.19976043701172,1938700
2023-11-17,117.47000122070312,118.25,117.08000183105469,118.0999984741211,117.26216888427734,1624400
2023-11-20,118.02999877929688,119.26000213623047,117.8499984741211,118.91999816894531,118.07634735107422,1319700
2023-11-21,118.63999938964844,119.11000061035156,117.94999694824219,117.97000122070312,117.13308715820312,1349600
2023-11-22,118.75,119.41999816894531,118.25,118.72000122070312,117.87777709960938,1241300
2023-11-24,118.69999694824219,119.70999908447266,118.69999694824219,119.36000061035156,118.51322174072266,534500
2023-11-27,118.94999694824219,119.12000274658203,118.05999755859375,118.56999969482422,117.72883605957031,1713900
2023-11-28,118.0999984741211,118.37000274658203,117.27999877929688,118.20999908447266,117.37139129638672,1207200
2023-11-29,118.69999694824219,120.2300033569336,118.52999877929688,119.33999633789062,118.49337005615234,1804100
2023-11-30,120.18000030517578,121.9000015258789,120.1500015258789,120.93000030517578,120.07209014892578,1881500
2023-12-01,120.69999694824219,122.62999725341797,119.94999694824219,122.5999984741211,121.7302474975586,1645800
2023-12-04,122.12999725341797,123.58000183105469,121.83999633789062,123.38999938964844,122.5146484375,1604700
2023-12-05,122.55999755859375,123.2300033569336,122.08999633789062,122.9000015258789,122.02812957763672,1548100
2023-12-06,123.23999786376953,124.80999755859375,122.77999877929688,123.86000061035156,122.9813232421875,1314800
2023-12-07,123.98999786376953,124.87000274658203,123.2699966430664,124.73999786376953,123.85507202148438,1553800
2023-12-08,124.30000305175781,125.05999755859375,123.62999725341797,123.87999725341797,123.00116729736328,1282900
2023-12-11,123.95999908447266,124.83000183105469,123.55999755859375,124.7699966430664,123.88484954833984,1640200
2023-12-12,125.69000244140625,126.43000030517578,124.19000244140625,126.12999725341797,125.23521423339844,1687200
2023-12-13,126.80999755859375,131.6199951171875,126.56999969482422,131.39999389648438,130.46780395507812,3413000
2023-12-14,132.36000061035156,133.6199951171875,131.9499969482422,132.75,131.80824279785156,2889200
2023-12-15,133.0,133.88999938964844,131.17999267578125,131.77999877929688,130.84512329101562,2525800
2023-12-18,132.11000061035156,132.11000061035156,130.36000061035156,130.8300018310547,129.90185546875,1181500
2023-12-19,131.4199981689453,133.16000366210938,131.27000427246094,132.9199981689453,131.97703552246094,1401800
2023-12-20,131.7899932861328,131.80999755859375,128.85000610351562,128.8800048828125,128.08518981933594,1692300
2023-12-21,129.80999755859375,131.0800018310547,129.80999755859375,130.91000366210938,130.10267639160156,1268300
2023-12-22,131.74000549316406,134.25999450683594,131.74000549316406,133.77000427246094,132.9450225830078,1665200
2023-12-26,134.39999389648438,135.3300018310547,133.7100067138672,135.02999877929688,134.19725036621094,1292900
2023-12-27,135.8699951171875,136.9199981689453,135.3000030517578,136.86000061035156,136.01597595214844,1842800
2023-12-28,136.6699981689453,137.85000610351562,136.5,137.02999877929688,136.18492126464844,1747200
2023-12-29,137.05999755859375,137.05999755859375,135.60000610351562,135.85000610351562,135.01220703125,1041100
2024-01-02,134.92999267578125,139.0500030517578,134.64999389648438,138.07000732421875,137.21852111816406,2308800
2024-01-03,137.75999450683594,137.86000061035156,135.39999389648438,135.9199981689453,135.081787109375,2103300
2024-01-04,136.35000610351562,137.13999938964844,135.80999755859375,136.52000427246094,135.67808532714844,1635300
2024-01-05,135.94000244140625,136.8300018310547,134.24000549316406,136.1199951171875,135.28053283691406,2250700
2024-01-08,135.10000610351562,139.41000366210938,134.52999877929688,139.38999938964844,138.53036499023438,1968300
2024-01-09,138.3000030517578,139.49000549316406,137.63999938964844,138.94000244140625,138.08316040039062,2056400
2024-01-10,138.9499969482422,138.9499969482422,136.82000732421875,137.9600067138672,137.10919189453125,1864400
2024-01-11,137.52000427246094,137.52000427246094,135.4499969482422,136.8800048828125,136.03587341308594,1627800
2024-01-12,137.4199981689453,138.92999267578125,136.85000610351562,137.1300048828125,136.2843017578125,1329500
2024-01-16,136.17999267578125,136.22000122070312,134.85000610351562,135.92999267578125,135.09170532226562,2223200
2024-01-17,135.0500030517578,135.22000122070312,133.88999938964844,135.02000427246094,134.1873321533203,1163100
2024-01-18,134.80999755859375,134.86000061035156,133.42999267578125,134.5500030517578,133.72021484375,1613900
2024-01-19,134.5500030517578,135.47999572753906,133.4499969482422,135.17999267578125,134.34634399414062,1332900
2024-01-22,134.57000732421875,136.11000061035156,134.39999389648438,135.6199951171875,134.78363037109375,1823700
2024-01-23,135.83999633789062,136.4199981689453,135.02000427246094,136.36000061035156,135.51904296875,1125300
2024-01-24,137.00999450683594,137.00999450683594,134.72000122070312,134.8000030517578,133.96868896484375,1959900
2024-01-25,135.49000549316406,136.52000427246094,134.91000366210938,135.69000244140625,134.8531951904297,2536200
2024-01-26,135.8800048828125,136.75,135.32000732421875,135.35000610351562,134.5153045654297,2099900
2024-01-29,135.35000610351562,137.5399932861328,134.6300048828125,137.49000549316406,136.64210510253906,1490400
2024-01-30,136.8800048828125,137.0399932861328,135.75,136.5800018310547,135.73770141601562,2035900
2024-01-31,136.3699951171875,136.69000244140625,134.22999572753906,134.3800048828125,133.55126953125,1868900
2024-02-01,134.6300048828125,136.49000549316406,133.8300018310547,136.25,135.4097137451172,2173000
2024-02-02,135.22000122070312,135.5,133.77999877929688,134.60000610351562,133.76991271972656,2165300
2024-02-05,134.0399932861328,135.27000427246094,132.8699951171875,134.85000610351562,134.01837158203125,2247000
2024-02-06,134.7100067138672,136.16000366210938,134.44000244140625,136.13999938964844,135.30043029785156,2276000
2024-02-07,135.6699981689453,135.6699981689453,133.42999267578125,133.72000122070312,132.8953399658203,1844800
2024-02-08,133.72999572753906,134.5500030517578,133.14999389648438,134.25,133.4220733642578,1252600
2024-02-09,134.33999633789062,134.88999938964844,133.9199981689453,134.58999633789062,133.7599639892578,1675800
2024-02-12,134.92999267578125,135.77999877929688,134.08999633789062,135.75999450683594,134.92276000976562,1358200
2024-02-13,133.11000061035156,133.7100067138672,131.27000427246094,132.3000030517578,131.484130859375,2290200
2024-02-14,133.36000061035156,134.89999389648438,133.24000549316406,134.8000030517578,133.96868896484375,1492200
2024-02-15,135.10000610351562,136.77000427246094,134.75999450683594,136.52000427246094,135.67808532714844,1912700
2024-02-16,135.92999267578125,136.89999389648438,135.41000366210938,135.72999572753906,134.8929443359375,2247600
2024-02-20,135.19000244140625,136.05999755859375,134.16000366210938,134.8699951171875,134.0382537841797,2035500
2024-02-21,134.83999633789062,135.4600067138672,134.0800018310547,135.25999450683594,134.4258575439453,1549400
2024-02-22,135.52999877929688,137.7899932861328,135.14999389648438,137.1699981689453,136.3240509033203,1342300
2024-02-23,137.3699951171875,138.82000732421875,137.3699951171875,138.19000244140625,137.33779907226562,1259000
2024-02-26,137.8699951171875,139.39999389648438,137.6699981689453,139.16000366210938,138.30178833007812,2567300
2024-02-27,139.64999389648438,141.16000366210938,138.7899932861328,140.88999938964844,140.02110290527344,2326000
2024-02-28,140.41000366210938,140.77000427246094,139.32000732421875,139.4199981689453,138.5601806640625,2958800
2024-02-29,140.33999633789062,140.66000366210938,136.5399932861328,136.83999633789062,135.99609375,3291700
2024-03-01,137.24000549316406,140.44000244140625,137.11000061035156,139.80999755859375,138.94776916503906,2449100
2024-03-04,139.85000610351562,140.19000244140625,138.0500030517578,138.50999450683594,137.65577697753906,2096600
2024-03-05,138.05999755859375,139.0500030517578,136.85000610351562,137.33999633789062,136.4929962158203,2903300
2024-03-06,137.97000122070312,138.50999450683594,137.50999450683594,137.8699951171875,137.01976013183594,1333500
2024-03-07,138.5500030517578,139.16000366210938,137.7899932861328,138.32000732421875,137.4669647216797,1824500
2024-03-08,138.92999267578125,140.22000122070312,138.13999938964844,138.64999389648438,137.794921875,2040400
2024-03-11,138.6300048828125,140.00999450683594,138.44000244140625,138.6999969482422,137.84461975097656,1237500
2024-03-12,138.97000122070312,138.97000122070312,137.57000732421875,138.0399932861328,137.18870544433594,1428900
2024-03-13,138.25999450683594,139.27999877929688,137.66000366210938,138.25999450683594,137.40733337402344,1248100
2024-03-14,138.07000732421875,138.24000549316406,134.75999450683594,135.7100067138672,134.87306213378906,2746600
2024-03-15,135.4199981689453,136.99000549316406,135.33999633789062,135.9199981689453,135.081787109375,2384500
2024-03-18,136.00999450683594,136.42999267578125,135.19000244140625,135.25999450683594,134.4258575439453,1673700
2024-03-19,135.05999755859375,136.36000061035156,134.86000061035156,136.13999938964844,135.30043029785156,1300100
2024-03-20,135.8300018310547,136.61000061035156,134.27000427246094,136.49000549316406,135.64825439453125,1948000
2024-03-21,137.6199951171875,138.6199951171875,137.1999969482422,137.22999572753906,136.50970458984375,1635400
2024-03-22,137.16000366210938,137.39999389648438,136.02999877929688,136.25,135.53485107421875,2043400
2024-03-25,136.27000427246094,136.94000244140625,135.67999267578125,136.00999450683594,135.29611206054688,1117500
2024-03-26,136.41000366210938,137.1999969482422,135.85000610351562,135.8699951171875,135.15684509277344,1146700
2024-03-27,136.55999755859375,137.80999755859375,135.8300018310547,137.7899932861328,137.06675720214844,1274000
2024-03-28,138.39999389648438,138.39999389648438,137.1300048828125,137.22000122070312,136.49978637695312,1441200
2024-04-01,137.2100067138672,137.2100067138672,135.5,136.80999755859375,136.0919189453125,1435100
2024-04-02,135.86000061035156,135.86000061035156,133.58999633789062,133.88999938964844,133.18722534179688,1384900
2024-04-03,133.32000732421875,134.1300048828125,133.16000366210938,133.52999877929688,132.8291473388672,1116800
2024-04-04,134.3800048828125,134.94000244140625,131.47000122070312,131.6300048828125,130.93910217285156,1198600
2024-04-05,131.52000427246094,133.33999633789062,130.5500030517578,132.50999450683594,131.81448364257812,1358100
2024-04-08,132.5500030517578,132.86000061035156,131.82000732421875,132.6699981689453,131.9736328125,724400
2024-04-09,133.11000061035156,134.63999938964844,133.10000610351562,134.27000427246094,133.56524658203125,1349900
2024-04-10,132.07000732421875,132.14999389648438,131.16000366210938,131.85000610351562,131.157958984375,1716200
2024-04-11,132.32000732421875,133.36000061035156,131.4499969482422,132.3300018310547,131.63543701171875,1318300
2024-04-12,131.44000244140625,131.6300048828125,128.97999572753906,129.5800018310547,128.8998565673828,2165700
2024-04-15,130.41000366210938,130.41000366210938,127.4800033569336,127.83999633789062,127.16899108886719,2542400
2024-04-16,127.54000091552734,127.88999938964844,126.83000183105469,126.97000122070312,126.3035659790039,1753600
2024-04-17,127.48999786376953,127.62000274658203,125.87000274658203,125.88999938964844,125.2292251586914,1444700
2024-04-18,125.30999755859375,125.91999816894531,124.55999755859375,124.63999938964844,123.98578643798828,2114700
2024-04-19,125.02999877929688,125.56999969482422,123.5999984741211,124.72000122070312,124.06537628173828,1996800
2024-04-22,125.31999969482422,127.08999633789062,124.77999877929688,126.11000061035156,125.44807434082031,1873200
2024-04-23,126.58999633789062,128.8800048828125,126.58999633789062,128.02000427246094,127.34806060791016,1926700
2024-04-24,128.0,128.86000061035156,127.37999725341797,127.76000213623047,127.08942413330078,1238600
2024-04-25,126.77999877929688,127.2699966430664,124.4000015258789,125.66999816894531,125.0103759765625,2024200
2024-04-26,125.94999694824219,126.93000030517578,125.05000305175781,126.48999786376953,125.82608795166016,833000
2024-04-29,126.76000213623047,129.07000732421875,126.5199966430664,128.3699951171875,127.69620513916016,1761000
2024-04-30,127.41000366210938,128.19000244140625,126.87999725341797,126.91999816894531,126.25382232666016,1075300
2024-05-01,127.22000122070312,131.32000732421875,126.98999786376953,129.49000549316406,128.81036376953125,2006300
2024-05-02,130.57000732421875,131.25,128.94000244140625,130.64999389648438,129.9642333984375,2786500
2024-05-03,132.89999389648438,134.05999755859375,132.60000610351562,132.9600067138672,132.2621307373047,1804200
2024-05-06,133.13999938964844,133.5500030517578,131.85000610351562,133.02000427246094,132.3218231201172,2140500
2024-05-07,133.32000732421875,133.5399932861328,132.47000122070312,133.27999877929688,132.58042907714844,1220400
2024-05-08,132.6199951171875,133.41000366210938,132.14999389648438,132.58999633789062,131.89405822753906,1257500
2024-05-09,132.64999389648438,133.72000122070312,132.22000122070312,133.4199981689453,132.7197265625,994500
2024-05-10,133.82000732421875,134.6699981689453,133.17999267578125,133.39999389648438,132.6998291015625,1083400
2024-05-13,133.72999572753906,135.1300048828125,133.72999572753906,134.41000366210938,133.70449829101562,1311400
2024-05-14,134.55999755859375,135.9199981689453,134.55999755859375,135.47000122070312,134.7589569091797,1619100
2024-05-15,136.5399932861328,137.77999877929688,136.3800048828125,137.33999633789062,136.61911010742188,1372600
2024-05-16,137.22000122070312,137.5,136.00999450683594,137.2899932861328,136.56939697265625,1019100
2024-05-17,137.0,137.44000244140625,136.08999633789062,136.69000244140625,135.97256469726562,906500
2024-05-20,136.8300018310547,137.8000030517578,136.27000427246094,137.50999450683594,136.78823852539062,647900
2024-05-21,137.0399932861328,137.3699951171875,136.0800018310547,136.91000366210938,136.19137573242188,829000
2024-05-22,136.67999267578125,138.7899932861328,136.58999633789062,137.88999938964844,137.16624450683594,1849200
2024-05-23,137.67999267578125,137.67999267578125,135.17999267578125,135.6300048828125,134.9180908203125,1347700
2024-05-24,135.97000122070312,136.32000732421875,135.49000549316406,135.6699981689453,134.95790100097656,1594100
2024-05-28,136.0,136.2899932861328,133.24000549316406,134.0800018310547,133.37623596191406,1244200
2024-05-29,133.25,133.25,131.5500030517578,132.50999450683594,131.81448364257812,2721400
2024-05-30,132.7100067138672,133.58999633789062,131.57000732421875,133.35000610351562,132.65008544921875,1976400
2024-05-31,133.3699951171875,134.80999755859375,132.89999389648438,133.8800048828125,133.17730712890625,1710400
2024-06-03,134.02999877929688,136.9499969482422,133.58999633789062,135.5,134.78878784179688,1317500
2024-06-04,135.1999969482422,136.2100067138672,134.77999877929688,135.47999572753906,134.76889038085938,1314500
2024-06-05,136.08999633789062,138.16000366210938,135.22999572753906,138.05999755859375,137.33535766601562,1014200
2024-06-06,138.47999572753906,138.47999572753906,137.2100067138672,137.60000610351562,136.87779235839844,846500
2024-06-07,136.75999450683594,137.60000610351562,136.11000061035156,136.72000122070312,136.00238037109375,844200
2024-06-10,136.00999450683594,137.22000122070312,135.02999877929688,136.94000244140625,136.22122192382812,2069800
2024-06-11,135.94000244140625,137.1699981689453,135.49000549316406,136.80999755859375,136.0919189453125,815400
2024-06-12,138.6999969482422,138.83999633789062,137.22999572753906,137.80999755859375,137.086669921875,1168300
2024-06-13,137.3000030517578,137.82000732421875,136.7899932861328,137.3300018310547,136.60919189453125,947300
2024-06-14,136.10000610351562,137.0399932861328,135.85000610351562,136.4499969482422,135.7338104248047,803800
2024-06-17,135.77000427246094,136.0800018310547,135.1999969482422,135.44000244140625,134.72911071777344,995700
2024-06-18,135.1300048828125,135.77000427246094,134.25999450683594,134.3800048828125,133.67469787597656,922100
2024-06-20,134.07000732421875,135.99000549316406,133.75999450683594,135.6999969482422,134.9877471923828,1213500
2024-06-21,136.64999389648438,137.72999572753906,136.64999389648438,137.33999633789062,136.61911010742188,1244400
2024-06-24,139.22000122070312,140.6199951171875,138.97999572753906,139.9600067138672,139.2253875732422,2003400
2024-06-25,140.02999877929688,140.8699951171875,139.38999938964844,139.52999877929688,138.7976531982422,1326000
2024-06-26,139.0,139.0,137.64999389648438,137.9199981689453,137.19607543945312,990000
2024-06-27,137.75,138.13999938964844,136.97000122070312,137.91000366210938,137.18614196777344,1001900
2024-06-28,137.99000549316406,138.3300018310547,136.4199981689453,137.25999450683594,136.53956604003906,1282700
2024-07-01,137.02000427246094,139.5399932861328,136.47999572753906,136.97000122070312,136.25108337402344,988600
2024-07-02,136.50999450683594,136.8300018310547,135.5,136.02000427246094,135.30606079101562,1272000
2024-07-03,136.27000427246094,136.5399932861328,134.74000549316406,135.08999633789062,134.3809356689453,1045800
2024-07-05,135.3000030517578,136.4199981689453,134.75999450683594,136.1999969482422,135.485107421875,870900
2024-07-08,137.10000610351562,138.00999450683594,136.8699951171875,137.72999572753906,137.00706481933594,1403600
2024-07-09,137.8000030517578,138.97000122070312,137.3300018310547,138.86000061035156,138.1311492919922,1097900
2024-07-10,139.24000549316406,140.58999633789062,138.83999633789062,140.52999877929688,139.79238891601562,1456100
2024-07-11,141.22999572753906,144.44000244140625,141.22999572753906,143.85000610351562,143.09495544433594,2659400
2024-07-12,145.47000122070312,146.33999633789062,144.5399932861328,145.02999877929688,144.26878356933594,2007100
2024-07-15,145.61000061035156,145.80999755859375,144.47999572753906,145.14999389648438,144.38812255859375,1368500
2024-07-16,145.9199981689453,148.35000610351562,145.80999755859375,147.92999267578125,147.15354919433594,1242100
2024-07-17,146.66000366210938,148.60000610351562,145.72999572753906,146.3699951171875,145.6017303466797,2130900
2024-07-18,146.11000061035156,147.85000610351562,143.61000061035156,144.1199951171875,143.36354064941406,2063400
2024-07-19,144.3300018310547,144.75,143.3699951171875,144.02000427246094,143.2640838623047,1302800
2024-07-22,145.0,146.5,144.1199951171875,146.24000549316406,145.472412109375,984500
2024-07-23,145.75999450683594,146.19000244140625,145.02999877929688,145.35000610351562,144.58709716796875,932300
2024-07-24,144.7100067138672,146.69000244140625,144.5,145.64999389648438,144.88551330566406,1529100
2024-07-25,145.97999572753906,149.27000427246094,145.8699951171875,147.02999877929688,146.2582550048828,1901100
2024-07-26,147.50999450683594,149.4499969482422,147.3699951171875,148.25999450683594,147.48182678222656,902000
2024-07-29,148.52000427246094,148.5399932861328,146.9600067138672,147.91000366210938,147.13365173339844,1879600
2024-07-30,148.13999938964844,149.52999877929688,146.9199981689453,147.8800048828125,147.1038055419922,1066900
2024-07-31,148.49000549316406,150.1699981689453,147.4499969482422,147.97000122070312,147.19334411621094,1262000
2024-08-01,147.2899932861328,148.5399932861328,146.75,147.10000610351562,146.32789611816406,1066400
2024-08-02,145.42999267578125,145.4499969482422,142.1699981689453,144.1699981689453,143.41329956054688,2915800
2024-08-05,139.47999572753906,141.4199981689453,137.69000244140625,140.10000610351562,139.36465454101562,2036800
2024-08-06,140.6999969482422,142.89999389648438,139.58999633789062,140.72999572753906,139.9913330078125,1420700
2024-08-07,142.19000244140625,142.19000244140625,137.89999389648438,138.19000244140625,137.46469116210938,1702100
2024-08-08,139.0,142.27999877929688,138.24000549316406,142.17999267578125,141.4337158203125,1381500
2024-08-09,142.4600067138672,142.6699981689453,141.27000427246094,142.1699981689453,141.4237823486328,1041000
2024-08-12,142.7100067138672,142.7100067138672,140.52999877929688,141.55999755859375,140.81700134277344,891900
2024-08-13,141.63999938964844,143.8300018310547,141.5500030517578,143.5500030517578,142.79652404785156,940600
2024-08-14,144.0,144.0,142.30999755859375,142.7899932861328,142.04051208496094,769400
2024-08-15,143.8000030517578,145.22000122070312,143.63999938964844,144.9499969482422,144.18917846679688,1044300
2024-08-16,145.1699981689453,145.2100067138672,143.7899932861328,144.85000610351562,144.08969116210938,966400
2024-08-19,145.0,147.8300018310547,144.6300048828125,147.8000030517578,147.0242462158203,1164000
2024-08-20,147.61000061035156,148.0399932861328,147.0,147.3800048828125,146.6064453125,1059300
2024-08-21,148.1699981689453,148.7899932861328,147.52000427246094,148.14999389648438,147.3723907470703,751800
2024-08-22,148.25,148.5800018310547,146.1999969482422,146.4499969482422,145.68130493164062,584000
2024-08-23,146.97999572753906,148.63999938964844,146.6999969482422,147.9499969482422,147.1734619140625,988200
2024-08-26,148.77000427246094,148.83999633789062,147.72999572753906,147.8800048828125,147.1038055419922,479200
2024-08-27,147.86000061035156,148.16000366210938,146.60000610351562,147.8699951171875,147.09385681152344,427200
2024-08-28,147.22000122070312,148.8000030517578,147.22000122070312,147.77999877929688,147.00433349609375,1043300
2024-08-29,148.5,150.0,147.82000732421875,148.27999877929688,147.50172424316406,745200
2024-08-30,148.36000061035156,149.1699981689453,146.5500030517578,148.1699981689453,147.39227294921875,778500
2024-09-03,147.8800048828125,149.25,145.33999633789062,145.66000366210938,144.8954620361328,1207400
2024-09-04,145.0,146.4499969482422,144.5,145.5,144.7362823486328,1194800
2024-09-05,145.61000061035156,145.75,143.60000610351562,144.7899932861328,144.030029296875,1079400
2024-09-06,145.27000427246094,145.63999938964844,141.8000030517578,142.75,142.00074768066406,1310100
2024-09-09,143.16000366210938,145.47000122070312,143.14999389648438,144.52999877929688,143.77139282226562,921900
2024-09-10,144.47999572753906,144.97999572753906,143.0399932861328,144.9199981689453,144.1593475341797,860700
2024-09-11,144.4499969482422,145.80999755859375,142.77999877929688,145.6199951171875,144.85568237304688,907800
2024-09-12,144.85000610351562,146.05999755859375,143.32000732421875,145.55999755859375,144.7959747314453,1302500
2024-09-13,145.66000366210938,147.92999267578125,145.66000366210938,147.80999755859375,147.03416442871094,1365900
2024-09-16,148.44000244140625,148.6999969482422,147.3300018310547,148.08999633789062,147.3126983642578,1038300
2024-09-17,148.22999572753906,149.25999450683594,147.11000061035156,147.8300018310547,147.05406188964844,1152800
2024-09-18,148.10000610351562,149.9600067138672,147.36000061035156,147.52000427246094,146.74571228027344,1153300
2024-09-19,150.24000549316406,150.57000732421875,148.92999267578125,149.47000122070312,148.6854705810547,1535700
2024-09-20,149.36000061035156,149.36000061035156,147.41000366210938,147.97999572753906,147.20327758789062,1875600
2024-09-23,148.38999938964844,148.52000427246094,145.42999267578125,145.5800018310547,144.81590270996094,1223000
2024-09-24,145.60000610351562,145.77000427246094,144.44000244140625,145.0800018310547,144.3185272216797,1351300
2024-09-25,145.00999450683594,145.24000549316406,142.35000610351562,142.67999267578125,142.12701416015625,1004400
2024-09-26,144.16000366210938,144.57000732421875,143.44000244140625,144.24000549316406,143.68099975585938,727100
2024-09-27,145.0,146.0399932861328,144.60000610351562,144.89999389648438,144.3384246826172,1195500
2024-09-30,144.88999938964844,145.9600067138672,144.0800018310547,145.60000610351562,145.0357208251953,1168200
2024-10-01,145.38999938964844,145.86000061035156,143.22999572753906,144.77000427246094,144.20895385742188,1401000
2024-10-02,144.25999450683594,145.0800018310547,142.99000549316406,144.8000030517578,144.2388153076172,792900
2024-10-03,144.08999633789062,144.5500030517578,142.42999267578125,142.61000061035156,142.0573272705078,806200
2024-10-04,143.27000427246094,144.35000610351562,142.9199981689453,143.89999389648438,143.34230041503906,650100
2024-10-07,143.63999938964844,143.63999938964844,141.6999969482422,142.17999267578125,141.62896728515625,968300
2024-10-08,142.41000366210938,143.3800048828125,141.99000549316406,143.0,142.44578552246094,619000
2024-10-09,142.82000732421875,143.47000122070312,142.30999755859375,143.13999938964844,142.58523559570312,939600
2024-10-10,142.91000366210938,143.4600067138672,141.77000427246094,143.14999389648438,142.59521484375,844500
2024-10-11,143.10000610351562,145.66000366210938,142.77999877929688,145.58999633789062,145.02574157714844,2178900
2024-10-14,145.22999572753906,146.0,144.5,145.7100067138672,145.14527893066406,1221600
2024-10-15,145.72000122070312,146.47999572753906,145.4499969482422,145.82000732421875,145.2548828125,706200
2024-10-16,146.3699951171875,146.72000122070312,145.3699951171875,146.39999389648438,145.83262634277344,714800
2024-10-17,146.64999389648438,147.16000366210938,145.64999389648438,145.69000244140625,145.1253662109375,556700
2024-10-18,145.9499969482422,146.32000732421875,144.92999267578125,145.91000366210938,145.34451293945312,815300
2024-10-21,145.5,145.8300018310547,143.49000549316406,143.99000549316406,143.4319610595703,1379800
2024-10-22,143.2100067138672,144.2100067138672,142.64999389648438,144.0,143.44192504882812,1233400
2024-10-23,143.32000732421875,143.99000549316406,141.50999450683594,142.16000366210938,141.6090545654297,1291000
2024-10-24,142.36000061035156,143.22999572753906,141.50999450683594,141.58999633789062,141.04124450683594,730400
2024-10-25,142.1999969482422,142.88999938964844,141.4600067138672,141.50999450683594,140.9615478515625,745400
2024-10-28,142.2899932861328,143.52999877929688,142.22999572753906,142.74000549316406,142.1868133544922,720800
2024-10-29,142.52999877929688,143.02000427246094,141.7899932861328,142.4199981689453,141.8680419921875,687500
2024-10-30,141.9499969482422,143.50999450683594,141.86000061035156,142.41000366210938,141.85809326171875,1020900
2024-10-31,141.24000549316406,141.5399932861328,139.9600067138672,140.2899932861328,139.74627685546875,1645100
2024-11-01,140.88999938964844,143.08999633789062,140.88999938964844,142.77999877929688,142.2266387939453,1390700
2024-11-04,142.3800048828125,143.69000244140625,141.63999938964844,142.85000610351562,142.29640197753906,1090300
2024-11-05,142.1699981689453,145.0800018310547,141.85000610351562,145.05999755859375,144.497802734375,938600
2024-11-06,147.60000610351562,148.08999633789062,145.02000427246094,146.60000610351562,146.03184509277344,1570200
2024-11-07,147.75,148.50999450683594,147.3800048828125,148.02000427246094,147.44635009765625,1344700
2024-11-08,147.97000122070312,149.14999389648438,147.5800018310547,148.85000610351562,148.2731170654297,1271800
2024-11-11,149.35000610351562,150.0399932861328,147.72000122070312,147.72000122070312,147.1475067138672,1016200
2024-11-12,147.00999450683594,147.67999267578125,144.13999938964844,144.36000061035156,143.80052185058594,1335400
2024-11-13,145.3300018310547,146.11000061035156,143.8000030517578,143.8000030517578,143.24269104003906,961400
2024-11-14,143.39999389648438,143.57000732421875,139.94000244140625,140.08999633789062,139.54705810546875,2134000
2024-11-15,139.0,139.1300048828125,133.19000244140625,133.3800048828125,132.86306762695312,3546400
2024-11-18,133.3699951171875,133.88999938964844,132.24000549316406,133.0399932861328,132.5243682861328,1533600
2024-11-19,131.91000366210938,133.4600067138672,131.55999755859375,133.38999938964844,132.873046875,1312200
2024-11-20,133.5500030517578,135.02999877929688,132.74000549316406,134.83999633789062,134.31739807128906,1272300
2024-11-21,135.50999450683594,136.6199951171875,133.6199951171875,136.10000610351562,135.57254028320312,1324300
2024-11-22,136.3300018310547,138.3800048828125,135.97999572753906,137.9600067138672,137.42532348632812,1260000
2024-11-25,139.52999877929688,141.10000610351562,139.3699951171875,139.91000366210938,139.3677520751953,3319900
2024-11-26,138.8300018310547,140.38999938964844,137.42999267578125,140.22999572753906,139.6865234375,1801000
2024-11-27,140.7100067138672,141.89999389648438,140.39999389648438,141.58999633789062,141.04124450683594,1151100
2024-11-29,142.1699981689453,142.1699981689453,140.97999572753906,141.5500030517578,141.0014190673828,1585100
2024-12-02,141.36000061035156,142.2100067138672,141.0,141.72999572753906,141.18072509765625,991100
2024-12-03,141.92999267578125,141.92999267578125,139.85000610351562,140.0,139.45742797851562,1136600
2024-12-04,139.9199981689453,141.49000549316406,139.24000549316406,140.9600067138672,140.4136962890625,1304500
2024-12-05,140.60000610351562,141.1199951171875,139.5800018310547,139.9499969482422,139.4075927734375,751100
2024-12-06,140.3800048828125,142.22999572753906,140.24000549316406,141.3000030517578,140.7523956298828,1627400
2024-12-09,141.6699981689453,142.83999633789062,141.35000610351562,141.74000549316406,141.19068908691406,1255800
2024-12-10,141.57000732421875,142.11000061035156,140.22000122070312,140.55999755859375,140.01524353027344,1281500
2024-12-11,140.5399932861328,141.32000732421875,139.42999267578125,140.10000610351562,139.55703735351562,1033800
2024-12-12,139.25999450683594,139.74000549316406,137.5800018310547,137.6699981689453,137.13645935058594,1492400
2024-12-13,137.17999267578125,137.64999389648438,135.83999633789062,136.61000061035156,136.08056640625,1400300
2024-12-16,136.9199981689453,138.5399932861328,136.24000549316406,137.25,136.7180633544922,1510000
2024-12-17,136.7100067138672,138.6699981689453,136.47000122070312,137.66000366210938,137.18846130371094,2653300
2024-12-18,137.61000061035156,137.9600067138672,131.6699981689453,132.32000732421875,131.8667449951172,2210700
2024-12-19,131.1300048828125,132.0399932861328,129.61000061035156,131.2100067138672,130.76055908203125,2418800
2024-12-20,130.72999572753906,134.02000427246094,130.50999450683594,132.72999572753906,132.27532958984375,1998600
2024-12-23,132.3699951171875,133.75,131.97000122070312,133.61000061035156,133.15232849121094,1624000
2024-12-24,133.5800018310547,134.02000427246094,132.5,133.9499969482422,133.4911651611328,462800
2024-12-26,133.36000061035156,134.80999755859375,132.89999389648438,134.6699981689453,134.20870971679688,879900
2024-12-27,133.74000549316406,134.89999389648438,132.74000549316406,133.52000427246094,133.06263732910156,838900
2024-12-30,132.32000732421875,132.64999389648438,130.97999572753906,131.6699981689453,131.21896362304688,1035200
2024-12-31,132.05999755859375,133.05999755859375,131.3699951171875,132.2100067138672,131.75714111328125,1334500
2025-01-02,132.94000244140625,134.05999755859375,132.36000061035156,132.91000366210938,132.45472717285156,1077000
2025-01-03,133.1699981689453,134.75,132.88999938964844,134.14999389648438,133.69049072265625,840900
2025-01-06,134.14999389648438,135.52000427246094,133.80999755859375,134.2899932861328,133.8300018310547,1145500
2025-01-07,134.4499969482422,137.07000732421875,134.4499969482422,135.47000122070312,135.00596618652344,1549600
2025-01-08,135.3300018310547,135.41000366210938,134.16000366210938,134.8300018310547,134.3681640625,1339900
2025-01-10,133.5399932861328,133.80999755859375,131.75999450683594,132.72999572753906,132.27532958984375,2770600
2025-01-13,131.49000549316406,134.05999755859375,130.80999755859375,134.02000427246094,133.56092834472656,1446900
2025-01-14,134.36000061035156,134.58999633789062,131.22000122070312,131.57000732421875,131.1193389892578,2304900
2025-01-15,133.0,134.6199951171875,132.5,133.4199981689453,132.96299743652344,2360700
2025-01-16,133.2899932861328,133.50999450683594,132.05999755859375,132.9600067138672,132.50457763671875,1113500
2025-01-17,133.92999267578125,134.13999938964844,132.61000061035156,132.64999389648438,132.1956329345703,1236500
2025-01-21,133.6199951171875,136.4199981689453,133.52999877929688,136.10000610351562,135.63380432128906,1283900
2025-01-22,136.10000610351562,137.00999450683594,135.74000549316406,136.2899932861328,135.82313537597656,1988200
2025-01-23,136.02000427246094,138.4499969482422,134.63999938964844,138.25,137.7764434814453,2047100
2025-01-24,137.99000549316406,138.66000366210938,136.97999572753906,137.3000030517578,136.8297119140625,1144600
2025-01-27,137.25999450683594,139.57000732421875,136.97999572753906,138.3699951171875,137.89602661132812,1483700
2025-01-28,138.5500030517578,139.1699981689453,137.49000549316406,138.16000366210938,137.686767578125,1389700
2025-01-29,137.83999633789062,138.91000366210938,136.5399932861328,137.49000549316406,137.01905822753906,1014600
2025-01-30,138.27999877929688,139.67999267578125,137.7100067138672,138.8699951171875,138.39430236816406,770500
2025-01-31,139.0399932861328,140.94000244140625,138.4199981689453,138.66000366210938,138.18504333496094,1279300
2025-02-03,136.5500030517578,138.88999938964844,136.47000122070312,137.85000610351562,137.37783813476562,1031800
2025-02-04,137.5500030517578,139.67999267578125,136.88999938964844,138.80999755859375,138.33453369140625,1475500
2025-02-05,139.58999633789062,142.6199951171875,139.49000549316406,142.3300018310547,141.84246826171875,1616300
2025-02-06,142.72999572753906,142.8000030517578,140.47000122070312,140.55999755859375,140.07852172851562,2120100
2025-02-07,140.3300018310547,140.6699981689453,137.6300048828125,137.6699981689453,137.19842529296875,2195000
2025-02-10,138.07000732421875,138.24000549316406,135.83999633789062,136.14999389648438,135.68360900878906,1295800
2025-02-11,134.75,134.97000122070312,133.88999938964844,134.24000549316406,133.7801971435547,1331100
2025-02-12,133.30999755859375,135.74000549316406,133.0399932861328,135.47000122070312,135.00596618652344,1792400
2025-02-13,135.8300018310547,137.17999267578125,134.9499969482422,137.0399932861328,136.57057189941406,1176600
2025-02-14,137.2899932861328,138.57000732421875,136.33999633789062,136.5500030517578,136.082275390625,1190800
2025-02-18,136.94000244140625,138.41000366210938,136.57000732421875,137.11000061035156,136.64035034179688,1034200
2025-02-19,137.0500030517578,138.8300018310547,136.85000610351562,138.74000549316406,138.2647705078125,996000
2025-02-20,139.17999267578125,139.61000061035156,138.38999938964844,139.42999267578125,138.952392578125,1439300
2025-02-21,140.02999877929688,140.72999572753906,138.77999877929688,138.91000366210938,138.43418884277344,1258800
2025-02-24,139.05999755859375,140.19000244140625,138.72000122070312,138.74000549316406,138.2647705078125,798700
2025-02-25,138.77999877929688,139.33999633789062,137.0,137.86000061035156,137.3877716064453,837500
2025-02-26,137.80999755859375,138.8000030517578,136.60000610351562,137.0399932861328,136.57057189941406,649300
2025-02-27,136.9499969482422,138.4600067138672,135.4199981689453,135.47999572753906,135.01593017578125,1234400
2025-02-28,135.08999633789062,137.08999633789062,134.92999267578125,137.02999877929688,136.56060791015625,1354100
2025-03-03,137.25999450683594,137.9499969482422,133.6999969482422,134.24000549316406,133.7801971435547,1599100
2025-03-04,133.50999450683594,135.5,132.74000549316406,134.36000061035156,133.89976501464844,1871000
2025-03-05,134.35000610351562,137.1300048828125,134.3000030517578,136.7899932861328,136.32144165039062,845700
2025-03-06,135.36000061035156,137.25999450683594,135.07000732421875,136.2100067138672,135.74343872070312,801700
2025-03-07,135.82000732421875,138.2899932861328,135.4499969482422,136.9499969482422,136.48089599609375,1054600
2025-03-10,135.3300018310547,137.57000732421875,135.07000732421875,135.83999633789062,135.3746795654297,1232400
2025-03-11,135.5800018310547,135.6999969482422,132.1199951171875,133.99000549316406,133.53103637695312,1634400
2025-03-12,134.1699981689453,134.97999572753906,133.1699981689453,134.25,133.79014587402344,1190300
2025-03-13,134.22999572753906,135.47999572753906,132.47999572753906,133.13999938964844,132.68394470214844,1225500
2025-03-14,133.89999389648438,135.00999450683594,133.3800048828125,134.19000244140625,133.73033142089844,989400
2025-03-17,133.77999877929688,136.57000732421875,133.77999877929688,136.10000610351562,135.63380432128906,740000
2025-03-18,135.1999969482422,135.49000549316406,133.94000244140625,134.08999633789062,133.7495880126953,509400
2025-03-19,133.74000549316406,134.9600067138672,133.1999969482422,134.57000732421875,134.22837829589844,891200
2025-03-20,133.75999450683594,134.77999877929688,132.52999877929688,132.74000549316406,132.40304565429688,1786300
2025-03-21,132.5800018310547,134.02999877929688,131.97000122070312,133.5800018310547,133.24090576171875,1185200
2025-03-24,134.49000549316406,135.6699981689453,134.02000427246094,135.30999755859375,134.9665069580078,752800
2025-03-25,135.3800048828125,135.5,132.0800018310547,132.97000122070312,132.6324462890625,915500
2025-03-26,132.9499969482422,132.9600067138672,130.8300018310547,131.13999938964844,130.80709838867188,600600
2025-03-27,131.19000244140625,132.4600067138672,131.16000366210938,131.5800018310547,131.24598693847656,881600
2025-03-28,131.4199981689453,131.85000610351562,129.97000122070312,130.2899932861328,129.95924377441406,1278000
2025-03-31,127.56999969482422,128.5500030517578,124.9800033569336,127.9000015258789,127.57532501220703,1646800
2025-04-01,127.75,128.05999755859375,124.1500015258789,124.44000244140625,124.12410736083984,2561900
2025-04-02,123.27999877929688,126.87999725341797,123.20999908447266,126.79000091552734,126.4681396484375,1659300
2025-04-03,123.94000244140625,126.0999984741211,123.5,123.79000091552734,123.47575378417969,1322900
2025-04-04,121.55000305175781,122.33000183105469,117.0199966430664,117.16000366210938,116.86257934570312,3213800
2025-04-07,113.41000366210938,119.94000244140625,111.2300033569336,116.20999908447266,115.91498565673828,2694000
2025-04-08,118.5,118.80000305175781,110.55999755859375,112.0199966430664,111.73562622070312,2731500
2025-04-09,109.19000244140625,119.37000274658203,107.43000030517578,118.62999725341797,118.32884979248047,3602300
2025-04-10,116.30000305175781,116.63999938964844,109.68000030517578,113.13999938964844,112.85279083251953,2173200
2025-04-11,113.4000015258789,117.18000030517578,112.41000366210938,116.95999908447266,116.6630859375,2044200
2025-04-14,119.11000061035156,120.9800033569336,117.5999984741211,120.30000305175781,119.99462127685547,3415700
2025-04-15,120.12999725341797,121.08999633789062,118.91999816894531,119.8499984741211,119.54574584960938,1908300
2025-04-16,119.2699966430664,119.62999725341797,116.66000366210938,117.79000091552734,117.49097442626953,1243000
2025-04-17,117.61000061035156,118.62000274658203,116.91999816894531,118.29000091552734,117.98970794677734,1184600
2025-04-21,117.18000030517578,119.18000030517578,116.25,117.23999786376953,116.94237518310547,1343500
2025-04-22,119.45999908447266,120.62999725341797,118.2300033569336,120.43000030517578,120.12428283691406,991100
2025-04-23,122.44999694824219,124.69999694824219,121.75,122.0,121.69029235839844,2088900
2025-04-24,122.18000030517578,124.27999877929688,121.37000274658203,124.19999694824219,123.88471221923828,2728700
2025-04-25,122.94000244140625,123.5999984741211,121.66000366210938,123.22000122070312,122.90719604492188,1244000
2025-04-28,123.56999969482422,125.26000213623047,123.29000091552734,124.62000274658203,124.30364227294922,1740900
2025-04-29,123.77999877929688,125.61000061035156,122.44999694824219,124.75,124.43331909179688,2267400
2025-04-30,124.2699966430664,126.94000244140625,123.68000030517578,126.58000183105469,126.25867462158203,1150900
2025-05-01,126.66999816894531,126.66999816894531,123.2300033569336,124.87999725341797,124.56298065185547,1757500
2025-05-02,126.69999694824219,128.0800018310547,125.88999938964844,126.5999984741211,126.27861785888672,2470300
2025-05-05,126.0,126.76000213623047,125.30999755859375,125.86000061035156,125.54049682617188,874800
2025-05-06,123.93000030517578,124.31999969482422,118.2699966430664,118.5999984741211,118.29891967773438,3506400
2025-05-07,119.19000244140625,119.91000366210938,118.33000183105469,119.4000015258789,119.09688568115234,1383900
2025-05-08,118.27999877929688,120.31999969482422,116.25,119.18000030517578,118.87744903564453,4415800
2025-05-09,119.33000183105469,120.61000061035156,116.48999786376953,116.62999725341797,116.33392333984375,2304500
2025-05-12,117.95999908447266,122.52999877929688,117.95999908447266,122.05000305175781,121.74017333984375,3268600
2025-05-13,121.27999877929688,121.75,119.16999816894531,119.52999877929688,119.2265625,2555000
2025-05-14,119.69999694824219,120.31999969482422,116.81999969482422,116.91999816894531,116.62318420410156,2284800
2025-05-15,117.13999938964844,119.23999786376953,116.48999786376953,119.23999786376953,118.93730163574219,2018000
2025-05-16,119.33999633789062,121.20999908447266,118.5199966430664,121.16000366210938,120.85242462158203,1051500
2025-05-19,120.22000122070312,122.66000366210938,120.22000122070312,122.51000213623047,122.1989974975586,1441000
2025-05-20,122.7699966430664,125.05000305175781,122.19000244140625,124.66999816894531,124.35350799560547,1532000
2025-05-21,124.37999725341797,124.77999877929688,121.26000213623047,121.69000244140625,121.3810806274414,1904400
2025-05-22,121.63999938964844,121.9000015258789,120.58000183105469,121.41999816894531,121.11176300048828,1390200
2025-05-23,120.76000213623047,121.62000274658203,119.77999877929688,121.25,120.94219207763672,732700
2025-05-27,123.16999816894531,123.5999984741211,122.2300033569336,122.8499984741211,122.53813934326172,2001100
2025-05-28,122.5999984741211,123.25,121.68000030517578,121.91000366210938,121.60052490234375,2203100
2025-05-29,122.80999755859375,124.26000213623047,121.61000061035156,124.23999786376953,123.92459869384766,2132400
2025-05-30,122.3499984741211,122.37000274658203,120.33000183105469,121.72000122070312,121.4110107421875,2799700
2025-06-02,122.30000305175781,124.12000274658203,121.51000213623047,123.70999908447266,123.39595031738281,2234600
2025-06-03,123.62999725341797,125.61000061035156,122.55000305175781,124.83000183105469,124.51310729980469,2045600
2025-06-04,125.55999755859375,126.7699966430664,124.94000244140625,125.12000274658203,124.8023681640625,1723800
2025-06-05,125.5,126.2300033569336,123.91000366210938,125.05999755859375,124.74252319335938,1476000
2025-06-06,126.16000366210938,127.4000015258789,125.8499984741211,126.95999908447266,126.6376953125,797400
2025-06-09,128.19000244140625,128.4199981689453,126.20999908447266,127.58999633789062,127.26610565185547,2600600
2025-06-10,128.02000427246094,129.5399932861328,127.55000305175781,128.7899932861328,128.46304321289062,2771400
2025-06-11,129.3800048828125,129.72000122070312,127.81999969482422,127.86000061035156,127.5354232788086,2652700
2025-06-12,127.88999938964844,129.27000427246094,127.30999755859375,129.0,128.67250061035156,2437900
2025-06-13,127.47000122070312,128.72999572753906,126.88999938964844,128.0,127.67506408691406,3170400
2025-06-16,128.4499969482422,128.49000549316406,126.33000183105469,127.8499984741211,127.52544403076172,2295500
2025-06-17,127.05999755859375,127.62000274658203,125.1500015258789,125.31999969482422,125.00186157226562,2157100
2025-06-18,125.37999725341797,126.7699966430664,124.37999725341797,125.7699966430664,125.45071411132812,1426900
2025-06-20,126.41000366210938,126.9000015258789,124.7699966430664,125.51000213623047,125.1913833618164,1255900
2025-06-23,125.70999908447266,126.0999984741211,123.61000061035156,124.94000244140625,124.6228256225586,1782100
2025-06-24,125.91999816894531,127.72000122070312,125.25,127.41000366210938,127.0865707397461,1584700
2025-06-25,127.06999969482422,127.16999816894531,125.7699966430664,126.69000244140625,126.3683853149414,1024900
2025-06-26,127.05999755859375,127.5199966430664,126.31999969482422,127.01000213623047,126.68758392333984,1728700
2025-06-27,127.11000061035156,127.73999786376953,125.9000015258789,126.47000122070312,126.14894104003906,1513900
2025-06-30,126.73999786376953,127.29000091552734,126.01000213623047,126.51000213623047,126.1888427734375,1516400
2025-07-01,126.38999938964844,129.9499969482422,125.69999694824219,127.62999725341797,127.30599975585938,1766700
2025-07-02,127.55999755859375,129.9499969482422,127.19000244140625,129.5500030517578,129.22113037109375,1638400
2025-07-03,129.9499969482422,130.2899932861328,129.2100067138672,130.0,129.6699981689453,659000
2025-07-07,129.41000366210938,129.9499969482422,127.11000061035156,128.1199951171875,127.79475402832031,1987800
2025-07-08,128.24000549316406,130.52999877929688,128.05999755859375,129.3300018310547,129.00169372558594,2335800
2025-07-09,130.64999389648438,132.5800018310547,129.99000549316406,132.2899932861328,131.95416259765625,2454200
2025-07-10,132.4499969482422,134.16000366210938,131.75,133.64999389648438,133.31069946289062,1513700
2025-07-11,132.77000427246094,133.02999877929688,131.36000061035156,131.58999633789062,131.2559356689453,1653100
2025-07-14,131.1300048828125,132.52999877929688,130.91000366210938,131.88999938964844,131.55519104003906,746000
2025-07-15,132.5,132.82000732421875,128.92999267578125,129.0500030517578,128.722412109375,1471800
2025-07-16,129.47999572753906,131.4499969482422,129.47999572753906,131.17999267578125,130.8469696044922,1051100
2025-07-17,131.0800018310547,132.2899932861328,130.8800048828125,131.74000549316406,131.40557861328125,1026100
2025-07-18,132.14999389648438,132.9600067138672,129.44000244140625,129.72999572753906,129.40066528320312,1114300
2025-07-21,130.3000030517578,130.89999389648438,128.83999633789062,129.1300048828125,128.80218505859375,956600
2025-07-22,129.85000610351562,133.17999267578125,129.85000610351562,132.83999633789062,132.50277709960938,1037600
2025-07-23,134.16000366210938,135.66000366210938,133.49000549316406,135.41000366210938,135.06625366210938,1292700
2025-07-24,135.44000244140625,136.36000061035156,135.0500030517578,135.42999267578125,135.086181640625,1073100
2025-07-25,135.63999938964844,135.8800048828125,134.3300018310547,135.5,135.156005859375,924300
2025-07-28,135.27999877929688,135.77999877929688,133.6199951171875,134.11000061035156,133.76954650878906,2209700
2025-07-29,133.97000122070312,134.30999755859375,133.0800018310547,133.86000061035156,133.5201873779297,1284500
2025-07-30,134.25999450683594,135.39999389648438,132.88999938964844,133.6999969482422,133.360595703125,967600
2025-07-31,133.6999969482422,135.72000122070312,132.42999267578125,132.75999450683594,132.4229736328125,2140500
2025-08-01,132.0800018310547,133.38999938964844,130.97999572753906,133.0399932861328,132.70223999023438,1944700
2025-08-04,133.61000061035156,135.7100067138672,132.8300018310547,135.3699951171875,135.02635192871094,960600
2025-08-05,134.10000610351562,134.4199981689453,132.82000732421875,133.41000366210938,133.0713348388672,1642400
2025-08-06,132.92999267578125,132.9600067138672,130.5500030517578,131.49000549316406,131.15618896484375,2477000
2025-08-07,131.64999389648438,132.00999450683594,130.25,131.22999572753906,130.89686584472656,1468400
2025-08-08,132.02000427246094,132.94000244140625,131.44000244140625,132.0399932861328,131.7047882080078,1306800
2025-08-11,131.67999267578125,132.72999572753906,131.36000061035156,131.74000549316406,131.40557861328125,1507200
2025-08-12,131.89999389648438,134.05999755859375,131.82000732421875,134.0,133.6598358154297,2002000
2025-08-13,134.5399932861328,137.30999755859375,134.5,137.10000610351562,136.75198364257812,2026800
2025-08-14,136.22999572753906,137.50999450683594,135.67999267578125,137.27000427246094,136.92152404785156,1944100
2025-08-15,137.9499969482422,138.8699951171875,137.38999938964844,138.75999450683594,138.40774536132812,1627000
2025-08-18,138.97000122070312,139.67999267578125,138.27999877929688,138.3800048828125,138.02870178222656,1143700
2025-08-19,138.39999389648438,139.08999633789062,137.69000244140625,137.88999938964844,137.53994750976562,1142600
2025-08-20,137.5800018310547,138.7899932861328,137.32000732421875,138.4199981689453,138.06861877441406,1484400
2025-08-21,138.0,139.32000732421875,137.1199951171875,138.75999450683594,138.40774536132812,929700
2025-08-22,139.61000061035156,141.66000366210938,139.25,139.83999633789062,139.48500061035156,1313600
2025-08-25,139.99000549316406,140.2899932861328,136.88999938964844,137.07000732421875,136.7220458984375,1575300
2025-08-26,137.38999938964844,138.57000732421875,137.08999633789062,138.47000122070312,138.1184844970703,1412100
2025-08-27,138.05999755859375,138.9600067138672,137.99000549316406,138.58999633789062,138.23817443847656,1071500
2025-08-28,138.58999633789062,139.0,137.8300018310547,138.2100067138672,137.85914611816406,1240000
2025-08-29,138.1300048828125,138.86000061035156,137.63999938964844,138.22000122070312,137.86911010742188,1213400
2025-09-02,139.1999969482422,141.10000610351562,139.02999877929688,140.41000366210938,140.05357360839844,1826200
2025-09-03,140.38999938964844,141.97999572753906,139.7100067138672,140.36000061035156,140.00369262695312,1653000
2025-09-04,140.27000427246094,140.6999969482422,139.24000549316406,140.35000610351562,139.99371337890625,1698500
2025-09-05,140.64999389648438,143.22000122070312,140.64999389648438,143.1199951171875,142.7566680908203,3304600
2025-09-08,142.74000549316406,142.74000549316406,141.0399932861328,142.2100067138672,141.8489990234375,2216200
2025-09-09,142.7100067138672,143.22999572753906,141.5399932861328,142.94000244140625,142.5771484375,2018500
2025-09-10,142.72999572753906,142.74000549316406,140.1699981689453,140.64999389648438,140.29295349121094,1885200
2025-09-11,140.80999755859375,143.85000610351562,140.72999572753906,143.8000030517578,143.43496704101562,1596200
2025-09-12,143.39999389648438,143.4199981689453,140.94000244140625,140.97999572753906,140.62210083007812,1629500
2025-09-15,141.42999267578125,141.5399932861328,139.55999755859375,140.72000122070312,140.36277770996094,1852600
2025-09-16,140.60000610351562,141.57000732421875,140.39999389648438,140.94000244140625,140.66517639160156,1170100
2025-09-17,141.3699951171875,143.38999938964844,140.4499969482422,141.0,140.72506713867188,2380900
2025-09-18,141.82000732421875,143.7899932861328,141.82000732421875,143.6300048828125,143.34994506835938,1067700
2025-09-19,143.82000732421875,144.33999633789062,142.61000061035156,142.72000122070312,142.44171142578125,2476400
2025-09-22,142.99000549316406,143.8800048828125,142.0399932861328,143.41000366210938,143.13035583496094,2928500
2025-09-23,142.97999572753906,143.5800018310547,142.41000366210938,142.49000549316406,142.212158203125,1299600
2025-09-24,142.39999389648438,142.8699951171875,141.19000244140625,141.63999938964844,141.36383056640625,1852100
2025-09-25,141.44000244140625,141.5,138.7899932861328,139.07000732421875,138.79884338378906,2134100
2025-09-26,139.60000610351562,141.02000427246094,139.1999969482422,140.9600067138672,140.68515014648438,1936800
2025-09-29,141.55999755859375,142.7899932861328,140.8300018310547,142.41000366210938,142.13232421875,1829500
2025-09-30,142.22999572753906,144.86000061035156,141.9199981689453,144.3699951171875,144.08848571777344,3350000
2025-10-01,144.64999389648438,149.30999755859375,144.64999389648438,148.50999450683594,148.22042846679688,3771500
2025-10-02,148.67999267578125,149.6699981689453,147.9499969482422,149.6199951171875,149.32826232910156,2213700
2025-10-03,150.32000732421875,151.6199951171875,149.8300018310547,151.0,150.70558166503906,3416900
2025-10-06,151.41000366210938,151.7899932861328,150.32000732421875,150.52000427246094,150.2265167236328,2434700
2025-10-07,150.49000549316406,150.94000244140625,149.63999938964844,150.47999572753906,150.1865692138672,1962100
2025-10-08,150.82000732421875,153.00999450683594,150.42999267578125,151.99000549316406,151.69363403320312,1831800
2025-10-09,152.22999572753906,152.89999389648438,151.77000427246094,152.0500030517578,151.75352478027344,1216000
2025-10-10,152.6300048828125,152.6300048828125,149.57000732421875,149.9499969482422,149.65760803222656,2957900
2025-10-13,149.8800048828125,151.75999450683594,149.1999969482422,150.94000244140625,150.6456756591797,2210500
2025-10-14,149.5399932861328,152.41000366210938,149.08999633789062,151.32000732421875,151.0249481201172,1640100
2025-10-15,151.16000366210938,153.83999633789062,151.00999450683594,153.38999938964844,153.09091186523438,1652900
2025-10-16,154.08999633789062,156.36000061035156,152.63999938964844,153.4199981689453,153.120849609375,2043300
2025-10-17,152.91000366210938,154.69000244140625,152.1699981689453,154.19000244140625,153.88934326171875,2557200
2025-10-20,155.02999877929688,157.00999450683594,154.55999755859375,156.49000549316406,156.1848602294922,2520500
2025-10-21,156.39999389648438,157.19000244140625,155.17999267578125,156.02999877929688,155.7257537841797,2281400
2025-10-22,155.72999572753906,156.3699951171875,153.25,153.9199981689453,153.619873046875,1239600
2025-10-23,154.41000366210938,154.89999389648438,153.5,154.5800018310547,154.2786102294922,953900
2025-10-24,155.72999572753906,155.92999267578125,154.89999389648438,155.16000366210938,154.85745239257812,1745900
2025-10-27,156.6699981689453,157.44000244140625,156.0,157.11000061035156,156.80364990234375,3044400
2025-10-28,156.7100067138672,158.2899932861328,156.39999389648438,157.66000366210938,157.3525848388672,1133900
2025-10-29,157.52000427246094,158.63999938964844,156.19000244140625,156.97000122070312,156.66392517089844,1582900
2025-10-30,156.52999877929688,158.6199951171875,155.0,157.30999755859375,157.0032501220703,2577300
2025-10-31,156.7899932861328,159.7899932861328,156.0,159.3800048828125,159.06922912597656,1999400
2025-11-03,158.97999572753906,159.22999572753906,154.6199951171875,157.4600067138672,157.15298461914062,2473800
2025-11-04,155.80999755859375,158.05999755859375,154.6300048828125,156.0800018310547,155.77566528320312,2057900
2025-11-05,155.52999877929688,158.97999572753906,155.10000610351562,158.30999755859375,158.0012969970703,2006400
2025-11-06,157.67999267578125,159.0500030517578,157.3000030517578,158.42999267578125,158.12107849121094,1636600
2025-11-07,157.38999938964844,157.72000122070312,154.97999572753906,157.72000122070312,157.4124755859375,2098800
2025-11-10,158.99000549316406,159.94000244140625,158.3699951171875,159.5399932861328,159.22891235351562,1850000
2025-11-11,159.8300018310547,164.3300018310547,159.4199981689453,164.13999938964844,163.8199462890625,4016700
2025-11-12,164.4499969482422,165.80999755859375,163.50999450683594,164.9600067138672,164.63836669921875,3101000
2025-11-13,164.22000122070312,166.2899932861328,163.24000549316406,163.32000732421875,163.00155639648438,3989700
2025-11-14,162.02999877929688,165.9600067138672,161.66000366210938,164.19000244140625,163.86984252929688,2523300
2025-11-17,164.11000061035156,167.14999389648438,163.38999938964844,165.25999450683594,164.937744140625,5183800
2025-11-18,164.75999450683594,167.13999938964844,163.77999877929688,166.47000122070312,166.14540100097656,4622400
2025-11-19,166.0500030517578,166.77000427246094,164.38999938964844,165.22000122070312,164.89784240722656,1945500
2025-11-20,166.80999755859375,168.5,164.11000061035156,164.24000549316406,163.91976928710938,2594700
2025-11-21,164.3800048828125,168.72999572753906,164.0500030517578,167.52000427246094,167.19334411621094,2873500
2025-11-24,167.83999633789062,170.27999877929688,167.83999633789062,169.7100067138672,169.37908935546875,3462900
2025-11-25,170.57000732421875,172.41000366210938,170.07000732421875,172.3300018310547,171.9939727783203,1794600
2025-11-26,172.5500030517578,174.22999572753906,172.13999938964844,173.66000366210938,173.32139587402344,1759500
2025-11-28,174.13999938964844,174.39999389648438,172.83999633789062,173.8300018310547,173.49105834960938,1007100
2025-12-01,172.5500030517578,172.69000244140625,169.89999389648438,170.11000061035156,169.77830505371094,1834700
2025-12-02,170.16000366210938,171.02000427246094,168.7899932861328,169.22000122070312,168.89004516601562,2899100
2025-12-03,169.58999633789062,172.4499969482422,169.5500030517578,172.22999572753906,171.8941650390625,1865900
2025-12-04,172.13999938964844,172.80999755859375,170.10000610351562,172.11000061035156,171.7744140625,1711300
2025-12-05,172.3000030517578,172.7899932861328,170.49000549316406,171.16000366210938,170.82626342773438,1139200
2025-12-08,172.47999572753906,172.67999267578125,169.72999572753906,169.9499969482422,169.6186065673828,1514600
2025-12-09,169.3800048828125,170.69000244140625,166.94000244140625,167.08999633789062,166.76419067382812,1545900
2025-12-10,167.07000732421875,169.3800048828125,166.91000366210938,168.92999267578125,168.60060119628906,1326700
2025-12-11,168.9600067138672,170.6199951171875,168.6199951171875,170.27999877929688,169.94796752929688,1590400
2025-12-12,170.00999450683594,170.42999267578125,168.52000427246094,169.4199981689453,169.08966064453125,1621400
2025-12-15,169.64999389648438,170.63999938964844,168.5800018310547,169.3800048828125,169.0497283935547,1358200
2025-12-16,168.9600067138672,169.38999938964844,167.2899932861328,168.11000061035156,167.9636688232422,856400
2025-12-17,168.41000366210938,169.32000732421875,167.41000366210938,167.52999877929688,167.38417053222656,1407500
2025-12-18,166.8800048828125,168.3300018310547,165.6999969482422,166.19000244140625,166.04534912109375,1597600
2025-12-19,166.92999267578125,170.74000549316406,166.75,170.1999969482422,170.05184936523438,2095800
2025-12-22,170.4499969482422,173.16000366210938,170.22000122070312,172.77000427246094,172.61962890625,1860800
2025-12-23,172.44000244140625,173.60000610351562,171.89999389648438,172.10000610351562,171.95021057128906,1305100
2025-12-24,172.25999450683594,173.52999877929688,172.25,173.25,173.09921264648438,637900
2025-12-26,172.88999938964844,172.89999389648438,171.39999389648438,172.02999877929688,171.88026428222656,963500
2025-12-29,171.47999572753906,172.02999877929688,170.36000061035156,170.75999450683594,170.61135864257812,1793900
2025-12-30,170.77000427246094,170.77000427246094,168.30999755859375,168.88999938964844,168.7429962158203,1208800
2025-12-31,169.10000610351562,169.5800018310547,168.13999938964844,168.77000427246094,168.62310791015625,1761900
2026-01-02,169.64999389648438,169.77000427246094,167.47000122070312,169.0,168.8529052734375,1932800
2026-01-05,168.5,168.99000549316406,165.08999633789062,167.33999633789062,167.1943359375,2716500
2026-01-06,167.38999938964844,171.61000061035156,167.38999938964844,171.24000549316406,171.09095764160156,1643900
2026-01-07,172.39999389648438,179.63999938964844,172.25999450683594,176.74000549316406,176.58616638183594,3167200
2026-01-08,175.33999633789062,175.89999389648438,170.61000061035156,172.25999450683594,172.1100616455078,2482500
2026-01-09,173.9199981689453,174.66000366210938,172.1699981689453,172.38999938964844,172.2399444580078,2504800
2026-01-12,172.02999877929688,172.3800048828125,169.1199951171875,171.39999389648438,171.2508087158203,1755600
2026-01-13,171.5399932861328,171.75999450683594,170.0,171.32000732421875,171.17088317871094,1207200
2026-01-14,170.91000366210938,172.88999938964844,170.6300048828125,172.8300018310547,172.6795654296875,1820400
2026-01-15,172.49000549316406,173.4199981689453,170.30999755859375,170.55999755859375,170.41152954101562,1519600
2026-01-16,171.74000549316406,171.83999633789062,169.63999938964844,169.9600067138672,169.81207275390625,1925000
2026-01-20,167.60000610351562,170.8800048828125,165.80999755859375,170.72000122070312,170.5714111328125,2476600
2026-01-21,170.6300048828125,175.25,170.25,175.16000366210938,175.00753784179688,2378000
2026-01-22,175.38999938964844,178.74000549316406,174.5,177.63999938964844,177.48538208007812,1882100
2026-01-23,177.42999267578125,177.8800048828125,174.72000122070312,175.3300018310547,175.17738342285156,1651400
2026-01-26,174.35000610351562,176.41000366210938,173.3699951171875,175.85000610351562,175.6969451904297,1044800
2026-01-27,176.1699981689453,178.47999572753906,175.94000244140625,176.89999389648438,176.7460174560547,999800
2026-01-28,177.05999755859375,177.05999755859375,173.7100067138672,174.02999877929688,173.87850952148438,1595200
2026-01-29,174.24000549316406,175.11000061035156,173.17999267578125,174.25,174.09832763671875,1041700
2026-01-30,173.24000549316406,175.24000549316406,171.52000427246094,172.42999267578125,172.2799072265625,1990900
2026-02-02,171.52000427246094,174.27999877929688,171.2100067138672,174.13999938964844,173.98841857910156,1585100
2026-02-03,174.0800018310547,176.86000061035156,172.7100067138672,173.8000030517578,173.64871215820312,3665000
2026-02-04,175.1999969482422,175.6300048828125,172.47999572753906,174.0500030517578,173.89849853515625,2978100
2026-02-05,173.58999633789062,176.27999877929688,169.6699981689453,170.0399932861328,169.89198303222656,2848500
2026-02-06,171.7899932861328,175.16000366210938,171.1699981689453,174.97999572753906,174.82769775390625,2486400
2026-02-09,175.02000427246094,175.02000427246094,173.11000061035156,174.3699951171875,174.2182159423828,1570000
2026-02-10,174.2100067138672,174.4499969482422,172.00999450683594,172.05999755859375,171.9102325439453,1657700
2026-02-11,171.7100067138672,172.82000732421875,169.6199951171875,172.6999969482422,172.5496826171875,2624000
2026-02-12,172.5,173.07000732421875,169.77999877929688,170.63999938964844,170.49147033691406,1701600
2026-02-13,171.3699951171875,175.02000427246094,170.8000030517578,172.5,172.34983825683594,1569900
2026-02-17,172.49000549316406,174.85000610351562,172.38999938964844,174.02000427246094,173.8685302734375,1930500
2026-02-18,173.89999389648438,175.2899932861328,173.07000732421875,174.75999450683594,174.60787963867188,1412600
2026-02-19,173.94000244140625,175.22000122070312,171.64999389648438,175.02999877929688,174.8776397705078,1597800
2026-02-20,174.0500030517578,175.10000610351562,172.5,174.38999938964844,174.2382049560547,1342600
2026-02-23,173.8699951171875,176.7899932861328,173.6999969482422,175.10000610351562,174.9475860595703,2804100
2026-02-24,174.83999633789062,176.83999633789062,174.42999267578125,176.36000061035156,176.2064971923828,1365200
2026-02-25,176.75,178.2899932861328,174.85000610351562,175.3000030517578,175.14743041992188,1580900
2026-02-26,175.08999633789062,175.08999633789062,170.89999389648438,173.8800048828125,173.72865295410156,1250700
2026-02-27,173.13999938964844,175.6699981689453,172.16000366210938,175.3699951171875,175.21734619140625,1386400
2026-03-02,172.91000366210938,174.74000549316406,171.85000610351562,173.9199981689453,173.76861572265625,1708600
2026-03-03,170.36000061035156,171.64999389648438,168.25,170.10000610351562,169.9519500732422,2531200
2026-03-04,171.5,173.5,169.77999877929688,172.97000122070312,172.81944274902344,1526000
2026-03-05,171.63999938964844,171.63999938964844,167.3699951171875,168.6699981689453,168.523193359375,2210400
2026-03-06,166.47999572753906,167.97000122070312,165.30999755859375,167.55999755859375,167.41415405273438,1883100
2026-03-09,166.6199951171875,171.49000549316406,166.5500030517578,171.2899932861328,171.14089965820312,2234500
2026-03-10,172.1199951171875,174.05999755859375,171.30999755859375,172.27000427246094,172.12005615234375,1235500
2026-03-11,171.9600067138672,172.6699981689453,170.4199981689453,170.8699951171875,170.72125244140625,1121400
2026-03-12,169.77000427246094,169.77000427246094,166.0399932861328,166.22999572753906,166.08529663085938,2600500
2026-03-13,167.72000122070312,169.0,164.77999877929688,165.50999450683594,165.36593627929688,1877400
2026-03-16,166.38999938964844,168.8000030517578,166.38999938964844,167.13999938964844,166.99452209472656,1199300
2026-03-17,167.64999389648438,168.39999389648438,166.9600067138672,167.1699981689453,167.14649963378906,1570700
2026-03-18,166.80999755859375,166.80999755859375,163.39999389648438,163.77999877929688,163.75697326660156,1719300
2026-03-19,162.89999389648438,165.42999267578125,162.50999450683594,164.4600067138672,164.4368896484375,1346000
2026-03-20,163.57000732421875,165.36000061035156,161.1699981689453,161.64999389648438,161.62725830078125,2528600
2026-03-23,163.72000122070312,165.30999755859375,162.1699981689453,162.69000244140625,162.66712951660156,2084800
2026-03-24,161.33999633789062,162.3800048828125,159.67999267578125,161.63999938964844,161.61727905273438,1424600
2026-03-25,163.7100067138672,166.75,163.25,165.75,165.72669982910156,2030200
2026-03-26,164.1999969482422,166.97999572753906,164.02000427246094,165.25999450683594,165.23675537109375,1780900
2026-03-27,165.19000244140625,165.33999633789062,160.27000427246094,160.41000366210938,160.387451171875,1113600
2026-03-30,161.7899932861328,162.9499969482422,160.55999755859375,161.86000061035156,161.8372344970703,1497500
2026-03-31,164.36000061035156,169.1199951171875,164.1300048828125,168.85000610351562,168.82626342773438,2202400
2026-04-01,169.75,172.0399932861328,169.72000122070312,170.1300048828125,170.1060791015625,2210600
2026-04-02,167.6999969482422,171.08999633789062,167.13999938964844,169.42999267578125,169.4061737060547,1544000
2026-04-06,169.24000549316406,170.35000610351562,168.50999450683594,168.8300018310547,168.80625915527344,1642800
2026-04-07,168.00999450683594,168.75,165.86000061035156,168.5,168.47630310058594,793200
2026-04-08,172.3699951171875,172.5500030517578,170.27000427246094,171.86000061035156,171.83583068847656,1274900
2026-04-09,171.41000366210938,172.6199951171875,170.3300018310547,172.16000366210938,172.13580322265625,796100
2026-04-10,172.49000549316406,173.44000244140625,168.55999755859375,169.3699951171875,169.34617614746094,1130800
2026-04-13,170.36000061035156,173.36000061035156,170.10000610351562,172.19000244140625,172.16578674316406,1412200
2026-04-14,172.7899932861328,176.1699981689453,172.69000244140625,175.85000610351562,175.82528686523438,986800
2026-04-15,176.35000610351562,177.36000061035156,174.42999267578125,175.99000549316406,175.9652557373047,1815700
2026-04-16,175.52999877929688,176.0500030517578,173.44000244140625,174.1199951171875,174.09552001953125,1282200
2026-04-17,176.3300018310547,177.33999633789062,175.5,176.66000366210938,176.63516235351562,1256200
2026-04-20,176.22999572753906,176.7899932861328,175.2899932861328,175.75999450683594,175.7352752685547,1197300
2026-04-21,175.77999877929688,175.77999877929688,173.19000244140625,173.99000549316406,173.96554565429688,1571300
2026-04-22,174.8300018310547,175.50999450683594,173.52999877929688,174.36000061035156,174.33547973632812,1316600
2026-04-23,174.1699981689453,174.6999969482422,170.50999450683594,171.52999877929688,171.50587463378906,1649300
2026-04-24,171.6300048828125,171.6300048828125,168.4499969482422,169.77999877929688,169.75613403320312,1486000
2026-04-27,169.3699951171875,172.00999450683594,168.80999755859375,169.02000427246094,168.99624633789062,1208800
2026-04-28,169.19000244140625,170.77999877929688,167.50999450683594,167.80999755859375,167.78640747070312,971300
2026-04-29,166.27000427246094,166.9199981689453,164.02000427246094,165.3800048828125,165.35675048828125,1764200
2026-04-30,166.22999572753906,169.11000061035156,165.97999572753906,168.69000244140625,168.66629028320312,1516400
2026-05-01,167.97000122070312,168.11000061035156,166.0,167.27000427246094,167.24649047851562,1200300
2026-05-04,166.57000732421875,170.25999450683594,166.52999877929688,170.16000366210938,170.13607788085938,746000
2026-05-05,171.2899932861328,172.67999267578125,168.75999450683594,170.33999633789062,170.3160400390625,1036400
2026-05-06,171.27999877929688,174.25,171.11000061035156,173.8699951171875,173.84555053710938,1342900
2026-05-07,172.8300018310547,173.4499969482422,168.80999755859375,170.10000610351562,170.0760955810547,1390500
2026-05-08,169.5500030517578,171.0800018310547,168.82000732421875,169.94000244140625,169.91610717773438,2267700
2026-05-11,170.07000732421875,173.30999755859375,169.36000061035156,170.0,169.97608947753906,1456600
2026-05-12,170.00999450683594,172.8000030517578,169.9499969482422,172.27999877929688,172.25576782226562,962800
2026-05-13,171.9600067138672,172.99000549316406,170.6199951171875,172.64999389648438,172.62571716308594,775100
2026-05-14,172.7100067138672,173.39999389648438,170.35000610351562,171.3300018310547,171.305908203125,1595500
2026-05-15,170.6699981689453,170.77999877929688,166.72000122070312,166.8300018310547,166.80654907226562,2114800
2026-05-18,165.97999572753906,166.3800048828125,163.11000061035156,164.02999877929688,164.00692749023438,2006500
2026-05-19,163.41000366210938,165.33999633789062,162.0800018310547,164.19000244140625,164.1669158935547,2054900
2026-05-20,165.0800018310547,167.9499969482422,165.0800018310547,167.91000366210938,167.8863983154297,1817500
2026-05-21,166.58999633789062,169.66000366210938,165.6999969482422,169.05999755859375,169.03622436523438,2466600
2026-05-22,169.0800018310547,170.92999267578125,168.66000366210938,168.7899932861328,168.76626586914062,984200
2026-05-26,169.75,170.25,168.57000732421875,169.4199981689453,169.39617919921875,978300
2026-05-27,169.47000122070312,171.55999755859375,169.22000122070312,169.8800048828125,169.8561248779297,823200
2026-05-28,169.75,172.6999969482422,169.24000549316406,172.24000549316406,172.21578979492188,1278600
2026-05-29,172.41000366210938,172.91000366210938,171.52999877929688,172.17999267578125,172.15577697753906,1406900
2026-06-01,170.8800048828125,171.5800018310547,168.33999633789062,169.3699951171875,169.34617614746094,1365600
2026-06-02,167.16000366210938,167.8000030517578,163.89999389648438,164.27000427246094,164.2469024658203,1965000
2026-06-03,163.6199951171875,167.6199951171875,163.3699951171875,167.5,167.47645568847656,1018900
2026-06-04,169.35000610351562,172.44000244140625,168.88999938964844,171.42999267578125,171.4058837890625,1470300
2026-06-05,171.10000610351562,172.27999877929688,168.22000122070312,168.44000244140625,168.41632080078125,1482500
2026-06-08,169.22999572753906,170.27999877929688,166.3699951171875,166.9199981689453,166.8965301513672,995900
2026-06-09,168.10000610351562,170.27999877929688,166.11000061035156,169.36000061035156,169.336181640625,2357500
2026-06-10,168.67999267578125,170.80999755859375,165.8800048828125,165.92999267578125,165.9066619873047,1272100
2026-06-11,166.72999572753906,171.2899932861328,166.10000610351562,170.49000549316406,170.46603393554688,1549100
2026-06-12,170.72000122070312,172.27999877929688,169.97999572753906,170.66000366210938,170.63600158691406,1706900
2026-06-15,171.13999938964844,172.52999877929688,170.49000549316406,172.1699981689453,172.1699981689453,904700
2026-06-16,172.05999755859375,172.85000610351562,170.25999450683594,171.44000244140625,171.44000244140625,1029100
2026-06-17,171.69000244140625,175.7899932861328,171.25,173.44000244140625,173.44000244140625,1214900
2026-06-18,174.82000732421875,176.5800018310547,171.7899932861328,173.63999938964844,173.63999938964844,998900
2026-06-22,175.67999267578125,177.4499969482422,174.97000122070312,177.0,177.0,2018300
2026-06-23,176.36000061035156,179.9499969482422,176.0399932861328,178.08999633789062,178.08999633789062,1621400
2026-06-24,178.25999450683594,183.0399932861328,178.25999450683594,181.52999877929688,181.52999877929688,2591700
2026-06-25,182.1699981689453,186.80999755859375,182.0,183.6699981689453,183.6699981689453,1967900
2026-06-26,183.82000732421875,188.69000244140625,183.50999450683594,187.36000061035156,187.36000061035156,2114900
2026-06-29,188.39999389648438,189.85000610351562,187.0500030517578,189.7899932861328,189.7899932861328,1767200
2026-06-30,190.4499969482422,191.14999389648438,189.30999755859375,190.19000244140625,190.19000244140625,1838600
2026-07-01,190.5800018310547,191.0800018310547,189.47999572753906,190.1199951171875,190.1199951171875,1662600
2026-07-02,191.60000610351562,195.99000549316406,190.9199981689453,195.6999969482422,195.6999969482422,2213000
2026-07-06,195.6999969482422,196.02000427246094,192.6300048828125,195.30999755859375,195.30999755859375,1648700
2026-07-07,197.7899932861328,198.7100067138672,195.33999633789062,198.22999572753906,198.22999572753906,2626500
2026-07-08,196.94000244140625,197.80999755859375,194.39999389648438,196.33999633789062,196.33999633789062,1961800
2026-07-09,197.3699951171875,199.0500030517578,196.3300018310547,197.33999633789062,197.33999633789062,1359800
2026-07-10,196.99000549316406,197.4600067138672,190.6199951171875,192.05999755859375,192.05999755859375,2974700
