date,open,high,low,close,adjclose,volume
2021-08-02,11.010000228881836,11.479999542236328,10.84000015258789,11.199999809265137,11.199999809265137,515200
2021-08-03,11.199999809265137,11.420000076293945,10.8100004196167,11.270000457763672,11.270000457763672,385100
2021-08-04,11.210000038146973,11.640999794006348,10.970000267028809,11.079999923706055,11.079999923706055,399600
2021-08-05,11.109999656677246,11.569999694824219,10.90999984741211,11.359999656677246,11.359999656677246,734000
2021-08-06,11.390000343322754,11.430000305175781,10.800000190734863,10.890000343322754,10.890000343322754,629100
2021-08-09,10.880000114440918,11.279000282287598,10.619999885559082,11.140000343322754,11.140000343322754,559400
2021-08-10,11.199999809265137,11.569999694824219,10.949999809265137,11.430000305175781,11.430000305175781,519500
2021-08-11,11.399999618530273,11.539999961853027,10.960000038146973,11.260000228881836,11.260000228881836,430400
2021-08-12,11.15999984741211,11.619999885559082,11.15999984741211,11.399999618530273,11.399999618530273,475300
2021-08-13,11.3100004196167,11.670000076293945,11.25,11.25,11.25,393200
2021-08-16,11.260000228881836,11.274999618530273,10.65999984741211,10.720000267028809,10.720000267028809,657700
2021-08-17,10.550000190734863,10.609999656677246,9.758000373840332,10.039999961853027,10.039999961853027,1071900
2021-08-18,10.050000190734863,10.0649995803833,9.34000015258789,9.350000381469727,9.350000381469727,1010500
2021-08-19,9.229999542236328,9.460000038146973,9.0,9.170000076293945,9.170000076293945,973500
2021-08-20,9.130000114440918,10.020000457763672,9.079000473022461,10.0,10.0,963200
2021-08-23,10.270000457763672,10.899999618530273,9.949999809265137,10.859999656677246,10.859999656677246,1143100
2021-08-24,10.890000343322754,11.350000381469727,10.680000305175781,11.270000457763672,11.270000457763672,694000
2021-08-25,11.239999771118164,11.550000190734863,11.0600004196167,11.3100004196167,11.3100004196167,571800
2021-08-26,11.1899995803833,11.600000381469727,10.850000381469727,10.899999618530273,10.899999618530273,702600
2021-08-27,11.020000457763672,11.670000076293945,10.850000381469727,11.319999694824219,11.319999694824219,1007500
2021-08-30,11.479999542236328,11.829999923706055,11.34000015258789,11.380000114440918,11.380000114440918,659200
2021-08-31,11.539999961853027,11.699999809265137,11.100000381469727,11.380000114440918,11.380000114440918,1261700
2021-09-01,11.489999771118164,11.850000381469727,11.274999618530273,11.800000190734863,11.800000190734863,921600
2021-09-02,11.9399995803833,11.989999771118164,11.361000061035156,11.579999923706055,11.579999923706055,743100
2021-09-03,11.529999732971191,11.529999732971191,10.817000389099121,10.949999809265137,10.949999809265137,1060400
2021-09-07,11.069999694824219,12.33899974822998,11.029999732971191,11.260000228881836,11.260000228881836,1475700
2021-09-08,11.220000267028809,11.25,10.130000114440918,10.279999732971191,10.279999732971191,992400
2021-09-09,10.25,10.479999542236328,9.9399995803833,9.949999809265137,9.949999809265137,1464700
2021-09-10,10.079999923706055,10.430000305175781,9.84000015258789,9.890000343322754,9.890000343322754,1116300
2021-09-13,9.970000267028809,10.279999732971191,9.319999694824219,9.770000457763672,9.770000457763672,1425200
2021-09-14,9.800000190734863,9.920000076293945,9.329999923706055,9.34000015258789,9.34000015258789,857800
2021-09-15,9.34000015258789,9.8100004196167,9.220000267028809,9.569999694824219,9.569999694824219,1177400
2021-09-16,9.640000343322754,9.770000457763672,9.359999656677246,9.739999771118164,9.739999771118164,841500
2021-09-17,10.029999732971191,10.279999732971191,9.420000076293945,10.180000305175781,10.180000305175781,2187700
2021-09-20,9.869999885559082,10.289999961853027,9.579999923706055,9.640000343322754,9.640000343322754,1204700
2021-09-21,9.75,10.08899974822998,9.699999809265137,9.90999984741211,9.90999984741211,1113500
2021-09-22,10.010000228881836,10.170000076293945,9.880000114440918,10.119999885559082,10.119999885559082,516800
2021-09-23,10.300000190734863,10.739999771118164,10.149999618530273,10.710000038146973,10.710000038146973,726600
2021-09-24,10.680000305175781,10.880000114440918,10.229999542236328,10.260000228881836,10.260000228881836,561800
2021-09-27,10.390000343322754,10.770000457763672,10.279999732971191,10.670000076293945,10.670000076293945,610200
2021-09-28,10.5,10.689000129699707,9.9399995803833,10.0,10.0,768100
2021-09-29,10.0600004196167,10.130000114440918,9.539999961853027,9.609999656677246,9.609999656677246,779600
2021-09-30,9.729999542236328,9.9399995803833,9.5649995803833,9.739999771118164,9.739999771118164,528900
2021-10-01,9.819999694824219,10.130000114440918,9.399999618530273,10.010000228881836,10.010000228881836,796700
2021-10-04,10.029999732971191,10.300000190734863,9.770000457763672,9.84000015258789,9.84000015258789,1289400
2021-10-05,9.920000076293945,10.369999885559082,9.84000015258789,10.180000305175781,10.180000305175781,1209700
2021-10-06,9.979999542236328,10.095000267028809,9.430000305175781,9.539999961853027,9.539999961853027,1043600
2021-10-07,9.579999923706055,9.869999885559082,9.40999984741211,9.699999809265137,9.699999809265137,633100
2021-10-08,9.59000015258789,9.654999732971191,8.760000228881836,8.8100004196167,8.8100004196167,1078500
2021-10-11,8.880000114440918,9.960000038146973,8.8100004196167,9.75,9.75,1255000
2021-10-12,9.710000038146973,9.809000015258789,9.220000267028809,9.25,9.25,857400
2021-10-13,9.300000190734863,9.354999542236328,8.989999771118164,9.100000381469727,9.100000381469727,804200
2021-10-14,9.1899995803833,9.994999885559082,9.149999618530273,9.579999923706055,9.579999923706055,1009100
2021-10-15,9.720000267028809,9.75,9.270000457763672,9.300000190734863,9.300000190734863,629700
2021-10-18,9.300000190734863,9.319999694824219,8.890000343322754,8.930000305175781,8.930000305175781,884200
2021-10-19,9.010000228881836,9.270000457763672,8.75,9.170000076293945,9.170000076293945,1105800
2021-10-20,9.149999618530273,9.208999633789062,8.623000144958496,8.670000076293945,8.670000076293945,817600
2021-10-21,8.729999542236328,8.75,8.390000343322754,8.449999809265137,8.449999809265137,729700
2021-10-22,8.399999618530273,8.420000076293945,8.100000381469727,8.270000457763672,8.270000457763672,1124300
2021-10-25,8.215999603271484,8.40999984741211,7.889999866485596,8.300000190734863,8.300000190734863,1329400
2021-10-26,8.350000381469727,8.380000114440918,7.929999828338623,7.960000038146973,7.960000038146973,977200
2021-10-27,7.920000076293945,8.130000114440918,7.75,7.789999961853027,7.789999961853027,843200
2021-10-28,7.800000190734863,8.220000267028809,7.760000228881836,8.1899995803833,8.1899995803833,858300
2021-10-29,8.180000305175781,8.199999809265137,7.800000190734863,7.829999923706055,7.829999923706055,697500
2021-11-01,7.900000095367432,8.479999542236328,7.829999923706055,8.300000190734863,8.300000190734863,915100
2021-11-02,8.359999656677246,8.529999732971191,8.25,8.520000457763672,8.520000457763672,583900
2021-11-03,8.510000228881836,8.800000190734863,8.420000076293945,8.760000228881836,8.760000228881836,944800
2021-11-04,8.84000015258789,8.899999618530273,8.5,8.630000114440918,8.630000114440918,581300
2021-11-05,8.680000305175781,8.9399995803833,8.279999732971191,8.399999618530273,8.399999618530273,837400
2021-11-08,8.539999961853027,8.75,8.34000015258789,8.520000457763672,8.520000457763672,765900
2021-11-09,8.520000457763672,8.600000381469727,8.020000457763672,8.100000381469727,8.100000381469727,990900
2021-11-10,8.0600004196167,8.199999809265137,7.769999980926514,7.800000190734863,7.800000190734863,675100
2021-11-11,7.96999979019165,8.020000457763672,7.670000076293945,7.820000171661377,7.820000171661377,571400
2021-11-12,7.820000171661377,7.880000114440918,7.539999961853027,7.71999979019165,7.71999979019165,669000
2021-11-15,7.849999904632568,7.849999904632568,7.110000133514404,7.139999866485596,7.139999866485596,1109500
2021-11-16,7.110000133514404,7.150000095367432,6.809999942779541,7.070000171661377,7.070000171661377,1426300
2021-11-17,7.079999923706055,7.21999979019165,6.949999809265137,6.96999979019165,6.96999979019165,708700
2021-11-18,6.96999979019165,6.974999904632568,6.230000019073486,6.53000020980835,6.53000020980835,1772700
2021-11-19,6.489999771118164,6.510000228881836,6.230000019073486,6.429999828338623,6.429999828338623,1249500
2021-11-22,6.429999828338623,6.480000019073486,5.96999979019165,6.090000152587891,6.090000152587891,1424100
2021-11-23,6.059999942779541,6.260000228881836,5.78000020980835,6.230000019073486,6.230000019073486,1273200
2021-11-24,6.215000152587891,6.440000057220459,6.050000190734863,6.349999904632568,6.349999904632568,923900
2021-11-26,6.5,7.099999904632568,6.295000076293945,6.5,6.5,1628200
2021-11-29,6.550000190734863,6.659999847412109,6.190000057220459,6.389999866485596,6.389999866485596,1280900
2021-11-30,6.559999942779541,8.010000228881836,6.550000190734863,7.789999961853027,7.789999961853027,7929300
2021-12-01,7.760000228881836,7.829999923706055,6.539999961853027,6.559999942779541,6.559999942779541,2374200
2021-12-02,6.510000228881836,6.809999942779541,5.949999809265137,6.21999979019165,6.21999979019165,1962600
2021-12-03,6.21999979019165,6.409999847412109,5.699999809265137,5.840000152587891,5.840000152587891,1593000
2021-12-06,5.75,5.869999885559082,5.389999866485596,5.690000057220459,5.690000057220459,2093000
2021-12-07,5.730000019073486,6.175000190734863,5.730000019073486,6.019999980926514,6.019999980926514,990600
2021-12-08,5.960000038146973,6.409999847412109,5.869999885559082,6.309999942779541,6.309999942779541,839900
2021-12-09,6.210000038146973,6.329999923706055,5.900000095367432,5.920000076293945,5.920000076293945,878200
2021-12-10,5.980000019073486,6.050000190734863,5.789999961853027,5.869999885559082,5.869999885559082,657100
2021-12-13,5.960000038146973,6.389999866485596,5.900000095367432,6.260000228881836,6.260000228881836,1292300
2021-12-14,6.150000095367432,6.25,5.53000020980835,5.670000076293945,5.670000076293945,1856400
2021-12-15,5.690000057220459,5.78000020980835,5.111000061035156,5.699999809265137,5.699999809265137,2298300
2021-12-16,5.659999847412109,5.909999847412109,5.550000190734863,5.670000076293945,5.670000076293945,1314600
2021-12-17,5.579999923706055,6.579999923706055,5.519999980926514,6.539999961853027,6.539999961853027,3853200
2021-12-20,6.639999866485596,6.71999979019165,6.110000133514404,6.480000019073486,6.480000019073486,2380000
2021-12-21,6.420000076293945,6.789999961853027,5.980000019073486,6.210000038146973,6.210000038146973,1662300
2021-12-22,6.150000095367432,6.704999923706055,5.960000038146973,6.570000171661377,6.570000171661377,1219400
2021-12-23,6.539999961853027,7.36899995803833,6.449999809265137,7.150000095367432,7.150000095367432,1417500
2021-12-27,7.079999923706055,7.079999923706055,6.579999923706055,6.650000095367432,6.650000095367432,1180700
2021-12-28,6.920000076293945,7.989999771118164,6.170000076293945,6.179999828338623,6.179999828338623,6318600
2021-12-29,6.119999885559082,6.550000190734863,6.099999904632568,6.199999809265137,6.199999809265137,1610200
2021-12-30,6.199999809265137,6.929999828338623,6.150000095367432,6.380000114440918,6.380000114440918,1942600
2021-12-31,6.360000133514404,6.53000020980835,6.050000190734863,6.079999923706055,6.079999923706055,1572100
2022-01-03,6.130000114440918,7.599999904632568,6.010000228881836,7.53000020980835,7.53000020980835,3490700
2022-01-04,7.480000019073486,7.550000190734863,6.922999858856201,7.010000228881836,7.010000228881836,2129300
2022-01-05,7.039999961853027,7.699999809265137,6.400000095367432,6.409999847412109,6.409999847412109,2426000
2022-01-06,6.360000133514404,6.590000152587891,6.119999885559082,6.239999771118164,6.239999771118164,1503300
2022-01-07,6.190000057220459,6.568999767303467,6.179999828338623,6.260000228881836,6.260000228881836,871000
2022-01-10,6.260000228881836,6.260000228881836,5.889999866485596,6.139999866485596,6.139999866485596,1580100
2022-01-11,6.070000171661377,6.565000057220459,6.050000190734863,6.480000019073486,6.480000019073486,1341400
2022-01-12,6.5,6.840000152587891,6.269999980926514,6.320000171661377,6.320000171661377,1076800
2022-01-13,6.28000020980835,6.769999980926514,6.199999809265137,6.239999771118164,6.239999771118164,1376600
2022-01-14,6.130000114440918,6.679999828338623,6.039999961853027,6.670000076293945,6.670000076293945,1382400
2022-01-18,6.639999866485596,6.710000038146973,6.190000057220459,6.190000057220459,6.190000057220459,1721500
2022-01-19,6.400000095367432,6.749000072479248,5.949999809265137,5.96999979019165,5.96999979019165,2407500
2022-01-20,6.019999980926514,6.1539998054504395,5.599999904632568,5.630000114440918,5.630000114440918,1536400
2022-01-21,5.809999942779541,5.809999942779541,5.340000152587891,5.420000076293945,5.420000076293945,1859600
2022-01-24,5.25,5.75,5.059999942779541,5.710000038146973,5.710000038146973,2305500
2022-01-25,5.570000171661377,5.78000020980835,5.380000114440918,5.550000190734863,5.550000190734863,1701000
2022-01-26,5.670000076293945,5.849999904632568,5.320000171661377,5.349999904632568,5.349999904632568,1704600
2022-01-27,5.420000076293945,5.53000020980835,5.039999961853027,5.050000190734863,5.050000190734863,1393400
2022-01-28,5.014999866485596,5.190000057220459,4.809999942779541,5.170000076293945,5.170000076293945,2681500
2022-01-31,5.440000057220459,5.829999923706055,5.199999809265137,5.820000171661377,5.820000171661377,1567400
2022-02-01,5.960000038146973,6.110000133514404,5.590000152587891,6.090000152587891,6.090000152587891,1364700
2022-02-02,6.079999923706055,6.090000152587891,5.659999847412109,5.699999809265137,5.699999809265137,1156500
2022-02-03,5.53000020980835,5.760000228881836,5.284999847412109,5.340000152587891,5.340000152587891,1206500
2022-02-04,5.340000152587891,5.510000228881836,5.1620001792907715,5.389999866485596,5.389999866485596,1225400
2022-02-07,5.400000095367432,5.679999828338623,5.400000095367432,5.630000114440918,5.630000114440918,1008300
2022-02-08,5.599999904632568,5.829999923706055,5.510000228881836,5.789999961853027,5.789999961853027,1196300
2022-02-09,5.849999904632568,6.400000095367432,5.849999904632568,6.349999904632568,6.349999904632568,1478000
2022-02-10,6.002999782562256,6.630000114440918,5.960000038146973,6.079999923706055,6.079999923706055,1504200
2022-02-11,6.050000190734863,6.309999942779541,5.840000152587891,5.960000038146973,5.960000038146973,813600
2022-02-14,5.934999942779541,6.070000171661377,5.710000038146973,5.75,5.75,1088900
2022-02-15,6.320000171661377,7.119999885559082,6.210000038146973,7.03000020980835,7.03000020980835,5779100
2022-02-16,6.880000114440918,7.820000171661377,6.739999771118164,7.480000019073486,7.480000019073486,3272300
2022-02-17,7.454999923706055,7.849999904632568,7.289999961853027,7.389999866485596,7.389999866485596,2642400
2022-02-18,7.40500020980835,7.610000133514404,7.010000228881836,7.409999847412109,7.409999847412109,1686800
2022-02-22,7.284999847412109,7.46999979019165,6.989999771118164,7.079999923706055,7.079999923706055,1348600
2022-02-23,7.139999866485596,7.239999771118164,6.364999771118164,6.429999828338623,6.429999828338623,1421300
2022-02-24,6.050000190734863,7.039999961853027,5.940000057220459,7.039999961853027,7.039999961853027,2117300
2022-02-25,7.039999961853027,7.130000114440918,6.570000171661377,6.880000114440918,6.880000114440918,1114200
2022-02-28,6.769999980926514,7.119999885559082,6.559999942779541,6.840000152587891,6.840000152587891,1066600
2022-03-01,6.739999771118164,6.820000171661377,6.46999979019165,6.550000190734863,6.550000190734863,722400
2022-03-02,6.570000171661377,6.695000171661377,6.269999980926514,6.460000038146973,6.460000038146973,904900
2022-03-03,6.610000133514404,6.809999942779541,6.150000095367432,6.25,6.25,1169500
2022-03-04,6.110000133514404,6.409999847412109,6.079999923706055,6.090000152587891,6.090000152587891,938000
2022-03-07,6.019999980926514,6.25,5.849999904632568,5.909999847412109,5.909999847412109,1407000
2022-03-08,5.849999904632568,6.480000019073486,5.679999828338623,6.190000057220459,6.190000057220459,1079000
2022-03-09,6.389999866485596,6.811999797821045,6.34499979019165,6.769999980926514,6.769999980926514,1044500
2022-03-10,6.570000171661377,6.638000011444092,6.25,6.550000190734863,6.550000190734863,788400
2022-03-11,6.630000114440918,6.659999847412109,6.0,6.010000228881836,6.010000228881836,970800
2022-03-14,6.0,6.119999885559082,5.130000114440918,5.21999979019165,5.21999979019165,2312900
2022-03-15,5.25,5.38100004196167,5.099999904632568,5.369999885559082,5.369999885559082,1132200
2022-03-16,5.480000019073486,5.670000076293945,5.244999885559082,5.659999847412109,5.659999847412109,1335500
2022-03-17,5.599999904632568,5.909999847412109,5.539999961853027,5.900000095367432,5.900000095367432,1262500
2022-03-18,5.789999961853027,6.329999923706055,5.784999847412109,5.920000076293945,5.920000076293945,2706500
2022-03-21,5.824999809265137,5.940000057220459,5.559999942779541,5.610000133514404,5.610000133514404,1535900
2022-03-22,5.619999885559082,6.090000152587891,5.590000152587891,6.039999961853027,6.039999961853027,1106200
2022-03-23,6.0,6.175000190734863,5.815000057220459,5.829999923706055,5.829999923706055,827900
2022-03-24,5.929999828338623,5.989999771118164,5.690000057220459,5.989999771118164,5.989999771118164,854600
2022-03-25,5.980000019073486,5.980000019073486,5.730000019073486,5.739999771118164,5.739999771118164,876500
2022-03-28,5.769999980926514,5.869999885559082,5.429999828338623,5.71999979019165,5.71999979019165,952300
2022-03-29,5.809999942779541,6.300000190734863,5.795000076293945,6.28000020980835,6.28000020980835,1404700
2022-03-30,6.210000038146973,6.440000057220459,5.835000038146973,5.889999866485596,5.889999866485596,1174900
2022-03-31,5.929999828338623,6.059999942779541,5.599999904632568,5.610000133514404,5.610000133514404,1468700
2022-04-01,5.639999866485596,5.934999942779541,5.510000228881836,5.809999942779541,5.809999942779541,1442600
2022-04-04,5.909999847412109,6.275000095367432,5.820000171661377,6.139999866485596,6.139999866485596,1480100
2022-04-05,6.139999866485596,6.239999771118164,5.784999847412109,5.789999961853027,5.789999961853027,1230600
2022-04-06,5.670000076293945,5.71999979019165,5.439000129699707,5.590000152587891,5.590000152587891,1377200
2022-04-07,5.53000020980835,5.590000152587891,5.110000133514404,5.329999923706055,5.329999923706055,1764400
2022-04-08,5.300000190734863,5.349999904632568,5.085000038146973,5.150000095367432,5.150000095367432,1304900
2022-04-11,5.059999942779541,5.159999847412109,4.900000095367432,4.929999828338623,4.929999828338623,1399200
2022-04-12,5.25,5.300000190734863,4.90500020980835,5.010000228881836,5.010000228881836,1406900
2022-04-13,5.03000020980835,5.329999923706055,4.96999979019165,5.300000190734863,5.300000190734863,1055600
2022-04-14,5.25,5.28000020980835,4.980000019073486,5.050000190734863,5.050000190734863,928800
2022-04-18,4.989999771118164,5.0,4.739999771118164,4.760000228881836,4.760000228881836,1422500
2022-04-19,4.789999961853027,5.099999904632568,4.699999809265137,4.989999771118164,4.989999771118164,1053100
2022-04-20,5.050000190734863,5.130000114440918,4.880000114440918,5.050000190734863,5.050000190734863,802400
2022-04-21,5.119999885559082,5.210000038146973,4.320000171661377,4.380000114440918,4.380000114440918,1965500
2022-04-22,4.389999866485596,4.449999809265137,4.159999847412109,4.230000019073486,4.230000019073486,1435100
2022-04-25,4.190000057220459,4.309999942779541,4.114999771118164,4.190000057220459,4.190000057220459,1906000
2022-04-26,4.119999885559082,4.260000228881836,3.7699999809265137,3.7850000858306885,3.7850000858306885,2459800
2022-04-27,3.7799999713897705,3.890000104904175,3.549999952316284,3.7300000190734863,3.7300000190734863,2667900
2022-04-28,3.7699999809265137,3.884999990463257,3.5,3.740000009536743,3.740000009536743,1812900
2022-04-29,3.759999990463257,4.034999847412109,3.615000009536743,3.630000114440918,3.630000114440918,1534000
2022-05-02,3.640000104904175,3.9800000190734863,3.5999999046325684,3.9800000190734863,3.9800000190734863,1548700
2022-05-03,4.0,4.114999771118164,3.890000104904175,4.050000190734863,4.050000190734863,865700
2022-05-04,4.059999942779541,4.440000057220459,3.809999942779541,4.400000095367432,4.400000095367432,1404000
2022-05-05,4.329999923706055,4.329999923706055,3.859999895095825,3.9600000381469727,3.9600000381469727,1609800
2022-05-06,3.9100000858306885,3.9100000858306885,3.6549999713897705,3.700000047683716,3.700000047683716,1500700
2022-05-09,3.680000066757202,3.680000066757202,3.309999942779541,3.319999933242798,3.319999933242798,1363400
2022-05-10,3.5399999618530273,3.5999999046325684,3.049999952316284,3.450000047683716,3.450000047683716,2776100
2022-05-11,3.450000047683716,3.450000047683716,2.619999885559082,2.680000066757202,2.680000066757202,4284400
2022-05-12,2.619999885559082,3.0799999237060547,2.5999999046325684,2.9700000286102295,2.9700000286102295,3049700
2022-05-13,3.0299999713897705,3.7149999141693115,2.990000009536743,3.490000009536743,3.490000009536743,3014700
2022-05-16,3.5,4.110000133514404,3.3350000381469727,3.890000104904175,3.890000104904175,2877600
2022-05-17,4.0,4.110000133514404,3.7899999618530273,4.039999961853027,4.039999961853027,1897400
2022-05-18,3.8399999141693115,4.039999961853027,3.690000057220459,3.759999990463257,3.759999990463257,2076900
2022-05-19,3.7200000286102295,3.865000009536743,3.615000009536743,3.740000009536743,3.740000009536743,1536700
2022-05-20,3.8399999141693115,3.990000009536743,3.5950000286102295,3.9100000858306885,3.9100000858306885,1836400
2022-05-23,4.0,4.079999923706055,3.734999895095825,3.809999942779541,3.809999942779541,1526400
2022-05-24,3.7200000286102295,3.880000114440918,3.4149999618530273,3.680000066757202,3.680000066757202,2054100
2022-05-25,3.6700000762939453,3.740000009536743,3.369999885559082,3.5,3.5,1544900
2022-05-26,3.490000009536743,3.569999933242798,3.325000047683716,3.4200000762939453,3.4200000762939453,1839200
2022-05-27,3.440000057220459,3.950000047683716,3.3299999237060547,3.9200000762939453,3.9200000762939453,1815000
2022-05-31,4.050000190734863,4.050000190734863,3.6050000190734863,3.759999990463257,3.759999990463257,2613200
2022-06-01,3.7799999713897705,3.8299999237060547,3.299999952316284,3.309999942779541,3.309999942779541,2494600
2022-06-02,3.319999933242798,3.3499999046325684,3.240000009536743,3.3399999141693115,3.3399999141693115,1465600
2022-06-03,3.3499999046325684,3.690000057220459,3.2200000286102295,3.6500000953674316,3.6500000953674316,2784700
2022-06-06,3.7300000190734863,3.799999952316284,3.505000114440918,3.569999933242798,3.569999933242798,2115800
2022-06-07,3.5799999237060547,4.25,3.450000047683716,4.21999979019165,4.21999979019165,2719300
2022-06-08,4.190000057220459,4.599999904632568,4.105000019073486,4.210000038146973,4.210000038146973,2821000
2022-06-09,4.150000095367432,4.190000057220459,3.859999895095825,3.869999885559082,3.869999885559082,1721900
2022-06-10,3.700000047683716,3.7799999713897705,3.3350000381469727,3.390000104904175,3.390000104904175,2660300
2022-06-13,3.2200000286102295,3.2200000286102295,2.8499999046325684,3.0399999618530273,3.0399999618530273,3603800
2022-06-14,3.109999895095825,3.109999895095825,2.8399999141693115,2.9800000190734863,2.9800000190734863,2219300
2022-06-15,3.0199999809265137,3.2799999713897705,2.9600000381469727,3.2100000381469727,3.2100000381469727,2450700
2022-06-16,3.0399999618530273,3.1500000953674316,2.880000114440918,2.950000047683716,2.950000047683716,2524800
2022-06-17,2.9800000190734863,3.3499999046325684,2.9800000190734863,3.1700000762939453,3.1700000762939453,10840300
2022-06-21,3.3299999237060547,3.569999933242798,3.265000104904175,3.2899999618530273,3.2899999618530273,2282000
2022-06-22,3.190000057220459,3.7300000190734863,3.1500000953674316,3.5799999237060547,3.5799999237060547,1594900
2022-06-23,3.619999885559082,3.940000057220459,3.5999999046325684,3.940000057220459,3.940000057220459,1399900
2022-06-24,4.010000228881836,4.164999961853027,3.8499999046325684,4.159999847412109,4.159999847412109,3658800
2022-06-27,4.159999847412109,4.190000057220459,3.8299999237060547,3.9100000858306885,3.9100000858306885,1410500
2022-06-28,3.9200000762939453,4.039999961853027,3.640000104904175,3.7300000190734863,3.7300000190734863,1133100
2022-06-29,3.7100000381469727,3.819999933242798,3.630000114440918,3.7699999809265137,3.7699999809265137,975300
2022-06-30,3.6600000858306885,3.7799999713897705,3.559999942779541,3.7200000286102295,3.7200000286102295,1103800
2022-07-01,3.75,4.065000057220459,3.700000047683716,3.990000009536743,3.990000009536743,1321400
2022-07-05,3.9600000381469727,4.440000057220459,3.8299999237060547,4.409999847412109,4.409999847412109,2422500
2022-07-06,4.46999979019165,4.829999923706055,4.409999847412109,4.519999980926514,4.519999980926514,2193600
2022-07-07,4.630000114440918,4.840000152587891,4.519999980926514,4.760000228881836,4.760000228881836,1628700
2022-07-08,4.630000114440918,4.864999771118164,4.579999923706055,4.78000020980835,4.78000020980835,1072800
2022-07-11,4.710000038146973,4.735000133514404,4.449999809265137,4.46999979019165,4.46999979019165,1254300
2022-07-12,4.510000228881836,4.570000171661377,3.869999885559082,4.480000019073486,4.480000019073486,1483900
2022-07-13,4.300000190734863,4.605000019073486,4.260000228881836,4.579999923706055,4.579999923706055,996100
2022-07-14,4.489999771118164,4.539999961853027,4.340000152587891,4.400000095367432,4.400000095367432,674200
2022-07-15,4.519999980926514,4.545000076293945,4.260000228881836,4.5,4.5,808600
2022-07-18,4.579999923706055,4.690000057220459,4.03000020980835,4.050000190734863,4.050000190734863,1354000
2022-07-19,4.130000114440918,4.434999942779541,4.09499979019165,4.360000133514404,4.360000133514404,1119300
2022-07-20,4.400000095367432,4.764999866485596,4.400000095367432,4.650000095367432,4.650000095367432,1613700
2022-07-21,4.639999866485596,4.71999979019165,4.485000133514404,4.619999885559082,4.619999885559082,546700
2022-07-22,4.650000095367432,4.650000095367432,4.300000190734863,4.369999885559082,4.369999885559082,771500
2022-07-25,4.409999847412109,4.409999847412109,4.114999771118164,4.210000038146973,4.210000038146973,733200
2022-07-26,4.170000076293945,4.260000228881836,4.065000057220459,4.139999866485596,4.139999866485596,694800
2022-07-27,4.210000038146973,4.264999866485596,4.090000152587891,4.230000019073486,4.230000019073486,722000
2022-07-28,4.199999809265137,4.304999828338623,4.010000228881836,4.28000020980835,4.28000020980835,919100
2022-07-29,4.230000019073486,4.230000019073486,3.8499999046325684,3.890000104904175,3.890000104904175,1666700
2022-08-01,3.809999942779541,3.9100000858306885,3.5199999809265137,3.6500000953674316,3.6500000953674316,1788100
2022-08-02,3.5899999141693115,3.8399999141693115,3.5799999237060547,3.7300000190734863,3.7300000190734863,1004200
2022-08-03,3.890000104904175,4.364999771118164,3.819999933242798,4.150000095367432,4.150000095367432,1852600
2022-08-04,4.130000114440918,4.289999961853027,4.079999923706055,4.230000019073486,4.230000019073486,950500
2022-08-05,4.119999885559082,4.539999961853027,4.010000228881836,4.489999771118164,4.489999771118164,1392800
2022-08-08,4.510000228881836,4.679999828338623,4.380000114440918,4.46999979019165,4.46999979019165,1130900
2022-08-09,4.420000076293945,4.510000228881836,4.255000114440918,4.340000152587891,4.340000152587891,791800
2022-08-10,4.46999979019165,4.579999923706055,4.309999942779541,4.559999942779541,4.559999942779541,928700
2022-08-11,4.570000171661377,4.800000190734863,4.324999809265137,4.420000076293945,4.420000076293945,1433600
2022-08-12,4.449999809265137,4.579999923706055,4.360000133514404,4.519999980926514,4.519999980926514,671800
2022-08-15,4.460000038146973,4.840000152587891,4.440000057220459,4.730000019073486,4.730000019073486,1762500
2022-08-16,4.760000228881836,4.760000228881836,4.360000133514404,4.550000190734863,4.550000190734863,1223500
2022-08-17,4.449999809265137,4.550000190734863,4.309999942779541,4.309999942779541,4.309999942779541,632500
2022-08-18,4.269999980926514,4.400000095367432,4.210000038146973,4.340000152587891,4.340000152587891,785300
2022-08-19,4.210000038146973,4.239999771118164,3.875,3.9700000286102295,3.9700000286102295,1501900
2022-08-22,3.859999895095825,3.990000009536743,3.700000047683716,3.740000009536743,3.740000009536743,869100
2022-08-23,3.75,3.984999895095825,3.7200000286102295,3.9000000953674316,3.9000000953674316,705200
2022-08-24,3.9200000762939453,4.224999904632568,3.8289999961853027,4.159999847412109,4.159999847412109,711600
2022-08-25,4.21999979019165,4.525000095367432,4.139999866485596,4.440000057220459,4.440000057220459,1080600
2022-08-26,4.440000057220459,4.440000057220459,4.070000171661377,4.090000152587891,4.090000152587891,879100
2022-08-29,3.9600000381469727,4.130000114440918,3.890000104904175,3.9200000762939453,3.9200000762939453,588700
2022-08-30,3.950000047683716,3.990000009536743,3.740000009536743,3.8399999141693115,3.8399999141693115,597500
2022-08-31,3.869999885559082,4.085000038146973,3.869999885559082,4.0,4.0,746100
2022-09-01,3.9800000190734863,4.150000095367432,3.8550000190734863,4.139999866485596,4.139999866485596,705600
2022-09-02,4.110000133514404,4.505000114440918,4.039999961853027,4.289999961853027,4.289999961853027,1382400
2022-09-06,4.320000171661377,4.539999961853027,4.199999809265137,4.28000020980835,4.28000020980835,953700
2022-09-07,4.269999980926514,4.539999961853027,4.260000228881836,4.510000228881836,4.510000228881836,793300
2022-09-08,4.429999828338623,4.795000076293945,4.429999828338623,4.75,4.75,1558300
2022-09-09,4.769999980926514,4.940000057220459,4.619999885559082,4.639999866485596,4.639999866485596,1264700
2022-09-12,4.699999809265137,5.699999809265137,4.679999828338623,5.610000133514404,5.610000133514404,4542800
2022-09-13,5.429999828338623,5.840000152587891,5.329999923706055,5.639999866485596,5.639999866485596,3677700
2022-09-14,5.590000152587891,6.440000057220459,5.489999771118164,6.409999847412109,6.409999847412109,3820700
2022-09-15,6.449999809265137,7.800000190734863,6.320000171661377,6.429999828338623,6.429999828338623,6592300
2022-09-16,6.25,6.260000228881836,5.519999980926514,6.059999942779541,6.059999942779541,11856600
2022-09-19,5.849999904632568,5.940000057220459,5.110000133514404,5.510000228881836,5.510000228881836,3061500
2022-09-20,5.429999828338623,5.650000095367432,5.235000133514404,5.440000057220459,5.440000057220459,1949300
2022-09-21,5.449999809265137,5.449999809265137,4.864999771118164,4.889999866485596,4.889999866485596,1874000
2022-09-22,4.940000057220459,5.0,4.690000057220459,4.949999809265137,4.949999809265137,1674900
2022-09-23,4.849999904632568,4.965000152587891,4.679999828338623,4.829999923706055,4.829999923706055,1496900
2022-09-26,4.829999923706055,5.39900016784668,4.650000095367432,4.650000095367432,4.650000095367432,1658100
2022-09-27,4.769999980926514,5.03000020980835,4.619999885559082,4.96999979019165,4.96999979019165,1514200
2022-09-28,5.019999980926514,5.53000020980835,4.96999979019165,5.5,5.5,1899000
2022-09-29,5.300000190734863,5.360000133514404,4.829999923706055,4.940000057220459,4.940000057220459,1961300
2022-09-30,5.010000228881836,5.170000076293945,4.829999923706055,4.96999979019165,4.96999979019165,1457200
2022-10-03,5.059999942779541,5.28000020980835,5.010000228881836,5.179999828338623,5.179999828338623,1514700
2022-10-04,5.300000190734863,5.570000171661377,5.300000190734863,5.570000171661377,5.570000171661377,1595000
2022-10-05,5.400000095367432,5.619999885559082,5.130000114440918,5.400000095367432,5.400000095367432,1332400
2022-10-06,5.309999942779541,5.619999885559082,5.309999942779541,5.440000057220459,5.440000057220459,984800
2022-10-07,5.254000186920166,5.409999847412109,5.119999885559082,5.119999885559082,5.119999885559082,1312000
2022-10-10,5.099999904632568,5.215000152587891,4.929999828338623,5.019999980926514,5.019999980926514,1016000
2022-10-11,4.989999771118164,5.289999961853027,4.71999979019165,5.179999828338623,5.179999828338623,1523000
2022-10-12,5.190000057220459,5.190000057220459,4.789999961853027,4.960000038146973,4.960000038146973,1290600
2022-10-13,4.75,5.239999771118164,4.690000057220459,5.179999828338623,5.179999828338623,928800
2022-10-14,5.239999771118164,5.329999923706055,4.920000076293945,4.940000057220459,4.940000057220459,905800
2022-10-17,4.960000038146973,5.230000019073486,4.929999828338623,5.190000057220459,5.190000057220459,1493000
2022-10-18,5.289999961853027,5.445000171661377,5.059999942779541,5.210000038146973,5.210000038146973,895400
2022-10-19,5.139999866485596,5.184999942779541,4.78000020980835,4.920000076293945,4.920000076293945,1641100
2022-10-20,4.920000076293945,5.195000171661377,4.873000144958496,4.960000038146973,4.960000038146973,967700
2022-10-21,4.920000076293945,5.324999809265137,4.880000114440918,5.309999942779541,5.309999942779541,1229700
2022-10-24,5.309999942779541,5.309999942779541,4.889999866485596,5.170000076293945,5.170000076293945,924500
2022-10-25,5.199999809265137,5.480000019073486,5.179999828338623,5.389999866485596,5.389999866485596,1344300
2022-10-26,5.389999866485596,6.074999809265137,5.260000228881836,5.5,5.5,2003000
2022-10-27,5.570000171661377,5.65500020980835,5.336999893188477,5.389999866485596,5.389999866485596,1275200
2022-10-28,5.449999809265137,5.849999904632568,5.360000133514404,5.800000190734863,5.800000190734863,1588500
2022-10-31,5.78000020980835,5.78000020980835,5.480000019073486,5.5,5.5,1093400
2022-11-01,5.619999885559082,5.688000202178955,5.360000133514404,5.489999771118164,5.489999771118164,942700
2022-11-02,5.489999771118164,5.744999885559082,5.355000019073486,5.369999885559082,5.369999885559082,1188600
2022-11-03,5.300000190734863,5.525000095367432,5.150000095367432,5.269999980926514,5.269999980926514,890400
2022-11-04,5.369999885559082,5.389999866485596,4.735000133514404,5.03000020980835,5.03000020980835,2004800
2022-11-07,5.03000020980835,5.170000076293945,4.835000038146973,4.989999771118164,4.989999771118164,1064700
2022-11-08,4.980000019073486,5.019999980926514,4.764999866485596,4.869999885559082,4.869999885559082,1176400
2022-11-09,4.760000228881836,4.820000171661377,4.349999904632568,4.349999904632568,4.349999904632568,2017000
2022-11-10,4.570000171661377,5.275000095367432,4.550000190734863,5.230000019073486,5.230000019073486,2420300
2022-11-11,5.230000019073486,5.980000019073486,5.21999979019165,5.840000152587891,5.840000152587891,2122300
2022-11-14,5.789999961853027,6.289999961853027,5.692999839782715,6.150000095367432,6.150000095367432,1992800
2022-11-15,6.409999847412109,6.579999923706055,5.889999866485596,6.050000190734863,6.050000190734863,1688500
2022-11-16,5.960000038146973,6.03000020980835,5.445000171661377,5.679999828338623,5.679999828338623,1638900
2022-11-17,5.570000171661377,5.804999828338623,5.539999961853027,5.599999904632568,5.599999904632568,1263400
2022-11-18,5.760000228881836,5.789999961853027,5.239999771118164,5.269999980926514,5.269999980926514,1091800
2022-11-21,5.210000038146973,5.210000038146973,5.039999961853027,5.159999847412109,5.159999847412109,1037400
2022-11-22,5.170000076293945,5.460000038146973,5.079999923706055,5.389999866485596,5.389999866485596,1140900
2022-11-23,5.409999847412109,5.603000164031982,5.300000190734863,5.340000152587891,5.340000152587891,1118900
2022-11-25,5.309999942779541,5.360000133514404,5.260000228881836,5.340000152587891,5.340000152587891,369300
2022-11-28,5.269999980926514,5.510000228881836,4.980000019073486,5.03000020980835,5.03000020980835,1231000
2022-11-29,5.039999961853027,5.260000228881836,4.989999771118164,5.230000019073486,5.230000019073486,1062100
2022-11-30,5.289999961853027,5.519999980926514,5.03000020980835,5.510000228881836,5.510000228881836,1769800
2022-12-01,5.519999980926514,5.639999866485596,5.380000114440918,5.610000133514404,5.610000133514404,1143900
2022-12-02,5.46999979019165,6.275000095367432,5.46999979019165,6.230000019073486,6.230000019073486,2024900
2022-12-05,6.170000076293945,6.269999980926514,5.789999961853027,5.889999866485596,5.889999866485596,1567300
2022-12-06,5.900000095367432,5.929999828338623,5.610000133514404,5.679999828338623,5.679999828338623,973800
2022-12-07,5.710000038146973,6.235000133514404,5.650000095367432,6.210000038146973,6.210000038146973,1198200
2022-12-08,6.25,6.460000038146973,6.070000171661377,6.210000038146973,6.210000038146973,1172800
2022-12-09,6.190000057220459,6.480000019073486,6.114999771118164,6.150000095367432,6.150000095367432,1593000
2022-12-12,5.920000076293945,6.820000171661377,5.53000020980835,6.769999980926514,6.769999980926514,3225300
2022-12-13,7.099999904632568,7.099999904632568,6.590000152587891,6.659999847412109,6.659999847412109,3023100
2022-12-14,6.619999885559082,6.934999942779541,6.46999979019165,6.739999771118164,6.739999771118164,2943400
2022-12-15,6.619999885559082,6.875,6.510000228881836,6.710000038146973,6.710000038146973,2081000
2022-12-16,6.570000171661377,6.699999809265137,6.25,6.440000057220459,6.440000057220459,3259700
2022-12-19,6.46999979019165,6.46999979019165,5.710000038146973,5.71999979019165,5.71999979019165,1776800
2022-12-20,5.650000095367432,5.789999961853027,5.614999771118164,5.789999961853027,5.789999961853027,1447800
2022-12-21,5.789999961853027,5.954999923706055,5.614999771118164,5.849999904632568,5.849999904632568,1370800
2022-12-22,5.730000019073486,5.769999980926514,5.264999866485596,5.690000057220459,5.690000057220459,1320600
2022-12-23,5.710000038146973,5.760000228881836,5.369999885559082,5.460000038146973,5.460000038146973,1353200
2022-12-27,5.409999847412109,5.493000030517578,4.929999828338623,4.949999809265137,4.949999809265137,2228600
2022-12-28,4.989999771118164,5.079999923706055,4.659999847412109,4.659999847412109,4.659999847412109,1571000
2022-12-29,4.710000038146973,5.179999828338623,4.670000076293945,4.940000057220459,4.940000057220459,1839800
2022-12-30,4.900000095367432,5.079999923706055,4.820000171661377,5.070000171661377,5.070000171661377,2328200
2023-01-03,5.179999828338623,5.25,4.739999771118164,4.769999980926514,4.769999980926514,2107100
2023-01-04,4.809999942779541,4.909999847412109,4.650000095367432,4.679999828338623,4.679999828338623,1647400
2023-01-05,4.639999866485596,4.730000019073486,4.289999961853027,4.369999885559082,4.369999885559082,2221200
2023-01-06,4.420000076293945,4.46999979019165,4.159999847412109,4.329999923706055,4.329999923706055,1534600
2023-01-09,4.409999847412109,4.460000038146973,4.224999904632568,4.260000228881836,4.260000228881836,1708200
2023-01-10,4.230000019073486,4.525000095367432,4.230000019073486,4.409999847412109,4.409999847412109,1407700
2023-01-11,4.409999847412109,4.53000020980835,4.260000228881836,4.440000057220459,4.440000057220459,1618900
2023-01-12,4.460000038146973,4.699999809265137,4.260000228881836,4.699999809265137,4.699999809265137,1770400
2023-01-13,4.610000133514404,5.09499979019165,4.610000133514404,4.78000020980835,4.78000020980835,1635400
2023-01-17,4.739999771118164,4.755000114440918,4.449999809265137,4.739999771118164,4.739999771118164,1847600
2023-01-18,4.789999961853027,4.980000019073486,4.559999942779541,4.559999942779541,4.559999942779541,1194000
2023-01-19,4.510000228881836,4.559999942779541,4.340000152587891,4.519999980926514,4.519999980926514,1150400
2023-01-20,4.570000171661377,4.639999866485596,4.474999904632568,4.610000133514404,4.610000133514404,1097900
2023-01-23,4.599999904632568,4.75,4.210000038146973,4.599999904632568,4.599999904632568,2536600
2023-01-24,4.550000190734863,4.630000114440918,4.434999942779541,4.449999809265137,4.449999809265137,1431900
2023-01-25,4.369999885559082,4.480000019073486,4.079999923706055,4.25,4.25,2250100
2023-01-26,4.28000020980835,4.309999942779541,3.819999933242798,3.950000047683716,3.950000047683716,2032400
2023-01-27,3.9000000953674316,4.090000152587891,3.9000000953674316,4.005000114440918,4.005000114440918,1023800
2023-01-30,3.940000057220459,4.019999980926514,3.690000057220459,3.7799999713897705,3.7799999713897705,2482200
2023-01-31,3.7899999618530273,3.9700000286102295,3.7899999618530273,3.799999952316284,3.799999952316284,2137900
2023-02-01,3.799999952316284,4.019999980926514,3.7200000286102295,4.010000228881836,4.010000228881836,2160900
2023-02-02,4.099999904632568,4.46999979019165,4.070000171661377,4.449999809265137,4.449999809265137,2098000
2023-02-03,4.360000133514404,4.590000152587891,4.25,4.329999923706055,4.329999923706055,1922600
2023-02-06,4.320000171661377,4.510000228881836,4.244999885559082,4.329999923706055,4.329999923706055,1646400
2023-02-07,4.349999904632568,4.389999866485596,4.074999809265137,4.320000171661377,4.320000171661377,2142700
2023-02-08,4.25,4.302999973297119,4.085000038146973,4.099999904632568,4.099999904632568,1124600
2023-02-09,4.099999904632568,4.130000114440918,3.859999895095825,3.940000057220459,3.940000057220459,2132700
2023-02-10,3.940000057220459,3.940000057220459,3.75,3.8499999046325684,3.8499999046325684,2037000
2023-02-13,3.9200000762939453,3.9200000762939453,3.700000047683716,3.7699999809265137,3.7699999809265137,1305800
2023-02-14,3.75,3.9000000953674316,3.680000066757202,3.740000009536743,3.740000009536743,1222500
2023-02-15,3.690000057220459,3.7750000953674316,3.3550000190734863,3.5,3.5,2617100
2023-02-16,3.4600000381469727,3.4700000286102295,3.2100000381469727,3.2300000190734863,3.2300000190734863,3598700
2023-02-17,3.25,3.25,3.0299999713897705,3.0799999237060547,3.0799999237060547,3915700
2023-02-21,3.049999952316284,3.109999895095825,2.7899999618530273,2.809999942779541,2.809999942779541,4680700
2023-02-22,2.9000000953674316,2.990000009536743,2.7799999713897705,2.809999942779541,2.809999942779541,3664700
2023-02-23,2.8299999237060547,2.940000057220459,2.5999999046325684,2.740000009536743,2.740000009536743,3811000
2023-02-24,2.7200000286102295,2.7200000286102295,2.5299999713897705,2.5899999141693115,2.5899999141693115,3594200
2023-02-27,2.5899999141693115,2.7200000286102295,2.4700000286102295,2.5199999809265137,2.5199999809265137,3089400
2023-02-28,2.509999990463257,2.569999933242798,2.390000104904175,2.440000057220459,2.440000057220459,2822100
2023-03-01,2.440000057220459,2.5,2.190000057220459,2.2699999809265137,2.2699999809265137,3142300
2023-03-02,2.299999952316284,2.299999952316284,1.7300000190734863,2.0299999713897705,2.0299999713897705,7941000
2023-03-03,2.0399999618530273,2.069999933242798,1.909999966621399,1.9800000190734863,1.9800000190734863,4455700
2023-03-06,2.0299999713897705,2.0399999618530273,1.75,1.7599999904632568,1.7599999904632568,3309800
2023-03-07,1.7599999904632568,1.7799999713897705,1.6699999570846558,1.725000023841858,1.725000023841858,2624900
2023-03-08,1.7400000095367432,1.7400000095367432,1.5499999523162842,1.6200000047683716,1.6200000047683716,3006900
2023-03-09,1.6200000047683716,1.6699999570846558,1.5099999904632568,1.5149999856948853,1.5149999856948853,3046200
2023-03-10,1.5,1.5199999809265137,1.2200000286102295,1.440000057220459,1.440000057220459,10105900
2023-03-13,1.409999966621399,1.5449999570846558,1.3200000524520874,1.5099999904632568,1.5099999904632568,4415000
2023-03-14,1.5800000429153442,1.590000033378601,1.309999942779541,1.4199999570846558,1.4199999570846558,5346300
2023-03-15,1.3700000047683716,1.440000057220459,1.2100000381469727,1.4299999475479126,1.4299999475479126,6082300
2023-03-16,1.4600000381469727,1.4700000286102295,1.25,1.409999966621399,1.409999966621399,4218300
2023-03-17,1.3700000047683716,1.4800000190734863,1.3300000429153442,1.409999966621399,1.409999966621399,10518100
2023-03-20,1.4199999570846558,1.4600000381469727,1.3200000524520874,1.350000023841858,1.350000023841858,9268400
2023-03-21,1.3899999856948853,1.8799999952316284,1.3600000143051147,1.840000033378601,1.840000033378601,9781600
2023-03-22,1.8700000047683716,1.8799999952316284,1.5299999713897705,1.625,1.625,8729100
2023-03-23,1.6699999570846558,1.8200000524520874,1.3600000143051147,1.4600000381469727,1.4600000381469727,6994200
2023-03-24,1.440000057220459,1.690000057220459,1.3899999856948853,1.6399999856948853,1.6399999856948853,3970400
2023-03-27,1.6399999856948853,1.7599999904632568,1.5299999713897705,1.7100000381469727,1.7100000381469727,3288900
2023-03-28,1.7200000286102295,1.7300000190734863,1.590000033378601,1.659999966621399,1.659999966621399,2129900
2023-03-29,1.7000000476837158,1.8450000286102295,1.649999976158142,1.7999999523162842,1.7999999523162842,2897800
2023-03-30,1.840000033378601,2.015000104904175,1.6200000047683716,1.7599999904632568,1.7599999904632568,4836200
2023-03-31,1.75,1.9500000476837158,1.7209999561309814,1.8200000524520874,1.8200000524520874,3785900
2023-04-03,1.840000033378601,1.8799999952316284,1.7410000562667847,1.7899999618530273,1.7899999618530273,3597500
2023-04-04,1.809999942779541,1.809999942779541,1.6299999952316284,1.6799999475479126,1.6799999475479126,2354000
2023-04-05,1.659999966621399,1.8200000524520874,1.6200000047683716,1.6699999570846558,1.6699999570846558,3388700
2023-04-06,1.7000000476837158,1.7699999809265137,1.6299999952316284,1.6399999856948853,1.6399999856948853,3888300
2023-04-10,1.659999966621399,1.6699999570846558,1.5199999809265137,1.5800000429153442,1.5800000429153442,3198800
2023-04-11,1.5800000429153442,1.6699999570846558,1.5299999713897705,1.5399999618530273,1.5399999618530273,3902500
2023-04-12,1.5800000429153442,1.5950000286102295,1.4700000286102295,1.5299999713897705,1.5299999713897705,4126500
2023-04-13,1.5499999523162842,2.0199999809265137,1.5399999618530273,1.9500000476837158,1.9500000476837158,10703200
2023-04-14,1.9800000190734863,2.049999952316284,1.850000023841858,1.9299999475479126,1.9299999475479126,4554500
2023-04-17,1.940000057220459,2.299999952316284,1.909999966621399,2.2100000381469727,2.2100000381469727,6251700
2023-04-18,2.2699999809265137,2.2899999618530273,2.0399999618530273,2.140000104904175,2.140000104904175,3335200
2023-04-19,2.0999999046325684,2.440000057220459,2.0799999237060547,2.380000114440918,2.380000114440918,4538400
2023-04-20,2.380000114440918,2.380000114440918,2.140000104904175,2.2899999618530273,2.2899999618530273,5086800
2023-04-21,2.309999942779541,2.690000057220459,2.259999990463257,2.680000066757202,2.680000066757202,5507700
2023-04-24,2.799999952316284,2.8299999237060547,2.4100000858306885,2.440000057220459,2.440000057220459,6297700
2023-04-25,2.440000057220459,2.549999952316284,2.3299999237060547,2.3499999046325684,2.3499999046325684,3811400
2023-04-26,2.369999885559082,2.369999885559082,2.240000009536743,2.259999990463257,2.259999990463257,2829700
2023-04-27,2.299999952316284,2.634999990463257,2.2950000762939453,2.619999885559082,2.619999885559082,4317400
2023-04-28,2.619999885559082,2.8949999809265137,2.4800000190734863,2.799999952316284,2.799999952316284,4004600
2023-05-01,2.869999885559082,3.25,2.7799999713897705,3.0799999237060547,3.0799999237060547,5047400
2023-05-02,3.059999942779541,3.180000066757202,2.990000009536743,3.0799999237060547,3.0799999237060547,3457000
2023-05-03,3.069999933242798,3.493000030517578,3.069999933242798,3.3499999046325684,3.3499999046325684,5914900
2023-05-04,3.4000000953674316,4.079999923706055,3.309999942779541,3.869999885559082,3.869999885559082,8296600
2023-05-05,4.139999866485596,6.0,4.099999904632568,5.539999961853027,5.539999961853027,20200700
2023-05-08,5.599999904632568,6.610000133514404,5.380000114440918,6.409999847412109,6.409999847412109,16723800
2023-05-09,6.340000152587891,6.929999828338623,5.739999771118164,5.920000076293945,5.920000076293945,11419200
2023-05-10,6.0,6.369999885559082,5.630000114440918,6.21999979019165,6.21999979019165,5820300
2023-05-11,2.755000114440918,3.1700000762939453,2.450000047683716,2.7899999618530273,2.7899999618530273,20573300
2023-05-12,2.880000114440918,2.9000000953674316,2.2300000190734863,2.2799999713897705,2.2799999713897705,8716800
2023-05-15,2.3450000286102295,3.25,2.25,3.2200000286102295,3.2200000286102295,17057600
2023-05-16,3.2200000286102295,3.444999933242798,2.950000047683716,3.309999942779541,3.309999942779541,7607400
2023-05-17,3.299999952316284,3.7200000286102295,3.2100000381469727,3.2300000190734863,3.2300000190734863,7132300
2023-05-18,3.1500000953674316,3.259999990463257,2.740000009536743,2.809999942779541,2.809999942779541,5884900
2023-05-19,2.859999895095825,3.2899999618530273,2.809999942779541,2.9700000286102295,2.9700000286102295,4527200
2023-05-22,3.069999933242798,3.1500000953674316,2.7899999618530273,2.7899999618530273,2.7899999618530273,4105600
2023-05-23,2.75,3.0199999809265137,2.75,2.7899999618530273,2.7899999618530273,3597500
2023-05-24,2.8399999141693115,2.8399999141693115,2.5399999618530273,2.559999942779541,2.559999942779541,2951400
2023-05-25,2.5299999713897705,2.559999942779541,2.3299999237060547,2.380000114440918,2.380000114440918,3332000
2023-05-26,2.4000000953674316,2.569999933242798,2.3499999046325684,2.5399999618530273,2.5399999618530273,2353000
2023-05-30,2.640000104904175,2.740000009536743,2.369999885559082,2.490000009536743,2.490000009536743,2568000
2023-05-31,2.490000009536743,2.75,2.4649999141693115,2.75,2.75,3118500
2023-06-01,2.7300000190734863,2.9649999141693115,2.634999990463257,2.940000057220459,2.940000057220459,2613300
2023-06-02,3.0199999809265137,3.069999933242798,2.7200000286102295,2.7699999809265137,2.7699999809265137,2688500
2023-06-05,2.799999952316284,3.0,2.680000066757202,2.7899999618530273,2.7899999618530273,2693000
2023-06-06,2.990000009536743,3.319999933242798,2.700000047683716,3.2899999618530273,3.2899999618530273,7424700
2023-06-07,3.2799999713897705,3.390000104904175,2.9700000286102295,3.049999952316284,3.049999952316284,3926500
2023-06-08,3.0799999237060547,3.0820000171661377,2.8499999046325684,2.9600000381469727,2.9600000381469727,2182200
2023-06-09,2.9700000286102295,3.0799999237060547,2.799999952316284,2.8399999141693115,2.8399999141693115,2701600
2023-06-12,2.890000104904175,3.0799999237060547,2.8399999141693115,2.859999895095825,2.859999895095825,2428900
2023-06-13,2.9600000381469727,3.1500000953674316,2.9200000762939453,2.990000009536743,2.990000009536743,2945300
2023-06-14,3.0,3.015000104904175,2.7899999618530273,2.869999885559082,2.869999885559082,2648300
2023-06-15,2.8499999046325684,2.9100000858306885,2.7799999713897705,2.7899999618530273,2.7899999618530273,2440200
2023-06-16,2.8499999046325684,2.859999895095825,2.640000104904175,2.740000009536743,2.740000009536743,5520200
2023-06-20,2.7100000381469727,2.9100000858306885,2.690000057220459,2.8399999141693115,2.8399999141693115,2581500
2023-06-21,2.799999952316284,2.8949999809265137,2.740000009536743,2.8499999046325684,2.8499999046325684,1663500
2023-06-22,2.809999942779541,2.880000114440918,2.7699999809265137,2.809999942779541,2.809999942779541,1145700
2023-06-23,2.759999990463257,2.8499999046325684,2.630000114440918,2.690000057220459,2.690000057220459,6333300
2023-06-26,2.680000066757202,2.680000066757202,2.5299999713897705,2.5899999141693115,2.5899999141693115,1672300
2023-06-27,2.609999895095825,2.630000114440918,2.440000057220459,2.619999885559082,2.619999885559082,1619900
2023-06-28,2.619999885559082,2.7200000286102295,2.569999933242798,2.6700000762939453,2.6700000762939453,1025400
2023-06-29,2.700000047683716,2.809999942779541,2.6500000953674316,2.7200000286102295,2.7200000286102295,1510400
2023-06-30,2.700000047683716,2.859999895095825,2.6700000762939453,2.7799999713897705,2.7799999713897705,1566100
2023-07-03,2.759999990463257,2.799999952316284,2.700000047683716,2.740000009536743,2.740000009536743,777200
2023-07-05,2.7300000190734863,2.7799999713897705,2.6600000858306885,2.7200000286102295,2.7200000286102295,1298200
2023-07-06,2.680000066757202,2.680000066757202,2.549999952316284,2.630000114440918,2.630000114440918,1033600
2023-07-07,2.630000114440918,2.75,2.5999999046325684,2.7200000286102295,2.7200000286102295,1135100
2023-07-10,2.7200000286102295,2.7950000762939453,2.638000011444092,2.6600000858306885,2.6600000858306885,3444700
2023-07-11,2.690000057220459,2.700000047683716,2.5399999618530273,2.559999942779541,2.559999942779541,1821700
2023-07-12,2.5999999046325684,2.6600000858306885,2.509999990463257,2.630000114440918,2.630000114440918,1604700
2023-07-13,2.640000104904175,2.7799999713897705,2.6050000190734863,2.700000047683716,2.700000047683716,2085000
2023-07-14,2.700000047683716,2.8499999046325684,2.694999933242798,2.7799999713897705,2.7799999713897705,2309600
2023-07-17,2.740000009536743,3.240000009536743,2.7119998931884766,3.0399999618530273,3.0399999618530273,4423800
2023-07-18,3.0199999809265137,3.1600000858306885,2.940000057220459,2.9700000286102295,2.9700000286102295,1872900
2023-07-19,2.9700000286102295,3.3299999237060547,2.9700000286102295,3.0999999046325684,3.0999999046325684,3803000
2023-07-20,3.0999999046325684,3.0999999046325684,2.7899999618530273,2.890000104904175,2.890000104904175,2293300
2023-07-21,2.950000047683716,2.950000047683716,2.75,2.809999942779541,2.809999942779541,2062700
2023-07-24,2.75,2.75,2.5199999809265137,2.6500000953674316,2.6500000953674316,2546200
2023-07-25,2.6500000953674316,2.6500000953674316,2.5199999809265137,2.575000047683716,2.575000047683716,1785800
2023-07-26,2.5299999713897705,2.5899999141693115,2.380000114440918,2.440000057220459,2.440000057220459,2298600
2023-07-27,2.490000009536743,2.490000009536743,2.2200000286102295,2.3299999237060547,2.3299999237060547,3307300
2023-07-28,2.3299999237060547,2.384999990463257,2.265000104904175,2.2899999618530273,2.2899999618530273,1921800
2023-07-31,2.299999952316284,2.319999933242798,2.180000066757202,2.200000047683716,2.200000047683716,2320700
2023-08-01,2.180000066757202,2.180000066757202,1.9800000190734863,2.0399999618530273,2.0399999618530273,3996900
2023-08-02,1.9299999475479126,1.9800000190734863,1.8350000381469727,1.940000057220459,1.940000057220459,2707400
2023-08-03,1.9600000381469727,2.190000057220459,1.9190000295639038,2.115000009536743,2.115000009536743,3523000
2023-08-04,2.180000066757202,2.190000057220459,2.0,2.009999990463257,2.009999990463257,2785400
2023-08-07,2.0,2.0,1.840000033378601,1.850000023841858,1.850000023841858,3812100
2023-08-08,1.809999942779541,1.9500000476837158,1.809999942779541,1.8600000143051147,1.8600000143051147,2602200
2023-08-09,1.850000023841858,1.850000023841858,1.659999966621399,1.6699999570846558,1.6699999570846558,2942000
2023-08-10,1.659999966621399,1.7899999618530273,1.649999976158142,1.7350000143051147,1.7350000143051147,1914500
2023-08-11,1.7200000286102295,1.8949999809265137,1.649999976158142,1.8300000429153442,1.8300000429153442,2647700
2023-08-14,1.8200000524520874,1.8899999856948853,1.715000033378601,1.850000023841858,1.850000023841858,2080300
2023-08-15,1.840000033378601,1.9900000095367432,1.7999999523162842,1.9600000381469727,1.9600000381469727,1754700
2023-08-16,1.9299999475479126,2.0399999618530273,1.8849999904632568,1.9600000381469727,1.9600000381469727,2121500
2023-08-17,1.9900000095367432,2.0199999809265137,1.8200000524520874,1.840000033378601,1.840000033378601,2046500
2023-08-18,1.809999942779541,1.9500000476837158,1.7899999618530273,1.809999942779541,1.809999942779541,1852300
2023-08-21,1.840000033378601,1.840000033378601,1.6200000047683716,1.6449999809265137,1.6449999809265137,3170000
2023-08-22,1.7000000476837158,1.7699999809265137,1.6699999570846558,1.7000000476837158,1.7000000476837158,2017800
2023-08-23,1.659999966621399,1.715000033378601,1.6200000047683716,1.659999966621399,1.659999966621399,1447700
2023-08-24,1.659999966621399,1.6699999570846558,1.600000023841858,1.600000023841858,1.600000023841858,1807600
2023-08-25,1.6100000143051147,1.7100000381469727,1.590000033378601,1.649999976158142,1.649999976158142,1976300
2023-08-28,1.6399999856948853,1.774999976158142,1.6200000047683716,1.649999976158142,1.649999976158142,2492500
2023-08-29,1.6299999952316284,1.6710000038146973,1.600000023841858,1.6299999952316284,1.6299999952316284,1185300
2023-08-30,1.6200000047683716,1.6950000524520874,1.6100000143051147,1.649999976158142,1.649999976158142,1687400
2023-08-31,1.649999976158142,1.7200000286102295,1.6100000143051147,1.6100000143051147,1.6100000143051147,1960000
2023-09-01,1.6200000047683716,1.6200000047683716,1.5099999904632568,1.5299999713897705,1.5299999713897705,1892600
2023-09-05,1.5399999618530273,1.590000033378601,1.4500000476837158,1.4600000381469727,1.4600000381469727,2706800
2023-09-06,1.4700000286102295,1.4800000190734863,1.3799999952316284,1.440000057220459,1.440000057220459,2133200
2023-09-07,1.4600000381469727,1.4600000381469727,1.2999999523162842,1.309999942779541,1.309999942779541,4156100
2023-09-08,1.309999942779541,1.3300000429153442,1.2699999809265137,1.2899999618530273,1.2899999618530273,3003100
2023-09-11,1.2999999523162842,1.5499999523162842,1.2799999713897705,1.5399999618530273,1.5399999618530273,10009500
2023-09-12,1.6100000143051147,1.784999966621399,1.5099999904632568,1.690000057220459,1.690000057220459,8828800
2023-09-13,1.7400000095367432,1.7799999713897705,1.6100000143051147,1.6399999856948853,1.6399999856948853,4387800
2023-09-14,1.649999976158142,1.7100000381469727,1.5700000524520874,1.690000057220459,1.690000057220459,3394600
2023-09-15,1.6799999475479126,1.8200000524520874,1.649999976158142,1.7999999523162842,1.7999999523162842,4192600
2023-09-18,1.8200000524520874,1.850000023841858,1.6200000047683716,1.6699999570846558,1.6699999570846558,4458500
2023-09-19,1.659999966621399,1.7999999523162842,1.6399999856948853,1.7899999618530273,1.7899999618530273,2735900
2023-09-20,1.7599999904632568,1.7899999618530273,1.6100000143051147,1.6749999523162842,1.6749999523162842,2343000
2023-09-21,1.649999976158142,1.659999966621399,1.5800000429153442,1.6349999904632568,1.6349999904632568,1800900
2023-09-22,1.6299999952316284,1.649999976158142,1.5700000524520874,1.649999976158142,1.649999976158142,1464400
2023-09-25,1.6100000143051147,1.715000033378601,1.590000033378601,1.6100000143051147,1.6100000143051147,2061000
2023-09-26,1.590000033378601,1.684999942779541,1.4450000524520874,1.4700000286102295,1.4700000286102295,2605300
2023-09-27,1.4900000095367432,1.6299999952316284,1.4800000190734863,1.5950000286102295,1.5950000286102295,1775300
2023-09-28,1.5700000524520874,1.659999966621399,1.5499999523162842,1.600000023841858,1.600000023841858,2371800
2023-09-29,1.6100000143051147,1.7200000286102295,1.6100000143051147,1.690000057220459,1.690000057220459,3586000
2023-10-02,1.7000000476837158,1.7000000476837158,1.5199999809265137,1.5299999713897705,1.5299999713897705,2429700
2023-10-03,1.5399999618530273,1.5399999618530273,1.4299999475479126,1.434999942779541,1.434999942779541,1968500
2023-10-04,1.4299999475479126,1.4299999475479126,1.309999942779541,1.3899999856948853,1.3899999856948853,2943000
2023-10-05,1.399999976158142,1.5099999904632568,1.3600000143051147,1.4800000190734863,1.4800000190734863,1928500
2023-10-06,1.4900000095367432,1.5,1.399999976158142,1.4199999570846558,1.4199999570846558,2031700
2023-10-09,1.399999976158142,1.4299999475479126,1.3550000190734863,1.4199999570846558,1.4199999570846558,1220400
2023-10-10,1.3899999856948853,1.4950000047683716,1.3899999856948853,1.4299999475479126,1.4299999475479126,1798000
2023-10-11,1.440000057220459,1.4800000190734863,1.3550000190734863,1.3600000143051147,1.3600000143051147,1587600
2023-10-12,1.3799999952316284,1.3799999952316284,1.25,1.2799999713897705,1.2799999713897705,2340100
2023-10-13,1.2699999809265137,1.3600000143051147,1.25,1.309999942779541,1.309999942779541,1627100
2023-10-16,1.2999999523162842,1.4199999570846558,1.284000039100647,1.3899999856948853,1.3899999856948853,1175600
2023-10-17,1.4299999475479126,1.4800000190734863,1.399999976158142,1.4500000476837158,1.4500000476837158,1360000
2023-10-18,1.4199999570846558,1.4900000095367432,1.399999976158142,1.409999966621399,1.409999966621399,898800
2023-10-19,1.3700000047683716,1.3799999952316284,1.25,1.2549999952316284,1.2549999952316284,1326900
2023-10-20,1.2899999618530273,1.3300000429153442,1.2699999809265137,1.2999999523162842,1.2999999523162842,982700
2023-10-23,1.399999976158142,1.600000023841858,1.2799999713897705,1.4299999475479126,1.4299999475479126,8608800
2023-10-24,1.4700000286102295,2.2200000286102295,1.440000057220459,1.7999999523162842,1.7999999523162842,26619600
2023-10-25,1.7400000095367432,1.8700000047683716,1.5609999895095825,1.5800000429153442,1.5800000429153442,4430300
2023-10-26,1.690000057220459,2.0899999141693115,1.6200000047683716,2.049999952316284,2.049999952316284,21266600
2023-10-27,2.109999895095825,2.7300000190734863,2.1089999675750732,2.4800000190734863,2.4800000190734863,33114000
2023-10-30,2.5899999141693115,3.0899999141693115,2.559999942779541,3.0799999237060547,3.0799999237060547,20374800
2023-10-31,2.9600000381469727,3.5399999618530273,2.75,3.140000104904175,3.140000104904175,18515800
2023-11-01,3.1600000858306885,3.490000009536743,2.9200000762939453,3.25,3.25,11488500
2023-11-02,3.2799999713897705,3.7799999713897705,3.180000066757202,3.700000047683716,3.700000047683716,12251800
2023-11-03,3.700000047683716,4.050000190734863,3.569999933242798,3.75,3.75,10077800
2023-11-06,3.7899999618530273,3.819999933242798,3.3499999046325684,3.5999999046325684,3.5999999046325684,6648700
2023-11-07,3.569999933242798,3.7100000381469727,3.4100000858306885,3.630000114440918,3.630000114440918,4138500
2023-11-08,3.5899999141693115,3.640000104904175,3.3299999237060547,3.430000066757202,3.430000066757202,4208500
2023-11-09,3.3499999046325684,3.380000114440918,2.7100000381469727,2.8450000286102295,2.8450000286102295,7928900
2023-11-10,2.690000057220459,3.1700000762939453,2.6649999618530273,3.109999895095825,3.109999895095825,6090300
2023-11-13,3.0899999141693115,3.549999952316284,2.940000057220459,3.440000057220459,3.440000057220459,7368500
2023-11-14,3.5999999046325684,3.6700000762939453,3.4200000762939453,3.630000114440918,3.630000114440918,4743500
2023-11-15,3.6500000953674316,4.130000114440918,3.621000051498413,4.090000152587891,4.090000152587891,5823900
2023-11-16,4.130000114440918,4.230000019073486,3.9200000762939453,4.090000152587891,4.090000152587891,4050500
2023-11-17,4.119999885559082,4.300000190734863,3.9100000858306885,4.139999866485596,4.139999866485596,4979200
2023-11-20,4.21999979019165,4.489999771118164,3.930000066757202,4.050000190734863,4.050000190734863,5300200
2023-11-21,4.079999923706055,4.079999923706055,3.7149999141693115,3.740000009536743,3.740000009536743,3600600
2023-11-22,3.9200000762939453,4.21999979019165,3.8239998817443848,4.190000057220459,4.190000057220459,4993100
2023-11-24,4.150000095367432,4.380000114440918,4.099999904632568,4.119999885559082,4.119999885559082,2333700
2023-11-27,4.150000095367432,4.320000171661377,4.110000133514404,4.21999979019165,4.21999979019165,3228700
2023-11-28,4.159999847412109,4.179999828338623,3.9600000381469727,4.039999961853027,4.039999961853027,2932900
2023-11-29,4.079999923706055,4.28000020980835,3.9700000286102295,3.9800000190734863,3.9800000190734863,3504200
2023-11-30,4.059999942779541,4.077000141143799,3.6500000953674316,3.680000066757202,3.680000066757202,4638700
2023-12-01,3.7100000381469727,3.799999952316284,3.555000066757202,3.7799999713897705,3.7799999713897705,3067200
2023-12-04,3.799999952316284,3.990000009536743,3.684999942779541,3.7200000286102295,3.7200000286102295,2895500
2023-12-05,3.700000047683716,3.7950000762939453,3.5999999046325684,3.680000066757202,3.680000066757202,1951100
2023-12-06,3.690000057220459,3.880000114440918,3.615999937057495,3.7200000286102295,3.7200000286102295,3041100
2023-12-07,3.7100000381469727,3.75,3.390000104904175,3.4600000381469727,3.4600000381469727,3706600
2023-12-08,3.390000104904175,3.5350000858306885,3.3499999046325684,3.430000066757202,3.430000066757202,2498500
2023-12-11,3.440000057220459,3.490000009536743,3.0999999046325684,3.180000066757202,3.180000066757202,4850800
2023-12-12,3.109999895095825,3.744999885559082,3.109999895095825,3.7200000286102295,3.7200000286102295,6701800
2023-12-13,3.7200000286102295,3.9749999046325684,3.5999999046325684,3.930000066757202,3.930000066757202,6202100
2023-12-14,3.9600000381469727,4.21999979019165,3.880000114440918,4.070000171661377,4.070000171661377,5922800
2023-12-15,4.190000057220459,4.349999904632568,4.070000171661377,4.300000190734863,4.300000190734863,17353600
2023-12-18,4.300000190734863,4.460000038146973,4.159999847412109,4.159999847412109,4.159999847412109,3961600
2023-12-19,4.170000076293945,4.36899995803833,4.170000076293945,4.260000228881836,4.260000228881836,2766800
2023-12-20,4.25,4.989999771118164,4.199999809265137,4.53000020980835,4.53000020980835,8055800
2023-12-21,4.659999847412109,4.75,4.059999942779541,4.079999923706055,4.079999923706055,4192100
2023-12-22,4.199999809265137,4.590000152587891,4.199999809265137,4.440000057220459,4.440000057220459,3363100
2023-12-26,4.519999980926514,4.75,4.429999828338623,4.639999866485596,4.639999866485596,2757200
2023-12-27,4.639999866485596,5.239999771118164,4.590000152587891,5.190000057220459,5.190000057220459,5732000
2023-12-28,5.21999979019165,5.281000137329102,4.949999809265137,5.210000038146973,5.210000038146973,3461700
2023-12-29,5.21999979019165,5.260000228881836,5.0,5.019999980926514,5.019999980926514,3371500
2024-01-02,4.989999771118164,5.239999771118164,4.849999904632568,5.239999771118164,5.239999771118164,3224200
2024-01-03,5.179999828338623,5.179999828338623,4.710000038146973,4.724999904632568,4.724999904632568,3860600
2024-01-04,4.860000133514404,5.019999980926514,4.699999809265137,4.829999923706055,4.829999923706055,2443000
2024-01-05,4.789999961853027,4.820000171661377,4.349999904632568,4.409999847412109,4.409999847412109,3366800
2024-01-08,4.420000076293945,4.480000019073486,4.090000152587891,4.46999979019165,4.46999979019165,3989200
2024-01-09,4.380000114440918,4.449999809265137,4.150000095367432,4.239999771118164,4.239999771118164,3115700
2024-01-10,4.199999809265137,4.320000171661377,4.119999885559082,4.190000057220459,4.190000057220459,2274800
2024-01-11,4.190000057220459,4.190000057220459,3.9000000953674316,3.9700000286102295,3.9700000286102295,3441700
2024-01-12,3.9800000190734863,4.409999847412109,3.809999942779541,3.8499999046325684,3.8499999046325684,3806900
2024-01-16,3.799999952316284,3.8499999046325684,3.6600000858306885,3.7699999809265137,3.7699999809265137,2424700
2024-01-17,3.700000047683716,3.7950000762939453,3.5799999237060547,3.6500000953674316,3.6500000953674316,3230100
2024-01-18,3.700000047683716,3.7699999809265137,3.430000066757202,3.630000114440918,3.630000114440918,3509400
2024-01-19,3.6500000953674316,3.6600000858306885,3.4600000381469727,3.5999999046325684,3.5999999046325684,2494700
2024-01-22,3.690000057220459,3.944000005722046,3.505000114440918,3.6500000953674316,3.6500000953674316,4316100
2024-01-23,3.690000057220459,3.799999952316284,3.2100000381469727,3.359999895095825,3.359999895095825,4652800
2024-01-24,3.380000114440918,3.489000082015991,3.2200000286102295,3.2249999046325684,3.2249999046325684,2982500
2024-01-25,3.240000009536743,3.3299999237060547,3.119999885559082,3.299999952316284,3.299999952316284,2679600
2024-01-26,3.359999895095825,3.549999952316284,3.244999885559082,3.2899999618530273,3.2899999618530273,2208500
2024-01-29,3.2899999618530273,3.6600000858306885,3.1700000762939453,3.6500000953674316,3.6500000953674316,3018400
2024-01-30,3.6600000858306885,3.6600000858306885,3.450000047683716,3.5199999809265137,3.5199999809265137,2881900
2024-01-31,3.4600000381469727,3.740000009536743,3.3399999141693115,3.359999895095825,3.359999895095825,4580200
2024-02-01,3.5,3.6500000953674316,3.384999990463257,3.6500000953674316,3.6500000953674316,4081400
2024-02-02,3.5299999713897705,4.369999885559082,3.5299999713897705,4.139999866485596,4.139999866485596,4361000
2024-02-05,4.059999942779541,4.114999771118164,3.759999990463257,4.039999961853027,4.039999961853027,5167700
2024-02-06,4.019999980926514,4.300000190734863,3.930000066757202,4.21999979019165,4.21999979019165,3709900
2024-02-07,4.21999979019165,4.369999885559082,4.074999809265137,4.139999866485596,4.139999866485596,2599800
2024-02-08,4.150000095367432,4.320000171661377,4.010000228881836,4.309999942779541,4.309999942779541,2487400
2024-02-09,4.329999923706055,4.630000114440918,4.289999961853027,4.579999923706055,4.579999923706055,3306300
2024-02-12,4.650000095367432,4.807000160217285,4.489999771118164,4.739999771118164,4.739999771118164,3556700
2024-02-13,4.574999809265137,4.619999885559082,4.179999828338623,4.230000019073486,4.230000019073486,3692800
2024-02-14,4.340000152587891,4.610000133514404,4.329999923706055,4.579999923706055,4.579999923706055,2507400
2024-02-15,4.670000076293945,4.829999923706055,4.579999923706055,4.78000020980835,4.78000020980835,3164400
2024-02-16,4.75,4.920000076293945,4.650000095367432,4.849999904632568,4.849999904632568,2226400
2024-02-20,4.809999942779541,4.869999885559082,4.389999866485596,4.730000019073486,4.730000019073486,4270800
2024-02-21,4.789999961853027,4.804999828338623,4.489999771118164,4.679999828338623,4.679999828338623,2407500
2024-02-22,4.769999980926514,5.25,4.701000213623047,5.239999771118164,5.239999771118164,5320500
2024-02-23,5.190000057220459,5.210000038146973,3.369999885559082,3.5,3.5,15544500
2024-02-26,4.059999942779541,4.489999771118164,3.75,4.190000057220459,4.190000057220459,10418900
2024-02-27,4.139999866485596,4.590000152587891,3.9200000762939453,4.590000152587891,4.590000152587891,5256800
2024-02-28,4.5,4.710000038146973,4.295000076293945,4.550000190734863,4.550000190734863,4090800
2024-02-29,4.670000076293945,4.989999771118164,4.590000152587891,4.730000019073486,4.730000019073486,4553600
2024-03-01,4.889999866485596,5.019999980926514,4.690000057220459,4.710000038146973,4.710000038146973,3215500
2024-03-04,4.800000190734863,5.099999904632568,4.489999771118164,5.070000171661377,5.070000171661377,3910100
2024-03-05,5.0,5.329999923706055,4.820000171661377,4.820000171661377,4.820000171661377,3663700
2024-03-06,5.019999980926514,5.150000095367432,4.900000095367432,5.079999923706055,5.079999923706055,3618000
2024-03-07,5.050000190734863,5.239999771118164,4.889999866485596,5.050000190734863,5.050000190734863,3252100
2024-03-08,5.159999847412109,5.550000190734863,4.940000057220459,5.489999771118164,5.489999771118164,4259800
2024-03-11,5.449999809265137,5.539999961853027,5.110000133514404,5.139999866485596,5.139999866485596,3639200
2024-03-12,5.210000038146973,5.309999942779541,5.050000190734863,5.050000190734863,5.050000190734863,2528500
2024-03-13,5.070000171661377,5.255000114440918,4.949999809265137,5.079999923706055,5.079999923706055,3012800
2024-03-14,5.039999961853027,5.199999809265137,4.860000133514404,4.909999847412109,4.909999847412109,2769700
2024-03-15,5.03000020980835,5.230000019073486,4.869999885559082,5.130000114440918,5.130000114440918,8955800
2024-03-18,5.170000076293945,5.36899995803833,5.014999866485596,5.230000019073486,5.230000019073486,3231100
2024-03-19,5.139999866485596,5.46999979019165,5.050000190734863,5.429999828338623,5.429999828338623,2856300
2024-03-20,5.5,6.199999809265137,5.485000133514404,5.989999771118164,5.989999771118164,8582000
2024-03-21,6.099999904632568,6.289999961853027,5.679999828338623,6.170000076293945,6.170000076293945,5010300
2024-03-22,6.199999809265137,6.78000020980835,5.885000228881836,6.070000171661377,6.070000171661377,5266600
2024-03-25,6.139999866485596,6.230000019073486,5.360000133514404,5.440000057220459,5.440000057220459,4439600
2024-03-26,5.5,5.650000095367432,5.09499979019165,5.119999885559082,5.119999885559082,2950100
2024-03-27,5.130000114440918,5.460000038146973,4.590000152587891,5.460000038146973,5.460000038146973,5237400
2024-03-28,5.409999847412109,5.820000171661377,5.349999904632568,5.369999885559082,5.369999885559082,4630600
2024-04-01,5.349999904632568,5.505000114440918,4.889999866485596,5.320000171661377,5.320000171661377,4689400
2024-04-02,5.21999979019165,5.519999980926514,5.090000152587891,5.269999980926514,5.269999980926514,3137600
2024-04-03,5.21999979019165,5.880000114440918,5.110000133514404,5.710000038146973,5.710000038146973,4153800
2024-04-04,5.739999771118164,5.989999771118164,5.465000152587891,5.619999885559082,5.619999885559082,3698000
2024-04-05,5.619999885559082,5.860000133514404,5.480000019073486,5.710000038146973,5.710000038146973,3308100
2024-04-08,5.75,6.179999828338623,5.590000152587891,6.170000076293945,6.170000076293945,3204800
2024-04-09,6.199999809265137,6.329999923706055,5.96999979019165,6.159999847412109,6.159999847412109,3396400
2024-04-10,5.985000133514404,6.130000114440918,5.732999801635742,5.960000038146973,5.960000038146973,4355500
2024-04-11,6.010000228881836,6.260000228881836,5.959000110626221,6.059999942779541,6.059999942779541,3349700
2024-04-12,6.050000190734863,6.09499979019165,4.730000019073486,5.110000133514404,5.110000133514404,6881900
2024-04-15,5.150000095367432,5.550000190734863,4.929999828338623,5.239999771118164,5.239999771118164,3844200
2024-04-16,5.119999885559082,5.119999885559082,4.849999904632568,4.920000076293945,4.920000076293945,2879700
2024-04-17,5.090000152587891,5.425000190734863,4.764999866485596,5.239999771118164,5.239999771118164,4755000
2024-04-18,5.090000152587891,5.28000020980835,4.909999847412109,4.909999847412109,4.909999847412109,3516800
2024-04-19,4.909999847412109,5.304999828338623,4.820000171661377,5.269999980926514,5.269999980926514,4571800
2024-04-22,5.269999980926514,5.349999904632568,4.920000076293945,4.940000057220459,4.940000057220459,5468500
2024-04-23,6.150000095367432,6.190000057220459,4.840000152587891,5.489999771118164,5.489999771118164,30697000
2024-04-24,5.429999828338623,5.71999979019165,4.789999961853027,4.820000171661377,4.820000171661377,7938400
2024-04-25,5.059999942779541,5.175000190734863,4.820000171661377,5.110000133514404,5.110000133514404,8556000
2024-04-26,5.110000133514404,7.739999771118164,4.920000076293945,7.349999904632568,7.349999904632568,40280200
2024-04-29,8.40999984741211,10.529999732971191,8.119999885559082,8.989999771118164,8.989999771118164,66104800
2024-04-30,8.880000114440918,9.390000343322754,7.900000095367432,7.989999771118164,7.989999771118164,15004100
2024-05-01,7.940000057220459,8.989999771118164,7.449999809265137,8.539999961853027,8.539999961853027,12801100
2024-05-02,8.720000267028809,9.119999885559082,8.25,8.970000267028809,8.970000267028809,9810000
2024-05-03,9.479999542236328,10.010000228881836,8.645000457763672,9.149999618530273,9.149999618530273,14704300
2024-05-06,9.210000038146973,9.47599983215332,7.71999979019165,7.809999942779541,7.809999942779541,10789500
2024-05-07,8.420000076293945,8.770000457763672,8.079999923706055,8.260000228881836,8.260000228881836,9581400
2024-05-08,8.020000457763672,8.140000343322754,7.675000190734863,7.920000076293945,7.920000076293945,5212700
2024-05-09,7.960000038146973,8.199999809265137,7.699999809265137,8.0600004196167,8.0600004196167,4499600
2024-05-10,7.880000114440918,8.3100004196167,7.730000019073486,8.119999885559082,8.119999885559082,4112200
2024-05-13,8.100000381469727,8.869999885559082,8.010000228881836,8.630000114440918,8.630000114440918,6184300
2024-05-14,8.539999961853027,9.15999984741211,8.260000228881836,8.399999618530273,8.399999618530273,6867000
2024-05-15,8.520000457763672,8.6899995803833,7.920000076293945,8.100000381469727,8.100000381469727,4694800
2024-05-16,8.0600004196167,8.16100025177002,7.650000095367432,7.75,7.75,4874100
2024-05-17,7.769999980926514,8.067999839782715,7.539999961853027,7.650000095367432,7.650000095367432,4923100
2024-05-20,7.579999923706055,7.639999866485596,6.880000114440918,7.039999961853027,7.039999961853027,7274000
2024-05-21,6.96999979019165,7.046000003814697,6.5,6.804999828338623,6.804999828338623,4884900
2024-05-22,6.78000020980835,7.179999828338623,6.670000076293945,6.940000057220459,6.940000057220459,4136100
2024-05-23,6.889999866485596,6.929999828338623,6.539999961853027,6.679999828338623,6.679999828338623,3452900
2024-05-24,6.730000019073486,6.760000228881836,6.360000133514404,6.519999980926514,6.519999980926514,1917100
2024-05-28,6.599999904632568,6.90500020980835,6.570000171661377,6.619999885559082,6.619999885559082,3992400
2024-05-29,6.420000076293945,6.539999961853027,6.295000076293945,6.420000076293945,6.420000076293945,2755200
2024-05-30,6.449999809265137,6.710000038146973,6.369999885559082,6.610000133514404,6.610000133514404,3132200
2024-05-31,6.610000133514404,7.0,6.389999866485596,6.420000076293945,6.420000076293945,3864700
2024-06-03,6.460000038146973,6.46999979019165,5.849999904632568,6.199999809265137,6.199999809265137,4758200
2024-06-04,6.199999809265137,6.295000076293945,6.070000171661377,6.150000095367432,6.150000095367432,2368400
2024-06-05,6.190000057220459,6.539999961853027,6.099999904632568,6.360000133514404,6.360000133514404,2803000
2024-06-06,6.210000038146973,6.309999942779541,6.03000020980835,6.090000152587891,6.090000152587891,2265100
2024-06-07,6.0,6.360000133514404,5.906000137329102,6.099999904632568,6.099999904632568,2496300
2024-06-10,6.050000190734863,6.264999866485596,5.929999828338623,6.239999771118164,6.239999771118164,3094400
2024-06-11,6.119999885559082,6.675000190734863,5.900000095367432,5.960000038146973,5.960000038146973,4791000
2024-06-12,6.139999866485596,6.15500020980835,5.489999771118164,5.599999904632568,5.599999904632568,5203400
2024-06-13,5.630000114440918,5.914999961853027,5.53000020980835,5.869999885559082,5.869999885559082,2659500
2024-06-14,5.920000076293945,6.050000190734863,5.659999847412109,5.960000038146973,5.960000038146973,2686200
2024-06-17,5.909999847412109,6.199999809265137,5.789999961853027,5.829999923706055,5.829999923706055,3684900
2024-06-18,5.840000152587891,6.349999904632568,5.800000190734863,6.230000019073486,6.230000019073486,2663700
2024-06-20,6.429999828338623,7.369999885559082,6.329999923706055,6.5,6.5,6298700
2024-06-21,6.699999809265137,7.348999977111816,6.5,7.260000228881836,7.260000228881836,14614700
2024-06-24,7.5,7.630000114440918,7.170000076293945,7.340000152587891,7.340000152587891,4934300
2024-06-25,7.230000019073486,7.360000133514404,6.989999771118164,7.269999980926514,7.269999980926514,3536900
2024-06-26,7.269999980926514,7.269999980926514,6.739999771118164,6.769999980926514,6.769999980926514,3089400
2024-06-27,6.670000076293945,6.739999771118164,6.309999942779541,6.539999961853027,6.539999961853027,2771500
2024-06-28,6.5,6.554999828338623,6.199999809265137,6.320000171661377,6.320000171661377,5920800
2024-07-01,6.380000114440918,6.650000095367432,6.239999771118164,6.269999980926514,6.269999980926514,2226900
2024-07-02,6.28000020980835,6.28000020980835,6.010000228881836,6.179999828338623,6.179999828338623,1669100
2024-07-03,6.179999828338623,6.34499979019165,6.170000076293945,6.28000020980835,6.28000020980835,766100
2024-07-05,6.170000076293945,6.380000114440918,6.138000011444092,6.360000133514404,6.360000133514404,1295600
2024-07-08,6.400000095367432,6.769999980926514,6.400000095367432,6.639999866485596,6.639999866485596,1841900
2024-07-09,6.550000190734863,6.618000030517578,6.369999885559082,6.5,6.5,1121400
2024-07-10,6.420000076293945,6.579999923706055,6.420000076293945,6.579999923706055,6.579999923706055,1130600
2024-07-11,6.730000019073486,6.800000190734863,6.610000133514404,6.699999809265137,6.699999809265137,1767800
2024-07-12,6.769999980926514,6.843999862670898,6.599999904632568,6.619999885559082,6.619999885559082,1599700
2024-07-15,6.670000076293945,6.704999923706055,6.324999809265137,6.360000133514404,6.360000133514404,2090700
2024-07-16,6.449999809265137,6.579999923706055,6.329999923706055,6.400000095367432,6.400000095367432,2164300
2024-07-17,6.360000133514404,6.360000133514404,6.065000057220459,6.130000114440918,6.130000114440918,2347400
2024-07-18,6.150000095367432,6.309999942779541,5.820000171661377,5.980000019073486,5.980000019073486,2697300
2024-07-19,5.929999828338623,6.019999980926514,5.75,5.789999961853027,5.789999961853027,1762900
2024-07-22,5.849999904632568,5.889999866485596,5.599999904632568,5.710000038146973,5.710000038146973,2519800
2024-07-23,5.619999885559082,5.809999942779541,5.610000133514404,5.650000095367432,5.650000095367432,1583400
2024-07-24,5.559999942779541,5.679999828338623,5.269999980926514,5.329999923706055,5.329999923706055,2820400
2024-07-25,5.340000152587891,5.71999979019165,5.329999923706055,5.489999771118164,5.489999771118164,2498300
2024-07-26,5.610000133514404,5.789999961853027,5.51800012588501,5.610000133514404,5.610000133514404,1708500
2024-07-29,5.610000133514404,5.625,5.320000171661377,5.429999828338623,5.429999828338623,2602600
2024-07-30,5.400000095367432,5.545000076293945,5.250999927520752,5.28000020980835,5.28000020980835,2367300
2024-07-31,5.309999942779541,5.409999847412109,5.114999771118164,5.150000095367432,5.150000095367432,3903100
2024-08-01,5.150000095367432,5.199999809265137,4.559999942779541,4.789999961853027,4.789999961853027,4392600
2024-08-02,4.599999904632568,4.769999980926514,4.449999809265137,4.679999828338623,4.679999828338623,3374600
2024-08-05,4.25,4.574999809265137,4.119999885559082,4.400000095367432,4.400000095367432,4837500
2024-08-06,4.449999809265137,4.769999980926514,4.289999961853027,4.300000190734863,4.300000190734863,3624100
2024-08-07,4.409999847412109,4.449999809265137,4.119999885559082,4.159999847412109,4.159999847412109,2578900
2024-08-08,4.199999809265137,4.427999973297119,4.190000057220459,4.349999904632568,4.349999904632568,2112900
2024-08-09,4.429999828338623,4.670000076293945,4.28000020980835,4.539999961853027,4.539999961853027,2498100
2024-08-12,4.489999771118164,4.614999771118164,4.369999885559082,4.420000076293945,4.420000076293945,3199200
2024-08-13,4.409999847412109,4.434999942779541,3.559999942779541,3.759999990463257,3.759999990463257,8339900
2024-08-14,3.759999990463257,3.9749999046325684,3.5199999809265137,3.880000114440918,3.880000114440918,5225500
2024-08-15,3.8499999046325684,4.059999942779541,3.694999933242798,3.9800000190734863,3.9800000190734863,2855600
2024-08-16,4.010000228881836,4.090000152587891,3.880000114440918,4.010000228881836,4.010000228881836,2340100
2024-08-19,3.930000066757202,4.0,3.630000114440918,4.0,4.0,6558100
2024-08-20,3.990000009536743,4.150000095367432,3.940000057220459,3.9700000286102295,3.9700000286102295,2219700
2024-08-21,4.0,4.414999961853027,3.9700000286102295,4.400000095367432,4.400000095367432,3619700
2024-08-22,4.380000114440918,4.46999979019165,4.130000114440918,4.159999847412109,4.159999847412109,2210700
2024-08-23,4.260000228881836,4.360000133514404,4.179999828338623,4.25,4.25,1934700
2024-08-26,4.269999980926514,4.429999828338623,4.179999828338623,4.210000038146973,4.210000038146973,2204100
2024-08-27,4.199999809265137,4.25,4.114999771118164,4.190000057220459,4.190000057220459,1518100
2024-08-28,4.179999828338623,4.25,4.059999942779541,4.059999942779541,4.059999942779541,1508200
2024-08-29,4.070000171661377,4.144999980926514,3.759999990463257,3.799999952316284,3.799999952316284,2514000
2024-08-30,3.8299999237060547,4.019999980926514,3.819999933242798,3.950000047683716,3.950000047683716,2278400
2024-09-03,3.930000066757202,3.950000047683716,3.6600000858306885,3.700000047683716,3.700000047683716,3124600
2024-09-04,3.6600000858306885,3.7850000858306885,3.5799999237060547,3.700000047683716,3.700000047683716,2791300
2024-09-05,3.700000047683716,3.7200000286102295,3.4130001068115234,3.450000047683716,3.450000047683716,4360400
2024-09-06,3.4700000286102295,3.559999942779541,3.3299999237060547,3.380000114440918,3.380000114440918,2311000
2024-09-09,3.450000047683716,3.740000009536743,3.390000104904175,3.549999952316284,3.549999952316284,4090000
2024-09-10,3.549999952316284,3.700000047683716,3.4200000762939453,3.619999885559082,3.619999885559082,3173300
2024-09-11,3.700000047683716,3.7200000286102295,3.569999933242798,3.619999885559082,3.619999885559082,2006400
2024-09-12,3.609999895095825,3.697999954223633,3.490000009536743,3.490000009536743,3.490000009536743,2037300
2024-09-13,3.5199999809265137,3.690000057220459,3.5199999809265137,3.5799999237060547,3.5799999237060547,2206900
2024-09-16,3.5799999237060547,3.6500000953674316,3.4149999618530273,3.490000009536743,3.490000009536743,2188100
2024-09-17,3.4600000381469727,3.5399999618530273,3.2300000190734863,3.319999933242798,3.319999933242798,2891300
2024-09-18,3.319999933242798,3.630000114440918,3.2899999618530273,3.4200000762939453,3.4200000762939453,3431500
2024-09-19,3.509999990463257,3.559999942779541,3.4100000858306885,3.4800000190734863,3.4800000190734863,3043100
2024-09-20,3.4800000190734863,3.5450000762939453,3.390000104904175,3.5199999809265137,3.5199999809265137,4234500
2024-09-23,3.5199999809265137,3.5299999713897705,3.3499999046325684,3.440000057220459,3.440000057220459,2893800
2024-09-24,3.4700000286102295,3.640000104904175,3.384999990463257,3.5999999046325684,3.5999999046325684,2310500
2024-09-25,3.559999942779541,3.640000104904175,3.490000009536743,3.559999942779541,3.559999942779541,1460100
2024-09-26,3.630000114440918,3.9100000858306885,3.559999942779541,3.9000000953674316,3.9000000953674316,2352000
2024-09-27,3.930000066757202,4.039999961853027,3.8499999046325684,3.930000066757202,3.930000066757202,3176900
2024-09-30,3.930000066757202,3.936000108718872,3.694999933242798,3.7200000286102295,3.7200000286102295,2141700
2024-10-01,3.6700000762939453,3.7149999141693115,3.5399999618530273,3.5999999046325684,3.5999999046325684,2342800
2024-10-02,3.640000104904175,3.680000066757202,3.5450000762939453,3.569999933242798,3.569999933242798,1707900
2024-10-03,3.5,3.5299999713897705,3.369999885559082,3.4000000953674316,3.4000000953674316,2190300
2024-10-04,3.4200000762939453,3.4749999046325684,3.375,3.430000066757202,3.430000066757202,1542700
2024-10-07,3.4000000953674316,3.559999942779541,3.390000104904175,3.490000009536743,3.490000009536743,2980700
2024-10-08,3.450000047683716,3.619999885559082,3.434999942779541,3.5199999809265137,3.5199999809265137,1186100
2024-10-09,3.490000009536743,3.5199999809265137,3.299999952316284,3.319999933242798,3.319999933242798,2429300
2024-10-10,3.299999952316284,3.319999933242798,3.2119998931884766,3.2300000190734863,3.2300000190734863,2304800
2024-10-11,3.200000047683716,3.7200000286102295,3.194000005722046,3.6500000953674316,3.6500000953674316,3079100
2024-10-14,3.5999999046325684,3.740000009536743,3.5450000762939453,3.7200000286102295,3.7200000286102295,1860500
2024-10-15,3.6700000762939453,3.8499999046325684,3.5899999141693115,3.700000047683716,3.700000047683716,2304900
2024-10-16,3.700000047683716,3.7799999713897705,3.5999999046325684,3.7100000381469727,3.7100000381469727,1919200
2024-10-17,3.7300000190734863,3.7300000190734863,3.430000066757202,3.440000057220459,3.440000057220459,2498200
2024-10-18,3.5,3.5899999141693115,3.440000057220459,3.549999952316284,3.549999952316284,1398700
2024-10-21,3.509999990463257,3.559999942779541,3.421999931335449,3.549999952316284,3.549999952316284,1649400
2024-10-22,3.5199999809265137,3.5899999141693115,3.4600000381469727,3.490000009536743,3.490000009536743,1114200
2024-10-23,3.640000104904175,3.819999933242798,3.369999885559082,3.4600000381469727,3.4600000381469727,5144900
2024-10-24,3.5,4.264999866485596,3.450000047683716,4.210000038146973,4.210000038146973,12631300
2024-10-25,4.940000057220459,7.480000019073486,4.699999809265137,5.320000171661377,5.320000171661377,64835500
2024-10-28,5.860000133514404,6.820000171661377,5.659999847412109,6.170000076293945,6.170000076293945,30950100
2024-10-29,6.25,6.328999996185303,5.519999980926514,5.610000133514404,5.610000133514404,12379700
2024-10-30,5.449999809265137,6.079999923706055,5.300000190734863,5.639999866485596,5.639999866485596,9340100
2024-10-31,5.510000228881836,5.630000114440918,5.039999961853027,5.210000038146973,5.210000038146973,7676800
2024-11-01,5.239999771118164,5.340000152587891,5.070000171661377,5.28000020980835,5.28000020980835,4434700
2024-11-04,5.210000038146973,5.309999942779541,4.960000038146973,5.199999809265137,5.199999809265137,3988500
2024-11-05,5.110000133514404,5.539999961853027,5.0,5.440000057220459,5.440000057220459,5004300
2024-11-06,5.590000152587891,5.739999771118164,5.150000095367432,5.420000076293945,5.420000076293945,9715600
2024-11-07,5.389999866485596,5.599999904632568,5.190000057220459,5.300000190734863,5.300000190734863,4543300
2024-11-08,5.25,5.579999923706055,5.139999866485596,5.570000171661377,5.570000171661377,5617800
2024-11-11,5.650000095367432,5.880000114440918,5.110000133514404,5.449999809265137,5.449999809265137,5134500
2024-11-12,5.360000133514404,5.440000057220459,4.565000057220459,4.949999809265137,4.949999809265137,10311900
2024-11-13,4.980000019073486,5.050000190734863,4.809999942779541,4.829999923706055,4.829999923706055,4152100
2024-11-14,4.869999885559082,5.079999923706055,4.650000095367432,4.869999885559082,4.869999885559082,4959500
2024-11-15,4.940000057220459,4.940000057220459,4.429999828338623,4.489999771118164,4.489999771118164,5139500
2024-11-18,4.5,5.039999961853027,4.449999809265137,5.010000228881836,5.010000228881836,4694500
2024-11-19,5.079999923706055,5.380000114440918,5.050000190734863,5.349999904632568,5.349999904632568,4171700
2024-11-20,5.320000171661377,5.329999923706055,4.795000076293945,4.875,4.875,5056400
2024-11-21,4.909999847412109,5.150000095367432,4.8379998207092285,5.034999847412109,5.034999847412109,3367900
2024-11-22,5.039999961853027,5.15500020980835,4.880000114440918,5.099999904632568,5.099999904632568,3420700
2024-11-25,5.239999771118164,5.429999828338623,5.010000228881836,5.039999961853027,5.039999961853027,3155500
2024-11-26,4.980000019073486,5.179999828338623,4.849999904632568,5.119999885559082,5.119999885559082,2991600
2024-11-27,5.199999809265137,5.21999979019165,4.960000038146973,5.099999904632568,5.099999904632568,1506300
2024-11-29,5.039999961853027,5.159999847412109,5.014999866485596,5.039999961853027,5.039999961853027,1793400
2024-12-02,5.0,5.125,4.860000133514404,4.96999979019165,4.96999979019165,4238200
2024-12-03,4.920000076293945,4.980000019073486,4.559999942779541,4.559999942779541,4.559999942779541,3976300
2024-12-04,4.599999904632568,4.75,4.579999923706055,4.739999771118164,4.739999771118164,3041800
2024-12-05,4.800000190734863,4.849999904632568,4.539999961853027,4.570000171661377,4.570000171661377,2350300
2024-12-06,4.570000171661377,4.960000038146973,4.570000171661377,4.960000038146973,4.960000038146973,3476000
2024-12-09,5.079999923706055,5.119999885559082,4.789999961853027,4.800000190734863,4.800000190734863,3930900
2024-12-10,4.760000228881836,4.849999904632568,4.610000133514404,4.639999866485596,4.639999866485596,2974500
2024-12-11,3.2799999713897705,3.450000047683716,3.059999942779541,3.1500000953674316,3.1500000953674316,28653800
2024-12-12,3.200000047683716,3.380000114440918,2.9730000495910645,3.0399999618530273,3.0399999618530273,9945300
2024-12-13,3.0799999237060547,3.130000114440918,2.815000057220459,2.869999885559082,2.869999885559082,8883200
2024-12-16,2.9100000858306885,3.180000066757202,2.8499999046325684,3.059999942779541,3.059999942779541,10199700
2024-12-17,3.0,3.0299999713897705,2.819999933242798,2.8299999237060547,2.8299999237060547,10250400
2024-12-18,2.809999942779541,2.8450000286102295,2.609999895095825,2.6500000953674316,2.6500000953674316,5589200
2024-12-19,2.75,2.75,2.6500000953674316,2.6700000762939453,2.6700000762939453,4227000
2024-12-20,2.6600000858306885,2.7070000171661377,2.609999895095825,2.619999885559082,2.619999885559082,7886500
2024-12-23,2.619999885559082,2.690000057220459,2.5,2.6700000762939453,2.6700000762939453,3693300
2024-12-24,2.700000047683716,2.75,2.5999999046325684,2.630000114440918,2.630000114440918,2016900
2024-12-26,2.5799999237060547,2.755000114440918,2.549999952316284,2.690000057220459,2.690000057220459,4472200
2024-12-27,2.690000057220459,2.859999895095825,2.630000114440918,2.7799999713897705,2.7799999713897705,8062200
2024-12-30,2.75,2.759999990463257,2.575000047683716,2.680000066757202,2.680000066757202,8014100
2024-12-31,2.7100000381469727,2.7699999809265137,2.509999990463257,2.559999942779541,2.559999942779541,5284900
2025-01-02,2.5799999237060547,2.6649999618530273,2.5399999618530273,2.569999933242798,2.569999933242798,4202800
2025-01-03,2.5999999046325684,2.809999942779541,2.5850000381469727,2.809999942779541,2.809999942779541,4895100
2025-01-06,2.9200000762939453,2.9749999046325684,2.759999990463257,2.759999990463257,2.759999990463257,4846400
2025-01-07,2.799999952316284,2.880000114440918,2.6700000762939453,2.7300000190734863,2.7300000190734863,4138100
2025-01-08,2.6600000858306885,2.7200000286102295,2.549999952316284,2.559999942779541,2.559999942779541,3918800
2025-01-10,2.569999933242798,2.5999999046325684,2.380000114440918,2.4200000762939453,2.4200000762939453,6346700
2025-01-13,2.4200000762939453,2.5299999713897705,2.3399999141693115,2.4800000190734863,2.4800000190734863,5561400
2025-01-14,2.490000009536743,2.5399999618530273,2.2799999713897705,2.319999933242798,2.319999933242798,6068100
2025-01-15,2.440000057220459,2.494999885559082,2.315000057220459,2.390000104904175,2.390000104904175,4377700
2025-01-16,2.4100000858306885,3.049999952316284,2.4000000953674316,3.0399999618530273,3.0399999618530273,19786200
2025-01-17,3.200000047683716,3.299999952316284,2.930000066757202,2.940000057220459,2.940000057220459,11811600
2025-01-21,2.9700000286102295,3.25,2.819999933242798,3.2200000286102295,3.2200000286102295,7653800
2025-01-22,3.2300000190734863,3.3499999046325684,3.059999942779541,3.2200000286102295,3.2200000286102295,5480700
2025-01-23,3.2200000286102295,3.2850000858306885,3.065000057220459,3.119999885559082,3.119999885559082,4247400
2025-01-24,3.0799999237060547,3.25,2.950000047683716,3.1700000762939453,3.1700000762939453,5107500
2025-01-27,3.069999933242798,3.2699999809265137,3.059999942779541,3.130000114440918,3.130000114440918,7534100
2025-01-28,3.119999885559082,3.130000114440918,2.9100000858306885,3.0799999237060547,3.0799999237060547,3462600
2025-01-29,3.1500000953674316,3.7200000286102295,3.0999999046325684,3.1600000858306885,3.1600000858306885,14347300
2025-01-30,3.180000066757202,3.490000009536743,3.0799999237060547,3.4700000286102295,3.4700000286102295,6263600
2025-01-31,3.450000047683716,3.6500000953674316,3.359999895095825,3.450000047683716,3.450000047683716,5923000
2025-02-03,3.259999990463257,3.309999942779541,3.1050000190734863,3.200000047683716,3.200000047683716,4474200
2025-02-04,3.180000066757202,3.240000009536743,3.119999885559082,3.190000057220459,3.190000057220459,2697200
2025-02-05,3.190000057220459,3.319999933242798,3.119999885559082,3.190000057220459,3.190000057220459,4572500
2025-02-06,3.200000047683716,3.319999933242798,3.130000114440918,3.309999942779541,3.309999942779541,3345200
2025-02-07,3.3399999141693115,3.4600000381469727,3.190000057220459,3.359999895095825,3.359999895095825,4254900
2025-02-10,3.4200000762939453,3.440000057220459,3.2699999809265137,3.390000104904175,3.390000104904175,3387600
2025-02-11,3.3399999141693115,3.3499999046325684,3.1500000953674316,3.1700000762939453,3.1700000762939453,3766600
2025-02-12,3.069999933242798,3.2750000953674316,3.069999933242798,3.240000009536743,3.240000009536743,3023000
2025-02-13,3.259999990463257,3.385999917984009,3.2300000190734863,3.319999933242798,3.319999933242798,2708900
2025-02-14,3.380000114440918,3.928999900817871,3.3610000610351562,3.619999885559082,3.619999885559082,9757700
2025-02-18,3.640000104904175,3.740000009536743,3.3499999046325684,3.3499999046325684,3.3499999046325684,5538500
2025-02-19,3.4000000953674316,4.269999980926514,3.371000051498413,3.9000000953674316,3.9000000953674316,18618500
2025-02-20,3.890000104904175,3.930000066757202,3.549999952316284,3.640000104904175,3.640000104904175,6351000
2025-02-21,3.6600000858306885,3.75,3.4000000953674316,3.4200000762939453,3.4200000762939453,5166200
2025-02-24,3.4000000953674316,3.440000057220459,3.200000047683716,3.2200000286102295,3.2200000286102295,4240700
2025-02-25,3.200000047683716,3.2300000190734863,2.950000047683716,3.0299999713897705,3.0299999713897705,6135900
2025-02-26,3.130000114440918,3.1600000858306885,2.950000047683716,3.0,3.0,4275200
2025-02-27,3.0,3.115000009536743,2.8399999141693115,2.859999895095825,2.859999895095825,5396600
2025-02-28,3.119999885559082,3.509999990463257,3.049999952316284,3.2899999618530273,3.2899999618530273,13128000
2025-03-03,3.2019999027252197,3.25,2.799999952316284,2.8499999046325684,2.8499999046325684,8632800
2025-03-04,2.799999952316284,3.1700000762939453,2.700000047683716,3.0199999809265137,3.0199999809265137,8908400
2025-03-05,3.049999952316284,3.0999999046325684,2.930000066757202,3.059999942779541,3.059999942779541,5015900
2025-03-06,3.0199999809265137,3.1600000858306885,2.950000047683716,2.990000009536743,2.990000009536743,4007300
2025-03-07,2.950000047683716,3.065000057220459,2.9100000858306885,3.0,3.0,4124400
2025-03-10,2.950000047683716,3.055999994277954,2.869999885559082,2.9100000858306885,2.9100000858306885,5950400
2025-03-11,2.9000000953674316,2.9200000762939453,2.7300000190734863,2.819999933242798,2.819999933242798,5163200
2025-03-12,2.890000104904175,2.9800000190734863,2.799999952316284,2.869999885559082,2.869999885559082,3444800
2025-03-13,2.8399999141693115,3.0299999713897705,2.8350000381469727,2.9000000953674316,2.9000000953674316,4286800
2025-03-14,2.950000047683716,2.9800000190734863,2.7850000858306885,2.869999885559082,2.869999885559082,3724400
2025-03-17,2.869999885559082,3.005000114440918,2.8350000381469727,2.9100000858306885,2.9100000858306885,3346800
2025-03-18,2.859999895095825,2.9000000953674316,2.7200000286102295,2.809999942779541,2.809999942779541,4165100
2025-03-19,2.799999952316284,2.819999933242798,2.700000047683716,2.759999990463257,2.759999990463257,4358600
2025-03-20,2.759999990463257,2.8399999141693115,2.7200000286102295,2.75,2.75,3544500
2025-03-21,2.7100000381469727,2.7899999618530273,2.680000066757202,2.7100000381469727,2.7100000381469727,9105100
2025-03-24,2.75,2.884999990463257,2.7100000381469727,2.8499999046325684,2.8499999046325684,4479400
2025-03-25,2.8299999237060547,2.869999885559082,2.690000057220459,2.740000009536743,2.740000009536743,3911600
2025-03-26,2.75,2.799999952316284,2.7100000381469727,2.7799999713897705,2.7799999713897705,4369000
2025-03-27,2.7799999713897705,3.375,2.7799999713897705,3.359999895095825,3.359999895095825,16428200
2025-03-28,3.4100000858306885,3.4700000286102295,3.0199999809265137,3.140000104904175,3.140000104904175,8811600
2025-03-31,3.109999895095825,3.1500000953674316,2.9200000762939453,3.009999990463257,3.009999990463257,6797600
2025-04-01,3.0299999713897705,3.259999990463257,2.9149999618530273,2.9600000381469727,2.9600000381469727,6401500
2025-04-02,2.9600000381469727,3.130000114440918,2.9000000953674316,3.049999952316284,3.049999952316284,5267300
2025-04-03,2.9700000286102295,3.059999942779541,2.9049999713897705,2.9700000286102295,2.9700000286102295,6034500
2025-04-04,2.890000104904175,2.9549999237060547,2.740000009536743,2.8299999237060547,2.8299999237060547,7969300
2025-04-07,2.7300000190734863,2.940000057220459,2.559999942779541,2.7200000286102295,2.7200000286102295,12850700
2025-04-08,2.8299999237060547,2.8299999237060547,2.380000114440918,2.4200000762939453,2.4200000762939453,10241400
2025-04-09,2.430000066757202,2.734999895095825,2.3499999046325684,2.5999999046325684,2.5999999046325684,10055800
2025-04-10,2.5999999046325684,2.5999999046325684,2.380000114440918,2.4600000381469727,2.4600000381469727,8320400
2025-04-11,2.4800000190734863,2.6449999809265137,2.4200000762939453,2.630000114440918,2.630000114440918,6870600
2025-04-14,2.700000047683716,3.0350000858306885,2.690000057220459,2.890000104904175,2.890000104904175,11005600
2025-04-15,2.9700000286102295,3.0299999713897705,2.700000047683716,2.7799999713897705,2.7799999713897705,8829100
2025-04-16,2.7300000190734863,2.75,2.390000104904175,2.4800000190734863,2.4800000190734863,8278100
2025-04-17,2.4700000286102295,2.5,2.390000104904175,2.4700000286102295,2.4700000286102295,4706700
2025-04-21,2.450000047683716,2.5799999237060547,2.4049999713897705,2.509999990463257,2.509999990463257,4701300
2025-04-22,2.5399999618530273,2.75,2.5399999618530273,2.690000057220459,2.690000057220459,6178100
2025-04-23,2.799999952316284,2.869999885559082,2.680000066757202,2.690000057220459,2.690000057220459,5650900
2025-04-24,2.700000047683716,2.7300000190734863,2.630000114440918,2.690000057220459,2.690000057220459,3360000
2025-04-25,2.6700000762939453,2.6700000762939453,2.549999952316284,2.609999895095825,2.609999895095825,3296900
2025-04-28,2.6500000953674316,2.7799999713897705,2.5799999237060547,2.630000114440918,2.630000114440918,3701100
2025-04-29,2.619999885559082,2.630000114440918,2.4800000190734863,2.490000009536743,2.490000009536743,4433100
2025-04-30,2.450000047683716,2.509999990463257,2.4100000858306885,2.509999990463257,2.509999990463257,3470600
2025-05-01,2.5399999618530273,2.5399999618530273,2.430000066757202,2.490000009536743,2.490000009536743,3132900
2025-05-02,2.5399999618530273,2.630000114440918,2.5299999713897705,2.5399999618530273,2.5399999618530273,3797000
2025-05-05,2.2699999809265137,2.424999952316284,2.0,2.0999999046325684,2.0999999046325684,31017900
2025-05-06,2.0999999046325684,2.2699999809265137,1.9600000381469727,2.009999990463257,2.009999990463257,22458400
2025-05-07,2.005000114440918,2.005000114440918,1.8300000429153442,1.8899999856948853,1.8899999856948853,14737100
2025-05-08,1.9800000190734863,2.1700000762939453,1.909999966621399,2.0899999141693115,2.0899999141693115,17767200
2025-05-09,2.0950000286102295,2.2100000381469727,2.0299999713897705,2.069999933242798,2.069999933242798,6528800
2025-05-12,2.255000114440918,2.4600000381469727,2.200000047683716,2.359999895095825,2.359999895095825,12700700
2025-05-13,2.4200000762939453,2.619999885559082,2.328000068664551,2.509999990463257,2.509999990463257,14881200
2025-05-14,2.509999990463257,2.5899999141693115,2.390000104904175,2.490000009536743,2.490000009536743,9771700
2025-05-15,2.509999990463257,2.740000009536743,2.4660000801086426,2.6700000762939453,2.6700000762939453,9328500
2025-05-16,2.690000057220459,2.9100000858306885,2.6700000762939453,2.8399999141693115,2.8399999141693115,8765500
2025-05-19,2.8299999237060547,2.888000011444092,2.6649999618530273,2.799999952316284,2.799999952316284,10266000
2025-05-20,2.890000104904175,3.055000066757202,2.7799999713897705,2.9000000953674316,2.9000000953674316,12477400
2025-05-21,2.859999895095825,2.9049999713897705,2.640000104904175,2.6500000953674316,2.6500000953674316,9684500
2025-05-22,2.634999990463257,2.75,2.5810000896453857,2.680000066757202,2.680000066757202,8131300
2025-05-23,2.5899999141693115,2.630000114440918,2.4700000286102295,2.5299999713897705,2.5299999713897705,6287900
2025-05-27,2.7100000381469727,2.7899999618530273,2.5199999809265137,2.5299999713897705,2.5299999713897705,7734000
2025-05-28,2.5199999809265137,2.559999942779541,2.430000066757202,2.4600000381469727,2.4600000381469727,4323700
2025-05-29,2.5,2.6500000953674316,2.4600000381469727,2.5999999046325684,2.5999999046325684,6437900
2025-05-30,2.609999895095825,2.7100000381469727,2.505000114440918,2.6600000858306885,2.6600000858306885,9458700
2025-06-02,2.765000104904175,2.880000114440918,2.6500000953674316,2.6700000762939453,2.6700000762939453,12149800
2025-06-03,2.7300000190734863,2.7899999618530273,2.619999885559082,2.7100000381469727,2.7100000381469727,8402900
2025-06-04,2.75,2.9800000190734863,2.6600000858306885,2.930000066757202,2.930000066757202,11300600
2025-06-05,2.9000000953674316,3.015000104904175,2.8299999237060547,2.9000000953674316,2.9000000953674316,7127800
2025-06-06,2.950000047683716,3.319999933242798,2.950000047683716,3.1500000953674316,3.1500000953674316,18810200
2025-06-09,3.2899999618530273,3.5299999713897705,3.2249999046325684,3.440000057220459,3.440000057220459,25901100
2025-06-10,3.5,3.759999990463257,3.3299999237060547,3.3399999141693115,3.3399999141693115,16670300
2025-06-11,3.3399999141693115,3.4000000953674316,3.2100000381469727,3.240000009536743,3.240000009536743,8691200
2025-06-12,3.190000057220459,3.365000009536743,3.1700000762939453,3.190000057220459,3.190000057220459,8667500
2025-06-13,3.0299999713897705,3.1549999713897705,3.009999990463257,3.069999933242798,3.069999933242798,16731800
2025-06-16,3.0799999237060547,3.240000009536743,3.0399999618530273,3.130000114440918,3.130000114440918,7141600
2025-06-17,3.119999885559082,3.119999885559082,2.7699999809265137,2.8399999141693115,2.8399999141693115,9589200
2025-06-18,2.869999885559082,2.9600000381469727,2.8299999237060547,2.8399999141693115,2.8399999141693115,5555600
2025-06-20,2.859999895095825,2.930000066757202,2.8299999237060547,2.869999885559082,2.869999885559082,9118400
2025-06-23,2.809999942779541,2.869999885559082,2.640000104904175,2.759999990463257,2.759999990463257,6737600
2025-06-24,2.7899999618530273,2.868000030517578,2.765000104904175,2.7899999618530273,2.7899999618530273,4490900
2025-06-25,2.8010001182556152,2.8010001182556152,2.6500000953674316,2.759999990463257,2.759999990463257,5272400
2025-06-26,2.75,2.819999933242798,2.740000009536743,2.7899999618530273,2.7899999618530273,3495100
2025-06-27,2.7899999618530273,2.805000066757202,2.6600000858306885,2.700000047683716,2.700000047683716,15458500
2025-06-30,2.740000009536743,2.7850000858306885,2.619999885559082,2.640000104904175,2.640000104904175,5164400
2025-07-01,2.5999999046325684,2.690000057220459,2.5,2.569999933242798,2.569999933242798,5306000
2025-07-02,2.559999942779541,2.7699999809265137,2.549999952316284,2.640000104904175,2.640000104904175,6770800
2025-07-03,2.7100000381469727,2.75,2.6449999809265137,2.7200000286102295,2.7200000286102295,3275300
2025-07-07,2.8949999809265137,3.0,2.700000047683716,2.7200000286102295,2.7200000286102295,8591100
2025-07-08,2.759999990463257,2.7750000953674316,2.680000066757202,2.7100000381469727,2.7100000381469727,6024400
2025-07-09,2.75,2.9100000858306885,2.740000009536743,2.7899999618530273,2.7899999618530273,7894700
2025-07-10,2.7699999809265137,2.9100000858306885,2.740000009536743,2.869999885559082,2.869999885559082,5284500
2025-07-11,2.880000114440918,2.950000047683716,2.799999952316284,2.809999942779541,2.809999942779541,6042100
2025-07-14,2.805000066757202,2.940000057220459,2.7799999713897705,2.9000000953674316,2.9000000953674316,5684900
2025-07-15,2.9149999618530273,2.950000047683716,2.700000047683716,2.740000009536743,2.740000009536743,6767100
2025-07-16,2.7699999809265137,2.819999933242798,2.7100000381469727,2.75,2.75,6411500
2025-07-17,2.75,2.869999885559082,2.740000009536743,2.8299999237060547,2.8299999237060547,7246500
2025-07-18,2.890000104904175,2.940000057220459,2.7300000190734863,2.75,2.75,7056800
2025-07-21,2.75,2.799999952316284,2.640000104904175,2.680000066757202,2.680000066757202,6106900
2025-07-22,2.700000047683716,2.75,2.6500000953674316,2.7100000381469727,2.7100000381469727,5404500
2025-07-23,2.75,3.009999990463257,2.734999895095825,2.990000009536743,2.990000009536743,11886400
2025-07-24,2.990000009536743,3.065000057220459,2.9000000953674316,3.009999990463257,3.009999990463257,7272500
2025-07-25,3.0399999618530273,3.109999895095825,2.809999942779541,2.859999895095825,2.859999895095825,19865500
2025-07-28,2.890000104904175,2.9100000858306885,2.6500000953674316,2.6500000953674316,2.6500000953674316,9891400
2025-07-29,2.6500000953674316,2.6730000972747803,2.5299999713897705,2.5399999618530273,2.5399999618530273,7129500
2025-07-30,2.5799999237060547,2.6700000762939453,2.5399999618530273,2.559999942779541,2.559999942779541,7107000
2025-07-31,2.549999952316284,2.571000099182129,2.440000057220459,2.4600000381469727,2.4600000381469727,7941900
2025-08-01,2.369999885559082,2.4200000762939453,2.3350000381469727,2.369999885559082,2.369999885559082,7045500
2025-08-04,2.380000114440918,2.450000047683716,2.3299999237060547,2.4100000858306885,2.4100000858306885,6545500
2025-08-05,2.4000000953674316,2.4600000381469727,2.3550000190734863,2.4100000858306885,2.4100000858306885,6165700
2025-08-06,2.4200000762939453,2.440000057220459,2.3299999237060547,2.380000114440918,2.380000114440918,4102000
2025-08-07,2.380000114440918,2.437999963760376,2.3399999141693115,2.4049999713897705,2.4049999713897705,7918100
2025-08-08,2.4149999618530273,2.440000057220459,2.380000114440918,2.440000057220459,2.440000057220459,4761700
2025-08-11,2.4800000190734863,2.634999990463257,2.4600000381469727,2.4700000286102295,2.4700000286102295,9044800
2025-08-12,2.490000009536743,2.5399999618530273,2.450000047683716,2.4700000286102295,2.4700000286102295,7460700
2025-08-13,2.630000114440918,2.940000057220459,2.549999952316284,2.819999933242798,2.819999933242798,30833000
2025-08-14,2.759999990463257,2.7899999618530273,2.640000104904175,2.7100000381469727,2.7100000381469727,9757700
2025-08-15,2.7200000286102295,2.7200000286102295,2.5399999618530273,2.549999952316284,2.549999952316284,9855900
2025-08-18,2.5399999618530273,2.549999952316284,2.380000114440918,2.430000066757202,2.430000066757202,12142500
2025-08-19,2.440000057220459,2.440000057220459,2.259999990463257,2.2799999713897705,2.2799999713897705,10183500
2025-08-20,2.2799999713897705,2.322000026702881,2.1700000762939453,2.259999990463257,2.259999990463257,7531600
2025-08-21,2.2200000286102295,2.2699999809265137,2.2100000381469727,2.240000009536743,2.240000009536743,5683400
2025-08-22,2.240000009536743,2.3499999046325684,2.2300000190734863,2.309999942779541,2.309999942779541,9560400
2025-08-25,2.309999942779541,2.359999895095825,2.2300000190734863,2.25,2.25,7293900
2025-08-26,2.369999885559082,2.424999952316284,2.309999942779541,2.380000114440918,2.380000114440918,11949500
2025-08-27,2.380000114440918,2.4200000762939453,2.319999933242798,2.3399999141693115,2.3399999141693115,6127300
2025-08-28,2.369999885559082,2.390000104904175,2.2799999713897705,2.3299999237060547,2.3299999237060547,6463800
2025-08-29,2.3399999141693115,2.4000000953674316,2.2899999618530273,2.3399999141693115,2.3399999141693115,5643500
2025-09-02,2.3399999141693115,2.4700000286102295,2.3299999237060547,2.380000114440918,2.380000114440918,8459600
2025-09-03,2.390000104904175,2.4600000381469727,2.3399999141693115,2.369999885559082,2.369999885559082,6845300
2025-09-04,2.380000114440918,2.4000000953674316,2.2899999618530273,2.390000104904175,2.390000104904175,6341000
2025-09-05,2.4100000858306885,2.450000047683716,2.369999885559082,2.4000000953674316,2.4000000953674316,5889900
2025-09-08,2.4800000190734863,2.484999895095825,2.319999933242798,2.4100000858306885,2.4100000858306885,11531500
2025-09-09,2.4200000762939453,2.609999895095825,2.3499999046325684,2.569999933242798,2.569999933242798,21615900
2025-09-10,2.559999942779541,2.5799999237060547,2.490000009536743,2.569999933242798,2.569999933242798,10381900
2025-09-11,2.5799999237060547,2.6700000762939453,2.5399999618530273,2.5899999141693115,2.5899999141693115,9984300
2025-09-12,2.5799999237060547,2.619999885559082,2.5399999618530273,2.5999999046325684,2.5999999046325684,7710700
2025-09-15,2.619999885559082,2.75,2.5799999237060547,2.740000009536743,2.740000009536743,27014300
2025-09-16,2.7799999713897705,2.9100000858306885,2.740000009536743,2.809999942779541,2.809999942779541,10724200
2025-09-17,2.8299999237060547,2.940000057220459,2.740000009536743,2.759999990463257,2.759999990463257,11659400
2025-09-18,2.809999942779541,2.9700000286102295,2.7899999618530273,2.8499999046325684,2.8499999046325684,10799900
2025-09-19,2.8499999046325684,2.859999895095825,2.7100000381469727,2.7300000190734863,2.7300000190734863,20002200
2025-09-22,2.7200000286102295,2.7260000705718994,2.619999885559082,2.6700000762939453,2.6700000762939453,9046300
2025-09-23,2.640000104904175,2.6700000762939453,2.569999933242798,2.5899999141693115,2.5899999141693115,8164900
2025-09-24,2.5899999141693115,2.6500000953674316,2.5,2.5,2.5,6214900
2025-09-25,2.440000057220459,2.4700000286102295,2.380000114440918,2.4600000381469727,2.4600000381469727,7281700
2025-09-26,2.440000057220459,2.549999952316284,2.440000057220459,2.5399999618530273,2.5399999618530273,5809000
2025-09-29,2.5399999618530273,2.5799999237060547,2.5199999809265137,2.569999933242798,2.569999933242798,4856200
2025-09-30,2.569999933242798,2.569999933242798,2.4100000858306885,2.4600000381469727,2.4600000381469727,8083500
2025-10-01,2.440000057220459,2.5299999713897705,2.430000066757202,2.4800000190734863,2.4800000190734863,7888900
2025-10-02,2.5,2.5199999809265137,2.4200000762939453,2.5,2.5,7698900
2025-10-03,2.5350000858306885,2.75,2.4749999046325684,2.5399999618530273,2.5399999618530273,15352100
2025-10-06,2.549999952316284,2.5999999046325684,2.515000104904175,2.5299999713897705,2.5299999713897705,8059700
2025-10-07,2.5350000858306885,2.569999933242798,2.444999933242798,2.5,2.5,9610000
2025-10-08,2.5199999809265137,2.609999895095825,2.5,2.5299999713897705,2.5299999713897705,9234700
2025-10-09,2.509999990463257,2.5399999618530273,2.4000000953674316,2.440000057220459,2.440000057220459,12706400
2025-10-10,2.4600000381469727,2.4800000190734863,2.359999895095825,2.359999895095825,2.359999895095825,12035400
2025-10-13,2.380000114440918,2.5,2.375,2.4800000190734863,2.4800000190734863,10903200
2025-10-14,2.430000066757202,2.5799999237060547,2.380000114440918,2.509999990463257,2.509999990463257,9593800
2025-10-15,2.509999990463257,2.5999999046325684,2.5,2.5799999237060547,2.5799999237060547,9663900
2025-10-16,2.5999999046325684,2.6700000762939453,2.509999990463257,2.5299999713897705,2.5299999713897705,10106500
2025-10-17,2.5,2.5199999809265137,2.4000000953674316,2.4000000953674316,2.4000000953674316,9172500
2025-10-20,2.4100000858306885,2.490000009536743,2.4100000858306885,2.450000047683716,2.450000047683716,6674000
2025-10-21,2.4600000381469727,2.5,2.4200000762939453,2.440000057220459,2.440000057220459,7134500
2025-10-22,2.4200000762939453,2.450000047683716,2.299999952316284,2.359999895095825,2.359999895095825,12031400
2025-10-23,2.369999885559082,2.4100000858306885,2.3499999046325684,2.390000104904175,2.390000104904175,5539600
2025-10-24,2.450000047683716,2.509999990463257,2.4200000762939453,2.4700000286102295,2.4700000286102295,10620300
2025-10-27,2.5299999713897705,2.6700000762939453,2.5199999809265137,2.6600000858306885,2.6600000858306885,13204900
2025-10-28,2.6500000953674316,2.6600000858306885,2.569999933242798,2.5799999237060547,2.5799999237060547,7604900
2025-10-29,2.5799999237060547,2.5999999046325684,2.4100000858306885,2.4200000762939453,2.4200000762939453,8160600
2025-10-30,2.380000114440918,2.440000057220459,2.3499999046325684,2.359999895095825,2.359999895095825,7761600
2025-10-31,2.369999885559082,2.434999942779541,2.3299999237060547,2.4000000953674316,2.4000000953674316,6814400
2025-11-03,2.4000000953674316,2.4000000953674316,2.25,2.259999990463257,2.259999990463257,9025300
2025-11-04,2.2100000381469727,2.2300000190734863,2.069999933242798,2.0799999237060547,2.0799999237060547,11338600
2025-11-05,2.190000057220459,2.2699999809265137,2.065000057220459,2.1500000953674316,2.1500000953674316,13359900
2025-11-06,2.1449999809265137,2.2100000381469727,2.109999895095825,2.119999885559082,2.119999885559082,7459000
2025-11-07,2.0799999237060547,2.140000104904175,2.0,2.130000114440918,2.130000114440918,10641800
2025-11-10,2.190000057220459,2.2200000286102295,2.130000114440918,2.1600000858306885,2.1600000858306885,7213800
2025-11-11,2.1500000953674316,2.1600000858306885,2.0799999237060547,2.140000104904175,2.140000104904175,6534700
2025-11-12,2.140000104904175,2.1500000953674316,2.0199999809265137,2.059999942779541,2.059999942779541,7107000
2025-11-13,2.0299999713897705,2.065000057220459,1.9700000286102295,2.0,2.0,9234000
2025-11-14,1.9700000286102295,2.130000114440918,1.9500000476837158,2.0799999237060547,2.0799999237060547,7174100
2025-11-17,2.0799999237060547,2.0999999046325684,2.0,2.0299999713897705,2.0299999713897705,9408500
2025-11-18,2.0299999713897705,2.1500000953674316,2.0,2.0999999046325684,2.0999999046325684,10013300
2025-11-19,2.119999885559082,2.200000047683716,2.0910000801086426,2.140000104904175,2.140000104904175,7750000
2025-11-20,2.190000057220459,2.240000009536743,2.015000104904175,2.0199999809265137,2.0199999809265137,11719400
2025-11-21,2.0299999713897705,2.1500000953674316,2.009999990463257,2.0799999237060547,2.0799999237060547,9945200
2025-11-24,2.0999999046325684,2.1500000953674316,2.0799999237060547,2.1500000953674316,2.1500000953674316,9440100
2025-11-25,2.180000066757202,2.180000066757202,2.049999952316284,2.0799999237060547,2.0799999237060547,7280900
2025-11-26,2.109999895095825,2.1600000858306885,2.069999933242798,2.130000114440918,2.130000114440918,8488000
2025-11-28,2.2950000762939453,2.450000047683716,2.25,2.359999895095825,2.359999895095825,21337600
2025-12-01,2.3949999809265137,2.4600000381469727,2.2799999713897705,2.299999952316284,2.299999952316284,19437400
2025-12-02,2.3299999237060547,2.3299999237060547,2.059999942779541,2.0899999141693115,2.0899999141693115,16508300
2025-12-03,2.0899999141693115,2.200000047683716,2.0799999237060547,2.200000047683716,2.200000047683716,12408100
2025-12-04,2.200000047683716,2.3399999141693115,2.1610000133514404,2.299999952316284,2.299999952316284,12027300
2025-12-05,2.309999942779541,2.319999933242798,2.243000030517578,2.2899999618530273,2.2899999618530273,6847100
2025-12-08,2.309999942779541,2.4000000953674316,2.25,2.259999990463257,2.259999990463257,10359400
2025-12-09,2.240000009536743,2.2699999809265137,2.190000057220459,2.2200000286102295,2.2200000286102295,8504900
2025-12-10,2.2300000190734863,2.299999952316284,2.1700000762939453,2.299999952316284,2.299999952316284,11120100
2025-12-11,2.299999952316284,2.309999942779541,2.190000057220459,2.190000057220459,2.190000057220459,8347400
2025-12-12,2.2899999618530273,2.5,2.25,2.359999895095825,2.359999895095825,24856000
2025-12-15,2.4000000953674316,2.4200000762939453,2.1500000953674316,2.2200000286102295,2.2200000286102295,16580200
2025-12-16,2.190000057220459,2.244999885559082,2.140000104904175,2.1600000858306885,2.1600000858306885,16737800
2025-12-17,2.1600000858306885,2.1700000762939453,2.059999942779541,2.109999895095825,2.109999895095825,15755900
2025-12-18,2.130000114440918,2.130000114440918,2.069999933242798,2.0899999141693115,2.0899999141693115,12255700
2025-12-19,2.0899999141693115,2.140000104904175,2.0,2.0799999237060547,2.0799999237060547,41734300
2025-12-22,2.119999885559082,2.2899999618530273,2.109999895095825,2.2699999809265137,2.2699999809265137,14048200
2025-12-23,2.25,2.25,2.069999933242798,2.0999999046325684,2.0999999046325684,14975100
2025-12-24,2.119999885559082,2.1500000953674316,2.0899999141693115,2.140000104904175,2.140000104904175,5408800
2025-12-26,2.140000104904175,2.1500000953674316,2.0999999046325684,2.140000104904175,2.140000104904175,7221700
2025-12-29,2.119999885559082,2.140000104904175,2.0299999713897705,2.0399999618530273,2.0399999618530273,12086900
2025-12-30,2.0399999618530273,2.049999952316284,1.9700000286102295,1.9800000190734863,1.9800000190734863,11024500
2025-12-31,1.9800000190734863,2.0,1.9500000476837158,1.9800000190734863,1.9800000190734863,9885400
2026-01-02,2.0199999809265137,2.069999933242798,1.9800000190734863,2.0199999809265137,2.0199999809265137,10373100
2026-01-05,2.049999952316284,2.0959999561309814,2.0299999713897705,2.0799999237060547,2.0799999237060547,9788500
2026-01-06,2.0999999046325684,2.180000066757202,2.0799999237060547,2.140000104904175,2.140000104904175,8867600
2026-01-07,2.1600000858306885,2.244999885559082,2.140000104904175,2.200000047683716,2.200000047683716,10052800
2026-01-08,2.1600000858306885,2.2799999713897705,2.140000104904175,2.240000009536743,2.240000009536743,7686200
2026-01-09,2.259999990463257,2.430000066757202,2.259999990463257,2.3299999237060547,2.3299999237060547,12508600
2026-01-12,2.3399999141693115,2.619999885559082,2.2839999198913574,2.5899999141693115,2.5899999141693115,16887200
2026-01-13,2.680000066757202,2.9200000762939453,2.619999885559082,2.819999933242798,2.819999933242798,32785300
2026-01-14,2.990000009536743,3.0999999046325684,2.884000062942505,3.0199999809265137,3.0199999809265137,45608600
2026-01-15,3.140000104904175,3.990000009536743,3.069999933242798,3.950000047683716,3.950000047683716,76069700
2026-01-16,4.699999809265137,5.579999923706055,4.380000114440918,5.519999980926514,5.519999980926514,182353700
2026-01-20,6.539999961853027,7.980000019073486,6.079999923706055,6.480000019073486,6.480000019073486,211045100
2026-01-21,6.269999980926514,7.099999904632568,5.710000038146973,6.920000076293945,6.920000076293945,96093500
2026-01-22,7.449999809265137,8.279999732971191,6.900000095367432,7.340000152587891,7.340000152587891,81257000
2026-01-23,7.380000114440918,7.875999927520752,6.434999942779541,6.449999809265137,6.449999809265137,75849400
2026-01-26,6.659999847412109,6.75,6.159999847412109,6.210000038146973,6.210000038146973,37937200
2026-01-27,5.960000038146973,6.130000114440918,5.590000152587891,5.949999809265137,5.949999809265137,38640700
2026-01-28,6.010000228881836,6.284999847412109,5.539999961853027,6.150000095367432,6.150000095367432,35336400
2026-01-29,6.150000095367432,6.349999904632568,5.730999946594238,5.909999847412109,5.909999847412109,24763600
2026-01-30,5.775000095367432,6.465000152587891,5.670000076293945,6.25,6.25,29537800
2026-02-02,6.289999961853027,6.75,5.929999828338623,6.130000114440918,6.130000114440918,24656200
2026-02-03,6.144999980926514,6.534999847412109,5.949999809265137,6.329999923706055,6.329999923706055,21175100
2026-02-04,6.289999961853027,6.289999961853027,5.690000057220459,5.880000114440918,5.880000114440918,21454500
2026-02-05,5.71999979019165,5.980000019073486,5.579999923706055,5.639999866485596,5.639999866485596,18450600
2026-02-06,5.699999809265137,6.074999809265137,5.610000133514404,6.050000190734863,6.050000190734863,18256100
2026-02-09,6.050000190734863,7.03000020980835,5.820000171661377,6.929999828338623,6.929999828338623,24292300
2026-02-10,6.949999809265137,7.13700008392334,6.550000190734863,6.559999942779541,6.559999942779541,22096900
2026-02-11,6.71999979019165,6.769999980926514,6.28000020980835,6.539999961853027,6.539999961853027,17179000
2026-02-12,6.53000020980835,6.869999885559082,6.400000095367432,6.619999885559082,6.619999885559082,13449100
2026-02-13,6.619999885559082,7.300000190734863,5.940000057220459,5.945000171661377,5.945000171661377,39436000
2026-02-17,6.260000228881836,6.28000020980835,5.929999828338623,6.019999980926514,6.019999980926514,14622800
2026-02-18,6.059999942779541,8.680000305175781,6.059999942779541,8.539999961853027,8.539999961853027,80016300
2026-02-19,8.050000190734863,8.944999694824219,7.599999904632568,8.609999656677246,8.609999656677246,55342200
2026-02-20,8.630000114440918,9.25,8.319999694824219,8.699999809265137,8.699999809265137,45429200
2026-02-23,9.949999809265137,11.0,9.550000190734863,9.829999923706055,9.829999923706055,86445100
2026-02-24,10.149999618530273,12.279999732971191,9.949999809265137,11.550000190734863,11.550000190734863,83228800
2026-02-25,12.170000076293945,12.430000305175781,9.380000114440918,9.539999961853027,9.539999961853027,80841100
2026-02-26,9.90999984741211,9.970000267028809,8.979999542236328,9.550000190734863,9.550000190734863,37880600
2026-02-27,9.40999984741211,9.800000190734863,8.829999923706055,9.779999732971191,9.779999732971191,30440200
2026-03-02,9.640000343322754,10.979999542236328,9.630000114440918,10.4399995803833,10.4399995803833,41106700
2026-03-03,10.0,10.579999923706055,9.800000190734863,10.0,10.0,28355600
2026-03-04,9.449999809265137,9.600000381469727,8.930000305175781,9.0,9.0,33213200
2026-03-05,9.020000457763672,9.359999656677246,8.800000190734863,8.960000038146973,8.960000038146973,19354300
2026-03-06,8.779999732971191,9.119999885559082,8.494999885559082,8.670000076293945,8.670000076293945,23018200
2026-03-09,8.289999961853027,8.789999961853027,8.039999961853027,8.449999809265137,8.449999809265137,25645700
2026-03-10,8.220000267028809,8.34000015258789,7.769999980926514,8.010000228881836,8.010000228881836,24405200
2026-03-11,8.039999961853027,8.399999618530273,7.860000133514404,8.270000457763672,8.270000457763672,17270100
2026-03-12,8.130000114440918,8.229999542236328,7.809999942779541,7.820000171661377,7.820000171661377,14715800
2026-03-13,8.210000038146973,8.90999984741211,8.199999809265137,8.390000343322754,8.390000343322754,30623300
2026-03-16,8.520000457763672,8.670000076293945,8.022000312805176,8.210000038146973,8.210000038146973,16884400
2026-03-17,8.925000190734863,9.300000190734863,8.119999885559082,8.210000038146973,8.210000038146973,28677800
2026-03-18,8.079999923706055,8.920000076293945,8.050000190734863,8.5600004196167,8.5600004196167,22457400
2026-03-19,8.40999984741211,8.869999885559082,8.345000267028809,8.819999694824219,8.819999694824219,17916500
2026-03-20,8.9350004196167,9.319999694824219,8.399999618530273,8.470000267028809,8.470000267028809,31639900
2026-03-23,8.53499984741211,9.539999961853027,8.460000038146973,9.399999618530273,9.399999618530273,26747900
2026-03-24,9.074999809265137,9.149999618530273,6.539999961853027,7.414999961853027,7.414999961853027,86945600
2026-03-25,7.75,8.350000381469727,7.449999809265137,8.069999694824219,8.069999694824219,29057400
2026-03-26,7.900000095367432,8.430000305175781,7.2210001945495605,7.380000114440918,7.380000114440918,27583000
2026-03-27,7.369999885559082,7.650000095367432,7.130000114440918,7.380000114440918,7.380000114440918,14455000
2026-03-30,7.21999979019165,7.26800012588501,6.570000171661377,6.659999847412109,6.659999847412109,24497000
2026-03-31,7.150000095367432,7.755000114440918,7.085000038146973,7.670000076293945,7.670000076293945,24132000
2026-04-01,7.550000190734863,7.849999904632568,7.010000228881836,7.139999866485596,7.139999866485596,19422100
2026-04-02,6.889999866485596,7.349999904632568,6.880000114440918,7.300000190734863,7.300000190734863,14223100
2026-04-06,7.269999980926514,7.630000114440918,6.989999771118164,7.079999923706055,7.079999923706055,13321800
2026-04-07,6.980000019073486,7.0,6.679999828338623,6.860000133514404,6.860000133514404,12979100
2026-04-08,7.300000190734863,7.420000076293945,6.800000190734863,6.980000019073486,6.980000019073486,16541500
2026-04-09,7.0,7.639999866485596,6.96999979019165,7.480000019073486,7.480000019073486,21588100
2026-04-10,7.349999904632568,7.550000190734863,7.099999904632568,7.28000020980835,7.28000020980835,14361200
2026-04-13,7.300000190734863,7.360000133514404,7.059999942779541,7.300000190734863,7.300000190734863,9619700
2026-04-14,7.329999923706055,7.820000171661377,7.324999809265137,7.599999904632568,7.599999904632568,15645800
2026-04-15,7.539999961853027,7.804999828338623,7.360000133514404,7.78000020980835,7.78000020980835,10524600
2026-04-16,7.769999980926514,7.849999904632568,7.119999885559082,7.25,7.25,17552900
2026-04-17,7.295000076293945,7.900000095367432,7.260000228881836,7.699999809265137,7.699999809265137,21520500
2026-04-20,7.659999847412109,8.350000381469727,7.650000095367432,8.199999809265137,8.199999809265137,16211200
2026-04-21,8.369999885559082,8.5600004196167,7.980000019073486,8.100000381469727,8.100000381469727,13170300
2026-04-22,8.270000457763672,8.380000114440918,7.75,8.069999694824219,8.069999694824219,11414400
2026-04-23,7.974999904632568,8.265000343322754,7.821000099182129,8.1899995803833,8.1899995803833,9775100
2026-04-24,8.15999984741211,8.279999732971191,7.409999847412109,7.440000057220459,7.440000057220459,16939900
2026-04-27,7.360000133514404,7.5,7.059999942779541,7.289999961853027,7.289999961853027,11120100
2026-04-28,7.25,7.269999980926514,6.909999847412109,6.960000038146973,6.960000038146973,10876000
2026-04-29,6.929999828338623,6.980000019073486,6.730000019073486,6.960000038146973,6.960000038146973,9274400
2026-04-30,6.991000175476074,7.179999828338623,6.949999809265137,7.099999904632568,7.099999904632568,6536500
2026-05-01,7.050000190734863,7.275000095367432,6.940000057220459,7.110000133514404,7.110000133514404,7715400
2026-05-04,7.110000133514404,7.619999885559082,7.050000190734863,7.429999828338623,7.429999828338623,11850200
2026-05-05,7.539999961853027,7.769999980926514,7.429999828338623,7.579999923706055,7.579999923706055,9510300
2026-05-06,7.699999809265137,8.390000343322754,7.664999961853027,8.380000114440918,8.380000114440918,19637800
2026-05-07,7.815000057220459,8.109999656677246,7.360000133514404,7.760000228881836,7.760000228881836,18819800
2026-05-08,7.880000114440918,8.5600004196167,7.579999923706055,8.510000228881836,8.510000228881836,16203800
2026-05-11,8.4350004196167,8.6899995803833,7.929999828338623,8.109999656677246,8.109999656677246,14502100
2026-05-12,7.96999979019165,8.21500015258789,7.849999904632568,8.119999885559082,8.119999885559082,9900500
2026-05-13,8.010000228881836,8.34000015258789,7.78000020980835,8.149999618530273,8.149999618530273,10542900
2026-05-14,8.239999771118164,8.420000076293945,7.921999931335449,8.149999618530273,8.149999618530273,9402600
2026-05-15,8.050000190734863,8.140000343322754,7.804999828338623,7.96999979019165,7.96999979019165,11347600
2026-05-18,8.343999862670898,8.529999732971191,7.739999771118164,8.0,8.0,13084800
2026-05-19,7.960000038146973,7.960000038146973,7.329999923706055,7.760000228881836,7.760000228881836,17956300
2026-05-20,8.420000076293945,8.640000343322754,8.03499984741211,8.050000190734863,8.050000190734863,24815700
2026-05-21,7.869999885559082,7.900000095367432,7.260000228881836,7.739999771118164,7.739999771118164,21529700
2026-05-22,7.619999885559082,7.690000057220459,7.150000095367432,7.21999979019165,7.21999979019165,17939200
2026-05-26,7.28000020980835,8.029999732971191,7.269999980926514,7.920000076293945,7.920000076293945,19077200
2026-05-27,7.889999866485596,8.295000076293945,7.784999847412109,7.889999866485596,7.889999866485596,14532400
2026-05-28,7.849999904632568,8.09000015258789,7.635000228881836,7.71999979019165,7.71999979019165,12625900
2026-05-29,7.650000095367432,7.650000095367432,7.230000019073486,7.519999980926514,7.519999980926514,15617400
2026-06-01,7.369999885559082,7.514999866485596,7.110000133514404,7.239999771118164,7.239999771118164,20423900
2026-06-02,7.239999771118164,7.28000020980835,7.019999980926514,7.230000019073486,7.230000019073486,13723400
2026-06-03,7.230000019073486,7.300000190734863,7.025000095367432,7.179999828338623,7.179999828338623,8968000
2026-06-04,7.210000038146973,7.46999979019165,7.123000144958496,7.289999961853027,7.289999961853027,9612100
2026-06-05,7.150000095367432,7.289999961853027,6.795000076293945,6.920000076293945,6.920000076293945,13818400
2026-06-08,7.119999885559082,7.309999942779541,6.96999979019165,7.170000076293945,7.170000076293945,11387000
2026-06-09,7.289999961853027,7.440000057220459,6.920000076293945,7.25,7.25,12673000
2026-06-10,7.159999847412109,7.409999847412109,6.980000019073486,6.980000019073486,6.980000019073486,9421100
2026-06-11,6.994999885559082,7.260000228881836,6.916999816894531,7.199999809265137,7.199999809265137,8611300
2026-06-12,7.239999771118164,7.317999839782715,7.039999961853027,7.099999904632568,7.099999904632568,8793800
2026-06-15,7.25,7.340000152587891,7.050000190734863,7.130000114440918,7.130000114440918,8140200
2026-06-16,7.119999885559082,7.215000152587891,6.684999942779541,6.71999979019165,6.71999979019165,12797600
2026-06-17,6.75,7.25,6.706999778747559,6.989999771118164,6.989999771118164,13199300
2026-06-18,7.150000095367432,7.454999923706055,7.03000020980835,7.360000133514404,7.360000133514404,14372400
2026-06-22,7.489999771118164,7.550000190734863,7.170000076293945,7.21999979019165,7.21999979019165,9888300
2026-06-23,7.050000190734863,7.599999904632568,7.0,7.320000171661377,7.320000171661377,11316400
2026-06-24,7.340000152587891,7.965000152587891,7.260000228881836,7.800000190734863,7.800000190734863,16529700
2026-06-25,7.699999809265137,7.894999980926514,7.510000228881836,7.789999961853027,7.789999961853027,9425100
2026-06-26,7.739999771118164,8.850000381469727,7.670000076293945,8.710000038146973,8.710000038146973,41198300
2026-06-29,8.359999656677246,9.079999923706055,8.333999633789062,8.770000457763672,8.770000457763672,15768500
2026-06-30,8.800000190734863,9.0,8.5649995803833,8.755000114440918,8.755000114440918,9299200
2026-07-01,8.645000457763672,9.335000038146973,8.510000228881836,9.199999809265137,9.199999809265137,16451700
2026-07-02,9.229999542236328,9.600000381469727,9.029999732971191,9.4399995803833,9.4399995803833,14629000
2026-07-06,9.300000190734863,9.529999732971191,8.630000114440918,8.90999984741211,8.90999984741211,13476000
2026-07-07,8.960000038146973,9.010000228881836,8.335000038146973,8.760000228881836,8.760000228881836,11232600
2026-07-08,8.720000267028809,9.204999923706055,8.609999656677246,8.800000190734863,8.800000190734863,9756600
2026-07-09,8.779999732971191,9.09000015258789,8.630000114440918,8.869999885559082,8.869999885559082,11355700
2026-07-10,8.920000076293945,8.920000076293945,8.050000190734863,8.220000267028809,8.220000267028809,12821700
