date,open,high,low,close,adjclose
2021-08-02,14.069999694824219,14.6899995803833,14.069999694824219,14.609999656677246,14.609999656677246
2021-08-03,14.680000305175781,15.199999809265137,14.630000114440918,15.1899995803833,15.1899995803833
2021-08-04,15.109999656677246,15.25,14.90999984741211,15.119999885559082,15.119999885559082
2021-08-05,15.100000381469727,15.470000267028809,15.029999732971191,15.4399995803833,15.4399995803833
2021-08-06,15.4399995803833,15.520000457763672,15.15999984741211,15.420000076293945,15.420000076293945
2021-08-09,15.40999984741211,15.520000457763672,15.079999923706055,15.15999984741211,15.15999984741211
2021-08-10,15.149999618530273,15.210000038146973,14.920000076293945,15.15999984741211,15.15999984741211
2021-08-11,15.239999771118164,15.289999961853027,15.020000457763672,15.260000228881836,15.260000228881836
2021-08-12,15.34000015258789,15.859999656677246,15.3100004196167,15.829999923706055,15.829999923706055
2021-08-13,15.899999618530273,16.520000457763672,15.729999542236328,16.389999389648438,16.389999389648438
2021-08-16,16.40999984741211,16.489999771118164,16.059999465942383,16.34000015258789,16.34000015258789
2021-08-17,16.260000228881836,16.56999969482422,16.260000228881836,16.510000228881836,16.510000228881836
2021-08-18,16.559999465942383,16.719999313354492,16.049999237060547,16.149999618530273,16.149999618530273
2021-08-19,16.020000457763672,16.190000534057617,15.899999618530273,16.030000686645508,16.030000686645508
2021-08-20,15.989999771118164,16.06999969482422,15.8100004196167,15.9399995803833,15.9399995803833
2021-08-23,16.309999465942383,16.3700008392334,15.40999984741211,15.640000343322754,15.640000343322754
2021-08-24,15.619999885559082,15.960000038146973,15.460000038146973,15.619999885559082,15.619999885559082
2021-08-25,15.550000190734863,15.550000190734863,14.829999923706055,14.890000343322754,14.890000343322754
2021-08-26,14.949999809265137,15.029999732971191,14.5,14.529999732971191,14.529999732971191
2021-08-27,14.529999732971191,14.8100004196167,14.4399995803833,14.680000305175781,14.680000305175781
2021-08-30,14.630000114440918,15.380000114440918,14.630000114440918,15.34000015258789,15.34000015258789
2021-08-31,15.289999961853027,15.34000015258789,14.8100004196167,15.260000228881836,15.260000228881836
2021-09-01,15.260000228881836,15.390000343322754,15.050000190734863,15.3100004196167,15.3100004196167
2021-09-02,15.350000381469727,15.640000343322754,15.300000190734863,15.5,15.5
2021-09-03,15.470000267028809,15.539999961853027,15.109999656677246,15.359999656677246,15.359999656677246
2021-09-07,15.25,15.579999923706055,15.229999542236328,15.390000343322754,15.390000343322754
2021-09-08,15.390000343322754,15.84000015258789,15.25,15.800000190734863,15.800000190734863
2021-09-09,15.880000114440918,15.920000076293945,15.65999984741211,15.699999809265137,15.699999809265137
2021-09-10,15.6899995803833,15.770000457763672,15.489999771118164,15.529999732971191,15.529999732971191
2021-09-13,15.579999923706055,15.579999923706055,15.210000038146973,15.220000267028809,15.220000267028809
2021-09-14,15.270000457763672,15.270000457763672,14.869999885559082,15.079999923706055,15.079999923706055
2021-09-15,15.109999656677246,15.170000076293945,14.960000038146973,15.029999732971191,15.029999732971191
2021-09-16,15.029999732971191,15.3100004196167,14.899999618530273,15.239999771118164,15.239999771118164
2021-09-17,15.199999809265137,15.680000305175781,15.079999923706055,15.649999618530273,15.649999618530273
2021-09-20,15.489999771118164,16.010000228881836,15.289999961853027,15.869999885559082,15.869999885559082
2021-09-21,15.970000267028809,16.290000915527344,15.819999694824219,16.239999771118164,16.239999771118164
2021-09-22,16.360000610351562,16.559999465942383,16.1200008392334,16.510000228881836,16.510000228881836
2021-09-23,16.729999542236328,16.729999542236328,16.420000076293945,16.469999313354492,16.469999313354492
2021-09-24,16.479999542236328,16.510000228881836,16.079999923706055,16.18000030517578,16.18000030517578
2021-09-27,16.229999542236328,17.149999618530273,16.209999084472656,17.100000381469727,17.100000381469727
2021-09-28,17.059999465942383,17.25,16.760000228881836,17.200000762939453,17.200000762939453
2021-09-29,17.3799991607666,17.450000762939453,17.100000381469727,17.239999771118164,17.239999771118164
2021-09-30,17.260000228881836,17.34000015258789,16.59000015258789,16.709999084472656,16.709999084472656
2021-10-01,16.799999237060547,17.170000076293945,16.6200008392334,17.020000457763672,17.020000457763672
2021-10-04,17.06999969482422,17.31999969482422,16.93000030517578,17.239999771118164,17.239999771118164
2021-10-05,17.239999771118164,17.3799991607666,16.530000686645508,16.549999237060547,16.549999237060547
2021-10-06,16.540000915527344,16.559999465942383,16.100000381469727,16.270000457763672,16.270000457763672
2021-10-07,16.360000610351562,16.940000534057617,16.360000610351562,16.920000076293945,16.920000076293945
2021-10-08,17.059999465942383,17.059999465942383,16.829999923706055,16.8700008392334,16.8700008392334
2021-10-11,16.969999313354492,17.219999313354492,16.8799991607666,17.100000381469727,17.100000381469727
2021-10-12,17.18000030517578,17.350000381469727,17.030000686645508,17.25,17.25
2021-10-13,17.200000762939453,17.309999465942383,16.6299991607666,16.690000534057617,16.690000534057617
2021-10-14,16.700000762939453,16.93000030517578,16.479999542236328,16.670000076293945,16.670000076293945
2021-10-15,16.739999771118164,16.790000915527344,16.610000610351562,16.610000610351562,16.610000610351562
2021-10-18,16.549999237060547,16.59000015258789,16.209999084472656,16.229999542236328,16.229999542236328
2021-10-19,16.280000686645508,16.709999084472656,16.260000228881836,16.40999984741211,16.40999984741211
2021-10-20,16.459999084472656,16.709999084472656,16.350000381469727,16.510000228881836,16.510000228881836
2021-10-21,16.469999313354492,16.889999389648438,16.18000030517578,16.420000076293945,16.420000076293945
2021-10-22,16.3799991607666,16.40999984741211,16.18000030517578,16.239999771118164,16.239999771118164
2021-10-25,16.31999969482422,16.3799991607666,15.829999923706055,15.930000305175781,15.930000305175781
2021-10-26,15.930000305175781,16.219999313354492,15.880000114440918,15.90999984741211,15.90999984741211
2021-10-27,15.949999809265137,16.139999389648438,15.789999961853027,16.100000381469727,16.100000381469727
2021-10-28,16.239999771118164,17.360000610351562,16.229999542236328,17.309999465942383,17.309999465942383
2021-10-29,17.209999084472656,17.84000015258789,17.079999923706055,17.450000762939453,17.450000762939453
2021-11-01,17.510000228881836,17.649999618530273,17.059999465942383,17.3799991607666,17.3799991607666
2021-11-02,17.420000076293945,17.81999969482422,17.229999542236328,17.780000686645508,17.780000686645508
2021-11-03,17.729999542236328,17.829999923706055,17.389999389648438,17.5,17.5
2021-11-04,17.59000015258789,17.920000076293945,17.40999984741211,17.739999771118164,17.739999771118164
2021-11-05,17.709999084472656,18.139999389648438,17.610000610351562,18.1200008392334,18.1200008392334
2021-11-08,18.139999389648438,18.6200008392334,18.139999389648438,18.489999771118164,18.489999771118164
2021-11-09,18.5,18.729999542236328,18.43000030517578,18.719999313354492,18.719999313354492
2021-11-10,18.790000915527344,18.969999313354492,17.799999237060547,17.81999969482422,17.81999969482422
2021-11-11,17.770000457763672,18.229999542236328,17.729999542236328,17.81999969482422,17.81999969482422
2021-11-12,17.84000015258789,17.889999389648438,17.75,17.760000228881836,17.760000228881836
2021-11-15,17.799999237060547,17.799999237060547,17.270000457763672,17.290000915527344,17.290000915527344
2021-11-16,17.34000015258789,17.520000457763672,17.209999084472656,17.329999923706055,17.329999923706055
2021-11-17,17.290000915527344,17.450000762939453,17.079999923706055,17.25,17.25
2021-11-18,17.209999084472656,17.25,16.8700008392334,17.1299991607666,17.1299991607666
2021-11-19,17.079999923706055,17.389999389648438,17.0,17.049999237060547,17.049999237060547
2021-11-22,17.06999969482422,17.280000686645508,16.8799991607666,17.010000228881836,17.010000228881836
2021-11-23,17.09000015258789,17.219999313354492,16.989999771118164,17.049999237060547,17.049999237060547
2021-11-24,17.270000457763672,17.270000457763672,17.020000457763672,17.09000015258789,17.09000015258789
2021-11-26,17.020000457763672,17.209999084472656,16.6200008392334,16.920000076293945,16.920000076293945
2021-11-29,17.010000228881836,17.280000686645508,16.68000030517578,16.719999313354492,16.719999313354492
2021-11-30,16.850000381469727,16.8700008392334,16.399999618530273,16.719999313354492,16.719999313354492
2021-12-01,16.84000015258789,17.010000228881836,16.59000015258789,16.600000381469727,16.600000381469727
2021-12-02,16.540000915527344,16.709999084472656,16.299999237060547,16.469999313354492,16.469999313354492
2021-12-03,16.56999969482422,16.75,16.299999237060547,16.360000610351562,16.360000610351562
2021-12-06,16.3700008392334,16.729999542236328,16.309999465942383,16.440000534057617,16.440000534057617
2021-12-07,16.450000762939453,16.690000534057617,16.280000686645508,16.68000030517578,16.68000030517578
2021-12-08,16.799999237060547,16.940000534057617,16.56999969482422,16.719999313354492,16.719999313354492
2021-12-09,16.649999618530273,16.739999771118164,16.270000457763672,16.299999237060547,16.299999237060547
2021-12-10,16.350000381469727,16.540000915527344,16.229999542236328,16.43000030517578,16.43000030517578
2021-12-13,16.450000762939453,16.670000076293945,16.270000457763672,16.43000030517578,16.43000030517578
2021-12-14,16.43000030517578,17.110000610351562,16.280000686645508,16.799999237060547,16.799999237060547
2021-12-15,16.860000610351562,17.309999465942383,16.760000228881836,17.290000915527344,17.290000915527344
2021-12-16,17.40999984741211,17.530000686645508,16.93000030517578,17.049999237060547,17.049999237060547
2021-12-17,17.1200008392334,17.610000610351562,17.049999237060547,17.40999984741211,17.40999984741211
2021-12-20,17.290000915527344,17.420000076293945,16.93000030517578,17.3799991607666,17.3799991607666
2021-12-21,17.469999313354492,17.600000381469727,16.959999084472656,17.0,17.0
2021-12-22,16.940000534057617,17.459999084472656,16.850000381469727,17.440000534057617,17.440000534057617
2021-12-23,17.520000457763672,17.790000915527344,17.3700008392334,17.59000015258789,17.59000015258789
2021-12-27,17.719999313354492,17.850000381469727,17.5,17.75,17.75
2021-12-28,17.75,17.93000030517578,17.43000030517578,17.459999084472656,17.459999084472656
2021-12-29,17.3799991607666,17.65999984741211,17.149999618530273,17.6200008392334,17.6200008392334
2021-12-30,17.600000381469727,17.81999969482422,17.3700008392334,17.420000076293945,17.420000076293945
2021-12-31,17.3799991607666,17.399999618530273,17.149999618530273,17.25,17.25
2022-01-03,17.25,17.610000610351562,17.15999984741211,17.450000762939453,17.450000762939453
2022-01-04,17.389999389648438,17.510000228881836,17.229999542236328,17.40999984741211,17.40999984741211
2022-01-05,17.450000762939453,17.8799991607666,17.09000015258789,17.09000015258789,17.09000015258789
2022-01-06,17.030000686645508,17.6299991607666,16.989999771118164,17.469999313354492,17.469999313354492
2022-01-07,17.450000762939453,17.75,17.450000762939453,17.5,17.5
2022-01-10,17.579999923706055,17.850000381469727,17.459999084472656,17.719999313354492,17.719999313354492
2022-01-11,17.75,17.780000686645508,17.0,17.059999465942383,17.059999465942383
2022-01-12,17.059999465942383,17.309999465942383,16.860000610351562,17.010000228881836,17.010000228881836
2022-01-13,16.940000534057617,17.25,16.850000381469727,16.989999771118164,16.989999771118164
2022-01-14,17.0,17.049999237060547,16.540000915527344,16.770000457763672,16.770000457763672
2022-01-18,16.670000076293945,16.739999771118164,16.209999084472656,16.43000030517578,16.43000030517578
2022-01-19,16.420000076293945,16.700000762939453,16.270000457763672,16.440000534057617,16.440000534057617
2022-01-20,16.420000076293945,16.56999969482422,16.1299991607666,16.170000076293945,16.170000076293945
2022-01-21,16.09000015258789,16.43000030517578,16.040000915527344,16.170000076293945,16.170000076293945
2022-01-24,16.040000915527344,16.170000076293945,15.630000114440918,15.979999542236328,15.979999542236328
2022-01-25,15.90999984741211,15.979999542236328,15.350000381469727,15.390000343322754,15.390000343322754
2022-01-26,15.5600004196167,15.979999542236328,15.470000267028809,15.569999694824219,15.569999694824219
2022-01-27,15.579999923706055,16.030000686645508,15.569999694824219,15.859999656677246,15.859999656677246
2022-01-28,15.84000015258789,16.040000915527344,15.5600004196167,16.030000686645508,16.030000686645508
2022-01-31,15.890000343322754,16.049999237060547,15.649999618530273,16.030000686645508,16.030000686645508
2022-02-01,16.1299991607666,16.200000762939453,15.59000015258789,15.800000190734863,15.800000190734863
2022-02-02,15.90999984741211,16.290000915527344,15.760000228881836,16.229999542236328,16.229999542236328
2022-02-03,16.0,16.149999618530273,15.369999885559082,15.399999618530273,15.399999618530273
2022-02-04,15.399999618530273,15.970000267028809,15.079999923706055,15.640000343322754,15.640000343322754
2022-02-07,15.850000381469727,15.850000381469727,15.5,15.649999618530273,15.649999618530273
2022-02-08,15.59000015258789,15.850000381469727,15.40999984741211,15.829999923706055,15.829999923706055
2022-02-09,15.949999809265137,16.079999923706055,15.720000267028809,15.829999923706055,15.829999923706055
2022-02-10,17.6200008392334,18.450000762939453,17.299999237060547,18.0,18.0
2022-02-11,17.809999465942383,19.280000686645508,17.809999465942383,19.25,19.25
2022-02-14,19.360000610351562,20.149999618530273,19.0,19.709999084472656,19.709999084472656
2022-02-15,19.81999969482422,20.100000381469727,19.579999923706055,19.690000534057617,19.690000534057617
2022-02-16,19.75,20.479999542236328,19.75,20.25,20.25
2022-02-17,20.25,20.420000076293945,19.670000076293945,19.940000534057617,19.940000534057617
2022-02-18,19.93000030517578,20.329999923706055,19.510000228881836,19.989999771118164,19.989999771118164
2022-02-22,19.780000686645508,20.040000915527344,19.18000030517578,19.190000534057617,19.190000534057617
2022-02-23,19.760000228881836,19.93000030517578,19.09000015258789,19.170000076293945,19.170000076293945
2022-02-24,18.889999389648438,19.450000762939453,18.739999771118164,19.270000457763672,19.270000457763672
2022-02-25,19.299999237060547,19.68000030517578,19.100000381469727,19.3799991607666,19.3799991607666
2022-02-28,19.06999969482422,19.43000030517578,18.959999084472656,19.209999084472656,19.209999084472656
2022-03-01,19.229999542236328,19.3799991607666,18.450000762939453,18.68000030517578,18.68000030517578
2022-03-02,18.110000610351562,19.739999771118164,18.110000610351562,19.420000076293945,19.420000076293945
2022-03-03,19.31999969482422,19.350000381469727,17.43000030517578,17.899999618530273,17.899999618530273
2022-03-04,17.649999618530273,17.959999084472656,16.889999389648438,17.25,17.25
2022-03-07,17.219999313354492,17.93000030517578,17.170000076293945,17.3799991607666,17.3799991607666
2022-03-08,17.3799991607666,18.06999969482422,17.149999618530273,17.6200008392334,17.6200008392334
2022-03-09,17.739999771118164,18.010000228881836,17.559999465942383,17.850000381469727,17.850000381469727
2022-03-10,18.0,18.739999771118164,18.0,18.540000915527344,18.540000915527344
2022-03-11,18.530000686645508,18.920000076293945,18.31999969482422,18.8700008392334,18.8700008392334
2022-03-14,18.940000534057617,19.200000762939453,18.610000610351562,18.8799991607666,18.8799991607666
2022-03-15,18.780000686645508,18.8799991607666,18.100000381469727,18.420000076293945,18.420000076293945
2022-03-16,18.559999465942383,18.799999237060547,18.280000686645508,18.56999969482422,18.56999969482422
2022-03-17,18.600000381469727,19.280000686645508,18.559999465942383,19.270000457763672,19.270000457763672
2022-03-18,19.079999923706055,19.350000381469727,18.940000534057617,19.0,19.0
2022-03-21,19.030000686645508,19.6299991607666,18.510000228881836,18.530000686645508,18.530000686645508
2022-03-22,18.489999771118164,19.100000381469727,18.34000015258789,19.09000015258789,19.09000015258789
2022-03-23,19.079999923706055,19.520000457763672,18.979999542236328,19.3799991607666,19.3799991607666
2022-03-24,19.540000915527344,19.780000686645508,19.290000915527344,19.649999618530273,19.649999618530273
2022-03-25,19.760000228881836,19.790000915527344,19.34000015258789,19.59000015258789,19.59000015258789
2022-03-28,19.510000228881836,19.68000030517578,19.290000915527344,19.3799991607666,19.3799991607666
2022-03-29,19.649999618530273,20.040000915527344,19.530000686645508,19.690000534057617,19.690000534057617
2022-03-30,19.649999618530273,19.889999389648438,19.110000610351562,19.200000762939453,19.200000762939453
2022-03-31,19.280000686645508,19.639999389648438,19.25,19.350000381469727,19.350000381469727
2022-04-01,19.3700008392334,20.09000015258789,19.309999465942383,19.739999771118164,19.739999771118164
2022-04-04,19.760000228881836,20.09000015258789,19.3700008392334,19.850000381469727,19.850000381469727
2022-04-05,19.770000457763672,20.709999084472656,19.489999771118164,19.610000610351562,19.610000610351562
2022-04-06,19.40999984741211,19.670000076293945,19.010000228881836,19.209999084472656,19.209999084472656
2022-04-07,19.139999389648438,19.68000030517578,18.770000457763672,19.6299991607666,19.6299991607666
2022-04-08,19.739999771118164,20.1299991607666,19.729999542236328,19.8799991607666,19.8799991607666
2022-04-11,19.899999618530273,19.959999084472656,19.1299991607666,19.149999618530273,19.149999618530273
2022-04-12,19.270000457763672,19.68000030517578,19.079999923706055,19.440000534057617,19.440000534057617
2022-04-13,19.350000381469727,19.610000610351562,19.15999984741211,19.299999237060547,19.299999237060547
2022-04-14,19.25,19.3799991607666,19.010000228881836,19.030000686645508,19.030000686645508
2022-04-18,18.950000762939453,18.979999542236328,18.450000762939453,18.540000915527344,18.540000915527344
2022-04-19,18.520000457763672,18.579999923706055,18.049999237060547,18.079999923706055,18.079999923706055
2022-04-20,18.09000015258789,18.5,17.809999465942383,18.280000686645508,18.280000686645508
2022-04-21,18.329999923706055,18.549999237060547,18.059999465942383,18.229999542236328,18.229999542236328
2022-04-22,18.18000030517578,18.290000915527344,17.790000915527344,17.829999923706055,17.829999923706055
2022-04-25,17.75,17.93000030517578,17.389999389648438,17.790000915527344,17.790000915527344
2022-04-26,17.6299991607666,17.760000228881836,17.15999984741211,17.209999084472656,17.209999084472656
2022-04-27,17.139999389648438,17.5,16.739999771118164,16.84000015258789,16.84000015258789
2022-04-28,16.989999771118164,17.549999237060547,16.770000457763672,17.3700008392334,17.3700008392334
2022-04-29,17.290000915527344,17.31999969482422,16.8799991607666,17.059999465942383,17.059999465942383
2022-05-02,16.8799991607666,16.93000030517578,16.139999389648438,16.309999465942383,16.309999465942383
2022-05-03,16.299999237060547,16.600000381469727,16.15999984741211,16.309999465942383,16.309999465942383
2022-05-04,16.329999923706055,16.43000030517578,15.850000381469727,16.3799991607666,16.3799991607666
2022-05-05,16.3799991607666,16.479999542236328,15.739999771118164,15.9399995803833,15.9399995803833
2022-05-06,15.739999771118164,16.030000686645508,15.319999694824219,15.420000076293945,15.420000076293945
2022-05-09,15.319999694824219,15.640000343322754,15.15999984741211,15.279999732971191,15.279999732971191
2022-05-10,15.289999961853027,15.710000038146973,15.199999809265137,15.300000190734863,15.300000190734863
2022-05-11,15.3100004196167,15.609999656677246,14.970000267028809,15.100000381469727,15.100000381469727
2022-05-12,15.029999732971191,15.569999694824219,15.010000228881836,15.550000190734863,15.550000190734863
2022-05-13,15.520000457763672,15.890000343322754,15.449999809265137,15.859999656677246,15.859999656677246
2022-05-16,15.880000114440918,16.329999923706055,15.8100004196167,16.09000015258789,16.09000015258789
2022-05-17,16.18000030517578,16.40999984741211,16.09000015258789,16.31999969482422,16.31999969482422
2022-05-18,16.09000015258789,16.190000534057617,15.760000228881836,15.949999809265137,15.949999809265137
2022-05-19,15.949999809265137,16.190000534057617,15.850000381469727,15.90999984741211,15.90999984741211
2022-05-20,16.020000457763672,16.299999237060547,15.920000076293945,16.290000915527344,16.290000915527344
2022-05-23,16.43000030517578,16.670000076293945,16.200000762939453,16.350000381469727,16.350000381469727
2022-05-24,16.079999923706055,16.079999923706055,15.430000305175781,15.460000038146973,15.460000038146973
2022-05-25,15.329999923706055,15.630000114440918,14.979999542236328,15.020000457763672,15.020000457763672
2022-05-26,15.15999984741211,15.430000305175781,15.079999923706055,15.399999618530273,15.399999618530273
2022-05-27,15.489999771118164,15.529999732971191,15.34000015258789,15.460000038146973,15.460000038146973
2022-05-31,15.40999984741211,15.489999771118164,15.050000190734863,15.170000076293945,15.170000076293945
2022-06-01,15.170000076293945,15.319999694824219,14.6899995803833,14.720000267028809,14.720000267028809
2022-06-02,14.680000305175781,15.25,14.479999542236328,15.180000305175781,15.180000305175781
2022-06-03,15.149999618530273,15.380000114440918,15.109999656677246,15.329999923706055,15.329999923706055
2022-06-06,15.5,15.5,14.890000343322754,14.930000305175781,14.930000305175781
2022-06-07,14.890000343322754,15.619999885559082,14.880000114440918,15.600000381469727,15.600000381469727
2022-06-08,15.600000381469727,15.670000076293945,15.100000381469727,15.319999694824219,15.319999694824219
2022-06-09,15.210000038146973,15.270000457763672,14.859999656677246,14.899999618530273,14.899999618530273
2022-06-10,14.680000305175781,14.949999809265137,14.489999771118164,14.829999923706055,14.829999923706055
2022-06-13,14.609999656677246,14.670000076293945,14.25,14.420000076293945,14.420000076293945
2022-06-14,14.34000015258789,14.449999809265137,14.0600004196167,14.319999694824219,14.319999694824219
2022-06-15,14.270000457763672,14.699999809265137,14.25,14.5600004196167,14.5600004196167
2022-06-16,14.380000114440918,14.600000381469727,14.149999618530273,14.5,14.5
2022-06-17,14.579999923706055,15.029999732971191,14.579999923706055,14.779999732971191,14.779999732971191
2022-06-21,14.850000381469727,14.989999771118164,14.600000381469727,14.649999618530273,14.649999618530273
2022-06-22,14.579999923706055,15.09000015258789,14.239999771118164,14.729999542236328,14.729999542236328
2022-06-23,14.8100004196167,15.100000381469727,14.770000457763672,15.069999694824219,15.069999694824219
2022-06-24,15.140000343322754,15.359999656677246,14.720000267028809,14.760000228881836,14.760000228881836
2022-06-27,14.899999618530273,15.4399995803833,14.850000381469727,15.300000190734863,15.300000190734863
2022-06-28,15.319999694824219,15.369999885559082,14.930000305175781,14.979999542236328,14.979999542236328
2022-06-29,14.979999542236328,15.0600004196167,14.789999961853027,15.029999732971191,15.029999732971191
2022-06-30,14.84000015258789,14.930000305175781,14.59000015258789,14.760000228881836,14.760000228881836
2022-07-01,14.720000267028809,14.979999542236328,14.609999656677246,14.890000343322754,14.890000343322754
2022-07-05,14.880000114440918,15.260000228881836,14.779999732971191,15.220000267028809,15.220000267028809
2022-07-06,15.140000343322754,15.229999542236328,14.890000343322754,14.9399995803833,14.9399995803833
2022-07-07,14.920000076293945,15.220000267028809,14.739999771118164,14.800000190734863,14.800000190734863
2022-07-08,14.800000190734863,15.0,14.4399995803833,14.479999542236328,14.479999542236328
2022-07-11,14.579999923706055,14.829999923706055,14.4399995803833,14.460000038146973,14.460000038146973
2022-07-12,14.329999923706055,14.529999732971191,13.899999618530273,14.460000038146973,14.460000038146973
2022-07-13,14.460000038146973,14.59000015258789,13.949999809265137,13.960000038146973,13.960000038146973
2022-07-14,13.8100004196167,14.670000076293945,13.760000228881836,14.579999923706055,14.579999923706055
2022-07-15,14.609999656677246,14.609999656677246,13.739999771118164,14.399999618530273,14.399999618530273
2022-07-18,14.539999961853027,14.819999694824219,14.369999885559082,14.510000228881836,14.510000228881836
2022-07-19,14.550000190734863,14.739999771118164,14.520000457763672,14.720000267028809,14.720000267028809
2022-07-20,14.569999694824219,14.710000038146973,14.220000267028809,14.40999984741211,14.40999984741211
2022-07-21,14.460000038146973,14.84000015258789,14.390000343322754,14.829999923706055,14.829999923706055
2022-07-22,14.829999923706055,14.829999923706055,14.470000267028809,14.5600004196167,14.5600004196167
2022-07-25,14.680000305175781,14.800000190734863,14.5,14.5600004196167,14.5600004196167
2022-07-26,14.619999885559082,14.630000114440918,14.260000228881836,14.489999771118164,14.489999771118164
2022-07-27,14.470000267028809,14.770000457763672,14.170000076293945,14.680000305175781,14.680000305175781
2022-07-28,14.119999885559082,14.569999694824219,13.640000343322754,14.239999771118164,14.239999771118164
2022-07-29,14.239999771118164,14.380000114440918,14.050000190734863,14.34000015258789,14.34000015258789
2022-08-01,14.34000015258789,14.529999732971191,14.09000015258789,14.300000190734863,14.300000190734863
2022-08-02,14.40999984741211,14.40999984741211,14.079999923706055,14.09000015258789,14.09000015258789
2022-08-03,14.119999885559082,14.529999732971191,14.119999885559082,14.25,14.25
2022-08-04,14.270000457763672,14.329999923706055,14.039999961853027,14.3100004196167,14.3100004196167
2022-08-05,14.229999542236328,14.479999542236328,14.100000381469727,14.4399995803833,14.4399995803833
2022-08-08,14.460000038146973,14.819999694824219,14.449999809265137,14.789999961853027,14.789999961853027
2022-08-09,14.739999771118164,14.869999885559082,14.329999923706055,14.369999885559082,14.369999885559082
2022-08-10,14.430000305175781,14.569999694824219,14.350000381469727,14.5,14.5
2022-08-11,14.569999694824219,14.720000267028809,14.420000076293945,14.470000267028809,14.470000267028809
2022-08-12,14.539999961853027,14.739999771118164,14.34000015258789,14.739999771118164,14.739999771118164
2022-08-15,14.649999618530273,14.699999809265137,14.5,14.5600004196167,14.5600004196167
2022-08-16,14.479999542236328,14.640000343322754,14.34000015258789,14.630000114440918,14.630000114440918
2022-08-17,14.449999809265137,14.460000038146973,14.0,14.079999923706055,14.079999923706055
2022-08-18,14.109999656677246,14.25,13.960000038146973,14.1899995803833,14.1899995803833
2022-08-19,14.199999809265137,14.279999732971191,14.039999961853027,14.119999885559082,14.119999885559082
2022-08-22,13.989999771118164,14.069999694824219,13.770000457763672,13.890000343322754,13.890000343322754
2022-08-23,13.850000381469727,13.90999984741211,13.640000343322754,13.649999618530273,13.649999618530273
2022-08-24,13.449999809265137,13.739999771118164,13.369999885559082,13.600000381469727,13.600000381469727
2022-08-25,13.59000015258789,13.680000305175781,13.390000343322754,13.520000457763672,13.520000457763672
2022-08-26,13.529999732971191,13.550000190734863,13.289999961853027,13.329999923706055,13.329999923706055
2022-08-29,13.25,13.550000190734863,13.079999923706055,13.430000305175781,13.430000305175781
2022-08-30,13.460000038146973,13.510000228881836,13.130000114440918,13.3100004196167,13.3100004196167
2022-08-31,13.449999809265137,13.520000457763672,13.130000114440918,13.15999984741211,13.15999984741211
2022-09-01,13.010000228881836,13.239999771118164,12.979999542236328,13.010000228881836,13.010000228881836
2022-09-02,13.029999732971191,13.300000190734863,12.819999694824219,13.079999923706055,13.079999923706055
2022-09-06,13.170000076293945,13.699999809265137,13.09000015258789,13.5600004196167,13.5600004196167
2022-09-07,13.510000228881836,13.670000076293945,13.220000267028809,13.329999923706055,13.329999923706055
2022-09-08,13.34000015258789,13.609999656677246,13.34000015258789,13.5600004196167,13.5600004196167
2022-09-09,13.5600004196167,13.670000076293945,13.100000381469727,13.229999542236328,13.229999542236328
2022-09-12,13.479999542236328,13.479999542236328,12.800000190734863,12.899999618530273,12.899999618530273
2022-09-13,12.789999961853027,12.970000267028809,12.680000305175781,12.8100004196167,12.8100004196167
2022-09-14,12.710000038146973,12.720000267028809,12.4399995803833,12.609999656677246,12.609999656677246
2022-09-15,12.59000015258789,12.6899995803833,12.369999885559082,12.460000038146973,12.460000038146973
2022-09-16,12.380000114440918,12.579999923706055,12.279999732971191,12.5,12.5
2022-09-19,12.479999542236328,12.520000457763672,12.3100004196167,12.470000267028809,12.470000267028809
2022-09-20,12.350000381469727,12.350000381469727,12.020000457763672,12.1899995803833,12.1899995803833
2022-09-21,12.130000114440918,12.359999656677246,12.010000228881836,12.029999732971191,12.029999732971191
2022-09-22,11.960000038146973,12.0600004196167,11.779999732971191,11.869999885559082,11.869999885559082
2022-09-23,11.800000190734863,11.880000114440918,11.65999984741211,11.800000190734863,11.800000190734863
2022-09-26,11.739999771118164,11.890000343322754,11.569999694824219,11.619999885559082,11.619999885559082
2022-09-27,11.619999885559082,11.90999984741211,11.619999885559082,11.760000228881836,11.760000228881836
2022-09-28,11.869999885559082,12.09000015258789,11.850000381469727,12.069999694824219,12.069999694824219
2022-09-29,11.949999809265137,11.949999809265137,11.65999984741211,11.859999656677246,11.859999656677246
2022-09-30,11.84000015258789,11.920000076293945,11.609999656677246,11.609999656677246,11.609999656677246
2022-10-03,11.65999984741211,11.84000015258789,11.579999923706055,11.800000190734863,11.800000190734863
2022-10-04,11.930000305175781,12.239999771118164,11.920000076293945,12.229999542236328,12.229999542236328
2022-10-05,12.319999694824219,12.369999885559082,12.010000228881836,12.199999809265137,12.199999809265137
2022-10-06,12.229999542236328,12.399999618530273,12.140000343322754,12.380000114440918,12.380000114440918
2022-10-07,12.399999618530273,12.479999542236328,12.220000267028809,12.399999618530273,12.399999618530273
2022-10-10,12.390000343322754,12.510000228881836,12.300000190734863,12.449999809265137,12.449999809265137
2022-10-11,12.470000267028809,12.65999984741211,12.350000381469727,12.569999694824219,12.569999694824219
2022-10-12,12.640000343322754,12.989999771118164,12.550000190734863,12.949999809265137,12.949999809265137
2022-10-13,12.90999984741211,13.479999542236328,12.729999542236328,13.369999885559082,13.369999885559082
2022-10-14,13.449999809265137,13.640000343322754,13.170000076293945,13.229999542236328,13.229999542236328
2022-10-17,13.399999618530273,13.619999885559082,13.380000114440918,13.520000457763672,13.520000457763672
2022-10-18,13.630000114440918,13.770000457763672,13.479999542236328,13.670000076293945,13.670000076293945
2022-10-19,13.6899995803833,13.729999542236328,13.289999961853027,13.420000076293945,13.420000076293945
2022-10-20,13.420000076293945,13.5,13.369999885559082,13.430000305175781,13.430000305175781
2022-10-21,13.550000190734863,13.59000015258789,13.289999961853027,13.5,13.5
2022-10-24,13.699999809265137,13.890000343322754,13.510000228881836,13.779999732971191,13.779999732971191
2022-10-25,13.680000305175781,13.869999885559082,13.630000114440918,13.680000305175781,13.680000305175781
2022-10-26,13.670000076293945,13.779999732971191,13.460000038146973,13.5,13.5
2022-10-27,13.529999732971191,13.720000267028809,13.180000305175781,13.199999809265137,13.199999809265137
2022-10-28,13.289999961853027,13.640000343322754,13.220000267028809,13.569999694824219,13.569999694824219
2022-10-31,13.569999694824219,13.6899995803833,13.520000457763672,13.5600004196167,13.5600004196167
2022-11-01,13.59000015258789,13.640000343322754,13.390000343322754,13.550000190734863,13.550000190734863
2022-11-02,13.520000457763672,13.550000190734863,13.130000114440918,13.149999618530273,13.149999618530273
2022-11-03,13.09000015258789,13.149999618530273,12.930000305175781,13.0600004196167,13.0600004196167
2022-11-04,13.0600004196167,13.149999618530273,12.890000343322754,12.979999542236328,12.979999542236328
2022-11-07,12.949999809265137,13.100000381469727,12.890000343322754,13.029999732971191,13.029999732971191
2022-11-08,13.069999694824219,13.289999961853027,12.9399995803833,13.050000190734863,13.050000190734863
2022-11-09,13.050000190734863,13.140000343322754,12.890000343322754,12.920000076293945,12.920000076293945
2022-11-10,13.34000015258789,13.8100004196167,13.180000305175781,13.710000038146973,13.710000038146973
2022-11-11,13.630000114440918,13.710000038146973,13.15999984741211,13.619999885559082,13.619999885559082
2022-11-14,13.65999984741211,13.890000343322754,13.289999961853027,13.390000343322754,13.390000343322754
2022-11-15,13.420000076293945,13.720000267028809,13.369999885559082,13.390000343322754,13.390000343322754
2022-11-16,13.350000381469727,13.460000038146973,13.119999885559082,13.15999984741211,13.15999984741211
2022-11-17,13.100000381469727,13.180000305175781,13.020000457763672,13.100000381469727,13.100000381469727
2022-11-18,13.279999732971191,13.649999618530273,13.279999732971191,13.550000190734863,13.550000190734863
2022-11-21,13.59000015258789,13.649999618530273,13.029999732971191,13.109999656677246,13.109999656677246
2022-11-22,13.140000343322754,13.479999542236328,13.109999656677246,13.449999809265137,13.449999809265137
2022-11-23,13.449999809265137,13.529999732971191,12.970000267028809,13.020000457763672,13.020000457763672
2022-11-25,13.0,13.220000267028809,13.0,13.039999961853027,13.039999961853027
2022-11-28,13.029999732971191,13.140000343322754,12.880000114440918,12.90999984741211,12.90999984741211
2022-11-29,12.850000381469727,12.979999542236328,12.789999961853027,12.880000114440918,12.880000114440918
2022-11-30,12.850000381469727,13.149999618530273,12.5600004196167,13.130000114440918,13.130000114440918
2022-12-01,13.229999542236328,13.289999961853027,12.979999542236328,13.180000305175781,13.180000305175781
2022-12-02,13.0600004196167,13.420000076293945,12.979999542236328,13.279999732971191,13.279999732971191
2022-12-05,13.1899995803833,13.220000267028809,12.90999984741211,12.930000305175781,12.930000305175781
2022-12-06,12.869999885559082,13.15999984741211,12.850000381469727,13.109999656677246,13.109999656677246
2022-12-07,13.130000114440918,13.25,12.930000305175781,13.220000267028809,13.220000267028809
2022-12-08,13.199999809265137,13.65999984741211,13.100000381469727,13.640000343322754,13.640000343322754
2022-12-09,13.640000343322754,13.6899995803833,13.359999656677246,13.369999885559082,13.369999885559082
2022-12-12,13.369999885559082,13.399999618530273,13.180000305175781,13.260000228881836,13.260000228881836
2022-12-13,13.479999542236328,13.579999923706055,13.229999542236328,13.300000190734863,13.300000190734863
2022-12-14,13.300000190734863,13.399999618530273,13.109999656677246,13.270000457763672,13.270000457763672
2022-12-15,13.1899995803833,13.220000267028809,12.890000343322754,12.960000038146973,12.960000038146973
2022-12-16,12.779999732971191,12.899999618530273,12.6899995803833,12.770000457763672,12.770000457763672
2022-12-19,12.770000457763672,12.90999984741211,12.680000305175781,12.760000228881836,12.760000228881836
2022-12-20,12.789999961853027,12.949999809265137,12.729999542236328,12.829999923706055,12.829999923706055
2022-12-21,12.890000343322754,13.399999618530273,12.859999656677246,13.279999732971191,13.279999732971191
2022-12-22,13.170000076293945,13.489999771118164,13.069999694824219,13.470000267028809,13.470000267028809
2022-12-23,13.470000267028809,13.569999694824219,13.199999809265137,13.239999771118164,13.239999771118164
2022-12-27,13.199999809265137,13.229999542236328,13.029999732971191,13.170000076293945,13.170000076293945
2022-12-28,13.15999984741211,13.3100004196167,13.0,13.029999732971191,13.029999732971191
2022-12-29,13.100000381469727,13.380000114440918,13.050000190734863,13.279999732971191,13.279999732971191
2022-12-30,13.279999732971191,13.319999694824219,13.140000343322754,13.25,13.25
2023-01-03,13.260000228881836,13.399999618530273,13.25,13.270000457763672,13.270000457763672
2023-01-04,13.3100004196167,13.479999542236328,13.199999809265137,13.229999542236328,13.229999542236328
2023-01-05,13.149999618530273,13.199999809265137,13.0600004196167,13.109999656677246,13.109999656677246
2023-01-06,13.109999656677246,13.479999542236328,13.109999656677246,13.420000076293945,13.420000076293945
2023-01-09,13.40999984741211,13.470000267028809,13.010000228881836,13.079999923706055,13.079999923706055
2023-01-10,13.020000457763672,13.380000114440918,12.930000305175781,13.260000228881836,13.260000228881836
2023-01-11,13.270000457763672,13.430000305175781,13.15999984741211,13.430000305175781,13.430000305175781
2023-01-12,13.399999618530273,13.739999771118164,13.350000381469727,13.600000381469727,13.600000381469727
2023-01-13,13.510000228881836,13.6899995803833,13.300000190734863,13.369999885559082,13.369999885559082
2023-01-17,13.380000114440918,13.800000190734863,13.369999885559082,13.420000076293945,13.420000076293945
2023-01-18,13.4399995803833,13.520000457763672,13.039999961853027,13.050000190734863,13.050000190734863
2023-01-19,13.0,13.079999923706055,12.829999923706055,13.039999961853027,13.039999961853027
2023-01-20,13.100000381469727,13.140000343322754,12.949999809265137,13.020000457763672,13.020000457763672
2023-01-23,12.989999771118164,13.029999732971191,12.850000381469727,12.9399995803833,12.9399995803833
2023-01-24,12.729999542236328,12.9399995803833,12.100000381469727,12.430000305175781,12.430000305175781
2023-01-25,12.350000381469727,12.5600004196167,12.319999694824219,12.420000076293945,12.420000076293945
2023-01-26,12.420000076293945,12.720000267028809,12.350000381469727,12.680000305175781,12.680000305175781
2023-01-27,12.670000076293945,12.8100004196167,12.59000015258789,12.6899995803833,12.6899995803833
2023-01-30,12.670000076293945,12.670000076293945,12.460000038146973,12.479999542236328,12.479999542236328
2023-01-31,12.510000228881836,12.65999984741211,12.510000228881836,12.649999618530273,12.649999618530273
2023-02-01,12.579999923706055,12.819999694824219,12.550000190734863,12.75,12.75
2023-02-02,12.789999961853027,13.020000457763672,12.739999771118164,12.960000038146973,12.960000038146973
2023-02-03,12.949999809265137,13.100000381469727,12.739999771118164,12.800000190734863,12.800000190734863
2023-02-06,12.800000190734863,12.890000343322754,12.619999885559082,12.710000038146973,12.710000038146973
2023-02-07,12.65999984741211,12.6899995803833,12.4399995803833,12.640000343322754,12.640000343322754
2023-02-08,12.569999694824219,12.6899995803833,12.279999732971191,12.319999694824219,12.319999694824219
2023-02-09,12.25,12.5,12.25,12.489999771118164,12.489999771118164
2023-02-10,12.529999732971191,12.550000190734863,12.229999542236328,12.260000228881836,12.260000228881836
2023-02-13,12.260000228881836,12.460000038146973,12.119999885559082,12.319999694824219,12.319999694824219
2023-02-14,12.270000457763672,12.420000076293945,12.170000076293945,12.380000114440918,12.380000114440918
2023-02-15,12.3100004196167,12.510000228881836,12.25,12.4399995803833,12.4399995803833
2023-02-16,12.279999732971191,12.390000343322754,12.180000305175781,12.1899995803833,12.1899995803833
2023-02-17,12.289999961853027,12.479999542236328,12.220000267028809,12.420000076293945,12.420000076293945
2023-02-21,12.369999885559082,12.460000038146973,12.279999732971191,12.279999732971191,12.279999732971191
2023-02-22,12.279999732971191,12.420000076293945,12.229999542236328,12.319999694824219,12.319999694824219
2023-02-23,12.319999694824219,12.380000114440918,11.989999771118164,12.15999984741211,12.15999984741211
2023-02-24,12.079999923706055,12.130000114440918,11.899999618530273,12.020000457763672,12.020000457763672
2023-02-27,12.020000457763672,12.25,11.989999771118164,11.989999771118164,11.989999771118164
2023-02-28,11.989999771118164,12.180000305175781,11.949999809265137,12.069999694824219,12.069999694824219
2023-03-01,12.0,12.220000267028809,11.140000343322754,11.369999885559082,11.369999885559082
2023-03-02,11.359999656677246,11.479999542236328,10.899999618530273,10.930000305175781,10.930000305175781
2023-03-03,10.930000305175781,11.149999618530273,10.789999961853027,10.989999771118164,10.989999771118164
2023-03-06,11.050000190734863,11.15999984741211,10.90999984741211,11.020000457763672,11.020000457763672
2023-03-07,11.020000457763672,11.149999618530273,10.880000114440918,10.890000343322754,10.890000343322754
2023-03-08,10.859999656677246,11.0,10.789999961853027,10.960000038146973,10.960000038146973
2023-03-09,10.970000267028809,11.130000114440918,10.699999809265137,10.729999542236328,10.729999542236328
2023-03-10,10.680000305175781,10.920000076293945,10.640000343322754,10.789999961853027,10.789999961853027
2023-03-13,10.739999771118164,11.130000114440918,10.699999809265137,10.90999984741211,10.90999984741211
2023-03-14,11.130000114440918,11.3100004196167,10.989999771118164,11.239999771118164,11.239999771118164
2023-03-15,11.329999923706055,11.489999771118164,11.210000038146973,11.430000305175781,11.430000305175781
2023-03-16,11.319999694824219,11.579999923706055,11.239999771118164,11.460000038146973,11.460000038146973
2023-03-17,11.449999809265137,11.520000457763672,11.149999618530273,11.180000305175781,11.180000305175781
2023-03-20,11.229999542236328,11.4399995803833,11.130000114440918,11.1899995803833,11.1899995803833
2023-03-21,11.260000228881836,11.359999656677246,11.210000038146973,11.329999923706055,11.329999923706055
2023-03-22,11.3100004196167,11.380000114440918,11.0,11.0,11.0
2023-03-23,11.079999923706055,11.239999771118164,11.050000190734863,11.1899995803833,11.1899995803833
2023-03-24,11.130000114440918,11.430000305175781,10.960000038146973,11.350000381469727,11.350000381469727
2023-03-27,11.350000381469727,11.479999542236328,11.289999961853027,11.380000114440918,11.380000114440918
2023-03-28,11.319999694824219,11.359999656677246,11.109999656677246,11.270000457763672,11.270000457763672
2023-03-29,11.319999694824219,11.350000381469727,11.149999618530273,11.149999618530273,11.149999618530273
2023-03-30,11.210000038146973,11.260000228881836,11.109999656677246,11.149999618530273,11.149999618530273
2023-03-31,11.170000076293945,11.319999694824219,11.170000076293945,11.25,11.25
2023-04-03,11.289999961853027,11.399999618530273,11.229999542236328,11.390000343322754,11.390000343322754
2023-04-04,11.380000114440918,11.4399995803833,11.329999923706055,11.399999618530273,11.399999618530273
2023-04-05,11.399999618530273,11.630000114440918,11.399999618530273,11.619999885559082,11.619999885559082
2023-04-06,11.729999542236328,11.829999923706055,11.720000267028809,11.800000190734863,11.800000190734863
2023-04-10,11.75,11.789999961853027,11.630000114440918,11.770000457763672,11.770000457763672
2023-04-11,11.800000190734863,11.829999923706055,11.779999732971191,11.8100004196167,11.8100004196167
2023-04-12,11.84000015258789,11.84000015258789,11.699999809265137,11.699999809265137,11.699999809265137
2023-04-13,11.640000343322754,12.229999542236328,11.619999885559082,12.199999809265137,12.199999809265137
2023-04-14,12.149999618530273,12.220000267028809,11.90999984741211,12.020000457763672,12.020000457763672
2023-04-17,12.020000457763672,12.020000457763672,12.020000457763672,12.020000457763672,12.020000457763672
2023-04-18,12.479999542236328,12.529999732971191,11.239999771118164,11.399999618530273,11.399999618530273
2023-04-19,11.34000015258789,11.9399995803833,11.319999694824219,11.850000381469727,11.850000381469727
2023-04-20,11.850000381469727,11.920000076293945,11.6899995803833,11.84000015258789,11.84000015258789
2023-04-21,11.850000381469727,12.050000190734863,11.8100004196167,11.979999542236328,11.979999542236328
2023-04-24,12.0,12.0,11.710000038146973,11.800000190734863,11.800000190734863
2023-04-25,11.819999694824219,11.970000267028809,11.729999542236328,11.729999542236328,11.729999542236328
2023-04-26,11.630000114440918,11.890000343322754,11.550000190734863,11.869999885559082,11.869999885559082
2023-04-27,11.850000381469727,11.9399995803833,11.649999618530273,11.880000114440918,11.880000114440918
2023-04-28,11.739999771118164,11.850000381469727,11.699999809265137,11.729999542236328,11.729999542236328
2023-05-01,11.670000076293945,11.760000228881836,11.600000381469727,11.6899995803833,11.6899995803833
2023-05-02,11.619999885559082,11.699999809265137,11.369999885559082,11.4399995803833,11.4399995803833
2023-05-03,11.489999771118164,11.710000038146973,11.479999542236328,11.529999732971191,11.529999732971191
2023-05-04,11.529999732971191,11.699999809265137,11.399999618530273,11.640000343322754,11.640000343322754
2023-05-05,11.699999809265137,11.869999885559082,11.640000343322754,11.75,11.75
2023-05-08,11.779999732971191,11.779999732971191,11.5600004196167,11.680000305175781,11.680000305175781
2023-05-09,11.680000305175781,11.710000038146973,11.550000190734863,11.5600004196167,11.5600004196167
2023-05-10,11.760000228881836,12.279999732971191,11.630000114440918,12.199999809265137,12.199999809265137
2023-05-11,12.199999809265137,12.539999961853027,12.180000305175781,12.430000305175781,12.430000305175781
2023-05-12,12.479999542236328,12.710000038146973,12.470000267028809,12.670000076293945,12.670000076293945
2023-05-15,12.729999542236328,12.9399995803833,12.710000038146973,12.90999984741211,12.90999984741211
2023-05-16,13.079999923706055,13.529999732971191,13.050000190734863,13.25,13.25
2023-05-17,13.270000457763672,13.270000457763672,13.0,13.109999656677246,13.109999656677246
2023-05-18,13.079999923706055,13.229999542236328,13.010000228881836,13.199999809265137,13.199999809265137
2023-05-19,13.329999923706055,13.520000457763672,13.270000457763672,13.470000267028809,13.470000267028809
2023-05-22,13.59000015258789,13.899999618530273,13.380000114440918,13.640000343322754,13.640000343322754
2023-05-23,13.609999656677246,13.6899995803833,13.5,13.539999961853027,13.539999961853027
2023-05-24,13.319999694824219,13.350000381469727,13.119999885559082,13.239999771118164,13.239999771118164
2023-05-25,13.140000343322754,13.170000076293945,12.920000076293945,13.130000114440918,13.130000114440918
2023-05-26,13.100000381469727,13.270000457763672,13.010000228881836,13.140000343322754,13.140000343322754
2023-05-30,13.119999885559082,13.1899995803833,12.920000076293945,12.970000267028809,12.970000267028809
2023-05-31,13.109999656677246,13.65999984741211,13.109999656677246,13.489999771118164,13.489999771118164
2023-06-01,13.460000038146973,13.460000038146973,13.100000381469727,13.109999656677246,13.109999656677246
2023-06-02,13.140000343322754,13.229999542236328,13.050000190734863,13.170000076293945,13.170000076293945
2023-06-05,13.199999809265137,13.210000038146973,12.970000267028809,13.199999809265137,13.199999809265137
2023-06-06,13.229999542236328,13.3100004196167,13.029999732971191,13.0600004196167,13.0600004196167
2023-06-07,13.079999923706055,13.40999984741211,13.020000457763672,13.399999618530273,13.399999618530273
2023-06-08,13.59000015258789,13.75,13.550000190734863,13.720000267028809,13.720000267028809
2023-06-09,13.6899995803833,13.6899995803833,13.279999732971191,13.300000190734863,13.300000190734863
2023-06-12,13.489999771118164,13.520000457763672,13.25,13.399999618530273,13.399999618530273
2023-06-13,13.34000015258789,13.40999984741211,13.229999542236328,13.380000114440918,13.380000114440918
2023-06-14,13.390000343322754,13.550000190734863,13.319999694824219,13.369999885559082,13.369999885559082
2023-06-15,13.369999885559082,13.380000114440918,13.069999694824219,13.170000076293945,13.170000076293945
2023-06-16,13.260000228881836,13.260000228881836,12.960000038146973,13.0600004196167,13.0600004196167
2023-06-20,13.09000015258789,13.109999656677246,12.8100004196167,12.819999694824219,12.819999694824219
2023-06-21,12.84000015258789,12.979999542236328,12.680000305175781,12.890000343322754,12.890000343322754
2023-06-22,12.949999809265137,12.949999809265137,12.800000190734863,12.899999618530273,12.899999618530273
2023-06-23,12.84000015258789,12.930000305175781,12.619999885559082,12.630000114440918,12.630000114440918
2023-06-26,12.609999656677246,12.710000038146973,12.539999961853027,12.640000343322754,12.640000343322754
2023-06-27,12.609999656677246,12.789999961853027,12.579999923706055,12.630000114440918,12.630000114440918
2023-06-28,12.609999656677246,12.699999809265137,12.529999732971191,12.630000114440918,12.630000114440918
2023-06-29,12.579999923706055,12.850000381469727,12.489999771118164,12.75,12.75
2023-06-30,12.800000190734863,12.84000015258789,12.640000343322754,12.729999542236328,12.729999542236328
2023-07-03,12.649999618530273,12.800000190734863,12.649999618530273,12.6899995803833,12.6899995803833
2023-07-05,12.699999809265137,12.720000267028809,12.460000038146973,12.460000038146973,12.460000038146973
2023-07-06,12.430000305175781,12.489999771118164,12.350000381469727,12.4399995803833,12.4399995803833
2023-07-07,12.4399995803833,12.550000190734863,12.40999984741211,12.4399995803833,12.4399995803833
2023-07-10,12.40999984741211,12.569999694824219,12.329999923706055,12.369999885559082,12.369999885559082
2023-07-11,12.369999885559082,12.5,12.329999923706055,12.5,12.5
2023-07-12,12.59000015258789,12.720000267028809,12.470000267028809,12.649999618530273,12.649999618530273
2023-07-13,12.640000343322754,12.710000038146973,12.460000038146973,12.460000038146973,12.460000038146973
2023-07-14,12.4399995803833,12.5,12.420000076293945,12.479999542236328,12.479999542236328
2023-07-17,12.470000267028809,12.539999961853027,12.4399995803833,12.470000267028809,12.470000267028809
2023-07-18,12.460000038146973,12.699999809265137,12.460000038146973,12.630000114440918,12.630000114440918
2023-07-19,12.630000114440918,13.010000228881836,12.630000114440918,12.770000457763672,12.770000457763672
2023-07-20,12.760000228881836,12.869999885559082,12.59000015258789,12.640000343322754,12.640000343322754
2023-07-21,12.699999809265137,13.050000190734863,12.649999618530273,12.970000267028809,12.970000267028809
2023-07-24,12.979999542236328,13.239999771118164,12.9399995803833,13.220000267028809,13.220000267028809
2023-07-25,13.140000343322754,13.279999732971191,13.069999694824219,13.149999618530273,13.149999618530273
2023-07-26,13.15999984741211,13.220000267028809,12.859999656677246,13.15999984741211,13.15999984741211
2023-07-27,13.130000114440918,13.279999732971191,12.859999656677246,12.979999542236328,12.979999542236328
2023-07-28,13.039999961853027,13.319999694824219,13.029999732971191,13.149999618530273,13.149999618530273
2023-07-31,13.170000076293945,13.600000381469727,13.130000114440918,13.550000190734863,13.550000190734863
2023-08-01,13.539999961853027,13.59000015258789,13.25,13.359999656677246,13.359999656677246
2023-08-02,13.260000228881836,13.359999656677246,13.079999923706055,13.180000305175781,13.180000305175781
2023-08-03,13.100000381469727,13.279999732971191,12.829999923706055,13.180000305175781,13.180000305175781
2023-08-04,13.239999771118164,13.699999809265137,13.239999771118164,13.569999694824219,13.569999694824219
2023-08-07,13.569999694824219,13.720000267028809,13.399999618530273,13.539999961853027,13.539999961853027
2023-08-08,13.5,13.699999809265137,13.470000267028809,13.65999984741211,13.65999984741211
2023-08-09,13.649999618530273,13.65999984741211,13.510000228881836,13.65999984741211,13.65999984741211
2023-08-10,13.6899995803833,13.720000267028809,13.569999694824219,13.609999656677246,13.609999656677246
2023-08-11,13.5600004196167,13.649999618530273,13.449999809265137,13.5,13.5
2023-08-14,13.5,13.600000381469727,13.40999984741211,13.550000190734863,13.550000190734863
2023-08-15,13.489999771118164,13.890000343322754,13.489999771118164,13.890000343322754,13.890000343322754
2023-08-16,13.859999656677246,13.890000343322754,13.539999961853027,13.569999694824219,13.569999694824219
2023-08-17,13.550000190734863,13.65999984741211,13.449999809265137,13.569999694824219,13.569999694824219
2023-08-18,13.5,13.760000228881836,13.5,13.640000343322754,13.640000343322754
2023-08-21,13.609999656677246,13.609999656677246,13.289999961853027,13.3100004196167,13.3100004196167
2023-08-22,13.300000190734863,13.34000015258789,13.220000267028809,13.25,13.25
2023-08-23,13.279999732971191,13.359999656677246,13.15999984741211,13.279999732971191,13.279999732971191
2023-08-24,13.229999542236328,13.430000305175781,13.210000038146973,13.270000457763672,13.270000457763672
2023-08-25,13.270000457763672,13.369999885559082,13.140000343322754,13.300000190734863,13.300000190734863
2023-08-28,13.350000381469727,13.380000114440918,13.119999885559082,13.130000114440918,13.130000114440918
2023-08-29,13.109999656677246,13.239999771118164,13.020000457763672,13.140000343322754,13.140000343322754
2023-08-30,13.100000381469727,13.15999984741211,12.899999618530273,12.9399995803833,12.9399995803833
2023-08-31,12.930000305175781,12.979999542236328,12.670000076293945,12.75,12.75
2023-09-01,12.779999732971191,12.920000076293945,12.739999771118164,12.819999694824219,12.819999694824219
2023-09-05,12.800000190734863,12.800000190734863,12.5,12.579999923706055,12.579999923706055
2023-09-06,12.579999923706055,12.65999984741211,12.479999542236328,12.569999694824219,12.569999694824219
2023-09-07,12.609999656677246,12.680000305175781,12.460000038146973,12.520000457763672,12.520000457763672
2023-09-08,12.539999961853027,12.699999809265137,12.510000228881836,12.619999885559082,12.619999885559082
2023-09-11,12.619999885559082,12.800000190734863,12.470000267028809,12.5,12.5
2023-09-12,12.449999809265137,12.539999961853027,12.420000076293945,12.4399995803833,12.4399995803833
2023-09-13,12.4399995803833,12.630000114440918,12.40999984741211,12.5,12.5
2023-09-14,12.539999961853027,12.90999984741211,12.539999961853027,12.779999732971191,12.779999732971191
2023-09-15,12.75,12.800000190734863,12.399999618530273,12.5600004196167,12.5600004196167
2023-09-18,12.649999618530273,12.8100004196167,12.359999656677246,12.430000305175781,12.430000305175781
2023-09-19,12.40999984741211,12.609999656677246,12.399999618530273,12.479999542236328,12.479999542236328
2023-09-20,12.550000190734863,12.869999885559082,12.539999961853027,12.760000228881836,12.760000228881836
2023-09-21,12.729999542236328,12.970000267028809,12.65999984741211,12.930000305175781,12.930000305175781
2023-09-22,12.960000038146973,13.170000076293945,12.869999885559082,12.899999618530273,12.899999618530273
2023-09-25,12.869999885559082,13.09000015258789,12.670000076293945,13.0600004196167,13.0600004196167
2023-09-26,13.069999694824219,13.380000114440918,13.069999694824219,13.15999984741211,13.15999984741211
2023-09-27,13.15999984741211,13.369999885559082,13.039999961853027,13.170000076293945,13.170000076293945
2023-09-28,13.15999984741211,13.289999961853027,13.119999885559082,13.229999542236328,13.229999542236328
2023-09-29,13.260000228881836,13.300000190734863,12.90999984741211,12.989999771118164,12.989999771118164
2023-10-02,12.989999771118164,13.050000190734863,12.75,12.970000267028809,12.970000267028809
2023-10-03,12.899999618530273,12.970000267028809,12.75,12.90999984741211,12.90999984741211
2023-10-04,12.930000305175781,13.149999618530273,12.930000305175781,13.100000381469727,13.100000381469727
2023-10-05,13.109999656677246,13.319999694824219,13.109999656677246,13.229999542236328,13.229999542236328
2023-10-06,13.180000305175781,13.430000305175781,13.15999984741211,13.350000381469727,13.350000381469727
2023-10-09,13.270000457763672,13.350000381469727,13.149999618530273,13.199999809265137,13.199999809265137
2023-10-10,13.15999984741211,13.319999694824219,13.15999984741211,13.300000190734863,13.300000190734863
2023-10-11,13.350000381469727,13.6899995803833,13.329999923706055,13.680000305175781,13.680000305175781
2023-10-12,13.6899995803833,13.699999809265137,13.369999885559082,13.380000114440918,13.380000114440918
2023-10-13,13.229999542236328,13.380000114440918,13.170000076293945,13.3100004196167,13.3100004196167
2023-10-16,13.359999656677246,13.539999961853027,13.350000381469727,13.40999984741211,13.40999984741211
2023-10-17,13.369999885559082,13.479999542236328,13.270000457763672,13.369999885559082,13.369999885559082
2023-10-18,13.279999732971191,13.329999923706055,13.050000190734863,13.050000190734863,13.050000190734863
2023-10-19,12.979999542236328,13.069999694824219,12.8100004196167,12.90999984741211,12.90999984741211
2023-10-20,12.9399995803833,13.0600004196167,12.829999923706055,12.84000015258789,12.84000015258789
2023-10-23,12.819999694824219,12.850000381469727,12.609999656677246,12.649999618530273,12.649999618530273
2023-10-24,12.720000267028809,12.880000114440918,12.6899995803833,12.720000267028809,12.720000267028809
2023-10-25,12.630000114440918,12.829999923706055,12.619999885559082,12.640000343322754,12.640000343322754
2023-10-26,12.680000305175781,12.770000457763672,12.550000190734863,12.5600004196167,12.5600004196167
2023-10-27,12.5,12.5600004196167,12.279999732971191,12.319999694824219,12.319999694824219
2023-10-30,12.430000305175781,12.5,12.25,12.420000076293945,12.420000076293945
2023-10-31,12.4399995803833,12.470000267028809,12.34000015258789,12.40999984741211,12.40999984741211
2023-11-01,12.34000015258789,12.479999542236328,12.220000267028809,12.420000076293945,12.420000076293945
2023-11-02,13.239999771118164,13.34000015258789,12.75,13.279999732971191,13.279999732971191
2023-11-03,13.390000343322754,13.720000267028809,13.350000381469727,13.630000114440918,13.630000114440918
2023-11-06,13.720000267028809,13.890000343322754,13.5600004196167,13.649999618530273,13.649999618530273
2023-11-07,13.65999984741211,13.770000457763672,13.520000457763672,13.6899995803833,13.6899995803833
2023-11-08,13.680000305175781,13.779999732971191,13.529999732971191,13.760000228881836,13.760000228881836
2023-11-09,13.800000190734863,13.800000190734863,13.369999885559082,13.479999542236328,13.479999542236328
2023-11-10,13.550000190734863,13.5600004196167,13.3100004196167,13.470000267028809,13.470000267028809
2023-11-13,13.390000343322754,13.649999618530273,13.390000343322754,13.640000343322754,13.640000343322754
2023-11-14,13.729999542236328,13.930000305175781,13.670000076293945,13.890000343322754,13.890000343322754
2023-11-15,13.800000190734863,14.079999923706055,13.800000190734863,13.869999885559082,13.869999885559082
2023-11-16,13.899999618530273,13.90999984741211,13.630000114440918,13.649999618530273,13.649999618530273
2023-11-17,13.800000190734863,13.859999656677246,13.619999885559082,13.720000267028809,13.720000267028809
2023-11-20,13.649999618530273,13.699999809265137,13.5,13.619999885559082,13.619999885559082
2023-11-21,13.579999923706055,13.619999885559082,13.40999984741211,13.430000305175781,13.430000305175781
2023-11-22,13.460000038146973,13.630000114440918,13.460000038146973,13.569999694824219,13.569999694824219
2023-11-24,13.59000015258789,13.920000076293945,13.569999694824219,13.890000343322754,13.890000343322754
2023-11-27,13.779999732971191,13.869999885559082,13.619999885559082,13.680000305175781,13.680000305175781
2023-11-28,13.649999618530273,13.800000190734863,13.600000381469727,13.649999618530273,13.649999618530273
2023-11-29,13.640000343322754,13.920000076293945,13.640000343322754,13.6899995803833,13.6899995803833
2023-11-30,13.770000457763672,13.960000038146973,13.65999984741211,13.850000381469727,13.850000381469727
2023-12-01,13.970000267028809,14.0,13.6899995803833,13.989999771118164,13.989999771118164
2023-12-04,13.9399995803833,14.4399995803833,13.9399995803833,14.390000343322754,14.390000343322754
2023-12-05,14.319999694824219,14.760000228881836,14.050000190734863,14.6899995803833,14.6899995803833
2023-12-06,14.710000038146973,14.770000457763672,14.40999984741211,14.4399995803833,14.4399995803833
2023-12-07,14.420000076293945,14.779999732971191,14.25,14.760000228881836,14.760000228881836
2023-12-08,14.739999771118164,15.140000343322754,14.6899995803833,15.119999885559082,15.119999885559082
2023-12-11,15.140000343322754,15.319999694824219,14.930000305175781,15.300000190734863,15.300000190734863
2023-12-12,15.3100004196167,15.75,15.220000267028809,15.600000381469727,15.600000381469727
2023-12-13,15.550000190734863,15.800000190734863,15.40999984741211,15.699999809265137,15.699999809265137
2023-12-14,15.84000015258789,15.859999656677246,15.029999732971191,15.380000114440918,15.380000114440918
2023-12-15,15.380000114440918,15.630000114440918,15.1899995803833,15.489999771118164,15.489999771118164
2023-12-18,15.529999732971191,15.6899995803833,15.25,15.65999984741211,15.65999984741211
2023-12-19,15.75,15.979999542236328,15.710000038146973,15.930000305175781,15.930000305175781
2023-12-20,15.989999771118164,16.110000610351562,15.890000343322754,15.970000267028809,15.970000267028809
2023-12-21,16.020000457763672,16.229999542236328,15.949999809265137,16.209999084472656,16.209999084472656
2023-12-22,16.260000228881836,16.43000030517578,16.18000030517578,16.219999313354492,16.219999313354492
2023-12-26,16.219999313354492,16.360000610351562,16.170000076293945,16.270000457763672,16.270000457763672
2023-12-27,16.270000457763672,16.389999389648438,16.190000534057617,16.270000457763672,16.270000457763672
2023-12-28,16.209999084472656,16.360000610351562,16.149999618530273,16.209999084472656,16.209999084472656
2023-12-29,16.15999984741211,16.209999084472656,16.0,16.040000915527344,16.040000915527344
2024-01-02,15.9399995803833,16.450000762939453,15.789999961853027,16.3700008392334,16.3700008392334
2024-01-03,16.40999984741211,16.540000915527344,16.299999237060547,16.450000762939453,16.450000762939453
2024-01-04,16.559999465942383,16.860000610351562,16.450000762939453,16.780000686645508,16.780000686645508
2024-01-05,16.780000686645508,16.799999237060547,16.56999969482422,16.579999923706055,16.579999923706055
2024-01-08,16.530000686645508,16.59000015258789,16.229999542236328,16.479999542236328,16.479999542236328
2024-01-09,16.440000534057617,16.540000915527344,16.31999969482422,16.450000762939453,16.450000762939453
2024-01-10,16.440000534057617,16.68000030517578,16.25,16.65999984741211,16.65999984741211
2024-01-11,16.530000686645508,16.559999465942383,15.359999656677246,16.40999984741211,16.40999984741211
2024-01-12,16.540000915527344,16.540000915527344,16.270000457763672,16.3700008392334,16.3700008392334
2024-01-16,16.280000686645508,16.440000534057617,16.06999969482422,16.420000076293945,16.420000076293945
2024-01-17,16.260000228881836,16.31999969482422,16.040000915527344,16.100000381469727,16.100000381469727
2024-01-18,16.15999984741211,16.170000076293945,16.010000228881836,16.049999237060547,16.049999237060547
2024-01-19,16.110000610351562,16.260000228881836,15.930000305175781,16.260000228881836,16.260000228881836
2024-01-22,16.360000610351562,16.790000915527344,16.299999237060547,16.770000457763672,16.770000457763672
2024-01-23,16.829999923706055,16.84000015258789,16.56999969482422,16.670000076293945,16.670000076293945
2024-01-24,16.739999771118164,16.739999771118164,16.309999465942383,16.34000015258789,16.34000015258789
2024-01-25,16.440000534057617,16.549999237060547,16.309999465942383,16.520000457763672,16.520000457763672
2024-01-26,16.670000076293945,16.719999313354492,16.43000030517578,16.450000762939453,16.450000762939453
2024-01-29,16.3799991607666,16.760000228881836,16.350000381469727,16.75,16.75
2024-01-30,16.68000030517578,16.719999313354492,16.440000534057617,16.469999313354492,16.469999313354492
2024-01-31,16.540000915527344,16.579999923706055,16.1299991607666,16.200000762939453,16.200000762939453
2024-02-01,16.25,16.530000686645508,16.1299991607666,16.290000915527344,16.290000915527344
2024-02-02,16.200000762939453,16.280000686645508,15.880000114440918,15.899999618530273,15.899999618530273
2024-02-05,15.850000381469727,15.970000267028809,15.649999618530273,15.819999694824219,15.819999694824219
2024-02-06,15.850000381469727,16.049999237060547,15.8100004196167,15.890000343322754,15.890000343322754
2024-02-07,15.8100004196167,15.8100004196167,15.479999542236328,15.529999732971191,15.529999732971191
2024-02-08,15.489999771118164,15.640000343322754,15.369999885559082,15.600000381469727,15.600000381469727
2024-02-09,15.59000015258789,15.699999809265137,15.4399995803833,15.6899995803833,15.6899995803833
2024-02-12,15.649999618530273,15.789999961853027,15.390000343322754,15.710000038146973,15.710000038146973
2024-02-13,15.529999732971191,15.640000343322754,15.359999656677246,15.479999542236328,15.479999542236328
2024-02-14,15.579999923706055,15.869999885559082,15.470000267028809,15.800000190734863,15.800000190734863
2024-02-15,15.710000038146973,16.149999618530273,15.710000038146973,16.0,16.0
2024-02-16,15.9399995803833,15.970000267028809,15.779999732971191,15.859999656677246,15.859999656677246
2024-02-20,15.800000190734863,15.979999542236328,15.75,15.800000190734863,15.800000190734863
2024-02-21,15.720000267028809,15.800000190734863,15.510000228881836,15.670000076293945,15.670000076293945
2024-02-22,15.579999923706055,15.630000114440918,15.359999656677246,15.479999542236328,15.479999542236328
2024-02-23,15.569999694824219,15.640000343322754,15.350000381469727,15.479999542236328,15.479999542236328
2024-02-26,15.449999809265137,15.65999984741211,15.270000457763672,15.520000457763672,15.520000457763672
2024-02-27,15.550000190734863,15.550000190734863,15.3100004196167,15.369999885559082,15.369999885559082
2024-02-28,15.3100004196167,15.609999656677246,15.220000267028809,15.350000381469727,15.350000381469727
2024-02-29,15.510000228881836,15.510000228881836,15.100000381469727,15.279999732971191,15.279999732971191
2024-03-01,16.65999984741211,16.65999984741211,15.15999984741211,15.239999771118164,15.239999771118164
2024-03-04,15.1899995803833,15.449999809265137,14.970000267028809,15.260000228881836,15.260000228881836
2024-03-05,15.210000038146973,15.260000228881836,14.720000267028809,14.880000114440918,14.880000114440918
2024-03-06,14.989999771118164,15.329999923706055,14.970000267028809,15.180000305175781,15.180000305175781
2024-03-07,15.210000038146973,15.3100004196167,15.029999732971191,15.079999923706055,15.079999923706055
2024-03-08,15.119999885559082,15.34000015258789,14.800000190734863,14.84000015258789,14.84000015258789
2024-03-11,14.729999542236328,14.9399995803833,14.630000114440918,14.789999961853027,14.789999961853027
2024-03-12,14.729999542236328,14.880000114440918,14.619999885559082,14.819999694824219,14.819999694824219
2024-03-13,14.779999732971191,14.890000343322754,14.6899995803833,14.75,14.75
2024-03-14,14.710000038146973,14.84000015258789,14.649999618530273,14.720000267028809,14.720000267028809
2024-03-15,14.640000343322754,14.890000343322754,14.630000114440918,14.859999656677246,14.859999656677246
2024-03-18,14.829999923706055,14.989999771118164,14.550000190734863,14.5600004196167,14.5600004196167
2024-03-19,14.609999656677246,14.760000228881836,14.550000190734863,14.630000114440918,14.630000114440918
2024-03-20,14.579999923706055,14.8100004196167,14.479999542236328,14.789999961853027,14.789999961853027
2024-03-21,14.859999656677246,15.149999618530273,14.819999694824219,14.989999771118164,14.989999771118164
2024-03-22,15.0600004196167,15.109999656677246,15.0,15.09000015258789,15.09000015258789
2024-03-25,15.130000114440918,15.279999732971191,15.069999694824219,15.09000015258789,15.09000015258789
2024-03-26,15.149999618530273,15.25,14.970000267028809,14.979999542236328,14.979999542236328
2024-03-27,15.100000381469727,15.380000114440918,15.050000190734863,15.289999961853027,15.289999961853027
2024-03-28,15.229999542236328,15.390000343322754,15.130000114440918,15.239999771118164,15.239999771118164
2024-04-01,15.300000190734863,15.300000190734863,15.010000228881836,15.210000038146973,15.210000038146973
2024-04-02,15.15999984741211,15.25,14.760000228881836,14.800000190734863,14.800000190734863
2024-04-03,14.739999771118164,14.819999694824219,14.329999923706055,14.8100004196167,14.8100004196167
2024-04-04,14.930000305175781,15.029999732971191,14.569999694824219,14.65999984741211,14.65999984741211
2024-04-05,14.619999885559082,14.739999771118164,14.510000228881836,14.65999984741211,14.65999984741211
2024-04-08,14.6899995803833,14.789999961853027,14.59000015258789,14.729999542236328,14.729999542236328
2024-04-09,14.760000228881836,14.880000114440918,14.680000305175781,14.720000267028809,14.720000267028809
2024-04-10,14.510000228881836,14.710000038146973,14.460000038146973,14.600000381469727,14.600000381469727
2024-04-11,14.65999984741211,14.739999771118164,14.529999732971191,14.710000038146973,14.710000038146973
2024-04-12,14.680000305175781,14.680000305175781,14.489999771118164,14.630000114440918,14.630000114440918
2024-04-15,14.579999923706055,14.729999542236328,14.359999656677246,14.399999618530273,14.399999618530273
2024-04-16,14.399999618530273,14.550000190734863,14.329999923706055,14.470000267028809,14.470000267028809
2024-04-17,14.479999542236328,14.630000114440918,14.350000381469727,14.479999542236328,14.479999542236328
2024-04-18,14.489999771118164,14.710000038146973,14.4399995803833,14.6899995803833,14.6899995803833
2024-04-19,14.6899995803833,15.020000457763672,14.6899995803833,14.949999809265137,14.949999809265137
2024-04-22,14.979999542236328,15.15999984741211,14.829999923706055,14.930000305175781,14.930000305175781
2024-04-23,14.949999809265137,15.350000381469727,14.890000343322754,15.170000076293945,15.170000076293945
2024-04-24,15.180000305175781,15.300000190734863,15.039999961853027,15.15999984741211,15.15999984741211
2024-04-25,15.079999923706055,15.09000015258789,14.899999618530273,14.989999771118164,14.989999771118164
2024-04-26,15.010000228881836,15.289999961853027,14.979999542236328,15.260000228881836,15.260000228881836
2024-04-29,15.229999542236328,15.600000381469727,15.119999885559082,15.539999961853027,15.539999961853027
2024-04-30,15.529999732971191,15.529999732971191,14.949999809265137,15.109999656677246,15.109999656677246
2024-05-01,15.180000305175781,15.34000015258789,15.010000228881836,15.229999542236328,15.229999542236328
2024-05-02,15.239999771118164,15.369999885559082,15.09000015258789,15.369999885559082,15.369999885559082
2024-05-03,15.529999732971191,15.630000114440918,15.130000114440918,15.199999809265137,15.199999809265137
2024-05-06,15.119999885559082,15.5600004196167,15.069999694824219,15.449999809265137,15.449999809265137
2024-05-07,15.619999885559082,15.720000267028809,15.520000457763672,15.529999732971191,15.529999732971191
2024-05-08,15.520000457763672,15.630000114440918,15.380000114440918,15.5600004196167,15.5600004196167
2024-05-09,15.65999984741211,15.739999771118164,15.15999984741211,15.289999961853027,15.289999961853027
2024-05-10,15.359999656677246,15.800000190734863,15.350000381469727,15.600000381469727,15.600000381469727
2024-05-13,15.710000038146973,16.350000381469727,15.619999885559082,16.190000534057617,16.190000534057617
2024-05-14,16.260000228881836,16.520000457763672,15.770000457763672,16.110000610351562,16.110000610351562
2024-05-15,16.149999618530273,16.209999084472656,15.670000076293945,15.84000015258789,15.84000015258789
2024-05-16,15.819999694824219,16.049999237060547,15.800000190734863,15.979999542236328,15.979999542236328
2024-05-17,16.030000686645508,16.09000015258789,15.850000381469727,15.979999542236328,15.979999542236328
2024-05-20,16.030000686645508,16.280000686645508,16.0,16.1299991607666,16.1299991607666
2024-05-21,16.110000610351562,16.15999984741211,15.970000267028809,16.149999618530273,16.149999618530273
2024-05-22,16.06999969482422,16.219999313354492,15.880000114440918,16.079999923706055,16.079999923706055
2024-05-23,16.059999465942383,16.059999465942383,15.670000076293945,15.789999961853027,15.789999961853027
2024-05-24,15.880000114440918,15.880000114440918,15.720000267028809,15.779999732971191,15.779999732971191
2024-05-28,15.789999961853027,15.869999885559082,15.539999961853027,15.539999961853027,15.539999961853027
2024-05-29,15.399999618530273,15.510000228881836,15.199999809265137,15.34000015258789,15.34000015258789
2024-05-30,15.399999618530273,15.479999542236328,15.319999694824219,15.350000381469727,15.350000381469727
2024-05-31,15.5,15.829999923706055,15.369999885559082,15.789999961853027,15.789999961853027
2024-06-03,15.850000381469727,16.020000457763672,15.699999809265137,15.899999618530273,15.899999618530273
2024-06-04,15.869999885559082,16.010000228881836,15.800000190734863,15.9399995803833,15.9399995803833
2024-06-05,16.059999465942383,16.059999465942383,15.880000114440918,16.040000915527344,16.040000915527344
2024-06-06,15.979999542236328,16.399999618530273,15.979999542236328,16.3700008392334,16.3700008392334
2024-06-07,16.260000228881836,16.360000610351562,15.960000038146973,16.139999389648438,16.139999389648438
2024-06-10,15.960000038146973,15.960000038146973,15.5600004196167,15.9399995803833,15.9399995803833
2024-06-11,15.829999923706055,15.979999542236328,15.739999771118164,15.899999618530273,15.899999618530273
2024-06-12,16.149999618530273,16.25,15.890000343322754,15.899999618530273,15.899999618530273
2024-06-13,15.819999694824219,16.079999923706055,15.6899995803833,15.989999771118164,15.989999771118164
2024-06-14,15.930000305175781,15.949999809265137,15.739999771118164,15.90999984741211,15.90999984741211
2024-06-17,15.850000381469727,16.350000381469727,15.850000381469727,16.15999984741211,16.15999984741211
2024-06-18,16.40999984741211,16.5,16.209999084472656,16.219999313354492,16.219999313354492
2024-06-20,16.139999389648438,16.350000381469727,16.040000915527344,16.06999969482422,16.06999969482422
2024-06-21,16.1299991607666,16.219999313354492,15.699999809265137,15.899999618530273,15.899999618530273
2024-06-24,15.989999771118164,16.15999984741211,15.989999771118164,16.0,16.0
2024-06-25,15.949999809265137,16.139999389648438,15.949999809265137,16.139999389648438,16.139999389648438
2024-06-26,16.079999923706055,16.299999237060547,16.010000228881836,16.280000686645508,16.280000686645508
2024-06-27,16.329999923706055,16.34000015258789,16.040000915527344,16.200000762939453,16.200000762939453
2024-06-28,16.239999771118164,16.399999618530273,16.079999923706055,16.399999618530273,16.399999618530273
2024-07-01,16.329999923706055,16.690000534057617,16.18000030517578,16.5,16.5
2024-07-02,16.459999084472656,16.610000610351562,16.3700008392334,16.5,16.5
2024-07-03,16.43000030517578,16.559999465942383,16.18000030517578,16.329999923706055,16.329999923706055
2024-07-05,16.260000228881836,16.420000076293945,16.209999084472656,16.360000610351562,16.360000610351562
2024-07-08,16.440000534057617,16.649999618530273,16.3799991607666,16.43000030517578,16.43000030517578
2024-07-09,16.489999771118164,16.729999542236328,16.479999542236328,16.600000381469727,16.600000381469727
2024-07-10,16.600000381469727,16.889999389648438,16.600000381469727,16.780000686645508,16.780000686645508
2024-07-11,16.950000762939453,17.020000457763672,16.770000457763672,16.770000457763672,16.770000457763672
2024-07-12,16.950000762939453,17.239999771118164,16.709999084472656,16.729999542236328,16.729999542236328
2024-07-15,16.799999237060547,17.040000915527344,16.75,16.850000381469727,16.850000381469727
2024-07-16,17.0,17.239999771118164,16.940000534057617,17.149999618530273,17.149999618530273
2024-07-17,17.049999237060547,17.540000915527344,17.049999237060547,17.459999084472656,17.459999084472656
2024-07-18,17.440000534057617,17.440000534057617,16.899999618530273,17.110000610351562,17.110000610351562
2024-07-19,17.219999313354492,17.399999618530273,17.18000030517578,17.190000534057617,17.190000534057617
2024-07-22,17.290000915527344,17.68000030517578,17.219999313354492,17.579999923706055,17.579999923706055
2024-07-23,17.649999618530273,17.979999542236328,17.56999969482422,17.81999969482422,17.81999969482422
2024-07-24,17.81999969482422,17.889999389648438,17.6299991607666,17.670000076293945,17.670000076293945
2024-07-25,17.84000015258789,18.559999465942383,17.84000015258789,18.190000534057617,18.190000534057617
2024-07-26,18.440000534057617,18.700000762939453,18.280000686645508,18.549999237060547,18.549999237060547
2024-07-29,18.56999969482422,19.079999923706055,18.479999542236328,18.8700008392334,18.8700008392334
2024-07-30,18.989999771118164,19.059999465942383,18.709999084472656,18.989999771118164,18.989999771118164
2024-07-31,19.0,19.100000381469727,18.639999389648438,18.84000015258789,18.84000015258789
2024-08-01,18.010000228881836,19.440000534057617,17.600000381469727,19.290000915527344,19.290000915527344
2024-08-02,18.81999969482422,19.209999084472656,18.670000076293945,19.079999923706055,19.079999923706055
2024-08-05,18.360000610351562,18.56999969482422,18.1299991607666,18.309999465942383,18.309999465942383
2024-08-06,18.309999465942383,18.610000610351562,17.979999542236328,18.3700008392334,18.3700008392334
2024-08-07,18.440000534057617,18.440000534057617,18.0,18.139999389648438,18.139999389648438
2024-08-08,18.299999237060547,18.520000457763672,18.170000076293945,18.25,18.25
2024-08-09,18.280000686645508,18.3799991607666,18.100000381469727,18.280000686645508,18.280000686645508
2024-08-12,18.25,18.3700008392334,18.1299991607666,18.25,18.25
2024-08-13,18.34000015258789,18.739999771118164,18.31999969482422,18.549999237060547,18.549999237060547
2024-08-14,18.549999237060547,18.549999237060547,18.31999969482422,18.360000610351562,18.360000610351562
2024-08-15,18.610000610351562,18.75,18.260000228881836,18.40999984741211,18.40999984741211
2024-08-16,18.399999618530273,18.469999313354492,18.270000457763672,18.360000610351562,18.360000610351562
2024-08-19,18.25,18.600000381469727,18.25,18.530000686645508,18.530000686645508
2024-08-20,18.56999969482422,18.56999969482422,18.299999237060547,18.489999771118164,18.489999771118164
2024-08-21,18.559999465942383,18.6299991607666,18.399999618530273,18.549999237060547,18.549999237060547
2024-08-22,18.530000686645508,18.649999618530273,18.40999984741211,18.639999389648438,18.639999389648438
2024-08-23,18.690000534057617,19.0,18.579999923706055,18.860000610351562,18.860000610351562
2024-08-26,19.040000915527344,19.290000915527344,18.920000076293945,18.940000534057617,18.940000534057617
2024-08-27,19.010000228881836,19.260000228881836,18.829999923706055,19.110000610351562,19.110000610351562
2024-08-28,19.09000015258789,19.34000015258789,19.09000015258789,19.170000076293945,19.170000076293945
2024-08-29,19.200000762939453,19.290000915527344,19.09000015258789,19.100000381469727,19.100000381469727
2024-08-30,19.110000610351562,19.450000762939453,19.110000610351562,19.3799991607666,19.3799991607666
2024-09-03,19.40999984741211,19.75,19.229999542236328,19.520000457763672,19.520000457763672
2024-09-04,19.579999923706055,19.729999542236328,19.3799991607666,19.690000534057617,19.690000534057617
2024-09-05,19.739999771118164,19.850000381469727,19.309999465942383,19.40999984741211,19.40999984741211
2024-09-06,19.389999389648438,19.579999923706055,18.829999923706055,19.06999969482422,19.06999969482422
2024-09-09,18.989999771118164,19.420000076293945,18.8799991607666,19.260000228881836,19.260000228881836
2024-09-10,19.219999313354492,19.489999771118164,19.1200008392334,19.479999542236328,19.479999542236328
2024-09-11,19.389999389648438,19.450000762939453,19.020000457763672,19.399999618530273,19.399999618530273
2024-09-12,19.40999984741211,19.700000762939453,19.309999465942383,19.610000610351562,19.610000610351562
2024-09-13,19.719999313354492,19.8700008392334,19.709999084472656,19.809999465942383,19.809999465942383
2024-09-16,19.899999618530273,20.190000534057617,19.899999618530273,20.040000915527344,20.040000915527344
2024-09-17,20.110000610351562,20.1200008392334,19.709999084472656,19.709999084472656,19.709999084472656
2024-09-18,19.68000030517578,19.829999923706055,19.420000076293945,19.540000915527344,19.540000915527344
2024-09-19,19.690000534057617,19.790000915527344,19.540000915527344,19.670000076293945,19.670000076293945
2024-09-20,19.639999389648438,19.68000030517578,19.290000915527344,19.360000610351562,19.360000610351562
2024-09-23,19.450000762939453,19.459999084472656,18.729999542236328,18.90999984741211,18.90999984741211
2024-09-24,18.90999984741211,19.049999237060547,18.770000457763672,18.899999618530273,18.899999618530273
2024-09-25,18.940000534057617,18.959999084472656,18.799999237060547,18.860000610351562,18.860000610351562
2024-09-26,18.8700008392334,19.09000015258789,18.799999237060547,18.940000534057617,18.940000534057617
2024-09-27,19.049999237060547,19.6299991607666,19.049999237060547,19.31999969482422,19.31999969482422
2024-09-30,19.270000457763672,19.420000076293945,19.18000030517578,19.309999465942383,19.309999465942383
2024-10-01,19.309999465942383,19.610000610351562,19.15999984741211,19.5,19.5
2024-10-02,19.3799991607666,19.709999084472656,19.360000610351562,19.559999465942383,19.559999465942383
2024-10-03,19.559999465942383,19.700000762939453,19.309999465942383,19.5,19.5
2024-10-04,19.56999969482422,19.829999923706055,19.540000915527344,19.670000076293945,19.670000076293945
2024-10-07,19.68000030517578,20.0,19.440000534057617,19.739999771118164,19.739999771118164
2024-10-08,19.889999389648438,20.020000457763672,19.780000686645508,19.829999923706055,19.829999923706055
2024-10-09,19.8700008392334,19.889999389648438,19.40999984741211,19.649999618530273,19.649999618530273
2024-10-10,19.549999237060547,19.549999237060547,19.219999313354492,19.489999771118164,19.489999771118164
2024-10-11,19.520000457763672,19.8799991607666,19.510000228881836,19.799999237060547,19.799999237060547
2024-10-14,19.799999237060547,19.90999984741211,19.719999313354492,19.889999389648438,19.889999389648438
2024-10-15,19.829999923706055,20.15999984741211,19.809999465942383,19.8799991607666,19.8799991607666
2024-10-16,19.899999618530273,20.350000381469727,19.790000915527344,20.209999084472656,20.209999084472656
2024-10-17,20.219999313354492,20.3700008392334,20.139999389648438,20.170000076293945,20.170000076293945
2024-10-18,20.15999984741211,20.15999984741211,19.889999389648438,20.030000686645508,20.030000686645508
2024-10-21,20.020000457763672,20.020000457763672,19.780000686645508,19.850000381469727,19.850000381469727
2024-10-22,19.780000686645508,19.979999542236328,19.700000762939453,19.969999313354492,19.969999313354492
2024-10-23,19.889999389648438,19.979999542236328,19.760000228881836,19.81999969482422,19.81999969482422
2024-10-24,19.790000915527344,19.950000762939453,19.719999313354492,19.799999237060547,19.799999237060547
2024-10-25,19.799999237060547,20.010000228881836,19.719999313354492,19.770000457763672,19.770000457763672
2024-10-28,19.780000686645508,20.139999389648438,19.75,19.93000030517578,19.93000030517578
2024-10-29,19.790000915527344,19.93000030517578,19.760000228881836,19.889999389648438,19.889999389648438
2024-10-30,19.700000762939453,19.8700008392334,19.649999618530273,19.709999084472656,19.709999084472656
2024-10-31,19.579999923706055,19.719999313354492,19.5,19.559999465942383,19.559999465942383
2024-11-01,19.65999984741211,19.780000686645508,19.0,19.260000228881836,19.260000228881836
2024-11-04,19.170000076293945,19.479999542236328,19.079999923706055,19.360000610351562,19.360000610351562
2024-11-05,19.309999465942383,19.56999969482422,19.209999084472656,19.43000030517578,19.43000030517578
2024-11-06,19.950000762939453,20.290000915527344,19.920000076293945,19.920000076293945,19.920000076293945
2024-11-07,19.889999389648438,20.270000457763672,19.719999313354492,20.0,20.0
2024-11-08,20.1200008392334,20.31999969482422,19.950000762939453,20.18000030517578,20.18000030517578
2024-11-11,20.25,20.31999969482422,20.059999465942383,20.1200008392334,20.1200008392334
2024-11-12,20.100000381469727,21.280000686645508,19.969999313354492,20.31999969482422,20.31999969482422
2024-11-13,21.239999771118164,21.260000228881836,20.049999237060547,20.100000381469727,20.100000381469727
2024-11-14,20.010000228881836,20.219999313354492,18.399999618530273,19.239999771118164,19.239999771118164
2024-11-15,19.280000686645508,19.290000915527344,18.770000457763672,18.899999618530273,18.899999618530273
2024-11-18,18.90999984741211,19.190000534057617,18.860000610351562,18.950000762939453,18.950000762939453
2024-11-19,18.809999465942383,19.309999465942383,18.790000915527344,19.09000015258789,19.09000015258789
2024-11-20,19.09000015258789,19.219999313354492,18.969999313354492,19.149999618530273,19.149999618530273
2024-11-21,19.200000762939453,19.299999237060547,18.979999542236328,19.059999465942383,19.059999465942383
2024-11-22,19.09000015258789,19.299999237060547,19.0,19.149999618530273,19.149999618530273
2024-11-25,19.219999313354492,19.579999923706055,19.170000076293945,19.190000534057617,19.190000534057617
2024-11-26,19.139999389648438,19.239999771118164,18.93000030517578,19.139999389648438,19.139999389648438
2024-11-27,19.149999618530273,19.200000762939453,18.950000762939453,19.049999237060547,19.049999237060547
2024-11-29,19.049999237060547,19.18000030517578,18.790000915527344,18.989999771118164,18.989999771118164
2024-12-02,19.010000228881836,19.209999084472656,18.790000915527344,19.1200008392334,19.1200008392334
2024-12-03,19.079999923706055,19.149999618530273,18.829999923706055,18.989999771118164,18.989999771118164
2024-12-04,18.969999313354492,19.100000381469727,18.81999969482422,18.8700008392334,18.8700008392334
2024-12-05,18.850000381469727,18.979999542236328,18.549999237060547,18.920000076293945,18.920000076293945
2024-12-06,19.0,19.18000030517578,18.889999389648438,19.049999237060547,19.049999237060547
2024-12-09,19.049999237060547,19.280000686645508,18.950000762939453,19.170000076293945,19.170000076293945
2024-12-10,19.200000762939453,19.229999542236328,18.889999389648438,19.0,19.0
2024-12-11,19.100000381469727,19.200000762939453,18.75,18.850000381469727,18.850000381469727
2024-12-12,18.81999969482422,18.8700008392334,18.5,18.549999237060547,18.549999237060547
2024-12-13,18.5,18.610000610351562,18.350000381469727,18.579999923706055,18.579999923706055
2024-12-16,18.670000076293945,18.690000534057617,18.329999923706055,18.420000076293945,18.420000076293945
2024-12-17,18.420000076293945,18.59000015258789,18.350000381469727,18.3700008392334,18.3700008392334
2024-12-18,18.3799991607666,18.530000686645508,17.850000381469727,17.920000076293945,17.920000076293945
2024-12-19,17.979999542236328,18.229999542236328,17.8700008392334,17.93000030517578,17.93000030517578
2024-12-20,17.780000686645508,18.149999618530273,17.760000228881836,17.84000015258789,17.84000015258789
2024-12-23,17.850000381469727,17.979999542236328,17.760000228881836,17.790000915527344,17.790000915527344
2024-12-24,17.799999237060547,17.8700008392334,17.6299991607666,17.780000686645508,17.780000686645508
2024-12-26,17.780000686645508,17.81999969482422,17.59000015258789,17.649999618530273,17.649999618530273
2024-12-27,17.549999237060547,17.700000762939453,17.420000076293945,17.549999237060547,17.549999237060547
2024-12-30,17.469999313354492,17.530000686645508,17.34000015258789,17.3799991607666,17.3799991607666
2024-12-31,17.440000534057617,17.5,17.280000686645508,17.350000381469727,17.350000381469727
2025-01-02,17.469999313354492,17.579999923706055,17.260000228881836,17.399999618530273,17.399999618530273
2025-01-03,17.40999984741211,17.790000915527344,17.399999618530273,17.520000457763672,17.520000457763672
2025-01-06,17.459999084472656,17.5,17.34000015258789,17.3799991607666,17.3799991607666
2025-01-07,17.360000610351562,17.530000686645508,17.200000762939453,17.280000686645508,17.280000686645508
2025-01-08,17.15999984741211,17.34000015258789,17.010000228881836,17.309999465942383,17.309999465942383
2025-01-10,17.1299991607666,17.299999237060547,17.1200008392334,17.280000686645508,17.280000686645508
2025-01-13,17.270000457763672,17.56999969482422,17.239999771118164,17.559999465942383,17.559999465942383
2025-01-14,17.530000686645508,17.780000686645508,17.469999313354492,17.68000030517578,17.68000030517578
2025-01-15,17.899999618530273,18.239999771118164,17.899999618530273,18.1200008392334,18.1200008392334
2025-01-16,18.149999618530273,18.479999542236328,18.030000686645508,18.450000762939453,18.450000762939453
2025-01-17,18.520000457763672,18.610000610351562,18.440000534057617,18.579999923706055,18.579999923706055
2025-01-21,18.68000030517578,18.889999389648438,18.65999984741211,18.75,18.75
2025-01-22,18.670000076293945,18.790000915527344,18.520000457763672,18.530000686645508,18.530000686645508
2025-01-23,18.489999771118164,18.56999969482422,18.190000534057617,18.56999969482422,18.56999969482422
2025-01-24,18.530000686645508,18.799999237060547,18.420000076293945,18.700000762939453,18.700000762939453
2025-01-27,18.729999542236328,19.389999389648438,18.729999542236328,18.979999542236328,18.979999542236328
2025-01-28,18.899999618530273,19.030000686645508,18.709999084472656,18.790000915527344,18.790000915527344
2025-01-29,18.719999313354492,19.020000457763672,18.65999984741211,18.889999389648438,18.889999389648438
2025-01-30,18.940000534057617,19.059999465942383,18.809999465942383,18.899999618530273,18.899999618530273
2025-01-31,18.8700008392334,18.90999984741211,18.489999771118164,18.639999389648438,18.639999389648438
2025-02-03,18.56999969482422,18.600000381469727,18.280000686645508,18.40999984741211,18.40999984741211
2025-02-04,18.299999237060547,18.329999923706055,18.139999389648438,18.31999969482422,18.31999969482422
2025-02-05,18.360000610351562,18.479999542236328,18.170000076293945,18.229999542236328,18.229999542236328
2025-02-06,18.229999542236328,18.389999389648438,18.190000534057617,18.260000228881836,18.260000228881836
2025-02-07,18.219999313354492,18.43000030517578,18.170000076293945,18.420000076293945,18.420000076293945
2025-02-10,18.420000076293945,18.43000030517578,18.139999389648438,18.200000762939453,18.200000762939453
2025-02-11,18.079999923706055,18.079999923706055,17.899999618530273,18.059999465942383,18.059999465942383
2025-02-12,17.920000076293945,18.049999237060547,17.81999969482422,17.979999542236328,17.979999542236328
2025-02-13,18.040000915527344,18.329999923706055,17.950000762939453,18.219999313354492,18.219999313354492
2025-02-14,18.219999313354492,18.43000030517578,18.06999969482422,18.079999923706055,18.079999923706055
2025-02-18,18.030000686645508,18.139999389648438,17.969999313354492,18.030000686645508,18.030000686645508
2025-02-19,17.93000030517578,18.200000762939453,17.93000030517578,18.030000686645508,18.030000686645508
2025-02-20,17.950000762939453,18.149999618530273,17.920000076293945,18.06999969482422,18.06999969482422
2025-02-21,18.18000030517578,18.260000228881836,18.040000915527344,18.079999923706055,18.079999923706055
2025-02-24,18.170000076293945,18.350000381469727,18.049999237060547,18.079999923706055,18.079999923706055
2025-02-25,17.93000030517578,18.260000228881836,17.93000030517578,18.030000686645508,18.030000686645508
2025-02-26,17.920000076293945,18.09000015258789,17.799999237060547,17.899999618530273,17.899999618530273
2025-02-27,18.040000915527344,18.56999969482422,17.520000457763672,17.549999237060547,17.549999237060547
2025-02-28,17.579999923706055,17.989999771118164,17.459999084472656,17.920000076293945,17.920000076293945
2025-03-03,17.780000686645508,17.90999984741211,17.520000457763672,17.790000915527344,17.790000915527344
2025-03-04,17.809999465942383,18.190000534057617,17.540000915527344,17.56999969482422,17.56999969482422
2025-03-05,17.540000915527344,17.739999771118164,17.43000030517578,17.610000610351562,17.610000610351562
2025-03-06,17.5,17.639999389648438,17.350000381469727,17.59000015258789,17.59000015258789
2025-03-07,17.700000762939453,17.850000381469727,17.5,17.639999389648438,17.639999389648438
2025-03-10,17.600000381469727,17.90999984741211,17.399999618530273,17.479999542236328,17.479999542236328
2025-03-11,17.5,17.770000457763672,17.420000076293945,17.6299991607666,17.6299991607666
2025-03-12,17.579999923706055,17.639999389648438,17.3700008392334,17.40999984741211,17.40999984741211
2025-03-13,17.399999618530273,17.450000762939453,17.010000228881836,17.389999389648438,17.389999389648438
2025-03-14,17.3799991607666,17.520000457763672,17.309999465942383,17.389999389648438,17.389999389648438
2025-03-17,17.40999984741211,17.860000610351562,17.360000610351562,17.530000686645508,17.530000686645508
2025-03-18,17.450000762939453,17.579999923706055,17.25,17.280000686645508,17.280000686645508
2025-03-19,17.309999465942383,17.350000381469727,17.149999618530273,17.290000915527344,17.290000915527344
2025-03-20,17.229999542236328,17.280000686645508,17.020000457763672,17.209999084472656,17.209999084472656
2025-03-21,17.18000030517578,17.399999618530273,17.110000610351562,17.270000457763672,17.270000457763672
2025-03-24,17.3799991607666,17.420000076293945,17.229999542236328,17.329999923706055,17.329999923706055
2025-03-25,17.290000915527344,17.600000381469727,17.25,17.3799991607666,17.3799991607666
2025-03-26,17.440000534057617,17.68000030517578,17.350000381469727,17.420000076293945,17.420000076293945
2025-03-27,17.459999084472656,17.93000030517578,17.31999969482422,17.8799991607666,17.8799991607666
2025-03-28,17.8799991607666,18.34000015258789,17.84000015258789,18.18000030517578,18.18000030517578
2025-03-31,18.18000030517578,18.270000457763672,17.899999618530273,18.1299991607666,18.1299991607666
2025-04-01,18.049999237060547,18.139999389648438,17.770000457763672,17.940000534057617,17.940000534057617
2025-04-02,17.860000610351562,18.209999084472656,17.809999465942383,18.06999969482422,18.06999969482422
2025-04-03,17.829999923706055,18.170000076293945,17.540000915527344,18.079999923706055,18.079999923706055
2025-04-04,17.860000610351562,18.030000686645508,17.219999313354492,17.719999313354492,17.719999313354492
2025-04-07,17.219999313354492,17.84000015258789,17.079999923706055,17.510000228881836,17.510000228881836
2025-04-08,17.709999084472656,17.889999389648438,16.899999618530273,17.25,17.25
2025-04-09,17.0,17.649999618530273,16.84000015258789,17.31999969482422,17.31999969482422
2025-04-10,17.260000228881836,17.260000228881836,16.670000076293945,17.100000381469727,17.100000381469727
2025-04-11,17.18000030517578,17.729999542236328,16.899999618530273,17.520000457763672,17.520000457763672
2025-04-14,17.600000381469727,18.059999465942383,17.469999313354492,17.979999542236328,17.979999542236328
2025-04-15,18.0,18.280000686645508,17.920000076293945,18.110000610351562,18.110000610351562
2025-04-16,18.110000610351562,18.299999237060547,17.920000076293945,18.09000015258789,18.09000015258789
2025-04-17,18.1200008392334,18.3700008392334,18.1200008392334,18.270000457763672,18.270000457763672
2025-04-21,18.170000076293945,18.3700008392334,18.06999969482422,18.280000686645508,18.280000686645508
2025-04-22,18.350000381469727,18.520000457763672,18.299999237060547,18.5,18.5
2025-04-23,18.549999237060547,18.6200008392334,18.270000457763672,18.3700008392334,18.3700008392334
2025-04-24,18.3700008392334,18.56999969482422,18.260000228881836,18.3799991607666,18.3799991607666
2025-04-25,18.31999969482422,18.31999969482422,18.010000228881836,18.239999771118164,18.239999771118164
2025-04-28,18.280000686645508,18.399999618530273,18.239999771118164,18.3799991607666,18.3799991607666
2025-04-29,18.34000015258789,18.75,18.200000762939453,18.520000457763672,18.520000457763672
2025-04-30,18.600000381469727,18.780000686645508,18.559999465942383,18.690000534057617,18.690000534057617
2025-05-01,18.670000076293945,18.68000030517578,18.31999969482422,18.649999618530273,18.649999618530273
2025-05-02,18.790000915527344,18.850000381469727,18.639999389648438,18.719999313354492,18.719999313354492
2025-05-05,18.709999084472656,18.770000457763672,18.600000381469727,18.739999771118164,18.739999771118164
2025-05-06,18.709999084472656,18.770000457763672,18.510000228881836,18.709999084472656,18.709999084472656
2025-05-07,18.760000228881836,18.899999618530273,18.690000534057617,18.739999771118164,18.739999771118164
2025-05-08,18.760000228881836,18.770000457763672,18.049999237060547,18.579999923706055,18.579999923706055
2025-05-09,18.6200008392334,18.670000076293945,18.399999618530273,18.559999465942383,18.559999465942383
2025-05-12,18.56999969482422,18.719999313354492,18.479999542236328,18.610000610351562,18.610000610351562
2025-05-13,18.59000015258789,18.6200008392334,18.040000915527344,18.260000228881836,18.260000228881836
2025-05-14,18.270000457763672,18.3700008392334,17.989999771118164,18.010000228881836,18.010000228881836
2025-05-15,18.079999923706055,18.559999465942383,18.079999923706055,18.329999923706055,18.329999923706055
2025-05-16,18.280000686645508,18.75,18.1299991607666,18.579999923706055,18.579999923706055
2025-05-19,18.59000015258789,18.75,18.540000915527344,18.6299991607666,18.6299991607666
2025-05-20,18.610000610351562,18.8799991607666,18.56999969482422,18.780000686645508,18.780000686645508
2025-05-21,18.780000686645508,19.079999923706055,18.719999313354492,18.950000762939453,18.950000762939453
2025-05-22,18.920000076293945,19.020000457763672,18.59000015258789,18.81999969482422,18.81999969482422
2025-05-23,18.739999771118164,19.100000381469727,18.65999984741211,18.969999313354492,18.969999313354492
2025-05-27,19.110000610351562,19.270000457763672,19.010000228881836,19.149999618530273,19.149999618530273
2025-05-28,19.09000015258789,19.389999389648438,19.020000457763672,19.1200008392334,19.1200008392334
2025-05-29,19.09000015258789,19.549999237060547,19.030000686645508,19.489999771118164,19.489999771118164
2025-05-30,19.489999771118164,19.65999984741211,19.399999618530273,19.56999969482422,19.56999969482422
2025-06-02,19.530000686645508,20.329999923706055,19.510000228881836,20.139999389648438,20.139999389648438
2025-06-03,20.139999389648438,20.81999969482422,20.100000381469727,20.600000381469727,20.600000381469727
2025-06-04,20.59000015258789,20.959999084472656,20.559999465942383,20.8799991607666,20.8799991607666
2025-06-05,20.950000762939453,21.18000030517578,20.790000915527344,21.170000076293945,21.170000076293945
2025-06-06,21.209999084472656,21.600000381469727,21.170000076293945,21.579999923706055,21.579999923706055
2025-06-09,21.600000381469727,21.790000915527344,21.549999237060547,21.579999923706055,21.579999923706055
2025-06-10,21.649999618530273,21.979999542236328,21.510000228881836,21.530000686645508,21.530000686645508
2025-06-11,21.5,21.729999542236328,21.350000381469727,21.3700008392334,21.3700008392334
2025-06-12,21.389999389648438,21.700000762939453,21.280000686645508,21.399999618530273,21.399999618530273
2025-06-13,21.31999969482422,21.93000030517578,21.219999313354492,21.690000534057617,21.690000534057617
2025-06-16,21.690000534057617,22.0,21.579999923706055,21.799999237060547,21.799999237060547
2025-06-17,21.790000915527344,21.969999313354492,21.239999771118164,21.440000534057617,21.440000534057617
2025-06-18,21.489999771118164,21.600000381469727,21.350000381469727,21.459999084472656,21.459999084472656
2025-06-20,21.1200008392334,21.59000015258789,20.920000076293945,21.0,21.0
2025-06-23,21.040000915527344,21.040000915527344,20.479999542236328,20.81999969482422,20.81999969482422
2025-06-24,20.950000762939453,21.969999313354492,20.459999084472656,20.68000030517578,20.68000030517578
2025-06-25,20.719999313354492,20.84000015258789,20.3700008392334,20.479999542236328,20.479999542236328
2025-06-26,20.510000228881836,20.649999618530273,20.219999313354492,20.389999389648438,20.389999389648438
2025-06-27,20.5,20.56999969482422,19.68000030517578,19.959999084472656,19.959999084472656
2025-06-30,20.100000381469727,20.270000457763672,19.889999389648438,20.09000015258789,20.09000015258789
2025-07-01,20.110000610351562,20.18000030517578,19.760000228881836,19.790000915527344,19.790000915527344
2025-07-02,19.760000228881836,19.8700008392334,19.360000610351562,19.399999618530273,19.399999618530273
2025-07-03,19.530000686645508,19.530000686645508,19.040000915527344,19.209999084472656,19.209999084472656
2025-07-07,19.229999542236328,19.440000534057617,18.8700008392334,18.90999984741211,18.90999984741211
2025-07-08,18.950000762939453,19.149999618530273,18.940000534057617,19.059999465942383,19.059999465942383
2025-07-09,19.25,19.399999618530273,18.920000076293945,19.170000076293945,19.170000076293945
2025-07-10,19.0,19.34000015258789,18.979999542236328,19.059999465942383,19.059999465942383
2025-07-11,19.399999618530273,19.399999618530273,18.75,18.770000457763672,18.770000457763672
2025-07-14,19.239999771118164,19.59000015258789,19.100000381469727,19.579999923706055,19.579999923706055
2025-07-15,19.549999237060547,19.989999771118164,19.540000915527344,19.959999084472656,19.959999084472656
2025-07-16,20.030000686645508,20.399999618530273,20.030000686645508,20.25,20.25
2025-07-17,20.170000076293945,20.579999923706055,19.8799991607666,19.8799991607666,19.8799991607666
2025-07-18,20.059999465942383,20.059999465942383,19.350000381469727,19.56999969482422,19.56999969482422
2025-07-21,19.56999969482422,19.690000534057617,19.40999984741211,19.5,19.5
2025-07-22,19.530000686645508,19.68000030517578,19.170000076293945,19.280000686645508,19.280000686645508
2025-07-23,19.3700008392334,19.5,19.06999969482422,19.280000686645508,19.280000686645508
2025-07-24,19.290000915527344,19.31999969482422,18.8700008392334,18.920000076293945,18.920000076293945
2025-07-25,18.920000076293945,19.010000228881836,18.649999618530273,18.719999313354492,18.719999313354492
2025-07-28,18.68000030517578,18.979999542236328,18.329999923706055,18.540000915527344,18.540000915527344
2025-07-29,18.549999237060547,18.719999313354492,18.360000610351562,18.459999084472656,18.459999084472656
2025-07-30,18.43000030517578,18.690000534057617,18.280000686645508,18.43000030517578,18.43000030517578
2025-07-31,18.200000762939453,18.510000228881836,18.100000381469727,18.170000076293945,18.170000076293945
2025-08-01,18.56999969482422,18.739999771118164,18.190000534057617,18.6299991607666,18.6299991607666
2025-08-04,18.59000015258789,18.719999313354492,18.399999618530273,18.59000015258789,18.59000015258789
2025-08-05,18.549999237060547,18.579999923706055,18.270000457763672,18.440000534057617,18.440000534057617
2025-08-06,18.329999923706055,18.329999923706055,17.889999389648438,18.25,18.25
2025-08-07,18.260000228881836,18.969999313354492,18.209999084472656,18.459999084472656,18.459999084472656
2025-08-08,18.43000030517578,18.600000381469727,18.229999542236328,18.34000015258789,18.34000015258789
2025-08-11,18.959999084472656,20.040000915527344,18.889999389648438,19.649999618530273,19.649999618530273
2025-08-12,19.65999984741211,20.110000610351562,19.5,20.09000015258789,20.09000015258789
2025-08-13,20.18000030517578,20.6299991607666,20.059999465942383,20.610000610351562,20.610000610351562
2025-08-14,20.56999969482422,20.920000076293945,20.510000228881836,20.8799991607666,20.8799991607666
2025-08-15,20.950000762939453,21.1299991607666,20.760000228881836,20.920000076293945,20.920000076293945
2025-08-18,21.079999923706055,21.110000610351562,20.399999618530273,20.780000686645508,20.780000686645508
2025-08-19,20.780000686645508,20.899999618530273,20.440000534057617,20.520000457763672,20.520000457763672
2025-08-20,20.610000610351562,20.649999618530273,19.889999389648438,19.950000762939453,19.950000762939453
2025-08-21,19.959999084472656,20.260000228881836,19.860000610351562,19.969999313354492,19.969999313354492
2025-08-22,20.110000610351562,20.350000381469727,19.959999084472656,20.15999984741211,20.15999984741211
2025-08-25,20.149999618530273,20.309999465942383,19.65999984741211,19.760000228881836,19.760000228881836
2025-08-26,19.8799991607666,20.0,19.68000030517578,19.93000030517578,19.93000030517578
2025-08-27,20.030000686645508,20.270000457763672,19.799999237060547,19.84000015258789,19.84000015258789
2025-08-28,19.809999465942383,20.059999465942383,19.600000381469727,20.030000686645508,20.030000686645508
2025-08-29,20.030000686645508,20.479999542236328,19.8700008392334,20.43000030517578,20.43000030517578
2025-09-02,20.530000686645508,21.1200008392334,20.530000686645508,20.8799991607666,20.8799991607666
2025-09-03,20.809999465942383,21.06999969482422,20.75,20.899999618530273,20.899999618530273
2025-09-04,20.93000030517578,21.110000610351562,20.790000915527344,20.920000076293945,20.920000076293945
2025-09-05,20.940000534057617,20.969999313354492,20.280000686645508,20.479999542236328,20.479999542236328
2025-09-08,20.43000030517578,20.6200008392334,20.280000686645508,20.459999084472656,20.459999084472656
2025-09-09,20.450000762939453,20.479999542236328,20.09000015258789,20.18000030517578,20.18000030517578
2025-09-10,20.209999084472656,20.209999084472656,19.729999542236328,19.8700008392334,19.8700008392334
2025-09-11,19.860000610351562,19.979999542236328,19.110000610351562,19.43000030517578,19.43000030517578
2025-09-12,19.34000015258789,19.479999542236328,19.15999984741211,19.3700008392334,19.3700008392334
2025-09-15,19.309999465942383,19.739999771118164,19.309999465942383,19.549999237060547,19.549999237060547
2025-09-16,19.639999389648438,19.729999542236328,19.239999771118164,19.34000015258789,19.34000015258789
2025-09-17,19.43000030517578,19.65999984741211,19.299999237060547,19.3799991607666,19.3799991607666
2025-09-18,19.399999618530273,19.899999618530273,19.34000015258789,19.889999389648438,19.889999389648438
2025-09-19,19.8799991607666,20.059999465942383,19.15999984741211,19.190000534057617,19.190000534057617
2025-09-22,19.34000015258789,19.530000686645508,18.979999542236328,19.040000915527344,19.040000915527344
2025-09-23,19.010000228881836,19.200000762939453,19.010000228881836,19.100000381469727,19.100000381469727
2025-09-24,19.059999465942383,19.110000610351562,18.790000915527344,18.940000534057617,18.940000534057617
2025-09-25,19.3700008392334,19.3700008392334,18.459999084472656,18.56999969482422,18.56999969482422
2025-09-26,18.709999084472656,18.8799991607666,18.510000228881836,18.860000610351562,18.860000610351562
2025-09-29,18.809999465942383,19.1299991607666,18.700000762939453,19.030000686645508,19.030000686645508
2025-09-30,18.389999389648438,18.579999923706055,17.549999237060547,18.25,18.25
2025-10-01,18.25,18.510000228881836,17.889999389648438,18.170000076293945,18.170000076293945
2025-10-02,18.09000015258789,18.09000015258789,17.649999618530273,17.65999984741211,17.65999984741211
2025-10-03,17.700000762939453,17.790000915527344,17.18000030517578,17.479999542236328,17.479999542236328
2025-10-06,17.520000457763672,17.790000915527344,17.190000534057617,17.420000076293945,17.420000076293945
2025-10-07,17.350000381469727,17.360000610351562,17.1200008392334,17.200000762939453,17.200000762939453
2025-10-08,17.200000762939453,17.43000030517578,17.010000228881836,17.3700008392334,17.3700008392334
2025-10-09,17.389999389648438,17.65999984741211,17.34000015258789,17.450000762939453,17.450000762939453
2025-10-10,17.510000228881836,17.93000030517578,17.229999542236328,17.350000381469727,17.350000381469727
2025-10-13,17.200000762939453,17.260000228881836,16.899999618530273,16.940000534057617,16.940000534057617
2025-10-14,16.860000610351562,16.889999389648438,16.59000015258789,16.670000076293945,16.670000076293945
2025-10-15,16.56999969482422,17.479999542236328,16.520000457763672,17.389999389648438,17.389999389648438
2025-10-16,17.360000610351562,17.5,17.100000381469727,17.25,17.25
2025-10-17,17.25,17.5,17.190000534057617,17.270000457763672,17.270000457763672
2025-10-20,17.309999465942383,17.329999923706055,17.1200008392334,17.209999084472656,17.209999084472656
2025-10-21,17.18000030517578,17.420000076293945,17.1299991607666,17.399999618530273,17.399999618530273
2025-10-22,17.450000762939453,18.790000915527344,17.219999313354492,18.350000381469727,18.350000381469727
2025-10-23,18.309999465942383,18.329999923706055,17.760000228881836,18.260000228881836,18.260000228881836
2025-10-24,18.299999237060547,18.450000762939453,17.649999618530273,17.709999084472656,17.709999084472656
2025-10-27,17.81999969482422,17.90999984741211,17.610000610351562,17.719999313354492,17.719999313354492
2025-10-28,17.610000610351562,17.899999618530273,17.510000228881836,17.690000534057617,17.690000534057617
2025-10-29,17.469999313354492,17.799999237060547,17.450000762939453,17.56999969482422,17.56999969482422
2025-10-30,17.56999969482422,17.950000762939453,17.530000686645508,17.950000762939453,17.950000762939453
2025-10-31,17.850000381469727,18.309999465942383,17.770000457763672,18.200000762939453,18.200000762939453
2025-11-03,18.110000610351562,18.290000915527344,17.84000015258789,18.110000610351562,18.110000610351562
2025-11-04,18.059999465942383,18.299999237060547,17.90999984741211,18.149999618530273,18.149999618530273
2025-11-05,18.010000228881836,18.329999923706055,17.8700008392334,18.229999542236328,18.229999542236328
2025-11-06,19.850000381469727,20.899999618530273,18.850000381469727,20.579999923706055,20.579999923706055
2025-11-07,20.739999771118164,21.100000381469727,20.280000686645508,20.860000610351562,20.860000610351562
2025-11-10,20.860000610351562,20.920000076293945,20.260000228881836,20.8700008392334,20.8700008392334
2025-11-11,20.90999984741211,21.989999771118164,20.860000610351562,21.899999618530273,21.899999618530273
2025-11-12,21.90999984741211,22.459999084472656,21.690000534057617,22.280000686645508,22.280000686645508
2025-11-13,22.290000915527344,22.760000228881836,21.850000381469727,22.200000762939453,22.200000762939453
2025-11-14,22.06999969482422,22.350000381469727,21.809999465942383,22.25,22.25
2025-11-17,22.299999237060547,22.510000228881836,21.959999084472656,21.969999313354492,21.969999313354492
2025-11-18,21.969999313354492,22.280000686645508,21.729999542236328,21.8700008392334,21.8700008392334
2025-11-19,21.8700008392334,22.479999542236328,21.209999084472656,21.270000457763672,21.270000457763672
2025-11-20,21.350000381469727,21.600000381469727,21.079999923706055,21.15999984741211,21.15999984741211
2025-11-21,21.100000381469727,21.229999542236328,20.68000030517578,20.959999084472656,20.959999084472656
2025-11-24,20.959999084472656,21.489999771118164,20.959999084472656,21.290000915527344,21.290000915527344
2025-11-25,21.489999771118164,21.84000015258789,21.200000762939453,21.719999313354492,21.719999313354492
2025-11-26,21.809999465942383,22.15999984741211,21.670000076293945,21.709999084472656,21.709999084472656
2025-11-28,21.780000686645508,21.790000915527344,21.3799991607666,21.729999542236328,21.729999542236328
2025-12-01,21.6299991607666,21.93000030517578,21.049999237060547,21.15999984741211,21.15999984741211
2025-12-02,21.170000076293945,21.309999465942383,20.639999389648438,20.979999542236328,20.979999542236328
2025-12-03,21.100000381469727,21.229999542236328,20.84000015258789,20.860000610351562,20.860000610351562
2025-12-04,20.770000457763672,20.950000762939453,20.440000534057617,20.799999237060547,20.799999237060547
2025-12-05,20.799999237060547,20.989999771118164,20.489999771118164,20.739999771118164,20.739999771118164
2025-12-08,21.0,21.40999984741211,20.93000030517578,21.0,21.0
2025-12-09,21.0,21.149999618530273,20.6299991607666,20.709999084472656,20.709999084472656
2025-12-10,20.850000381469727,21.100000381469727,20.520000457763672,20.6200008392334,20.6200008392334
2025-12-11,20.670000076293945,20.93000030517578,20.450000762939453,20.6200008392334,20.6200008392334
2025-12-12,20.959999084472656,21.0,20.299999237060547,20.6299991607666,20.6299991607666
2025-12-15,20.6299991607666,20.760000228881836,20.079999923706055,20.139999389648438,20.139999389648438
2025-12-16,20.709999084472656,20.709999084472656,19.899999618530273,19.920000076293945,19.920000076293945
2025-12-17,19.93000030517578,20.25,19.719999313354492,20.049999237060547,20.049999237060547
2025-12-18,20.020000457763672,20.219999313354492,19.989999771118164,20.06999969482422,20.06999969482422
2025-12-19,20.030000686645508,20.270000457763672,19.829999923706055,19.989999771118164,19.989999771118164
2025-12-22,19.969999313354492,20.260000228881836,19.59000015258789,19.989999771118164,19.989999771118164
2025-12-23,20.020000457763672,20.06999969482422,19.489999771118164,19.510000228881836,19.510000228881836
2025-12-24,19.56999969482422,19.950000762939453,19.299999237060547,19.770000457763672,19.770000457763672
2025-12-26,19.709999084472656,19.920000076293945,19.65999984741211,19.799999237060547,19.799999237060547
2025-12-29,19.670000076293945,19.84000015258789,19.520000457763672,19.719999313354492,19.719999313354492
2025-12-30,19.690000534057617,19.989999771118164,19.6299991607666,19.889999389648438,19.889999389648438
2025-12-31,19.799999237060547,20.049999237060547,19.799999237060547,19.989999771118164,19.989999771118164
2026-01-02,19.920000076293945,20.200000762939453,19.790000915527344,19.8700008392334,19.8700008392334
2026-01-05,19.809999465942383,20.229999542236328,19.43000030517578,20.030000686645508,20.030000686645508
2026-01-06,20.010000228881836,20.200000762939453,19.260000228881836,19.309999465942383,19.309999465942383
2026-01-07,19.5,19.68000030517578,19.329999923706055,19.540000915527344,19.540000915527344
2026-01-08,19.540000915527344,19.860000610351562,19.520000457763672,19.649999618530273,19.649999618530273
2026-01-09,19.68000030517578,20.040000915527344,19.489999771118164,19.579999923706055,19.579999923706055
2026-01-12,19.829999923706055,19.899999618530273,19.270000457763672,19.440000534057617,19.440000534057617
2026-01-13,19.6200008392334,19.6200008392334,19.0,19.510000228881836,19.510000228881836
2026-01-14,19.5,19.84000015258789,19.440000534057617,19.739999771118164,19.739999771118164
2026-01-15,19.639999389648438,19.780000686645508,19.3700008392334,19.760000228881836,19.760000228881836
2026-01-16,19.690000534057617,19.799999237060547,19.360000610351562,19.440000534057617,19.440000534057617
2026-01-20,19.43000030517578,19.649999618530273,19.290000915527344,19.549999237060547,19.549999237060547
2026-01-21,19.479999542236328,19.670000076293945,19.389999389648438,19.600000381469727,19.600000381469727
2026-01-22,19.610000610351562,20.040000915527344,19.600000381469727,19.739999771118164,19.739999771118164
2026-01-23,19.719999313354492,19.850000381469727,19.469999313354492,19.559999465942383,19.559999465942383
2026-01-26,19.559999465942383,19.760000228881836,19.420000076293945,19.520000457763672,19.520000457763672
2026-01-27,19.540000915527344,19.899999618530273,19.489999771118164,19.719999313354492,19.719999313354492
2026-01-28,19.719999313354492,19.829999923706055,19.469999313354492,19.549999237060547,19.549999237060547
2026-01-29,19.6200008392334,19.959999084472656,19.6200008392334,19.75,19.75
2026-01-30,19.690000534057617,20.149999618530273,19.579999923706055,20.0,20.0
2026-02-02,19.989999771118164,20.979999542236328,19.809999465942383,20.979999542236328,20.979999542236328
2026-02-03,20.760000228881836,21.420000076293945,20.649999618530273,21.0,21.0
2026-02-04,21.059999465942383,21.65999984741211,21.020000457763672,21.479999542236328,21.479999542236328
2026-02-05,21.40999984741211,21.860000610351562,21.350000381469727,21.56999969482422,21.56999969482422
2026-02-06,21.559999465942383,21.920000076293945,21.559999465942383,21.799999237060547,21.799999237060547
2026-02-09,21.8799991607666,21.93000030517578,21.260000228881836,21.6299991607666,21.6299991607666
2026-02-10,21.6299991607666,21.989999771118164,21.56999969482422,21.84000015258789,21.84000015258789
2026-02-11,21.719999313354492,22.709999084472656,21.549999237060547,22.479999542236328,22.479999542236328
2026-02-12,22.510000228881836,23.420000076293945,22.329999923706055,22.440000534057617,22.440000534057617
2026-02-13,22.389999389648438,22.959999084472656,22.1200008392334,22.700000762939453,22.700000762939453
2026-02-17,23.399999618530273,23.90999984741211,23.0,23.850000381469727,23.850000381469727
2026-02-18,23.790000915527344,24.010000228881836,23.219999313354492,23.65999984741211,23.65999984741211
2026-02-19,23.809999465942383,23.860000610351562,23.350000381469727,23.639999389648438,23.639999389648438
2026-02-20,23.56999969482422,23.780000686645508,23.260000228881836,23.389999389648438,23.389999389648438
2026-02-23,23.459999084472656,23.670000076293945,22.93000030517578,23.40999984741211,23.40999984741211
2026-02-24,23.3700008392334,23.440000534057617,22.84000015258789,23.420000076293945,23.420000076293945
2026-02-25,23.43000030517578,24.25,23.43000030517578,24.239999771118164,24.239999771118164
2026-02-26,25.0,25.149999618530273,23.239999771118164,23.540000915527344,23.540000915527344
2026-02-27,23.649999618530273,23.8799991607666,22.649999618530273,22.959999084472656,22.959999084472656
2026-03-02,22.760000228881836,23.06999969482422,22.690000534057617,22.829999923706055,22.829999923706055
2026-03-03,22.549999237060547,22.75,22.170000076293945,22.299999237060547,22.299999237060547
2026-03-04,22.360000610351562,22.93000030517578,22.100000381469727,22.729999542236328,22.729999542236328
2026-03-05,22.329999923706055,22.510000228881836,21.969999313354492,22.18000030517578,22.18000030517578
2026-03-06,22.110000610351562,22.139999389648438,21.760000228881836,22.030000686645508,22.030000686645508
2026-03-09,21.75,22.3700008392334,21.700000762939453,22.31999969482422,22.31999969482422
2026-03-10,22.40999984741211,22.709999084472656,22.170000076293945,22.40999984741211,22.40999984741211
2026-03-11,22.270000457763672,22.420000076293945,22.139999389648438,22.420000076293945,22.420000076293945
2026-03-12,22.049999237060547,22.389999389648438,21.90999984741211,21.969999313354492,21.969999313354492
2026-03-13,21.979999542236328,22.239999771118164,21.65999984741211,22.030000686645508,22.030000686645508
2026-03-16,22.190000534057617,22.3700008392334,22.059999465942383,22.149999618530273,22.149999618530273
2026-03-17,22.299999237060547,22.34000015258789,21.940000534057617,22.059999465942383,22.059999465942383
2026-03-18,21.989999771118164,22.329999923706055,21.709999084472656,21.889999389648438,21.889999389648438
2026-03-19,21.84000015258789,22.3700008392334,21.84000015258789,22.09000015258789,22.09000015258789
2026-03-20,22.219999313354492,22.25,21.6299991607666,21.700000762939453,21.700000762939453
2026-03-23,22.020000457763672,22.170000076293945,21.65999984741211,21.90999984741211,21.90999984741211
2026-03-24,21.81999969482422,22.049999237060547,21.6200008392334,21.920000076293945,21.920000076293945
2026-03-25,22.079999923706055,22.670000076293945,22.040000915527344,22.59000015258789,22.59000015258789
2026-03-26,22.530000686645508,22.920000076293945,22.530000686645508,22.65999984741211,22.65999984741211
2026-03-27,22.709999084472656,23.18000030517578,22.510000228881836,22.65999984741211,22.65999984741211
2026-03-30,22.709999084472656,23.06999969482422,22.520000457763672,22.90999984741211,22.90999984741211
2026-03-31,23.09000015258789,23.43000030517578,22.989999771118164,23.299999237060547,23.299999237060547
2026-04-01,23.540000915527344,23.6299991607666,23.110000610351562,23.40999984741211,23.40999984741211
2026-04-02,23.209999084472656,23.3700008392334,22.90999984741211,22.989999771118164,22.989999771118164
2026-04-06,22.899999618530273,23.149999618530273,22.760000228881836,23.020000457763672,23.020000457763672
2026-04-07,22.950000762939453,23.389999389648438,22.75,23.280000686645508,23.280000686645508
2026-04-08,23.549999237060547,23.889999389648438,23.209999084472656,23.6200008392334,23.6200008392334
2026-04-09,23.600000381469727,24.209999084472656,23.549999237060547,24.200000762939453,24.200000762939453
2026-04-10,24.299999237060547,24.40999984741211,23.510000228881836,23.760000228881836,23.760000228881836
2026-04-13,23.799999237060547,23.989999771118164,23.389999389648438,23.969999313354492,23.969999313354492
2026-04-14,23.979999542236328,24.450000762939453,23.940000534057617,24.190000534057617,24.190000534057617
2026-04-15,24.170000076293945,24.309999465942383,23.729999542236328,23.920000076293945,23.920000076293945
2026-04-16,23.770000457763672,23.979999542236328,23.280000686645508,23.600000381469727,23.600000381469727
2026-04-17,23.8700008392334,24.290000915527344,23.6299991607666,24.239999771118164,24.239999771118164
2026-04-20,24.200000762939453,24.450000762939453,23.809999465942383,23.920000076293945,23.920000076293945
2026-04-21,23.93000030517578,23.950000762939453,23.329999923706055,23.610000610351562,23.610000610351562
2026-04-22,23.75,23.81999969482422,23.329999923706055,23.5,23.5
2026-04-23,23.700000762939453,23.93000030517578,23.31999969482422,23.479999542236328,23.479999542236328
2026-04-24,23.389999389648438,23.649999618530273,23.010000228881836,23.56999969482422,23.56999969482422
2026-04-27,23.93000030517578,23.93000030517578,23.190000534057617,23.360000610351562,23.360000610351562
2026-04-28,23.5,23.889999389648438,23.459999084472656,23.690000534057617,23.690000534057617
2026-04-29,23.3799991607666,23.3799991607666,22.950000762939453,23.049999237060547,23.049999237060547
2026-04-30,23.049999237060547,23.350000381469727,22.969999313354492,22.989999771118164,22.989999771118164
2026-05-01,22.989999771118164,23.25,22.770000457763672,23.110000610351562,23.110000610351562
2026-05-04,22.940000534057617,23.43000030517578,22.860000610351562,22.989999771118164,22.989999771118164
2026-05-05,23.030000686645508,23.290000915527344,22.639999389648438,22.649999618530273,22.649999618530273
2026-05-06,22.81999969482422,22.84000015258789,22.489999771118164,22.520000457763672,22.520000457763672
2026-05-07,23.489999771118164,23.989999771118164,22.200000762939453,22.799999237060547,22.799999237060547
2026-05-08,22.719999313354492,23.09000015258789,22.700000762939453,22.889999389648438,22.889999389648438
2026-05-11,23.06999969482422,23.540000915527344,22.270000457763672,22.520000457763672,22.520000457763672
2026-05-12,22.600000381469727,23.200000762939453,22.530000686645508,22.739999771118164,22.739999771118164
2026-05-13,22.549999237060547,23.219999313354492,22.549999237060547,23.139999389648438,23.139999389648438
2026-05-14,23.219999313354492,23.540000915527344,22.729999542236328,22.860000610351562,22.860000610351562
2026-05-15,22.829999923706055,22.850000381469727,21.780000686645508,21.969999313354492,21.969999313354492
2026-05-18,21.979999542236328,22.280000686645508,21.770000457763672,21.799999237060547,21.799999237060547
2026-05-19,21.809999465942383,22.040000915527344,21.5,21.729999542236328,21.729999542236328
2026-05-20,21.899999618530273,22.520000457763672,21.84000015258789,22.239999771118164,22.239999771118164
2026-05-21,22.170000076293945,22.31999969482422,21.84000015258789,22.200000762939453,22.200000762939453
2026-05-22,22.170000076293945,22.5,21.950000762939453,22.459999084472656,22.459999084472656
2026-05-26,22.3799991607666,22.950000762939453,22.34000015258789,22.68000030517578,22.68000030517578
2026-05-27,22.719999313354492,22.899999618530273,22.1200008392334,22.1299991607666,22.1299991607666
2026-05-28,22.09000015258789,22.219999313354492,21.719999313354492,21.889999389648438,21.889999389648438
2026-05-29,21.829999923706055,21.90999984741211,21.260000228881836,21.420000076293945,21.420000076293945
2026-06-01,21.329999923706055,21.68000030517578,21.239999771118164,21.510000228881836,21.510000228881836
2026-06-02,21.5,21.709999084472656,21.280000686645508,21.350000381469727,21.350000381469727
2026-06-03,21.40999984741211,21.889999389648438,21.290000915527344,21.700000762939453,21.700000762939453
2026-06-04,22.020000457763672,22.43000030517578,21.989999771118164,22.15999984741211,22.15999984741211
2026-06-05,22.459999084472656,22.93000030517578,22.40999984741211,22.520000457763672,22.520000457763672
2026-06-08,22.520000457763672,22.670000076293945,22.049999237060547,22.329999923706055,22.329999923706055
2026-06-09,22.530000686645508,22.700000762939453,22.299999237060547,22.540000915527344,22.540000915527344
2026-06-10,22.700000762939453,23.31999969482422,22.600000381469727,23.0,23.0
2026-06-11,23.100000381469727,23.3700008392334,22.350000381469727,22.440000534057617,22.440000534057617
2026-06-12,22.559999465942383,22.75,22.510000228881836,22.739999771118164,22.739999771118164
2026-06-15,22.719999313354492,22.829999923706055,22.329999923706055,22.420000076293945,22.420000076293945
2026-06-16,22.989999771118164,23.0,22.3700008392334,22.610000610351562,22.610000610351562
2026-06-17,22.75,22.860000610351562,22.3700008392334,22.639999389648438,22.639999389648438
2026-06-18,22.950000762939453,23.0,22.219999313354492,22.489999771118164,22.489999771118164
2026-06-22,22.43000030517578,22.979999542236328,22.40999984741211,22.670000076293945,22.670000076293945
2026-06-23,22.809999465942383,23.600000381469727,22.690000534057617,23.549999237060547,23.549999237060547
2026-06-24,23.610000610351562,24.170000076293945,23.610000610351562,23.639999389648438,23.639999389648438
2026-06-25,23.6200008392334,23.969999313354492,23.18000030517578,23.350000381469727,23.350000381469727
2026-06-26,23.389999389648438,23.850000381469727,23.389999389648438,23.56999969482422,23.56999969482422
2026-06-29,23.59000015258789,23.729999542236328,23.079999923706055,23.139999389648438,23.139999389648438
2026-06-30,23.190000534057617,23.219999313354492,22.510000228881836,22.709999084472656,22.709999084472656
2026-07-01,22.709999084472656,22.889999389648438,21.889999389648438,21.899999618530273,21.899999618530273
2026-07-02,22.049999237060547,22.31999969482422,21.700000762939453,22.309999465942383,22.309999465942383
2026-07-06,22.200000762939453,22.43000030517578,21.790000915527344,21.81999969482422,21.81999969482422
2026-07-07,22.110000610351562,22.3700008392334,21.899999618530273,22.25,22.25
2026-07-08,22.25,22.729999542236328,22.059999465942383,22.43000030517578,22.43000030517578
2026-07-09,22.389999389648438,22.489999771118164,21.979999542236328,22.200000762939453,22.200000762939453
