date,open,high,low,close,adjclose,volume
2021-08-02,18.989999771118164,19.415000915527344,18.899999618530273,18.950000762939453,18.950000762939453,277400
2021-08-03,18.950000762939453,19.0,17.94499969482422,18.149999618530273,18.149999618530273,535300
2021-08-04,17.959999084472656,18.34000015258789,17.559999465942383,17.600000381469727,17.600000381469727,360800
2021-08-05,17.540000915527344,18.3799991607666,17.450000762939453,18.31999969482422,18.31999969482422,422800
2021-08-06,19.479999542236328,19.739999771118164,17.690000534057617,17.739999771118164,17.739999771118164,941000
2021-08-09,18.844999313354492,18.844999313354492,17.209999084472656,17.290000915527344,17.290000915527344,625500
2021-08-10,17.75,17.75,16.829999923706055,17.0,17.0,1110300
2021-08-11,17.0,17.299999237060547,16.639999389648438,17.049999237060547,17.049999237060547,332400
2021-08-12,16.989999771118164,17.270000457763672,16.700000762939453,16.93000030517578,16.93000030517578,311700
2021-08-13,16.889999389648438,16.959999084472656,16.459999084472656,16.5,16.5,247200
2021-08-16,16.350000381469727,16.56999969482422,16.059999465942383,16.1299991607666,16.1299991607666,573800
2021-08-17,16.190000534057617,16.209999084472656,15.494999885559082,16.170000076293945,16.170000076293945,511800
2021-08-18,16.56999969482422,17.332000732421875,15.699999809265137,15.720000267028809,15.720000267028809,576900
2021-08-19,15.800000190734863,15.819999694824219,15.399999618530273,15.420000076293945,15.420000076293945,486200
2021-08-20,15.119999885559082,16.06999969482422,15.119999885559082,15.899999618530273,15.899999618530273,689800
2021-08-23,16.309999465942383,17.690000534057617,16.260000228881836,17.540000915527344,17.540000915527344,1271400
2021-08-24,17.610000610351562,18.59000015258789,17.260000228881836,18.34000015258789,18.34000015258789,1672900
2021-08-25,18.219999313354492,19.579999923706055,18.079999923706055,19.420000076293945,19.420000076293945,879700
2021-08-26,19.260000228881836,19.68000030517578,18.760000228881836,18.950000762939453,18.950000762939453,609500
2021-08-27,18.8700008392334,19.420000076293945,18.799999237060547,19.25,19.25,961600
2021-08-30,19.389999389648438,19.5,18.68000030517578,18.979999542236328,18.979999542236328,1908900
2021-08-31,18.860000610351562,19.260000228881836,18.40999984741211,18.459999084472656,18.459999084472656,1207000
2021-09-01,18.440000534057617,19.43000030517578,17.959999084472656,19.389999389648438,19.389999389648438,1150400
2021-09-02,19.350000381469727,19.450000762939453,18.799999237060547,19.149999618530273,19.149999618530273,391000
2021-09-03,19.020000457763672,19.06999969482422,18.600000381469727,19.0,19.0,363500
2021-09-07,19.1299991607666,19.639999389648438,18.860000610351562,19.030000686645508,19.030000686645508,395500
2021-09-08,19.059999465942383,19.579999923706055,18.639999389648438,19.510000228881836,19.510000228881836,535700
2021-09-09,19.489999771118164,20.59000015258789,19.399999618530273,20.31999969482422,20.31999969482422,580600
2021-09-10,20.309999465942383,20.75,19.84000015258789,20.700000762939453,20.700000762939453,1183100
2021-09-13,20.90999984741211,20.90999984741211,19.889999389648438,19.969999313354492,19.969999313354492,782200
2021-09-14,19.889999389648438,20.270000457763672,19.40999984741211,19.850000381469727,19.850000381469727,665000
2021-09-15,19.93000030517578,20.329999923706055,19.639999389648438,20.18000030517578,20.18000030517578,348100
2021-09-16,20.190000534057617,20.299999237060547,19.829999923706055,20.18000030517578,20.18000030517578,386400
2021-09-17,20.31999969482422,21.190000534057617,19.959999084472656,20.959999084472656,20.959999084472656,1003200
2021-09-20,20.639999389648438,20.829999923706055,19.93000030517578,20.06999969482422,20.06999969482422,558000
2021-09-21,20.079999923706055,20.649999618530273,19.8799991607666,20.290000915527344,20.290000915527344,466900
2021-09-22,20.31999969482422,20.399999618530273,19.979999542236328,20.200000762939453,20.200000762939453,223200
2021-09-23,20.3799991607666,20.440000534057617,20.139999389648438,20.350000381469727,20.350000381469727,316200
2021-09-24,20.200000762939453,20.43000030517578,19.950000762939453,20.25,20.25,353100
2021-09-27,20.34000015258789,21.076000213623047,20.260000228881836,21.0,21.0,600400
2021-09-28,20.549999237060547,21.100000381469727,19.770000457763672,19.889999389648438,19.889999389648438,363200
2021-09-29,19.959999084472656,19.959999084472656,18.65999984741211,18.719999313354492,18.719999313354492,253400
2021-09-30,18.899999618530273,19.149999618530273,18.6200008392334,18.729999542236328,18.729999542236328,268100
2021-10-01,18.780000686645508,19.280000686645508,18.40999984741211,19.1299991607666,19.1299991607666,505400
2021-10-04,18.969999313354492,19.110000610351562,18.440000534057617,19.0,19.0,416800
2021-10-05,18.93000030517578,19.165000915527344,18.540000915527344,18.729999542236328,18.729999542236328,319900
2021-10-06,18.469999313354492,19.374000549316406,18.40999984741211,18.799999237060547,18.799999237060547,296500
2021-10-07,18.8799991607666,19.520000457763672,18.719999313354492,18.959999084472656,18.959999084472656,255300
2021-10-08,18.899999618530273,19.06999969482422,18.260000228881836,18.709999084472656,18.709999084472656,405500
2021-10-11,18.790000915527344,19.229999542236328,18.520000457763672,18.6299991607666,18.6299991607666,462700
2021-10-12,18.780000686645508,18.989999771118164,18.350000381469727,18.40999984741211,18.40999984741211,199400
2021-10-13,18.3799991607666,18.719999313354492,18.010000228881836,18.06999969482422,18.06999969482422,204000
2021-10-14,18.239999771118164,18.790000915527344,18.079999923706055,18.239999771118164,18.239999771118164,321000
2021-10-15,18.690000534057617,18.729999542236328,17.93000030517578,18.020000457763672,18.020000457763672,272800
2021-10-18,17.950000762939453,17.950000762939453,17.209999084472656,17.510000228881836,17.510000228881836,368300
2021-10-19,17.6200008392334,18.1200008392334,17.43000030517578,17.739999771118164,17.739999771118164,316400
2021-10-20,17.739999771118164,17.889999389648438,17.200000762939453,17.229999542236328,17.229999542236328,286000
2021-10-21,17.219999313354492,17.739999771118164,17.145000457763672,17.479999542236328,17.479999542236328,400200
2021-10-22,17.469999313354492,17.809999465942383,17.229999542236328,17.559999465942383,17.559999465942383,581400
2021-10-25,17.510000228881836,17.65999984741211,17.030000686645508,17.3799991607666,17.3799991607666,247800
2021-10-26,17.5,17.770000457763672,17.1299991607666,17.170000076293945,17.170000076293945,665600
2021-10-27,17.059999465942383,17.610000610351562,16.610000610351562,16.68000030517578,16.68000030517578,347000
2021-10-28,16.670000076293945,17.28499984741211,16.670000076293945,16.899999618530273,16.899999618530273,334700
2021-10-29,16.8700008392334,17.200000762939453,16.290000915527344,16.420000076293945,16.420000076293945,439200
2021-11-01,16.65999984741211,17.21500015258789,16.520000457763672,17.09000015258789,17.09000015258789,695100
2021-11-02,17.110000610351562,17.44499969482422,16.829999923706055,17.229999542236328,17.229999542236328,842000
2021-11-03,17.139999389648438,18.420000076293945,17.139999389648438,18.3700008392334,18.3700008392334,882100
2021-11-04,18.360000610351562,18.690000534057617,17.739999771118164,18.059999465942383,18.059999465942383,588600
2021-11-05,18.6200008392334,19.719999313354492,18.420000076293945,19.56999969482422,19.56999969482422,1002200
2021-11-08,19.559999465942383,19.6200008392334,18.700000762939453,19.3799991607666,19.3799991607666,1002300
2021-11-09,19.1299991607666,19.382999420166016,18.290000915527344,18.40999984741211,18.40999984741211,340500
2021-11-10,18.350000381469727,18.43000030517578,17.719999313354492,17.8799991607666,17.8799991607666,306200
2021-11-11,17.850000381469727,18.139999389648438,17.389999389648438,17.510000228881836,17.510000228881836,241200
2021-11-12,17.6200008392334,17.8700008392334,17.309999465942383,17.719999313354492,17.719999313354492,412500
2021-11-15,17.719999313354492,18.079999923706055,17.260000228881836,17.459999084472656,17.459999084472656,585800
2021-11-16,17.299999237060547,17.600000381469727,16.979999542236328,17.5,17.5,481200
2021-11-17,17.399999618530273,17.610000610351562,17.06999969482422,17.219999313354492,17.219999313354492,368000
2021-11-18,17.25,17.420000076293945,16.8799991607666,17.25,17.25,587600
2021-11-19,17.149999618530273,17.510000228881836,16.969999313354492,16.989999771118164,16.989999771118164,262700
2021-11-22,17.110000610351562,17.110000610351562,16.459999084472656,16.489999771118164,16.489999771118164,426200
2021-11-23,16.540000915527344,16.729999542236328,16.059999465942383,16.600000381469727,16.600000381469727,487100
2021-11-24,12.850000381469727,14.744999885559082,12.319999694824219,14.020000457763672,14.020000457763672,6682000
2021-11-26,13.510000228881836,14.180000305175781,13.40999984741211,14.005000114440918,14.005000114440918,975800
2021-11-29,14.199999809265137,14.33899974822998,13.680000305175781,13.9399995803833,13.9399995803833,1245100
2021-11-30,13.899999618530273,14.159000396728516,13.479999542236328,13.960000038146973,13.960000038146973,925300
2021-12-01,14.270000457763672,14.3100004196167,13.329999923706055,13.350000381469727,13.350000381469727,913200
2021-12-02,13.350000381469727,13.8100004196167,13.210000038146973,13.520000457763672,13.520000457763672,448700
2021-12-03,13.5600004196167,13.5600004196167,12.390000343322754,12.390000343322754,12.390000343322754,922000
2021-12-06,12.3100004196167,12.630000114440918,12.020000457763672,12.420000076293945,12.420000076293945,704200
2021-12-07,12.710000038146973,13.305000305175781,12.489999771118164,12.979999542236328,12.979999542236328,860100
2021-12-08,12.989999771118164,13.109999656677246,12.6899995803833,13.039999961853027,13.039999961853027,620700
2021-12-09,13.199999809265137,13.199999809265137,12.40999984741211,12.4399995803833,12.4399995803833,619000
2021-12-10,12.324999809265137,12.720000267028809,12.079999923706055,12.220000267028809,12.220000267028809,738100
2021-12-13,12.25,12.899999618530273,12.0600004196167,12.800000190734863,12.800000190734863,689400
2021-12-14,12.569999694824219,12.640000343322754,12.109999656677246,12.300000190734863,12.300000190734863,437500
2021-12-15,12.350000381469727,13.220000267028809,12.079999923706055,13.170000076293945,13.170000076293945,611700
2021-12-16,13.239999771118164,13.40999984741211,12.739999771118164,13.1899995803833,13.1899995803833,721200
2021-12-17,13.270000457763672,14.449999809265137,13.020000457763672,14.239999771118164,14.239999771118164,1162300
2021-12-20,13.869999885559082,15.020000457763672,13.630000114440918,14.800000190734863,14.800000190734863,921400
2021-12-21,15.069999694824219,15.65999984741211,14.850000381469727,15.510000228881836,15.510000228881836,481300
2021-12-22,15.3100004196167,15.720000267028809,14.739999771118164,15.550000190734863,15.550000190734863,470800
2021-12-23,15.630000114440918,16.200000762939453,15.199999809265137,16.059999465942383,16.059999465942383,504100
2021-12-27,15.9399995803833,15.9399995803833,15.329999923706055,15.430000305175781,15.430000305175781,468600
2021-12-28,15.319999694824219,15.805000305175781,15.039999961853027,15.0600004196167,15.0600004196167,384000
2021-12-29,14.899999618530273,15.039999961853027,14.520000457763672,14.65999984741211,14.65999984741211,249800
2021-12-30,14.8100004196167,14.920000076293945,14.210000038146973,14.279999732971191,14.279999732971191,355300
2021-12-31,14.470000267028809,14.609999656677246,13.989999771118164,14.0,14.0,239400
2022-01-03,14.289999961853027,14.75,13.98900032043457,14.6899995803833,14.6899995803833,413500
2022-01-04,14.739999771118164,14.770000457763672,13.880000114440918,14.119999885559082,14.119999885559082,365800
2022-01-05,14.119999885559082,14.375,13.279999732971191,13.350000381469727,13.350000381469727,521300
2022-01-06,13.390000343322754,13.850000381469727,13.149999618530273,13.300000190734863,13.300000190734863,471200
2022-01-07,13.449999809265137,13.579999923706055,12.890000343322754,12.890000343322754,12.890000343322754,589900
2022-01-10,12.8100004196167,13.359999656677246,12.5,13.3100004196167,13.3100004196167,533400
2022-01-11,13.289999961853027,14.069999694824219,13.109999656677246,13.550000190734863,13.550000190734863,942800
2022-01-12,13.619999885559082,13.789999961853027,12.699999809265137,12.720000267028809,12.720000267028809,614000
2022-01-13,12.729999542236328,13.09000015258789,12.5600004196167,13.0,13.0,600700
2022-01-14,12.779999732971191,13.710000038146973,12.510000228881836,13.640000343322754,13.640000343322754,512100
2022-01-18,13.380000114440918,13.5600004196167,12.90999984741211,13.140000343322754,13.140000343322754,822300
2022-01-19,13.390000343322754,13.569999694824219,12.699999809265137,12.75,12.75,482600
2022-01-20,13.069999694824219,13.270000457763672,11.6899995803833,11.789999961853027,11.789999961853027,1506200
2022-01-21,11.760000228881836,12.300000190734863,11.619999885559082,11.779999732971191,11.779999732971191,1869200
2022-01-24,11.510000228881836,13.005000114440918,11.489999771118164,12.899999618530273,12.899999618530273,1677900
2022-01-25,12.699999809265137,13.788000106811523,12.699999809265137,13.600000381469727,13.600000381469727,809000
2022-01-26,13.699999809265137,14.430000305175781,13.5600004196167,14.149999618530273,14.149999618530273,1770800
2022-01-27,13.920000076293945,14.329999923706055,12.609999656677246,12.6899995803833,12.6899995803833,1077700
2022-01-28,12.529999732971191,12.944999694824219,12.25,12.880000114440918,12.880000114440918,991200
2022-01-31,13.079999923706055,14.109999656677246,12.770000457763672,14.09000015258789,14.09000015258789,808000
2022-02-01,13.970000267028809,14.270000457763672,13.4399995803833,13.699999809265137,13.699999809265137,720900
2022-02-02,13.289999961853027,13.470000267028809,12.539999961853027,13.350000381469727,13.350000381469727,1198000
2022-02-03,13.364999771118164,13.364999771118164,12.300000190734863,12.5,12.5,841400
2022-02-04,12.5,13.085000038146973,12.25,12.649999618530273,12.649999618530273,1681700
2022-02-07,12.600000381469727,13.390000343322754,12.600000381469727,13.140000343322754,13.140000343322754,1655300
2022-02-08,13.359999656677246,13.359999656677246,12.489999771118164,12.6899995803833,12.6899995803833,1326700
2022-02-09,12.970000267028809,13.760000228881836,12.710000038146973,13.239999771118164,13.239999771118164,2282200
2022-02-10,13.0,13.609999656677246,12.720000267028809,12.960000038146973,12.960000038146973,3063200
2022-02-11,13.029999732971191,13.380000114440918,12.779999732971191,12.899999618530273,12.899999618530273,651600
2022-02-14,13.0,13.170000076293945,12.720000267028809,12.829999923706055,12.829999923706055,1518000
2022-02-15,13.40999984741211,14.430000305175781,13.359999656677246,14.300000190734863,14.300000190734863,1133100
2022-02-16,14.1899995803833,14.1899995803833,13.710000038146973,13.949999809265137,13.949999809265137,1070300
2022-02-17,14.010000228881836,14.039999961853027,13.239999771118164,13.300000190734863,13.300000190734863,544300
2022-02-18,13.300000190734863,14.279999732971191,13.220000267028809,14.039999961853027,14.039999961853027,900800
2022-02-22,13.859999656677246,15.0,12.842000007629395,14.460000038146973,14.460000038146973,760700
2022-02-23,14.510000228881836,14.5600004196167,14.039999961853027,14.079999923706055,14.079999923706055,707100
2022-02-24,13.649999618530273,14.59000015258789,13.600000381469727,14.59000015258789,14.59000015258789,838000
2022-02-25,13.619999885559082,16.170000076293945,13.25,16.1299991607666,16.1299991607666,876700
2022-02-28,15.850000381469727,16.329999923706055,15.510000228881836,15.869999885559082,15.869999885559082,669200
2022-03-01,15.899999618530273,16.469999313354492,15.699999809265137,15.989999771118164,15.989999771118164,539600
2022-03-02,16.15999984741211,16.700000762939453,15.800000190734863,16.510000228881836,16.510000228881836,993000
2022-03-03,16.290000915527344,16.489999771118164,15.960000038146973,16.100000381469727,16.100000381469727,834300
2022-03-04,16.0,16.260000228881836,15.380000114440918,15.420000076293945,15.420000076293945,601700
2022-03-07,15.390000343322754,16.309999465942383,15.34000015258789,16.200000762939453,16.200000762939453,582200
2022-03-08,16.239999771118164,17.010000228881836,15.960000038146973,16.31999969482422,16.31999969482422,357800
2022-03-09,16.399999618530273,17.43000030517578,16.399999618530273,16.979999542236328,16.979999542236328,591300
2022-03-10,16.68000030517578,16.899999618530273,16.334999084472656,16.809999465942383,16.809999465942383,541300
2022-03-11,16.979999542236328,17.239999771118164,16.239999771118164,16.290000915527344,16.290000915527344,761900
2022-03-14,16.209999084472656,16.309999465942383,14.5,14.6899995803833,14.6899995803833,1200700
2022-03-15,14.75,15.130000114440918,13.975000381469727,15.09000015258789,15.09000015258789,714700
2022-03-16,15.449999809265137,15.899999618530273,14.729999542236328,15.869999885559082,15.869999885559082,1238100
2022-03-17,15.789999961853027,16.100000381469727,15.449999809265137,16.079999923706055,16.079999923706055,695700
2022-03-18,16.299999237060547,16.68000030517578,15.880000114440918,16.489999771118164,16.489999771118164,1994400
2022-03-21,16.239999771118164,16.540000915527344,15.640000343322754,15.899999618530273,15.899999618530273,637000
2022-03-22,15.960000038146973,16.479999542236328,15.960000038146973,16.389999389648438,16.389999389648438,375200
2022-03-23,16.170000076293945,16.190000534057617,15.65999984741211,15.75,15.75,396600
2022-03-24,15.90999984741211,16.459999084472656,15.770000457763672,16.3700008392334,16.3700008392334,360700
2022-03-25,16.389999389648438,16.389999389648438,15.819999694824219,15.899999618530273,15.899999618530273,223500
2022-03-28,15.789999961853027,16.18000030517578,15.649999618530273,16.139999389648438,16.139999389648438,279500
2022-03-29,16.3700008392334,16.93000030517578,16.3700008392334,16.81999969482422,16.81999969482422,398500
2022-03-30,16.729999542236328,16.790000915527344,16.049999237060547,16.09000015258789,16.09000015258789,326500
2022-03-31,16.260000228881836,16.57200050354004,16.049999237060547,16.079999923706055,16.079999923706055,316100
2022-04-01,16.25,16.760000228881836,16.09000015258789,16.75,16.75,499100
2022-04-04,16.90999984741211,17.260000228881836,16.6200008392334,17.170000076293945,17.170000076293945,454100
2022-04-05,17.3799991607666,17.389999389648438,16.309999465942383,16.350000381469727,16.350000381469727,646800
2022-04-06,16.18000030517578,16.8700008392334,15.633999824523926,16.670000076293945,16.670000076293945,384700
2022-04-07,16.549999237060547,16.81999969482422,16.290000915527344,16.389999389648438,16.389999389648438,227100
2022-04-08,16.56999969482422,16.719999313354492,16.06999969482422,16.25,16.25,404300
2022-04-11,16.1200008392334,16.719999313354492,15.399999618530273,15.449999809265137,15.449999809265137,334500
2022-04-12,15.760000228881836,16.299999237060547,15.229999542236328,15.640000343322754,15.640000343322754,471200
2022-04-13,15.8100004196167,16.520000457763672,15.8100004196167,16.3799991607666,16.3799991607666,475600
2022-04-14,16.260000228881836,16.28499984741211,15.970000267028809,16.1299991607666,16.1299991607666,454800
2022-04-18,15.890000343322754,16.510000228881836,15.869999885559082,16.149999618530273,16.149999618530273,817500
2022-04-19,16.1200008392334,17.010000228881836,16.010000228881836,16.09000015258789,16.09000015258789,762600
2022-04-20,16.350000381469727,16.469999313354492,15.84000015258789,15.979999542236328,15.979999542236328,388600
2022-04-21,16.190000534057617,16.329999923706055,14.720000267028809,14.920000076293945,14.920000076293945,649700
2022-04-22,14.75,15.130000114440918,14.1899995803833,14.789999961853027,14.789999961853027,590200
2022-04-25,14.90999984741211,15.380000114440918,14.460000038146973,15.300000190734863,15.300000190734863,349000
2022-04-26,15.119999885559082,15.329999923706055,14.329999923706055,14.420000076293945,14.420000076293945,422400
2022-04-27,14.460000038146973,14.854999542236328,14.180000305175781,14.260000228881836,14.260000228881836,295700
2022-04-28,14.529999732971191,14.699999809265137,13.539999961853027,14.380000114440918,14.380000114440918,428300
2022-04-29,14.229999542236328,14.8100004196167,14.204999923706055,14.350000381469727,14.350000381469727,414400
2022-05-02,14.3100004196167,14.989999771118164,14.15999984741211,14.970000267028809,14.970000267028809,570300
2022-05-03,15.100000381469727,15.100000381469727,14.550000190734863,14.859999656677246,14.859999656677246,739900
2022-05-04,14.880000114440918,14.880000114440918,13.600000381469727,14.649999618530273,14.649999618530273,516800
2022-05-05,14.75,15.010000228881836,12.989999771118164,13.100000381469727,13.100000381469727,663300
2022-05-06,13.130000114440918,13.130000114440918,11.65999984741211,11.770000457763672,11.770000457763672,555900
2022-05-09,11.529999732971191,11.75,11.010000228881836,11.520000457763672,11.520000457763672,1138100
2022-05-10,12.140000343322754,13.289999961853027,12.015000343322754,12.40999984741211,12.40999984741211,1036900
2022-05-11,12.329999923706055,12.5,10.800000190734863,10.859999656677246,10.859999656677246,858000
2022-05-12,10.84000015258789,11.164999961853027,10.40999984741211,10.710000038146973,10.710000038146973,825000
2022-05-13,11.0600004196167,11.630000114440918,10.899999618530273,11.619999885559082,11.619999885559082,650100
2022-05-16,11.609999656677246,11.880000114440918,11.350000381469727,11.59000015258789,11.59000015258789,527800
2022-05-17,11.970000267028809,12.550000190734863,11.739999771118164,12.460000038146973,12.460000038146973,1316200
2022-05-18,12.029999732971191,12.574000358581543,11.619999885559082,11.899999618530273,11.899999618530273,706100
2022-05-19,11.859999656677246,12.380000114440918,11.359999656677246,12.130000114440918,12.130000114440918,717700
2022-05-20,12.390000343322754,12.8100004196167,11.899999618530273,12.59000015258789,12.59000015258789,631700
2022-05-23,12.680000305175781,12.864999771118164,12.399999618530273,12.75,12.75,418300
2022-05-24,12.609999656677246,12.75,11.90999984741211,12.119999885559082,12.119999885559082,305500
2022-05-25,12.100000381469727,12.539999961853027,11.760000228881836,11.960000038146973,11.960000038146973,253200
2022-05-26,12.020000457763672,12.619999885559082,11.899999618530273,12.550000190734863,12.550000190734863,428600
2022-05-27,12.550000190734863,13.510000228881836,12.40999984741211,13.510000228881836,13.510000228881836,419900
2022-05-31,13.390000343322754,13.5,12.949999809265137,13.15999984741211,13.15999984741211,459500
2022-06-01,13.329999923706055,13.8100004196167,13.020000457763672,13.579999923706055,13.579999923706055,949900
2022-06-02,13.279999732971191,13.960000038146973,13.265000343322754,13.489999771118164,13.489999771118164,530500
2022-06-03,13.4399995803833,13.720000267028809,13.289999961853027,13.569999694824219,13.569999694824219,509500
2022-06-06,13.770000457763672,13.9399995803833,13.079999923706055,13.220000267028809,13.220000267028809,356300
2022-06-07,13.079999923706055,13.706999778747559,12.850000381469727,13.569999694824219,13.569999694824219,425800
2022-06-08,13.430000305175781,13.800000190734863,13.390000343322754,13.789999961853027,13.789999961853027,427100
2022-06-09,13.729999542236328,14.5,13.329999923706055,13.9399995803833,13.9399995803833,521200
2022-06-10,13.59000015258789,14.109999656677246,13.493000030517578,13.800000190734863,13.800000190734863,751700
2022-06-13,13.420000076293945,13.8100004196167,12.470000267028809,13.069999694824219,13.069999694824219,1097900
2022-06-14,13.170000076293945,13.720000267028809,12.975000381469727,13.65999984741211,13.65999984741211,518900
2022-06-15,13.779999732971191,14.270000457763672,13.390000343322754,14.029999732971191,14.029999732971191,619200
2022-06-16,13.609999656677246,13.6899995803833,12.51200008392334,13.260000228881836,13.260000228881836,884200
2022-06-17,13.630000114440918,14.260000228881836,13.449999809265137,14.210000038146973,14.210000038146973,1791400
2022-06-21,14.210000038146973,15.40999984741211,14.210000038146973,14.84000015258789,14.84000015258789,690200
2022-06-22,14.59000015258789,16.31999969482422,14.520000457763672,16.06999969482422,16.06999969482422,944600
2022-06-23,16.139999389648438,17.299999237060547,15.920000076293945,17.209999084472656,17.209999084472656,763000
2022-06-24,17.329999923706055,18.350000381469727,16.809999465942383,18.170000076293945,18.170000076293945,1491900
2022-06-27,18.149999618530273,18.34000015258789,17.229999542236328,17.350000381469727,17.350000381469727,916600
2022-06-28,17.3799991607666,17.81999969482422,16.850000381469727,17.459999084472656,17.459999084472656,824000
2022-06-29,17.34000015258789,18.360000610351562,17.149999618530273,18.219999313354492,18.219999313354492,526600
2022-06-30,18.010000228881836,18.6299991607666,17.850000381469727,18.329999923706055,18.329999923706055,486400
2022-07-01,18.40999984741211,19.179000854492188,17.829999923706055,18.5,18.5,775400
2022-07-05,18.270000457763672,19.459999084472656,18.270000457763672,19.450000762939453,19.450000762939453,971000
2022-07-06,19.450000762939453,19.770000457763672,18.799999237060547,18.8799991607666,18.8799991607666,682500
2022-07-07,18.8799991607666,19.93000030517578,18.84000015258789,19.329999923706055,19.329999923706055,1022700
2022-07-08,19.049999237060547,19.15999984741211,18.690000534057617,18.780000686645508,18.780000686645508,919600
2022-07-11,18.520000457763672,18.8700008392334,17.15999984741211,17.239999771118164,17.239999771118164,711100
2022-07-12,17.719999313354492,18.020000457763672,17.030000686645508,17.940000534057617,17.940000534057617,649800
2022-07-13,17.739999771118164,19.260000228881836,17.739999771118164,18.940000534057617,18.940000534057617,1282300
2022-07-14,18.709999084472656,18.709999084472656,18.104999542236328,18.440000534057617,18.440000534057617,661200
2022-07-15,18.600000381469727,18.600000381469727,17.145000457763672,17.940000534057617,17.940000534057617,839300
2022-07-18,18.270000457763672,18.65999984741211,17.899999618530273,18.15999984741211,18.15999984741211,1038500
2022-07-19,18.469999313354492,19.09000015258789,17.540000915527344,17.84000015258789,17.84000015258789,993200
2022-07-20,17.809999465942383,18.020000457763672,16.459999084472656,16.530000686645508,16.530000686645508,1680600
2022-07-21,16.420000076293945,16.610000610351562,15.220000267028809,15.800000190734863,15.800000190734863,2113600
2022-07-22,15.890000343322754,16.420000076293945,15.484999656677246,15.640000343322754,15.640000343322754,813300
2022-07-25,15.619999885559082,15.75,15.300000190734863,15.529999732971191,15.529999732971191,590200
2022-07-26,15.550000190734863,16.170000076293945,15.220000267028809,16.110000610351562,16.110000610351562,655800
2022-07-27,16.1299991607666,16.59000015258789,15.6899995803833,16.270000457763672,16.270000457763672,897700
2022-07-28,16.350000381469727,16.424999237060547,15.640000343322754,15.859999656677246,15.859999656677246,542100
2022-07-29,15.739999771118164,15.789999961853027,15.119999885559082,15.3100004196167,15.3100004196167,525000
2022-08-01,15.279999732971191,15.489999771118164,14.859999656677246,14.930000305175781,14.930000305175781,606600
2022-08-02,14.930000305175781,15.180000305175781,14.680000305175781,14.920000076293945,14.920000076293945,952400
2022-08-03,15.15999984741211,15.529999732971191,14.819999694824219,15.079999923706055,15.079999923706055,804900
2022-08-04,14.920000076293945,15.71500015258789,14.25,15.079999923706055,15.079999923706055,2456200
2022-08-05,14.770000457763672,15.779999732971191,14.5600004196167,15.489999771118164,15.489999771118164,792800
2022-08-08,15.859999656677246,15.859999656677246,15.170000076293945,15.539999961853027,15.539999961853027,865800
2022-08-09,15.279999732971191,15.510000228881836,14.699999809265137,14.960000038146973,14.960000038146973,1212000
2022-08-10,15.210000038146973,16.735000610351562,15.210000038146973,16.5,16.5,993600
2022-08-11,16.600000381469727,17.489999771118164,15.9399995803833,16.0,16.0,824200
2022-08-12,16.040000915527344,16.280000686645508,15.899999618530273,16.229999542236328,16.229999542236328,467500
2022-08-15,16.270000457763672,16.899999618530273,16.010000228881836,16.469999313354492,16.469999313354492,447400
2022-08-16,16.489999771118164,16.719999313354492,15.744999885559082,15.850000381469727,15.850000381469727,554500
2022-08-17,15.850000381469727,15.880000114440918,15.399999618530273,15.5,15.5,584600
2022-08-18,15.380000114440918,15.729999542236328,14.90999984741211,15.25,15.25,484500
2022-08-19,15.079999923706055,15.430000305175781,14.914999961853027,15.270000457763672,15.270000457763672,386500
2022-08-22,15.1899995803833,15.460000038146973,15.039999961853027,15.279999732971191,15.279999732971191,516500
2022-08-23,15.34000015258789,15.579999923706055,15.100000381469727,15.390000343322754,15.390000343322754,366300
2022-08-24,15.430000305175781,15.850000381469727,15.390000343322754,15.520000457763672,15.520000457763672,395500
2022-08-25,15.5600004196167,15.5600004196167,14.890000343322754,15.09000015258789,15.09000015258789,520600
2022-08-26,15.050000190734863,15.220000267028809,14.050000190734863,14.15999984741211,14.15999984741211,595100
2022-08-29,13.960000038146973,14.1899995803833,13.710000038146973,13.819999694824219,13.819999694824219,436500
2022-08-30,13.960000038146973,14.170000076293945,13.5,13.899999618530273,13.899999618530273,498000
2022-08-31,14.079999923706055,14.380000114440918,13.725000381469727,13.859999656677246,13.859999656677246,648100
2022-09-01,13.770000457763672,15.119999885559082,13.666000366210938,15.0600004196167,15.0600004196167,743300
2022-09-02,15.180000305175781,15.390000343322754,14.725000381469727,14.800000190734863,14.800000190734863,553000
2022-09-06,14.6899995803833,14.859999656677246,14.319999694824219,14.649999618530273,14.649999618530273,494200
2022-09-07,14.569999694824219,15.170000076293945,14.569999694824219,14.890000343322754,14.890000343322754,535800
2022-09-08,14.710000038146973,14.979999542236328,14.649999618530273,14.9399995803833,14.9399995803833,383900
2022-09-09,15.039999961853027,15.079999923706055,14.470000267028809,14.470000267028809,14.470000267028809,688500
2022-09-12,14.539999961853027,15.100000381469727,14.369999885559082,15.0,15.0,1545700
2022-09-13,14.630000114440918,14.850000381469727,13.90999984741211,14.15999984741211,14.15999984741211,1470000
2022-09-14,14.079999923706055,14.649999618530273,13.890000343322754,14.539999961853027,14.539999961853027,773700
2022-09-15,14.4399995803833,14.670000076293945,14.260000228881836,14.600000381469727,14.600000381469727,755900
2022-09-16,14.40999984741211,14.4399995803833,13.039999961853027,13.199999809265137,13.199999809265137,3218600
2022-09-19,13.279999732971191,13.279999732971191,12.710000038146973,12.899999618530273,12.899999618530273,933800
2022-09-20,12.789999961853027,13.032999992370605,12.5649995803833,12.6899995803833,12.6899995803833,754600
2022-09-21,12.630000114440918,12.649999618530273,11.956000328063965,12.010000228881836,12.010000228881836,1003800
2022-09-22,11.729999542236328,12.710000038146973,11.699999809265137,12.510000228881836,12.510000228881836,768500
2022-09-23,12.40999984741211,12.609999656677246,12.25,12.539999961853027,12.539999961853027,1261000
2022-09-26,12.539999961853027,12.885000228881836,12.239999771118164,12.550000190734863,12.550000190734863,571900
2022-09-27,12.8100004196167,12.960000038146973,12.460000038146973,12.6899995803833,12.6899995803833,616400
2022-09-28,12.829999923706055,13.520000457763672,12.829999923706055,13.430000305175781,13.430000305175781,871100
2022-09-29,13.399999618530273,14.0,12.859999656677246,13.3100004196167,13.3100004196167,986400
2022-09-30,13.260000228881836,14.600000381469727,13.239999771118164,13.65999984741211,13.65999984741211,1444400
2022-10-03,13.84000015258789,13.84000015258789,12.859999656677246,13.069999694824219,13.069999694824219,947400
2022-10-04,13.069999694824219,13.75,13.050000190734863,13.710000038146973,13.710000038146973,937400
2022-10-05,13.59000015258789,14.265000343322754,13.430000305175781,14.170000076293945,14.170000076293945,836600
2022-10-06,14.0600004196167,14.800000190734863,13.65999984741211,14.720000267028809,14.720000267028809,1405800
2022-10-07,14.5600004196167,14.770000457763672,14.279999732971191,14.539999961853027,14.539999961853027,1560800
2022-10-10,14.430000305175781,14.539999961853027,14.050000190734863,14.300000190734863,14.300000190734863,878600
2022-10-11,14.270000457763672,14.34000015258789,13.430000305175781,13.930000305175781,13.930000305175781,1207500
2022-10-12,13.920000076293945,15.520000457763672,13.779999732971191,15.270000457763672,15.270000457763672,1592500
2022-10-13,15.039999961853027,15.930000305175781,14.859999656677246,15.680000305175781,15.680000305175781,1233500
2022-10-14,15.789999961853027,15.9399995803833,15.079999923706055,15.109999656677246,15.109999656677246,703300
2022-10-17,15.279999732971191,15.399999618530273,14.640000343322754,15.380000114440918,15.380000114440918,988700
2022-10-18,15.40999984741211,16.139999389648438,15.399999618530273,15.850000381469727,15.850000381469727,763600
2022-10-19,15.6899995803833,16.489999771118164,15.460000038146973,15.770000457763672,15.770000457763672,1656000
2022-10-20,15.800000190734863,16.299999237060547,15.550000190734863,16.209999084472656,16.209999084472656,837800
2022-10-21,16.329999923706055,16.920000076293945,16.260000228881836,16.899999618530273,16.899999618530273,965300
2022-10-24,16.8799991607666,16.989999771118164,16.270000457763672,16.8700008392334,16.8700008392334,889100
2022-10-25,16.93000030517578,17.270000457763672,16.420000076293945,16.520000457763672,16.520000457763672,1011900
2022-10-26,16.600000381469727,16.850000381469727,15.595000267028809,15.869999885559082,15.869999885559082,1262900
2022-10-27,15.920000076293945,16.06999969482422,15.395000457763672,15.420000076293945,15.420000076293945,738700
2022-10-28,15.539999961853027,15.90999984741211,15.1899995803833,15.899999618530273,15.899999618530273,776600
2022-10-31,15.869999885559082,15.875,15.369999885559082,15.520000457763672,15.520000457763672,641800
2022-11-01,15.75,16.260000228881836,15.65999984741211,15.989999771118164,15.989999771118164,570800
2022-11-02,16.059999465942383,16.190000534057617,15.539999961853027,15.59000015258789,15.59000015258789,697700
2022-11-03,14.6899995803833,15.760000228881836,12.788999557495117,15.329999923706055,15.329999923706055,5164700
2022-11-04,15.75,15.90999984741211,14.220000267028809,14.460000038146973,14.460000038146973,1433400
2022-11-07,14.329999923706055,14.430000305175781,13.579999923706055,13.630000114440918,13.630000114440918,918000
2022-11-08,13.65999984741211,13.979999542236328,13.140000343322754,13.279999732971191,13.279999732971191,824800
2022-11-09,13.180000305175781,13.680000305175781,12.899999618530273,13.5,13.5,1208500
2022-11-10,14.149999618530273,15.395000457763672,13.5600004196167,15.229999542236328,15.229999542236328,1519800
2022-11-11,15.15999984741211,15.5600004196167,14.739999771118164,15.149999618530273,15.149999618530273,1144800
2022-11-14,15.170000076293945,16.360000610351562,15.029999732971191,15.760000228881836,15.760000228881836,1814800
2022-11-15,15.960000038146973,16.3700008392334,15.149999618530273,15.300000190734863,15.300000190734863,1283900
2022-11-16,15.239999771118164,15.84000015258789,15.045000076293945,15.199999809265137,15.199999809265137,642000
2022-11-17,15.109999656677246,15.449999809265137,14.869999885559082,15.069999694824219,15.069999694824219,560100
2022-11-18,15.1899995803833,15.489999771118164,14.680000305175781,15.09000015258789,15.09000015258789,770700
2022-11-21,15.09000015258789,15.510000228881836,14.869999885559082,15.359999656677246,15.359999656677246,794600
2022-11-22,15.449999809265137,15.569999694824219,15.140000343322754,15.34000015258789,15.34000015258789,824600
2022-11-23,15.289999961853027,15.46500015258789,14.850000381469727,14.850000381469727,14.850000381469727,487900
2022-11-25,14.670000076293945,15.039999961853027,14.600000381469727,14.859999656677246,14.859999656677246,156400
2022-11-28,14.710000038146973,15.180000305175781,14.649999618530273,14.699999809265137,14.699999809265137,511700
2022-11-29,14.75,15.220000267028809,14.479999542236328,14.979999542236328,14.979999542236328,501000
2022-11-30,15.109999656677246,15.789999961853027,14.829999923706055,15.770000457763672,15.770000457763672,898400
2022-12-01,16.0,16.020000457763672,15.449999809265137,15.569999694824219,15.569999694824219,684200
2022-12-02,15.449999809265137,16.100000381469727,15.170000076293945,16.0,16.0,809500
2022-12-05,15.989999771118164,16.0,15.510000228881836,15.819999694824219,15.819999694824219,838800
2022-12-06,15.779999732971191,16.135000228881836,15.279999732971191,15.380000114440918,15.380000114440918,1194200
2022-12-07,15.229999542236328,15.859999656677246,15.149999618530273,15.449999809265137,15.449999809265137,1020900
2022-12-08,15.520000457763672,15.699999809265137,15.164999961853027,15.220000267028809,15.220000267028809,612700
2022-12-09,15.020000457763672,15.5,14.831000328063965,15.109999656677246,15.109999656677246,1058300
2022-12-12,12.649999618530273,13.369999885559082,11.109999656677246,13.170000076293945,13.170000076293945,5744800
2022-12-13,13.5600004196167,14.109999656677246,13.1899995803833,13.779999732971191,13.779999732971191,1644000
2022-12-14,13.630000114440918,14.0,13.0600004196167,13.170000076293945,13.170000076293945,801100
2022-12-15,13.100000381469727,13.100000381469727,12.510000228881836,12.699999809265137,12.699999809265137,1064200
2022-12-16,12.600000381469727,12.84000015258789,11.9399995803833,12.170000076293945,12.170000076293945,2364300
2022-12-19,12.09000015258789,12.460000038146973,11.550000190734863,12.199999809265137,12.199999809265137,978500
2022-12-20,12.180000305175781,12.40999984741211,11.850000381469727,11.989999771118164,11.989999771118164,1110500
2022-12-21,12.0,12.220000267028809,11.770000457763672,12.010000228881836,12.010000228881836,684000
2022-12-22,11.779999732971191,11.989999771118164,11.479999542236328,11.8100004196167,11.8100004196167,824200
2022-12-23,11.859999656677246,11.859999656677246,11.350000381469727,11.680000305175781,11.680000305175781,933200
2022-12-27,11.520000457763672,11.729999542236328,11.1899995803833,11.229999542236328,11.229999542236328,473700
2022-12-28,11.329999923706055,11.520000457763672,11.130000114440918,11.5,11.5,539500
2022-12-29,11.609999656677246,12.3100004196167,11.4399995803833,12.25,12.25,684100
2022-12-30,12.15999984741211,12.430000305175781,11.859999656677246,12.40999984741211,12.40999984741211,563600
2023-01-03,12.479999542236328,12.609999656677246,11.920000076293945,12.050000190734863,12.050000190734863,686700
2023-01-04,12.069999694824219,12.892000198364258,12.010000228881836,12.119999885559082,12.119999885559082,660900
2023-01-05,11.9399995803833,12.390000343322754,11.75,12.260000228881836,12.260000228881836,471600
2023-01-06,12.279999732971191,12.460000038146973,11.78499984741211,12.170000076293945,12.170000076293945,396600
2023-01-09,12.229999542236328,12.270000457763672,11.819999694824219,11.920000076293945,11.920000076293945,715600
2023-01-10,11.880000114440918,12.210000038146973,11.430000305175781,11.9399995803833,11.9399995803833,749500
2023-01-11,11.90999984741211,12.510000228881836,11.550000190734863,12.470000267028809,12.470000267028809,563000
2023-01-12,12.520000457763672,13.739999771118164,12.1850004196167,13.710000038146973,13.710000038146973,1084000
2023-01-13,13.640000343322754,15.055000305175781,13.609999656677246,14.300000190734863,14.300000190734863,1273800
2023-01-17,14.25,14.949000358581543,13.824999809265137,14.069999694824219,14.069999694824219,831300
2023-01-18,14.15999984741211,14.399999618530273,13.895000457763672,14.0,14.0,544900
2023-01-19,14.0,14.210000038146973,13.479999542236328,13.920000076293945,13.920000076293945,1332100
2023-01-20,14.119999885559082,14.119999885559082,13.789999961853027,13.930000305175781,13.930000305175781,825700
2023-01-23,13.920000076293945,14.140000343322754,13.779999732971191,13.970000267028809,13.970000267028809,561800
2023-01-24,14.220000267028809,14.359999656677246,13.899999618530273,14.09000015258789,14.09000015258789,859800
2023-01-25,14.039999961853027,14.779999732971191,13.875,14.600000381469727,14.600000381469727,904000
2023-01-26,14.710000038146973,14.90999984741211,13.880000114440918,14.010000228881836,14.010000228881836,495600
2023-01-27,13.890000343322754,14.460000038146973,13.585000038146973,13.640000343322754,13.640000343322754,1132100
2023-01-30,13.59000015258789,13.760000228881836,12.979999542236328,13.170000076293945,13.170000076293945,549400
2023-01-31,14.180000305175781,14.329999923706055,13.550000190734863,13.819999694824219,13.819999694824219,588800
2023-02-01,14.010000228881836,14.039999961853027,13.210000038146973,13.890000343322754,13.890000343322754,492500
2023-02-02,14.34000015258789,14.489999771118164,13.649999618530273,13.720000267028809,13.720000267028809,681500
2023-02-03,13.529999732971191,13.770000457763672,13.270000457763672,13.380000114440918,13.380000114440918,549100
2023-02-06,13.380000114440918,13.550000190734863,13.135000228881836,13.170000076293945,13.170000076293945,317600
2023-02-07,13.15999984741211,13.319999694824219,12.930000305175781,13.149999618530273,13.149999618530273,557700
2023-02-08,13.109999656677246,13.149999618530273,12.550000190734863,12.569999694824219,12.569999694824219,299600
2023-02-09,12.59000015258789,12.800000190734863,12.520000457763672,12.630000114440918,12.630000114440918,323100
2023-02-10,12.619999885559082,12.760000228881836,12.34000015258789,12.479999542236328,12.479999542236328,340600
2023-02-13,12.479999542236328,12.609999656677246,12.1899995803833,12.390000343322754,12.390000343322754,335500
2023-02-14,12.380000114440918,12.729999542236328,12.0600004196167,12.34000015258789,12.34000015258789,650500
2023-02-15,12.239999771118164,12.449999809265137,11.979999542236328,12.09000015258789,12.09000015258789,645600
2023-02-16,11.9399995803833,12.09000015258789,11.850000381469727,11.989999771118164,11.989999771118164,772100
2023-02-17,12.3100004196167,12.460000038146973,11.869999885559082,12.270000457763672,12.270000457763672,467100
2023-02-21,12.239999771118164,12.295999526977539,11.789999961853027,11.819999694824219,11.819999694824219,730200
2023-02-22,11.890000343322754,12.0,11.739999771118164,11.960000038146973,11.960000038146973,514700
2023-02-23,11.989999771118164,12.34000015258789,11.699999809265137,12.029999732971191,12.029999732971191,1141800
2023-02-24,12.0,12.399999618530273,11.414999961853027,11.699999809265137,11.699999809265137,1648400
2023-02-27,11.859999656677246,12.024999618530273,11.739999771118164,11.859999656677246,11.859999656677246,501600
2023-02-28,11.789999961853027,12.010000228881836,11.710000038146973,11.920000076293945,11.920000076293945,482700
2023-03-01,11.949999809265137,12.0,11.5,11.949999809265137,11.949999809265137,635800
2023-03-02,11.899999618530273,11.90999984741211,11.149999618530273,11.420000076293945,11.420000076293945,682000
2023-03-03,11.510000228881836,11.90999984741211,11.329999923706055,11.770000457763672,11.770000457763672,490800
2023-03-06,11.739999771118164,11.739999771118164,11.229999542236328,11.34000015258789,11.34000015258789,417900
2023-03-07,11.329999923706055,11.550000190734863,11.199999809265137,11.270000457763672,11.270000457763672,262700
2023-03-08,11.300000190734863,11.75,11.039999961853027,11.079999923706055,11.079999923706055,534500
2023-03-09,11.09000015258789,11.25,10.829999923706055,11.039999961853027,11.039999961853027,588000
2023-03-10,11.0,11.039999961853027,10.300000190734863,10.710000038146973,10.710000038146973,1127900
2023-03-13,10.84000015258789,11.350000381469727,10.34000015258789,11.220000267028809,11.220000267028809,542200
2023-03-14,11.4399995803833,11.770000457763672,11.390000343322754,11.720000267028809,11.720000267028809,604400
2023-03-15,11.600000381469727,11.779999732971191,11.484999656677246,11.6899995803833,11.6899995803833,478300
2023-03-16,11.640000343322754,11.960000038146973,11.40999984741211,11.75,11.75,436800
2023-03-17,11.720000267028809,11.770000457763672,11.460000038146973,11.729999542236328,11.729999542236328,873700
2023-03-20,11.729999542236328,12.550000190734863,11.489999771118164,12.270000457763672,12.270000457763672,592500
2023-03-21,12.289999961853027,12.539999961853027,12.0600004196167,12.34000015258789,12.34000015258789,513000
2023-03-22,12.319999694824219,12.4350004196167,12.020000457763672,12.029999732971191,12.029999732971191,606900
2023-03-23,12.180000305175781,12.319999694824219,11.960000038146973,12.270000457763672,12.270000457763672,583600
2023-03-24,12.1899995803833,12.295000076293945,11.65999984741211,11.789999961853027,11.789999961853027,934600
2023-03-27,11.8100004196167,12.479999542236328,11.755000114440918,12.029999732971191,12.029999732971191,629900
2023-03-28,12.029999732971191,12.449999809265137,11.9350004196167,12.350000381469727,12.350000381469727,985700
2023-03-29,12.399999618530273,12.520000457763672,11.899999618530273,12.3100004196167,12.3100004196167,869900
2023-03-30,12.3100004196167,12.359999656677246,11.789999961853027,11.859999656677246,11.859999656677246,508400
2023-03-31,11.9399995803833,12.25,11.850000381469727,12.229999542236328,12.229999542236328,432300
2023-04-03,12.229999542236328,12.819999694824219,12.229999542236328,12.779999732971191,12.779999732971191,431100
2023-04-04,12.8100004196167,12.869999885559082,12.079999923706055,12.220000267028809,12.220000267028809,617800
2023-04-05,12.210000038146973,12.430000305175781,11.880000114440918,11.9399995803833,11.9399995803833,298500
2023-04-06,11.930000305175781,12.420000076293945,11.84000015258789,12.390000343322754,12.390000343322754,337000
2023-04-10,12.289999961853027,12.289999961853027,11.930000305175781,11.989999771118164,11.989999771118164,491700
2023-04-11,12.0,12.229999542236328,11.829999923706055,11.960000038146973,11.960000038146973,418900
2023-04-12,12.0600004196167,12.180999755859375,11.670000076293945,11.699999809265137,11.699999809265137,304200
2023-04-13,11.829999923706055,12.079999923706055,11.739999771118164,11.819999694824219,11.819999694824219,719500
2023-04-14,11.819999694824219,11.90999984741211,11.279999732971191,11.4399995803833,11.4399995803833,257900
2023-04-17,11.489999771118164,12.140000343322754,11.390000343322754,11.510000228881836,11.510000228881836,1136100
2023-04-18,11.550000190734863,11.6899995803833,10.100000381469727,11.010000228881836,11.010000228881836,1071300
2023-04-19,10.949999809265137,11.59000015258789,10.75,11.329999923706055,11.329999923706055,732300
2023-04-20,11.239999771118164,11.239999771118164,10.680000305175781,10.770000457763672,10.770000457763672,797800
2023-04-21,10.850000381469727,11.1899995803833,10.739999771118164,11.0,11.0,522700
2023-04-24,10.890000343322754,11.0600004196167,10.628000259399414,10.760000228881836,10.760000228881836,331100
2023-04-25,10.859999656677246,10.9399995803833,10.550000190734863,10.729999542236328,10.729999542236328,362000
2023-04-26,10.859999656677246,10.890000343322754,10.074999809265137,10.130000114440918,10.130000114440918,403400
2023-04-27,10.279999732971191,10.279999732971191,9.5600004196167,9.619999885559082,9.619999885559082,949400
2023-04-28,9.6899995803833,10.130000114440918,9.489999771118164,9.739999771118164,9.739999771118164,679600
2023-05-01,9.699999809265137,10.539999961853027,9.699999809265137,10.4399995803833,10.4399995803833,612400
2023-05-02,10.40999984741211,10.5600004196167,10.0,10.210000038146973,10.210000038146973,559000
2023-05-03,10.25,10.770000457763672,10.145000457763672,10.65999984741211,10.65999984741211,579200
2023-05-04,10.640000343322754,11.369999885559082,10.460000038146973,11.210000038146973,11.210000038146973,389900
2023-05-05,11.25,11.550000190734863,11.180000305175781,11.390000343322754,11.390000343322754,362000
2023-05-08,11.369999885559082,11.4399995803833,11.069999694824219,11.1899995803833,11.1899995803833,479000
2023-05-09,11.09000015258789,11.619999885559082,10.994999885559082,11.399999618530273,11.399999618530273,329100
2023-05-10,11.479999542236328,11.649999618530273,11.239999771118164,11.449999809265137,11.449999809265137,336400
2023-05-11,11.390000343322754,12.550000190734863,11.031999588012695,12.399999618530273,12.399999618530273,737800
2023-05-12,12.380000114440918,12.449999809265137,11.920000076293945,12.239999771118164,12.239999771118164,650000
2023-05-15,12.380000114440918,12.949999809265137,12.335000038146973,12.65999984741211,12.65999984741211,503800
2023-05-16,12.25,12.539999961853027,11.65999984741211,12.520000457763672,12.520000457763672,680100
2023-05-17,13.170000076293945,13.170000076293945,12.149999618530273,12.420000076293945,12.420000076293945,515200
2023-05-18,12.300000190734863,12.59000015258789,11.970000267028809,12.319999694824219,12.319999694824219,731600
2023-05-19,12.489999771118164,13.050000190734863,12.270000457763672,12.850000381469727,12.850000381469727,804800
2023-05-22,12.899999618530273,13.59000015258789,12.869999885559082,13.390000343322754,13.390000343322754,526000
2023-05-23,13.4399995803833,14.319999694824219,13.4399995803833,13.930000305175781,13.930000305175781,1348500
2023-05-24,13.970000267028809,14.289999961853027,13.529999732971191,13.989999771118164,13.989999771118164,1210100
2023-05-25,13.899999618530273,14.020000457763672,13.300000190734863,13.850000381469727,13.850000381469727,1065100
2023-05-26,13.800000190734863,13.989999771118164,13.1899995803833,13.350000381469727,13.350000381469727,429200
2023-05-30,13.420000076293945,13.6899995803833,12.4399995803833,13.210000038146973,13.210000038146973,923600
2023-05-31,13.329999923706055,14.069999694824219,13.180000305175781,13.319999694824219,13.319999694824219,535400
2023-06-01,13.359999656677246,14.100000381469727,12.970000267028809,13.5,13.5,1042800
2023-06-02,13.680000305175781,13.739999771118164,13.142000198364258,13.199999809265137,13.199999809265137,621100
2023-06-05,13.029999732971191,13.449999809265137,12.890000343322754,13.0600004196167,13.0600004196167,414300
2023-06-06,13.260000228881836,13.770000457763672,13.260000228881836,13.510000228881836,13.510000228881836,800000
2023-06-07,13.569999694824219,14.03499984741211,13.024999618530273,13.920000076293945,13.920000076293945,895100
2023-06-08,13.84000015258789,14.039999961853027,13.609999656677246,13.699999809265137,13.699999809265137,695500
2023-06-09,13.699999809265137,13.699999809265137,13.029999732971191,13.069999694824219,13.069999694824219,523200
2023-06-12,13.420000076293945,13.699999809265137,12.850000381469727,12.880000114440918,12.880000114440918,1294400
2023-06-13,12.880000114440918,13.069999694824219,12.4350004196167,12.720000267028809,12.720000267028809,1063600
2023-06-14,12.079999923706055,12.6899995803833,11.390000343322754,11.470000267028809,11.470000267028809,4616800
2023-06-15,11.34000015258789,11.5,10.930000305175781,10.960000038146973,10.960000038146973,2094400
2023-06-16,11.109999656677246,11.109999656677246,10.59000015258789,10.760000228881836,10.760000228881836,3396300
2023-06-20,10.90999984741211,11.170000076293945,10.65999984741211,11.0,11.0,1304500
2023-06-21,10.949999809265137,11.010000228881836,10.579999923706055,10.720000267028809,10.720000267028809,728800
2023-06-22,11.029999732971191,11.085000038146973,10.779999732971191,10.859999656677246,10.859999656677246,825800
2023-06-23,10.75,10.972999572753906,10.6850004196167,10.90999984741211,10.90999984741211,1743500
2023-06-26,10.90999984741211,10.90999984741211,10.289999961853027,10.3100004196167,10.3100004196167,1601600
2023-06-27,10.350000381469727,10.390000343322754,10.0600004196167,10.329999923706055,10.329999923706055,1306000
2023-06-28,10.300000190734863,10.350000381469727,10.010000228881836,10.300000190734863,10.300000190734863,1711300
2023-06-29,10.25,10.390000343322754,10.069999694824219,10.279999732971191,10.279999732971191,771800
2023-06-30,10.34000015258789,10.640000343322754,10.1850004196167,10.579999923706055,10.579999923706055,862300
2023-07-03,10.550000190734863,10.6899995803833,10.40999984741211,10.600000381469727,10.600000381469727,320400
2023-07-05,10.600000381469727,10.789999961853027,10.449999809265137,10.5,10.5,586700
2023-07-06,10.399999618530273,10.399999618530273,10.100000381469727,10.119999885559082,10.119999885559082,884900
2023-07-07,10.140000343322754,10.199999809265137,9.949999809265137,9.994999885559082,9.994999885559082,931800
2023-07-10,10.020000457763672,10.109999656677246,9.829999923706055,9.920000076293945,9.920000076293945,1041600
2023-07-11,9.949999809265137,10.039999961853027,9.755000114440918,9.899999618530273,9.899999618530273,595200
2023-07-12,10.020000457763672,10.579999923706055,9.890000343322754,10.300000190734863,10.300000190734863,1961100
2023-07-13,10.319999694824219,10.395000457763672,9.989999771118164,10.029999732971191,10.029999732971191,612700
2023-07-14,10.010000228881836,10.085000038146973,9.8100004196167,10.039999961853027,10.039999961853027,586200
2023-07-17,10.0600004196167,10.40999984741211,10.020000457763672,10.1899995803833,10.1899995803833,541500
2023-07-18,10.229999542236328,10.539999961853027,10.15999984741211,10.539999961853027,10.539999961853027,422000
2023-07-19,10.75,11.350000381469727,10.699999809265137,11.039999961853027,11.039999961853027,933900
2023-07-20,11.039999961853027,11.170000076293945,10.8149995803833,11.010000228881836,11.010000228881836,646400
2023-07-21,11.109999656677246,11.149999618530273,10.920000076293945,11.010000228881836,11.010000228881836,590400
2023-07-24,11.0,11.109999656677246,10.23799991607666,10.260000228881836,10.260000228881836,680200
2023-07-25,10.229999542236328,10.34000015258789,9.90999984741211,10.010000228881836,10.010000228881836,947600
2023-07-26,10.130000114440918,10.140000343322754,9.779999732971191,9.920000076293945,9.920000076293945,441300
2023-07-27,9.930000305175781,9.949999809265137,9.720000267028809,9.779999732971191,9.779999732971191,436400
2023-07-28,9.8100004196167,10.149999618530273,9.789999961853027,9.970000267028809,9.970000267028809,390800
2023-07-31,9.970000267028809,10.529999732971191,9.930000305175781,10.4399995803833,10.4399995803833,429400
2023-08-01,10.420000076293945,10.51200008392334,10.130000114440918,10.34000015258789,10.34000015258789,399400
2023-08-02,10.3100004196167,10.420000076293945,10.020000457763672,10.270000457763672,10.270000457763672,332600
2023-08-03,10.199999809265137,10.579999923706055,10.199999809265137,10.539999961853027,10.539999961853027,462900
2023-08-04,10.489999771118164,11.383999824523926,10.489999771118164,11.0,11.0,617700
2023-08-07,10.949999809265137,10.949999809265137,10.3100004196167,10.430000305175781,10.430000305175781,645900
2023-08-08,10.369999885559082,10.479999542236328,10.1899995803833,10.399999618530273,10.399999618530273,604300
2023-08-09,10.399999618530273,10.770000457763672,10.380000114440918,10.760000228881836,10.760000228881836,398800
2023-08-10,10.640000343322754,11.154999732971191,10.640000343322754,11.039999961853027,11.039999961853027,335300
2023-08-11,11.630000114440918,11.970000267028809,11.270000457763672,11.859999656677246,11.859999656677246,854200
2023-08-14,11.850000381469727,12.09000015258789,11.399999618530273,11.720000267028809,11.720000267028809,518200
2023-08-15,11.729999542236328,11.90999984741211,11.5,11.710000038146973,11.710000038146973,412500
2023-08-16,11.670000076293945,11.8100004196167,11.170000076293945,11.199999809265137,11.199999809265137,412200
2023-08-17,11.180000305175781,11.40999984741211,10.899999618530273,10.930000305175781,10.930000305175781,434400
2023-08-18,10.84000015258789,11.050000190734863,10.5,10.520000457763672,10.520000457763672,418600
2023-08-21,10.630000114440918,11.050000190734863,10.5,10.920000076293945,10.920000076293945,389800
2023-08-22,10.90999984741211,10.90999984741211,10.510000228881836,10.539999961853027,10.539999961853027,233500
2023-08-23,10.569999694824219,10.850000381469727,10.5,10.520000457763672,10.520000457763672,229700
2023-08-24,10.479999542236328,10.489999771118164,10.079999923706055,10.109999656677246,10.109999656677246,366400
2023-08-25,10.140000343322754,10.5,10.045000076293945,10.279999732971191,10.279999732971191,524100
2023-08-28,10.300000190734863,10.770000457763672,10.1899995803833,10.319999694824219,10.319999694824219,364700
2023-08-29,10.289999961853027,10.550000190734863,10.050000190734863,10.140000343322754,10.140000343322754,463500
2023-08-30,10.239999771118164,10.295000076293945,9.920000076293945,10.09000015258789,10.09000015258789,383600
2023-08-31,10.069999694824219,10.140000343322754,9.869999885559082,9.930000305175781,9.930000305175781,494700
2023-09-01,9.949999809265137,10.15999984741211,9.949999809265137,10.0600004196167,10.0600004196167,473100
2023-09-05,10.050000190734863,10.140000343322754,9.710000038146973,9.720000267028809,9.720000267028809,535600
2023-09-06,9.729999542236328,9.729999542236328,9.279999732971191,9.65999984741211,9.65999984741211,453400
2023-09-07,9.619999885559082,9.970000267028809,9.470000267028809,9.960000038146973,9.960000038146973,403900
2023-09-08,9.979999542236328,10.350000381469727,9.729999542236328,10.149999618530273,10.149999618530273,355000
2023-09-11,10.199999809265137,10.232000350952148,9.829999923706055,10.0,10.0,328800
2023-09-12,9.979999542236328,10.010000228881836,9.779999732971191,9.949999809265137,9.949999809265137,477600
2023-09-13,9.979999542236328,10.130000114440918,9.682999610900879,9.75,9.75,333500
2023-09-14,9.770000457763672,9.850000381469727,9.550000190734863,9.699999809265137,9.699999809265137,352700
2023-09-15,9.770000457763672,9.949999809265137,9.470000267028809,9.890000343322754,9.890000343322754,2776400
2023-09-18,9.850000381469727,10.0,9.5,9.59000015258789,9.59000015258789,527900
2023-09-19,9.579999923706055,9.8100004196167,9.449999809265137,9.630000114440918,9.630000114440918,448600
2023-09-20,9.630000114440918,9.630000114440918,8.989999771118164,9.0,9.0,333000
2023-09-21,8.859999656677246,9.069999694824219,8.711999893188477,9.029999732971191,9.029999732971191,448700
2023-09-22,9.170000076293945,9.170000076293945,8.800000190734863,8.859999656677246,8.859999656677246,510900
2023-09-25,8.8100004196167,8.8100004196167,8.529999732971191,8.569999694824219,8.569999694824219,345800
2023-09-26,8.609999656677246,8.75,8.390000343322754,8.4399995803833,8.4399995803833,394900
2023-09-27,8.4399995803833,8.670000076293945,8.34000015258789,8.670000076293945,8.670000076293945,458700
2023-09-28,8.680000305175781,8.850000381469727,8.600000381469727,8.770000457763672,8.770000457763672,384700
2023-09-29,8.84000015258789,9.140999794006348,8.532999992370605,9.119999885559082,9.119999885559082,843500
2023-10-02,9.199999809265137,9.390000343322754,8.569999694824219,8.600000381469727,8.600000381469727,1029500
2023-10-03,8.579999923706055,8.737000465393066,8.239999771118164,8.270000457763672,8.270000457763672,457500
2023-10-04,8.239999771118164,8.239999771118164,7.929999828338623,8.149999618530273,8.149999618530273,872900
2023-10-05,8.140000343322754,8.800000190734863,7.998000144958496,8.770000457763672,8.770000457763672,760600
2023-10-06,8.800000190734863,9.359999656677246,8.40999984741211,9.25,9.25,437900
2023-10-09,9.130000114440918,9.239999771118164,8.970000267028809,9.0600004196167,9.0600004196167,1428800
2023-10-10,9.069999694824219,9.1899995803833,8.970000267028809,9.029999732971191,9.029999732971191,580100
2023-10-11,9.050000190734863,9.220000267028809,8.895000457763672,9.100000381469727,9.100000381469727,440300
2023-10-12,9.069999694824219,9.145000457763672,8.609999656677246,8.779999732971191,8.779999732971191,655900
2023-10-13,8.8100004196167,8.8100004196167,8.359999656677246,8.4399995803833,8.4399995803833,404600
2023-10-16,8.59000015258789,8.664999961853027,8.1899995803833,8.609999656677246,8.609999656677246,2029800
2023-10-17,8.539999961853027,8.90999984741211,8.539999961853027,8.720000267028809,8.720000267028809,2104200
2023-10-18,8.729999542236328,8.890000343322754,8.291000366210938,8.369999885559082,8.369999885559082,2100200
2023-10-19,8.34000015258789,8.369999885559082,8.119999885559082,8.260000228881836,8.260000228881836,1373100
2023-10-20,8.300000190734863,8.479000091552734,8.15999984741211,8.270000457763672,8.270000457763672,364900
2023-10-23,8.25,8.25,7.559999942779541,7.579999923706055,7.579999923706055,1196000
2023-10-24,7.650000095367432,8.09000015258789,7.650000095367432,7.909999847412109,7.909999847412109,1085500
2023-10-25,7.829999923706055,7.940000057220459,7.409999847412109,7.670000076293945,7.670000076293945,378700
2023-10-26,7.670000076293945,7.96999979019165,7.610000133514404,7.900000095367432,7.900000095367432,378800
2023-10-27,7.960000038146973,8.09000015258789,7.619999885559082,7.659999847412109,7.659999847412109,816200
2023-10-30,7.769999980926514,8.149999618530273,7.519999980926514,8.149999618530273,8.149999618530273,371900
2023-10-31,8.229999542236328,8.529999732971191,8.079999923706055,8.449999809265137,8.449999809265137,341500
2023-11-01,8.600000381469727,8.600000381469727,7.920000076293945,7.989999771118164,7.989999771118164,704400
2023-11-02,8.0,8.479999542236328,7.980000019073486,8.420000076293945,8.420000076293945,550800
2023-11-03,8.760000228881836,9.220000267028809,8.5600004196167,9.010000228881836,9.010000228881836,1195300
2023-11-06,9.1899995803833,9.279999732971191,8.720000267028809,8.989999771118164,8.989999771118164,573700
2023-11-07,8.989999771118164,9.470000267028809,8.920000076293945,9.270000457763672,9.270000457763672,949000
2023-11-08,9.279999732971191,9.345000267028809,8.930000305175781,9.050000190734863,9.050000190734863,564900
2023-11-09,9.109999656677246,9.15999984741211,8.470000267028809,8.600000381469727,8.600000381469727,1804700
2023-11-10,8.680000305175781,8.829999923706055,8.430000305175781,8.520000457763672,8.520000457763672,1928500
2023-11-13,8.4399995803833,8.779999732971191,8.170000076293945,8.699999809265137,8.699999809265137,2044600
2023-11-14,9.300000190734863,9.300000190734863,8.869999885559082,9.199999809265137,9.199999809265137,2207900
2023-11-15,9.170000076293945,9.8100004196167,9.045000076293945,9.380000114440918,9.380000114440918,972000
2023-11-16,9.430000305175781,9.430000305175781,8.800000190734863,9.09000015258789,9.09000015258789,558900
2023-11-17,9.199999809265137,9.630000114440918,9.069999694824219,9.5600004196167,9.5600004196167,503200
2023-11-20,9.569999694824219,9.890000343322754,9.460000038146973,9.550000190734863,9.550000190734863,258600
2023-11-21,9.420000076293945,9.529999732971191,9.270000457763672,9.34000015258789,9.34000015258789,242200
2023-11-22,9.449999809265137,9.510000228881836,9.300000190734863,9.390000343322754,9.390000343322754,184300
2023-11-24,9.449999809265137,9.729999542236328,9.449999809265137,9.5600004196167,9.5600004196167,155600
2023-11-27,9.479999542236328,9.579999923706055,9.074999809265137,9.260000228881836,9.260000228881836,268100
2023-11-28,9.229999542236328,9.46500015258789,9.0600004196167,9.4399995803833,9.4399995803833,230400
2023-11-29,9.479999542236328,9.9399995803833,9.479999542236328,9.489999771118164,9.489999771118164,297500
2023-11-30,9.670000076293945,10.050000190734863,9.600000381469727,9.670000076293945,9.670000076293945,436400
2023-12-01,9.710000038146973,9.979999542236328,9.180000305175781,9.960000038146973,9.960000038146973,367100
2023-12-04,9.920000076293945,10.220000267028809,9.800000190734863,10.210000038146973,10.210000038146973,428400
2023-12-05,10.09000015258789,10.899999618530273,10.07800006866455,10.800000190734863,10.800000190734863,531200
2023-12-06,10.899999618530273,11.479999542236328,10.8100004196167,11.069999694824219,11.069999694824219,1305900
2023-12-07,11.15999984741211,11.430000305175781,11.041000366210938,11.300000190734863,11.300000190734863,798200
2023-12-08,11.270000457763672,11.4399995803833,10.380000114440918,10.8100004196167,10.8100004196167,1362200
2023-12-11,10.720000267028809,10.960000038146973,10.4399995803833,10.720000267028809,10.720000267028809,2265900
2023-12-12,10.65999984741211,11.489999771118164,10.329999923706055,11.130000114440918,11.130000114440918,3720100
2023-12-13,11.130000114440918,11.630000114440918,10.880000114440918,11.600000381469727,11.600000381469727,2034100
2023-12-14,11.800000190734863,12.25,11.609999656677246,11.949999809265137,11.949999809265137,1690800
2023-12-15,12.069999694824219,12.369999885559082,11.970000267028809,12.300000190734863,12.300000190734863,3875200
2023-12-18,12.270000457763672,12.550000190734863,11.960000038146973,12.350000381469727,12.350000381469727,1480100
2023-12-19,12.449999809265137,13.5,12.449999809265137,13.289999961853027,13.289999961853027,3569300
2023-12-20,13.260000228881836,13.369999885559082,12.329999923706055,12.350000381469727,12.350000381469727,729400
2023-12-21,12.630000114440918,12.75,12.300000190734863,12.569999694824219,12.569999694824219,476400
2023-12-22,13.25,13.90999984741211,13.109999656677246,13.6899995803833,13.6899995803833,1059000
2023-12-26,13.989999771118164,14.140000343322754,13.670000076293945,14.010000228881836,14.010000228881836,384300
2023-12-27,14.079999923706055,14.229999542236328,13.913000106811523,14.220000267028809,14.220000267028809,328700
2023-12-28,14.25,14.468000411987305,14.020000457763672,14.3100004196167,14.3100004196167,470900
2023-12-29,14.289999961853027,14.640000343322754,14.163000106811523,14.380000114440918,14.380000114440918,671400
2024-01-02,14.470000267028809,15.489999771118164,14.390000343322754,15.359999656677246,15.359999656677246,1021200
2024-01-03,15.460000038146973,15.460000038146973,14.850000381469727,15.0600004196167,15.0600004196167,1087100
2024-01-04,14.970000267028809,15.859999656677246,14.970000267028809,15.630000114440918,15.630000114440918,1539400
2024-01-05,15.489999771118164,15.532999992370605,14.989999771118164,15.0,15.0,575500
2024-01-08,14.8100004196167,15.460000038146973,14.8100004196167,15.319999694824219,15.319999694824219,1491600
2024-01-09,15.079999923706055,15.079999923706055,14.670000076293945,14.869999885559082,14.869999885559082,1438200
2024-01-10,14.829999923706055,15.220000267028809,14.569999694824219,15.09000015258789,15.09000015258789,529000
2024-01-11,14.869999885559082,15.800000190734863,14.779999732971191,15.479999542236328,15.479999542236328,1608900
2024-01-12,15.729999542236328,15.960000038146973,15.329999923706055,15.369999885559082,15.369999885559082,744800
2024-01-16,15.1899995803833,15.359999656677246,14.819999694824219,15.170000076293945,15.170000076293945,904200
2024-01-17,14.847999572753906,15.069999694824219,14.479999542236328,14.760000228881836,14.760000228881836,860000
2024-01-18,14.829999923706055,14.84000015258789,14.210000038146973,14.550000190734863,14.550000190734863,578200
2024-01-19,14.520000457763672,14.789999961853027,14.279999732971191,14.6899995803833,14.6899995803833,473900
2024-01-22,14.789999961853027,14.928999900817871,13.8100004196167,14.0,14.0,1165700
2024-01-23,14.270000457763672,14.600000381469727,13.289999961853027,13.420000076293945,13.420000076293945,798100
2024-01-24,18.399999618530273,21.399999618530273,17.809999465942383,19.610000610351562,19.610000610351562,16113100
2024-01-25,19.899999618530273,20.209999084472656,18.65999984741211,18.729999542236328,18.729999542236328,3288200
2024-01-26,18.940000534057617,19.170000076293945,17.899999618530273,17.979999542236328,17.979999542236328,1802200
2024-01-29,17.75,18.7189998626709,17.450000762939453,18.600000381469727,18.600000381469727,1572500
2024-01-30,18.5,22.920000076293945,18.239999771118164,20.850000381469727,20.850000381469727,11213100
2024-01-31,21.1200008392334,21.65999984741211,19.979999542236328,20.139999389648438,20.139999389648438,1898500
2024-02-01,20.360000610351562,21.219999313354492,19.90999984741211,21.020000457763672,21.020000457763672,1170900
2024-02-02,20.979999542236328,21.450000762939453,20.670000076293945,21.1299991607666,21.1299991607666,991600
2024-02-05,20.8799991607666,20.959999084472656,20.049999237060547,20.549999237060547,20.549999237060547,939100
2024-02-06,20.530000686645508,21.079999923706055,20.26099967956543,20.969999313354492,20.969999313354492,594100
2024-02-07,21.030000686645508,21.030000686645508,20.329999923706055,20.360000610351562,20.360000610351562,530800
2024-02-08,20.030000686645508,20.610000610351562,19.959999084472656,20.329999923706055,20.329999923706055,1412900
2024-02-09,20.489999771118164,21.0,19.8799991607666,19.969999313354492,19.969999313354492,771200
2024-02-12,19.8700008392334,20.530000686645508,19.860000610351562,20.399999618530273,20.399999618530273,1012600
2024-02-13,19.739999771118164,20.010000228881836,19.180999755859375,19.489999771118164,19.489999771118164,924000
2024-02-14,19.90999984741211,20.059999465942383,19.43000030517578,19.729999542236328,19.729999542236328,614600
2024-02-15,19.770000457763672,20.6299991607666,19.770000457763672,20.510000228881836,20.510000228881836,730500
2024-02-16,20.40999984741211,20.639999389648438,20.06999969482422,20.6200008392334,20.6200008392334,638800
2024-02-20,20.5,21.889999389648438,19.469999313354492,20.280000686645508,20.280000686645508,1864700
2024-02-21,20.059999465942383,20.389999389648438,19.549999237060547,19.989999771118164,19.989999771118164,563700
2024-02-22,20.209999084472656,20.280000686645508,19.260000228881836,19.59000015258789,19.59000015258789,796400
2024-02-23,19.709999084472656,20.687000274658203,19.579999923706055,20.25,20.25,572600
2024-02-26,20.219999313354492,21.030000686645508,20.219999313354492,20.739999771118164,20.739999771118164,543300
2024-02-27,20.889999389648438,21.93000030517578,20.6299991607666,21.760000228881836,21.760000228881836,1102500
2024-02-28,21.75,22.533000946044922,21.34000015258789,21.3799991607666,21.3799991607666,1696900
2024-02-29,21.709999084472656,21.950000762939453,20.729999542236328,21.079999923706055,21.079999923706055,698100
2024-03-01,21.1299991607666,21.959999084472656,21.065000534057617,21.59000015258789,21.59000015258789,788500
2024-03-04,21.729999542236328,21.770000457763672,21.079999923706055,21.309999465942383,21.309999465942383,523800
2024-03-05,21.170000076293945,21.510000228881836,20.739999771118164,21.040000915527344,21.040000915527344,471700
2024-03-06,21.309999465942383,23.1299991607666,21.06999969482422,22.700000762939453,22.700000762939453,1577900
2024-03-07,23.09000015258789,23.75,21.8700008392334,22.260000228881836,22.260000228881836,1827100
2024-03-08,22.639999389648438,23.656999588012695,22.3700008392334,23.530000686645508,23.530000686645508,1192000
2024-03-11,23.530000686645508,24.170000076293945,22.780000686645508,22.81999969482422,22.81999969482422,1200300
2024-03-12,22.739999771118164,22.934999465942383,21.549999237060547,22.309999465942383,22.309999465942383,1144700
2024-03-13,22.350000381469727,23.024999618530273,22.350000381469727,22.829999923706055,22.829999923706055,685900
2024-03-14,22.540000915527344,22.760000228881836,21.719999313354492,21.979999542236328,21.979999542236328,1170000
2024-03-15,21.940000534057617,22.969999313354492,21.91699981689453,22.34000015258789,22.34000015258789,3345500
2024-03-18,22.219999313354492,22.219999313354492,20.899999618530273,21.040000915527344,21.040000915527344,1014100
2024-03-19,20.989999771118164,21.760000228881836,20.649999618530273,21.690000534057617,21.690000534057617,1067500
2024-03-20,21.25,22.25,21.25,21.940000534057617,21.940000534057617,837000
2024-03-21,22.139999389648438,22.81999969482422,21.270000457763672,21.350000381469727,21.350000381469727,795700
2024-03-22,21.729999542236328,21.885000228881836,21.329999923706055,21.399999618530273,21.399999618530273,1112400
2024-03-25,21.450000762939453,21.959999084472656,20.926000595092773,20.989999771118164,20.989999771118164,482600
2024-03-26,21.399999618530273,21.600000381469727,20.3799991607666,20.420000076293945,20.420000076293945,778300
2024-03-27,20.440000534057617,21.229999542236328,20.264999389648438,21.170000076293945,21.170000076293945,654400
2024-03-28,21.170000076293945,21.645000457763672,20.889999389648438,21.329999923706055,21.329999923706055,867500
2024-04-01,21.190000534057617,21.889999389648438,20.975000381469727,21.81999969482422,21.81999969482422,705400
2024-04-02,21.299999237060547,21.299999237060547,20.270000457763672,20.520000457763672,20.520000457763672,752800
2024-04-03,20.290000915527344,20.826000213623047,20.229999542236328,20.34000015258789,20.34000015258789,553600
2024-04-04,20.579999923706055,21.3799991607666,20.200000762939453,20.360000610351562,20.360000610351562,918000
2024-04-05,20.09000015258789,20.809999465942383,19.579999923706055,20.360000610351562,20.360000610351562,599600
2024-04-08,20.649999618530273,20.760000228881836,20.1200008392334,20.420000076293945,20.420000076293945,304400
2024-04-09,20.440000534057617,20.809999465942383,20.0,20.68000030517578,20.68000030517578,404900
2024-04-10,20.06999969482422,20.239999771118164,19.700000762939453,19.899999618530273,19.899999618530273,869100
2024-04-11,20.040000915527344,20.6200008392334,20.040000915527344,20.399999618530273,20.399999618530273,764300
2024-04-12,20.299999237060547,20.299999237060547,19.0,19.479999542236328,19.479999542236328,637100
2024-04-15,19.56999969482422,19.700000762939453,18.59000015258789,19.010000228881836,19.010000228881836,751800
2024-04-16,18.809999465942383,18.94499969482422,18.40999984741211,18.59000015258789,18.59000015258789,821100
2024-04-17,18.799999237060547,18.889999389648438,17.889999389648438,17.989999771118164,17.989999771118164,660300
2024-04-18,17.860000610351562,18.049999237060547,17.520000457763672,17.68000030517578,17.68000030517578,1653400
2024-04-19,17.610000610351562,17.899999618530273,16.790000915527344,17.530000686645508,17.530000686645508,1329700
2024-04-22,18.329999923706055,19.18000030517578,17.920000076293945,18.190000534057617,18.190000534057617,2099700
2024-04-23,18.1200008392334,19.270000457763672,18.1200008392334,18.729999542236328,18.729999542236328,1038200
2024-04-24,18.75,18.920000076293945,18.40999984741211,18.75,18.75,816000
2024-04-25,18.260000228881836,19.219999313354492,17.959999084472656,19.0,19.0,888900
2024-04-26,19.200000762939453,19.709999084472656,18.950000762939453,19.649999618530273,19.649999618530273,576900
2024-04-29,19.799999237060547,20.34000015258789,19.71500015258789,20.059999465942383,20.059999465942383,507600
2024-04-30,19.920000076293945,20.350000381469727,19.600000381469727,19.6200008392334,19.6200008392334,599400
2024-05-01,19.6299991607666,20.809999465942383,19.6299991607666,20.280000686645508,20.280000686645508,754600
2024-05-02,20.149999618530273,20.639999389648438,19.959999084472656,20.59000015258789,20.59000015258789,560200
2024-05-03,20.549999237060547,21.25,20.260000228881836,20.6299991607666,20.6299991607666,605600
2024-05-06,20.770000457763672,21.260000228881836,20.700000762939453,21.010000228881836,21.010000228881836,813800
2024-05-07,21.0,21.299999237060547,20.61199951171875,21.06999969482422,21.06999969482422,536600
2024-05-08,20.780000686645508,20.8799991607666,20.100000381469727,20.545000076293945,20.545000076293945,630800
2024-05-09,20.600000381469727,21.110000610351562,20.520000457763672,20.770000457763672,20.770000457763672,422300
2024-05-10,20.950000762939453,21.030000686645508,20.020000457763672,20.709999084472656,20.709999084472656,573500
2024-05-13,20.93000030517578,20.934999465942383,20.2549991607666,20.610000610351562,20.610000610351562,339000
2024-05-14,20.920000076293945,21.780000686645508,20.701000213623047,20.90999984741211,20.90999984741211,620600
2024-05-15,21.479999542236328,22.0,21.43000030517578,21.8700008392334,21.8700008392334,765300
2024-05-16,21.780000686645508,23.100000381469727,21.600000381469727,22.979999542236328,22.979999542236328,1143000
2024-05-17,23.059999465942383,23.059999465942383,22.1299991607666,22.170000076293945,22.170000076293945,582300
2024-05-20,22.110000610351562,22.639999389648438,22.010000228881836,22.239999771118164,22.239999771118164,487100
2024-05-21,22.059999465942383,22.239999771118164,21.59000015258789,22.110000610351562,22.110000610351562,477300
2024-05-22,21.75,22.8799991607666,21.71500015258789,22.549999237060547,22.549999237060547,670600
2024-05-23,22.479999542236328,22.56999969482422,21.150999069213867,21.43000030517578,21.43000030517578,641500
2024-05-24,21.549999237060547,21.889999389648438,21.15999984741211,21.170000076293945,21.170000076293945,260100
2024-05-28,21.489999771118164,21.75,21.09000015258789,21.489999771118164,21.489999771118164,436400
2024-05-29,21.209999084472656,21.344999313354492,20.40999984741211,20.469999313354492,20.469999313354492,804000
2024-05-30,20.690000534057617,20.735000610351562,20.170000076293945,20.690000534057617,20.690000534057617,816100
2024-05-31,20.920000076293945,21.37299919128418,20.3700008392334,20.610000610351562,20.610000610351562,471600
2024-06-03,20.950000762939453,22.290000915527344,20.610000610351562,21.190000534057617,21.190000534057617,671200
2024-06-04,21.059999465942383,21.209999084472656,20.479999542236328,20.790000915527344,20.790000915527344,588500
2024-06-05,20.899999618530273,21.93000030517578,20.655000686645508,21.790000915527344,21.790000915527344,424600
2024-06-06,21.770000457763672,22.17300033569336,21.3799991607666,22.059999465942383,22.059999465942383,854500
2024-06-07,21.719999313354492,22.290000915527344,21.260000228881836,21.760000228881836,21.760000228881836,937600
2024-06-10,21.290000915527344,21.420000076293945,20.43000030517578,20.889999389648438,20.889999389648438,731300
2024-06-11,20.6299991607666,21.610000610351562,20.360000610351562,21.489999771118164,21.489999771118164,428400
2024-06-12,22.360000610351562,22.674999237060547,21.40999984741211,21.68000030517578,21.68000030517578,507200
2024-06-13,21.770000457763672,22.059999465942383,21.180999755859375,21.56999969482422,21.56999969482422,422300
2024-06-14,21.270000457763672,21.360000610351562,20.549999237060547,20.81999969482422,20.81999969482422,476100
2024-06-17,20.549999237060547,20.719999313354492,19.790000915527344,20.690000534057617,20.690000534057617,589500
2024-06-18,20.729999542236328,20.899999618530273,19.459999084472656,19.770000457763672,19.770000457763672,777600
2024-06-20,19.6299991607666,20.514999389648438,19.40999984741211,20.31999969482422,20.31999969482422,499100
2024-06-21,20.3799991607666,21.260000228881836,20.3799991607666,20.940000534057617,20.940000534057617,2505800
2024-06-24,21.149999618530273,21.850000381469727,20.985000610351562,21.079999923706055,21.079999923706055,886000
2024-06-25,21.040000915527344,21.139999389648438,20.459999084472656,20.489999771118164,20.489999771118164,399600
2024-06-26,20.389999389648438,20.700000762939453,20.010000228881836,20.600000381469727,20.600000381469727,441400
2024-06-27,20.649999618530273,20.649999618530273,20.15999984741211,20.5,20.5,320900
2024-06-28,20.610000610351562,20.940000534057617,20.1299991607666,20.59000015258789,20.59000015258789,3444700
2024-07-01,20.510000228881836,21.290000915527344,20.200000762939453,21.200000762939453,21.200000762939453,687000
2024-07-02,21.18000030517578,21.3700008392334,20.469999313354492,20.579999923706055,20.579999923706055,704000
2024-07-03,20.719999313354492,21.0049991607666,20.010000228881836,20.059999465942383,20.059999465942383,293300
2024-07-05,20.0,20.190000534057617,19.829999923706055,20.010000228881836,20.010000228881836,314200
2024-07-08,20.299999237060547,20.579999923706055,19.860000610351562,19.989999771118164,19.989999771118164,637000
2024-07-09,20.020000457763672,20.700000762939453,19.975000381469727,20.600000381469727,20.600000381469727,813800
2024-07-10,20.84000015258789,20.895000457763672,20.209999084472656,20.329999923706055,20.329999923706055,548200
2024-07-11,20.90999984741211,22.170000076293945,20.469999313354492,21.950000762939453,21.950000762939453,810700
2024-07-12,22.1200008392334,22.75,21.84000015258789,22.389999389648438,22.389999389648438,405000
2024-07-15,22.649999618530273,22.989999771118164,22.420000076293945,22.770000457763672,22.770000457763672,577600
2024-07-16,23.0,23.479999542236328,22.799999237060547,23.229999542236328,23.229999542236328,722500
2024-07-17,22.780000686645508,23.139999389648438,21.389999389648438,21.729999542236328,21.729999542236328,704400
2024-07-18,21.700000762939453,22.06999969482422,21.209999084472656,21.5,21.5,522000
2024-07-19,21.59000015258789,21.649999618530273,20.75,20.950000762939453,20.950000762939453,532000
2024-07-22,21.139999389648438,21.25,20.440000534057617,20.75,20.75,683800
2024-07-23,20.649999618530273,21.239999771118164,20.479999542236328,21.079999923706055,21.079999923706055,890300
2024-07-24,20.940000534057617,21.209999084472656,20.34000015258789,20.360000610351562,20.360000610351562,2499000
2024-07-25,20.520000457763672,20.829999923706055,20.34000015258789,20.780000686645508,20.780000686645508,820100
2024-07-26,21.239999771118164,21.600000381469727,20.770000457763672,21.09000015258789,21.09000015258789,461800
2024-07-29,21.079999923706055,21.40999984741211,20.399999618530273,20.860000610351562,20.860000610351562,444600
2024-07-30,21.040000915527344,21.559999465942383,20.3700008392334,20.700000762939453,20.700000762939453,399600
2024-07-31,20.899999618530273,21.5,20.43000030517578,20.809999465942383,20.809999465942383,440700
2024-08-01,20.309999465942383,20.959999084472656,19.8799991607666,20.190000534057617,20.190000534057617,854200
2024-08-02,19.0,19.75,18.950000762939453,19.5,19.5,729500
2024-08-05,18.209999084472656,19.139999389648438,17.739999771118164,18.860000610351562,18.860000610351562,1065500
2024-08-06,19.020000457763672,19.530000686645508,18.59000015258789,19.139999389648438,19.139999389648438,484300
2024-08-07,19.610000610351562,19.889999389648438,18.5,18.56999969482422,18.56999969482422,2319900
2024-08-08,18.860000610351562,19.239999771118164,18.5,19.1200008392334,19.1200008392334,639600
2024-08-09,19.200000762939453,19.649999618530273,18.559999465942383,18.969999313354492,18.969999313354492,1107400
2024-08-12,19.09000015258789,19.290000915527344,18.780000686645508,18.979999542236328,18.979999542236328,547400
2024-08-13,19.040000915527344,19.440000534057617,18.8700008392334,19.030000686645508,19.030000686645508,594800
2024-08-14,19.149999618530273,19.19499969482422,18.714000701904297,19.040000915527344,19.040000915527344,277400
2024-08-15,19.579999923706055,19.770000457763672,19.200000762939453,19.450000762939453,19.450000762939453,525400
2024-08-16,19.420000076293945,19.850000381469727,19.229999542236328,19.25,19.25,535400
2024-08-19,19.25,20.1299991607666,19.15999984741211,20.1200008392334,20.1200008392334,433600
2024-08-20,20.030000686645508,20.15999984741211,19.645000457763672,20.079999923706055,20.079999923706055,207100
2024-08-21,20.110000610351562,20.5,19.739999771118164,19.969999313354492,19.969999313354492,377500
2024-08-22,20.049999237060547,20.1299991607666,19.639999389648438,19.739999771118164,19.739999771118164,333200
2024-08-23,19.889999389648438,20.3700008392334,19.649999618530273,20.18000030517578,20.18000030517578,517300
2024-08-26,20.290000915527344,20.68000030517578,20.030000686645508,20.540000915527344,20.540000915527344,259400
2024-08-27,20.43000030517578,20.68000030517578,19.950000762939453,20.280000686645508,20.280000686645508,238400
2024-08-28,20.18000030517578,20.40999984741211,19.93000030517578,20.139999389648438,20.139999389648438,285600
2024-08-29,20.309999465942383,20.969999313354492,20.1299991607666,20.510000228881836,20.510000228881836,313500
2024-08-30,20.610000610351562,21.1200008392334,20.270000457763672,21.059999465942383,21.059999465942383,377700
2024-09-03,21.0,21.569000244140625,20.100000381469727,20.209999084472656,20.209999084472656,365300
2024-09-04,20.100000381469727,20.405000686645508,19.65999984741211,19.84000015258789,19.84000015258789,495900
2024-09-05,19.829999923706055,19.8700008392334,19.360000610351562,19.68000030517578,19.68000030517578,589200
2024-09-06,19.68000030517578,19.725000381469727,19.1200008392334,19.290000915527344,19.290000915527344,316200
2024-09-09,19.280000686645508,19.81999969482422,19.280000686645508,19.559999465942383,19.559999465942383,413900
2024-09-10,19.59000015258789,20.450000762939453,19.299999237060547,19.739999771118164,19.739999771118164,869300
2024-09-11,19.540000915527344,19.899999618530273,19.260000228881836,19.8799991607666,19.8799991607666,322300
2024-09-12,19.940000534057617,20.15999984741211,19.68000030517578,19.889999389648438,19.889999389648438,289700
2024-09-13,20.170000076293945,21.09000015258789,19.899999618530273,20.8799991607666,20.8799991607666,386200
2024-09-16,21.020000457763672,21.1299991607666,20.56999969482422,20.8700008392334,20.8700008392334,311500
2024-09-17,20.809999465942383,21.360000610351562,20.139999389648438,20.15999984741211,20.15999984741211,526500
2024-09-18,20.18000030517578,21.09000015258789,19.989999771118164,20.260000228881836,20.260000228881836,456800
2024-09-19,20.81999969482422,21.399999618530273,20.450000762939453,21.079999923706055,21.079999923706055,846400
2024-09-20,21.1299991607666,21.399999618530273,20.850000381469727,20.950000762939453,20.950000762939453,995800
2024-09-23,21.110000610351562,21.110000610351562,20.18000030517578,20.209999084472656,20.209999084472656,241200
2024-09-24,20.209999084472656,20.209999084472656,19.799999237060547,19.81999969482422,19.81999969482422,405900
2024-09-25,19.8700008392334,20.0,19.489999771118164,19.56999969482422,19.56999969482422,384000
2024-09-26,19.8700008392334,19.8700008392334,19.350000381469727,19.459999084472656,19.459999084472656,318800
2024-09-27,19.690000534057617,19.75,19.350000381469727,19.520000457763672,19.520000457763672,340400
2024-09-30,19.389999389648438,19.934999465942383,19.270000457763672,19.540000915527344,19.540000915527344,482300
2024-10-01,19.530000686645508,19.530000686645508,18.649999618530273,19.209999084472656,19.209999084472656,642300
2024-10-02,19.059999465942383,19.139999389648438,18.489999771118164,18.5,18.5,672800
2024-10-03,18.25,18.59000015258789,18.110000610351562,18.18000030517578,18.18000030517578,541800
2024-10-04,18.350000381469727,18.649999618530273,18.030000686645508,18.040000915527344,18.040000915527344,452400
2024-10-07,18.030000686645508,18.059999465942383,17.6299991607666,17.889999389648438,17.889999389648438,419700
2024-10-08,17.989999771118164,18.5,17.989999771118164,18.15999984741211,18.15999984741211,564400
2024-10-09,18.139999389648438,18.469999313354492,17.84000015258789,18.31999969482422,18.31999969482422,403900
2024-10-10,18.06999969482422,18.360000610351562,18.010000228881836,18.239999771118164,18.239999771118164,244800
2024-10-11,18.270000457763672,18.825000762939453,18.100000381469727,18.579999923706055,18.579999923706055,499400
2024-10-14,17.979999542236328,18.450000762939453,17.56999969482422,18.059999465942383,18.059999465942383,839700
2024-10-15,18.049999237060547,18.290000915527344,17.8700008392334,18.209999084472656,18.209999084472656,665100
2024-10-16,18.34000015258789,18.5,18.190000534057617,18.270000457763672,18.270000457763672,409600
2024-10-17,18.260000228881836,18.299999237060547,17.84000015258789,18.09000015258789,18.09000015258789,295400
2024-10-18,18.079999923706055,18.360000610351562,17.850000381469727,18.0,18.0,251300
2024-10-21,17.8799991607666,17.969999313354492,17.540000915527344,17.700000762939453,17.700000762939453,556000
2024-10-22,17.940000534057617,17.940000534057617,17.31999969482422,17.3700008392334,17.3700008392334,489200
2024-10-23,17.270000457763672,17.700000762939453,16.969999313354492,17.020000457763672,17.020000457763672,1014200
2024-10-24,17.850000381469727,18.174999237060547,17.399999618530273,17.780000686645508,17.780000686645508,1559800
2024-10-25,17.8799991607666,18.1299991607666,17.389999389648438,17.510000228881836,17.510000228881836,583400
2024-10-28,17.790000915527344,18.184999465942383,17.6200008392334,17.729999542236328,17.729999542236328,381300
2024-10-29,17.559999465942383,17.809999465942383,17.079999923706055,17.360000610351562,17.360000610351562,553300
2024-10-30,17.219999313354492,17.579999923706055,16.889999389648438,16.969999313354492,16.969999313354492,807200
2024-10-31,16.84000015258789,16.90999984741211,16.5,16.719999313354492,16.719999313354492,538100
2024-11-01,16.729999542236328,17.229999542236328,16.6200008392334,16.8799991607666,16.8799991607666,355600
2024-11-04,16.75,17.850000381469727,16.614999771118164,17.809999465942383,17.809999465942383,842200
2024-11-05,18.0,18.070999145507812,17.239999771118164,17.520000457763672,17.520000457763672,876900
2024-11-06,18.040000915527344,18.579999923706055,17.790000915527344,17.84000015258789,17.84000015258789,1446600
2024-11-07,17.790000915527344,18.260000228881836,17.6200008392334,17.770000457763672,17.770000457763672,552200
2024-11-08,16.770000457763672,17.959999084472656,16.549999237060547,17.68000030517578,17.68000030517578,687000
2024-11-11,17.889999389648438,18.058000564575195,17.260000228881836,17.559999465942383,17.559999465942383,484300
2024-11-12,18.299999237060547,19.72800064086914,18.0,18.56999969482422,18.56999969482422,1997800
2024-11-13,18.6299991607666,18.867000579833984,17.440000534057617,17.75,17.75,988900
2024-11-14,17.670000076293945,17.940000534057617,16.40999984741211,16.489999771118164,16.489999771118164,735400
2024-11-15,16.489999771118164,16.489999771118164,15.550000190734863,15.920000076293945,15.920000076293945,979600
2024-11-18,15.989999771118164,16.68000030517578,15.75,16.040000915527344,16.040000915527344,823300
2024-11-19,15.920000076293945,16.610000610351562,15.859999656677246,15.960000038146973,15.960000038146973,621000
2024-11-20,15.960000038146973,16.09000015258789,15.420000076293945,15.90999984741211,15.90999984741211,925700
2024-11-21,11.800000190734863,12.239999771118164,9.680000305175781,10.0600004196167,10.0600004196167,17538900
2024-11-22,10.270000457763672,11.170000076293945,9.949999809265137,10.800000190734863,10.800000190734863,7017400
2024-11-25,11.1899995803833,11.350000381469727,10.630000114440918,10.960000038146973,10.960000038146973,3978100
2024-11-26,10.8100004196167,11.0,10.529999732971191,10.75,10.75,2915500
2024-11-27,10.890000343322754,11.4399995803833,10.710000038146973,11.170000076293945,11.170000076293945,5265900
2024-11-29,11.140000343322754,11.25,10.880000114440918,11.039999961853027,11.039999961853027,1279700
2024-12-02,11.1899995803833,11.619999885559082,10.960000038146973,11.199999809265137,11.199999809265137,2236800
2024-12-03,11.109999656677246,11.380000114440918,10.960000038146973,11.170000076293945,11.170000076293945,1302900
2024-12-04,11.180000305175781,11.390000343322754,10.9399995803833,10.9399995803833,10.9399995803833,1429100
2024-12-05,10.8100004196167,10.920000076293945,10.545000076293945,10.710000038146973,10.710000038146973,1612400
2024-12-06,10.819999694824219,11.079999923706055,10.649999618530273,10.670000076293945,10.670000076293945,1282900
2024-12-09,10.760000228881836,11.109999656677246,10.5,10.529999732971191,10.529999732971191,1726500
2024-12-10,10.609999656677246,10.710000038146973,10.0600004196167,10.289999961853027,10.289999961853027,1668000
2024-12-11,10.319999694824219,10.494999885559082,10.140000343322754,10.199999809265137,10.199999809265137,1555600
2024-12-12,10.1899995803833,10.260000228881836,9.579999923706055,9.6899995803833,9.6899995803833,1792900
2024-12-13,9.710000038146973,9.819999694824219,9.395000457763672,9.630000114440918,9.630000114440918,1145400
2024-12-16,9.649999618530273,10.020000457763672,9.579999923706055,9.975000381469727,9.975000381469727,1341700
2024-12-17,9.960000038146973,9.984999656677246,9.5600004196167,9.739999771118164,9.739999771118164,1327500
2024-12-18,9.6899995803833,9.6899995803833,8.970000267028809,9.119999885559082,9.119999885559082,4601700
2024-12-19,9.229999542236328,9.329999923706055,8.850000381469727,8.970000267028809,8.970000267028809,3785800
2024-12-20,8.920000076293945,9.170000076293945,8.880000114440918,9.010000228881836,9.010000228881836,3204000
2024-12-23,9.039999961853027,9.039999961853027,8.760000228881836,8.9399995803833,8.9399995803833,1384600
2024-12-24,8.90999984741211,9.015000343322754,8.75,8.859999656677246,8.859999656677246,703400
2024-12-26,8.800000190734863,9.069999694824219,8.760000228881836,8.979999542236328,8.979999542236328,1054300
2024-12-27,8.970000267028809,9.015000343322754,8.640000343322754,8.670000076293945,8.670000076293945,1331000
2024-12-30,8.649999618530273,8.670000076293945,8.420000076293945,8.510000228881836,8.510000228881836,1985200
2024-12-31,8.569999694824219,8.729999542236328,8.5,8.710000038146973,8.710000038146973,1303400
2025-01-02,8.779999732971191,8.869999885559082,8.619999885559082,8.680000305175781,8.680000305175781,1092500
2025-01-03,8.720000267028809,8.850000381469727,8.604999542236328,8.729999542236328,8.729999542236328,1429700
2025-01-06,8.819999694824219,8.880000114440918,8.510000228881836,8.510000228881836,8.510000228881836,1440600
2025-01-07,8.380000114440918,8.675999641418457,8.130000114440918,8.170000076293945,8.170000076293945,1440700
2025-01-08,8.069999694824219,8.159000396728516,7.699999809265137,7.78000020980835,7.78000020980835,2097900
2025-01-10,7.590000152587891,7.729000091552734,7.175000190734863,7.320000171661377,7.320000171661377,1577100
2025-01-13,7.269999980926514,7.269999980926514,6.980000019073486,7.239999771118164,7.239999771118164,1570700
2025-01-14,7.300000190734863,7.329999923706055,7.050000190734863,7.260000228881836,7.260000228881836,1025400
2025-01-15,7.570000171661377,7.659999847412109,7.119999885559082,7.239999771118164,7.239999771118164,1670200
2025-01-16,7.21999979019165,7.239999771118164,7.019999980926514,7.179999828338623,7.179999828338623,867500
2025-01-17,7.239999771118164,7.320000171661377,7.139999866485596,7.260000228881836,7.260000228881836,1174500
2025-01-21,7.349999904632568,7.434999942779541,7.199999809265137,7.389999866485596,7.389999866485596,2903900
2025-01-22,7.340000152587891,7.894999980926514,7.260000228881836,7.860000133514404,7.860000133514404,2100700
2025-01-23,7.78000020980835,8.220000267028809,7.78000020980835,8.210000038146973,8.210000038146973,1226500
2025-01-24,8.1899995803833,8.25,7.920000076293945,7.980000019073486,7.980000019073486,1114900
2025-01-27,7.929999828338623,8.260000228881836,7.829999923706055,7.909999847412109,7.909999847412109,1174500
2025-01-28,7.889999866485596,7.900000095367432,7.598999977111816,7.769999980926514,7.769999980926514,1544900
2025-01-29,7.699999809265137,7.869999885559082,7.519999980926514,7.690000057220459,7.690000057220459,1454400
2025-01-30,7.75,8.210000038146973,7.710000038146973,8.029999732971191,8.029999732971191,1369600
2025-01-31,8.039999961853027,8.28600025177002,7.909999847412109,7.909999847412109,7.909999847412109,1362500
2025-02-03,7.710000038146973,8.5600004196167,7.610000133514404,8.25,8.25,3955700
2025-02-04,8.170000076293945,8.90999984741211,8.039999961853027,8.890000343322754,8.890000343322754,3745700
2025-02-05,8.970000267028809,9.15999984741211,8.8149995803833,9.050000190734863,9.050000190734863,2819500
2025-02-06,8.149999618530273,9.140000343322754,7.550000190734863,8.819999694824219,8.819999694824219,6270300
2025-02-07,8.8100004196167,8.979999542236328,8.475000381469727,8.649999618530273,8.649999618530273,1890200
2025-02-10,8.729999542236328,8.930000305175781,8.640000343322754,8.789999961853027,8.789999961853027,1106800
2025-02-11,8.710000038146973,8.850000381469727,8.25,8.34000015258789,8.34000015258789,1928300
2025-02-12,8.1899995803833,8.390000343322754,8.149999618530273,8.350000381469727,8.350000381469727,805800
2025-02-13,8.420000076293945,8.5,7.960000038146973,8.279999732971191,8.279999732971191,699100
2025-02-14,8.369999885559082,8.529999732971191,8.25,8.279999732971191,8.279999732971191,815100
2025-02-18,8.380000114440918,8.550000190734863,7.980000019073486,7.985000133514404,7.985000133514404,923800
2025-02-19,7.869999885559082,8.319999694824219,7.869999885559082,8.289999961853027,8.289999961853027,827900
2025-02-20,8.300000190734863,8.354999542236328,7.994999885559082,8.149999618530273,8.149999618530273,831600
2025-02-21,8.279999732971191,8.354999542236328,8.1899995803833,8.25,8.25,971800
2025-02-24,8.210000038146973,8.210000038146973,7.849999904632568,7.880000114440918,7.880000114440918,1058500
2025-02-25,7.940000057220459,7.960000038146973,7.559999942779541,7.880000114440918,7.880000114440918,889300
2025-02-26,7.880000114440918,8.024999618530273,7.75,7.769999980926514,7.769999980926514,696000
2025-02-27,7.96999979019165,8.020000457763672,7.599999904632568,7.650000095367432,7.650000095367432,1243900
2025-02-28,7.599999904632568,7.71999979019165,7.335000038146973,7.710000038146973,7.710000038146973,1980100
2025-03-03,7.820000171661377,7.889999866485596,7.210000038146973,7.25,7.25,1403700
2025-03-04,7.159999847412109,7.429999828338623,7.130000114440918,7.329999923706055,7.329999923706055,1591000
2025-03-05,7.409999847412109,7.550000190734863,7.300000190734863,7.369999885559082,7.369999885559082,1179400
2025-03-06,7.190000057220459,7.71999979019165,7.130000114440918,7.699999809265137,7.699999809265137,1440900
2025-03-07,7.659999847412109,7.739999771118164,7.494999885559082,7.53000020980835,7.53000020980835,1291400
2025-03-10,7.449999809265137,7.590000152587891,7.21999979019165,7.239999771118164,7.239999771118164,1327800
2025-03-11,7.21999979019165,7.394999980926514,6.789999961853027,7.329999923706055,7.329999923706055,1358300
2025-03-12,7.349999904632568,7.78000020980835,7.300000190734863,7.710000038146973,7.710000038146973,1190600
2025-03-13,7.699999809265137,7.929999828338623,7.28000020980835,7.28000020980835,7.28000020980835,1430300
2025-03-14,7.360000133514404,7.489999771118164,7.034999847412109,7.139999866485596,7.139999866485596,1535900
2025-03-17,7.230000019073486,7.349999904632568,6.965000152587891,7.289999961853027,7.289999961853027,1456100
2025-03-18,7.210000038146973,7.420000076293945,6.949999809265137,7.340000152587891,7.340000152587891,1021300
2025-03-19,7.329999923706055,7.380000114440918,7.139999866485596,7.269999980926514,7.269999980926514,690700
2025-03-20,7.21999979019165,7.869999885559082,7.21999979019165,7.849999904632568,7.849999904632568,930100
2025-03-21,7.849999904632568,8.039999961853027,7.590000152587891,7.840000152587891,7.840000152587891,2172600
2025-03-24,7.829999923706055,7.869999885559082,7.46999979019165,7.650000095367432,7.650000095367432,778100
2025-03-25,7.659999847412109,7.730000019073486,7.079999923706055,7.119999885559082,7.119999885559082,654000
2025-03-26,7.099999904632568,7.309999942779541,7.039999961853027,7.139999866485596,7.139999866485596,748800
2025-03-27,7.190000057220459,7.260000228881836,7.010000228881836,7.139999866485596,7.139999866485596,467600
2025-03-28,7.139999866485596,7.21999979019165,6.960000038146973,7.050000190734863,7.050000190734863,957100
2025-03-31,6.880000114440918,6.949999809265137,6.434999942779541,6.599999904632568,6.599999904632568,1099500
2025-04-01,6.559999942779541,6.579999923706055,6.269999980926514,6.380000114440918,6.380000114440918,1253100
2025-04-02,6.309999942779541,6.559999942779541,6.269999980926514,6.519999980926514,6.519999980926514,1231100
2025-04-03,6.289999961853027,6.315000057220459,5.985000133514404,6.170000076293945,6.170000076293945,1167300
2025-04-04,6.079999923706055,6.159999847412109,5.820000171661377,5.889999866485596,5.889999866485596,1449400
2025-04-07,5.650000095367432,6.019999980926514,5.409999847412109,5.760000228881836,5.760000228881836,987400
2025-04-08,5.960000038146973,6.119999885559082,5.554999828338623,5.619999885559082,5.619999885559082,1007100
2025-04-09,5.570000171661377,6.139999866485596,5.480000019073486,5.96999979019165,5.96999979019165,2410200
2025-04-10,5.820000171661377,5.860000133514404,5.5,5.630000114440918,5.630000114440918,1787700
2025-04-11,5.659999847412109,5.849999904632568,5.5,5.769999980926514,5.769999980926514,2111500
2025-04-14,5.889999866485596,5.949999809265137,5.715000152587891,5.849999904632568,5.849999904632568,4124800
2025-04-15,5.820000171661377,6.110000133514404,5.760000228881836,6.03000020980835,6.03000020980835,3994900
2025-04-16,5.96999979019165,6.010000228881836,5.690000057220459,5.75,5.75,1800200
2025-04-17,5.699999809265137,5.909999847412109,5.639999866485596,5.900000095367432,5.900000095367432,961000
2025-04-21,5.840000152587891,6.300000190734863,5.776000022888184,6.179999828338623,6.179999828338623,829300
2025-04-22,6.269999980926514,6.409999847412109,6.144999980926514,6.309999942779541,6.309999942779541,1010300
2025-04-23,6.46999979019165,6.599999904632568,6.349999904632568,6.369999885559082,6.369999885559082,1113500
2025-04-24,6.364999771118164,6.49399995803833,6.270999908447266,6.429999828338623,6.429999828338623,772900
2025-04-25,6.300000190734863,6.466000080108643,6.139999866485596,6.429999828338623,6.429999828338623,984600
2025-04-28,6.460000038146973,6.599999904632568,6.400000095367432,6.510000228881836,6.510000228881836,826700
2025-04-29,6.510000228881836,6.559999942779541,6.380000114440918,6.519999980926514,6.519999980926514,865200
2025-04-30,6.460000038146973,6.590000152587891,6.433000087738037,6.559999942779541,6.559999942779541,967200
2025-05-01,6.519999980926514,6.550000190734863,6.360000133514404,6.489999771118164,6.489999771118164,1339400
2025-05-02,6.230000019073486,6.605000019073486,6.199999809265137,6.46999979019165,6.46999979019165,1635400
2025-05-05,6.550000190734863,6.760000228881836,6.380000114440918,6.71999979019165,6.71999979019165,901100
2025-05-06,6.690000057220459,6.690000057220459,5.769999980926514,5.789999961853027,5.789999961853027,2100600
2025-05-07,5.769999980926514,5.815000057220459,5.574999809265137,5.644999980926514,5.644999980926514,1438000
2025-05-08,5.650000095367432,6.110000133514404,5.480000019073486,6.0,6.0,999200
2025-05-09,6.019999980926514,6.119999885559082,5.760000228881836,5.760000228881836,5.760000228881836,742200
2025-05-12,5.980000019073486,6.324999809265137,5.900000095367432,6.090000152587891,6.090000152587891,936100
2025-05-13,6.099999904632568,6.239999771118164,5.75,5.800000190734863,5.800000190734863,1005400
2025-05-14,5.829999923706055,5.929999828338623,5.599999904632568,5.730000019073486,5.730000019073486,956200
2025-05-15,5.760000228881836,5.960000038146973,5.559999942779541,5.949999809265137,5.949999809265137,1208800
2025-05-16,5.960000038146973,6.199999809265137,5.889999866485596,6.019999980926514,6.019999980926514,1067600
2025-05-19,5.960000038146973,6.295000076293945,5.949999809265137,6.239999771118164,6.239999771118164,1316100
2025-05-20,6.510000228881836,6.510000228881836,6.235000133514404,6.380000114440918,6.380000114440918,1236300
2025-05-21,6.260000228881836,6.46999979019165,6.110000133514404,6.199999809265137,6.199999809265137,1145200
2025-05-22,6.170000076293945,6.329999923706055,6.099999904632568,6.239999771118164,6.239999771118164,848800
2025-05-23,6.190000057220459,6.190000057220459,5.599999904632568,5.639999866485596,5.639999866485596,2678700
2025-05-27,5.730000019073486,5.78000020980835,5.480000019073486,5.610000133514404,5.610000133514404,1141800
2025-05-28,5.610000133514404,5.679999828338623,5.480000019073486,5.550000190734863,5.550000190734863,807900
2025-05-29,5.599999904632568,5.840000152587891,5.53000020980835,5.820000171661377,5.820000171661377,1153500
2025-05-30,5.730000019073486,5.739999771118164,5.53000020980835,5.690000057220459,5.690000057220459,880500
2025-06-02,5.949999809265137,6.460000038146973,5.764999866485596,6.300000190734863,6.300000190734863,2281800
2025-06-03,6.25,6.53000020980835,6.059999942779541,6.420000076293945,6.420000076293945,1600900
2025-06-04,6.460000038146973,6.650000095367432,6.267000198364258,6.449999809265137,6.449999809265137,1259700
2025-06-05,6.420000076293945,6.695000171661377,6.328999996185303,6.570000171661377,6.570000171661377,853700
2025-06-06,6.590000152587891,6.920000076293945,6.590000152587891,6.730000019073486,6.730000019073486,767900
2025-06-09,6.860000133514404,6.885000228881836,6.639999866485596,6.730000019073486,6.730000019073486,777700
2025-06-10,6.78000020980835,7.019999980926514,6.710000038146973,6.809999942779541,6.809999942779541,671900
2025-06-11,6.860000133514404,7.110000133514404,6.755000114440918,6.920000076293945,6.920000076293945,1828500
2025-06-12,7.0,7.170000076293945,6.519999980926514,6.659999847412109,6.659999847412109,1570400
2025-06-13,6.570000171661377,6.659999847412109,6.349999904632568,6.440000057220459,6.440000057220459,1120400
2025-06-16,6.489999771118164,6.570000171661377,6.309999942779541,6.489999771118164,6.489999771118164,1219400
2025-06-17,6.449999809265137,6.559999942779541,6.179999828338623,6.199999809265137,6.199999809265137,1306900
2025-06-18,6.190000057220459,6.260000228881836,6.010000228881836,6.059999942779541,6.059999942779541,1053200
2025-06-20,6.110000133514404,6.110000133514404,5.789999961853027,5.849999904632568,5.849999904632568,2268600
2025-06-23,5.829999923706055,5.927999973297119,5.724999904632568,5.869999885559082,5.869999885559082,999700
2025-06-24,6.0,6.010000228881836,5.820000171661377,5.980000019073486,5.980000019073486,1229300
2025-06-25,5.96999979019165,5.96999979019165,5.730000019073486,5.800000190734863,5.800000190734863,796000
2025-06-26,5.800000190734863,5.829999923706055,5.675000190734863,5.730000019073486,5.730000019073486,818400
2025-06-27,5.75,5.855000019073486,5.650000095367432,5.670000076293945,5.670000076293945,3334900
2025-06-30,5.679999828338623,5.880000114440918,5.630000114440918,5.769999980926514,5.769999980926514,1496000
2025-07-01,5.75,5.880000114440918,5.574999809265137,5.599999904632568,5.599999904632568,1461100
2025-07-02,5.699999809265137,5.994999885559082,5.644999980926514,5.809999942779541,5.809999942779541,1553500
2025-07-03,5.800000190734863,5.880000114440918,5.760000228881836,5.860000133514404,5.860000133514404,781500
2025-07-07,5.900000095367432,5.949999809265137,5.6519999504089355,5.679999828338623,5.679999828338623,1129000
2025-07-08,5.699999809265137,5.994999885559082,5.699999809265137,5.809999942779541,5.809999942779541,965700
2025-07-09,5.900000095367432,6.210000038146973,5.849999904632568,6.159999847412109,6.159999847412109,1985300
2025-07-10,6.179999828338623,6.454999923706055,6.090000152587891,6.360000133514404,6.360000133514404,2108900
2025-07-11,6.28000020980835,6.505000114440918,6.150000095367432,6.28000020980835,6.28000020980835,1201100
2025-07-14,6.239999771118164,6.360000133514404,6.170000076293945,6.349999904632568,6.349999904632568,1199400
2025-07-15,6.389999866485596,6.429999828338623,6.079999923706055,6.130000114440918,6.130000114440918,938200
2025-07-16,6.159999847412109,6.46999979019165,6.135000228881836,6.380000114440918,6.380000114440918,2349300
2025-07-17,6.389999866485596,6.695000171661377,6.302999973297119,6.599999904632568,6.599999904632568,1548300
2025-07-18,6.670000076293945,6.690000057220459,6.255000114440918,6.360000133514404,6.360000133514404,1056500
2025-07-21,6.420000076293945,6.610000133514404,6.380000114440918,6.46999979019165,6.46999979019165,1349100
2025-07-22,6.460000038146973,6.675000190734863,6.392000198364258,6.670000076293945,6.670000076293945,1301500
2025-07-23,6.710000038146973,6.738999843597412,6.420000076293945,6.440000057220459,6.440000057220459,1352200
2025-07-24,6.420000076293945,6.554999828338623,6.400000095367432,6.46999979019165,6.46999979019165,1083000
2025-07-25,6.5,6.5,6.150000095367432,6.230000019073486,6.230000019073486,924400
2025-07-28,6.260000228881836,6.409999847412109,6.190000057220459,6.195000171661377,6.195000171661377,887600
2025-07-29,6.199999809265137,6.445000171661377,6.150000095367432,6.369999885559082,6.369999885559082,1206900
2025-07-30,6.449999809265137,6.590000152587891,6.210000038146973,6.300000190734863,6.300000190734863,1217900
2025-07-31,6.190000057220459,6.284999847412109,6.014999866485596,6.050000190734863,6.050000190734863,945500
2025-08-01,6.0,6.090000152587891,5.864999771118164,6.019999980926514,6.019999980926514,1188100
2025-08-04,6.03000020980835,6.409999847412109,5.880000114440918,6.320000171661377,6.320000171661377,1378200
2025-08-05,6.309999942779541,6.489999771118164,6.269999980926514,6.360000133514404,6.360000133514404,1636300
2025-08-06,6.239999771118164,6.349999904632568,6.025000095367432,6.03000020980835,6.03000020980835,1185800
2025-08-07,6.039999961853027,6.159999847412109,5.920000076293945,5.960000038146973,5.960000038146973,989900
2025-08-08,5.699999809265137,5.860000133514404,5.46999979019165,5.539999961853027,5.539999961853027,3433600
2025-08-11,5.550000190734863,5.659999847412109,5.449999809265137,5.539999961853027,5.539999961853027,1663900
2025-08-12,5.599999904632568,6.2179999351501465,5.519999980926514,6.199999809265137,6.199999809265137,1733600
2025-08-13,6.289999961853027,6.735000133514404,6.244999885559082,6.489999771118164,6.489999771118164,2021100
2025-08-14,6.380000114440918,6.659999847412109,6.349999904632568,6.599999904632568,6.599999904632568,1237800
2025-08-15,7.050000190734863,7.75,7.034999847412109,7.340000152587891,7.340000152587891,4325200
2025-08-18,7.389999866485596,7.769999980926514,7.349999904632568,7.480000019073486,7.480000019073486,2806300
2025-08-19,7.559999942779541,7.639999866485596,7.039999961853027,7.190000057220459,7.190000057220459,1708900
2025-08-20,7.150000095367432,7.28000020980835,7.03000020980835,7.050000190734863,7.050000190734863,1439500
2025-08-21,7.0,7.679999828338623,6.949999809265137,7.440000057220459,7.440000057220459,2350600
2025-08-22,7.429999828338623,7.800000190734863,7.400000095367432,7.650000095367432,7.650000095367432,2562700
2025-08-25,7.690000057220459,7.755000114440918,7.474999904632568,7.650000095367432,7.650000095367432,1390900
2025-08-26,7.639999866485596,7.650000095367432,7.4730000495910645,7.579999923706055,7.579999923706055,1049100
2025-08-27,7.579999923706055,7.980000019073486,7.579999923706055,7.860000133514404,7.860000133514404,1702000
2025-08-28,7.929999828338623,8.479999542236328,7.900000095367432,8.069999694824219,8.069999694824219,3057400
2025-08-29,8.130000114440918,8.149999618530273,7.650000095367432,7.900000095367432,7.900000095367432,1676100
2025-09-02,7.989999771118164,8.295000076293945,7.90500020980835,7.949999809265137,7.949999809265137,1864600
2025-09-03,7.949999809265137,8.444999694824219,7.855999946594238,8.430000305175781,8.430000305175781,1467400
2025-09-04,8.399999618530273,8.520000457763672,7.894999980926514,8.130000114440918,8.130000114440918,1610900
2025-09-05,8.149999618530273,8.479999542236328,8.149999618530273,8.220000267028809,8.220000267028809,1304600
2025-09-08,8.229999542236328,8.869999885559082,8.100000381469727,8.140000343322754,8.140000343322754,1507700
2025-09-09,8.140000343322754,8.1899995803833,7.880000114440918,8.010000228881836,8.010000228881836,903600
2025-09-10,8.619999885559082,8.899999618530273,8.149999618530273,8.170000076293945,8.170000076293945,4042400
2025-09-11,8.1899995803833,8.850000381469727,8.130000114440918,8.824999809265137,8.824999809265137,2059700
2025-09-12,8.819999694824219,8.84000015258789,8.180000305175781,8.1899995803833,8.1899995803833,1582300
2025-09-15,8.210000038146973,8.329000473022461,8.09000015258789,8.210000038146973,8.210000038146973,1435300
2025-09-16,8.220000267028809,8.449999809265137,8.220000267028809,8.350000381469727,8.350000381469727,1324000
2025-09-17,8.430000305175781,8.579999923706055,8.079999923706055,8.09000015258789,8.09000015258789,1337000
2025-09-18,8.270000457763672,8.5,8.119999885559082,8.4399995803833,8.4399995803833,1274900
2025-09-19,8.640000343322754,8.75,8.15999984741211,8.25,8.25,2187000
2025-09-22,8.277999877929688,8.5,8.079999923706055,8.09000015258789,8.09000015258789,1265800
2025-09-23,8.0600004196167,8.5649995803833,8.039999961853027,8.239999771118164,8.239999771118164,1443600
2025-09-24,8.199999809265137,8.425000190734863,8.149999618530273,8.380000114440918,8.380000114440918,1344300
2025-09-25,8.350000381469727,8.425000190734863,8.199999809265137,8.359999656677246,8.359999656677246,1312300
2025-09-26,8.40999984741211,9.130000114440918,8.399999618530273,9.050000190734863,9.050000190734863,3002900
2025-09-29,9.140000343322754,9.1899995803833,8.65999984741211,8.970000267028809,8.970000267028809,2175300
2025-09-30,8.890000343322754,9.039999961853027,8.585000038146973,8.850000381469727,8.850000381469727,1815600
2025-10-01,8.9399995803833,9.279999732971191,8.890000343322754,9.199999809265137,9.199999809265137,1810900
2025-10-02,9.319999694824219,9.371999740600586,9.069999694824219,9.140000343322754,9.140000343322754,1950000
2025-10-03,9.25,9.744999885559082,9.206999778747559,9.569999694824219,9.569999694824219,1753100
2025-10-06,9.65999984741211,9.967000007629395,9.65999984741211,9.800000190734863,9.800000190734863,1589000
2025-10-07,9.789999961853027,9.869999885559082,9.420000076293945,9.430000305175781,9.430000305175781,1522500
2025-10-08,9.604999542236328,10.40999984741211,9.550000190734863,10.079999923706055,10.079999923706055,2110600
2025-10-09,10.079999923706055,10.329999923706055,9.880999565124512,10.25,10.25,2065600
2025-10-10,10.270000457763672,10.270000457763672,9.699999809265137,9.850000381469727,9.850000381469727,1465200
2025-10-13,9.930000305175781,10.130000114440918,9.765000343322754,9.930000305175781,9.930000305175781,1351400
2025-10-14,9.760000228881836,9.979999542236328,9.569999694824219,9.619999885559082,9.619999885559082,1716700
2025-10-15,9.710000038146973,10.34000015258789,9.649999618530273,10.289999961853027,10.289999961853027,2425200
2025-10-16,10.390000343322754,10.600000381469727,10.029999732971191,10.130000114440918,10.130000114440918,1443800
2025-10-17,9.920000076293945,10.199999809265137,9.770000457763672,9.84000015258789,9.84000015258789,1101200
2025-10-20,10.239999771118164,10.404999732971191,9.109999656677246,9.989999771118164,9.989999771118164,3357100
2025-10-21,9.989999771118164,10.069000244140625,9.510000228881836,9.579999923706055,9.579999923706055,1368100
2025-10-22,9.579999923706055,9.649999618530273,9.170000076293945,9.279999732971191,9.279999732971191,1348500
2025-10-23,9.279999732971191,9.385000228881836,9.074999809265137,9.100000381469727,9.100000381469727,1443700
2025-10-24,9.329999923706055,9.710000038146973,9.199999809265137,9.699999809265137,9.699999809265137,2869600
2025-10-27,9.800000190734863,11.055000305175781,9.800000190734863,11.039999961853027,11.039999961853027,4587400
2025-10-28,11.050000190734863,11.050000190734863,10.380000114440918,10.510000228881836,10.510000228881836,2188700
2025-10-29,10.630000114440918,10.734999656677246,10.180000305175781,10.260000228881836,10.260000228881836,1495500
2025-10-30,10.260000228881836,10.67199993133545,10.199999809265137,10.4399995803833,10.4399995803833,1341000
2025-10-31,10.479999542236328,10.619999885559082,10.0,10.270000457763672,10.270000457763672,1669800
2025-11-03,10.220000267028809,10.359999656677246,8.9399995803833,9.770000457763672,9.770000457763672,4247300
2025-11-04,9.239999771118164,10.170000076293945,8.824999809265137,9.960000038146973,9.960000038146973,3398700
2025-11-05,9.970000267028809,10.460000038146973,9.649999618530273,9.9399995803833,9.9399995803833,1920100
2025-11-06,9.90999984741211,10.411999702453613,9.864999771118164,10.15999984741211,10.15999984741211,1430100
2025-11-07,10.020000457763672,10.050000190734863,9.45199966430664,9.859999656677246,9.859999656677246,1573100
2025-11-10,9.949999809265137,10.5,9.949999809265137,10.319999694824219,10.319999694824219,1150500
2025-11-11,10.40999984741211,10.819999694824219,10.210000038146973,10.6899995803833,10.6899995803833,1575600
2025-11-12,10.770000457763672,11.3100004196167,10.609999656677246,10.680000305175781,10.680000305175781,1442200
2025-11-13,10.699999809265137,11.800000190734863,9.510000228881836,10.680000305175781,10.680000305175781,5321600
2025-11-14,10.75,12.489999771118164,10.694999694824219,11.204999923706055,11.204999923706055,4492900
2025-11-17,11.15999984741211,11.5,10.770000457763672,10.850000381469727,10.850000381469727,2724100
2025-11-18,10.729999542236328,11.34000015258789,10.5,11.079999923706055,11.079999923706055,1743900
2025-11-19,11.140000343322754,11.8100004196167,11.010000228881836,11.319999694824219,11.319999694824219,1633100
2025-11-20,11.614999771118164,11.878999710083008,10.930000305175781,10.979999542236328,10.979999542236328,1628100
2025-11-21,10.869999885559082,11.359999656677246,10.859999656677246,11.170000076293945,11.170000076293945,1148200
2025-11-24,11.380000114440918,11.84000015258789,11.199999809265137,11.729999542236328,11.729999542236328,1696400
2025-11-25,11.829999923706055,11.979999542236328,11.520000457763672,11.600000381469727,11.600000381469727,1534500
2025-11-26,11.680000305175781,12.194999694824219,11.420000076293945,11.989999771118164,11.989999771118164,1983300
2025-11-28,12.149999618530273,12.265000343322754,11.96500015258789,12.140000343322754,12.140000343322754,635600
2025-12-01,12.020000457763672,12.121000289916992,11.350000381469727,11.4399995803833,11.4399995803833,1391100
2025-12-02,11.489999771118164,11.555000305175781,10.800000190734863,11.130000114440918,11.130000114440918,1355500
2025-12-03,11.329999923706055,12.100000381469727,11.260000228881836,11.970000267028809,11.970000267028809,1455000
2025-12-04,12.0,12.319999694824219,11.899999618530273,11.979999542236328,11.979999542236328,1439400
2025-12-05,12.020000457763672,12.130000114440918,11.640000343322754,11.949999809265137,11.949999809265137,1310500
2025-12-08,12.270000457763672,12.3100004196167,11.529999732971191,11.640000343322754,11.640000343322754,1398000
2025-12-09,11.600000381469727,11.600000381469727,10.585000038146973,10.670000076293945,10.670000076293945,2287100
2025-12-10,10.670000076293945,10.819999694824219,10.520000457763672,10.739999771118164,10.739999771118164,1478100
2025-12-11,10.699999809265137,10.899999618530273,10.380000114440918,10.460000038146973,10.460000038146973,1477300
2025-12-12,10.479999542236328,10.5600004196167,10.170000076293945,10.220000267028809,10.220000267028809,1479400
2025-12-15,10.380000114440918,10.630000114440918,10.21500015258789,10.5600004196167,10.5600004196167,1729300
2025-12-16,10.420000076293945,10.774999618530273,10.350000381469727,10.630000114440918,10.630000114440918,1297500
2025-12-17,10.609999656677246,10.720000267028809,10.029999732971191,10.180000305175781,10.180000305175781,3038900
2025-12-18,10.220000267028809,10.279999732971191,9.680000305175781,9.850000381469727,9.850000381469727,2759300
2025-12-19,9.949999809265137,10.175000190734863,9.800000190734863,9.84000015258789,9.84000015258789,4243200
2025-12-22,10.350000381469727,11.279999732971191,10.329999923706055,11.270000457763672,11.270000457763672,2013000
2025-12-23,11.270000457763672,11.270000457763672,10.734999656677246,10.789999961853027,10.789999961853027,1664600
2025-12-24,10.84000015258789,11.119999885559082,10.75,11.0600004196167,11.0600004196167,553200
2025-12-26,11.039999961853027,11.039999961853027,10.520000457763672,10.630000114440918,10.630000114440918,1168700
2025-12-29,10.529999732971191,10.640000343322754,10.279999732971191,10.449999809265137,10.449999809265137,1065900
2025-12-30,10.449999809265137,10.484999656677246,10.130000114440918,10.220000267028809,10.220000267028809,1138900
2025-12-31,10.229999542236328,10.414999961853027,10.109999656677246,10.390000343322754,10.390000343322754,877700
2026-01-02,10.390000343322754,10.505000114440918,10.149999618530273,10.335000038146973,10.335000038146973,869000
2026-01-05,10.25,10.430000305175781,9.42199993133545,9.539999961853027,9.539999961853027,2417700
2026-01-06,9.420000076293945,9.609999656677246,9.239999771118164,9.539999961853027,9.539999961853027,1497800
2026-01-07,9.699999809265137,10.399999618530273,9.600000381469727,9.970000267028809,9.970000267028809,1925200
2026-01-08,9.829999923706055,9.904999732971191,9.46500015258789,9.550000190734863,9.550000190734863,1423600
2026-01-09,9.710000038146973,9.720000267028809,9.350000381469727,9.40999984741211,9.40999984741211,1664300
2026-01-12,9.380000114440918,9.390000343322754,8.989999771118164,9.170000076293945,9.170000076293945,1517400
2026-01-13,9.020000457763672,9.239999771118164,8.920000076293945,9.210000038146973,9.210000038146973,1119100
2026-01-14,9.140000343322754,9.430000305175781,9.010000228881836,9.359999656677246,9.359999656677246,898900
2026-01-15,9.324999809265137,9.420000076293945,8.890000343322754,8.90999984741211,8.90999984741211,1068800
2026-01-16,9.020000457763672,9.0600004196167,8.4399995803833,8.460000038146973,8.460000038146973,2301700
2026-01-20,8.239999771118164,8.696000099182129,8.130000114440918,8.600000381469727,8.600000381469727,1744000
2026-01-21,8.600000381469727,8.789999961853027,8.494999885559082,8.720000267028809,8.720000267028809,1237600
2026-01-22,8.75,9.140000343322754,8.65999984741211,9.09000015258789,9.09000015258789,1182600
2026-01-23,8.989999771118164,9.175000190734863,8.59000015258789,8.630000114440918,8.630000114440918,1672200
2026-01-26,8.520000457763672,8.680000305175781,8.420000076293945,8.569999694824219,8.569999694824219,1189100
2026-01-27,8.460000038146973,8.614999771118164,8.354999542236328,8.470000267028809,8.470000267028809,1149000
2026-01-28,8.4399995803833,8.449999809265137,8.029999732971191,8.039999961853027,8.039999961853027,1194400
2026-01-29,8.020000457763672,8.28499984741211,8.020000457763672,8.220000267028809,8.220000267028809,774200
2026-01-30,8.079999923706055,8.3100004196167,8.050000190734863,8.119999885559082,8.119999885559082,1397100
2026-02-02,8.069999694824219,8.350000381469727,8.050000190734863,8.270000457763672,8.270000457763672,986200
2026-02-03,8.199999809265137,8.3100004196167,8.050000190734863,8.229999542236328,8.229999542236328,1187900
2026-02-04,8.329999923706055,8.350000381469727,8.050000190734863,8.069999694824219,8.069999694824219,1545500
2026-02-05,8.050000190734863,8.170000076293945,7.357999801635742,7.400000095367432,7.400000095367432,1716400
2026-02-06,7.539999961853027,7.880000114440918,7.539999961853027,7.829999923706055,7.829999923706055,1539200
2026-02-09,7.760000228881836,7.800000190734863,7.565000057220459,7.769999980926514,7.769999980926514,1014500
2026-02-10,7.860000133514404,8.079999923706055,7.769999980926514,7.840000152587891,7.840000152587891,1093500
2026-02-11,7.800000190734863,7.869999885559082,7.5,7.840000152587891,7.840000152587891,859200
2026-02-12,7.900000095367432,8.045000076293945,7.625,8.020000457763672,8.020000457763672,1220700
2026-02-13,8.149999618530273,8.399999618530273,8.0649995803833,8.3100004196167,8.3100004196167,2672300
2026-02-17,8.279999732971191,8.5600004196167,8.25,8.479999542236328,8.479999542236328,2066600
2026-02-18,8.550000190734863,8.694999694824219,8.350000381469727,8.489999771118164,8.489999771118164,1564500
2026-02-19,8.40999984741211,8.65999984741211,8.354999542236328,8.579999923706055,8.579999923706055,1193600
2026-02-20,8.470000267028809,8.529999732971191,8.244999885559082,8.460000038146973,8.460000038146973,1562200
2026-02-23,8.359999656677246,8.729999542236328,8.199999809265137,8.350000381469727,8.350000381469727,1733600
2026-02-24,8.359999656677246,8.510000228881836,8.260000228881836,8.380000114440918,8.380000114440918,1770800
2026-02-25,8.460000038146973,8.680000305175781,8.350000381469727,8.5600004196167,8.5600004196167,1608200
2026-02-26,8.579999923706055,8.680000305175781,8.34000015258789,8.649999618530273,8.649999618530273,1184700
2026-02-27,8.510000228881836,8.760000228881836,8.510000228881836,8.729999542236328,8.729999542236328,1257000
2026-03-02,8.5,8.760000228881836,8.470000267028809,8.680000305175781,8.680000305175781,1211800
2026-03-03,8.479999542236328,8.595000267028809,8.220000267028809,8.5,8.5,1048700
2026-03-04,8.5600004196167,8.619999885559082,8.15999984741211,8.550000190734863,8.550000190734863,2251000
2026-03-05,7.931000232696533,8.539999961853027,7.800000190734863,8.510000228881836,8.510000228881836,3320900
2026-03-06,8.279999732971191,8.970000267028809,8.192999839782715,8.960000038146973,8.960000038146973,1992100
2026-03-09,8.880000114440918,9.489999771118164,8.880000114440918,9.390000343322754,9.390000343322754,2186000
2026-03-10,9.479999542236328,9.600000381469727,9.199999809265137,9.260000228881836,9.260000228881836,1608600
2026-03-11,9.300000190734863,9.470000267028809,8.845000267028809,9.220000267028809,9.220000267028809,1487300
2026-03-12,9.1899995803833,9.255000114440918,8.84000015258789,8.84000015258789,8.84000015258789,1699100
2026-03-13,8.90999984741211,9.0,8.53499984741211,8.649999618530273,8.649999618530273,1285200
2026-03-16,8.670000076293945,8.8100004196167,8.5649995803833,8.729999542236328,8.729999542236328,982400
2026-03-17,8.79800033569336,8.824999809265137,8.555000305175781,8.579999923706055,8.579999923706055,805900
2026-03-18,8.520000457763672,8.569999694824219,8.270000457763672,8.390000343322754,8.390000343322754,934200
2026-03-19,8.3100004196167,8.520000457763672,8.17300033569336,8.430000305175781,8.430000305175781,800100
2026-03-20,8.430000305175781,8.600000381469727,8.170000076293945,8.260000228881836,8.260000228881836,2695400
2026-03-23,8.390000343322754,8.5,8.050000190734863,8.319999694824219,8.319999694824219,1423900
2026-03-24,8.229999542236328,8.289999961853027,7.964000225067139,8.069999694824219,8.069999694824219,983200
2026-03-25,8.359999656677246,8.630000114440918,8.260000228881836,8.550000190734863,8.550000190734863,1010600
2026-03-26,8.390000343322754,8.630000114440918,8.329999923706055,8.359999656677246,8.359999656677246,1200900
2026-03-27,8.319999694824219,8.385000228881836,7.730000019073486,7.739999771118164,7.739999771118164,2197000
2026-03-30,7.710000038146973,7.789999961853027,7.534999847412109,7.730000019073486,7.730000019073486,1207300
2026-03-31,7.940000057220459,8.300000190734863,7.920000076293945,8.130000114440918,8.130000114440918,1392700
2026-04-01,8.109999656677246,8.5600004196167,8.09000015258789,8.34000015258789,8.34000015258789,1361500
2026-04-02,8.152000427246094,8.9350004196167,8.149999618530273,8.609999656677246,8.609999656677246,4391900
2026-04-06,8.609999656677246,8.795000076293945,8.460000038146973,8.489999771118164,8.489999771118164,838200
2026-04-07,8.470000267028809,8.930000305175781,8.25100040435791,8.819999694824219,8.819999694824219,1456900
2026-04-08,9.039999961853027,9.100000381469727,8.65999984741211,8.789999961853027,8.789999961853027,1046000
2026-04-09,8.760000228881836,8.89900016784668,8.640000343322754,8.850000381469727,8.850000381469727,764500
2026-04-10,8.8100004196167,8.84000015258789,8.579999923706055,8.670000076293945,8.670000076293945,879800
2026-04-13,8.699999809265137,8.970000267028809,8.640000343322754,8.720000267028809,8.720000267028809,800800
2026-04-14,9.020000457763672,9.229999542236328,8.90999984741211,9.140000343322754,9.140000343322754,1703700
2026-04-15,9.229999542236328,9.279000282287598,8.895000457763672,9.050000190734863,9.050000190734863,874200
2026-04-16,9.109999656677246,9.109999656677246,8.770000457763672,8.9399995803833,8.9399995803833,1045600
2026-04-17,9.5,10.015000343322754,9.489999771118164,9.680000305175781,9.680000305175781,3581700
2026-04-20,9.649999618530273,9.859999656677246,9.5,9.779999732971191,9.779999732971191,1605900
2026-04-21,9.885000228881836,10.03499984741211,9.470000267028809,9.470000267028809,9.470000267028809,1533700
2026-04-22,9.5600004196167,9.619999885559082,9.369999885559082,9.529999732971191,9.529999732971191,982800
2026-04-23,9.489999771118164,9.645999908447266,9.220000267028809,9.270000457763672,9.270000457763672,993000
2026-04-24,9.34000015258789,9.375,9.079999923706055,9.260000228881836,9.260000228881836,852900
2026-04-27,9.229999542236328,9.569999694824219,9.069999694824219,9.069999694824219,9.069999694824219,872800
2026-04-28,9.069999694824219,9.199999809265137,8.75,8.829999923706055,8.829999923706055,1182500
2026-04-29,8.729999542236328,8.84000015258789,8.529999732971191,8.75,8.75,1233700
2026-04-30,8.850000381469727,8.949999809265137,8.779999732971191,8.829999923706055,8.829999923706055,774000
2026-05-01,8.770000457763672,8.9350004196167,8.670000076293945,8.770000457763672,8.770000457763672,1217900
2026-05-04,8.920000076293945,9.420000076293945,8.850000381469727,9.25,9.25,1307400
2026-05-05,9.34000015258789,9.414999961853027,9.03499984741211,9.289999961853027,9.289999961853027,816900
2026-05-06,9.350000381469727,9.609999656677246,9.270000457763672,9.5600004196167,9.5600004196167,1066200
2026-05-07,9.5600004196167,9.609999656677246,9.050000190734863,9.319999694824219,9.319999694824219,947500
2026-05-08,9.350000381469727,9.510000228881836,9.329999923706055,9.420000076293945,9.420000076293945,889100
2026-05-11,9.510000228881836,9.9399995803833,9.510000228881836,9.510000228881836,9.510000228881836,1181500
2026-05-12,9.520000457763672,9.9399995803833,9.380000114440918,9.680000305175781,9.680000305175781,1840000
2026-05-13,8.970000267028809,9.539999961853027,8.760000228881836,9.479999542236328,9.479999542236328,2427100
2026-05-14,9.609999656677246,9.989999771118164,9.550000190734863,9.739999771118164,9.739999771118164,2022100
2026-05-15,9.65999984741211,9.78499984741211,9.170000076293945,9.220000267028809,9.220000267028809,1516200
2026-05-18,9.220000267028809,9.510000228881836,9.038999557495117,9.199999809265137,9.199999809265137,1121500
2026-05-19,9.210000038146973,9.229999542236328,8.949999809265137,8.960000038146973,8.960000038146973,1402300
2026-05-20,8.979999542236328,10.380000114440918,8.979999542236328,10.34000015258789,10.34000015258789,5342000
2026-05-21,10.199999809265137,11.460000038146973,10.180000305175781,11.130000114440918,11.130000114440918,5228200
2026-05-22,11.119999885559082,11.520000457763672,11.010000228881836,11.25,11.25,2487400
2026-05-26,11.34000015258789,11.430000305175781,10.390000343322754,10.40999984741211,10.40999984741211,2931900
2026-05-27,10.40999984741211,10.5600004196167,10.225000381469727,10.239999771118164,10.239999771118164,1451200
2026-05-28,10.130000114440918,10.180000305175781,9.890000343322754,9.970000267028809,9.970000267028809,1604500
2026-05-29,9.970000267028809,10.345000267028809,9.899999618530273,10.199999809265137,10.199999809265137,1722100
2026-06-01,10.170000076293945,10.170000076293945,9.024999618530273,9.03499984741211,9.03499984741211,2101900
2026-06-02,9.079999923706055,9.197999954223633,8.6899995803833,8.970000267028809,8.970000267028809,2658700
2026-06-03,8.949999809265137,8.960000038146973,8.630000114440918,8.654999732971191,8.654999732971191,1590900
2026-06-04,8.75,9.050000190734863,8.640000343322754,8.770000457763672,8.770000457763672,2094000
2026-06-05,8.760000228881836,9.210000038146973,8.555000305175781,8.739999771118164,8.739999771118164,3225800
2026-06-08,8.875,8.9399995803833,8.390000343322754,8.5600004196167,8.5600004196167,1426100
2026-06-09,8.779999732971191,9.020000457763672,8.619999885559082,8.8100004196167,8.8100004196167,2013600
2026-06-10,8.90999984741211,9.149999618530273,8.670000076293945,8.680000305175781,8.680000305175781,1816500
2026-06-11,8.710000038146973,9.0600004196167,8.510000228881836,8.859999656677246,8.859999656677246,2230800
2026-06-12,8.850000381469727,9.210000038146973,8.84000015258789,9.050000190734863,9.050000190734863,1295100
2026-06-15,9.180000305175781,9.640000343322754,9.039999961853027,9.539999961853027,9.539999961853027,1680600
2026-06-16,9.5600004196167,9.604999542236328,9.15999984741211,9.399999618530273,9.399999618530273,1014400
2026-06-17,9.510000228881836,9.819999694824219,9.430000305175781,9.569999694824219,9.569999694824219,1804000
2026-06-18,9.670000076293945,9.979999542236328,9.550000190734863,9.930000305175781,9.930000305175781,1700100
2026-06-22,9.960000038146973,10.53499984741211,9.949999809265137,10.359999656677246,10.359999656677246,1386200
2026-06-23,10.180000305175781,10.65999984741211,10.180000305175781,10.380000114440918,10.380000114440918,1112900
2026-06-24,10.579999923706055,11.0,10.5649995803833,10.619999885559082,10.619999885559082,1303800
2026-06-25,10.630000114440918,10.899999618530273,10.3149995803833,10.359999656677246,10.359999656677246,1510500
2026-06-26,10.270000457763672,11.050000190734863,10.149999618530273,10.899999618530273,10.899999618530273,5273100
2026-06-29,10.899999618530273,11.029999732971191,10.779999732971191,10.970000267028809,10.970000267028809,1165400
2026-06-30,11.0600004196167,11.199999809265137,10.899999618530273,10.970000267028809,10.970000267028809,1529300
2026-07-01,10.979999542236328,11.180000305175781,10.694999694824219,10.779999732971191,10.779999732971191,2086700
2026-07-02,10.979999542236328,11.104999542236328,10.649999618530273,11.100000381469727,11.100000381469727,1888300
2026-07-06,11.0600004196167,11.234999656677246,10.710000038146973,11.039999961853027,11.039999961853027,1350900
2026-07-07,11.220000267028809,12.0,11.029999732971191,11.989999771118164,11.989999771118164,3811800
2026-07-08,11.850000381469727,12.130000114440918,11.720000267028809,12.119999885559082,12.119999885559082,1918800
2026-07-09,12.100000381469727,12.220000267028809,11.829999923706055,12.079999923706055,12.079999923706055,1414400
2026-07-10,12.069999694824219,12.100000381469727,11.182999610900879,11.449999809265137,11.449999809265137,1338800
