date,open,high,low,close,adjclose,volume
2021-08-02,183.82000732421875,186.5,177.1699981689453,182.72000122070312,182.72000122070312,2743800
2021-08-03,182.50999450683594,188.5800018310547,178.9499969482422,188.57000732421875,188.57000732421875,2347200
2021-08-04,206.1699981689453,231.25,202.57000732421875,223.80999755859375,223.80999755859375,14529700
2021-08-05,229.8000030517578,246.64999389648438,227.1999969482422,236.1999969482422,236.1999969482422,11068300
2021-08-06,200.0,202.77000427246094,186.0500030517578,189.88999938964844,189.88999938964844,15243000
2021-08-09,192.97000122070312,216.97999572753906,192.0,213.1300048828125,213.1300048828125,9553100
2021-08-10,219.13999938964844,247.97999572753906,219.13999938964844,230.2100067138672,230.2100067138672,13459100
2021-08-11,234.1999969482422,249.5,219.3000030517578,234.3000030517578,234.3000030517578,10883600
2021-08-12,242.08999633789062,247.39999389648438,229.1199951171875,247.24000549316406,247.24000549316406,7472600
2021-08-13,254.69000244140625,260.0,243.60000610351562,257.2699890136719,257.2699890136719,7093000
2021-08-16,248.60000610351562,249.33999633789062,221.3300018310547,229.30999755859375,229.30999755859375,7798800
2021-08-17,217.60000610351562,238.83999633789062,213.0,234.57000732421875,234.57000732421875,5187800
2021-08-18,236.38999938964844,238.39999389648438,223.64999389648438,226.99000549316406,226.99000549316406,2815300
2021-08-19,220.63999938964844,230.44000244140625,216.75,217.47000122070312,217.47000122070312,3135700
2021-08-20,221.4499969482422,231.35000610351562,219.2100067138672,230.88999938964844,230.88999938964844,3969600
2021-08-23,236.0,251.1300048828125,231.0800018310547,251.0,251.0,4831600
2021-08-24,243.13999938964844,243.13999938964844,228.02000427246094,233.00999450683594,233.00999450683594,5823700
2021-08-25,229.1999969482422,245.8699951171875,228.50999450683594,238.17999267578125,238.17999267578125,3747300
2021-08-26,238.17999267578125,242.55999755859375,227.4499969482422,230.33999633789062,230.33999633789062,2697300
2021-08-27,230.8300018310547,231.47000122070312,222.10000610351562,226.6699981689453,226.6699981689453,2903500
2021-08-30,224.30999755859375,238.1999969482422,223.10000610351562,233.22999572753906,233.22999572753906,2685000
2021-08-31,235.0,244.89999389648438,232.1999969482422,238.5399932861328,238.5399932861328,4076900
2021-09-01,238.0,258.7699890136719,235.11000061035156,252.05999755859375,252.05999755859375,6124900
2021-09-02,252.44000244140625,261.4800109863281,251.00999450683594,258.989990234375,258.989990234375,3349400
2021-09-03,254.0,255.47999572753906,242.5500030517578,251.49000549316406,251.49000549316406,4316600
2021-09-07,256.54998779296875,271.95001220703125,256.3999938964844,270.5799865722656,270.5799865722656,5983100
2021-09-08,273.05999755859375,277.79998779296875,261.1499938964844,266.79998779296875,266.79998779296875,3754100
2021-09-09,268.0,274.1000061035156,250.36000061035156,258.7699890136719,258.7699890136719,6733200
2021-09-10,247.33999633789062,253.38999938964844,240.25,242.17999267578125,242.17999267578125,5195600
2021-09-13,247.4199981689453,248.6699981689453,230.2100067138672,233.8300018310547,233.8300018310547,4006300
2021-09-14,233.0800018310547,242.5,232.10000610351562,234.2899932861328,234.2899932861328,2790000
2021-09-15,234.72999572753906,236.32000732421875,223.0500030517578,232.3000030517578,232.3000030517578,2874200
2021-09-16,231.13999938964844,239.6999969482422,229.5,237.27000427246094,237.27000427246094,2221300
2021-09-17,238.2100067138672,239.0,228.2100067138672,237.5399932861328,237.5399932861328,3137200
2021-09-20,224.07000732421875,233.4499969482422,222.13999938964844,226.9199981689453,226.9199981689453,3275700
2021-09-21,227.88999938964844,231.97999572753906,223.0,230.2899932861328,230.2899932861328,2872000
2021-09-22,231.41000366210938,234.11000061035156,224.14999389648438,232.00999450683594,232.00999450683594,2363200
2021-09-23,234.24000549316406,260.69000244140625,233.5500030517578,257.29998779296875,257.29998779296875,6962500
2021-09-24,257.29998779296875,257.29998779296875,246.25,248.16000366210938,248.16000366210938,3007100
2021-09-27,248.5500030517578,249.0399932861328,227.39999389648438,231.0399932861328,231.0399932861328,4662600
2021-09-28,227.19000244140625,231.88999938964844,202.22000122070312,204.8300018310547,204.8300018310547,8387600
2021-09-29,211.11000061035156,215.5500030517578,198.0,203.52999877929688,203.52999877929688,3758700
2021-09-30,203.35000610351562,211.47999572753906,200.52000427246094,207.30999755859375,207.30999755859375,2789900
2021-10-01,190.91000366210938,192.39999389648438,154.27999877929688,181.60000610351562,181.60000610351562,17547800
2021-10-04,166.80999755859375,181.33999633789062,166.5500030517578,178.27000427246094,178.27000427246094,5747800
2021-10-05,181.5,185.2100067138672,169.72999572753906,170.0,170.0,4599900
2021-10-06,163.99000549316406,168.6999969482422,159.11000061035156,161.88999938964844,161.88999938964844,4912500
2021-10-07,163.25,170.02999877929688,158.39999389648438,165.67999267578125,165.67999267578125,3159500
2021-10-08,165.3300018310547,171.00999450683594,162.24000549316406,164.0500030517578,164.0500030517578,3289300
2021-10-11,161.63999938964844,170.88999938964844,159.5500030517578,165.38999938964844,165.38999938964844,2675200
2021-10-12,166.02000427246094,167.5500030517578,160.60000610351562,163.22000122070312,163.22000122070312,2233600
2021-10-13,164.08999633789062,173.24000549316406,163.7100067138672,166.38999938964844,166.38999938964844,4450300
2021-10-14,170.00999450683594,174.63999938964844,168.5,169.74000549316406,169.74000549316406,2589800
2021-10-15,170.0,170.74000549316406,160.30999755859375,161.9499969482422,161.9499969482422,3147200
2021-10-18,161.61000061035156,167.88999938964844,160.55999755859375,166.25,166.25,2634500
2021-10-19,167.4199981689453,173.4499969482422,160.1999969482422,160.5500030517578,160.5500030517578,3314800
2021-10-20,122.94000244140625,147.44000244140625,121.3499984741211,136.86000061035156,136.86000061035156,30517000
2021-10-21,138.0,143.8800048828125,136.52999877929688,138.7899932861328,138.7899932861328,5634500
2021-10-22,138.4600067138672,138.60000610351562,130.6300048828125,134.55999755859375,134.55999755859375,3145700
2021-10-25,133.32000732421875,135.99000549316406,130.8000030517578,135.35000610351562,135.35000610351562,3068700
2021-10-26,135.0500030517578,135.6199951171875,130.08999633789062,134.99000549316406,134.99000549316406,2372000
2021-10-27,150.75,156.32000732421875,140.22999572753906,141.5500030517578,141.5500030517578,7972400
2021-10-28,143.27000427246094,152.1699981689453,141.3000030517578,150.6199951171875,150.6199951171875,3570700
2021-10-29,152.17999267578125,152.5500030517578,144.6999969482422,148.8300018310547,148.8300018310547,3012500
2021-11-01,159.55999755859375,173.8000030517578,153.5,172.4499969482422,172.4499969482422,10195000
2021-11-02,181.5,199.38999938964844,175.35000610351562,195.3000030517578,195.3000030517578,9954200
2021-11-03,198.14999389648438,201.47999572753906,185.3699951171875,195.1999969482422,195.1999969482422,6786300
2021-11-04,183.5500030517578,188.0,175.3000030517578,179.41000366210938,179.41000366210938,6363800
2021-11-05,160.00999450683594,166.0,146.11000061035156,159.19000244140625,159.19000244140625,12461100
2021-11-08,162.57000732421875,173.3300018310547,160.5,173.02000427246094,173.02000427246094,5027500
2021-11-09,167.24000549316406,171.99000549316406,163.2899932861328,169.3000030517578,169.3000030517578,3288700
2021-11-10,164.92999267578125,173.8699951171875,161.66000366210938,164.19000244140625,164.19000244140625,2683200
2021-11-11,165.33999633789062,172.9600067138672,165.0,169.3800048828125,169.3800048828125,2582000
2021-11-12,169.58999633789062,175.4199981689453,168.00999450683594,169.88999938964844,169.88999938964844,2594700
2021-11-15,171.8300018310547,174.72000122070312,168.30999755859375,172.4499969482422,172.4499969482422,2512000
2021-11-16,167.7100067138672,171.99000549316406,165.2899932861328,170.49000549316406,170.49000549316406,3108500
2021-11-17,172.88999938964844,190.10000610351562,171.4499969482422,183.99000549316406,183.99000549316406,6198700
2021-11-18,188.00999450683594,192.57000732421875,183.77999877929688,191.0500030517578,191.0500030517578,4228900
2021-11-19,192.58999633789062,196.85000610351562,187.52000427246094,192.33999633789062,192.33999633789062,3468100
2021-11-22,199.30999755859375,211.17999267578125,195.0800018310547,207.99000549316406,207.99000549316406,5647600
2021-11-23,202.9499969482422,204.1699981689453,195.07000732421875,200.7100067138672,200.7100067138672,3313100
2021-11-24,197.22999572753906,201.6999969482422,185.52999877929688,200.07000732421875,200.07000732421875,2916300
2021-11-26,214.6699981689453,221.72000122070312,213.5,217.97000122070312,217.97000122070312,6157700
2021-11-29,228.75999450683594,229.0,188.02999877929688,193.9600067138672,193.9600067138672,10005300
2021-11-30,196.17999267578125,212.0,189.0,208.6300048828125,208.6300048828125,6052600
2021-12-01,196.5,203.8000030517578,191.0800018310547,192.64999389648438,192.64999389648438,3810800
2021-12-02,183.0,188.91000366210938,156.72000122070312,161.97000122070312,161.97000122070312,11912300
2021-12-03,168.38999938964844,169.0,156.0,160.47999572753906,160.47999572753906,4509500
2021-12-06,151.58999633789062,151.9600067138672,138.25,141.86000061035156,141.86000061035156,5891700
2021-12-07,153.7899932861328,183.85000610351562,148.9499969482422,182.85000610351562,182.85000610351562,9452100
2021-12-08,175.57000732421875,185.97999572753906,172.3000030517578,181.75,181.75,4572400
2021-12-09,180.0,188.00999450683594,177.3800048828125,177.3800048828125,177.3800048828125,3491700
2021-12-10,170.33999633789062,176.32000732421875,165.25,166.55999755859375,166.55999755859375,3444800
2021-12-13,168.74000549316406,177.0,167.24000549316406,169.05999755859375,169.05999755859375,3203500
2021-12-14,167.6199951171875,171.19000244140625,157.8000030517578,168.42999267578125,168.42999267578125,2668200
2021-12-15,168.02000427246094,181.35000610351562,167.67999267578125,179.49000549316406,179.49000549316406,3261300
2021-12-16,178.97000122070312,197.99000549316406,175.30999755859375,194.9199981689453,194.9199981689453,5619900
2021-12-17,206.3699951171875,220.5,198.35000610351562,217.32000732421875,217.32000732421875,11096700
2021-12-20,230.0,236.5,195.55999755859375,201.9499969482422,201.9499969482422,11304700
2021-12-21,193.00999450683594,198.47999572753906,177.6999969482422,191.07000732421875,191.07000732421875,8425600
2021-12-22,191.27999877929688,193.19000244140625,180.2100067138672,183.3000030517578,183.3000030517578,5081600
2021-12-23,184.77999877929688,186.8000030517578,172.4600067138672,177.25,177.25,6085000
2021-12-27,168.55999755859375,169.38999938964844,155.11000061035156,157.8000030517578,157.8000030517578,8934200
2021-12-28,153.16000366210938,175.99000549316406,153.10000610351562,155.83999633789062,155.83999633789062,12398100
2021-12-29,153.27999877929688,155.27999877929688,144.55999755859375,153.25,153.25,7511800
2021-12-30,152.77999877929688,159.0,148.86000061035156,154.8300018310547,154.8300018310547,5093300
2021-12-31,151.47000122070312,156.80999755859375,141.50999450683594,143.07000732421875,143.07000732421875,9096300
2022-01-03,144.02999877929688,145.1999969482422,135.39999389648438,142.89999389648438,142.89999389648438,6617700
2022-01-04,140.0,141.77000427246094,134.1999969482422,138.4499969482422,138.4499969482422,4698700
2022-01-05,137.5500030517578,139.60000610351562,118.54000091552734,122.41000366210938,122.41000366210938,8072900
2022-01-06,123.7699966430664,125.80000305175781,112.5199966430664,121.5,121.5,6282000
2022-01-07,121.51000213623047,132.57000732421875,119.0199966430664,126.69999694824219,126.69999694824219,6440100
2022-01-10,126.19999694824219,137.66000366210938,124.19999694824219,134.99000549316406,134.99000549316406,6191600
2022-01-11,134.4600067138672,134.97000122070312,128.0399932861328,130.67999267578125,130.67999267578125,4064400
2022-01-12,131.14999389648438,135.69000244140625,127.63999938964844,130.1699981689453,130.1699981689453,3458600
2022-01-13,126.69999694824219,128.85000610351562,111.25,112.37999725341797,112.37999725341797,7592700
2022-01-14,101.19000244140625,112.48999786376953,101.0999984741211,110.81999969482422,110.81999969482422,9842300
2022-01-18,107.30000305175781,107.52999877929688,98.0,98.44000244140625,98.44000244140625,6536100
2022-01-19,100.1500015258789,103.56999969482422,91.69999694824219,92.33000183105469,92.33000183105469,6059600
2022-01-20,94.72000122070312,98.4000015258789,89.12000274658203,90.36000061035156,90.36000061035156,7529400
2022-01-21,87.36000061035156,91.0,84.55000305175781,84.6500015258789,84.6500015258789,5762000
2022-01-24,81.12000274658203,81.12000274658203,66.37999725341797,79.47000122070312,79.47000122070312,12992900
2022-01-25,78.45999908447266,87.19999694824219,75.44000244140625,77.20999908447266,77.20999908447266,7578600
2022-01-26,80.79000091552734,87.52999877929688,77.72000122070312,79.18000030517578,79.18000030517578,8130900
2022-01-27,81.2300033569336,81.58000183105469,71.70999908447266,72.91999816894531,72.91999816894531,4553100
2022-01-28,75.41000366210938,83.05000305175781,70.55000305175781,82.91999816894531,82.91999816894531,7771600
2022-01-31,87.30000305175781,94.69999694824219,85.05999755859375,93.69999694824219,93.69999694824219,10415700
2022-02-01,97.44999694824219,98.81999969482422,91.8499984741211,95.18000030517578,95.18000030517578,7176500
2022-02-02,93.29000091552734,94.08999633789062,84.97000122070312,89.44000244140625,89.44000244140625,6012200
2022-02-03,88.79000091552734,92.94999694824219,86.51000213623047,88.48999786376953,88.48999786376953,4248500
2022-02-04,88.30999755859375,91.6500015258789,87.5,89.33000183105469,89.33000183105469,3314600
2022-02-07,90.36000061035156,101.38999938964844,89.4000015258789,94.80000305175781,94.80000305175781,6481200
2022-02-08,85.0199966430664,87.4000015258789,79.36000061035156,83.44999694824219,83.44999694824219,9114900
2022-02-09,84.08000183105469,92.3499984741211,83.5,91.79000091552734,91.79000091552734,5341100
2022-02-10,87.18000030517578,95.33999633789062,86.4000015258789,88.0,88.0,4925700
2022-02-11,90.16000366210938,94.36000061035156,88.20999908447266,90.44000244140625,90.44000244140625,4134000
2022-02-14,86.91000366210938,88.69999694824219,79.98999786376953,80.11000061035156,80.11000061035156,5065500
2022-02-15,81.56999969482422,88.87999725341797,80.80000305175781,87.12999725341797,87.12999725341797,4448700
2022-02-16,85.58000183105469,86.97000122070312,82.83000183105469,86.55000305175781,86.55000305175781,3069700
2022-02-17,85.93000030517578,88.81999969482422,82.62000274658203,83.44000244140625,83.44000244140625,2747000
2022-02-18,83.87999725341797,84.94000244140625,78.7699966430664,81.88999938964844,81.88999938964844,2933300
2022-02-22,79.36000061035156,82.66999816894531,77.11000061035156,79.38999938964844,79.38999938964844,3131500
2022-02-23,80.66000366210938,80.9800033569336,72.58000183105469,73.48999786376953,73.48999786376953,4095300
2022-02-24,69.80999755859375,79.94999694824219,69.5,79.94999694824219,79.94999694824219,5077500
2022-02-25,79.11000061035156,82.08000183105469,75.41999816894531,81.62999725341797,81.62999725341797,2877700
2022-02-28,80.97000122070312,83.5,77.62000274658203,83.37000274658203,83.37000274658203,4233300
2022-03-01,79.45999908447266,91.0,79.0,83.73999786376953,83.73999786376953,7183500
2022-03-02,83.93000030517578,87.06999969482422,79.0999984741211,86.38999938964844,86.38999938964844,4208700
2022-03-03,85.4800033569336,85.61000061035156,79.23999786376953,80.52999877929688,80.52999877929688,2835600
2022-03-04,79.20999908447266,82.0,70.91000366210938,71.72000122070312,71.72000122070312,4046000
2022-03-07,70.0,74.54000091552734,65.81999969482422,69.7300033569336,69.7300033569336,5105900
2022-03-08,67.4800033569336,74.7699966430664,65.9000015258789,72.79000091552734,72.79000091552734,4403200
2022-03-09,74.0,79.9000015258789,73.87999725341797,79.06999969482422,79.06999969482422,3274500
2022-03-10,77.5,79.69999694824219,75.31999969482422,77.7699966430664,77.7699966430664,2757200
2022-03-11,78.55999755859375,80.4800033569336,72.55999755859375,72.98999786376953,72.98999786376953,2953300
2022-03-14,72.55000305175781,83.25,70.5,71.93000030517578,71.93000030517578,6488200
2022-03-15,73.4000015258789,74.27999877929688,68.11000061035156,73.80000305175781,73.80000305175781,3764700
2022-03-16,74.43000030517578,78.55000305175781,72.5199966430664,77.48999786376953,77.48999786376953,4139200
2022-03-17,77.6500015258789,82.22000122070312,75.76000213623047,79.2300033569336,79.2300033569336,3998100
2022-03-18,80.0999984741211,85.5999984741211,79.41000366210938,82.30000305175781,82.30000305175781,5451700
2022-03-21,82.87999725341797,83.69999694824219,77.0999984741211,78.55999755859375,78.55999755859375,3652600
2022-03-22,78.05999755859375,85.37000274658203,75.36000061035156,83.80000305175781,83.80000305175781,4540900
2022-03-23,83.0,83.54000091552734,79.0,80.18000030517578,80.18000030517578,2793500
2022-03-24,80.0999984741211,82.41000366210938,77.02999877929688,81.44999694824219,81.44999694824219,3248000
2022-03-25,81.37999725341797,81.41000366210938,73.2300033569336,74.12999725341797,74.12999725341797,3949100
2022-03-28,74.7699966430664,78.12999725341797,71.01000213623047,73.8499984741211,73.8499984741211,3080400
2022-03-29,74.62999725341797,80.23999786376953,73.58000183105469,78.83000183105469,78.83000183105469,4338700
2022-03-30,79.69999694824219,82.30000305175781,74.5199966430664,74.75,74.75,3180400
2022-03-31,76.4000015258789,76.4000015258789,72.9000015258789,73.6500015258789,73.6500015258789,2314200
2022-04-01,73.30000305175781,76.27999877929688,72.55000305175781,74.31999969482422,74.31999969482422,2494700
2022-04-04,74.9800033569336,77.6500015258789,73.5,75.29000091552734,75.29000091552734,2644100
2022-04-05,74.4800033569336,75.0,64.63999938964844,65.2300033569336,65.2300033569336,6661700
2022-04-06,64.80999755859375,65.1500015258789,59.189998626708984,62.439998626708984,62.439998626708984,5161900
2022-04-07,61.90999984741211,62.81999969482422,56.79999923706055,59.5,59.5,4373600
2022-04-08,59.65999984741211,63.54999923706055,58.4900016784668,60.630001068115234,60.630001068115234,3633200
2022-04-11,58.619998931884766,61.189998626708984,56.66999816894531,57.540000915527344,57.540000915527344,3581700
2022-04-12,58.04999923706055,61.439998626708984,57.560001373291016,58.099998474121094,58.099998474121094,4141000
2022-04-13,58.31999969482422,62.959999084472656,57.41999816894531,62.16999816894531,62.16999816894531,3382500
2022-04-14,61.38999938964844,63.380001068115234,58.25,58.54999923706055,58.54999923706055,3917900
2022-04-18,58.900001525878906,59.20000076293945,53.849998474121094,55.15999984741211,55.15999984741211,4538400
2022-04-19,53.20000076293945,55.38999938964844,50.2400016784668,54.59000015258789,54.59000015258789,4985800
2022-04-20,53.9900016784668,56.95000076293945,51.779998779296875,53.689998626708984,53.689998626708984,5323700
2022-04-21,54.209999084472656,54.650001525878906,48.709999084472656,48.79999923706055,48.79999923706055,4781200
2022-04-22,47.25,49.18000030517578,46.029998779296875,46.650001525878906,46.650001525878906,5594500
2022-04-25,46.439998626708984,50.470001220703125,46.25,50.209999084472656,50.209999084472656,4792100
2022-04-26,50.0,50.97999954223633,47.0099983215332,47.41999816894531,47.41999816894531,3180500
2022-04-27,47.290000915527344,48.880001068115234,45.599998474121094,46.459999084472656,46.459999084472656,3247500
2022-04-28,46.97999954223633,47.72999954223633,42.130001068115234,44.27000045776367,44.27000045776367,4449700
2022-04-29,45.95000076293945,52.47999954223633,44.900001525878906,45.06999969482422,45.06999969482422,7743200
2022-05-02,44.900001525878906,53.790000915527344,44.68000030517578,53.75,53.75,8693900
2022-05-03,53.5,58.90999984741211,52.220001220703125,58.88999938964844,58.88999938964844,8046900
2022-05-04,59.220001220703125,62.7400016784668,56.02000045776367,62.72999954223633,62.72999954223633,6536100
2022-05-05,61.9900016784668,63.22999954223633,57.36000061035156,58.65999984741211,58.65999984741211,3893300
2022-05-06,58.65999984741211,58.779998779296875,54.029998779296875,57.29999923706055,57.29999923706055,3455600
2022-05-09,57.349998474121094,60.369998931884766,52.7400016784668,53.2599983215332,53.2599983215332,5909800
2022-05-10,42.099998474121094,55.439998626708984,41.7400016784668,53.86000061035156,53.86000061035156,13801500
2022-05-11,52.529998779296875,52.790000915527344,42.599998474121094,42.91999816894531,42.91999816894531,8743600
2022-05-12,42.33000183105469,48.02000045776367,41.33000183105469,47.97999954223633,47.97999954223633,6661300
2022-05-13,49.41999816894531,52.75,48.52000045776367,51.88999938964844,51.88999938964844,6144400
2022-05-16,51.5,53.5,47.88999938964844,48.0,48.0,3513000
2022-05-17,49.060001373291016,52.31999969482422,47.54999923706055,51.95000076293945,51.95000076293945,3575700
2022-05-18,50.540000915527344,53.25,49.599998474121094,52.11000061035156,52.11000061035156,3061900
2022-05-19,52.90999984741211,60.56999969482422,52.66999816894531,58.43000030517578,58.43000030517578,5329300
2022-05-20,55.709999084472656,56.90999984741211,48.75,53.41999816894531,53.41999816894531,7205700
2022-05-23,53.0,53.70000076293945,50.650001525878906,51.400001525878906,51.400001525878906,3022200
2022-05-24,50.349998474121094,50.349998474121094,45.86000061035156,46.540000915527344,46.540000915527344,3408200
2022-05-25,46.900001525878906,47.5,44.439998626708984,46.130001068115234,46.130001068115234,3152700
2022-05-26,45.86000061035156,47.689998626708984,44.84000015258789,47.06999969482422,47.06999969482422,2703200
2022-05-27,47.060001373291016,56.52000045776367,46.189998626708984,55.290000915527344,55.290000915527344,7476300
2022-05-31,54.34000015258789,57.459999084472656,53.130001068115234,55.33000183105469,55.33000183105469,8331600
2022-06-01,55.689998626708984,57.4900016784668,52.18000030517578,53.63999938964844,53.63999938964844,3689300
2022-06-02,52.79999923706055,56.349998474121094,50.72999954223633,55.970001220703125,55.970001220703125,3430000
2022-06-03,50.5,50.599998474121094,41.099998474121094,44.7599983215332,44.7599983215332,23314900
2022-06-06,45.310001373291016,48.619998931884766,43.58000183105469,47.540000915527344,47.540000915527344,7597800
2022-06-07,47.540000915527344,47.540000915527344,47.540000915527344,47.540000915527344,47.540000915527344,1947000
2022-06-08,52.310001373291016,52.95000076293945,46.150001525878906,50.11000061035156,50.11000061035156,26983900
2022-06-09,48.099998474121094,50.86000061035156,41.11000061035156,41.47999954223633,41.47999954223633,18198300
2022-06-10,41.349998474121094,42.95000076293945,39.0099983215332,40.619998931884766,40.619998931884766,9747800
2022-06-13,38.900001525878906,40.20000076293945,34.880001068115234,36.279998779296875,36.279998779296875,7303200
2022-06-14,36.75,39.5,35.33000183105469,38.709999084472656,38.709999084472656,5686900
2022-06-15,37.599998474121094,42.099998474121094,37.5,41.22999954223633,41.22999954223633,5713600
2022-06-16,39.869998931884766,40.29999923706055,36.060001373291016,37.65999984741211,37.65999984741211,5006000
2022-06-17,37.7400016784668,41.310001373291016,37.66999816894531,40.2400016784668,40.2400016784668,7617700
2022-06-21,41.0,43.45000076293945,40.560001373291016,41.369998931884766,41.369998931884766,4214200
2022-06-22,39.72999954223633,46.61000061035156,39.380001068115234,45.47999954223633,45.47999954223633,6726700
2022-06-23,45.47999954223633,51.900001525878906,44.7599983215332,51.810001373291016,51.810001373291016,6373800
2022-06-24,51.779998779296875,52.040000915527344,48.5099983215332,51.66999816894531,51.66999816894531,4847100
2022-06-27,51.90999984741211,55.470001220703125,50.15999984741211,53.81999969482422,53.81999969482422,5341700
2022-06-28,52.560001373291016,54.880001068115234,50.25,51.060001373291016,51.060001373291016,4821300
2022-06-29,49.900001525878906,53.119998931884766,48.900001525878906,51.849998474121094,51.849998474121094,4113200
2022-06-30,51.77000045776367,52.97999954223633,49.290000915527344,51.43000030517578,51.43000030517578,3556900
2022-07-01,52.130001068115234,57.560001373291016,50.880001068115234,57.150001525878906,57.150001525878906,6423700
2022-07-05,56.7599983215332,64.58999633789062,55.70000076293945,64.29000091552734,64.29000091552734,7166200
2022-07-06,64.27999877929688,66.30000305175781,61.790000915527344,63.540000915527344,63.540000915527344,5871700
2022-07-07,62.810001373291016,73.55999755859375,62.540000915527344,73.13999938964844,73.13999938964844,9831600
2022-07-08,72.02999877929688,76.7699966430664,70.63999938964844,76.12000274658203,76.12000274658203,8735500
2022-07-11,74.08000183105469,75.33000183105469,66.94000244140625,67.1500015258789,67.1500015258789,8716900
2022-07-12,64.20999908447266,71.97000122070312,63.40999984741211,69.76000213623047,69.76000213623047,8672800
2022-07-13,68.5,73.63999938964844,67.5,69.94999694824219,69.94999694824219,7544000
2022-07-14,66.86000061035156,68.44000244140625,50.04999923706055,51.619998931884766,51.619998931884766,30053300
2022-07-15,52.04999923706055,54.83000183105469,47.68000030517578,54.43000030517578,54.43000030517578,13721800
2022-07-18,55.79999923706055,56.70000076293945,51.27000045776367,51.970001220703125,51.970001220703125,7140200
2022-07-19,52.720001220703125,59.70000076293945,51.880001068115234,58.0,58.0,13730500
2022-07-20,57.90999984741211,64.5,57.29999923706055,59.56999969482422,59.56999969482422,11565500
2022-07-21,59.25,61.66999816894531,58.0,58.95000076293945,58.95000076293945,5642900
2022-07-22,59.16999816894531,59.91999816894531,54.2400016784668,54.849998474121094,54.849998474121094,4515600
2022-07-25,54.099998474121094,56.22999954223633,53.09000015258789,55.5099983215332,55.5099983215332,3800000
2022-07-26,55.400001525878906,58.72999954223633,54.13999938964844,56.54999923706055,56.54999923706055,4856700
2022-07-27,56.84000015258789,56.84000015258789,53.599998474121094,56.40999984741211,56.40999984741211,4388600
2022-07-28,55.84000015258789,57.20000076293945,52.119998931884766,57.11000061035156,57.11000061035156,4114300
2022-07-29,57.0,58.279998779296875,54.130001068115234,54.5099983215332,54.5099983215332,3885200
2022-08-01,53.77000045776367,56.279998779296875,52.810001373291016,53.91999816894531,53.91999816894531,3475700
2022-08-02,53.25,59.20000076293945,53.060001373291016,57.459999084472656,57.459999084472656,4488800
2022-08-03,59.09000015258789,62.58000183105469,58.689998626708984,61.11000061035156,61.11000061035156,4350000
2022-08-04,61.29999923706055,63.2400016784668,60.0099983215332,61.93000030517578,61.93000030517578,3327200
2022-08-05,60.900001525878906,61.5099983215332,58.59000015258789,60.27000045776367,60.27000045776367,3543000
2022-08-08,60.81999969482422,62.75,56.84000015258789,57.25,57.25,9050400
2022-08-09,39.97999954223633,44.400001525878906,38.79999923706055,40.279998779296875,40.279998779296875,27346000
2022-08-10,40.130001068115234,41.93000030517578,38.15999984741211,41.36000061035156,41.36000061035156,9619900
2022-08-11,41.61000061035156,44.630001068115234,40.25,40.34000015258789,40.34000015258789,6981700
2022-08-12,41.15999984741211,43.060001373291016,40.56999969482422,41.470001220703125,41.470001220703125,5031600
2022-08-15,42.47999954223633,43.15999984741211,40.619998931884766,42.29999923706055,42.29999923706055,4694800
2022-08-16,42.22999954223633,44.02000045776367,41.380001068115234,42.880001068115234,42.880001068115234,4914700
2022-08-17,42.099998474121094,42.650001525878906,39.2599983215332,39.369998931884766,39.369998931884766,5811800
2022-08-18,39.75,39.75,36.88999938964844,37.18000030517578,37.18000030517578,5936100
2022-08-19,36.650001525878906,37.45000076293945,35.79999923706055,36.220001220703125,36.220001220703125,4012400
2022-08-22,35.63999938964844,36.63999938964844,34.650001525878906,35.470001220703125,35.470001220703125,3688200
2022-08-23,35.880001068115234,36.77000045776367,34.56999969482422,36.54999923706055,36.54999923706055,3255400
2022-08-24,36.72999954223633,37.90999984741211,35.90999984741211,37.06999969482422,37.06999969482422,2736300
2022-08-25,37.25,37.880001068115234,35.52000045776367,37.25,37.25,2595100
2022-08-26,37.2400016784668,37.810001373291016,34.77000045776367,35.20000076293945,35.20000076293945,2834400
2022-08-29,34.91999816894531,37.27000045776367,34.560001373291016,36.27000045776367,36.27000045776367,3212500
2022-08-30,36.68000030517578,37.2599983215332,34.900001525878906,35.220001220703125,35.220001220703125,2961100
2022-08-31,35.709999084472656,36.189998626708984,32.61000061035156,33.040000915527344,33.040000915527344,4582400
2022-09-01,32.869998931884766,32.93000030517578,30.690000534057617,31.950000762939453,31.950000762939453,4750000
2022-09-02,32.34000015258789,32.34000015258789,30.329999923706055,30.389999389648438,30.389999389648438,3622300
2022-09-06,30.329999923706055,30.329999923706055,28.399999618530273,28.530000686645508,28.530000686645508,4704400
2022-09-07,28.459999084472656,30.719999313354492,28.25,30.6200008392334,30.6200008392334,3754900
2022-09-08,29.459999084472656,30.760000228881836,29.329999923706055,30.280000686645508,30.280000686645508,3746500
2022-09-09,30.540000915527344,32.04999923706055,30.200000762939453,31.719999313354492,31.719999313354492,2807500
2022-09-12,32.029998779296875,33.060001373291016,31.399999618530273,33.0,33.0,3662600
2022-09-13,31.0,31.479999542236328,29.5,30.780000686645508,30.780000686645508,4536400
2022-09-14,31.149999618530273,32.90999984741211,30.260000228881836,32.54999923706055,32.54999923706055,3642700
2022-09-15,31.889999389648438,33.369998931884766,31.610000610351562,32.54999923706055,32.54999923706055,3115800
2022-09-16,31.700000762939453,32.40999984741211,30.280000686645508,30.40999984741211,30.40999984741211,4232300
2022-09-19,29.81999969482422,29.940000534057617,27.350000381469727,28.43000030517578,28.43000030517578,4921800
2022-09-20,27.559999465942383,29.479999542236328,27.200000762939453,27.459999084472656,27.459999084472656,3686700
2022-09-21,27.649999618530273,27.8700008392334,25.84000015258789,25.8700008392334,25.8700008392334,3071900
2022-09-22,24.6299991607666,24.649999618530273,21.809999465942383,22.440000534057617,22.440000534057617,10750500
2022-09-23,21.84000015258789,22.3700008392334,20.459999084472656,21.0,21.0,5273400
2022-09-26,20.850000381469727,21.969999313354492,18.790000915527344,18.8700008392334,18.8700008392334,5629500
2022-09-27,19.729999542236328,21.639999389648438,19.489999771118164,20.040000915527344,20.040000915527344,9632300
2022-09-28,20.09000015258789,20.59000015258789,19.170000076293945,19.610000610351562,19.610000610351562,4233600
2022-09-29,19.389999389648438,19.40999984741211,17.850000381469727,18.56999969482422,18.56999969482422,4244000
2022-09-30,18.5,19.600000381469727,18.15999984741211,18.200000762939453,18.200000762939453,3759700
2022-10-03,18.350000381469727,18.940000534057617,17.110000610351562,18.600000381469727,18.600000381469727,3481500
2022-10-04,19.170000076293945,19.760000228881836,18.829999923706055,19.399999618530273,19.399999618530273,3149200
2022-10-05,18.760000228881836,19.020000457763672,17.399999618530273,18.700000762939453,18.700000762939453,3655000
2022-10-06,18.56999969482422,19.25,17.610000610351562,18.079999923706055,18.079999923706055,2508000
2022-10-07,17.6200008392334,17.899999618530273,16.229999542236328,16.299999237060547,16.299999237060547,4434300
2022-10-10,16.450000762939453,18.290000915527344,16.0,17.780000686645508,17.780000686645508,6905600
2022-10-11,17.700000762939453,21.8700008392334,16.90999984741211,18.969999313354492,18.969999313354492,17217200
2022-10-12,19.209999084472656,20.350000381469727,17.6299991607666,20.239999771118164,20.239999771118164,8548900
2022-10-13,19.229999542236328,21.790000915527344,18.670000076293945,21.280000686645508,21.280000686645508,7769400
2022-10-14,21.5,21.59000015258789,19.56999969482422,19.670000076293945,19.670000076293945,6021400
2022-10-17,20.059999465942383,20.8799991607666,19.729999542236328,20.31999969482422,20.31999969482422,4455200
2022-10-18,20.850000381469727,21.18000030517578,18.440000534057617,18.6200008392334,18.6200008392334,5154100
2022-10-19,18.3700008392334,19.700000762939453,17.760000228881836,17.93000030517578,17.93000030517578,8011800
2022-10-20,18.0,18.440000534057617,16.84000015258789,17.18000030517578,17.18000030517578,4476100
2022-10-21,17.270000457763672,19.459999084472656,17.270000457763672,19.34000015258789,19.34000015258789,8126600
2022-10-24,19.350000381469727,20.940000534057617,18.420000076293945,20.809999465942383,20.809999465942383,4741800
2022-10-25,20.81999969482422,22.790000915527344,20.81999969482422,22.579999923706055,22.579999923706055,6359900
2022-10-26,22.549999237060547,24.649999618530273,22.399999618530273,22.809999465942383,22.809999465942383,5455800
2022-10-27,23.040000915527344,23.389999389648438,22.1200008392334,22.290000915527344,22.290000915527344,4103800
2022-10-28,22.030000686645508,23.1299991607666,21.700000762939453,23.020000457763672,23.020000457763672,2840300
2022-10-31,22.8799991607666,23.420000076293945,22.200000762939453,22.270000457763672,22.270000457763672,2959600
2022-11-01,22.920000076293945,25.299999237060547,21.850000381469727,22.0,22.0,5185900
2022-11-02,21.920000076293945,22.5,20.43000030517578,20.5,20.5,3693600
2022-11-03,19.09000015258789,21.6200008392334,18.65999984741211,20.170000076293945,20.170000076293945,5396700
2022-11-04,20.770000457763672,20.8799991607666,18.670000076293945,19.399999618530273,19.399999618530273,3940900
2022-11-07,19.520000457763672,20.100000381469727,18.219999313354492,19.43000030517578,19.43000030517578,3969800
2022-11-08,18.65999984741211,20.299999237060547,18.56999969482422,19.649999618530273,19.649999618530273,4573100
2022-11-09,19.68000030517578,21.979999542236328,18.559999465942383,18.6299991607666,18.6299991607666,6306800
2022-11-10,19.809999465942383,22.440000534057617,19.25,22.139999389648438,22.139999389648438,7064700
2022-11-11,21.700000762939453,25.170000076293945,21.399999618530273,25.040000915527344,25.040000915527344,5675300
2022-11-14,24.920000076293945,25.399999618530273,23.030000686645508,23.079999923706055,23.079999923706055,4617900
2022-11-15,24.020000457763672,25.65999984741211,23.139999389648438,23.219999313354492,23.219999313354492,4547500
2022-11-16,23.260000228881836,23.350000381469727,21.020000457763672,21.469999313354492,21.469999313354492,3850100
2022-11-17,20.799999237060547,21.290000915527344,20.31999969482422,20.790000915527344,20.790000915527344,2700500
2022-11-18,21.350000381469727,21.350000381469727,19.360000610351562,19.65999984741211,19.65999984741211,3594700
2022-11-21,19.3700008392334,19.510000228881836,18.56999969482422,18.950000762939453,18.950000762939453,2795800
2022-11-22,18.709999084472656,18.81999969482422,16.489999771118164,16.920000076293945,16.920000076293945,6416700
2022-11-23,17.049999237060547,17.690000534057617,16.6299991607666,17.030000686645508,17.030000686645508,3710200
2022-11-25,16.760000228881836,17.030000686645508,16.31999969482422,16.540000915527344,16.540000915527344,2110600
2022-11-28,16.469999313354492,17.389999389648438,16.40999984741211,16.639999389648438,16.639999389648438,3406800
2022-11-29,16.969999313354492,18.059999465942383,16.360000610351562,16.829999923706055,16.829999923706055,7248100
2022-11-30,16.8799991607666,17.209999084472656,15.5600004196167,16.489999771118164,16.489999771118164,6682900
2022-12-01,16.440000534057617,17.510000228881836,16.309999465942383,16.850000381469727,16.850000381469727,4365400
2022-12-02,16.5,16.549999237060547,15.529999732971191,16.520000457763672,16.520000457763672,6191700
2022-12-05,16.440000534057617,17.959999084472656,16.43000030517578,17.610000610351562,17.610000610351562,6821900
2022-12-06,17.5,17.520000457763672,15.84000015258789,16.780000686645508,16.780000686645508,4595300
2022-12-07,16.780000686645508,17.790000915527344,16.739999771118164,17.219999313354492,17.219999313354492,3250800
2022-12-08,17.270000457763672,17.81999969482422,16.399999618530273,17.31999969482422,17.31999969482422,3880000
2022-12-09,17.43000030517578,17.610000610351562,16.489999771118164,16.510000228881836,16.510000228881836,2572000
2022-12-12,16.75,16.8799991607666,16.010000228881836,16.3700008392334,16.3700008392334,2513400
2022-12-13,17.25,18.549999237060547,16.829999923706055,17.209999084472656,17.209999084472656,6663600
2022-12-14,17.0,18.219999313354492,16.649999618530273,17.229999542236328,17.229999542236328,5104000
2022-12-15,14.15999984741211,14.15999984741211,11.109999656677246,11.319999694824219,11.319999694824219,38727500
2022-12-16,9.579999923706055,11.15999984741211,9.359999656677246,11.029999732971191,11.029999732971191,38694600
2022-12-19,11.109999656677246,11.300000190734863,9.869999885559082,10.319999694824219,10.319999694824219,7356800
2022-12-20,10.149999618530273,10.989999771118164,10.109999656677246,10.520000457763672,10.520000457763672,6862400
2022-12-21,10.470000267028809,10.760000228881836,10.149999618530273,10.380000114440918,10.380000114440918,4867200
2022-12-22,10.229999542236328,10.329999923706055,9.6899995803833,10.270000457763672,10.270000457763672,4349800
2022-12-23,10.25,10.539999961853027,9.5600004196167,9.65999984741211,9.65999984741211,4360100
2022-12-27,9.550000190734863,9.640000343322754,8.779999732971191,8.859999656677246,8.859999656677246,6933100
2022-12-28,8.779999732971191,9.180000305175781,8.75,9.0600004196167,9.0600004196167,4989700
2022-12-29,9.119999885559082,10.539999961853027,9.119999885559082,9.720000267028809,9.720000267028809,9369000
2022-12-30,9.59000015258789,10.300000190734863,9.399999618530273,10.279999732971191,10.279999732971191,6329200
2023-01-03,10.59000015258789,11.119999885559082,9.710000038146973,9.789999961853027,9.789999961853027,6550700
2023-01-04,9.880000114440918,11.470000267028809,9.880000114440918,11.329999923706055,11.329999923706055,10168300
2023-01-05,11.119999885559082,12.020000457763672,10.569999694824219,11.710000038146973,11.710000038146973,9172000
2023-01-06,11.710000038146973,11.760000228881836,10.75,11.020000457763672,11.020000457763672,6417300
2023-01-09,11.8100004196167,12.880000114440918,11.399999618530273,12.260000228881836,12.260000228881836,12337700
2023-01-10,12.079999923706055,12.720000267028809,11.84000015258789,12.40999984741211,12.40999984741211,6014700
2023-01-11,12.460000038146973,12.529999732971191,11.65999984741211,11.859999656677246,11.859999656677246,5986500
2023-01-12,11.949999809265137,11.970000267028809,10.960000038146973,11.800000190734863,11.800000190734863,6256600
2023-01-13,11.640000343322754,13.09000015258789,11.579999923706055,12.289999961853027,12.289999961853027,10806100
2023-01-17,12.300000190734863,12.649999618530273,11.8100004196167,12.4399995803833,12.4399995803833,5650300
2023-01-18,12.630000114440918,13.699999809265137,12.329999923706055,12.479999542236328,12.479999542236328,6561300
2023-01-19,12.319999694824219,12.319999694824219,11.369999885559082,11.619999885559082,11.619999885559082,6092200
2023-01-20,11.75,11.890000343322754,11.369999885559082,11.550000190734863,11.550000190734863,4661100
2023-01-23,11.640000343322754,12.649999618530273,11.569999694824219,11.920000076293945,11.920000076293945,7738200
2023-01-24,11.819999694824219,12.270000457763672,11.489999771118164,11.550000190734863,11.550000190734863,5369500
2023-01-25,11.3100004196167,11.430000305175781,10.90999984741211,11.109999656677246,11.109999656677246,6766300
2023-01-26,11.300000190734863,11.430000305175781,10.739999771118164,10.979999542236328,10.979999542236328,5196000
2023-01-27,10.859999656677246,11.5,10.819999694824219,11.289999961853027,11.289999961853027,6621100
2023-01-30,11.15999984741211,11.25,10.449999809265137,10.649999618530273,10.649999618530273,7689800
2023-01-31,10.670000076293945,10.9399995803833,10.460000038146973,10.90999984741211,10.90999984741211,6168600
2023-02-01,10.739999771118164,11.319999694824219,10.130000114440918,11.229999542236328,11.229999542236328,10631400
2023-02-02,11.619999885559082,12.5,11.460000038146973,12.010000228881836,12.010000228881836,9794100
2023-02-03,11.699999809265137,12.279999732971191,11.180000305175781,11.229999542236328,11.229999542236328,6466600
2023-02-06,11.109999656677246,11.4399995803833,10.960000038146973,11.09000015258789,11.09000015258789,4094300
2023-02-07,11.029999732971191,11.199999809265137,10.609999656677246,10.890000343322754,10.890000343322754,5352000
2023-02-08,10.890000343322754,11.079999923706055,10.430000305175781,10.4399995803833,10.4399995803833,4082300
2023-02-09,10.5600004196167,10.569999694824219,9.729999542236328,9.779999732971191,9.779999732971191,5690000
2023-02-10,9.670000076293945,10.140000343322754,9.479999542236328,9.880000114440918,9.880000114440918,4518600
2023-02-13,10.020000457763672,10.210000038146973,9.550000190734863,9.779999732971191,9.779999732971191,4452100
2023-02-14,9.779999732971191,10.09000015258789,9.520000457763672,9.930000305175781,9.930000305175781,5540700
2023-02-15,9.949999809265137,10.279999732971191,9.770000457763672,10.1899995803833,10.1899995803833,3121600
2023-02-16,10.0,10.210000038146973,9.869999885559082,9.989999771118164,9.989999771118164,2794800
2023-02-17,10.020000457763672,10.050000190734863,9.699999809265137,10.020000457763672,10.020000457763672,3402300
2023-02-21,9.859999656677246,9.930000305175781,9.239999771118164,9.390000343322754,9.390000343322754,5789500
2023-02-22,9.420000076293945,9.489999771118164,8.9399995803833,9.100000381469727,9.100000381469727,6153800
2023-02-23,9.119999885559082,9.199999809265137,8.640000343322754,9.069999694824219,9.069999694824219,4800000
2023-02-24,8.850000381469727,8.90999984741211,8.670000076293945,8.819999694824219,8.819999694824219,3520800
2023-02-27,8.979999542236328,8.989999771118164,8.510000228881836,8.670000076293945,8.670000076293945,5674100
2023-02-28,8.699999809265137,9.399999618530273,8.59000015258789,9.260000228881836,9.260000228881836,11462600
2023-03-01,6.829999923706055,7.159999847412109,6.639999866485596,6.860000133514404,6.860000133514404,23570200
2023-03-02,6.659999847412109,7.300000190734863,6.650000095367432,6.929999828338623,6.929999828338623,9128200
2023-03-03,6.940000057220459,7.920000076293945,6.789999961853027,7.690000057220459,7.690000057220459,11198800
2023-03-06,7.480000019073486,7.699999809265137,7.159999847412109,7.289999961853027,7.289999961853027,7243400
2023-03-07,7.269999980926514,7.269999980926514,6.929999828338623,6.96999979019165,6.96999979019165,4610000
2023-03-08,6.929999828338623,6.949999809265137,6.769999980926514,6.889999866485596,6.889999866485596,5325300
2023-03-09,6.860000133514404,6.949999809265137,6.559999942779541,6.570000171661377,6.570000171661377,3849800
2023-03-10,6.539999961853027,6.730000019073486,6.25,6.519999980926514,6.519999980926514,7085100
2023-03-13,6.460000038146973,7.21999979019165,6.409999847412109,6.849999904632568,6.849999904632568,7882500
2023-03-14,6.880000114440918,7.050000190734863,6.21999979019165,6.269999980926514,6.269999980926514,6557900
2023-03-15,6.199999809265137,6.389999866485596,5.849999904632568,5.900000095367432,5.900000095367432,7547600
2023-03-16,5.829999923706055,6.059999942779541,5.679999828338623,5.96999979019165,5.96999979019165,5247800
2023-03-17,5.949999809265137,6.0,5.760000228881836,5.949999809265137,5.949999809265137,14247800
2023-03-20,5.800000190734863,6.0,5.699999809265137,5.980000019073486,5.980000019073486,3265600
2023-03-21,6.019999980926514,6.360000133514404,5.920000076293945,6.019999980926514,6.019999980926514,4343100
2023-03-22,6.070000171661377,6.170000076293945,5.769999980926514,5.78000020980835,5.78000020980835,4926000
2023-03-23,5.809999942779541,6.099999904632568,5.610000133514404,5.760000228881836,5.760000228881836,5807800
2023-03-24,5.730000019073486,6.130000114440918,5.710000038146973,6.039999961853027,6.039999961853027,4324300
2023-03-27,6.039999961853027,6.139999866485596,5.809999942779541,6.090000152587891,6.090000152587891,2971700
2023-03-28,6.110000133514404,6.199999809265137,6.050000190734863,6.159999847412109,6.159999847412109,2427500
2023-03-29,6.25,6.710000038146973,6.199999809265137,6.659999847412109,6.659999847412109,4665700
2023-03-30,6.769999980926514,6.800000190734863,6.519999980926514,6.590000152587891,6.590000152587891,3331800
2023-03-31,6.630000114440918,7.130000114440918,6.559999942779541,6.929999828338623,6.929999828338623,5226500
2023-04-03,6.980000019073486,7.480000019073486,6.849999904632568,7.400000095367432,7.400000095367432,5682200
2023-04-04,7.369999885559082,7.489999771118164,7.119999885559082,7.340000152587891,7.340000152587891,5783200
2023-04-05,7.360000133514404,7.829999923706055,7.090000152587891,7.590000152587891,7.590000152587891,5795900
2023-04-06,7.650000095367432,8.949999809265137,7.590000152587891,8.460000038146973,8.460000038146973,8938700
2023-04-10,8.5600004196167,8.569999694824219,7.630000114440918,8.0,8.0,5940800
2023-04-11,8.25,9.09000015258789,8.119999885559082,9.039999961853027,9.039999961853027,6873800
2023-04-12,9.149999618530273,9.34000015258789,8.739999771118164,9.039999961853027,9.039999961853027,7321600
2023-04-13,9.180000305175781,9.529999732971191,8.970000267028809,9.520000457763672,9.520000457763672,6250600
2023-04-14,9.430000305175781,9.539999961853027,9.010000228881836,9.15999984741211,9.15999984741211,3979000
2023-04-17,9.329999923706055,9.680000305175781,8.9399995803833,9.460000038146973,9.460000038146973,4810800
2023-04-18,9.539999961853027,9.539999961853027,8.510000228881836,9.300000190734863,9.300000190734863,7131500
2023-04-19,9.100000381469727,9.300000190734863,8.699999809265137,8.960000038146973,8.960000038146973,3868600
2023-04-20,8.520000457763672,8.5600004196167,8.020000457763672,8.229999542236328,8.229999542236328,7422100
2023-04-21,8.279999732971191,8.890000343322754,8.239999771118164,8.680000305175781,8.680000305175781,5229400
2023-04-24,8.529999732971191,8.6899995803833,8.039999961853027,8.079999923706055,8.079999923706055,3692500
2023-04-25,8.279999732971191,8.359999656677246,7.619999885559082,7.630000114440918,7.630000114440918,4768800
2023-04-26,7.650000095367432,7.760000228881836,7.409999847412109,7.53000020980835,7.53000020980835,3949200
2023-04-27,7.610000133514404,7.869999885559082,7.360000133514404,7.559999942779541,7.559999942779541,4413500
2023-04-28,7.460000038146973,7.769999980926514,7.329999923706055,7.670000076293945,7.670000076293945,3448500
2023-05-01,7.690000057220459,7.75,7.440000057220459,7.71999979019165,7.71999979019165,2185900
2023-05-02,7.639999866485596,7.75,7.03000020980835,7.039999961853027,7.039999961853027,3524800
2023-05-03,7.010000228881836,7.300000190734863,6.889999866485596,7.150000095367432,7.150000095367432,3005400
2023-05-04,7.199999809265137,7.619999885559082,7.050000190734863,7.570000171661377,7.570000171661377,3522400
2023-05-05,7.619999885559082,8.100000381469727,7.53000020980835,7.710000038146973,7.710000038146973,5845200
2023-05-08,7.670000076293945,7.739999771118164,7.269999980926514,7.449999809265137,7.449999809265137,3524300
2023-05-09,8.970000267028809,11.359999656677246,8.90999984741211,9.520000457763672,9.520000457763672,42904800
2023-05-10,10.010000228881836,10.020000457763672,8.890000343322754,8.989999771118164,8.989999771118164,9327700
2023-05-11,9.0,9.369999885559082,8.600000381469727,8.890000343322754,8.890000343322754,5470400
2023-05-12,9.020000457763672,9.34000015258789,8.380000114440918,8.449999809265137,8.449999809265137,4549600
2023-05-15,8.399999618530273,8.510000228881836,8.039999961853027,8.109999656677246,8.109999656677246,4083200
2023-05-16,8.100000381469727,8.100000381469727,7.579999923706055,7.639999866485596,7.639999866485596,4300800
2023-05-17,7.690000057220459,7.800000190734863,7.429999828338623,7.75,7.75,3591100
2023-05-18,7.75,7.760000228881836,7.329999923706055,7.420000076293945,7.420000076293945,4583600
2023-05-19,7.369999885559082,7.409999847412109,7.099999904632568,7.150000095367432,7.150000095367432,3720500
2023-05-22,7.110000133514404,7.610000133514404,7.090000152587891,7.539999961853027,7.539999961853027,3727800
2023-05-23,7.559999942779541,8.260000228881836,7.420000076293945,7.989999771118164,7.989999771118164,7151900
2023-05-24,8.300000190734863,8.300000190734863,7.239999771118164,7.289999961853027,7.289999961853027,5557200
2023-05-25,7.210000038146973,7.349999904632568,6.639999866485596,6.889999866485596,6.889999866485596,6393100
2023-05-26,6.920000076293945,7.269999980926514,6.800000190734863,7.210000038146973,7.210000038146973,4104100
2023-05-30,7.25,7.510000228881836,7.090000152587891,7.429999828338623,7.429999828338623,3782700
2023-05-31,7.429999828338623,8.130000114440918,7.400000095367432,8.050000190734863,8.050000190734863,7555100
2023-06-01,7.989999771118164,8.1899995803833,7.559999942779541,7.71999979019165,7.71999979019165,3624300
2023-06-02,7.869999885559082,7.920000076293945,7.5,7.619999885559082,7.619999885559082,3477700
2023-06-05,7.809999942779541,8.199999809265137,7.659999847412109,7.849999904632568,7.849999904632568,5557700
2023-06-06,7.71999979019165,7.789999961853027,7.110000133514404,7.230000019073486,7.230000019073486,8020200
2023-06-07,7.230000019073486,7.789999961853027,7.090000152587891,7.670000076293945,7.670000076293945,5851200
2023-06-08,7.659999847412109,7.900000095367432,7.300000190734863,7.690000057220459,7.690000057220459,5459500
2023-06-09,7.739999771118164,8.199999809265137,7.449999809265137,7.46999979019165,7.46999979019165,5511300
2023-06-12,7.619999885559082,7.960000038146973,7.46999979019165,7.78000020980835,7.78000020980835,4247300
2023-06-13,7.849999904632568,8.529999732971191,7.730000019073486,8.039999961853027,8.039999961853027,7069300
2023-06-14,8.1899995803833,8.300000190734863,7.690000057220459,7.71999979019165,7.71999979019165,5915400
2023-06-15,7.71999979019165,8.420000076293945,7.650000095367432,8.0600004196167,8.0600004196167,6036500
2023-06-16,8.199999809265137,8.34000015258789,7.889999866485596,8.039999961853027,8.039999961853027,6931200
2023-06-20,8.0600004196167,8.0600004196167,7.230000019073486,7.46999979019165,7.46999979019165,8395600
2023-06-21,7.480000019073486,7.690000057220459,7.159999847412109,7.440000057220459,7.440000057220459,4054500
2023-06-22,7.389999866485596,7.400000095367432,7.070000171661377,7.159999847412109,7.159999847412109,4945200
2023-06-23,7.099999904632568,7.139999866485596,6.610000133514404,6.699999809265137,6.699999809265137,16317500
2023-06-26,6.710000038146973,6.829999923706055,6.559999942779541,6.670000076293945,6.670000076293945,3818400
2023-06-27,6.690000057220459,7.119999885559082,6.590000152587891,7.079999923706055,7.079999923706055,3667400
2023-06-28,7.170000076293945,7.590000152587891,7.03000020980835,7.53000020980835,7.53000020980835,6820600
2023-06-29,7.53000020980835,7.829999923706055,7.449999809265137,7.590000152587891,7.590000152587891,5015200
2023-06-30,7.619999885559082,7.760000228881836,7.389999866485596,7.429999828338623,7.429999828338623,3418300
2023-07-03,7.480000019073486,7.590000152587891,7.21999979019165,7.380000114440918,7.380000114440918,2177900
2023-07-05,7.380000114440918,7.460000038146973,7.210000038146973,7.360000133514404,7.360000133514404,3031100
2023-07-06,7.25,7.340000152587891,6.900000095367432,7.059999942779541,7.059999942779541,4103300
2023-07-07,7.050000190734863,7.340000152587891,7.050000190734863,7.230000019073486,7.230000019073486,3209200
2023-07-10,7.349999904632568,9.550000190734863,7.300000190734863,9.359999656677246,9.359999656677246,28120700
2023-07-11,9.109999656677246,10.180000305175781,8.850000381469727,9.619999885559082,9.619999885559082,15375300
2023-07-12,9.880000114440918,9.920000076293945,9.279999732971191,9.34000015258789,9.34000015258789,5416900
2023-07-13,9.380000114440918,9.470000267028809,9.15999984741211,9.239999771118164,9.239999771118164,3995200
2023-07-14,9.210000038146973,9.229999542236328,8.510000228881836,8.680000305175781,8.680000305175781,5536000
2023-07-17,8.699999809265137,8.739999771118164,8.140000343322754,8.15999984741211,8.15999984741211,4323500
2023-07-18,8.130000114440918,8.680000305175781,7.940000057220459,8.109999656677246,8.109999656677246,4966500
2023-07-19,8.149999618530273,8.350000381469727,8.029999732971191,8.109999656677246,8.109999656677246,4009900
2023-07-20,8.15999984741211,8.300000190734863,7.900000095367432,8.0600004196167,8.0600004196167,4110700
2023-07-21,8.199999809265137,8.199999809265137,7.679999828338623,8.149999618530273,8.149999618530273,4299700
2023-07-24,8.270000457763672,8.289999961853027,7.809999942779541,7.96999979019165,7.96999979019165,3768200
2023-07-25,8.0,8.289999961853027,7.989999771118164,8.0,8.0,4008900
2023-07-26,8.020000457763672,8.289999961853027,7.920000076293945,8.220000267028809,8.220000267028809,2866200
2023-07-27,8.25,8.390000343322754,7.829999923706055,7.849999904632568,7.849999904632568,4950100
2023-07-28,7.989999771118164,8.34000015258789,7.880000114440918,8.199999809265137,8.199999809265137,4646200
2023-07-31,8.25,9.34000015258789,8.199999809265137,9.279999732971191,9.279999732971191,8106300
2023-08-01,9.140000343322754,9.289999961853027,8.640000343322754,8.75,8.75,4125500
2023-08-02,8.619999885559082,8.739999771118164,7.860000133514404,8.399999618530273,8.399999618530273,7031700
2023-08-03,8.479999542236328,8.84000015258789,8.210000038146973,8.229999542236328,8.229999542236328,4053600
2023-08-04,8.239999771118164,8.300000190734863,8.0,8.0600004196167,8.0600004196167,4043000
2023-08-07,8.079999923706055,8.079999923706055,7.289999961853027,7.519999980926514,7.519999980926514,8355800
2023-08-08,8.119999885559082,8.819999694824219,7.099999904632568,7.230000019073486,7.230000019073486,30172000
2023-08-09,7.440000057220459,7.679999828338623,6.849999904632568,7.119999885559082,7.119999885559082,10853700
2023-08-10,7.159999847412109,8.130000114440918,7.099999904632568,7.690000057220459,7.690000057220459,13173300
2023-08-11,7.690000057220459,7.730000019073486,7.340000152587891,7.360000133514404,7.360000133514404,6408600
2023-08-14,7.300000190734863,7.349999904632568,7.010000228881836,7.239999771118164,7.239999771118164,4274400
2023-08-15,7.150000095367432,7.309999942779541,7.039999961853027,7.239999771118164,7.239999771118164,4786800
2023-08-16,7.150000095367432,7.449999809265137,7.070000171661377,7.130000114440918,7.130000114440918,3658300
2023-08-17,7.150000095367432,7.619999885559082,7.130000114440918,7.369999885559082,7.369999885559082,6130700
2023-08-18,7.329999923706055,7.550000190734863,7.070000171661377,7.139999866485596,7.139999866485596,4770400
2023-08-21,7.25,8.510000228881836,6.980000019073486,8.069999694824219,8.069999694824219,17114200
2023-08-22,8.300000190734863,9.600000381469727,8.210000038146973,9.15999984741211,9.15999984741211,27336200
2023-08-23,9.100000381469727,9.529999732971191,8.699999809265137,9.010000228881836,9.010000228881836,12794100
2023-08-24,8.989999771118164,9.029999732971191,7.920000076293945,8.229999542236328,8.229999542236328,10925300
2023-08-25,8.239999771118164,8.319999694824219,8.0,8.050000190734863,8.050000190734863,5909100
2023-08-28,8.149999618530273,9.039999961853027,8.079999923706055,8.350000381469727,8.350000381469727,14425600
2023-08-29,8.239999771118164,8.449999809265137,8.109999656677246,8.300000190734863,8.300000190734863,5908600
2023-08-30,8.300000190734863,8.600000381469727,8.180000305175781,8.359999656677246,8.359999656677246,6817600
2023-08-31,8.359999656677246,8.569999694824219,8.0,8.0,8.0,7639400
2023-09-01,8.039999961853027,8.470000267028809,8.020000457763672,8.210000038146973,8.210000038146973,8030200
2023-09-05,8.319999694824219,9.270000457763672,8.25,9.050000190734863,9.050000190734863,19613400
2023-09-06,9.069999694824219,10.300000190734863,9.039999961853027,9.739999771118164,9.739999771118164,28111000
2023-09-07,9.819999694824219,9.979999542236328,8.699999809265137,9.149999618530273,9.149999618530273,19695200
2023-09-08,9.029999732971191,9.75,8.899999618530273,8.970000267028809,8.970000267028809,11072900
2023-09-11,9.020000457763672,9.020000457763672,7.730000019073486,7.820000171661377,7.820000171661377,19083200
2023-09-12,7.860000133514404,8.329999923706055,7.440000057220459,7.909999847412109,7.909999847412109,12059100
2023-09-13,7.889999866485596,7.929999828338623,7.340000152587891,7.360000133514404,7.360000133514404,12524900
2023-09-14,7.420000076293945,8.020000457763672,7.300000190734863,7.989999771118164,7.989999771118164,13357500
2023-09-15,7.889999866485596,8.079999923706055,7.670000076293945,7.710000038146973,7.710000038146973,10924300
2023-09-18,7.769999980926514,7.860000133514404,7.389999866485596,7.409999847412109,7.409999847412109,6989500
2023-09-19,7.409999847412109,7.75,7.360000133514404,7.679999828338623,7.679999828338623,10583300
2023-09-20,7.730000019073486,7.75,6.940000057220459,7.050000190734863,7.050000190734863,14609400
2023-09-21,6.940000057220459,7.039999961853027,6.71999979019165,6.809999942779541,6.809999942779541,9408300
2023-09-22,6.869999885559082,7.159999847412109,6.809999942779541,7.130000114440918,7.130000114440918,6591200
2023-09-25,7.070000171661377,7.570000171661377,6.900000095367432,7.309999942779541,7.309999942779541,8341400
2023-09-26,7.199999809265137,7.539999961853027,7.050000190734863,7.110000133514404,7.110000133514404,7182300
2023-09-27,7.179999828338623,7.380000114440918,7.03000020980835,7.190000057220459,7.190000057220459,4110600
2023-09-28,7.190000057220459,7.269999980926514,7.010000228881836,7.159999847412109,7.159999847412109,3483700
2023-09-29,7.289999961853027,7.679999828338623,7.159999847412109,7.239999771118164,7.239999771118164,8139800
2023-10-02,7.239999771118164,7.309999942779541,7.039999961853027,7.090000152587891,7.090000152587891,5118000
2023-10-03,7.079999923706055,8.149999618530273,6.730000019073486,7.670000076293945,7.670000076293945,29181300
2023-10-04,7.710000038146973,7.78000020980835,6.96999979019165,7.329999923706055,7.329999923706055,13968700
2023-10-05,7.25,7.329999923706055,6.909999847412109,7.130000114440918,7.130000114440918,8131100
2023-10-06,7.0,7.730000019073486,6.989999771118164,7.619999885559082,7.619999885559082,11870900
2023-10-09,7.429999828338623,7.53000020980835,7.150000095367432,7.179999828338623,7.179999828338623,6497800
2023-10-10,7.21999979019165,7.480000019073486,7.210000038146973,7.380000114440918,7.380000114440918,4700100
2023-10-11,7.429999828338623,8.119999885559082,7.429999828338623,7.630000114440918,7.630000114440918,10250700
2023-10-12,7.599999904632568,7.630000114440918,7.199999809265137,7.449999809265137,7.449999809265137,8553200
2023-10-13,7.400000095367432,7.400000095367432,6.809999942779541,7.050000190734863,7.050000190734863,12370500
2023-10-16,6.96999979019165,7.210000038146973,6.380000114440918,6.630000114440918,6.630000114440918,15022000
2023-10-17,6.550000190734863,6.769999980926514,6.409999847412109,6.449999809265137,6.449999809265137,7158900
2023-10-18,6.400000095367432,6.559999942779541,6.329999923706055,6.46999979019165,6.46999979019165,6060600
2023-10-19,6.570000171661377,6.570000171661377,6.0,6.110000133514404,6.110000133514404,6904100
2023-10-20,6.130000114440918,6.590000152587891,6.019999980926514,6.429999828338623,6.429999828338623,6898300
2023-10-23,6.349999904632568,6.590000152587891,6.090000152587891,6.159999847412109,6.159999847412109,6521700
2023-10-24,6.340000152587891,6.489999771118164,6.090000152587891,6.25,6.25,4682400
2023-10-25,6.230000019073486,6.420000076293945,6.159999847412109,6.269999980926514,6.269999980926514,4229400
2023-10-26,6.199999809265137,6.480000019073486,6.150000095367432,6.420000076293945,6.420000076293945,5485500
2023-10-27,6.5,6.539999961853027,6.300000190734863,6.349999904632568,6.349999904632568,3570900
2023-10-30,6.320000171661377,6.690000057220459,6.320000171661377,6.519999980926514,6.519999980926514,4684100
2023-10-31,6.489999771118164,6.829999923706055,6.360000133514404,6.659999847412109,6.659999847412109,5653700
2023-11-01,6.699999809265137,7.050000190734863,6.679999828338623,7.0,7.0,6422300
2023-11-02,6.949999809265137,7.21999979019165,6.800000190734863,7.139999866485596,7.139999866485596,5711200
2023-11-03,7.28000020980835,7.46999979019165,7.03000020980835,7.059999942779541,7.059999942779541,5442000
2023-11-06,7.130000114440918,7.179999828338623,6.78000020980835,6.889999866485596,6.889999866485596,5031200
2023-11-07,6.900000095367432,7.150000095367432,6.849999904632568,7.090000152587891,7.090000152587891,4783600
2023-11-08,7.190000057220459,7.190000057220459,6.699999809265137,6.800000190734863,6.800000190734863,6151100
2023-11-09,6.929999828338623,7.489999771118164,6.710000038146973,6.710000038146973,6.710000038146973,9923600
2023-11-10,6.679999828338623,6.690000057220459,5.949999809265137,6.239999771118164,6.239999771118164,9112700
2023-11-13,6.269999980926514,6.289999961853027,6.090000152587891,6.269999980926514,6.269999980926514,4107000
2023-11-14,6.46999979019165,6.510000228881836,6.170000076293945,6.239999771118164,6.239999771118164,6177100
2023-11-15,6.329999923706055,6.489999771118164,6.190000057220459,6.199999809265137,6.199999809265137,5367000
2023-11-16,6.119999885559082,6.130000114440918,5.760000228881836,5.829999923706055,5.829999923706055,7571000
2023-11-17,5.820000171661377,5.960000038146973,5.650000095367432,5.730000019073486,5.730000019073486,6198700
2023-11-20,5.75,5.75,5.559999942779541,5.699999809265137,5.699999809265137,5386900
2023-11-21,5.619999885559082,5.679999828338623,5.329999923706055,5.349999904632568,5.349999904632568,4598300
2023-11-22,5.400000095367432,5.489999771118164,5.300000190734863,5.400000095367432,5.400000095367432,4420400
2023-11-24,5.46999979019165,5.800000190734863,5.449999809265137,5.570000171661377,5.570000171661377,3925600
2023-11-27,5.599999904632568,5.610000133514404,5.389999866485596,5.460000038146973,5.460000038146973,4079800
2023-11-28,5.519999980926514,5.800000190734863,5.429999828338623,5.730000019073486,5.730000019073486,6189800
2023-11-29,5.769999980926514,5.929999828338623,5.550000190734863,5.559999942779541,5.559999942779541,6973200
2023-11-30,5.599999904632568,5.710000038146973,5.420000076293945,5.5,5.5,5654300
2023-12-01,5.5,5.599999904632568,5.329999923706055,5.570000171661377,5.570000171661377,6867900
2023-12-04,5.519999980926514,5.849999904632568,5.46999979019165,5.75,5.75,6231700
2023-12-05,5.800000190734863,6.050000190734863,5.579999923706055,5.590000152587891,5.590000152587891,8146700
2023-12-06,5.599999904632568,5.820000171661377,5.559999942779541,5.579999923706055,5.579999923706055,5970700
2023-12-07,5.579999923706055,5.590000152587891,5.420000076293945,5.53000020980835,5.53000020980835,5705600
2023-12-08,5.5,5.619999885559082,5.429999828338623,5.570000171661377,5.570000171661377,5004300
2023-12-11,5.619999885559082,5.769999980926514,5.519999980926514,5.570000171661377,5.570000171661377,6964800
2023-12-12,5.570000171661377,5.570000171661377,5.190000057220459,5.309999942779541,5.309999942779541,8199200
2023-12-13,5.210000038146973,5.420000076293945,5.059999942779541,5.360000133514404,5.360000133514404,10167900
2023-12-14,5.579999923706055,5.880000114440918,5.449999809265137,5.690000057220459,5.690000057220459,15269300
2023-12-15,5.730000019073486,5.829999923706055,5.380000114440918,5.400000095367432,5.400000095367432,19927600
2023-12-18,5.360000133514404,5.389999866485596,5.070000171661377,5.159999847412109,5.159999847412109,11921200
2023-12-19,5.179999828338623,5.320000171661377,5.179999828338623,5.230000019073486,5.230000019073486,5760900
2023-12-20,5.179999828338623,5.199999809265137,4.849999904632568,4.909999847412109,4.909999847412109,14339100
2023-12-21,4.989999771118164,5.110000133514404,4.929999828338623,4.940000057220459,4.940000057220459,8087800
2023-12-22,4.940000057220459,5.170000076293945,4.900000095367432,5.059999942779541,5.059999942779541,7924800
2023-12-26,5.150000095367432,5.190000057220459,5.03000020980835,5.050000190734863,5.050000190734863,4775900
2023-12-27,5.019999980926514,5.079999923706055,4.889999866485596,4.940000057220459,4.940000057220459,8607300
2023-12-28,4.949999809265137,5.019999980926514,4.840000152587891,4.909999847412109,4.909999847412109,7460100
2023-12-29,4.900000095367432,5.019999980926514,4.800000190734863,4.800000190734863,4.800000190734863,7171900
2024-01-02,4.820000171661377,5.340000152587891,4.769999980926514,5.03000020980835,5.03000020980835,13939800
2024-01-03,5.0,5.0,4.78000020980835,4.889999866485596,4.889999866485596,14051700
2024-01-04,4.909999847412109,5.199999809265137,4.809999942779541,5.159999847412109,5.159999847412109,9809600
2024-01-05,5.019999980926514,5.110000133514404,4.860000133514404,5.0,5.0,7707200
2024-01-08,4.960000038146973,5.190000057220459,4.880000114440918,5.150000095367432,5.150000095367432,8989100
2024-01-09,5.099999904632568,5.099999904632568,4.630000114440918,4.809999942779541,4.809999942779541,15527000
2024-01-10,4.869999885559082,4.920000076293945,4.699999809265137,4.840000152587891,4.840000152587891,8816800
2024-01-11,4.800000190734863,4.809999942779541,4.550000190734863,4.559999942779541,4.559999942779541,8349100
2024-01-12,4.559999942779541,4.730000019073486,4.53000020980835,4.579999923706055,4.579999923706055,6288100
2024-01-16,4.429999828338623,4.480000019073486,4.28000020980835,4.340000152587891,4.340000152587891,7265500
2024-01-17,4.21999979019165,4.25,4.150000095367432,4.210000038146973,4.210000038146973,6091600
2024-01-18,4.110000133514404,4.150000095367432,4.010000228881836,4.110000133514404,4.110000133514404,6797400
2024-01-19,4.110000133514404,4.119999885559082,3.990000009536743,4.050000190734863,4.050000190734863,5745500
2024-01-22,4.059999942779541,4.289999961853027,4.019999980926514,4.179999828338623,4.179999828338623,6625400
2024-01-23,4.320000171661377,4.360000133514404,4.119999885559082,4.260000228881836,4.260000228881836,5181700
2024-01-24,4.320000171661377,4.349999904632568,4.019999980926514,4.050000190734863,4.050000190734863,7267500
2024-01-25,4.070000171661377,4.179999828338623,4.039999961853027,4.099999904632568,4.099999904632568,5646100
2024-01-26,4.170000076293945,4.230000019073486,3.9800000190734863,4.059999942779541,4.059999942779541,5223800
2024-01-29,4.070000171661377,4.199999809265137,4.010000228881836,4.190000057220459,4.190000057220459,5711300
2024-01-30,4.179999828338623,4.21999979019165,4.019999980926514,4.03000020980835,4.03000020980835,5645300
2024-01-31,4.010000228881836,4.239999771118164,3.950000047683716,4.0,4.0,9126000
2024-02-01,4.050000190734863,4.090000152587891,3.990000009536743,4.019999980926514,4.019999980926514,5146400
2024-02-02,4.010000228881836,4.019999980926514,3.819999933242798,3.930000066757202,3.930000066757202,8302500
2024-02-05,3.8299999237060547,3.859999895095825,3.5299999713897705,3.759999990463257,3.759999990463257,8981800
2024-02-06,3.7699999809265137,3.950000047683716,3.700000047683716,3.930000066757202,3.930000066757202,4633900
2024-02-07,3.930000066757202,3.930000066757202,3.75,3.7799999713897705,3.7799999713897705,5180400
2024-02-08,3.680000066757202,3.799999952316284,3.5999999046325684,3.7899999618530273,3.7899999618530273,4688300
2024-02-09,3.8299999237060547,4.139999866485596,3.740000009536743,4.03000020980835,4.03000020980835,8227200
2024-02-12,4.090000152587891,4.340000152587891,4.0,4.150000095367432,4.150000095367432,8241100
2024-02-13,4.03000020980835,4.039999961853027,3.809999942779541,3.9000000953674316,3.9000000953674316,8270200
2024-02-14,3.9700000286102295,4.150000095367432,3.869999885559082,4.099999904632568,4.099999904632568,7064400
2024-02-15,4.110000133514404,4.349999904632568,4.070000171661377,4.300000190734863,4.300000190734863,6628400
2024-02-16,4.21999979019165,4.309999942779541,4.110000133514404,4.159999847412109,4.159999847412109,4129800
2024-02-20,4.159999847412109,4.230000019073486,4.079999923706055,4.130000114440918,4.130000114440918,3396900
2024-02-21,4.130000114440918,4.21999979019165,3.9200000762939453,3.9800000190734863,3.9800000190734863,4834600
2024-02-22,4.460000038146973,5.460000038146973,4.380000114440918,4.880000114440918,4.880000114440918,41467700
2024-02-23,5.059999942779541,5.460000038146973,4.909999847412109,5.289999961853027,5.289999961853027,18647900
2024-02-26,5.409999847412109,5.730000019073486,5.28000020980835,5.5,5.5,15167700
2024-02-27,5.610000133514404,6.050000190734863,5.53000020980835,6.019999980926514,6.019999980926514,16386700
2024-02-28,4.639999866485596,4.699999809265137,4.230000019073486,4.409999847412109,4.409999847412109,32269300
2024-02-29,4.400000095367432,5.110000133514404,4.380000114440918,4.940000057220459,4.940000057220459,18992800
2024-03-01,5.090000152587891,5.5,4.760000228881836,5.389999866485596,5.389999866485596,14775000
2024-03-04,5.440000057220459,5.579999923706055,5.099999904632568,5.489999771118164,5.489999771118164,8916200
2024-03-05,5.369999885559082,6.0,5.340000152587891,5.570000171661377,5.570000171661377,13751700
2024-03-06,5.650000095367432,5.809999942779541,5.409999847412109,5.610000133514404,5.610000133514404,7714700
2024-03-07,5.670000076293945,5.829999923706055,5.559999942779541,5.610000133514404,5.610000133514404,5944000
2024-03-08,5.679999828338623,5.980000019073486,5.429999828338623,5.449999809265137,5.449999809265137,8247800
2024-03-11,5.449999809265137,5.619999885559082,5.119999885559082,5.130000114440918,5.130000114440918,5836000
2024-03-12,5.159999847412109,5.21999979019165,4.980000019073486,5.059999942779541,5.059999942779541,4058700
2024-03-13,5.050000190734863,5.289999961853027,4.989999771118164,5.25,5.25,5140600
2024-03-14,5.199999809265137,5.269999980926514,4.920000076293945,4.980000019073486,4.980000019073486,5180800
2024-03-15,4.96999979019165,5.400000095367432,4.909999847412109,5.289999961853027,5.289999961853027,8817200
2024-03-18,5.239999771118164,5.369999885559082,5.099999904632568,5.139999866485596,5.139999866485596,3160200
2024-03-19,5.070000171661377,5.159999847412109,4.920000076293945,4.940000057220459,4.940000057220459,4024300
2024-03-20,4.949999809265137,4.949999809265137,4.639999866485596,4.829999923706055,4.829999923706055,7352200
2024-03-21,4.860000133514404,5.070000171661377,4.710000038146973,4.71999979019165,4.71999979019165,3968500
2024-03-22,4.690000057220459,4.769999980926514,4.630000114440918,4.699999809265137,4.699999809265137,2803900
2024-03-25,4.679999828338623,4.909999847412109,4.659999847412109,4.809999942779541,4.809999942779541,3588100
2024-03-26,4.889999866485596,4.920000076293945,4.699999809265137,4.710000038146973,4.710000038146973,5216900
2024-03-27,4.730000019073486,4.849999904632568,4.679999828338623,4.849999904632568,4.849999904632568,3836400
2024-03-28,4.840000152587891,4.949999809265137,4.760000228881836,4.78000020980835,4.78000020980835,3616400
2024-04-01,4.820000171661377,4.849999904632568,4.610000133514404,4.650000095367432,4.650000095367432,4384200
2024-04-02,4.809999942779541,4.809999942779541,4.460000038146973,4.53000020980835,4.53000020980835,4451300
2024-04-03,4.489999771118164,4.579999923706055,4.380000114440918,4.539999961853027,4.539999961853027,3550600
2024-04-04,4.550000190734863,4.75,4.440000057220459,4.440000057220459,4.440000057220459,4319200
2024-04-05,4.389999866485596,4.539999961853027,4.320000171661377,4.420000076293945,4.420000076293945,3545100
2024-04-08,4.420000076293945,4.480000019073486,4.360000133514404,4.429999828338623,4.429999828338623,2050600
2024-04-09,4.420000076293945,4.650000095367432,4.389999866485596,4.420000076293945,4.420000076293945,3628400
2024-04-10,4.349999904632568,4.349999904632568,4.21999979019165,4.260000228881836,4.260000228881836,5292400
2024-04-11,4.340000152587891,4.360000133514404,4.230000019073486,4.300000190734863,4.300000190734863,3008000
2024-04-12,4.300000190734863,4.480000019073486,4.239999771118164,4.28000020980835,4.28000020980835,4008100
2024-04-15,4.420000076293945,4.429999828338623,4.099999904632568,4.119999885559082,4.119999885559082,5326700
2024-04-16,4.070000171661377,4.110000133514404,3.950000047683716,3.990000009536743,3.990000009536743,3719400
2024-04-17,4.0,4.050000190734863,3.880000114440918,3.890000104904175,3.890000104904175,3723800
2024-04-18,3.890000104904175,3.990000009536743,3.809999942779541,3.890000104904175,3.890000104904175,2862000
2024-04-19,3.890000104904175,4.019999980926514,3.859999895095825,3.9700000286102295,3.9700000286102295,2923100
2024-04-22,3.990000009536743,4.130000114440918,3.9100000858306885,4.070000171661377,4.070000171661377,2302000
2024-04-23,4.090000152587891,4.360000133514404,4.079999923706055,4.190000057220459,4.190000057220459,3600700
2024-04-24,4.260000228881836,4.260000228881836,4.099999904632568,4.150000095367432,4.150000095367432,3000800
2024-04-25,4.090000152587891,4.119999885559082,3.9000000953674316,3.950000047683716,3.950000047683716,3380700
2024-04-26,3.9700000286102295,4.130000114440918,3.9200000762939453,4.090000152587891,4.090000152587891,3021800
2024-04-29,4.139999866485596,4.320000171661377,4.099999904632568,4.289999961853027,4.289999961853027,3900500
2024-04-30,4.269999980926514,4.480000019073486,4.25,4.329999923706055,4.329999923706055,4280900
2024-05-01,4.300000190734863,4.800000190734863,4.289999961853027,4.670000076293945,4.670000076293945,5460600
2024-05-02,4.690000057220459,4.78000020980835,4.599999904632568,4.710000038146973,4.710000038146973,3689700
2024-05-03,4.840000152587891,4.940000057220459,4.690000057220459,4.929999828338623,4.929999828338623,4668300
2024-05-06,4.929999828338623,5.050000190734863,4.71999979019165,4.760000228881836,4.760000228881836,4846200
2024-05-07,4.940000057220459,4.940000057220459,4.46999979019165,4.610000133514404,4.610000133514404,5271300
2024-05-08,4.539999961853027,4.559999942779541,4.429999828338623,4.46999979019165,4.46999979019165,3080400
2024-05-09,4.480000019073486,4.559999942779541,4.429999828338623,4.46999979019165,4.46999979019165,4533200
2024-05-10,10.020000457763672,11.0,8.609999656677246,8.880000114440918,8.880000114440918,170872000
2024-05-13,9.6899995803833,13.970000267028809,9.520000457763672,13.109999656677246,13.109999656677246,123507800
2024-05-14,13.399999618530273,15.0,12.5600004196167,13.479999542236328,13.479999542236328,56549400
2024-05-15,13.180000305175781,13.710000038146973,11.3100004196167,12.899999618530273,12.899999618530273,26671800
2024-05-16,12.3100004196167,14.800000190734863,12.029999732971191,14.399999618530273,14.399999618530273,24873500
2024-05-17,14.350000381469727,14.380000114440918,12.949999809265137,13.010000228881836,13.010000228881836,13906500
2024-05-20,12.949999809265137,14.800000190734863,12.680000305175781,14.789999961853027,14.789999961853027,14272500
2024-05-21,14.34000015258789,15.6899995803833,14.0600004196167,14.90999984741211,14.90999984741211,16835900
2024-05-22,14.880000114440918,17.399999618530273,14.800000190734863,15.699999809265137,15.699999809265137,30259200
2024-05-23,16.15999984741211,16.209999084472656,14.84000015258789,15.149999618530273,15.149999618530273,17749100
2024-05-24,15.470000267028809,15.960000038146973,14.960000038146973,15.5,15.5,12749500
2024-05-28,15.279999732971191,15.699999809265137,13.5,15.520000457763672,15.520000457763672,19115500
2024-05-29,14.90999984741211,15.59000015258789,14.800000190734863,15.109999656677246,15.109999656677246,9993800
2024-05-30,15.0,15.65999984741211,14.710000038146973,15.25,15.25,10096600
2024-05-31,15.149999618530273,15.399999618530273,14.199999809265137,15.029999732971191,15.029999732971191,15742300
2024-06-03,15.0,18.329999923706055,14.869999885559082,18.219999313354492,18.219999313354492,28686800
2024-06-04,17.969999313354492,18.40999984741211,17.1200008392334,17.760000228881836,17.760000228881836,15881300
2024-06-05,17.920000076293945,22.239999771118164,17.799999237060547,20.969999313354492,20.969999313354492,44679000
2024-06-06,23.739999771118164,23.860000610351562,19.280000686645508,19.559999465942383,19.559999465942383,39337900
2024-06-07,18.790000915527344,19.5,17.3700008392334,18.170000076293945,18.170000076293945,21047500
2024-06-10,17.809999465942383,17.860000610351562,15.399999618530273,16.010000228881836,16.010000228881836,19329800
2024-06-11,15.819999694824219,16.979999542236328,15.59000015258789,16.729999542236328,16.729999542236328,13864000
2024-06-12,16.670000076293945,17.09000015258789,15.619999885559082,15.859999656677246,15.859999656677246,11200800
2024-06-13,15.960000038146973,16.059999465942383,14.90999984741211,15.050000190734863,15.050000190734863,9378600
2024-06-14,14.319999694824219,14.890000343322754,13.5,14.399999618530273,14.399999618530273,17326800
2024-06-17,14.34000015258789,14.779999732971191,13.850000381469727,14.050000190734863,14.050000190734863,9382100
2024-06-18,13.989999771118164,14.479999542236328,13.0600004196167,13.789999961853027,13.789999961853027,14578900
2024-06-20,13.680000305175781,14.359999656677246,13.300000190734863,14.0600004196167,14.0600004196167,10846400
2024-06-21,14.010000228881836,14.430000305175781,13.59000015258789,14.0,14.0,23141500
2024-06-24,14.020000457763672,14.850000381469727,13.920000076293945,14.020000457763672,14.020000457763672,8542700
2024-06-25,13.8100004196167,14.140000343322754,13.6899995803833,14.0,14.0,5228400
2024-06-26,13.800000190734863,13.899999618530273,12.829999923706055,13.109999656677246,13.109999656677246,9419400
2024-06-27,13.199999809265137,13.3100004196167,12.770000457763672,12.829999923706055,12.829999923706055,4744500
2024-06-28,12.930000305175781,13.069999694824219,12.350000381469727,12.65999984741211,12.65999984741211,10116200
2024-07-01,12.670000076293945,13.760000228881836,12.449999809265137,12.729999542236328,12.729999542236328,8605300
2024-07-02,12.789999961853027,13.119999885559082,12.550000190734863,12.970000267028809,12.970000267028809,3770500
2024-07-03,12.979999542236328,13.210000038146973,12.4399995803833,12.550000190734863,12.550000190734863,5439500
2024-07-05,12.460000038146973,12.5,11.6899995803833,11.899999618530273,11.899999618530273,5806900
2024-07-08,11.899999618530273,12.390000343322754,11.680000305175781,12.0600004196167,12.0600004196167,5535600
2024-07-09,12.0600004196167,12.119999885559082,11.699999809265137,11.84000015258789,11.84000015258789,3257900
2024-07-10,11.890000343322754,12.039999961853027,11.699999809265137,11.9399995803833,11.9399995803833,5747100
2024-07-11,12.029999732971191,12.979999542236328,12.029999732971191,12.960000038146973,12.960000038146973,7944100
2024-07-12,13.270000457763672,13.859999656677246,13.0,13.109999656677246,13.109999656677246,7145600
2024-07-15,13.600000381469727,15.260000228881836,13.270000457763672,15.119999885559082,15.119999885559082,12054600
2024-07-16,14.670000076293945,16.940000534057617,14.65999984741211,16.440000534057617,16.440000534057617,14858600
2024-07-17,16.200000762939453,16.56999969482422,15.180000305175781,15.850000381469727,15.850000381469727,8699400
2024-07-18,15.960000038146973,16.889999389648438,14.739999771118164,14.960000038146973,14.960000038146973,8562700
2024-07-19,14.850000381469727,14.9399995803833,13.770000457763672,13.850000381469727,13.850000381469727,5476900
2024-07-22,14.069999694824219,14.960000038146973,13.970000267028809,14.9399995803833,14.9399995803833,5004700
2024-07-23,14.800000190734863,16.450000762939453,14.649999618530273,16.389999389648438,16.389999389648438,6796000
2024-07-24,15.770000457763672,16.639999389648438,15.279999732971191,15.399999618530273,15.399999618530273,8027800
2024-07-25,15.539999961853027,17.450000762939453,15.40999984741211,16.670000076293945,16.670000076293945,11059400
2024-07-26,17.040000915527344,17.809999465942383,16.81999969482422,17.110000610351562,17.110000610351562,7143800
2024-07-29,17.0,17.219999313354492,15.880000114440918,16.420000076293945,16.420000076293945,5237600
2024-07-30,14.4399995803833,14.899999618530273,11.630000114440918,12.199999809265137,12.199999809265137,22630900
2024-07-31,12.199999809265137,13.069999694824219,12.050000190734863,12.8100004196167,12.8100004196167,9339900
2024-08-01,12.100000381469727,12.84000015258789,11.779999732971191,12.569999694824219,12.569999694824219,6465600
2024-08-02,11.930000305175781,12.390000343322754,11.510000228881836,11.779999732971191,11.779999732971191,5944600
2024-08-05,10.170000076293945,11.550000190734863,10.149999618530273,11.380000114440918,11.380000114440918,5131800
2024-08-06,11.609999656677246,11.8100004196167,11.010000228881836,11.529999732971191,11.529999732971191,3524300
2024-08-07,11.789999961853027,11.800000190734863,10.579999923706055,10.710000038146973,10.710000038146973,7293300
2024-08-08,9.0,11.869999885559082,8.869999885559082,11.680000305175781,11.680000305175781,12509600
2024-08-09,11.579999923706055,12.34000015258789,11.350000381469727,11.600000381469727,11.600000381469727,5333200
2024-08-12,11.380000114440918,12.050000190734863,11.039999961853027,11.850000381469727,11.850000381469727,4723100
2024-08-13,11.989999771118164,12.1899995803833,11.489999771118164,12.15999984741211,12.15999984741211,3870900
2024-08-14,12.289999961853027,12.579999923706055,11.960000038146973,12.1899995803833,12.1899995803833,4701800
2024-08-15,12.369999885559082,12.850000381469727,12.279999732971191,12.640000343322754,12.640000343322754,4006000
2024-08-16,12.720000267028809,13.25,12.550000190734863,12.960000038146973,12.960000038146973,4658500
2024-08-19,13.09000015258789,14.09000015258789,12.75,13.899999618530273,13.899999618530273,6745000
2024-08-20,13.65999984741211,13.800000190734863,13.0,13.020000457763672,13.020000457763672,4572300
2024-08-21,13.199999809265137,13.350000381469727,12.699999809265137,12.9399995803833,12.9399995803833,4745200
2024-08-22,13.029999732971191,13.029999732971191,11.930000305175781,11.960000038146973,11.960000038146973,4776400
2024-08-23,11.970000267028809,12.220000267028809,11.770000457763672,11.989999771118164,11.989999771118164,4406200
2024-08-26,11.949999809265137,11.960000038146973,11.390000343322754,11.510000228881836,11.510000228881836,3295300
2024-08-27,11.430000305175781,11.4399995803833,10.960000038146973,11.149999618530273,11.149999618530273,3076800
2024-08-28,11.119999885559082,11.34000015258789,10.9399995803833,11.130000114440918,11.130000114440918,2682100
2024-08-29,11.15999984741211,11.619999885559082,10.930000305175781,11.399999618530273,11.399999618530273,2568300
2024-08-30,11.449999809265137,12.489999771118164,11.130000114440918,12.380000114440918,12.380000114440918,9808100
2024-09-03,12.289999961853027,13.199999809265137,12.260000228881836,12.670000076293945,12.670000076293945,8562200
2024-09-04,12.579999923706055,13.84000015258789,11.640000343322754,11.869999885559082,11.869999885559082,12169500
2024-09-05,11.859999656677246,12.100000381469727,11.260000228881836,11.949999809265137,11.949999809265137,3775500
2024-09-06,11.90999984741211,12.119999885559082,11.430000305175781,11.630000114440918,11.630000114440918,2767400
2024-09-09,11.760000228881836,12.84000015258789,11.710000038146973,12.779999732971191,12.779999732971191,5405000
2024-09-10,12.75,12.890000343322754,12.239999771118164,12.699999809265137,12.699999809265137,3248200
2024-09-11,12.699999809265137,12.90999984741211,11.979999542236328,12.289999961853027,12.289999961853027,4788900
2024-09-12,11.75,12.170000076293945,11.09000015258789,11.920000076293945,11.920000076293945,5763500
2024-09-13,11.869999885559082,14.029999732971191,11.819999694824219,13.609999656677246,13.609999656677246,12215200
2024-09-16,13.609999656677246,13.829999923706055,13.109999656677246,13.199999809265137,13.199999809265137,5561400
2024-09-17,13.319999694824219,13.899999618530273,12.699999809265137,12.930000305175781,12.930000305175781,6156000
2024-09-18,12.949999809265137,13.380000114440918,12.420000076293945,12.5600004196167,12.5600004196167,5721500
2024-09-19,12.789999961853027,13.130000114440918,12.350000381469727,12.520000457763672,12.520000457763672,5001900
2024-09-20,12.520000457763672,13.359999656677246,12.34000015258789,12.90999984741211,12.90999984741211,8929100
2024-09-23,13.010000228881836,13.300000190734863,12.6899995803833,12.800000190734863,12.800000190734863,3971600
2024-09-24,12.859999656677246,13.680000305175781,12.619999885559082,13.289999961853027,13.289999961853027,6562900
2024-09-25,13.65999984741211,14.170000076293945,11.899999618530273,12.039999961853027,12.039999961853027,11730600
2024-09-26,12.270000457763672,12.460000038146973,11.949999809265137,12.149999618530273,12.149999618530273,3857200
2024-09-27,12.319999694824219,13.479999542236328,12.149999618530273,13.300000190734863,13.300000190734863,7035400
2024-09-30,13.210000038146973,13.449999809265137,12.619999885559082,12.630000114440918,12.630000114440918,4124900
2024-10-01,12.600000381469727,12.65999984741211,11.710000038146973,12.319999694824219,12.319999694824219,6407600
2024-10-02,12.319999694824219,15.220000267028809,12.180000305175781,14.680000305175781,14.680000305175781,17520900
2024-10-03,14.069999694824219,15.09000015258789,14.010000228881836,14.420000076293945,14.420000076293945,7036700
2024-10-04,14.460000038146973,14.699999809265137,13.180000305175781,13.609999656677246,13.609999656677246,7526600
2024-10-07,13.720000267028809,13.770000457763672,12.829999923706055,13.020000457763672,13.020000457763672,4579400
2024-10-08,12.979999542236328,13.609999656677246,12.9399995803833,13.039999961853027,13.039999961853027,3490200
2024-10-09,13.170000076293945,13.350000381469727,12.600000381469727,12.680000305175781,12.680000305175781,6064800
2024-10-10,12.600000381469727,13.329999923706055,12.600000381469727,12.90999984741211,12.90999984741211,4467900
2024-10-11,12.720000267028809,13.039999961853027,12.34000015258789,12.529999732971191,12.529999732971191,5776200
2024-10-14,12.430000305175781,13.34000015258789,12.229999542236328,12.619999885559082,12.619999885559082,5644800
2024-10-15,12.670000076293945,12.859999656677246,12.380000114440918,12.600000381469727,12.600000381469727,3308200
2024-10-16,10.430000305175781,10.670000076293945,9.619999885559082,10.149999618530273,10.149999618530273,32329600
2024-10-17,10.15999984741211,10.420000076293945,9.869999885559082,10.350000381469727,10.350000381469727,9870400
2024-10-18,10.399999618530273,10.800000190734863,10.100000381469727,10.180000305175781,10.180000305175781,7053200
2024-10-21,10.100000381469727,10.220000267028809,9.899999618530273,10.140000343322754,10.140000343322754,4789700
2024-10-22,10.140000343322754,10.350000381469727,10.010000228881836,10.119999885559082,10.119999885559082,3532300
2024-10-23,10.100000381469727,10.239999771118164,9.920000076293945,10.0,10.0,3398800
2024-10-24,10.0,10.149999618530273,9.850000381469727,9.920000076293945,9.920000076293945,3542500
2024-10-25,9.899999618530273,9.920000076293945,9.520000457763672,9.739999771118164,9.739999771118164,5008100
2024-10-28,9.899999618530273,10.479999542236328,9.729999542236328,10.25,10.25,5136200
2024-10-29,10.239999771118164,10.630000114440918,9.880000114440918,10.069999694824219,10.069999694824219,4532600
2024-10-30,10.0,10.069999694824219,9.710000038146973,9.84000015258789,9.84000015258789,4003400
2024-10-31,9.829999923706055,9.899999618530273,9.510000228881836,9.609999656677246,9.609999656677246,3561100
2024-11-01,9.6899995803833,9.869999885559082,9.289999961853027,9.350000381469727,9.350000381469727,4439200
2024-11-04,9.199999809265137,9.300000190734863,8.899999618530273,9.119999885559082,9.119999885559082,4256500
2024-11-05,9.0,9.479999542236328,8.859999656677246,9.4399995803833,9.4399995803833,3520300
2024-11-06,9.0600004196167,9.270000457763672,8.430000305175781,8.960000038146973,8.960000038146973,6501000
2024-11-07,9.15999984741211,9.34000015258789,8.989999771118164,9.180000305175781,9.180000305175781,3088600
2024-11-08,9.25,9.25,8.84000015258789,8.90999984741211,8.90999984741211,3766700
2024-11-11,9.890000343322754,10.390000343322754,8.899999618530273,9.010000228881836,9.010000228881836,14660200
2024-11-12,8.050000190734863,8.899999618530273,7.889999866485596,8.460000038146973,8.460000038146973,10807400
2024-11-13,8.4399995803833,8.5600004196167,7.760000228881836,7.769999980926514,7.769999980926514,7377000
2024-11-14,7.800000190734863,7.940000057220459,7.170000076293945,7.21999979019165,7.21999979019165,9033200
2024-11-15,7.139999866485596,7.329999923706055,6.809999942779541,7.320000171661377,7.320000171661377,9348000
2024-11-18,7.409999847412109,8.010000228881836,7.369999885559082,7.829999923706055,7.829999923706055,6863400
2024-11-19,7.800000190734863,8.100000381469727,7.650000095367432,8.0,8.0,4253700
2024-11-20,8.0,8.149999618530273,7.760000228881836,8.0600004196167,8.0600004196167,3469100
2024-11-21,8.0,8.34000015258789,7.960000038146973,8.039999961853027,8.039999961853027,3155000
2024-11-22,8.0600004196167,8.619999885559082,8.0,8.470000267028809,8.470000267028809,4789000
2024-11-25,8.640000343322754,9.489999771118164,8.59000015258789,9.319999694824219,9.319999694824219,5535100
2024-11-26,9.229999542236328,9.279999732971191,8.640000343322754,8.75,8.75,3672300
2024-11-27,8.800000190734863,9.029999732971191,8.550000190734863,8.619999885559082,8.619999885559082,3623500
2024-11-29,8.710000038146973,8.859999656677246,8.5,8.720000267028809,8.720000267028809,1711400
2024-12-02,8.779999732971191,8.90999984741211,8.5600004196167,8.770000457763672,8.770000457763672,2957900
2024-12-03,8.770000457763672,8.800000190734863,8.350000381469727,8.40999984741211,8.40999984741211,3610600
2024-12-04,8.529999732971191,8.550000190734863,8.149999618530273,8.300000190734863,8.300000190734863,4229600
2024-12-05,8.300000190734863,8.449999809265137,8.130000114440918,8.300000190734863,8.300000190734863,3407000
2024-12-06,8.399999618530273,9.550000190734863,8.399999618530273,8.9399995803833,8.9399995803833,7104700
2024-12-09,9.010000228881836,9.229999542236328,8.920000076293945,9.069999694824219,9.069999694824219,3109800
2024-12-10,9.100000381469727,9.15999984741211,8.710000038146973,8.770000457763672,8.770000457763672,2499200
2024-12-11,8.829999923706055,8.890000343322754,8.65999984741211,8.819999694824219,8.819999694824219,1967800
2024-12-12,8.770000457763672,9.289999961853027,8.65999984741211,9.020000457763672,9.020000457763672,3571300
2024-12-13,9.0,9.289999961853027,8.880000114440918,9.109999656677246,9.109999656677246,3221900
2024-12-16,9.170000076293945,9.75,9.079999923706055,9.229999542236328,9.229999542236328,3985400
2024-12-17,9.15999984741211,9.260000228881836,8.90999984741211,9.0,9.0,2832800
2024-12-18,9.0,9.1899995803833,8.5,8.630000114440918,8.630000114440918,3835100
2024-12-19,8.75,8.920000076293945,8.510000228881836,8.680000305175781,8.680000305175781,3565600
2024-12-20,8.59000015258789,8.890000343322754,8.369999885559082,8.699999809265137,8.699999809265137,6088800
2024-12-23,8.699999809265137,8.770000457763672,8.5,8.640000343322754,8.640000343322754,2134700
2024-12-24,8.65999984741211,8.65999984741211,8.449999809265137,8.510000228881836,8.510000228881836,1475600
2024-12-26,8.40999984741211,8.569999694824219,8.239999771118164,8.470000267028809,8.470000267028809,2273500
2024-12-27,8.4399995803833,8.670000076293945,8.1899995803833,8.279999732971191,8.279999732971191,3060300
2024-12-30,8.15999984741211,8.199999809265137,7.619999885559082,7.929999828338623,7.929999828338623,3782300
2024-12-31,8.020000457763672,8.170000076293945,7.849999904632568,8.039999961853027,8.039999961853027,2663900
2025-01-02,8.119999885559082,8.65999984741211,8.09000015258789,8.569999694824219,8.569999694824219,3823300
2025-01-03,8.569999694824219,8.869999885559082,8.520000457763672,8.850000381469727,8.850000381469727,3174300
2025-01-06,9.039999961853027,10.039999961853027,8.90999984741211,9.760000228881836,9.760000228881836,8183400
2025-01-07,9.949999809265137,11.550000190734863,9.880000114440918,10.819999694824219,10.819999694824219,15015000
2025-01-08,10.470000267028809,10.569999694824219,9.470000267028809,9.609999656677246,9.609999656677246,7814400
2025-01-10,9.449999809265137,9.550000190734863,8.949999809265137,9.319999694824219,9.319999694824219,4507900
2025-01-13,8.880000114440918,8.899999618530273,8.380000114440918,8.609999656677246,8.609999656677246,5065700
2025-01-14,8.760000228881836,8.789999961853027,8.399999618530273,8.510000228881836,8.510000228881836,2879500
2025-01-15,8.75,9.140000343322754,8.539999961853027,8.550000190734863,8.550000190734863,4663700
2025-01-16,8.539999961853027,8.6899995803833,8.350000381469727,8.529999732971191,8.529999732971191,3931300
2025-01-17,8.579999923706055,8.6899995803833,8.399999618530273,8.399999618530273,8.399999618530273,3238000
2025-01-21,8.489999771118164,8.920000076293945,8.470000267028809,8.8100004196167,8.8100004196167,3583600
2025-01-22,8.75,9.140000343322754,8.640000343322754,8.829999923706055,8.829999923706055,3311300
2025-01-23,8.819999694824219,9.640000343322754,8.5600004196167,9.550000190734863,9.550000190734863,4588500
2025-01-24,9.550000190734863,9.800000190734863,9.0600004196167,9.220000267028809,9.220000267028809,4423000
2025-01-27,9.09000015258789,9.630000114440918,9.09000015258789,9.319999694824219,9.319999694824219,4506200
2025-01-28,9.449999809265137,9.770000457763672,9.199999809265137,9.520000457763672,9.520000457763672,3421800
2025-01-29,9.420000076293945,9.680000305175781,8.800000190734863,8.8100004196167,8.8100004196167,4344300
2025-01-30,8.859999656677246,9.229999542236328,8.550000190734863,9.010000228881836,9.010000228881836,5915900
2025-01-31,9.0600004196167,9.180000305175781,8.550000190734863,8.6899995803833,8.6899995803833,3192500
2025-02-03,8.40999984741211,8.609999656677246,8.300000190734863,8.430000305175781,8.430000305175781,2326800
2025-02-04,8.5,8.710000038146973,8.149999618530273,8.4399995803833,8.4399995803833,4337100
2025-02-05,8.449999809265137,8.930000305175781,8.4399995803833,8.600000381469727,8.600000381469727,3246800
2025-02-06,8.600000381469727,8.670000076293945,8.25,8.270000457763672,8.270000457763672,3245900
2025-02-07,8.25,8.369999885559082,8.069999694824219,8.130000114440918,8.130000114440918,2698000
2025-02-10,8.239999771118164,8.350000381469727,8.069999694824219,8.1899995803833,8.1899995803833,1999200
2025-02-11,8.09000015258789,8.130000114440918,7.940000057220459,8.079999923706055,8.079999923706055,2313600
2025-02-12,7.940000057220459,8.020000457763672,7.800000190734863,7.829999923706055,7.829999923706055,2729000
2025-02-13,7.940000057220459,8.199999809265137,7.75,8.180000305175781,8.180000305175781,2827500
2025-02-14,8.199999809265137,8.529999732971191,8.079999923706055,8.1899995803833,8.1899995803833,2451100
2025-02-18,8.25,8.539999961853027,8.220000267028809,8.25,8.25,3679600
2025-02-19,8.15999984741211,8.199999809265137,7.900000095367432,8.020000457763672,8.020000457763672,3585900
2025-02-20,8.069999694824219,8.149999618530273,7.699999809265137,7.920000076293945,7.920000076293945,2983300
2025-02-21,8.050000190734863,8.539999961853027,7.800000190734863,7.989999771118164,7.989999771118164,10667800
2025-02-24,7.889999866485596,7.920000076293945,7.260000228881836,7.409999847412109,7.409999847412109,6611000
2025-02-25,7.389999866485596,7.570000171661377,7.110000133514404,7.170000076293945,7.170000076293945,3987500
2025-02-26,7.21999979019165,7.420000076293945,7.170000076293945,7.320000171661377,7.320000171661377,3931800
2025-02-27,7.53000020980835,8.3100004196167,7.019999980926514,7.059999942779541,7.059999942779541,9021000
2025-02-28,7.170000076293945,8.399999618530273,7.079999923706055,8.329999923706055,8.329999923706055,10521000
2025-03-03,8.40999984741211,8.630000114440918,7.78000020980835,7.869999885559082,7.869999885559082,6076100
2025-03-04,7.630000114440918,7.869999885559082,7.300000190734863,7.679999828338623,7.679999828338623,3975300
2025-03-05,7.75,8.119999885559082,7.480000019073486,7.889999866485596,7.889999866485596,3813300
2025-03-06,7.820000171661377,7.989999771118164,7.599999904632568,7.869999885559082,7.869999885559082,3137800
2025-03-07,7.900000095367432,8.479999542236328,7.869999885559082,8.34000015258789,8.34000015258789,5072800
2025-03-10,8.140000343322754,8.470000267028809,8.069999694824219,8.180000305175781,8.180000305175781,3781800
2025-03-11,8.010000228881836,8.329999923706055,7.659999847412109,7.920000076293945,7.920000076293945,3196600
2025-03-12,7.880000114440918,8.1899995803833,7.860000133514404,8.100000381469727,8.100000381469727,2858700
2025-03-13,8.029999732971191,8.5,7.96999979019165,8.170000076293945,8.170000076293945,3018800
2025-03-14,8.300000190734863,8.520000457763672,7.960000038146973,7.989999771118164,7.989999771118164,5038300
2025-03-17,8.029999732971191,8.510000228881836,8.010000228881836,8.380000114440918,8.380000114440918,3973000
2025-03-18,8.329999923706055,8.359999656677246,7.809999942779541,7.949999809265137,7.949999809265137,5014600
2025-03-19,7.909999847412109,8.050000190734863,7.820000171661377,7.909999847412109,7.909999847412109,2249200
2025-03-20,7.809999942779541,7.909999847412109,7.650000095367432,7.71999979019165,7.71999979019165,2592100
2025-03-21,7.579999923706055,7.659999847412109,7.46999979019165,7.599999904632568,7.599999904632568,3437700
2025-03-24,7.619999885559082,7.809999942779541,7.579999923706055,7.690000057220459,7.690000057220459,2338500
2025-03-25,7.679999828338623,7.71999979019165,7.480000019073486,7.559999942779541,7.559999942779541,2265400
2025-03-26,7.559999942779541,7.570000171661377,7.25,7.389999866485596,7.389999866485596,2892500
2025-03-27,7.360000133514404,7.420000076293945,7.239999771118164,7.260000228881836,7.260000228881836,2600300
2025-03-28,7.239999771118164,7.289999961853027,6.929999828338623,7.0,7.0,2798200
2025-03-31,6.489999771118164,6.590000152587891,6.28000020980835,6.409999847412109,6.409999847412109,4626300
2025-04-01,6.409999847412109,6.429999828338623,6.0,6.0,6.0,5441700
2025-04-02,5.900000095367432,6.230000019073486,5.699999809265137,5.980000019073486,5.980000019073486,10725700
2025-04-03,5.579999923706055,5.829999923706055,5.349999904632568,5.599999904632568,5.599999904632568,6214800
2025-04-04,5.400000095367432,6.320000171661377,5.329999923706055,6.239999771118164,6.239999771118164,9222300
2025-04-07,5.829999923706055,6.619999885559082,5.78000020980835,6.539999961853027,6.539999961853027,7810700
2025-04-08,6.800000190734863,6.840000152587891,6.079999923706055,6.309999942779541,6.309999942779541,5480500
2025-04-09,6.139999866485596,6.980000019073486,6.059999942779541,6.75,6.75,6304100
2025-04-10,6.409999847412109,6.489999771118164,5.010000228881836,5.429999828338623,5.429999828338623,22502300
2025-04-11,5.460000038146973,5.929999828338623,5.349999904632568,5.860000133514404,5.860000133514404,6655400
2025-04-14,6.0,6.429999828338623,5.869999885559082,6.409999847412109,6.409999847412109,6137300
2025-04-15,6.420000076293945,6.579999923706055,6.070000171661377,6.389999866485596,6.389999866485596,4496000
2025-04-16,6.300000190734863,6.380000114440918,6.090000152587891,6.199999809265137,6.199999809265137,3814800
2025-04-17,6.119999885559082,6.170000076293945,5.809999942779541,6.0,6.0,4870700
2025-04-21,5.909999847412109,6.269999980926514,5.869999885559082,6.010000228881836,6.010000228881836,3996100
2025-04-22,6.099999904632568,6.289999961853027,6.039999961853027,6.25,6.25,3915200
2025-04-23,7.0,7.809999942779541,6.989999771118164,7.46999979019165,7.46999979019165,14735300
2025-04-24,7.489999771118164,7.489999771118164,6.940000057220459,7.070000171661377,7.070000171661377,6395200
2025-04-25,6.989999771118164,7.170000076293945,6.119999885559082,6.670000076293945,6.670000076293945,13188400
2025-04-28,6.96999979019165,7.349999904632568,6.659999847412109,6.710000038146973,6.710000038146973,5693700
2025-04-29,6.610000133514404,6.710000038146973,6.389999866485596,6.420000076293945,6.420000076293945,5079500
2025-04-30,6.300000190734863,6.760000228881836,6.239999771118164,6.670000076293945,6.670000076293945,5238200
2025-05-01,6.650000095367432,6.659999847412109,6.28000020980835,6.409999847412109,6.409999847412109,5621500
2025-05-02,6.510000228881836,6.579999923706055,6.380000114440918,6.409999847412109,6.409999847412109,3634600
2025-05-05,6.409999847412109,6.610000133514404,6.260000228881836,6.269999980926514,6.269999980926514,3649600
2025-05-06,6.159999847412109,6.449999809265137,5.820000171661377,6.070000171661377,6.070000171661377,10981400
2025-05-07,6.099999904632568,6.110000133514404,5.920000076293945,5.949999809265137,5.949999809265137,4503300
2025-05-08,7.190000057220459,7.5,6.480000019073486,6.659999847412109,6.659999847412109,36866400
2025-05-09,6.610000133514404,6.639999866485596,5.800000190734863,5.980000019073486,5.980000019073486,20017200
2025-05-12,6.050000190734863,6.449999809265137,6.039999961853027,6.340000152587891,6.340000152587891,10267200
2025-05-13,6.360000133514404,6.460000038146973,6.179999828338623,6.190000057220459,6.190000057220459,5637700
2025-05-14,6.199999809265137,6.28000020980835,5.869999885559082,5.960000038146973,5.960000038146973,8528200
2025-05-15,5.980000019073486,6.360000133514404,5.960000038146973,6.289999961853027,6.289999961853027,9995400
2025-05-16,6.329999923706055,6.889999866485596,6.329999923706055,6.730000019073486,6.730000019073486,8794600
2025-05-19,8.100000381469727,8.779999732971191,7.119999885559082,7.739999771118164,7.739999771118164,84054200
2025-05-20,7.610000133514404,8.239999771118164,7.360000133514404,7.679999828338623,7.679999828338623,22997000
2025-05-21,7.610000133514404,7.710000038146973,7.010000228881836,7.110000133514404,7.110000133514404,10496900
2025-05-22,7.110000133514404,7.369999885559082,7.059999942779541,7.289999961853027,7.289999961853027,7117300
2025-05-23,7.099999904632568,7.260000228881836,7.010000228881836,7.25,7.25,5596600
2025-05-27,7.400000095367432,7.619999885559082,7.25,7.380000114440918,7.380000114440918,7297000
2025-05-28,7.360000133514404,7.400000095367432,6.840000152587891,6.920000076293945,6.920000076293945,7925300
2025-05-29,7.03000020980835,7.28000020980835,6.900000095367432,7.190000057220459,7.190000057220459,6186300
2025-05-30,7.090000152587891,7.46999979019165,6.909999847412109,7.340000152587891,7.340000152587891,9240200
2025-06-02,7.329999923706055,7.340000152587891,6.920000076293945,7.070000171661377,7.070000171661377,7001800
2025-06-03,7.070000171661377,7.349999904632568,6.889999866485596,7.260000228881836,7.260000228881836,6522900
2025-06-04,7.300000190734863,7.440000057220459,7.110000133514404,7.150000095367432,7.150000095367432,6684000
2025-06-05,7.139999866485596,7.179999828338623,6.909999847412109,6.989999771118164,6.989999771118164,5568800
2025-06-06,7.039999961853027,7.480000019073486,7.019999980926514,7.449999809265137,7.449999809265137,7432800
2025-06-09,7.559999942779541,7.769999980926514,7.369999885559082,7.409999847412109,7.409999847412109,5122700
2025-06-10,7.420000076293945,7.800000190734863,7.190000057220459,7.199999809265137,7.199999809265137,5603400
2025-06-11,7.300000190734863,7.510000228881836,7.079999923706055,7.090000152587891,7.090000152587891,5975800
2025-06-12,7.090000152587891,7.28000020980835,7.039999961853027,7.150000095367432,7.150000095367432,4000700
2025-06-13,6.96999979019165,7.130000114440918,6.869999885559082,6.940000057220459,6.940000057220459,5179600
2025-06-16,7.039999961853027,7.110000133514404,6.880000114440918,7.03000020980835,7.03000020980835,4590300
2025-06-17,6.78000020980835,6.989999771118164,6.460000038146973,6.489999771118164,6.489999771118164,8763600
2025-06-18,6.46999979019165,6.539999961853027,6.260000228881836,6.300000190734863,6.300000190734863,6475500
2025-06-20,6.340000152587891,6.489999771118164,6.260000228881836,6.409999847412109,6.409999847412109,4836800
2025-06-23,6.300000190734863,6.340000152587891,6.130000114440918,6.309999942779541,6.309999942779541,3750700
2025-06-24,6.389999866485596,6.659999847412109,6.360000133514404,6.489999771118164,6.489999771118164,5921300
2025-06-25,6.5,6.510000228881836,6.260000228881836,6.480000019073486,6.480000019073486,6401100
2025-06-26,6.480000019073486,6.599999904632568,6.389999866485596,6.5,6.5,3587700
2025-06-27,6.5,6.579999923706055,6.309999942779541,6.369999885559082,6.369999885559082,3800200
2025-06-30,6.409999847412109,6.579999923706055,6.300000190734863,6.300000190734863,6.300000190734863,3606300
2025-07-01,6.28000020980835,6.809999942779541,6.230000019073486,6.610000133514404,6.610000133514404,5985000
2025-07-02,6.670000076293945,6.900000095367432,6.519999980926514,6.760000228881836,6.760000228881836,5478600
2025-07-03,6.730000019073486,6.869999885559082,6.71999979019165,6.800000190734863,6.800000190734863,2289200
2025-07-07,6.789999961853027,6.789999961853027,6.539999961853027,6.610000133514404,6.610000133514404,4154000
2025-07-08,6.630000114440918,7.179999828338623,6.630000114440918,7.039999961853027,7.039999961853027,7101400
2025-07-09,7.159999847412109,7.199999809265137,7.010000228881836,7.039999961853027,7.039999961853027,4617400
2025-07-10,7.059999942779541,7.159999847412109,7.010000228881836,7.099999904632568,7.099999904632568,2962700
2025-07-11,7.0,7.050000190734863,6.800000190734863,6.840000152587891,6.840000152587891,3967600
2025-07-14,6.800000190734863,7.010000228881836,6.75,6.96999979019165,6.96999979019165,3764100
2025-07-15,7.019999980926514,7.059999942779541,6.710000038146973,6.880000114440918,6.880000114440918,3792000
2025-07-16,6.909999847412109,7.039999961853027,6.860000133514404,6.960000038146973,6.960000038146973,3102000
2025-07-17,6.949999809265137,7.059999942779541,6.840000152587891,7.0,7.0,4790200
2025-07-18,7.070000171661377,7.079999923706055,6.909999847412109,7.0,7.0,2601400
2025-07-21,7.099999904632568,7.179999828338623,6.960000038146973,7.170000076293945,7.170000076293945,3635200
2025-07-22,7.190000057220459,7.239999771118164,6.929999828338623,7.21999979019165,7.21999979019165,5834900
2025-07-23,7.320000171661377,7.980000019073486,7.289999961853027,7.840000152587891,7.840000152587891,12232600
2025-07-24,8.100000381469727,8.460000038146973,7.559999942779541,7.639999866485596,7.639999866485596,11085800
2025-07-25,7.639999866485596,7.690000057220459,7.360000133514404,7.46999979019165,7.46999979019165,4891000
2025-07-28,7.5,7.579999923706055,7.25,7.28000020980835,7.28000020980835,4422900
2025-07-29,7.21999979019165,7.230000019073486,6.980000019073486,7.010000228881836,7.010000228881836,4920900
2025-07-30,7.070000171661377,7.119999885559082,6.78000020980835,6.849999904632568,6.849999904632568,3952800
2025-07-31,6.760000228881836,6.900000095367432,6.630000114440918,6.650000095367432,6.650000095367432,4901400
2025-08-01,6.440000057220459,6.610000133514404,6.360000133514404,6.559999942779541,6.559999942779541,5433500
2025-08-04,6.659999847412109,6.809999942779541,6.550000190734863,6.75,6.75,4154700
2025-08-05,6.760000228881836,6.980000019073486,6.670000076293945,6.730000019073486,6.730000019073486,7201500
2025-08-06,7.210000038146973,8.229999542236328,7.179999828338623,7.579999923706055,7.579999923706055,23341100
2025-08-07,7.610000133514404,8.880000114440918,7.590000152587891,8.779999732971191,8.779999732971191,17692800
2025-08-08,8.75,9.130000114440918,8.279999732971191,8.369999885559082,8.369999885559082,9976200
2025-08-11,8.260000228881836,8.319999694824219,7.760000228881836,8.029999732971191,8.029999732971191,7003400
2025-08-12,8.020000457763672,8.510000228881836,8.020000457763672,8.479999542236328,8.479999542236328,6091200
2025-08-13,8.460000038146973,9.100000381469727,8.460000038146973,8.850000381469727,8.850000381469727,7235100
2025-08-14,8.699999809265137,9.649999618530273,8.59000015258789,9.430000305175781,9.430000305175781,8750000
2025-08-15,9.479999542236328,9.890000343322754,9.270000457763672,9.579999923706055,9.579999923706055,7205200
2025-08-18,10.0,10.640000343322754,9.65999984741211,9.710000038146973,9.710000038146973,9483300
2025-08-19,9.630000114440918,9.899999618530273,9.390000343322754,9.520000457763672,9.520000457763672,4402800
2025-08-20,8.720000267028809,9.199999809265137,8.550000190734863,8.739999771118164,8.739999771118164,6459700
2025-08-21,8.109999656677246,8.119999885559082,7.570000171661377,7.630000114440918,7.630000114440918,20993200
2025-08-22,7.739999771118164,8.069999694824219,7.610000133514404,7.840000152587891,7.840000152587891,8472000
2025-08-25,7.849999904632568,7.880000114440918,7.440000057220459,7.519999980926514,7.519999980926514,8104100
2025-08-26,7.5,7.550000190734863,7.389999866485596,7.5,7.5,7303500
2025-08-27,7.449999809265137,7.769999980926514,7.360000133514404,7.579999923706055,7.579999923706055,12181200
2025-08-28,7.75,7.789999961853027,7.429999828338623,7.579999923706055,7.579999923706055,6394200
2025-08-29,7.559999942779541,7.789999961853027,7.440000057220459,7.46999979019165,7.46999979019165,6400800
2025-09-02,7.420000076293945,7.659999847412109,7.360000133514404,7.550000190734863,7.550000190734863,5642500
2025-09-03,7.519999980926514,7.710000038146973,7.389999866485596,7.400000095367432,7.400000095367432,3979600
2025-09-04,7.409999847412109,7.820000171661377,7.230000019073486,7.789999961853027,7.789999961853027,7380000
2025-09-05,7.889999866485596,7.960000038146973,7.659999847412109,7.900000095367432,7.900000095367432,5445200
2025-09-08,7.860000133514404,7.860000133514404,7.630000114440918,7.730000019073486,7.730000019073486,3501400
2025-09-09,7.739999771118164,8.09000015258789,7.670000076293945,7.960000038146973,7.960000038146973,4533000
2025-09-10,8.010000228881836,8.1899995803833,7.900000095367432,7.960000038146973,7.960000038146973,2988300
2025-09-11,8.029999732971191,8.3100004196167,8.010000228881836,8.279999732971191,8.279999732971191,4228500
2025-09-12,8.210000038146973,8.289999961853027,7.829999923706055,7.980000019073486,7.980000019073486,7175500
2025-09-15,7.980000019073486,8.149999618530273,7.880000114440918,8.079999923706055,8.079999923706055,4439400
2025-09-16,8.149999618530273,8.670000076293945,8.069999694824219,8.5600004196167,8.5600004196167,6163200
2025-09-17,8.5600004196167,8.779999732971191,8.319999694824219,8.390000343322754,8.390000343322754,4691200
2025-09-18,8.5,8.640000343322754,8.359999656677246,8.529999732971191,8.529999732971191,3498900
2025-09-19,8.550000190734863,8.819999694824219,8.520000457763672,8.710000038146973,8.710000038146973,5195100
2025-09-22,8.84000015258789,9.050000190734863,8.6899995803833,8.869999885559082,8.869999885559082,4520400
2025-09-23,8.899999618530273,9.039999961853027,8.649999618530273,8.670000076293945,8.670000076293945,3888100
2025-09-24,8.699999809265137,8.949999809265137,8.640000343322754,8.640000343322754,8.640000343322754,2711400
2025-09-25,8.479999542236328,8.479999542236328,8.180000305175781,8.34000015258789,8.34000015258789,4498400
2025-09-26,8.329999923706055,8.550000190734863,8.15999984741211,8.550000190734863,8.550000190734863,3278900
2025-09-29,8.59000015258789,8.680000305175781,8.470000267028809,8.569999694824219,8.569999694824219,2490000
2025-09-30,8.510000228881836,8.729999542236328,8.319999694824219,8.670000076293945,8.670000076293945,3194800
2025-10-01,8.739999771118164,9.630000114440918,8.630000114440918,9.5,9.5,8931800
2025-10-02,9.579999923706055,9.75,9.3100004196167,9.550000190734863,9.550000190734863,4330200
2025-10-03,9.59000015258789,9.75,9.239999771118164,9.460000038146973,9.460000038146973,5008000
2025-10-06,9.5,9.529999732971191,9.069999694824219,9.079999923706055,9.079999923706055,4102200
2025-10-07,9.119999885559082,9.329999923706055,8.949999809265137,9.220000267028809,9.220000267028809,4219000
2025-10-08,9.270000457763672,9.600000381469727,8.800000190734863,8.899999618530273,8.899999618530273,5016600
2025-10-09,8.920000076293945,8.960000038146973,8.489999771118164,8.59000015258789,8.59000015258789,4757000
2025-10-10,8.609999656677246,8.6899995803833,8.239999771118164,8.329999923706055,8.329999923706055,4519400
2025-10-13,8.430000305175781,8.75,8.329999923706055,8.619999885559082,8.619999885559082,4283600
2025-10-14,8.65999984741211,9.039999961853027,8.529999732971191,8.890000343322754,8.890000343322754,5499200
2025-10-15,8.9399995803833,9.34000015258789,8.850000381469727,8.90999984741211,8.90999984741211,5805900
2025-10-16,8.930000305175781,9.100000381469727,8.470000267028809,8.479999542236328,8.479999542236328,5195300
2025-10-17,8.270000457763672,8.359999656677246,8.020000457763672,8.100000381469727,8.100000381469727,6181800
2025-10-20,8.199999809265137,8.819999694824219,8.1899995803833,8.789999961853027,8.789999961853027,5920800
2025-10-21,8.710000038146973,8.779999732971191,8.5600004196167,8.59000015258789,8.59000015258789,4210600
2025-10-22,8.40999984741211,8.550000190734863,8.1899995803833,8.460000038146973,8.460000038146973,3949800
2025-10-23,8.479999542236328,8.520000457763672,8.239999771118164,8.359999656677246,8.359999656677246,3062400
2025-10-24,8.59000015258789,8.649999618530273,8.430000305175781,8.520000457763672,8.520000457763672,2759600
2025-10-27,8.600000381469727,8.75,8.520000457763672,8.699999809265137,8.699999809265137,2696100
2025-10-28,8.75,8.75,8.399999618530273,8.520000457763672,8.520000457763672,2106800
2025-10-29,8.5,8.579999923706055,8.279999732971191,8.380000114440918,8.380000114440918,2660600
2025-10-30,8.300000190734863,8.65999984741211,8.25,8.430000305175781,8.430000305175781,3039600
2025-10-31,8.329999923706055,8.539999961853027,8.270000457763672,8.399999618530273,8.399999618530273,3503900
2025-11-03,8.380000114440918,8.399999618530273,7.880000114440918,7.909999847412109,7.909999847412109,4338000
2025-11-04,7.690000057220459,7.860000133514404,7.5,7.510000228881836,7.510000228881836,4779500
2025-11-05,7.539999961853027,7.869999885559082,7.510000228881836,7.690000057220459,7.690000057220459,5038600
2025-11-06,7.53000020980835,7.920000076293945,7.400000095367432,7.590000152587891,7.590000152587891,5506000
2025-11-07,7.46999979019165,7.639999866485596,7.28000020980835,7.440000057220459,7.440000057220459,5056700
2025-11-10,7.559999942779541,7.599999904632568,7.079999923706055,7.110000133514404,7.110000133514404,6454800
2025-11-11,7.170000076293945,7.53000020980835,7.090000152587891,7.440000057220459,7.440000057220459,3690100
2025-11-12,7.389999866485596,7.460000038146973,7.130000114440918,7.199999809265137,7.199999809265137,4959900
2025-11-13,7.130000114440918,7.349999904632568,7.019999980926514,7.059999942779541,7.059999942779541,5683900
2025-11-14,6.920000076293945,7.150000095367432,6.900000095367432,6.96999979019165,6.96999979019165,3489400
2025-11-17,6.909999847412109,6.980000019073486,6.699999809265137,6.800000190734863,6.800000190734863,5576300
2025-11-18,6.610000133514404,6.71999979019165,6.519999980926514,6.570000171661377,6.570000171661377,4122200
2025-11-19,6.610000133514404,6.800000190734863,6.269999980926514,6.340000152587891,6.340000152587891,6697900
2025-11-20,6.409999847412109,6.599999904632568,6.199999809265137,6.21999979019165,6.21999979019165,3940000
2025-11-21,6.25,6.539999961853027,6.25,6.46999979019165,6.46999979019165,4049200
2025-11-24,6.460000038146973,6.650000095367432,6.409999847412109,6.630000114440918,6.630000114440918,4087500
2025-11-25,6.630000114440918,6.760000228881836,6.610000133514404,6.690000057220459,6.690000057220459,2558100
2025-11-26,6.769999980926514,6.980000019073486,6.71999979019165,6.949999809265137,6.949999809265137,2720100
2025-11-28,6.96999979019165,7.059999942779541,6.900000095367432,7.050000190734863,7.050000190734863,1523800
2025-12-01,6.869999885559082,6.920000076293945,6.679999828338623,6.690000057220459,6.690000057220459,2692700
2025-12-02,6.710000038146973,6.730000019073486,6.559999942779541,6.599999904632568,6.599999904632568,2542900
2025-12-03,6.599999904632568,6.849999904632568,6.590000152587891,6.840000152587891,6.840000152587891,3395400
2025-12-04,6.78000020980835,6.869999885559082,6.730000019073486,6.860000133514404,6.860000133514404,2086600
2025-12-05,6.849999904632568,6.909999847412109,6.769999980926514,6.909999847412109,6.909999847412109,3721800
2025-12-08,6.989999771118164,7.039999961853027,6.659999847412109,6.78000020980835,6.78000020980835,3190500
2025-12-09,6.710000038146973,6.860000133514404,6.599999904632568,6.659999847412109,6.659999847412109,4549900
2025-12-10,6.639999866485596,6.789999961853027,6.570000171661377,6.739999771118164,6.739999771118164,3164200
2025-12-11,6.679999828338623,6.840000152587891,6.650000095367432,6.690000057220459,6.690000057220459,2648400
2025-12-12,6.699999809265137,6.710000038146973,6.429999828338623,6.570000171661377,6.570000171661377,2927300
2025-12-15,6.570000171661377,6.610000133514404,6.489999771118164,6.579999923706055,6.579999923706055,3157800
2025-12-16,6.510000228881836,6.599999904632568,6.360000133514404,6.539999961853027,6.539999961853027,3289900
2025-12-17,6.53000020980835,6.760000228881836,6.5,6.53000020980835,6.53000020980835,3578600
2025-12-18,6.599999904632568,6.71999979019165,6.550000190734863,6.679999828338623,6.679999828338623,3934700
2025-12-19,6.679999828338623,6.869999885559082,6.650000095367432,6.659999847412109,6.659999847412109,6920400
2025-12-22,6.710000038146973,6.980000019073486,6.679999828338623,6.889999866485596,6.889999866485596,3019500
2025-12-23,6.849999904632568,6.900000095367432,6.739999771118164,6.800000190734863,6.800000190734863,2685700
2025-12-24,6.78000020980835,7.0,6.78000020980835,6.940000057220459,6.940000057220459,1782100
2025-12-26,6.869999885559082,6.900000095367432,6.769999980926514,6.829999923706055,6.829999923706055,1994700
2025-12-29,6.75,6.869999885559082,6.710000038146973,6.820000171661377,6.820000171661377,2920200
2025-12-30,6.809999942779541,6.829999923706055,6.679999828338623,6.71999979019165,6.71999979019165,2765200
2025-12-31,6.699999809265137,6.739999771118164,6.599999904632568,6.71999979019165,6.71999979019165,2759700
2026-01-02,6.760000228881836,7.199999809265137,6.760000228881836,7.130000114440918,7.130000114440918,3896500
2026-01-05,7.099999904632568,7.360000133514404,7.090000152587891,7.25,7.25,3204600
2026-01-06,7.21999979019165,7.670000076293945,7.21999979019165,7.440000057220459,7.440000057220459,4275200
2026-01-07,7.510000228881836,7.760000228881836,7.449999809265137,7.619999885559082,7.619999885559082,4270600
2026-01-08,7.489999771118164,7.550000190734863,7.309999942779541,7.340000152587891,7.340000152587891,2803900
2026-01-09,7.380000114440918,7.550000190734863,7.260000228881836,7.269999980926514,7.269999980926514,2787700
2026-01-12,7.300000190734863,7.789999961853027,7.150000095367432,7.75,7.75,3817600
2026-01-13,7.849999904632568,8.8100004196167,7.840000152587891,8.670000076293945,8.670000076293945,11161800
2026-01-14,8.470000267028809,8.529999732971191,7.889999866485596,8.1899995803833,8.1899995803833,7551600
2026-01-15,8.039999961853027,8.149999618530273,7.760000228881836,7.78000020980835,7.78000020980835,5886300
2026-01-16,7.769999980926514,8.329999923706055,7.730000019073486,8.010000228881836,8.010000228881836,5448500
2026-01-20,8.220000267028809,8.75,7.980000019073486,8.199999809265137,8.199999809265137,11870500
2026-01-21,8.279999732971191,9.979999542236328,8.199999809265137,9.899999618530273,9.899999618530273,16572700
2026-01-22,9.859999656677246,10.130000114440918,9.5,9.75,9.75,9392800
2026-01-23,9.699999809265137,9.699999809265137,9.149999618530273,9.170000076293945,9.170000076293945,7589600
2026-01-26,9.319999694824219,10.020000457763672,9.25,9.630000114440918,9.630000114440918,6846600
2026-01-27,9.75,10.199999809265137,9.619999885559082,9.819999694824219,9.819999694824219,6801000
2026-01-28,9.739999771118164,9.9399995803833,9.15999984741211,9.229999542236328,9.229999542236328,5322500
2026-01-29,9.25,9.600000381469727,9.229999542236328,9.4399995803833,9.4399995803833,4492900
2026-01-30,9.220000267028809,9.289999961853027,8.649999618530273,8.850000381469727,8.850000381469727,5016000
2026-02-02,8.670000076293945,8.869999885559082,8.4399995803833,8.6899995803833,8.6899995803833,3331900
2026-02-03,8.640000343322754,8.850000381469727,8.09000015258789,8.369999885559082,8.369999885559082,3775300
2026-02-04,8.420000076293945,8.619999885559082,8.15999984741211,8.270000457763672,8.270000457763672,3499000
2026-02-05,8.170000076293945,8.319999694824219,7.840000152587891,7.869999885559082,7.869999885559082,4159400
2026-02-06,8.010000228881836,8.3100004196167,7.849999904632568,8.25,8.25,3250500
2026-02-09,8.1899995803833,8.729999542236328,8.020000457763672,8.699999809265137,8.699999809265137,4000500
2026-02-10,8.6899995803833,9.020000457763672,8.600000381469727,8.75,8.75,3718400
2026-02-11,8.90999984741211,9.279999732971191,8.539999961853027,8.970000267028809,8.970000267028809,5041500
2026-02-12,8.970000267028809,9.1899995803833,8.25,8.420000076293945,8.420000076293945,4112400
2026-02-13,8.550000190734863,8.90999984741211,8.479999542236328,8.699999809265137,8.699999809265137,3218900
2026-02-17,8.510000228881836,8.850000381469727,8.5,8.649999618530273,8.649999618530273,2288800
2026-02-18,8.649999618530273,8.850000381469727,8.569999694824219,8.6899995803833,8.6899995803833,1768700
2026-02-19,8.699999809265137,9.3100004196167,8.529999732971191,9.229999542236328,9.229999542236328,3957200
2026-02-20,9.0600004196167,9.529999732971191,9.039999961853027,9.199999809265137,9.199999809265137,3416900
2026-02-23,9.140000343322754,9.600000381469727,9.100000381469727,9.359999656677246,9.359999656677246,2961400
2026-02-24,9.350000381469727,9.770000457763672,9.3100004196167,9.460000038146973,9.460000038146973,2919400
2026-02-25,9.520000457763672,9.739999771118164,9.289999961853027,9.529999732971191,9.529999732971191,4201600
2026-02-26,9.829999923706055,11.970000267028809,9.699999809265137,11.1899995803833,11.1899995803833,23919400
2026-02-27,11.149999618530273,11.149999618530273,9.8100004196167,10.140000343322754,10.140000343322754,10243400
2026-03-02,9.779999732971191,10.34000015258789,9.699999809265137,10.109999656677246,10.109999656677246,4189600
2026-03-03,9.75,10.0600004196167,9.399999618530273,9.489999771118164,9.489999771118164,4941900
2026-03-04,9.680000305175781,10.109999656677246,9.140000343322754,9.890000343322754,9.890000343322754,5075600
2026-03-05,9.5600004196167,10.029999732971191,9.520000457763672,9.989999771118164,9.989999771118164,4557100
2026-03-06,9.75,10.050000190734863,9.529999732971191,9.979999542236328,9.979999542236328,3884700
2026-03-09,9.789999961853027,10.720000267028809,9.789999961853027,10.550000190734863,10.550000190734863,5568000
2026-03-10,10.569999694824219,10.819999694824219,10.4399995803833,10.6899995803833,10.6899995803833,3609600
2026-03-11,10.699999809265137,11.050000190734863,10.449999809265137,10.800000190734863,10.800000190734863,5178900
2026-03-12,10.779999732971191,10.8100004196167,10.270000457763672,10.300000190734863,10.300000190734863,3609700
2026-03-13,10.420000076293945,10.609999656677246,10.130000114440918,10.239999771118164,10.239999771118164,2859300
2026-03-16,10.420000076293945,10.470000267028809,9.949999809265137,10.079999923706055,10.079999923706055,3346100
2026-03-17,10.050000190734863,10.9399995803833,10.029999732971191,10.640000343322754,10.640000343322754,6109300
2026-03-18,10.630000114440918,10.800000190734863,10.0,10.010000228881836,10.010000228881836,3908800
2026-03-19,9.720000267028809,9.819999694824219,9.380000114440918,9.739999771118164,9.739999771118164,3876700
2026-03-20,9.84000015258789,10.0,9.420000076293945,9.619999885559082,9.619999885559082,5683800
2026-03-23,9.640000343322754,10.0,9.4399995803833,9.720000267028809,9.720000267028809,5301000
2026-03-24,9.520000457763672,9.729999542236328,9.25,9.260000228881836,9.260000228881836,3175300
2026-03-25,9.390000343322754,9.600000381469727,9.220000267028809,9.34000015258789,9.34000015258789,2708900
2026-03-26,9.010000228881836,9.289999961853027,8.75,8.949999809265137,8.949999809265137,3071400
2026-03-27,8.84000015258789,8.960000038146973,8.4399995803833,8.449999809265137,8.449999809265137,3942800
2026-03-30,8.40999984741211,8.420000076293945,7.940000057220459,8.09000015258789,8.09000015258789,4152600
2026-03-31,8.270000457763672,8.390000343322754,7.71999979019165,8.140000343322754,8.140000343322754,5998600
2026-04-01,8.1899995803833,8.319999694824219,8.0,8.020000457763672,8.020000457763672,2793600
2026-04-02,7.699999809265137,7.909999847412109,7.570000171661377,7.699999809265137,7.699999809265137,4662700
2026-04-06,7.78000020980835,8.140000343322754,7.769999980926514,7.96999979019165,7.96999979019165,2798600
2026-04-07,7.800000190734863,8.039999961853027,7.710000038146973,7.980000019073486,7.980000019073486,2373400
2026-04-08,8.569999694824219,8.600000381469727,8.180000305175781,8.420000076293945,8.420000076293945,3730100
2026-04-09,8.40999984741211,8.600000381469727,8.319999694824219,8.539999961853027,8.539999961853027,2307800
2026-04-10,8.520000457763672,8.550000190734863,8.020000457763672,8.119999885559082,8.119999885559082,3450300
2026-04-13,8.079999923706055,8.319999694824219,7.989999771118164,8.109999656677246,8.109999656677246,2774100
2026-04-14,8.170000076293945,8.399999618530273,8.140000343322754,8.390000343322754,8.390000343322754,3304100
2026-04-15,8.380000114440918,8.789999961853027,8.380000114440918,8.6899995803833,8.6899995803833,2962300
2026-04-16,8.779999732971191,8.800000190734863,8.460000038146973,8.640000343322754,8.640000343322754,2006000
2026-04-17,8.960000038146973,8.989999771118164,8.75,8.84000015258789,8.84000015258789,2465400
2026-04-20,8.729999542236328,8.850000381469727,8.600000381469727,8.670000076293945,8.670000076293945,2842700
2026-04-21,8.670000076293945,8.739999771118164,8.40999984741211,8.489999771118164,8.489999771118164,3960500
2026-04-22,8.539999961853027,8.649999618530273,8.399999618530273,8.449999809265137,8.449999809265137,3523200
2026-04-23,8.430000305175781,8.5,7.980000019073486,8.149999618530273,8.149999618530273,3580300
2026-04-24,8.210000038146973,8.289999961853027,8.069999694824219,8.220000267028809,8.220000267028809,1788700
2026-04-27,8.170000076293945,8.329999923706055,7.96999979019165,8.069999694824219,8.069999694824219,2656600
2026-04-28,8.079999923706055,8.100000381469727,7.869999885559082,7.920000076293945,7.920000076293945,3290000
2026-04-29,7.829999923706055,7.989999771118164,7.710000038146973,7.96999979019165,7.96999979019165,2865500
2026-04-30,8.010000228881836,8.270000457763672,7.920000076293945,7.929999828338623,7.929999828338623,2817400
2026-05-01,7.900000095367432,8.079999923706055,7.860000133514404,8.039999961853027,8.039999961853027,3114200
2026-05-04,8.029999732971191,8.359999656677246,7.960000038146973,8.029999732971191,8.029999732971191,3502900
2026-05-05,8.100000381469727,8.15999984741211,7.809999942779541,8.100000381469727,8.100000381469727,3629500
2026-05-06,8.5600004196167,9.569999694824219,8.350000381469727,9.359999656677246,9.359999656677246,16483000
2026-05-07,9.670000076293945,10.199999809265137,9.15999984741211,9.229999542236328,9.229999542236328,9197500
2026-05-08,9.359999656677246,10.75,9.319999694824219,10.109999656677246,10.109999656677246,13354000
2026-05-11,10.5600004196167,10.739999771118164,9.300000190734863,9.5,9.5,10343100
2026-05-12,9.229999542236328,9.930000305175781,9.199999809265137,9.619999885559082,9.619999885559082,6136000
2026-05-13,9.430000305175781,9.510000228881836,9.15999984741211,9.229999542236328,9.229999542236328,5174300
2026-05-14,9.149999618530273,9.369999885559082,8.859999656677246,9.350000381469727,9.350000381469727,4610200
2026-05-15,9.130000114440918,9.329999923706055,8.930000305175781,9.0600004196167,9.0600004196167,4070800
2026-05-18,9.220000267028809,9.329999923706055,8.710000038146973,8.930000305175781,8.930000305175781,4837300
2026-05-19,8.760000228881836,8.960000038146973,8.640000343322754,8.899999618530273,8.899999618530273,2988800
2026-05-20,8.970000267028809,9.460000038146973,8.930000305175781,9.270000457763672,9.270000457763672,4949600
2026-05-21,9.149999618530273,9.239999771118164,8.9399995803833,8.979999542236328,8.979999542236328,3592900
2026-05-22,8.9399995803833,9.229999542236328,8.920000076293945,9.210000038146973,9.210000038146973,4424800
2026-05-26,9.380000114440918,10.520000457763672,9.380000114440918,10.460000038146973,10.460000038146973,8324000
2026-05-27,10.479999542236328,11.609999656677246,10.479999542236328,11.09000015258789,11.09000015258789,9799900
2026-05-28,10.90999984741211,10.930000305175781,10.119999885559082,10.319999694824219,10.319999694824219,7442200
2026-05-29,10.260000228881836,11.1899995803833,10.210000038146973,10.970000267028809,10.970000267028809,7154000
2026-06-01,10.829999923706055,10.880000114440918,10.5,10.510000228881836,10.510000228881836,4682700
2026-06-02,10.399999618530273,10.399999618530273,9.8100004196167,10.210000038146973,10.210000038146973,4653000
2026-06-03,10.140000343322754,10.319999694824219,9.9399995803833,10.199999809265137,10.199999809265137,3090600
2026-06-04,10.170000076293945,10.59000015258789,10.100000381469727,10.1899995803833,10.1899995803833,5248600
2026-06-05,9.970000267028809,10.130000114440918,9.260000228881836,9.489999771118164,9.489999771118164,4583800
2026-06-08,9.569999694824219,9.6899995803833,8.600000381469727,8.619999885559082,8.619999885559082,6864200
2026-06-09,8.75,8.859999656677246,8.350000381469727,8.670000076293945,8.670000076293945,4589800
2026-06-10,8.630000114440918,8.84000015258789,8.470000267028809,8.5600004196167,8.5600004196167,3098800
2026-06-11,8.539999961853027,9.09000015258789,8.449999809265137,9.029999732971191,9.029999732971191,3573400
2026-06-12,9.069999694824219,9.300000190734863,8.800000190734863,8.880000114440918,8.880000114440918,2591600
2026-06-15,9.170000076293945,9.380000114440918,9.069999694824219,9.210000038146973,9.210000038146973,3573000
2026-06-16,9.220000267028809,9.600000381469727,8.949999809265137,9.199999809265137,9.199999809265137,4168400
2026-06-17,9.1899995803833,9.720000267028809,9.119999885559082,9.5,9.5,3901700
2026-06-18,9.680000305175781,9.989999771118164,9.079999923706055,9.130000114440918,9.130000114440918,9458300
2026-06-22,9.15999984741211,9.369999885559082,8.970000267028809,9.0,9.0,3706400
2026-06-23,8.8100004196167,9.59000015258789,8.8100004196167,9.0,9.0,4235700
2026-06-24,9.149999618530273,9.359999656677246,8.859999656677246,8.899999618530273,8.899999618530273,3507400
2026-06-25,8.899999618530273,8.979999542236328,8.270000457763672,8.5600004196167,8.5600004196167,4353900
2026-06-26,8.529999732971191,8.9399995803833,8.529999732971191,8.880000114440918,8.880000114440918,8409600
2026-06-29,8.920000076293945,9.380000114440918,8.880000114440918,9.359999656677246,9.359999656677246,4039700
2026-06-30,9.329999923706055,9.770000457763672,9.279999732971191,9.420000076293945,9.420000076293945,3984700
2026-07-01,9.369999885559082,9.640000343322754,9.289999961853027,9.460000038146973,9.460000038146973,4569000
2026-07-02,9.5600004196167,10.119999885559082,9.449999809265137,9.739999771118164,9.739999771118164,4848700
2026-07-06,9.5,9.649999618530273,9.130000114440918,9.350000381469727,9.350000381469727,2958100
2026-07-07,9.34000015258789,9.479999542236328,8.890000343322754,9.460000038146973,9.460000038146973,4517300
2026-07-08,9.279999732971191,9.539999961853027,9.149999618530273,9.350000381469727,9.350000381469727,3793600
2026-07-09,9.449999809265137,9.6899995803833,9.34000015258789,9.399999618530273,9.399999618530273,2718600
2026-07-10,9.380000114440918,9.399999618530273,8.9399995803833,9.329999923706055,9.329999923706055,5095800
