date,open,high,low,close,adjclose,volume
2021-08-02,46.095001220703125,46.505001068115234,45.834999084472656,46.5,41.769676208496094,1524000
2021-08-03,46.404998779296875,46.66999816894531,46.31999969482422,46.560001373291016,41.82357406616211,2904200
2021-08-04,46.79499816894531,49.2599983215332,46.779998779296875,49.10499954223633,44.10967254638672,6307400
2021-08-05,50.654998779296875,51.60499954223633,50.540000915527344,51.54999923706055,46.305946350097656,4177200
2021-08-06,49.23500061035156,50.03499984741211,49.17499923706055,49.7400016784668,44.68008041381836,3494000
2021-08-09,50.03499984741211,50.47999954223633,49.78499984741211,50.32500076293945,45.205570220947266,2070600
2021-08-10,50.04499816894531,50.39500045776367,49.779998779296875,50.05500030517578,44.96303176879883,2808400
2021-08-11,50.11000061035156,50.54999923706055,50.005001068115234,50.3650016784668,45.24150085449219,1999200
2021-08-12,50.415000915527344,51.04999923706055,50.25,50.8849983215332,45.708595275878906,1402400
2021-08-13,50.994998931884766,51.52000045776367,50.970001220703125,51.380001068115234,46.15324401855469,1527400
2021-08-16,51.29999923706055,51.6349983215332,51.1349983215332,51.630001068115234,46.63056945800781,1501000
2021-08-17,52.084999084472656,52.47999954223633,52.0,52.46500015258789,47.38471221923828,1935000
2021-08-18,52.48500061035156,52.8650016784668,52.005001068115234,52.005001068115234,46.96925735473633,2025800
2021-08-19,52.34000015258789,53.09000015258789,52.29999923706055,52.80500030517578,47.69178771972656,2016800
2021-08-20,53.0099983215332,53.619998931884766,52.939998626708984,53.310001373291016,48.147891998291016,1864400
2021-08-23,53.30500030517578,53.30500030517578,52.880001068115234,52.970001220703125,47.84081268310547,2794200
2021-08-24,52.15999984741211,52.57500076293945,51.76499938964844,51.810001373291016,46.79314422607422,2827000
2021-08-25,51.595001220703125,51.834999084472656,51.3650016784668,51.814998626708984,46.79765319824219,1629000
2021-08-26,51.915000915527344,52.19499969482422,51.779998779296875,51.78499984741211,46.77056121826172,1410200
2021-08-27,51.32500076293945,51.6349983215332,50.86000061035156,50.939998626708984,46.00737762451172,2760200
2021-08-30,50.709999084472656,51.45500183105469,50.66999816894531,51.189998626708984,46.23317337036133,2537200
2021-08-31,50.849998474121094,50.86000061035156,49.529998779296875,49.98500061035156,45.14486312866211,4786400
2021-09-01,49.96500015258789,50.435001373291016,49.915000915527344,50.404998779296875,45.5241813659668,2497400
2021-09-02,50.69499969482422,50.875,50.44499969482422,50.84000015258789,45.91706466674805,1285000
2021-09-03,50.17499923706055,50.599998474121094,49.939998626708984,50.44499969482422,45.56031799316406,1978400
2021-09-07,50.790000915527344,50.849998474121094,50.54999923706055,50.685001373291016,45.77707290649414,1365400
2021-09-08,50.310001373291016,50.630001068115234,50.18000030517578,50.349998474121094,45.47451400756836,1544400
2021-09-09,50.27000045776367,50.404998779296875,49.564998626708984,49.64500045776367,44.83777618408203,2361200
2021-09-10,49.900001525878906,50.14500045776367,49.625,49.775001525878906,44.955196380615234,1744400
2021-09-13,50.44499969482422,50.51499938964844,49.625,49.834999084472656,45.00938415527344,1964200
2021-09-14,50.0099983215332,50.54999923706055,49.939998626708984,50.01499938964844,45.17194366455078,1933400
2021-09-15,50.67499923706055,50.70000076293945,50.29999923706055,50.6349983215332,45.73191452026367,1274200
2021-09-16,50.98500061035156,51.29999923706055,50.82500076293945,51.189998626708984,46.23317337036133,1922800
2021-09-17,50.79999923706055,51.14500045776367,50.470001220703125,50.70500183105469,45.79514694213867,3016600
2021-09-20,49.31999969482422,50.255001068115234,49.28499984741211,49.83000183105469,45.00486373901367,2209800
2021-09-21,50.439998626708984,51.21500015258789,50.439998626708984,50.8849983215332,45.95770263671875,1961600
2021-09-22,50.470001220703125,50.845001220703125,50.255001068115234,50.435001373291016,45.5512809753418,1176000
2021-09-23,51.11000061035156,51.26499938964844,50.935001373291016,51.04999923706055,46.10673141479492,1048000
2021-09-24,50.32500076293945,50.79499816894531,50.19499969482422,50.349998474121094,45.47451400756836,1983400
2021-09-27,49.915000915527344,49.94499969482422,49.42499923706055,49.540000915527344,44.74294662475586,1439200
2021-09-28,48.310001373291016,48.310001373291016,47.415000915527344,47.689998626708984,43.072086334228516,3058400
2021-09-29,48.20500183105469,48.47999954223633,47.76499938964844,48.04999923706055,43.3972282409668,1665600
2021-09-30,48.375,48.59000015258789,47.98500061035156,48.005001068115234,43.35658645629883,2239000
2021-10-01,47.82500076293945,48.04499816894531,47.44499969482422,47.939998626708984,43.297874450683594,1645800
2021-10-04,48.77000045776367,48.900001525878906,48.10499954223633,48.470001220703125,43.77656173706055,1987600
2021-10-05,49.099998474121094,49.154998779296875,48.70000076293945,48.71500015258789,43.997833251953125,2098400
2021-10-06,48.51499938964844,48.529998779296875,47.81999969482422,48.275001525878906,43.60044479370117,1576000
2021-10-07,48.814998626708984,49.5,48.779998779296875,49.189998626708984,44.42683792114258,1664600
2021-10-08,49.45500183105469,49.564998626708984,49.05500030517578,49.189998626708984,44.42683792114258,1219000
2021-10-11,49.154998779296875,49.345001220703125,49.04999923706055,49.20000076293945,44.43587112426758,843800
2021-10-12,49.18000030517578,49.2599983215332,48.564998626708984,48.81999969482422,44.0926628112793,1344600
2021-10-13,49.64500045776367,50.43000030517578,49.64500045776367,50.29999923706055,45.42935562133789,1804400
2021-10-14,50.48500061035156,50.56999969482422,50.17499923706055,50.220001220703125,45.35709762573242,1288000
2021-10-15,50.61000061035156,51.369998931884766,50.529998779296875,51.16999816894531,46.21510696411133,1877800
2021-10-18,51.70000076293945,52.06999969482422,51.56999969482422,51.71500015258789,46.707332611083984,2803400
2021-10-19,51.67499923706055,52.53499984741211,51.67499923706055,52.32500076293945,47.25827407836914,1751000
2021-10-20,52.32500076293945,52.66999816894531,51.89500045776367,52.275001525878906,47.213111877441406,1277400
2021-10-21,52.1150016784668,52.290000915527344,51.90999984741211,52.20500183105469,47.14989471435547,1571200
2021-10-22,52.71500015258789,53.04499816894531,52.69499969482422,53.005001068115234,47.87242126464844,1240000
2021-10-25,53.189998626708984,53.224998474121094,52.8849983215332,53.084999084472656,47.94467544555664,1313800
2021-10-26,52.724998474121094,53.85499954223633,52.724998474121094,53.67499923706055,48.477542877197266,1564400
2021-10-27,53.375,53.540000915527344,52.75,52.84000015258789,47.72340393066406,1412400
2021-10-28,53.27000045776367,54.165000915527344,53.27000045776367,53.82500076293945,48.61302185058594,1797400
2021-10-29,54.69499969482422,55.16999816894531,54.41999816894531,55.064998626708984,49.732948303222656,2138600
2021-11-01,54.790000915527344,54.95500183105469,54.505001068115234,54.720001220703125,49.42136001586914,1694600
2021-11-02,55.08000183105469,55.6150016784668,54.91999816894531,55.025001525878906,49.69682693481445,2353800
2021-11-03,55.90999984741211,57.974998474121094,55.8650016784668,57.779998779296875,52.1850471496582,4348400
2021-11-04,57.814998626708984,57.96500015258789,57.279998779296875,57.92499923706055,52.316009521484375,2075400
2021-11-05,56.154998779296875,56.71500015258789,56.02000045776367,56.709999084472656,51.218658447265625,2355200
2021-11-08,57.599998474121094,57.78499984741211,56.970001220703125,57.349998474121094,51.79669189453125,1904800
2021-11-09,57.29499816894531,57.349998474121094,56.92499923706055,57.060001373291016,51.53477096557617,1381800
2021-11-10,56.814998626708984,56.994998931884766,56.189998626708984,56.35499954223633,50.89803695678711,1934400
2021-11-11,56.8650016784668,56.935001373291016,56.400001525878906,56.70500183105469,51.21414566040039,2071400
2021-11-12,56.52000045776367,56.70000076293945,56.01499938964844,56.54999923706055,51.07415771484375,1100000
2021-11-15,56.66999816894531,57.029998779296875,56.650001525878906,56.744998931884766,51.250274658203125,1118000
2021-11-16,56.849998474121094,57.32500076293945,56.75,56.994998931884766,51.476070404052734,1143600
2021-11-17,57.29999923706055,57.54499816894531,57.125,57.20500183105469,51.66572952270508,1118200
2021-11-18,57.630001068115234,57.845001220703125,57.209999084472656,57.51499938964844,51.945709228515625,1773200
2021-11-19,57.310001373291016,57.47999954223633,56.875,56.935001373291016,51.421875,1449800
2021-11-22,56.435001373291016,56.474998474121094,55.595001220703125,55.6150016784668,50.229698181152344,1343000
2021-11-23,54.26499938964844,54.89500045776367,54.1349983215332,54.709999084472656,49.412322998046875,2005800
2021-11-24,54.32500076293945,54.529998779296875,53.94499969482422,54.52000045776367,49.240726470947266,1139600
2021-11-26,54.34000015258789,54.525001525878906,54.0,54.084999084472656,48.847843170166016,1688600
2021-11-29,53.720001220703125,54.4900016784668,53.53499984741211,54.14500045776367,48.90203094482422,1329400
2021-11-30,54.244998931884766,54.54499816894531,53.099998474121094,53.415000915527344,48.24272537231445,2255400
2021-12-01,53.60499954223633,54.375,53.5099983215332,53.63999938964844,48.4459342956543,1421000
2021-12-02,53.26499938964844,53.60499954223633,53.11000061035156,53.31999969482422,48.156925201416016,1583000
2021-12-03,54.6349983215332,54.71500015258789,53.029998779296875,53.540000915527344,48.35562515258789,1523200
2021-12-06,54.06999969482422,54.244998931884766,53.435001373291016,53.875,48.65818405151367,1814600
2021-12-07,54.439998626708984,55.099998474121094,54.435001373291016,55.08000183105469,49.746498107910156,1346000
2021-12-08,56.279998779296875,56.72999954223633,55.54499816894531,56.70500183105469,51.21414566040039,2400000
2021-12-09,56.91999816894531,57.099998474121094,56.67499923706055,56.77000045776367,51.272850036621094,2564200
2021-12-10,56.720001220703125,57.275001525878906,56.720001220703125,57.17499923706055,51.638633728027344,1186200
2021-12-13,57.6349983215332,58.064998626708984,57.5,57.849998474121094,52.24827194213867,1269000
2021-12-14,56.654998779296875,56.70000076293945,56.1150016784668,56.40999984741211,50.94771194458008,2097000
2021-12-15,56.560001373291016,58.2400016784668,56.54499816894531,58.22999954223633,52.59147644042969,1635600
2021-12-16,58.15999984741211,58.67499923706055,58.0,58.540000915527344,52.871456146240234,1533200
2021-12-17,57.85499954223633,58.2599983215332,53.28499984741211,53.724998474121094,48.522708892822266,11551400
2021-12-20,52.064998626708984,52.334999084472656,51.04499816894531,51.76499938964844,46.752498626708984,5956600
2021-12-21,52.3849983215332,53.23500061035156,51.994998931884766,53.10499954223633,47.962738037109375,5111600
2021-12-22,54.33000183105469,55.084999084472656,54.23500061035156,54.95000076293945,49.629085540771484,3649800
2021-12-23,54.32500076293945,55.20500183105469,54.18000030517578,54.21500015258789,48.96525955200195,2411200
2021-12-27,55.3849983215332,56.09000015258789,55.16999816894531,55.814998626708984,50.41032409667969,2262200
2021-12-28,56.005001068115234,56.040000915527344,55.17499923706055,55.38999938964844,50.0264778137207,1675400
2021-12-29,54.95000076293945,55.599998474121094,54.68000030517578,55.58000183105469,50.19808578491211,1343800
2021-12-30,55.79999923706055,56.2599983215332,55.685001373291016,55.724998474121094,50.32903289794922,1623200
2021-12-31,55.93000030517578,56.45500183105469,55.84000015258789,56.0,50.57741165161133,1514600
2022-01-03,54.82500076293945,54.86000061035156,53.86000061035156,54.39500045776367,49.12782669067383,2312600
2022-01-04,51.935001373291016,53.154998779296875,51.76499938964844,53.06999969482422,47.93113708496094,5726400
2022-01-05,52.39500045776367,52.63999938964844,51.27000045776367,51.27000045776367,46.3054313659668,2874400
2022-01-06,50.36000061035156,51.97999954223633,50.1349983215332,51.43000030517578,46.4499397277832,6665800
2022-01-07,50.275001525878906,50.974998474121094,50.27000045776367,50.744998931884766,45.831260681152344,7812400
2022-01-10,50.064998626708984,50.959999084472656,49.81999969482422,50.89500045776367,45.96673583984375,2980200
2022-01-11,50.349998474121094,50.654998779296875,49.83000183105469,50.61000061035156,45.70933532714844,2404400
2022-01-12,50.064998626708984,50.54999923706055,50.029998779296875,50.375,45.49708938598633,2445200
2022-01-13,50.38999938964844,50.439998626708984,49.59000015258789,49.779998779296875,44.95970916748047,1931200
2022-01-14,48.525001525878906,49.04999923706055,47.68000030517578,48.15999984741211,43.496578216552734,4927600
2022-01-18,47.834999084472656,48.45000076293945,47.72999954223633,48.19499969482422,43.52819061279297,2290000
2022-01-19,48.849998474121094,49.29999923706055,48.48500061035156,48.64500045776367,43.934608459472656,2052800
2022-01-20,47.9900016784668,48.70000076293945,47.69499969482422,47.72999954223633,43.108211517333984,4022400
2022-01-21,47.97999954223633,48.44499969482422,47.564998626708984,47.68000030517578,43.06305694580078,2700400
2022-01-24,46.400001525878906,47.83000183105469,45.755001068115234,47.720001220703125,43.099185943603516,5764800
2022-01-25,47.095001220703125,47.935001373291016,46.994998931884766,47.58000183105469,42.97273635864258,5165000
2022-01-26,47.26499938964844,47.525001525878906,46.345001220703125,46.54999923706055,42.042476654052734,3709000
2022-01-27,47.73500061035156,48.345001220703125,47.5,47.720001220703125,43.099185943603516,2640600
2022-01-28,47.95000076293945,48.459999084472656,47.540000915527344,48.380001068115234,43.69527816772461,1981400
2022-01-31,49.1150016784668,50.03499984741211,49.03499984741211,49.935001373291016,45.09969711303711,2890000
2022-02-01,50.68000030517578,51.38999938964844,50.33000183105469,51.29999923706055,46.332523345947266,4038200
2022-02-02,53.15999984741211,53.584999084472656,52.755001068115234,53.29499816894531,48.13433837890625,4395600
2022-02-03,52.040000915527344,52.650001525878906,51.95000076293945,52.314998626708984,47.249237060546875,3937800
2022-02-04,50.81999969482422,51.07500076293945,49.59000015258789,49.834999084472656,45.00938415527344,5665000
2022-02-07,50.3849983215332,51.3849983215332,50.25,50.880001068115234,45.95319366455078,2094800
2022-02-08,50.6349983215332,50.85499954223633,50.314998626708984,50.775001525878906,45.85836410522461,1945800
2022-02-09,52.150001525878906,53.029998779296875,52.119998931884766,52.959999084472656,47.831783294677734,2559600
2022-02-10,52.29999923706055,53.189998626708984,51.8849983215332,52.029998779296875,46.9918327331543,1889800
2022-02-11,50.869998931884766,50.959999084472656,49.095001220703125,49.45500183105469,44.66618347167969,3747400
2022-02-14,48.790000915527344,49.33000183105469,48.63999938964844,49.06999969482422,44.318450927734375,3157800
2022-02-15,50.334999084472656,51.09000015258789,50.334999084472656,50.68000030517578,45.772560119628906,1900000
2022-02-16,50.78499984741211,51.67499923706055,50.779998779296875,51.584999084472656,46.58992385864258,2010600
2022-02-17,51.689998626708984,51.755001068115234,51.16999816894531,51.224998474121094,46.2647819519043,1578200
2022-02-18,50.939998626708984,51.05500030517578,50.10499954223633,50.404998779296875,45.5241813659668,1177000
2022-02-22,49.904998779296875,50.57500076293945,49.11000061035156,49.619998931884766,44.8151969909668,1595200
2022-02-23,49.57500076293945,49.66999816894531,48.755001068115234,48.84000015258789,44.1107292175293,1413000
2022-02-24,47.790000915527344,49.53499984741211,47.375,49.474998474121094,44.684242248535156,2918600
2022-02-25,50.400001525878906,51.6150016784668,50.33000183105469,51.375,46.40026092529297,2675200
2022-02-28,51.154998779296875,51.61000061035156,50.83000183105469,51.474998474121094,46.490577697753906,2163000
2022-03-01,51.974998474121094,52.52000045776367,51.60499954223633,51.79999923706055,46.78410339355469,2104600
2022-03-02,51.34000015258789,52.494998931884766,51.0,52.334999084472656,47.26729965209961,2701400
2022-03-03,53.130001068115234,53.665000915527344,51.810001373291016,52.1349983215332,47.08666229248047,1861400
2022-03-04,50.8849983215332,52.08000183105469,50.8849983215332,52.05500030517578,47.01441192626953,2401400
2022-03-07,51.3650016784668,51.59000015258789,50.31999969482422,50.42499923706055,45.54225158691406,5455600
2022-03-08,51.01499938964844,52.834999084472656,50.2400016784668,51.154998779296875,46.20156478881836,7352800
2022-03-09,51.40999984741211,52.810001373291016,51.17499923706055,52.529998779296875,47.44342041015625,5377200
2022-03-10,51.72999954223633,52.494998931884766,51.55500030517578,52.22999954223633,47.1724739074707,4426000
2022-03-11,50.73500061035156,51.525001525878906,50.28499984741211,50.630001068115234,45.72740173339844,5354200
2022-03-14,51.040000915527344,51.75,50.84000015258789,50.869998931884766,45.944156646728516,1393000
2022-03-15,51.47999954223633,51.599998474121094,50.709999084472656,51.224998474121094,46.2647819519043,2286200
2022-03-16,52.75,53.41999816894531,52.040000915527344,53.119998931884766,47.97628402709961,2457800
2022-03-17,53.95000076293945,54.970001220703125,53.90999984741211,54.92499923706055,49.60650634765625,1684200
2022-03-18,54.369998931884766,55.73500061035156,54.28499984741211,55.73500061035156,50.33807373046875,2721400
2022-03-21,55.04999923706055,55.724998474121094,54.689998626708984,55.095001220703125,49.760047912597656,2305600
2022-03-22,54.93000030517578,55.18000030517578,54.41999816894531,54.80500030517578,49.49812316894531,1954200
2022-03-23,54.80500030517578,55.244998931884766,54.54999923706055,54.685001373291016,49.38974380493164,1622600
2022-03-24,53.9900016784668,54.52000045776367,53.744998931884766,54.4900016784668,49.2136344909668,1413000
2022-03-25,53.810001373291016,53.8849983215332,52.915000915527344,53.255001068115234,48.559844970703125,1527200
2022-03-28,53.33000183105469,53.98500061035156,53.28499984741211,53.95500183105469,49.1981315612793,1057800
2022-03-29,55.5,55.7599983215332,54.834999084472656,55.099998474121094,50.24217987060547,2005000
2022-03-30,55.849998474121094,56.86000061035156,55.79499816894531,56.27000045776367,51.30903625488281,2362400
2022-03-31,56.435001373291016,56.55500030517578,55.525001525878906,55.525001525878906,50.62971496582031,1668000
2022-04-01,55.779998779296875,56.58000183105469,55.689998626708984,56.45500183105469,51.47772216796875,1883000
2022-04-04,56.40999984741211,57.0099983215332,56.125,56.904998779296875,51.8880500793457,2961200
2022-04-05,57.22999954223633,57.814998626708984,57.20000076293945,57.404998779296875,52.34396743774414,2003800
2022-04-06,57.55500030517578,58.625,57.439998626708984,58.564998626708984,53.40169143676758,2827400
2022-04-07,59.34000015258789,61.08000183105469,59.34000015258789,60.904998779296875,55.5353889465332,4647800
2022-04-08,60.0,60.72999954223633,59.95500183105469,60.279998779296875,54.96549606323242,2578400
2022-04-11,60.34000015258789,60.97999954223633,59.974998474121094,60.474998474121094,55.1432991027832,5004400
2022-04-12,58.415000915527344,59.125,57.89500045776367,58.70000076293945,53.5247917175293,5920600
2022-04-13,59.09000015258789,59.55500030517578,58.54999923706055,59.439998626708984,54.19955062866211,2903200
2022-04-14,59.53499984741211,59.810001373291016,59.0099983215332,59.099998474121094,53.889522552490234,1771600
2022-04-18,58.61000061035156,59.290000915527344,57.94499969482422,58.185001373291016,53.05519485473633,1188200
2022-04-19,57.01499938964844,57.619998931884766,56.709999084472656,57.20500183105469,52.16160202026367,2391000
2022-04-20,57.59000015258789,58.244998931884766,57.41999816894531,57.77000045776367,52.676788330078125,1594000
2022-04-21,57.22999954223633,57.30500030517578,55.15999984741211,55.375,50.49293518066406,4305200
2022-04-22,56.53499984741211,56.53499984741211,55.165000915527344,55.349998474121094,50.47013854980469,2365800
2022-04-25,55.53499984741211,56.869998931884766,55.505001068115234,56.86000061035156,51.84701156616211,2668600
2022-04-26,55.814998626708984,56.125,54.84000015258789,54.88999938964844,50.050697326660156,2829000
2022-04-27,55.48500061035156,56.29999923706055,55.23500061035156,55.779998779296875,50.86222839355469,2137200
2022-04-28,53.9900016784668,55.44499969482422,53.959999084472656,55.095001220703125,50.23761749267578,3558200
2022-04-29,57.2400016784668,58.064998626708984,56.84000015258789,57.0,51.97467041015625,6458800
2022-05-02,56.8650016784668,57.165000915527344,56.0099983215332,56.91999816894531,51.9017219543457,3401200
2022-05-03,56.61000061035156,57.154998779296875,56.19499969482422,56.59000015258789,51.60081481933594,2393200
2022-05-04,56.17499923706055,57.099998474121094,55.470001220703125,56.95500183105469,51.93364334106445,3267600
2022-05-05,56.41999816894531,56.94499969482422,56.025001525878906,56.39500045776367,51.423004150390625,4392600
2022-05-06,55.3650016784668,56.26499938964844,55.08000183105469,55.67499923706055,50.76648712158203,5187400
2022-05-09,54.05500030517578,54.3849983215332,52.970001220703125,53.125,48.44131088256836,4423000
2022-05-10,53.724998474121094,54.57500076293945,53.1150016784668,53.720001220703125,48.983848571777344,2776400
2022-05-11,52.349998474121094,53.564998626708984,51.875,51.904998779296875,47.32886505126953,3516800
2022-05-12,52.25,52.70500183105469,51.540000915527344,52.17499923706055,47.57505416870117,4213000
2022-05-13,53.0,53.45000076293945,52.380001068115234,53.02000045776367,48.34556579589844,2968800
2022-05-16,51.61000061035156,52.1349983215332,51.08000183105469,51.619998931884766,47.06898880004883,3786400
2022-05-17,53.46500015258789,53.474998474121094,52.7400016784668,53.16999816894531,48.48233413696289,2363800
2022-05-18,52.314998626708984,52.540000915527344,51.560001373291016,51.75,47.18752670288086,1984400
2022-05-19,51.599998474121094,52.52000045776367,51.529998779296875,52.025001525878906,47.43828201293945,4347200
2022-05-20,53.26499938964844,54.11000061035156,53.17499923706055,53.875,49.12517547607422,4591400
2022-05-23,53.98500061035156,54.21500015258789,53.6349983215332,53.91999816894531,49.16621398925781,1647400
2022-05-24,54.244998931884766,54.4900016784668,53.64500045776367,53.9900016784668,49.23004150390625,1733200
2022-05-25,53.209999084472656,53.415000915527344,52.41999816894531,52.625,47.98538589477539,4474200
2022-05-26,52.994998931884766,53.404998779296875,52.61000061035156,53.29999923706055,48.60087585449219,1896000
2022-05-27,52.849998474121094,53.915000915527344,52.79999923706055,53.869998931884766,49.12062454223633,1824400
2022-05-31,55.75,55.80500030517578,54.86000061035156,55.20000076293945,50.33336639404297,4559000
2022-06-01,55.39500045776367,55.52000045776367,54.994998931884766,55.165000915527344,50.30145263671875,3973400
2022-06-02,55.75,56.380001068115234,55.224998474121094,56.32500076293945,51.35917663574219,2167200
2022-06-03,56.1150016784668,56.470001220703125,55.84000015258789,56.20500183105469,51.249759674072266,1410400
2022-06-06,56.334999084472656,56.415000915527344,55.80500030517578,56.07500076293945,51.1312255859375,2822400
2022-06-07,57.11000061035156,57.974998474121094,57.095001220703125,57.935001373291016,52.82723617553711,2156400
2022-06-08,57.720001220703125,58.38999938964844,57.650001525878906,57.97999954223633,52.86826705932617,2908200
2022-06-09,57.459999084472656,57.625,56.400001525878906,56.404998779296875,51.432125091552734,1787200
2022-06-10,55.505001068115234,56.189998626708984,55.15999984741211,55.744998931884766,50.8303108215332,2074600
2022-06-13,54.439998626708984,54.595001220703125,53.685001373291016,53.790000915527344,49.04767990112305,2128600
2022-06-14,53.404998779296875,53.459999084472656,52.650001525878906,53.064998626708984,48.3865966796875,2646400
2022-06-15,52.974998474121094,53.61000061035156,52.29999923706055,53.165000915527344,48.477779388427734,2834400
2022-06-16,52.119998931884766,53.084999084472656,52.119998931884766,52.845001220703125,48.18598937988281,2571000
2022-06-17,52.8849983215332,53.314998626708984,52.44499969482422,52.790000915527344,48.135841369628906,2408000
2022-06-21,54.03499984741211,54.33000183105469,53.845001220703125,53.94499969482422,49.18900680541992,1761400
2022-06-22,53.685001373291016,54.375,53.630001068115234,53.66999816894531,48.93825912475586,3375600
2022-06-23,53.51499938964844,54.22999954223633,53.51499938964844,54.21500015258789,49.43520736694336,4412800
2022-06-24,55.904998779296875,56.099998474121094,55.290000915527344,56.060001373291016,51.1175422668457,2870800
2022-06-27,56.34000015258789,56.8849983215332,56.040000915527344,56.44499969482422,51.46860122680664,1984800
2022-06-28,54.625,54.98500061035156,54.1150016784668,54.150001525878906,49.37594223022461,2969400
2022-06-29,54.5099983215332,55.60499954223633,54.435001373291016,55.040000915527344,50.18747329711914,2324600
2022-06-30,54.78499984741211,55.80500030517578,54.48500061035156,55.71500015258789,50.80295944213867,2464400
2022-07-01,54.8650016784668,55.92499923706055,54.35499954223633,55.81999969482422,50.89870071411133,1869200
2022-07-05,54.18000030517578,55.619998931884766,54.18000030517578,55.619998931884766,50.716331481933594,5036800
2022-07-06,54.630001068115234,55.540000915527344,54.57500076293945,55.244998931884766,50.374393463134766,3215000
2022-07-07,54.845001220703125,55.17499923706055,54.744998931884766,54.970001220703125,50.12364196777344,2254000
2022-07-08,53.8650016784668,54.779998779296875,53.73500061035156,54.51499938964844,49.70875549316406,1934000
2022-07-11,54.525001525878906,55.20000076293945,54.3849983215332,54.77000045776367,49.94127655029297,1063400
2022-07-12,54.83000183105469,54.900001525878906,54.220001220703125,54.415000915527344,49.61756896972656,1890400
2022-07-13,53.814998626708984,55.349998474121094,53.814998626708984,55.060001373291016,50.205711364746094,2439400
2022-07-14,53.97999954223633,54.89500045776367,53.814998626708984,54.724998474121094,49.900238037109375,1804800
2022-07-15,56.435001373291016,57.13999938964844,56.18000030517578,57.1150016784668,52.079532623291016,3067600
2022-07-18,57.224998474121094,57.86000061035156,56.44499969482422,56.4900016784668,51.50963592529297,3267600
2022-07-19,57.494998931884766,57.91999816894531,57.1349983215332,57.90999984741211,52.804447174072266,1944400
2022-07-20,57.16999816894531,57.290000915527344,56.43000030517578,56.79499816894531,51.787742614746094,1732600
2022-07-21,56.88999938964844,57.779998779296875,56.78499984741211,57.68000030517578,52.5947151184082,1531800
2022-07-22,57.34000015258789,57.810001373291016,57.07500076293945,57.279998779296875,52.22998046875,1154200
2022-07-25,57.779998779296875,58.16999816894531,57.3650016784668,57.96500015258789,52.85459518432617,1378000
2022-07-26,57.97999954223633,58.619998931884766,57.92499923706055,58.40999984741211,53.26035690307617,1611200
2022-07-27,57.415000915527344,58.60499954223633,57.349998474121094,58.46500015258789,53.310508728027344,2052800
2022-07-28,57.375,58.40999984741211,56.61000061035156,58.19499969482422,53.06431198120117,1539800
2022-07-29,58.57500076293945,58.619998931884766,57.8849983215332,58.029998779296875,52.91386032104492,2416000
2022-08-01,58.470001220703125,58.709999084472656,57.935001373291016,58.04499816894531,52.92753982543945,2372400
2022-08-02,58.31999969482422,58.619998931884766,57.22999954223633,57.22999954223633,52.184391021728516,1791600
2022-08-03,56.94499969482422,57.029998779296875,49.685001373291016,49.95500183105469,45.55078887939453,12639200
2022-08-04,52.915000915527344,53.45500183105469,51.51499938964844,52.23500061035156,47.6297721862793,10237600
2022-08-05,52.06999969482422,52.130001068115234,51.060001373291016,51.599998474121094,47.05075454711914,5171000
2022-08-08,51.31999969482422,51.85499954223633,51.0,51.209999084472656,46.695133209228516,3112200
2022-08-09,52.40999984741211,52.95000076293945,52.005001068115234,52.29999923706055,47.68904113769531,4215600
2022-08-10,53.540000915527344,54.45500183105469,53.06999969482422,53.755001068115234,49.01576614379883,4549400
2022-08-11,54.78499984741211,55.209999084472656,53.96500015258789,54.39500045776367,49.59933853149414,3960600
2022-08-12,53.720001220703125,53.904998779296875,52.88999938964844,53.75,49.275718688964844,4438000
2022-08-15,53.349998474121094,53.56999969482422,52.93000030517578,53.185001373291016,48.75775146484375,2694600
2022-08-16,52.95000076293945,53.1150016784668,52.375,52.65999984741211,48.27645492553711,3732200
2022-08-17,52.82500076293945,53.185001373291016,52.380001068115234,52.404998779296875,48.04268264770508,3575600
2022-08-18,52.07500076293945,52.11000061035156,51.040000915527344,51.380001068115234,47.103004455566406,3756800
2022-08-19,52.20000076293945,52.625,51.85499954223633,52.275001525878906,47.92350387573242,3302800
2022-08-22,54.25,54.51499938964844,53.31999969482422,53.775001525878906,49.29863739013672,4738400
2022-08-23,53.310001373291016,53.525001525878906,52.95500183105469,53.28499984741211,48.84942626953125,3100200
2022-08-24,53.82500076293945,55.185001373291016,53.7599983215332,55.0099983215332,50.43083190917969,5108000
2022-08-25,54.90999984741211,55.70500183105469,54.75,55.70000076293945,51.06339645385742,3072400
2022-08-26,55.69499969482422,55.904998779296875,54.290000915527344,54.345001220703125,49.82118606567383,2673600
2022-08-29,54.0099983215332,54.185001373291016,53.6349983215332,53.720001220703125,49.24821853637695,2557000
2022-08-30,53.630001068115234,53.755001068115234,52.875,53.02000045776367,48.606483459472656,7175400
2022-08-31,53.529998779296875,53.70500183105469,53.03499984741211,53.04999923706055,48.63398742675781,13259800
2022-09-01,52.52000045776367,52.73500061035156,51.619998931884766,52.26499938964844,47.91433334350586,3738000
2022-09-02,51.869998931884766,52.369998931884766,50.79999923706055,51.119998931884766,46.864646911621094,6920600
2022-09-06,51.599998474121094,52.19499969482422,51.25,51.79499816894531,47.483455657958984,1904800
2022-09-07,51.55500030517578,52.51499938964844,51.40999984741211,52.415000915527344,48.051849365234375,1837400
2022-09-08,52.040000915527344,52.880001068115234,51.93000030517578,52.845001220703125,48.4460563659668,2178000
2022-09-09,53.81999969482422,54.474998474121094,53.61000061035156,54.26499938964844,49.74784851074219,3074200
2022-09-12,54.51499938964844,55.13999938964844,54.5099983215332,54.665000915527344,50.11455154418945,2154600
2022-09-13,54.04499816894531,54.150001525878906,52.93000030517578,53.02000045776367,48.606483459472656,1862600
2022-09-14,52.8650016784668,53.244998931884766,52.025001525878906,52.52000045776367,48.148109436035156,2354000
2022-09-15,52.060001373291016,52.29499816894531,51.43000030517578,51.60499954223633,47.30927658081055,2098600
2022-09-16,50.69499969482422,50.974998474121094,50.0,50.709999084472656,46.4887809753418,2869800
2022-09-19,50.165000915527344,50.650001525878906,49.81999969482422,50.619998931884766,46.40626525878906,2408600
2022-09-20,49.400001525878906,49.86000061035156,49.31999969482422,49.72999954223633,45.590354919433594,2028800
2022-09-21,50.459999084472656,50.584999084472656,49.54999923706055,49.61000061035156,45.480342864990234,2941800
2022-09-22,49.38999938964844,49.58000183105469,48.935001373291016,49.154998779296875,45.06321716308594,2648200
2022-09-23,48.89500045776367,49.290000915527344,48.63999938964844,48.96500015258789,44.889034271240234,3278600
2022-09-26,47.755001068115234,48.35499954223633,47.5099983215332,47.63999938964844,43.67433166503906,3529400
2022-09-27,48.19499969482422,48.5,47.625,47.95000076293945,43.958526611328125,3288600
2022-09-28,48.654998779296875,49.79999923706055,48.584999084472656,49.68000030517578,45.54452133178711,2757800
2022-09-29,50.20000076293945,50.459999084472656,49.80500030517578,50.19499969482422,46.01665115356445,3213000
2022-09-30,50.099998474121094,50.36000061035156,49.78499984741211,49.814998626708984,45.66827392578125,2198400
2022-10-03,50.79999923706055,51.45500183105469,50.619998931884766,51.275001525878906,47.00674819946289,2737000
2022-10-04,52.08000183105469,52.814998626708984,51.95500183105469,52.689998626708984,48.303958892822266,2297600
2022-10-05,52.59000015258789,53.21500015258789,52.404998779296875,53.01499938964844,48.60190200805664,1512600
2022-10-06,52.400001525878906,53.060001373291016,52.38999938964844,52.90999984741211,48.50564193725586,2169000
2022-10-07,52.529998779296875,52.70000076293945,51.65999984741211,52.029998779296875,47.69889831542969,2062200
2022-10-10,52.03499984741211,52.08000183105469,51.60499954223633,51.92499923706055,47.602638244628906,1597200
2022-10-11,51.79499816894531,52.810001373291016,51.474998474121094,52.19499969482422,47.85016632080078,2220600
2022-10-12,52.31999969482422,52.599998474121094,51.93000030517578,51.9900016784668,47.662227630615234,1533600
2022-10-13,50.76499938964844,52.665000915527344,50.72999954223633,52.415000915527344,48.051849365234375,1827000
2022-10-14,52.43000030517578,52.6150016784668,51.81999969482422,51.900001525878906,47.57971954345703,1962000
2022-10-17,52.5099983215332,53.16999816894531,52.48500061035156,53.0,48.58815383911133,1898800
2022-10-18,53.630001068115234,53.630001068115234,53.07500076293945,53.349998474121094,48.90901565551758,1665400
2022-10-19,53.14500045776367,53.165000915527344,52.11000061035156,52.30500030517578,47.95100402832031,1299400
2022-10-20,52.119998931884766,52.78499984741211,51.86000061035156,52.029998779296875,47.69889831542969,1976400
2022-10-21,50.76499938964844,52.400001525878906,50.44499969482422,52.11000061035156,47.77223205566406,3712000
2022-10-24,52.73500061035156,53.69499969482422,52.599998474121094,53.27000045776367,48.83567428588867,3527800
2022-10-25,53.93000030517578,54.119998931884766,53.52000045776367,54.084999084472656,49.58283233642578,2881600
2022-10-26,54.005001068115234,54.63999938964844,53.79499816894531,53.904998779296875,49.41781234741211,4622800
2022-10-27,53.85499954223633,54.15999984741211,53.30500030517578,53.30500030517578,48.867759704589844,2208400
2022-10-28,54.07500076293945,54.540000915527344,53.8650016784668,54.47999954223633,49.944950103759766,2778800
2022-10-31,54.025001525878906,54.595001220703125,54.02000045776367,54.41999816894531,49.88994598388672,2969200
2022-11-01,54.21500015258789,54.560001373291016,52.970001220703125,53.21500015258789,48.78525161743164,2655600
2022-11-02,55.790000915527344,58.119998931884766,55.689998626708984,56.6150016784668,51.90223693847656,4391400
2022-11-03,55.814998626708984,57.404998779296875,55.71500015258789,56.935001373291016,52.195594787597656,4578800
2022-11-04,56.790000915527344,56.85499954223633,55.415000915527344,56.20500183105469,51.526363372802734,3034600
2022-11-07,56.71500015258789,57.75,56.54999923706055,57.525001525878906,52.736480712890625,2465000
2022-11-08,57.23500061035156,57.900001525878906,57.029998779296875,57.42499923706055,52.64480209350586,4111400
2022-11-09,57.275001525878906,57.790000915527344,56.83000183105469,57.084999084472656,52.333106994628906,2372600
2022-11-10,58.25,58.349998474121094,57.125,57.77000045776367,52.96108627319336,2568600
2022-11-11,56.375,56.39500045776367,54.849998474121094,55.73500061035156,51.09548568725586,3202400
2022-11-14,57.47999954223633,57.79999923706055,56.86000061035156,57.21500015258789,52.45228576660156,2807000
2022-11-15,56.875,57.09000015258789,55.95000076293945,56.81999969482422,52.09016418457031,2861800
2022-11-16,56.650001525878906,57.095001220703125,56.279998779296875,56.685001373291016,51.966407775878906,1804400
2022-11-17,56.01499938964844,56.55500030517578,55.97999954223633,56.45500183105469,51.75554656982422,1603800
2022-11-18,56.07500076293945,56.935001373291016,56.06999969482422,56.720001220703125,51.99849319458008,2007200
2022-11-21,56.61000061035156,57.04499816894531,56.46500015258789,56.70500183105469,51.9847412109375,2056000
2022-11-22,56.869998931884766,57.744998931884766,56.869998931884766,57.689998626708984,52.88774108886719,1428600
2022-11-23,58.63999938964844,58.939998626708984,58.30500030517578,58.915000915527344,54.01077651977539,2094800
2022-11-25,59.189998626708984,59.54499816894531,59.095001220703125,59.39500045776367,54.4508171081543,1021000
2022-11-28,60.0,60.939998626708984,59.77000045776367,60.6150016784668,55.56925964355469,3711000
2022-11-29,60.595001220703125,61.255001068115234,60.56999969482422,60.67499923706055,55.624263763427734,4888000
2022-11-30,61.95000076293945,62.29999923706055,61.15999984741211,62.29999923706055,57.1140022277832,2583800
2022-12-01,63.08000183105469,63.20500183105469,62.58000183105469,63.064998626708984,57.81531524658203,1976400
2022-12-02,62.71500015258789,63.540000915527344,62.685001373291016,63.45000076293945,58.168270111083984,1674600
2022-12-05,63.59000015258789,63.89500045776367,63.310001373291016,63.540000915527344,58.25077819824219,1989000
2022-12-06,63.0,63.290000915527344,62.435001373291016,62.89500045776367,57.65946578979492,2450000
2022-12-07,62.91999816894531,63.290000915527344,62.40999984741211,62.619998931884766,57.40735626220703,1800200
2022-12-08,63.25,63.96500015258789,63.150001525878906,63.89500045776367,58.576229095458984,1790000
2022-12-09,65.15499877929688,65.42500305175781,64.44499969482422,64.45500183105469,59.0896110534668,3686000
2022-12-12,64.7699966430664,64.97000122070312,64.45500183105469,64.90499877929688,59.50215148925781,1927000
2022-12-13,66.08999633789062,66.7300033569336,65.98999786376953,66.41999816894531,60.89104461669922,3082200
2022-12-14,66.83499908447266,67.59500122070312,66.40499877929688,67.36000061035156,61.75278091430664,4122400
2022-12-15,67.2300033569336,67.23999786376953,66.2750015258789,66.83999633789062,61.27607345581055,3221600
2022-12-16,66.11000061035156,66.83000183105469,65.94999694824219,66.58999633789062,61.04688262939453,4170400
2022-12-19,65.375,65.52999877929688,64.8949966430664,65.30500030517578,59.86885452270508,3688200
2022-12-20,65.94000244140625,66.29000091552734,65.5999984741211,66.09500122070312,60.59309005737305,2851600
2022-12-21,65.99500274658203,66.49500274658203,65.76499938964844,66.24500274658203,60.73060607910156,3527200
2022-12-22,66.29000091552734,66.81500244140625,66.0999984741211,66.80999755859375,61.248573303222656,2557400
2022-12-23,66.77999877929688,67.0,66.45999908447266,67.0,61.42275619506836,2450600
2022-12-27,66.94499969482422,66.99500274658203,66.44999694824219,66.625,61.07897186279297,2297400
2022-12-28,66.4749984741211,67.05999755859375,66.38999938964844,66.7750015258789,61.216487884521484,2210000
2022-12-29,67.16999816894531,67.69499969482422,67.03500366210938,67.5999984741211,61.97280502319336,2666800
2022-12-30,67.63500213623047,67.93000030517578,67.05000305175781,67.66999816894531,62.03697967529297,1968600
2023-01-03,68.63500213623047,69.20999908447266,68.06500244140625,68.4800033569336,62.7795524597168,3541400
2023-01-04,69.33000183105469,69.33499908447266,68.02999877929688,68.38500213623047,62.69246292114258,2777400
2023-01-05,67.7750015258789,68.57499694824219,67.69000244140625,68.125,62.45411682128906,3049400
2023-01-06,68.50499725341797,69.5250015258789,68.25499725341797,69.31999969482422,63.54962921142578,2308000
2023-01-09,69.37000274658203,69.5250015258789,68.4749984741211,68.61499786376953,62.903316497802734,2418800
2023-01-10,66.9749984741211,67.48999786376953,66.5199966430664,66.83000183105469,61.26690673828125,2906800
2023-01-11,65.49500274658203,66.30999755859375,65.36000061035156,66.29000091552734,60.771854400634766,3378000
2023-01-12,65.66999816894531,66.83499908447266,65.05000305175781,66.80999755859375,61.248573303222656,2387200
2023-01-13,67.81999969482422,68.41999816894531,67.71499633789062,68.16000366210938,62.48619079589844,2179400
2023-01-17,69.81500244140625,69.99500274658203,69.06500244140625,69.48999786376953,63.70548629760742,3541000
2023-01-18,69.88500213623047,70.4749984741211,69.84500122070312,69.87999725341797,64.06300354003906,4857800
2023-01-19,69.97000122070312,70.42500305175781,69.44499969482422,70.33000183105469,64.4755630493164,3523000
2023-01-20,70.16500091552734,70.55500030517578,69.87999725341797,70.55000305175781,64.67725372314453,2698600
2023-01-23,70.63999938964844,70.75,70.27999877929688,70.54000091552734,64.66807556152344,2606600
2023-01-24,72.38999938964844,72.38999938964844,69.55999755859375,69.94999694824219,64.12718963623047,3892200
2023-01-25,68.56999969482422,69.76499938964844,68.54499816894531,69.44499969482422,63.66423416137695,3220000
2023-01-26,69.29000091552734,69.41000366210938,68.13999938964844,68.7699966430664,63.04541778564453,2598400
2023-01-27,68.9749984741211,69.40499877929688,68.78500366210938,69.04499816894531,63.29752731323242,2217400
2023-01-30,70.3499984741211,70.38500213623047,69.41500091552734,69.52999877929688,63.742156982421875,2889200
2023-01-31,68.84500122070312,69.45500183105469,68.19499969482422,69.38999938964844,63.61381530761719,3040800
2023-02-01,69.9000015258789,70.08499908447266,68.58499908447266,69.54000091552734,63.751319885253906,4587000
2023-02-02,67.46499633789062,67.5250015258789,65.58499908447266,66.16999816894531,60.661842346191406,8126000
2023-02-03,67.875,68.71499633789062,67.62999725341797,68.3949966430664,62.70163345336914,3559000
2023-02-06,68.80999755859375,69.41500091552734,68.4800033569336,69.03500366210938,63.288360595703125,3365400
2023-02-07,69.16500091552734,69.86499786376953,69.06999969482422,69.79499816894531,63.98509216308594,2132000
2023-02-08,70.38500213623047,70.44999694824219,69.3949966430664,69.79000091552734,63.98051834106445,2460200
2023-02-09,69.80000305175781,70.08000183105469,69.44999694824219,69.76499938964844,63.95758056640625,2564600
2023-02-10,69.44000244140625,69.99500274658203,69.18000030517578,69.7699966430664,63.9621696472168,2482800
2023-02-13,70.33999633789062,71.73500061035156,70.30999755859375,71.49500274658203,65.54358673095703,3212600
2023-02-14,71.4000015258789,71.79000091552734,71.125,71.4749984741211,65.52525329589844,1768200
2023-02-15,70.5250015258789,70.98500061035156,70.3499984741211,70.4800033569336,64.61307525634766,1721600
2023-02-16,69.84500122070312,70.05500030517578,69.2300033569336,69.34500122070312,63.57256317138672,1765200
2023-02-17,70.03500366210938,71.07499694824219,69.87999725341797,70.81500244140625,64.9201889038086,2378800
2023-02-21,71.20500183105469,71.75,70.88999938964844,71.30500030517578,65.3694076538086,1729600
2023-02-22,71.29000091552734,71.5999984741211,71.05000305175781,71.125,65.20438385009766,1382000
2023-02-23,71.56999969482422,71.91000366210938,70.90499877929688,71.44499969482422,65.49774932861328,1611000
2023-02-24,70.7300033569336,70.88500213623047,70.30999755859375,70.80000305175781,64.90644073486328,1707800
2023-02-27,71.625,71.95500183105469,71.4000015258789,71.68000030517578,65.71318817138672,1682400
2023-02-28,71.48500061035156,71.48500061035156,70.32499694824219,70.49500274658203,64.62682342529297,2326400
2023-03-01,71.30500030517578,71.91999816894531,71.1050033569336,71.43000030517578,65.48400115966797,2567600
2023-03-02,71.05000305175781,71.95500183105469,70.8949966430664,71.80000305175781,65.82320404052734,1622600
2023-03-03,71.72000122070312,72.53500366210938,71.63500213623047,72.44999694824219,66.41907501220703,2011200
2023-03-06,72.81500244140625,72.97000122070312,71.95500183105469,72.37999725341797,66.35491180419922,2333400
2023-03-07,72.66999816894531,72.80000305175781,71.86499786376953,71.95999908447266,65.96988677978516,2189600
2023-03-08,70.53500366210938,70.88500213623047,70.0199966430664,70.7300033569336,64.8422622680664,8839400
2023-03-09,71.26499938964844,71.8499984741211,70.87999725341797,71.01499938964844,65.10353088378906,2522600
2023-03-10,71.5250015258789,72.06500244140625,70.49500274658203,70.6449966430664,64.76432800292969,2718200
2023-03-13,70.62999725341797,71.6449966430664,70.20999908447266,70.2699966430664,64.42056274414062,2504400
2023-03-14,71.07499694824219,71.53500366210938,70.52999877929688,71.4749984741211,65.52525329589844,2400400
2023-03-15,70.17500305175781,70.83000183105469,69.87999725341797,70.48999786376953,64.62224578857422,3189600
2023-03-16,69.5,69.5199966430664,67.66000366210938,69.44499969482422,63.66423416137695,5974000
2023-03-17,69.87000274658203,70.13999938964844,69.55000305175781,69.72000122070312,63.91633605957031,3454400
2023-03-20,71.06999969482422,71.88500213623047,70.8949966430664,71.79499816894531,65.81861114501953,2484800
2023-03-21,72.58000183105469,73.71499633789062,72.38999938964844,73.6449966430664,67.51461029052734,2744600
2023-03-22,73.63999938964844,74.16000366210938,73.31500244140625,73.34500122070312,67.23958587646484,2098000
2023-03-23,74.8550033569336,75.75,74.57499694824219,74.79000091552734,68.56430053710938,2573200
2023-03-24,74.98500061035156,76.81999969482422,74.58000183105469,76.375,70.57837677001953,3204600
2023-03-27,76.7699966430664,77.72000122070312,76.55000305175781,77.3499984741211,71.47938537597656,2329000
2023-03-28,77.83000183105469,77.93000030517578,77.26499938964844,77.66000366210938,71.76585388183594,1832600
2023-03-29,78.12000274658203,78.59500122070312,77.97000122070312,78.29000091552734,72.34803771972656,1644800
2023-03-30,78.61499786376953,79.05500030517578,78.52999877929688,79.04499816894531,73.04573059082031,2066400
2023-03-31,79.27999877929688,79.87000274658203,79.0250015258789,79.56999969482422,73.53089904785156,2285600
2023-04-03,79.17500305175781,79.82499694824219,78.82499694824219,79.80000305175781,73.74343872070312,2086400
2023-04-04,79.45500183105469,80.05000305175781,78.92500305175781,79.29000091552734,73.27215576171875,3156000
2023-04-05,79.32499694824219,79.52999877929688,78.1500015258789,78.94999694824219,72.95795440673828,2676400
2023-04-06,79.69999694824219,80.45500183105469,79.5999984741211,79.68000030517578,73.63253784179688,2050200
2023-04-10,79.80000305175781,79.83000183105469,78.90499877929688,79.45500183105469,73.42462158203125,1477200
2023-04-11,78.82499694824219,79.5,78.4749984741211,79.18499755859375,73.17510986328125,1931400
2023-04-12,80.62999725341797,82.46499633789062,80.55000305175781,81.76000213623047,75.55467987060547,3520800
2023-04-13,83.24500274658203,83.82499694824219,82.21499633789062,83.81999969482422,77.45832824707031,7045200
2023-04-14,84.3550033569336,84.94000244140625,83.8949966430664,84.30000305175781,77.90190124511719,3314000
2023-04-17,85.5250015258789,85.8499984741211,85.03500366210938,85.53500366210938,79.04316711425781,3189200
2023-04-18,84.97000122070312,85.57499694824219,84.66000366210938,84.88999938964844,78.4471206665039,3221200
2023-04-19,81.91000366210938,82.95500183105469,81.86499786376953,82.51499938964844,76.25238037109375,3980200
2023-04-20,82.79000091552734,83.08999633789062,82.19499969482422,82.68499755859375,76.40946960449219,2386800
2023-04-21,84.37000274658203,86.48500061035156,84.33499908447266,86.32499694824219,79.77320861816406,3453400
2023-04-24,85.44499969482422,85.70999908447266,84.86499786376953,85.23999786376953,78.77056884765625,2376400
2023-04-25,85.2699966430664,85.43499755859375,84.0999984741211,84.29000091552734,77.89265441894531,2234600
2023-04-26,82.83000183105469,82.88500213623047,81.73500061035156,82.49500274658203,76.23390197753906,2242800
2023-04-27,82.81500244140625,83.12000274658203,82.2249984741211,83.01000213623047,76.7098159790039,2307600
2023-04-28,83.19499969482422,84.04499816894531,82.78500366210938,83.54499816894531,77.2042007446289,2238400
2023-05-01,83.3550033569336,83.74500274658203,82.8949966430664,83.70999908447266,77.35668182373047,2014200
2023-05-02,82.93000030517578,83.68000030517578,82.87999725341797,83.5999984741211,77.2550277709961,2233800
2023-05-03,83.37999725341797,84.37999725341797,82.86499786376953,83.88500213623047,77.51840209960938,3333800
2023-05-04,80.7699966430664,81.11499786376953,79.25499725341797,80.21499633789062,74.12693786621094,5459000
2023-05-05,81.1050033569336,81.875,80.43499755859375,81.62000274658203,75.42529296875,2568200
2023-05-08,84.57499694824219,84.875,83.87000274658203,84.22000122070312,77.82797241210938,3668600
2023-05-09,82.95500183105469,84.69499969482422,82.95500183105469,84.26499938964844,77.86955261230469,3160200
2023-05-10,83.58499908447266,84.88500213623047,83.48500061035156,84.70500183105469,78.27615356445312,2451600
2023-05-11,84.86499786376953,85.07499694824219,84.12999725341797,84.49500274658203,78.08210754394531,2044800
2023-05-12,85.125,86.16500091552734,85.125,85.63500213623047,79.13558197021484,2185600
2023-05-15,85.03500366210938,85.23500061035156,84.41999816894531,84.71499633789062,78.28540802001953,1525400
2023-05-16,83.45999908447266,84.3499984741211,83.27999877929688,83.83000183105469,77.46757507324219,1982800
2023-05-17,84.23999786376953,84.26000213623047,83.2750015258789,83.55000305175781,77.20883178710938,1538000
2023-05-18,83.91500091552734,84.34500122070312,83.57499694824219,84.2750015258789,77.87879943847656,1400000
2023-05-19,84.99500274658203,85.82499694824219,84.66000366210938,85.2699966430664,78.79828643798828,2729200
2023-05-22,85.23999786376953,85.9749984741211,83.76000213623047,85.26000213623047,78.78903198242188,6278600
2023-05-23,84.07499694824219,84.125,81.05500030517578,81.73999786376953,75.53619384765625,4778800
2023-05-24,81.25499725341797,81.45999908447266,80.73500061035156,80.88999938964844,74.75070190429688,3533400
2023-05-25,81.22000122070312,81.375,80.4749984741211,81.22000122070312,75.0556640625,3114600
2023-05-26,81.81999969482422,82.33999633789062,81.375,81.48500061035156,75.30054473876953,1926200
2023-05-30,80.9000015258789,80.91500091552734,79.71499633789062,79.90499877929688,73.84046173095703,2514000
2023-05-31,79.95999908447266,80.55500030517578,79.62999725341797,80.2300033569336,74.14080047607422,1683600
2023-06-01,78.83000183105469,79.55000305175781,78.56500244140625,78.98999786376953,72.99491119384766,2829000
2023-06-02,77.54000091552734,78.80000305175781,77.17500305175781,78.56999969482422,72.6067886352539,3199400
2023-06-05,79.2750015258789,79.34500122070312,78.5999984741211,78.92500305175781,72.93485260009766,1934000
2023-06-06,80.81999969482422,81.0199966430664,80.05000305175781,80.37999725341797,74.27941131591797,3250400
2023-06-07,79.54499816894531,79.70999908447266,78.33000183105469,78.76499938964844,72.78697967529297,2429200
2023-06-08,79.05500030517578,79.93000030517578,78.83000183105469,79.7249984741211,73.67412567138672,1909000
2023-06-09,78.7699966430664,79.12000274658203,78.48999786376953,79.0250015258789,73.02725982666016,2360400
2023-06-12,80.08999633789062,80.2699966430664,77.83499908447266,79.375,73.3506851196289,3825000
2023-06-13,79.56999969482422,80.0199966430664,78.6500015258789,78.81500244140625,72.83320617675781,1836200
2023-06-14,79.26499938964844,79.8550033569336,79.12000274658203,79.53500366210938,73.49855041503906,1985000
2023-06-15,80.24500274658203,81.42500305175781,80.02999877929688,81.26499938964844,75.09725189208984,2221200
2023-06-16,81.2699966430664,81.3499984741211,80.61000061035156,80.6449966430664,74.52429962158203,2103400
2023-06-20,79.83499908447266,81.3499984741211,79.71499633789062,80.83499908447266,74.69988250732422,3804400
2023-06-21,80.72000122070312,81.12000274658203,79.91000366210938,80.2699966430664,74.1777572631836,3826800
2023-06-22,79.90499877929688,80.62000274658203,79.875,80.01000213623047,73.9375,1804800
2023-06-23,79.23999786376953,79.9000015258789,79.08999633789062,79.53500366210938,73.49855041503906,1433400
2023-06-26,79.73500061035156,79.96499633789062,78.48999786376953,78.61000061035156,72.64374542236328,2410400
2023-06-27,77.7750015258789,78.19999694824219,77.2249984741211,77.98999786376953,72.07080841064453,2751000
2023-06-28,79.13999938964844,79.13999938964844,77.81999969482422,78.3949966430664,72.445068359375,2303400
2023-06-29,77.45999908447266,78.55000305175781,77.30999755859375,78.51499938964844,72.55596160888672,2319600
2023-06-30,80.26499938964844,81.04000091552734,80.25499725341797,80.91500091552734,74.77381134033203,2179800
2023-07-03,80.06500244140625,80.06500244140625,79.09500122070312,79.71499633789062,73.66487884521484,1679000
2023-07-05,79.62999725341797,80.22000122070312,79.5250015258789,80.0,73.92825317382812,1944000
2023-07-06,79.08000183105469,79.41999816894531,78.47000122070312,79.16000366210938,73.15200805664062,2552400
2023-07-07,79.09500122070312,79.2750015258789,78.46499633789062,78.48999786376953,72.5328598022461,2180000
2023-07-10,78.18499755859375,78.69999694824219,78.06500244140625,78.53500366210938,72.57444763183594,1533000
2023-07-11,76.8499984741211,77.08000183105469,75.55999755859375,76.125,70.34735870361328,4445600
2023-07-12,76.08499908447266,77.71499633789062,75.96499633789062,77.375,71.50248718261719,3407600
2023-07-13,78.69000244140625,78.69999694824219,78.00499725341797,78.44000244140625,72.48666381835938,2361400
2023-07-14,80.05000305175781,80.41500091552734,79.0999984741211,80.06999969482422,73.99293518066406,2348800
2023-07-17,80.80000305175781,80.92500305175781,80.27999877929688,80.4749984741211,74.3672103881836,2234000
2023-07-18,80.08999633789062,80.41000366210938,79.71499633789062,80.125,74.04377746582031,1745800
2023-07-19,80.19000244140625,80.48500061035156,79.7699966430664,80.11499786376953,74.03453063964844,1408000
2023-07-20,81.83499908447266,83.2699966430664,81.83499908447266,82.23999786376953,75.99825286865234,3570800
2023-07-21,82.11000061035156,83.07499694824219,82.06500244140625,82.83000183105469,76.54346466064453,2419200
2023-07-24,81.88500213623047,81.97000122070312,81.02999877929688,81.03500366210938,74.88471221923828,2218000
2023-07-25,80.29000091552734,81.48999786376953,80.23999786376953,81.15499877929688,74.99559783935547,2374600
2023-07-26,79.55500030517578,79.56999969482422,78.375,79.13999938964844,73.13352966308594,3059000
2023-07-27,79.27999877929688,79.375,78.31500244140625,78.33000183105469,72.38499450683594,2280400
2023-07-28,78.31999969482422,79.05000305175781,77.95500183105469,78.91000366210938,72.92098999023438,2193200
2023-07-31,80.38500213623047,80.8550033569336,79.94000244140625,80.55000305175781,74.43650817871094,2164600
2023-08-01,80.68499755859375,81.03500366210938,80.38500213623047,80.86499786376953,74.72760009765625,2860800
2023-08-02,79.79000091552734,80.23500061035156,79.06999969482422,79.16999816894531,73.16124725341797,1672200
2023-08-03,78.62999725341797,79.30000305175781,78.30000305175781,78.76499938964844,72.78697967529297,1604000
2023-08-04,78.5199966430664,79.06500244140625,78.19499969482422,78.30000305175781,72.35729217529297,3036800
2023-08-07,80.09500122070312,80.94499969482422,79.6500015258789,80.68000030517578,74.55664825439453,2471800
2023-08-08,93.05999755859375,96.08999633789062,91.79000091552734,94.58499908447266,87.40630340576172,17822600
2023-08-09,92.57499694824219,95.2249984741211,92.44999694824219,93.79499816894531,86.67625427246094,7448000
2023-08-10,92.44000244140625,93.3550033569336,90.87999725341797,91.04499816894531,84.13497924804688,6515800
2023-08-11,91.23500061035156,91.82499694824219,90.09500122070312,90.80000305175781,83.90857696533203,4238800
2023-08-14,90.63500213623047,91.33000183105469,89.6050033569336,89.72000122070312,82.91053771972656,4647800
2023-08-15,92.24500274658203,92.91999816894531,90.86000061035156,92.55500030517578,85.5303726196289,4827000
2023-08-16,92.2750015258789,93.5250015258789,92.16500091552734,92.32499694824219,85.31782531738281,3158200
2023-08-17,92.88999938964844,93.62000274658203,92.11499786376953,92.36000061035156,85.35017395019531,3705800
2023-08-18,91.36499786376953,91.87000274658203,90.7249984741211,91.56500244140625,85.02239227294922,2722200
2023-08-21,92.67500305175781,93.18499755859375,92.03500366210938,92.93499755859375,86.29450225830078,2090000
2023-08-22,92.22000122070312,92.88500213623047,91.93000030517578,92.50499725341797,85.89522552490234,2425200
2023-08-23,93.66999816894531,95.59500122070312,93.66500091552734,95.0199966430664,88.23052215576172,3294200
2023-08-24,93.875,94.50499725341797,92.6500015258789,92.67500305175781,86.0530776977539,3619200
2023-08-25,92.36000061035156,93.55500030517578,92.18000030517578,93.21499633789062,86.55448913574219,2702400
2023-08-28,93.04499816894531,94.24500274658203,92.9000015258789,93.74500274658203,87.04662322998047,2228600
2023-08-29,93.69499969482422,95.44000244140625,93.69499969482422,95.18499755859375,88.38373565673828,3112800
2023-08-30,94.5,94.83999633789062,93.95500183105469,94.03500366210938,87.31591033935547,2814800
2023-08-31,93.54000091552734,93.56500244140625,92.41999816894531,92.80999755859375,86.17843627929688,3826400
2023-09-01,93.95500183105469,95.36499786376953,93.66999816894531,94.65499877929688,87.8916015625,2786600
2023-09-05,96.06999969482422,96.2249984741211,95.01000213623047,95.05500030517578,88.26302337646484,3230000
2023-09-06,95.63999938964844,95.91000366210938,94.875,95.625,88.79229736328125,2331200
2023-09-07,96.06999969482422,98.7699966430664,96.06999969482422,97.69000244140625,90.70974731445312,6435600
2023-09-08,97.19999694824219,98.05500030517578,96.8550033569336,97.69999694824219,90.71903228759766,3904800
2023-09-11,97.68499755859375,100.87999725341797,97.5,99.7699966430664,92.64112091064453,7818800
2023-09-12,98.13999938964844,98.83499908447266,97.0199966430664,98.375,91.3458023071289,7286400
2023-09-13,96.20500183105469,97.38500213623047,95.95500183105469,96.31500244140625,89.43299102783203,6420000
2023-09-14,97.20500183105469,97.86499786376953,96.32499694824219,96.43499755859375,89.5444107055664,4051600
2023-09-15,96.75,96.83999633789062,95.01499938964844,95.21499633789062,88.41159057617188,4511600
2023-09-18,92.70999908447266,94.33000183105469,92.0250015258789,93.30500030517578,86.63806915283203,4695200
2023-09-19,92.78500366210938,93.80999755859375,92.58499908447266,93.5250015258789,86.84234619140625,3244800
2023-09-20,94.69999694824219,96.41999816894531,93.54000091552734,94.7300033569336,87.96125030517578,6124500
2023-09-21,92.91000366210938,93.4800033569336,90.5,91.29000091552734,84.76703643798828,7519600
2023-09-22,91.80000305175781,92.63999938964844,91.12999725341797,91.30000305175781,84.77632904052734,2944800
2023-09-25,90.9000015258789,91.19999694824219,90.4000015258789,91.12999725341797,84.61847686767578,3088600
2023-09-26,92.77999877929688,92.97000122070312,91.54000091552734,91.79000091552734,85.2313232421875,2775100
2023-09-27,91.31999969482422,91.88999938964844,90.61000061035156,91.69999694824219,85.14774322509766,2946000
2023-09-28,91.9800033569336,92.9000015258789,91.30999755859375,91.5199966430664,84.9806137084961,4274800
2023-09-29,92.5,92.56999969482422,90.62000274658203,90.94000244140625,84.44205474853516,2629400
2023-10-02,90.16999816894531,92.98999786376953,88.83999633789062,91.80000305175781,85.24060821533203,7554600
2023-10-03,89.5999984741211,89.80000305175781,86.95999908447266,87.77999877929688,81.50784301757812,4732800
2023-10-04,89.43000030517578,89.95999908447266,88.4800033569336,89.04000091552734,82.67781066894531,4291800
2023-10-05,88.97000122070312,90.25,87.0199966430664,89.98999786376953,83.5599365234375,4544000
2023-10-06,90.55000305175781,92.55000305175781,90.4800033569336,92.12000274658203,85.5377426147461,4265000
2023-10-09,91.12999725341797,92.18000030517578,90.5,92.05999755859375,85.4820327758789,3007500
2023-10-10,92.13999938964844,93.44000244140625,91.9000015258789,93.01000213623047,86.36414337158203,3524000
2023-10-11,96.5,99.22000122070312,95.0199966430664,98.83999633789062,91.7775650024414,11823000
2023-10-12,99.5199966430664,102.06999969482422,99.06999969482422,100.18000030517578,93.0218276977539,10153800
2023-10-13,101.58999633789062,104.0,100.54000091552734,102.13999938964844,94.84178161621094,14136900
2023-10-16,101.27999877929688,101.47000122070312,99.93000030517578,101.1500015258789,93.9225082397461,6383500
2023-10-17,101.19000244140625,101.83000183105469,100.27999877929688,101.16000366210938,93.93180847167969,4137400
2023-10-18,100.80000305175781,101.22000122070312,100.12000274658203,100.56999969482422,93.38394927978516,2863700
2023-10-19,98.7699966430664,98.95999908447266,96.26000213623047,97.66000366210938,90.68189239501953,5088600
2023-10-20,97.5,98.2300033569336,96.05999755859375,96.29000091552734,89.40978240966797,3945000
2023-10-23,97.08000183105469,97.91999816894531,96.33000183105469,97.12000274658203,90.18048095703125,2622700
2023-10-24,96.3499984741211,97.70999908447266,96.23999786376953,97.5199966430664,90.55188751220703,3225800
2023-10-25,98.2699966430664,98.58000183105469,96.5,97.43000030517578,90.46832275390625,2829200
2023-10-26,96.0,96.20999908447266,94.58000183105469,95.19999694824219,88.39765930175781,3348000
2023-10-27,93.7699966430664,94.5,92.94000244140625,93.5,86.81913757324219,3297100
2023-10-30,96.72000122070312,97.41000366210938,95.91999816894531,96.4000015258789,89.51191711425781,4095400
2023-10-31,96.69999694824219,96.79000091552734,95.6500015258789,96.56999969482422,89.66976928710938,3190000
2023-11-01,97.41000366210938,98.12000274658203,97.0,97.68000030517578,90.70046997070312,3119200
2023-11-02,101.27999877929688,102.25,100.30000305175781,100.93000030517578,93.71823120117188,5377700
2023-11-03,98.68000030517578,98.83999633789062,96.79000091552734,98.16999816894531,91.15544891357422,4448300
2023-11-06,99.83000183105469,101.5,99.4000015258789,101.08000183105469,93.8575210571289,3732700
2023-11-07,100.76000213623047,102.0,100.55999755859375,101.69000244140625,94.4239273071289,4359500
2023-11-08,101.9800033569336,103.25,99.43000030517578,101.76000213623047,94.48892974853516,7718200
2023-11-09,100.87000274658203,101.6500015258789,99.75,100.02999877929688,92.88253784179688,4482900
2023-11-10,100.19999694824219,101.41000366210938,98.5199966430664,101.19000244140625,93.95966339111328,5638600
2023-11-13,99.44999694824219,101.97000122070312,97.7699966430664,100.77999877929688,93.57894897460938,8415000
2023-11-14,99.69999694824219,99.79000091552734,98.51000213623047,99.19999694824219,92.1118392944336,5477000
2023-11-15,98.30000305175781,98.80999755859375,96.0,96.43000030517578,89.53977966308594,7039300
2023-11-16,98.95999908447266,99.62999725341797,98.11000061035156,99.52999877929688,92.41827392578125,5080600
2023-11-17,101.25,101.70999908447266,100.55000305175781,101.38999938964844,94.1453628540039,3806800
2023-11-20,101.5,103.73999786376953,101.48999786376953,103.58999633789062,96.18816375732422,4618300
2023-11-21,103.36000061035156,103.62000274658203,101.86000061035156,102.77999877929688,95.43605041503906,4088000
2023-11-22,103.05999755859375,103.70999908447266,102.13999938964844,103.26000213623047,95.88175201416016,2692000
2023-11-24,104.2300033569336,105.69000244140625,104.1500015258789,105.44999694824219,97.91526794433594,4598700
2023-11-27,104.87999725341797,105.44000244140625,103.69000244140625,103.87000274658203,96.44816589355469,4746000
2023-11-28,101.87000274658203,102.25,101.02999877929688,101.43000030517578,94.18251037597656,5147700
2023-11-29,101.55000305175781,102.30999755859375,100.86000061035156,102.0,94.71178436279297,2664600
2023-11-30,101.48999786376953,101.98999786376953,101.01000213623047,101.83999633789062,94.56320190429688,2671100
2023-12-01,101.0999984741211,101.76000213623047,100.30999755859375,100.4000015258789,93.22610473632812,4567500
2023-12-04,100.56999969482422,101.1500015258789,99.58000183105469,100.91999816894531,93.70894622802734,2988000
2023-12-05,99.37000274658203,99.87999725341797,98.91000366210938,99.62999725341797,92.51112365722656,2846000
2023-12-06,99.25,99.26000213623047,97.58999633789062,97.58999633789062,90.61688995361328,3082100
2023-12-07,97.27999877929688,97.30000305175781,95.73999786376953,96.80999755859375,89.89261627197266,3424800
2023-12-08,96.4000015258789,97.05000305175781,96.22000122070312,96.63999938964844,89.7347640991211,3599800
2023-12-11,96.43000030517578,97.08999633789062,94.7300033569336,96.6500015258789,89.74405670166016,5039600
2023-12-12,95.05000305175781,96.33000183105469,94.95999908447266,96.20999908447266,89.33549499511719,3642400
2023-12-13,96.93000030517578,98.93000030517578,96.83999633789062,98.9000015258789,91.83329010009766,5528200
2023-12-14,98.5199966430664,98.7300033569336,96.95999908447266,98.0,90.99760437011719,5689000
2023-12-15,97.52999877929688,97.52999877929688,96.52999877929688,97.0999984741211,90.16189575195312,5231000
2023-12-18,99.5199966430664,99.80000305175781,98.5199966430664,98.9800033569336,91.9075698852539,4724300
2023-12-19,99.87999725341797,100.5999984741211,99.54000091552734,99.98999786376953,92.84539794921875,3497000
2023-12-20,101.19999694824219,102.87000274658203,101.05000305175781,101.30999755859375,94.07107543945312,5389600
2023-12-21,102.86000061035156,103.4800033569336,102.56999969482422,103.4800033569336,96.0860366821289,3608900
2023-12-22,103.16000366210938,103.55999755859375,102.58000183105469,102.70999908447266,95.37104034423828,2211700
2023-12-26,102.55999755859375,103.12999725341797,102.41000366210938,102.68000030517578,95.34319305419922,1851400
2023-12-27,102.66000366210938,103.80999755859375,102.3499984741211,103.68000030517578,96.27173614501953,2254900
2023-12-28,104.55000305175781,104.98999786376953,103.47000122070312,103.47000122070312,96.07674407958984,2380100
2023-12-29,103.55000305175781,103.68000030517578,102.7300033569336,103.44999694824219,96.05816650390625,2055900
2024-01-02,101.70999908447266,102.62999725341797,101.70999908447266,102.11000061035156,94.81391906738281,2637400
2024-01-03,102.05000305175781,103.83999633789062,102.02999877929688,103.62000274658203,96.21602630615234,4064100
2024-01-04,105.11000061035156,108.9800033569336,105.02999877929688,107.62999725341797,99.93949127197266,9132800
2024-01-05,106.55999755859375,107.19000244140625,105.72000122070312,105.9800033569336,98.40739440917969,3976700
2024-01-08,106.18000030517578,106.54000091552734,105.2699966430664,106.4000015258789,98.7973861694336,2880700
2024-01-09,106.12999725341797,106.97000122070312,105.72000122070312,106.94999694824219,99.30809020996094,3681100
2024-01-10,107.83000183105469,108.7699966430664,107.68000030517578,108.66999816894531,100.90518951416016,4725900
2024-01-11,108.30999755859375,108.69000244140625,105.9800033569336,106.69000244140625,99.06666564941406,5021300
2024-01-12,106.94000244140625,107.47000122070312,106.72000122070312,107.16000366210938,99.5030746459961,3584000
2024-01-16,106.86000061035156,107.04000091552734,105.86000061035156,106.3499984741211,98.7509536743164,3131300
2024-01-17,106.31999969482422,107.11000061035156,105.54000091552734,106.68000030517578,99.05738067626953,2685800
2024-01-18,106.30000305175781,107.69999694824219,105.91999816894531,107.55000305175781,99.86521911621094,3364500
2024-01-19,107.19000244140625,107.91000366210938,106.5,106.95999908447266,99.31737518310547,3574500
2024-01-22,106.31999969482422,106.61000061035156,105.48999786376953,105.48999786376953,97.95240783691406,2907000
2024-01-23,103.69999694824219,105.48999786376953,103.37999725341797,105.37000274658203,97.84098815917969,8654600
2024-01-24,106.6500015258789,107.02999877929688,105.20999908447266,105.20999908447266,97.69241333007812,2537500
2024-01-25,105.7300033569336,105.7300033569336,104.80999755859375,105.68000030517578,98.12882995605469,2275100
2024-01-26,106.52999877929688,108.19999694824219,106.41999816894531,108.06999969482422,100.34806060791016,5544700
2024-01-29,108.12999725341797,109.0199966430664,107.69999694824219,109.0199966430664,101.23017120361328,3915900
2024-01-30,109.19000244140625,109.33000183105469,108.45999908447266,109.0199966430664,101.23017120361328,5105000
2024-01-31,112.1500015258789,116.12000274658203,112.1500015258789,114.73999786376953,106.54146575927734,12716100
2024-02-01,114.0,115.86000061035156,113.33999633789062,115.79000091552734,107.51644134521484,6837200
2024-02-02,113.76000213623047,114.5999984741211,113.23999786376953,113.69999694824219,105.5757827758789,5137400
2024-02-05,116.38999938964844,118.5999984741211,116.2699966430664,118.26000213623047,109.8099594116211,8730300
2024-02-06,118.33000183105469,118.69999694824219,116.66000366210938,117.61000061035156,109.2063980102539,6274900
2024-02-07,116.97000122070312,119.66999816894531,116.80999755859375,118.66000366210938,110.1813735961914,6206000
2024-02-08,118.05000305175781,118.62999725341797,117.51000213623047,118.38999938964844,109.93067169189453,4544700
2024-02-09,120.0,121.6500015258789,119.4800033569336,121.19999694824219,112.53987884521484,5294500
2024-02-12,120.41999816894531,120.8499984741211,119.29000091552734,120.52999877929688,111.9177474975586,4497800
2024-02-13,119.66000366210938,120.55000305175781,119.43000030517578,119.98999786376953,111.41634368896484,4186600
2024-02-14,120.51000213623047,123.33999633789062,120.37999725341797,123.29000091552734,114.48053741455078,5678200
2024-02-15,122.77999877929688,123.1500015258789,121.08999633789062,121.75,113.05057525634766,4764000
2024-02-16,121.83999633789062,124.63999938964844,121.55000305175781,124.01000213623047,115.14910125732422,6609500
2024-02-20,124.62000274658203,124.76000213623047,120.72000122070312,121.44999694824219,112.77201843261719,5070400
2024-02-21,119.0,120.98999786376953,118.30000305175781,120.93000030517578,112.28916931152344,4117400
2024-02-22,123.06999969482422,124.87000274658203,123.01000213623047,124.5199966430664,115.62265014648438,3589500
2024-02-23,123.66999816894531,124.16999816894531,122.91000366210938,123.44999694824219,114.62910461425781,3759400
2024-02-26,123.19999694824219,124.16999816894531,122.79000091552734,123.48999786376953,114.66625213623047,4451800
2024-02-27,119.97000122070312,122.55999755859375,119.79000091552734,122.2300033569336,113.49629974365234,7637000
2024-02-28,121.95999908447266,122.1500015258789,120.93000030517578,121.54000091552734,112.8555908203125,3075200
2024-02-29,120.11000061035156,120.27999877929688,118.91000366210938,119.7699966430664,111.2120590209961,5479800
2024-03-01,122.80000305175781,124.43000030517578,122.25,124.2300033569336,115.35337829589844,5559600
2024-03-04,127.33000183105469,128.77000427246094,126.98999786376953,127.94999694824219,118.80756378173828,6816900
2024-03-05,126.25,126.83000183105469,123.97000122070312,124.6500015258789,115.74337005615234,4807800
2024-03-06,124.36000061035156,125.18000030517578,123.36000061035156,124.75,115.83622741699219,3895500
2024-03-07,133.44000244140625,138.27999877929688,132.8699951171875,135.9199981689453,126.20808410644531,19606800
2024-03-08,133.89999389648438,134.8300018310547,131.10000610351562,133.07000732421875,123.56173706054688,12765000
2024-03-11,133.3699951171875,133.52000427246094,130.75,131.24000549316406,121.86249542236328,5734500
2024-03-12,131.60000610351562,135.1199951171875,131.4499969482422,135.11000061035156,125.45597076416016,6340600
2024-03-13,134.24000549316406,135.5,132.6999969482422,133.49000549316406,123.95173645019531,6847000
2024-03-14,135.85000610351562,135.9199981689453,133.8699951171875,134.5800018310547,124.9638442993164,3506900
2024-03-15,133.8800048828125,134.0,131.86000061035156,132.3699951171875,122.91175079345703,3780100
2024-03-18,131.57000732421875,133.75,131.07000732421875,132.88999938964844,123.39459228515625,3898800
2024-03-19,132.0399932861328,132.2100067138672,130.50999450683594,131.3699951171875,121.98320007324219,4393500
2024-03-20,131.14999389648438,131.42999267578125,128.8300018310547,130.36000061035156,121.04537200927734,4403900
2024-03-21,129.0,131.07000732421875,127.11000061035156,129.8300018310547,120.55323791503906,6548800
2024-03-22,129.22000122070312,129.49000549316406,128.11000061035156,128.75999450683594,120.42230987548828,3229500
2024-03-25,129.0,130.25,128.7100067138672,129.0500030517578,120.69352722167969,3320000
2024-03-26,130.10000610351562,130.16000366210938,128.44000244140625,129.41000366210938,121.03022003173828,4218200
2024-03-27,128.3300018310547,128.6199951171875,127.29000091552734,128.0500030517578,119.7582778930664,3941200
2024-03-28,128.38999938964844,130.16000366210938,127.79000091552734,128.39999389648438,120.08561706542969,3656500
2024-04-01,129.11000061035156,129.11000061035156,127.1500015258789,127.55000305175781,119.29066467285156,3065100
2024-04-02,125.05000305175781,126.68000030517578,124.08000183105469,126.45999908447266,118.271240234375,4322400
2024-04-03,125.37999725341797,128.1300048828125,125.37999725341797,126.98999786376953,118.76691436767578,3616400
2024-04-04,126.9000015258789,127.4800033569336,123.7699966430664,123.95999908447266,115.93312072753906,4006800
2024-04-05,124.66999816894531,126.16999816894531,124.5999984741211,125.86000061035156,117.71009063720703,4997800
2024-04-08,127.0,127.62999725341797,125.98999786376953,127.45999908447266,119.20648193359375,3017100
2024-04-09,126.18000030517578,126.73999786376953,124.22000122070312,124.86000061035156,116.77485656738281,3214300
2024-04-10,123.38999938964844,125.26000213623047,123.23999786376953,124.93000030517578,116.8403091430664,3025300
2024-04-11,125.4800033569336,125.87999725341797,124.12999725341797,125.4000015258789,117.2798843383789,2419000
2024-04-12,126.73999786376953,127.05999755859375,124.3499984741211,124.51000213623047,116.447509765625,3343000
2024-04-15,125.80999755859375,126.05000305175781,123.5199966430664,123.9000015258789,115.87700653076172,2896700
2024-04-16,123.06999969482422,124.25,121.79000091552734,123.44999694824219,115.45614624023438,3044100
2024-04-17,124.94999694824219,125.20999908447266,123.26000213623047,124.52999877929688,116.46621704101562,3075100
2024-04-18,123.30000305175781,124.0999984741211,122.51000213623047,122.75,114.80147552490234,2841000
2024-04-19,123.4800033569336,124.54000091552734,122.45999908447266,122.70999908447266,114.76406860351562,5183500
2024-04-22,122.58999633789062,126.25,122.56999969482422,125.26000213623047,117.14894104003906,3798300
2024-04-23,126.56999969482422,128.75999450683594,126.33999633789062,128.63999938964844,120.31007385253906,3703600
2024-04-24,127.16000366210938,127.31999969482422,125.3499984741211,126.16000366210938,117.99066925048828,3143100
2024-04-25,123.69000244140625,125.8499984741211,123.20999908447266,125.79000091552734,117.64462280273438,3434400
2024-04-26,126.1500015258789,127.9000015258789,125.98999786376953,126.8499984741211,118.63597869873047,3312500
2024-04-29,127.31999969482422,127.97000122070312,126.5199966430664,126.87999725341797,118.6640396118164,1877000
2024-04-30,128.0500030517578,130.4600067138672,127.48999786376953,128.30999755859375,120.0014419555664,7841000
2024-05-01,127.80000305175781,130.1300048828125,127.5,129.2100067138672,120.84317779541016,5184400
2024-05-02,127.94000244140625,127.94000244140625,123.83000183105469,124.0199966430664,115.98924255371094,8487100
2024-05-03,122.91999816894531,123.7699966430664,121.29000091552734,123.05000305175781,115.0820541381836,5932900
2024-05-06,122.0,124.63999938964844,121.77999877929688,124.58999633789062,116.52232360839844,3636600
2024-05-07,126.6500015258789,127.80000305175781,126.37999725341797,127.29000091552734,119.04750061035156,4167500
2024-05-08,127.51000213623047,128.42999267578125,126.62000274658203,126.69000244140625,118.4863510131836,4060300
2024-05-09,127.44000244140625,128.8000030517578,126.94000244140625,128.66000366210938,120.32878875732422,2374000
2024-05-10,129.08999633789062,130.27000427246094,128.3300018310547,128.4199981689453,120.10431671142578,3081100
2024-05-13,131.47000122070312,133.5,130.39999389648438,132.41000366210938,123.83595275878906,6145000
2024-05-14,132.17999267578125,133.0,131.3000030517578,132.9199981689453,124.31292724609375,2920700
2024-05-15,132.9499969482422,134.7899932861328,132.89999389648438,134.66000366210938,125.94026947021484,3719700
2024-05-16,133.1300048828125,133.6699981689453,132.47999572753906,133.0399932861328,124.4251480102539,2894400
2024-05-17,131.94000244140625,132.08999633789062,130.85000610351562,131.88999938964844,123.34962463378906,2590300
2024-05-20,131.4499969482422,133.6199951171875,131.0,132.91000366210938,124.30357360839844,2411700
2024-05-21,133.36000061035156,135.47999572753906,133.32000732421875,135.16000366210938,126.40788269042969,3559800
2024-05-22,133.60000610351562,134.64999389648438,132.77000427246094,134.02999877929688,125.3510513305664,2683000
2024-05-23,136.4600067138672,137.22000122070312,135.0,135.57000732421875,126.79133605957031,4370700
2024-05-24,134.5,136.6999969482422,134.22000122070312,136.0399932861328,127.23088073730469,2845200
2024-05-28,134.4499969482422,134.58999633789062,132.6999969482422,134.0800018310547,125.3978271484375,3145600
2024-05-29,132.35000610351562,133.13999938964844,132.05999755859375,132.67999267578125,124.08847045898438,3169200
2024-05-30,133.88999938964844,134.5800018310547,132.77999877929688,132.8000030517578,124.20071411132812,2757200
2024-05-31,135.0399932861328,135.86000061035156,133.75999450683594,135.27999877929688,126.52010345458984,3446300
2024-06-03,133.85000610351562,136.69000244140625,133.67999267578125,135.6199951171875,126.83809661865234,4496700
2024-06-04,136.44000244140625,140.0,135.77999877929688,139.9199981689453,130.85964965820312,5071200
2024-06-05,141.36000061035156,142.41000366210938,140.0800018310547,141.0,131.8697052001953,3786700
2024-06-06,141.19000244140625,142.94000244140625,140.88999938964844,142.39999389648438,133.17906188964844,4369200
2024-06-07,143.07000732421875,143.72999572753906,142.27000427246094,142.8800048828125,133.62799072265625,3511200
2024-06-10,142.1199951171875,143.94000244140625,141.25,143.6300048828125,134.3294219970703,3650400
2024-06-11,141.91000366210938,142.94000244140625,141.02000427246094,141.7899932861328,132.60855102539062,4433300
2024-06-12,143.52000427246094,144.5,142.0,143.25999450683594,133.98338317871094,3242800
2024-06-13,142.8300018310547,142.91000366210938,141.13999938964844,142.49000549316406,133.2632293701172,2857200
2024-06-14,142.2100067138672,143.17999267578125,141.88999938964844,142.5,133.27259826660156,2831700
2024-06-17,142.0,142.1300048828125,140.33999633789062,140.3699951171875,131.280517578125,3164400
2024-06-18,141.05999755859375,141.7100067138672,139.77999877929688,140.8000030517578,131.68267822265625,2640200
2024-06-20,141.50999450683594,143.58999633789062,140.80999755859375,140.99000549316406,131.86036682128906,3205600
2024-06-21,141.4600067138672,142.55999755859375,141.2100067138672,141.9600067138672,132.76756286621094,3030000
2024-06-24,141.8699951171875,142.66000366210938,141.50999450683594,142.27999877929688,133.06683349609375,2992100
2024-06-25,145.50999450683594,148.14999389648438,144.67999267578125,146.91000366210938,137.39703369140625,6192600
2024-06-26,145.55999755859375,145.6199951171875,142.7899932861328,143.6699981689453,134.3668212890625,4384500
2024-06-27,143.86000061035156,145.36000061035156,143.42999267578125,144.49000549316406,135.13372802734375,2592400
2024-06-28,144.66000366210938,145.58999633789062,142.6699981689453,142.74000549316406,133.49705505371094,2757500
2024-07-01,143.58999633789062,145.99000549316406,143.55999755859375,145.4199981689453,136.00350952148438,3435800
2024-07-02,141.69000244140625,143.3699951171875,139.02999877929688,142.97999572753906,133.7215118408203,6594500
2024-07-03,141.33999633789062,141.52000427246094,136.00999450683594,138.8699951171875,129.87765502929688,7455800
2024-07-05,140.41000366210938,142.86000061035156,140.35000610351562,142.3699951171875,133.1510009765625,3664500
2024-07-08,142.27999877929688,143.69000244140625,142.17999267578125,143.07000732421875,133.80569458007812,2909400
2024-07-09,140.75,141.2899932861328,139.07000732421875,140.42999267578125,131.3366241455078,4580500
2024-07-10,139.85000610351562,142.7899932861328,139.67999267578125,142.74000549316406,133.49705505371094,3045200
2024-07-11,142.27000427246094,142.52999877929688,138.8000030517578,139.7899932861328,130.73805236816406,3836400
2024-07-12,141.75,143.49000549316406,141.6300048828125,142.0800018310547,132.8798065185547,2877600
2024-07-15,143.25,143.49000549316406,141.07000732421875,141.38999938964844,132.23446655273438,2434100
2024-07-16,142.0,142.22999572753906,140.61000061035156,140.8699951171875,131.74813842773438,2221100
2024-07-17,136.41000366210938,136.6199951171875,134.42999267578125,135.4199981689453,126.65105438232422,6703800
2024-07-18,134.94000244140625,134.97000122070312,126.83000183105469,129.99000549316406,121.57266235351562,9758200
2024-07-19,132.61000061035156,133.5,131.3000030517578,131.5399932861328,123.02227783203125,4319500
2024-07-22,132.0,133.25999450683594,131.85000610351562,133.17999267578125,124.55608367919922,3720400
2024-07-23,133.55999755859375,134.6699981689453,133.02000427246094,133.27999877929688,124.64962005615234,2383200
2024-07-24,132.5,132.89999389648438,130.9199981689453,131.60000610351562,123.07840728759766,2663400
2024-07-25,129.10000610351562,129.97999572753906,126.3499984741211,127.86000061035156,119.58058166503906,5326100
2024-07-26,126.86000061035156,128.25999450683594,126.36000061035156,126.7300033569336,118.52376556396484,3179100
2024-07-29,128.00999450683594,129.52999877929688,127.37999725341797,128.0500030517578,119.7582778930664,3094000
2024-07-30,131.10000610351562,131.6699981689453,127.58999633789062,129.22999572753906,120.86186981201172,4388100
2024-07-31,132.75,132.88999938964844,131.63999938964844,132.6300048828125,124.04171752929688,3580400
2024-08-01,132.0500030517578,134.33999633789062,131.10000610351562,132.4600067138672,123.88272094726562,3669000
2024-08-02,129.77999877929688,130.1300048828125,126.8499984741211,127.48999786376953,119.23454284667969,4774000
2024-08-05,123.88999938964844,127.41999816894531,122.7300033569336,126.0,117.84102630615234,5888800
2024-08-06,128.75,131.27000427246094,128.27999877929688,130.1199951171875,121.69422912597656,6994300
2024-08-07,122.69000244140625,123.62000274658203,118.80000305175781,119.2300033569336,111.50941467285156,13899900
2024-08-08,125.88999938964844,128.33999633789062,123.20999908447266,128.1699981689453,119.8705062866211,10281300
2024-08-09,130.44000244140625,134.64999389648438,130.2100067138672,133.47000122070312,124.82730102539062,7503700
2024-08-12,131.57000732421875,132.02999877929688,129.5500030517578,129.88999938964844,121.47913360595703,3602700
2024-08-13,131.55999755859375,134.25,131.55999755859375,133.57000732421875,124.92084503173828,3343400
2024-08-14,132.6999969482422,134.85000610351562,132.24000549316406,134.4199981689453,125.7157974243164,1967900
2024-08-15,136.61000061035156,137.69000244140625,135.5399932861328,137.57000732421875,128.6618194580078,2916100
2024-08-16,135.39999389648438,135.6699981689453,134.66000366210938,134.88999938964844,126.62755584716797,2111300
2024-08-19,135.07000732421875,136.1300048828125,134.9499969482422,135.25,126.96551513671875,1681800
2024-08-20,135.19000244140625,136.33999633789062,134.5399932861328,135.80999755859375,127.4912109375,2106900
2024-08-21,135.35000610351562,135.57000732421875,133.3800048828125,134.9600067138672,126.69326782226562,2410500
2024-08-22,137.3300018310547,138.49000549316406,136.11000061035156,136.8800048828125,128.49566650390625,2723800
2024-08-23,136.57000732421875,137.14999389648438,135.9199981689453,136.97000122070312,128.5801544189453,2112200
2024-08-26,135.24000549316406,135.72000122070312,134.6199951171875,135.3000030517578,127.01245880126953,1781100
2024-08-27,133.91000366210938,135.5,133.77000427246094,135.17999267578125,126.89978790283203,2124400
2024-08-28,134.66000366210938,135.1699981689453,134.10000610351562,134.47999572753906,126.24266815185547,2765400
2024-08-29,136.47000122070312,137.8800048828125,135.74000549316406,137.52000427246094,129.09645080566406,2754700
2024-08-30,138.2100067138672,139.74000549316406,137.85000610351562,139.16000366210938,130.63601684570312,2718300
2024-09-03,138.55999755859375,138.6199951171875,135.8300018310547,136.25999450683594,127.91363525390625,2309800
2024-09-04,134.0399932861328,134.91000366210938,133.6300048828125,134.52999877929688,126.28961181640625,1811600
2024-09-05,132.00999450683594,132.66000366210938,130.52999877929688,130.88999938964844,122.87257385253906,2883500
2024-09-06,133.75999450683594,134.16000366210938,130.57000732421875,131.13999938964844,123.10725402832031,2591800
2024-09-09,132.02999877929688,132.94000244140625,130.91000366210938,131.91000366210938,123.83009338378906,1881800
2024-09-10,129.22999572753906,130.1199951171875,128.39999389648438,129.77999877929688,121.83056640625,2246700
2024-09-11,133.13999938964844,135.82000732421875,130.97999572753906,135.22999572753906,126.94671630859375,3930300
2024-09-12,135.24000549316406,136.97000122070312,134.64999389648438,136.66000366210938,128.28915405273438,2169700
2024-09-13,136.86000061035156,137.88999938964844,136.3699951171875,137.0,128.6083221435547,2375300
2024-09-16,138.05999755859375,138.22000122070312,136.77000427246094,136.89999389648438,128.51443481445312,1776200
2024-09-17,133.60000610351562,135.16000366210938,131.8000030517578,132.0,123.9145736694336,3515800
2024-09-18,132.8300018310547,133.27000427246094,131.3000030517578,132.05999755859375,123.97090148925781,2854800
2024-09-19,134.66000366210938,135.1999969482422,133.6300048828125,134.8800048828125,126.61817169189453,2653900
2024-09-20,129.10000610351562,129.47999572753906,126.12999725341797,127.51000213623047,119.69961547851562,9683500
2024-09-23,124.0,125.2699966430664,122.94000244140625,123.69999694824219,116.12297821044922,7069900
2024-09-24,124.31999969482422,126.66000366210938,123.7699966430664,125.44000244140625,117.75640106201172,4974100
2024-09-25,127.37000274658203,127.61000061035156,126.4000015258789,126.94999694824219,119.17390441894531,2943600
2024-09-26,125.5999984741211,125.62000274658203,123.9800033569336,124.30000305175781,116.68623352050781,4369500
2024-09-27,120.55000305175781,121.33999633789062,119.1500015258789,120.76000213623047,113.36306762695312,9655300
2024-09-30,117.58999633789062,119.12000274658203,117.48999786376953,119.06999969482422,111.77658081054688,6855500
2024-10-01,118.79000091552734,118.91999816894531,117.31999969482422,118.01000213623047,110.78150939941406,3978400
2024-10-02,116.68000030517578,116.79000091552734,115.4000015258789,116.4800033569336,109.3452377319336,5958600
2024-10-03,116.23999786376953,116.33000183105469,115.02999877929688,115.08000183105469,108.0309829711914,4320900
2024-10-04,114.23999786376953,115.16000366210938,113.79000091552734,115.12000274658203,108.06854248046875,6307000
2024-10-07,117.13999938964844,118.55000305175781,117.0199966430664,117.7699966430664,110.55621337890625,4245300
2024-10-08,117.44000244140625,117.88999938964844,116.58999633789062,117.19999694824219,110.02112579345703,3808000
2024-10-09,116.54000091552734,117.16000366210938,115.81999969482422,117.0,109.83338165283203,3971400
2024-10-10,117.9800033569336,118.44000244140625,117.12000274658203,117.52999877929688,110.3309097290039,2911300
2024-10-11,119.91999816894531,120.55999755859375,119.4800033569336,120.04000091552734,112.68717193603516,4115800
2024-10-14,119.5999984741211,120.47000122070312,119.55000305175781,119.77999877929688,112.4430923461914,2477300
2024-10-15,118.98999786376953,119.08999633789062,117.13999938964844,117.80999755859375,110.59375762939453,3613900
2024-10-16,116.94999694824219,118.05999755859375,116.44000244140625,118.02999877929688,110.80028533935547,3019000
2024-10-17,118.58999633789062,119.06999969482422,118.12000274658203,118.22000122070312,110.97865295410156,2998300
2024-10-18,117.76000213623047,118.2699966430664,117.13999938964844,118.08999633789062,110.85660552978516,3193200
2024-10-21,117.94999694824219,117.95999908447266,116.87999725341797,117.33000183105469,110.14317321777344,3230600
2024-10-22,115.0,116.6500015258789,114.76000213623047,116.47000122070312,109.3358383178711,4689700
2024-10-23,116.33000183105469,116.44000244140625,114.94999694824219,115.73999786376953,108.65055084228516,3220700
2024-10-24,115.20999908447266,115.26000213623047,113.91000366210938,113.91999816894531,106.9420394897461,4499900
2024-10-25,113.9000015258789,114.19000244140625,113.0999984741211,113.37999725341797,106.43510437011719,4594600
2024-10-28,112.41000366210938,112.72000122070312,111.66999816894531,112.36000061035156,105.47760009765625,5356000
2024-10-29,111.62000274658203,113.2699966430664,111.1500015258789,111.9800033569336,105.12086486816406,8243400
2024-10-30,108.88999938964844,113.76000213623047,107.23999786376953,113.23999786376953,106.30368041992188,11109200
2024-10-31,110.20999908447266,112.16000366210938,109.62999725341797,111.94999694824219,105.09270477294922,8455300
2024-11-01,112.87999725341797,113.0199966430664,111.79000091552734,111.94000244140625,105.08332824707031,4554700
2024-11-04,110.19000244140625,110.66000366210938,109.44000244140625,109.72000122070312,102.99929809570312,6215000
2024-11-05,107.9800033569336,110.30000305175781,107.75,110.12999725341797,103.3841781616211,6604300
2024-11-06,108.2699966430664,108.75,105.02999877929688,105.36000061035156,98.90636444091797,12044600
2024-11-07,106.0999984741211,107.73999786376953,105.58999633789062,107.62999725341797,101.03731536865234,8363200
2024-11-08,107.1500015258789,107.87000274658203,106.43000030517578,107.19999694824219,100.63365173339844,5222600
2024-11-11,109.66999816894531,110.61000061035156,108.93000030517578,109.08999633789062,102.40788269042969,4941900
2024-11-12,106.80999755859375,107.61000061035156,105.69999694824219,107.05999755859375,100.50222778320312,5135400
2024-11-13,106.87999725341797,107.79000091552734,106.55000305175781,106.91000366210938,100.3614273071289,3157100
2024-11-14,106.83000183105469,107.0,105.0,105.31999969482422,98.86882019042969,4467100
2024-11-15,101.66999816894531,102.33999633789062,100.31999969482422,101.73999786376953,95.50809478759766,8076200
2024-11-18,100.31999969482422,101.0,99.41999816894531,99.80999755859375,93.6963119506836,8783700
2024-11-19,101.18000030517578,103.12000274658203,101.13999938964844,102.62999725341797,96.34358215332031,5778700
2024-11-20,103.43000030517578,105.73999786376953,103.0,105.2699966430664,98.8218765258789,7520700
2024-11-21,103.18000030517578,103.22000122070312,101.51000213623047,102.62999725341797,96.34358215332031,6185400
2024-11-22,103.91000366210938,106.23999786376953,103.86000061035156,105.05999755859375,98.6247329711914,6143300
2024-11-25,105.30999755859375,105.91999816894531,104.0,104.55999755859375,98.15536499023438,4294600
2024-11-26,106.66999816894531,107.69999694824219,105.62999725341797,106.12999725341797,99.62919616699219,6761400
2024-11-27,105.79000091552734,106.12999725341797,104.95999908447266,106.12999725341797,99.62919616699219,3990600
2024-11-29,105.43000030517578,107.4000015258789,105.3499984741211,106.80000305175781,100.25817108154297,2775100
2024-12-02,108.93000030517578,109.13999938964844,108.1500015258789,108.66999816894531,102.01361846923828,4948300
2024-12-03,110.77999877929688,110.87999725341797,109.05000305175781,109.19999694824219,102.51114654541016,4828700
2024-12-04,110.22000122070312,110.5199966430664,108.95999908447266,108.97000122070312,102.29524230957031,4485600
2024-12-05,108.62000274658203,109.31999969482422,108.2300033569336,108.81999969482422,102.15443420410156,3914400
2024-12-06,109.93000030517578,111.30999755859375,109.75,110.7699966430664,103.9849853515625,6045700
2024-12-09,111.72000122070312,111.98999786376953,110.30000305175781,111.08000183105469,104.27599334716797,4908900
2024-12-10,111.55000305175781,111.55000305175781,108.69999694824219,109.19000244140625,102.50177001953125,4621700
2024-12-11,110.44999694824219,112.5199966430664,110.0199966430664,111.69000244140625,104.8486328125,6545700
2024-12-12,110.87999725341797,111.16999816894531,108.41000366210938,108.61000061035156,101.95729064941406,3650800
2024-12-13,107.04000091552734,107.61000061035156,104.13999938964844,106.94999694824219,100.39897155761719,6250400
2024-12-16,109.29000091552734,109.87999725341797,107.87000274658203,108.05000305175781,101.43158721923828,5346900
2024-12-17,107.75,108.98999786376953,107.7300033569336,108.01000213623047,101.39405059814453,5415500
2024-12-18,108.38999938964844,109.04000091552734,105.4800033569336,105.95999908447266,99.46961212158203,3760900
2024-12-19,104.2699966430664,104.75,102.73999786376953,103.44000244140625,97.10397338867188,5344400
2024-12-20,82.72000122070312,86.52999877929688,81.5,85.0,79.79348754882812,53762400
2024-12-23,88.87000274658203,89.0999984741211,85.98999786376953,88.70999908447266,83.27622985839844,18997900
2024-12-24,88.9000015258789,88.9800033569336,87.06999969482422,87.37000274658203,82.018310546875,4774900
2024-12-26,87.16999816894531,88.05999755859375,86.87000274658203,87.6500015258789,82.28115844726562,6289300
2024-12-27,87.7300033569336,88.7699966430664,87.0199966430664,87.37000274658203,82.018310546875,6066000
2024-12-30,86.97000122070312,87.01000213623047,85.66000366210938,85.7300033569336,80.47876739501953,6110000
2024-12-31,85.41999816894531,86.05000305175781,85.0,86.0199966430664,80.75099182128906,4202400
2025-01-02,87.91000366210938,88.51000213623047,87.19000244140625,87.5199966430664,82.15911865234375,4570300
2025-01-03,87.48999786376953,88.19000244140625,87.33999633789062,87.6500015258789,82.28115844726562,3769000
2025-01-06,86.11000061035156,86.33999633789062,84.80000305175781,85.02999877929688,79.82164001464844,10695700
2025-01-07,84.0999984741211,84.80999755859375,82.63999938964844,83.33999633789062,78.23515319824219,9567900
2025-01-08,85.51000213623047,85.80000305175781,84.68000030517578,85.63999938964844,80.39427185058594,9196400
2025-01-10,87.22000122070312,87.27999877929688,85.83999633789062,86.26000213623047,80.97630310058594,6774700
2025-01-13,84.41999816894531,84.72000122070312,83.69000244140625,84.62000274658203,79.43675231933594,7412400
2025-01-14,82.91999816894531,83.68000030517578,80.05000305175781,81.18000030517578,76.20746612548828,13694900
2025-01-15,83.36000061035156,83.81999969482422,82.70999908447266,82.91999816894531,77.84088134765625,9021500
2025-01-16,82.73999786376953,83.98999786376953,82.19000244140625,83.06999969482422,77.981689453125,6322400
2025-01-17,79.94000244140625,80.87999725341797,78.16999816894531,78.69000244140625,73.86998748779297,21265300
2025-01-21,79.68000030517578,81.11000061035156,79.31999969482422,81.02999877929688,76.06665802001953,8094300
2025-01-22,81.7300033569336,81.80000305175781,80.43000030517578,80.56999969482422,75.63483428955078,5910400
2025-01-23,81.33000183105469,81.72000122070312,80.33000183105469,81.0999984741211,76.13236236572266,6765800
2025-01-24,89.97000122070312,89.97000122070312,86.56999969482422,87.97000122070312,82.58155822753906,27095400
2025-01-27,85.73999786376953,88.45999908447266,85.33999633789062,87.51000213623047,82.14973449707031,10864900
2025-01-28,86.06999969482422,86.86000061035156,84.5999984741211,85.19000244140625,79.97184753417969,9534300
2025-01-29,85.62000274658203,85.66999816894531,83.9000015258789,84.02999877929688,78.88288879394531,6843900
2025-01-30,84.5999984741211,86.47000122070312,83.94000244140625,85.33999633789062,80.1126480102539,5798800
2025-01-31,84.87000274658203,85.44000244140625,84.29000091552734,84.44999694824219,79.27716827392578,6542300
2025-02-03,82.12999725341797,83.37999725341797,82.06999969482422,82.6500015258789,77.5874252319336,5460100
2025-02-04,81.62000274658203,83.44000244140625,81.2699966430664,82.62000274658203,77.55926513671875,9880700
2025-02-05,86.43000030517578,87.41999816894531,85.08999633789062,85.7300033569336,80.47876739501953,14099000
2025-02-06,86.72000122070312,88.94999694824219,86.66999816894531,87.16999816894531,81.83055877685547,10576000
2025-02-07,88.69000244140625,88.7699966430664,86.13999938964844,86.41999816894531,81.12650299072266,8700800
2025-02-10,85.69999694824219,85.91999816894531,83.6500015258789,83.91000366210938,78.77024841308594,9555000
2025-02-11,83.51000213623047,84.25,82.87000274658203,83.73999786376953,78.61066436767578,5046800
2025-02-12,81.0199966430664,82.36000061035156,80.52999877929688,81.79000091552734,76.78010559082031,6427400
2025-02-13,79.54000091552734,80.13999938964844,78.69999694824219,78.83000183105469,74.00141143798828,10809200
2025-02-14,78.58000183105469,79.06999969482422,77.81999969482422,77.87000274658203,73.10021209716797,9875500
2025-02-18,82.0999984741211,82.68000030517578,81.05999755859375,82.33000183105469,77.28702545166016,8712100
2025-02-19,82.94000244140625,83.62999725341797,82.55999755859375,83.4000015258789,78.2914810180664,5948100
2025-02-20,82.93000030517578,84.0,82.70999908447266,83.73999786376953,78.61066436767578,5015200
2025-02-21,88.38999938964844,89.2300033569336,85.73999786376953,88.08000183105469,82.684814453125,15128800
2025-02-24,88.86000061035156,91.12000274658203,88.12000274658203,90.58999633789062,85.04106903076172,10476300
2025-02-25,92.27999877929688,93.80000305175781,89.0,90.94999694824219,85.37902069091797,11465900
2025-02-26,91.02999877929688,91.12000274658203,89.27999877929688,89.55000305175781,84.06478118896484,7387800
2025-02-27,88.94999694824219,90.19000244140625,88.91000366210938,89.22000122070312,83.75498962402344,6953800
2025-02-28,89.86000061035156,90.72000122070312,89.37999725341797,90.6500015258789,85.09739685058594,5962500
2025-03-03,90.66000366210938,90.73999786376953,89.0,89.37000274658203,83.89580535888672,4810900
2025-03-04,88.30000305175781,88.6500015258789,86.33000183105469,87.5,82.14034271240234,5203600
2025-03-05,91.5,91.9000015258789,90.29000091552734,90.86000061035156,85.29454040527344,8011700
2025-03-06,87.94999694824219,89.02999877929688,87.45999908447266,88.04000091552734,82.64727783203125,5450900
2025-03-07,88.37000274658203,88.55000305175781,86.3499984741211,87.16999816894531,81.83055877685547,5278200
2025-03-10,79.80999755859375,80.69999694824219,78.30000305175781,78.94999694824219,74.11405944824219,12603400
2025-03-11,78.87999725341797,79.2699966430664,77.0,78.11000061035156,73.32551574707031,7433500
2025-03-12,74.31999969482422,75.33999633789062,73.80000305175781,74.79000091552734,70.20887756347656,10858200
2025-03-13,76.0199966430664,77.33999633789062,75.4000015258789,75.88999938964844,71.24150085449219,8228200
2025-03-14,75.75,77.55000305175781,75.23999786376953,77.1500015258789,72.42432403564453,6505900
2025-03-17,79.63999938964844,80.55999755859375,79.3499984741211,80.1500015258789,75.24056243896484,5995800
2025-03-18,82.20999908447266,82.56999969482422,80.20999908447266,80.9800033569336,76.01972198486328,5696400
2025-03-19,80.1500015258789,80.2300033569336,78.4800033569336,79.0,74.16100311279297,6920600
2025-03-20,79.22000122070312,79.55999755859375,78.48999786376953,78.79000091552734,73.9638671875,4572500
2025-03-21,75.95999908447266,77.29000091552734,75.5199966430664,76.86000061035156,72.1520767211914,5880500
2025-03-24,74.97000122070312,76.0,74.9000015258789,75.33000183105469,70.7157974243164,8083200
2025-03-25,75.87999725341797,76.05000305175781,73.19999694824219,73.5999984741211,69.09176635742188,8895600
2025-03-26,72.55999755859375,72.86000061035156,71.5999984741211,71.7300033569336,67.33631896972656,7582300
2025-03-27,70.16000366210938,70.63999938964844,69.7699966430664,70.16000366210938,65.86247253417969,7970800
2025-03-28,70.16999816894531,70.3499984741211,69.18000030517578,69.30000305175781,65.05516052246094,5867000
2025-03-31,67.72000122070312,69.62999725341797,66.87999725341797,69.44000244140625,66.23700714111328,6826100
2025-04-01,69.9800033569336,70.0,67.63999938964844,68.02999877929688,64.89204406738281,6213800
2025-04-02,67.51000213623047,68.72000122070312,67.31999969482422,68.23999786376953,65.09235382080078,7337200
2025-04-03,68.43000030517578,68.54000091552734,67.0,67.0999984741211,64.00493621826172,8822500
2025-04-04,65.2300033569336,65.47000122070312,62.369998931884766,62.54999923706055,59.66481018066406,10869500
2025-04-07,61.439998626708984,65.27999877929688,60.61000061035156,63.63999938964844,60.70453643798828,14551900
2025-04-08,64.91999816894531,65.05000305175781,60.83000183105469,61.599998474121094,58.75863265991211,8100500
2025-04-09,60.4900016784668,65.30000305175781,59.52000045776367,65.08999633789062,62.087646484375,13243300
2025-04-10,63.119998931884766,63.2400016784668,59.31999969482422,61.209999084472656,58.386619567871094,9984000
2025-04-11,63.72999954223633,65.0,63.22999954223633,64.7300033569336,61.7442626953125,11392100
2025-04-14,66.4800033569336,66.75,65.33000183105469,66.05999755859375,63.012908935546875,8067300
2025-04-15,65.63999938964844,65.94999694824219,63.86000061035156,64.48999786376953,61.51532745361328,5945600
2025-04-16,64.33000183105469,64.41000366210938,62.400001525878906,62.880001068115234,59.97959518432617,6302600
2025-04-17,57.90999984741211,59.060001373291016,57.279998779296875,58.08000183105469,55.4010009765625,32220600
2025-04-21,58.25,59.29999923706055,57.0,58.33000183105469,55.63946533203125,13419300
2025-04-22,59.0099983215332,60.18000030517578,58.91999816894531,59.90999984741211,57.14658737182617,11697900
2025-04-23,61.77000045776367,62.43000030517578,60.88999938964844,61.29999923706055,58.47247314453125,9128700
2025-04-24,62.47999954223633,62.7400016784668,61.84000015258789,62.630001068115234,59.74112319946289,7891100
2025-04-25,60.66999816894531,62.27000045776367,60.56999969482422,62.08000183105469,59.216495513916016,7835200
2025-04-28,62.189998626708984,63.25,61.970001220703125,62.619998931884766,59.73158264160156,6280300
2025-04-29,65.26000213623047,65.41000366210938,64.16000366210938,65.16000366210938,62.15442657470703,10923700
2025-04-30,66.47000122070312,66.63999938964844,65.4000015258789,66.44999694824219,63.38491439819336,9242900
2025-05-01,68.80999755859375,68.83000183105469,64.18000030517578,65.5999984741211,62.574127197265625,16439500
2025-05-02,69.75,69.86000061035156,68.52999877929688,69.2300033569336,66.03669738769531,13466300
2025-05-05,69.16999816894531,69.79000091552734,68.88999938964844,69.12000274658203,65.93177032470703,8811400
2025-05-06,67.95999908447266,68.12000274658203,65.98999786376953,66.29000091552734,63.232303619384766,10554700
2025-05-07,69.3499984741211,69.66999816894531,66.81999969482422,67.55000305175781,64.43418884277344,14153000
2025-05-08,65.91000366210938,65.95999908447266,64.4000015258789,64.8499984741211,61.85872268676758,12047100
2025-05-09,67.0,67.44000244140625,65.58999633789062,65.7699966430664,62.73628234863281,13071300
2025-05-12,64.08999633789062,67.75,64.04000091552734,67.73999786376953,64.61541748046875,18259700
2025-05-13,66.61000061035156,66.62999725341797,64.94999694824219,65.4000015258789,62.38335418701172,10357000
2025-05-14,66.5,66.83000183105469,64.08999633789062,64.41000366210938,61.439022064208984,10176100
2025-05-15,65.19999694824219,66.30000305175781,64.77999877929688,66.1500015258789,63.09876251220703,9074700
2025-05-16,64.4000015258789,64.69999694824219,63.130001068115234,64.37000274658203,61.4008674621582,19012600
2025-05-19,65.37000274658203,67.02999877929688,64.87000274658203,67.0199966430664,63.92862319946289,11194300
2025-05-20,69.44000244140625,70.0,67.6500015258789,68.19999694824219,65.05419921875,12559100
2025-05-21,68.31999969482422,69.75,68.12999725341797,68.19999694824219,65.05419921875,8983400
2025-05-22,66.41000366210938,68.5199966430664,66.36000061035156,68.16999816894531,65.02558135986328,7192300
2025-05-23,67.26000213623047,67.88999938964844,66.5999984741211,67.3499984741211,64.243408203125,6508400
2025-05-27,70.80999755859375,71.30000305175781,69.87000274658203,70.44000244140625,67.19087982177734,9250600
2025-05-28,69.37999725341797,69.87999725341797,68.36000061035156,68.5999984741211,65.43575286865234,7864700
2025-05-29,69.26000213623047,69.5,68.30000305175781,69.45999908447266,66.2560806274414,8993300
2025-05-30,69.79000091552734,71.56999969482422,69.06999969482422,71.5,68.20198822021484,11194200
2025-06-02,71.7699966430664,72.8499984741211,71.26000213623047,72.83000183105469,69.47063446044922,16807900
2025-06-03,71.5999984741211,71.95999908447266,70.58000183105469,70.91000366210938,67.63919830322266,8822700
2025-06-04,72.18000030517578,73.13999938964844,72.0199966430664,72.04000091552734,68.71707916259766,6917000
2025-06-05,73.13999938964844,73.6500015258789,72.31999969482422,72.6500015258789,69.29894256591797,5090500
2025-06-06,74.1500015258789,75.16000366210938,73.97000122070312,74.62999725341797,71.18760681152344,9549900
2025-06-09,75.01000213623047,76.8499984741211,74.16000366210938,75.45999908447266,71.97932434082031,10885800
2025-06-10,77.98999786376953,80.44000244140625,77.44000244140625,79.33000183105469,75.67082214355469,13076800
2025-06-11,79.08000183105469,79.83000183105469,78.33999633789062,78.7300033569336,75.09849548339844,9211600
2025-06-12,80.63999938964844,81.16000366210938,79.91999816894531,81.05000305175781,77.31147766113281,10562500
2025-06-13,81.41000366210938,81.44000244140625,79.43000030517578,79.83000183105469,76.14775848388672,7491800
2025-06-16,77.83999633789062,78.37999725341797,76.62000274658203,77.0199966430664,73.46736145019531,8181900
2025-06-17,75.51000213623047,75.77999877929688,74.13999938964844,74.33999633789062,70.9109878540039,8080000
2025-06-18,74.55999755859375,74.81999969482422,73.69999694824219,74.01000213623047,70.5962142944336,5462300
2025-06-20,73.83999633789062,74.37999725341797,72.73999786376953,73.7699966430664,70.36727905273438,8213000
2025-06-23,68.87000274658203,70.05000305175781,68.54000091552734,69.72000122070312,66.50408935546875,15397900
2025-06-24,70.25,71.04000091552734,69.86000061035156,70.7300033569336,67.4675064086914,7386300
2025-06-25,68.86000061035156,68.87999725341797,66.87000274658203,67.3499984741211,64.243408203125,13688100
2025-06-26,67.62000274658203,68.37999725341797,67.19000244140625,67.69999694824219,64.57726287841797,8142000
2025-06-27,68.76000213623047,68.94000244140625,67.97000122070312,68.51000213623047,65.34989929199219,5629400
2025-06-30,69.43000030517578,69.55000305175781,68.54000091552734,69.0199966430664,65.83637237548828,7637400
2025-07-01,68.41000366210938,70.41999816894531,68.12000274658203,69.81999969482422,66.59947967529297,6851700
2025-07-02,69.55999755859375,70.33000183105469,68.9000015258789,69.81999969482422,66.59947967529297,7908300
2025-07-03,69.27999877929688,69.4000015258789,68.58000183105469,69.16999816894531,65.97946166992188,4047900
2025-07-07,69.36000061035156,69.54000091552734,68.70999908447266,69.31999969482422,66.1225357055664,7313500
2025-07-08,69.44999694824219,70.61000061035156,68.6500015258789,69.63999938964844,66.42777252197266,9867100
2025-07-09,68.98999786376953,69.87000274658203,68.86000061035156,69.69000244140625,66.47547912597656,5380000
2025-07-10,69.58000183105469,71.75,69.5199966430664,71.01000213623047,67.73458862304688,6373900
2025-07-11,69.73999786376953,69.88999938964844,68.52999877929688,68.93000030517578,65.75053405761719,6522400
2025-07-14,68.5999984741211,69.55000305175781,68.4800033569336,68.94000244140625,65.76007080078125,6015900
2025-07-15,69.48999786376953,69.48999786376953,66.70999908447266,67.22000122070312,64.1194076538086,7250800
2025-07-16,67.33999633789062,68.04000091552734,66.98999786376953,67.04000091552734,63.94771194458008,5611100
2025-07-17,66.18000030517578,66.41000366210938,64.87000274658203,65.29000091552734,62.2784309387207,9041800
2025-07-18,65.66999816894531,65.79000091552734,64.16000366210938,64.30999755859375,61.3436279296875,8051200
2025-07-21,64.75,65.33000183105469,64.12000274658203,64.91999816894531,61.92549133300781,8280700
2025-07-22,65.5199966430664,66.97000122070312,65.44999694824219,66.77999877929688,63.6996955871582,8970300
2025-07-23,68.97000122070312,70.37999725341797,68.87999725341797,70.02999877929688,66.79978942871094,11980400
2025-07-24,70.6500015258789,71.37999725341797,70.22000122070312,70.7300033569336,67.4675064086914,10161000
2025-07-25,71.0199966430664,71.80000305175781,70.58000183105469,71.69999694824219,68.39275360107422,7350200
2025-07-28,71.0,71.27999877929688,68.47000122070312,69.0,65.81729888916016,7156200
2025-07-29,53.95000076293945,55.369998931884766,53.5099983215332,53.939998626708984,51.45195770263672,110735600
2025-07-30,51.2599983215332,51.369998931884766,49.599998474121094,50.029998779296875,47.72230911254883,65866200
2025-07-31,48.959999084472656,49.29999923706055,46.900001525878906,47.06999969482422,44.898841857910156,50372500
2025-08-01,48.27000045776367,49.029998779296875,47.54999923706055,48.189998626708984,45.96718215942383,34787400
2025-08-04,49.08000183105469,49.209999084472656,48.36000061035156,48.810001373291016,46.558589935302734,20691900
2025-08-05,47.880001068115234,48.20000076293945,47.119998931884766,47.220001220703125,45.041927337646484,21508400
2025-08-06,45.970001220703125,46.4900016784668,45.04999923706055,45.380001068115234,43.28679656982422,37438100
2025-08-07,48.470001220703125,49.099998474121094,47.91999816894531,48.7599983215332,46.51089096069336,40780500
2025-08-08,50.70000076293945,51.29999923706055,50.11000061035156,51.08000183105469,48.723880767822266,23367500
2025-08-11,50.400001525878906,50.70000076293945,49.790000915527344,49.869998931884766,47.5696907043457,16177600
2025-08-12,49.41999816894531,50.310001373291016,49.380001068115234,49.779998779296875,47.48384475708008,10921900
2025-08-13,50.279998779296875,51.2400016784668,50.2400016784668,50.900001525878906,48.55218505859375,19443200
2025-08-14,50.47999954223633,50.95000076293945,49.869998931884766,50.95000076293945,48.599876403808594,12620600
2025-08-15,51.439998626708984,52.75,51.369998931884766,52.40999984741211,49.992530822753906,17622500
2025-08-18,54.599998474121094,54.9900016784668,53.75,53.75,51.84846496582031,32445100
2025-08-19,54.56999969482422,55.47999954223633,54.02000045776367,54.779998779296875,52.84202575683594,25993700
2025-08-20,54.33000183105469,54.630001068115234,53.83000183105469,54.29999923706055,52.37900924682617,14100700
2025-08-21,54.79999923706055,55.849998474121094,54.56999969482422,55.45000076293945,53.48832321166992,12883200
2025-08-22,56.709999084472656,57.5099983215332,56.63999938964844,56.97999954223633,54.964195251464844,17913400
2025-08-25,57.43000030517578,58.34000015258789,56.25,56.34000015258789,54.346839904785156,16185000
2025-08-26,55.02000045776367,55.369998931884766,54.599998474121094,55.34000015258789,53.38221740722656,12869500
2025-08-27,55.68000030517578,56.630001068115234,55.31999969482422,56.439998626708984,54.44329833984375,11697700
2025-08-28,56.720001220703125,56.7599983215332,55.709999084472656,56.11000061035156,54.124977111816406,9542500
2025-08-29,56.04999923706055,56.529998779296875,55.709999084472656,56.459999084472656,54.46259307861328,9116500
2025-09-02,56.720001220703125,57.18000030517578,55.77000045776367,56.380001068115234,54.38542556762695,11642700
2025-09-03,56.68000030517578,57.349998474121094,56.470001220703125,56.7400016784668,54.732688903808594,9105600
2025-09-04,55.970001220703125,56.5,55.459999084472656,56.13999938964844,54.15391159057617,8778100
2025-09-05,55.81999969482422,56.08000183105469,54.72999954223633,55.22999954223633,53.27610778808594,15505100
2025-09-08,54.349998474121094,54.900001525878906,54.09000015258789,54.279998779296875,52.35971450805664,12988100
2025-09-09,53.060001373291016,54.29999923706055,52.720001220703125,54.29999923706055,52.37900924682617,20606400
2025-09-10,54.209999084472656,55.2400016784668,53.869998931884766,54.369998931884766,52.446529388427734,16488300
2025-09-11,53.619998931884766,54.619998931884766,53.54999923706055,54.29999923706055,52.37900924682617,11793100
2025-09-12,55.060001373291016,55.20000076293945,54.33000183105469,54.869998931884766,52.92884063720703,10318000
2025-09-15,56.5,56.97999954223633,55.54999923706055,55.619998931884766,53.65230941772461,13764300
2025-09-16,57.13999938964844,57.72999954223633,56.630001068115234,57.20000076293945,55.176414489746094,17115600
2025-09-17,57.779998779296875,59.150001525878906,57.66999816894531,58.20000076293945,56.14103698730469,16809000
2025-09-18,61.84000015258789,62.25,60.84000015258789,61.849998474121094,59.66190719604492,24602000
2025-09-19,62.29999923706055,62.31999969482422,60.720001220703125,61.400001525878906,59.22782897949219,12902900
2025-09-22,60.0,61.119998931884766,59.619998931884766,60.709999084472656,58.56223678588867,10742700
2025-09-23,60.29999923706055,60.33000183105469,59.08000183105469,59.540000915527344,57.433631896972656,11510900
2025-09-24,58.849998474121094,59.25,58.13999938964844,58.7400016784668,56.66193389892578,11232100
2025-09-25,57.13999938964844,57.349998474121094,55.869998931884766,56.040000915527344,54.05745315551758,18287400
2025-09-26,55.599998474121094,56.02000045776367,54.560001373291016,55.61000061035156,53.64266586303711,17739800
2025-09-29,54.13999938964844,55.63999938964844,54.0099983215332,55.5,53.536556243896484,19329100
2025-09-30,54.0099983215332,55.56999969482422,53.77000045776367,55.4900016784668,53.52690887451172,19003500
2025-10-01,56.0099983215332,59.220001220703125,56.0,59.16999816894531,57.076717376708984,24835100
2025-10-02,58.880001068115234,59.119998931884766,58.0,58.7400016784668,56.66193389892578,11966700
2025-10-03,59.0,60.099998474121094,58.45000076293945,59.630001068115234,57.52044677734375,15362900
2025-10-06,60.13999938964844,60.900001525878906,59.650001525878906,59.650001525878906,57.53974151611328,13782400
2025-10-07,59.459999084472656,59.59000015258789,58.529998779296875,59.02000045776367,56.93202590942383,9675100
2025-10-08,59.810001373291016,60.130001068115234,59.470001220703125,59.61000061035156,57.501155853271484,9888700
2025-10-09,58.91999816894531,59.400001525878906,58.45000076293945,58.68000030517578,56.60405731201172,8839800
2025-10-10,58.599998474121094,58.79999923706055,56.790000915527344,56.93000030517578,54.91596603393555,15047600
2025-10-13,57.29999923706055,58.130001068115234,57.25,57.5,55.46580123901367,8835500
2025-10-14,56.279998779296875,56.869998931884766,55.79999923706055,56.65999984741211,54.655517578125,7632700
2025-10-15,56.40999984741211,56.939998626708984,56.099998474121094,56.720001220703125,54.71339416503906,8475200
2025-10-16,57.08000183105469,57.54999923706055,55.970001220703125,56.09000015258789,54.105682373046875,8353700
2025-10-17,53.880001068115234,54.439998626708984,53.540000915527344,54.369998931884766,52.446529388427734,14761500
2025-10-20,55.40999984741211,56.22999954223633,55.189998626708984,55.7400016784668,53.76806640625,7901600
2025-10-21,55.29999923706055,55.369998931884766,54.529998779296875,54.779998779296875,52.84202575683594,10182100
2025-10-22,53.5,53.77000045776367,52.93000030517578,53.380001068115234,51.49155807495117,12420900
2025-10-23,52.56999969482422,53.459999084472656,52.380001068115234,53.22999954223633,51.34686279296875,9326500
2025-10-24,53.40999984741211,53.54999923706055,52.93000030517578,52.959999084472656,51.0864143371582,8497600
2025-10-27,52.779998779296875,53.22999954223633,52.63999938964844,52.88999938964844,51.018890380859375,10310000
2025-10-28,52.810001373291016,52.880001068115234,51.5,52.04999923706055,50.2086067199707,12172200
2025-10-29,52.66999816894531,52.810001373291016,51.189998626708984,51.369998931884766,49.55266189575195,9478200
2025-10-30,49.95000076293945,50.540000915527344,49.439998626708984,50.040000915527344,48.269718170166016,21057500
2025-10-31,48.779998779296875,49.470001220703125,48.4900016784668,49.459999084472656,47.710235595703125,20020900
2025-11-03,49.40999984741211,49.5099983215332,48.56999969482422,49.11000061035156,47.372615814208984,11147000
2025-11-04,47.959999084472656,49.900001525878906,47.7599983215332,48.25,46.54304122924805,28629400
2025-11-05,46.97999954223633,49.0,46.15999984741211,48.459999084472656,46.745609283447266,37996600
2025-11-06,47.75,49.560001373291016,46.290000915527344,46.5099983215332,44.86459732055664,43747200
2025-11-07,46.040000915527344,46.27000045776367,45.150001525878906,45.68000030517578,44.063961029052734,19979600
2025-11-10,46.220001220703125,46.369998931884766,45.56999969482422,45.939998626708984,44.314762115478516,14406500
2025-11-11,47.06999969482422,49.43000030517578,47.04999923706055,49.150001525878906,47.41120147705078,27711100
2025-11-12,49.47999954223633,50.43000030517578,49.31999969482422,50.2599983215332,48.481929779052734,24672300
2025-11-13,49.20000076293945,50.09000015258789,48.90999984741211,49.15999984741211,47.42084884643555,18878300
2025-11-14,48.5,48.90999984741211,48.029998779296875,48.2599983215332,46.55268478393555,12507600
2025-11-17,47.90999984741211,49.189998626708984,47.720001220703125,48.459999084472656,46.745609283447266,13520500
2025-11-18,47.599998474121094,48.02000045776367,47.20000076293945,47.54999923706055,45.86780548095703,17104700
2025-11-19,48.040000915527344,49.38999938964844,47.7599983215332,49.0,47.266510009765625,16585000
2025-11-20,49.5,49.529998779296875,47.47999954223633,47.599998474121094,45.91603469848633,15252300
2025-11-21,47.02000045776367,48.150001525878906,46.689998626708984,47.630001068115234,45.944976806640625,18985300
2025-11-24,43.43000030517578,45.220001220703125,43.08000183105469,44.970001220703125,43.37908172607422,73618700
2025-11-25,45.97999954223633,47.209999084472656,45.939998626708984,47.060001373291016,45.3951416015625,30458600
2025-11-26,48.529998779296875,49.029998779296875,48.18000030517578,48.709999084472656,46.98676681518555,17834800
2025-11-28,49.130001068115234,49.709999084472656,48.349998474121094,49.349998474121094,47.6041259765625,15484200
2025-12-01,48.93000030517578,49.4900016784668,48.369998931884766,48.43000030517578,46.7166748046875,11626700
2025-12-02,47.86000061035156,47.97999954223633,47.369998931884766,47.43000030517578,45.752052307128906,11905200
2025-12-03,47.630001068115234,48.11000061035156,47.29999923706055,47.56999969482422,45.8870964050293,11472500
2025-12-04,47.97999954223633,48.2400016784668,47.369998931884766,47.9900016784668,46.292240142822266,18457100
2025-12-05,48.939998626708984,49.119998931884766,47.83000183105469,47.86000061035156,46.166839599609375,15325300
2025-12-08,47.15999984741211,47.16999816894531,46.349998474121094,46.77000045776367,45.11539840698242,14872500
2025-12-09,46.220001220703125,46.790000915527344,46.08000183105469,46.36000061035156,44.719905853271484,10247900
2025-12-10,47.400001525878906,49.5,47.040000915527344,49.04999923706055,47.31473922729492,16964800
2025-12-11,49.959999084472656,50.540000915527344,49.59000015258789,50.290000915527344,48.51087188720703,15601200
2025-12-12,50.529998779296875,50.75,49.91999816894531,50.18000030517578,48.404762268066406,12392800
2025-12-15,49.959999084472656,50.65999984741211,49.54999923706055,50.369998931884766,48.58803939819336,11354700
2025-12-16,49.810001373291016,49.970001220703125,48.40999984741211,48.959999084472656,47.22792053222656,14148500
2025-12-17,48.099998474121094,48.75,47.72999954223633,47.77000045776367,46.08002471923828,10340900
2025-12-18,48.0,48.310001373291016,47.52000045776367,47.61000061035156,45.925682067871094,8303300
2025-12-19,48.11000061035156,48.79999923706055,47.97999954223633,48.09000015258789,46.388702392578125,10927100
2025-12-22,47.75,48.220001220703125,47.59000015258789,48.099998474121094,46.398345947265625,16059100
2025-12-23,52.66999816894531,53.20000076293945,51.040000915527344,51.61000061035156,49.78417205810547,67564800
2025-12-24,52.849998474121094,53.630001068115234,52.0,52.560001373291016,50.700565338134766,19300100
2025-12-26,53.02000045776367,53.029998779296875,51.70000076293945,52.400001525878906,50.546226501464844,13255600
2025-12-29,51.560001373291016,51.9900016784668,51.349998474121094,51.470001220703125,49.64912796020508,16895900
2025-12-30,51.52000045776367,51.66999816894531,51.06999969482422,51.220001220703125,49.4079704284668,11902500
2025-12-31,51.04999923706055,51.2599983215332,50.54999923706055,50.880001068115234,49.07999801635742,10803900
2026-01-02,51.61000061035156,52.40999984741211,51.40999984741211,52.38999938964844,50.53657913208008,12134100
2026-01-05,53.91999816894531,55.41999816894531,53.36000061035156,55.11000061035156,53.16035461425781,30028700
2026-01-06,57.18000030517578,58.150001525878906,56.02000045776367,56.2599983215332,54.26966857910156,32942200
2026-01-07,56.849998474121094,57.77000045776367,56.22999954223633,56.56999969482422,54.568702697753906,17538400
2026-01-08,57.040000915527344,57.90999984741211,57.0099983215332,57.34000015258789,55.31146240234375,17505600
2026-01-09,59.470001220703125,60.63999938964844,58.779998779296875,58.810001373291016,56.72945785522461,29064400
2026-01-12,60.13999938964844,60.29999923706055,59.099998474121094,59.86000061035156,57.7423095703125,19311500
2026-01-13,60.58000183105469,60.630001068115234,59.13999938964844,59.63999938964844,57.530094146728516,16912900
2026-01-14,58.84000015258789,59.75,58.34000015258789,58.90999984741211,56.82592010498047,16344100
2026-01-15,57.790000915527344,57.84000015258789,56.290000915527344,57.119998931884766,55.0992431640625,25752300
2026-01-16,59.90999984741211,62.400001525878906,59.2400016784668,62.33000183105469,60.12493133544922,43377000
2026-01-20,60.220001220703125,62.18000030517578,59.959999084472656,60.68000030517578,58.533302307128906,30424600
2026-01-21,60.0099983215332,60.16999816894531,57.560001373291016,59.31999969482422,57.221412658691406,30601900
2026-01-22,61.439998626708984,62.439998626708984,61.040000915527344,62.22999954223633,60.028465270996094,20302000
2026-01-23,63.400001525878906,64.16000366210938,62.029998779296875,62.2599983215332,60.057403564453125,28013400
2026-01-26,62.880001068115234,64.0,62.68000030517578,63.97999954223633,61.716552734375,20108000
2026-01-27,62.88999938964844,63.4900016784668,62.4900016784668,62.88999938964844,60.66511535644531,13426500
2026-01-28,61.47999954223633,61.560001373291016,59.9900016784668,60.33000183105469,58.195682525634766,16235900
2026-01-29,59.93000030517578,59.93000030517578,58.79999923706055,59.33000183105469,57.23106002807617,15841900
2026-01-30,59.27000045776367,59.90999984741211,58.59000015258789,59.43000030517578,57.32752227783203,12085800
2026-02-02,57.90999984741211,59.29999923706055,57.790000915527344,58.93000030517578,56.845211029052734,16647900
2026-02-03,58.349998474121094,58.63999938964844,49.959999084472656,50.29999923706055,48.52051544189453,69933200
2026-02-04,47.95000076293945,49.099998474121094,46.470001220703125,47.189998626708984,45.520538330078125,46859700
2026-02-05,45.04999923706055,45.66999816894531,43.2400016784668,43.34000015258789,41.80674362182617,54446100
2026-02-06,46.369998931884766,47.7400016784668,45.84000015258789,47.63999938964844,45.954620361328125,36856600
2026-02-09,50.130001068115234,51.09000015258789,49.0099983215332,49.369998931884766,47.623416900634766,30096900
2026-02-10,50.02000045776367,50.459999084472656,48.97999954223633,49.119998931884766,47.38226318359375,15847900
2026-02-11,48.72999954223633,48.959999084472656,48.08000183105469,48.7400016784668,47.015708923339844,12245000
2026-02-12,48.849998474121094,50.06999969482422,48.119998931884766,48.93000030517578,47.1989860534668,11708500
2026-02-13,49.29999923706055,49.84000015258789,49.20000076293945,49.56999969482422,47.816341400146484,10156100
2026-02-17,49.11000061035156,49.849998474121094,48.68000030517578,49.369998931884766,47.623416900634766,9892700
2026-02-18,48.84000015258789,49.36000061035156,48.630001068115234,49.22999954223633,47.488372802734375,11296400
2026-02-19,48.720001220703125,48.77000045776367,48.18000030517578,48.45000076293945,46.735965728759766,8289400
2026-02-20,47.689998626708984,47.75,47.029998779296875,47.41999816894531,45.742401123046875,12285800
2026-02-23,40.189998626708984,41.09000015258789,39.34000015258789,39.630001068115234,38.227996826171875,98664000
2026-02-24,38.5,39.06999969482422,38.36000061035156,38.59000015258789,37.224788665771484,43931700
2026-02-25,37.709999084472656,38.2400016784668,37.650001525878906,38.15999984741211,36.80999755859375,55460000
2026-02-26,37.83000183105469,38.06999969482422,37.310001373291016,37.619998931884766,36.289100646972656,35499000
2026-02-27,37.540000915527344,37.86000061035156,37.33000183105469,37.45000076293945,36.125118255615234,24222700
2026-03-02,36.83000183105469,37.84000015258789,36.720001220703125,37.7599983215332,36.42414855957031,22094200
2026-03-03,36.369998931884766,36.95000076293945,35.849998474121094,36.65999984741211,35.36306381225586,34247800
2026-03-04,37.630001068115234,38.599998474121094,37.290000915527344,38.5,37.137969970703125,26808100
2026-03-05,38.279998779296875,39.119998931884766,38.08000183105469,39.06999969482422,37.68780517578125,21579000
2026-03-06,38.58000183105469,38.849998474121094,38.16999816894531,38.58000183105469,37.21514129638672,15632400
2026-03-09,39.189998626708984,39.880001068115234,38.5,39.779998779296875,38.37268829345703,23796000
2026-03-10,39.189998626708984,39.220001220703125,38.18000030517578,38.720001220703125,37.350189208984375,20832600
2026-03-11,38.72999954223633,38.9900016784668,38.52000045776367,38.83000183105469,37.456298828125,13208200
2026-03-12,38.68000030517578,39.02000045776367,37.849998474121094,38.02000045776367,36.67495346069336,17123000
2026-03-13,38.38999938964844,38.79999923706055,37.70000076293945,37.959999084472656,36.61707305908203,11608600
2026-03-16,37.970001220703125,38.59000015258789,37.790000915527344,38.58000183105469,37.21514129638672,11442700
2026-03-17,38.66999816894531,39.27000045776367,38.380001068115234,38.43000030517578,37.0704460144043,12174900
2026-03-18,37.439998626708984,37.689998626708984,37.0,37.45000076293945,36.125118255615234,26115900
2026-03-19,36.36000061035156,37.25,36.36000061035156,37.08000183105469,35.76820755004883,21364500
2026-03-20,36.4900016784668,37.0,36.18000030517578,36.529998779296875,35.23766326904297,26367700
2026-03-23,36.83000183105469,37.209999084472656,36.47999954223633,36.81999969482422,35.51740264892578,15011800
2026-03-24,36.849998474121094,37.20000076293945,36.54999923706055,36.88999938964844,35.58492660522461,16143300
2026-03-25,37.150001525878906,37.38999938964844,36.22999954223633,36.33000183105469,35.044742584228516,16442700
2026-03-26,36.290000915527344,37.439998626708984,36.130001068115234,36.400001525878906,35.112266540527344,20602800
2026-03-27,36.310001373291016,36.4900016784668,35.88999938964844,36.040000915527344,34.76499938964844,14694600
2026-03-30,35.130001068115234,35.630001068115234,35.119998931884766,35.290000915527344,35.290000915527344,17393800
2026-03-31,35.40999984741211,36.75,35.31999969482422,36.75,36.75,18979200
2026-04-01,36.77000045776367,37.09000015258789,35.779998779296875,36.47999954223633,36.47999954223633,24090600
2026-04-02,36.09000015258789,36.97999954223633,35.630001068115234,36.97999954223633,36.97999954223633,14695800
2026-04-06,37.0,37.41999816894531,36.52000045776367,36.66999816894531,36.66999816894531,11535500
2026-04-07,36.400001525878906,37.040000915527344,35.970001220703125,36.90999984741211,36.90999984741211,13916300
2026-04-08,38.029998779296875,38.189998626708984,37.33000183105469,37.61000061035156,37.61000061035156,13882500
2026-04-09,37.18000030517578,37.650001525878906,36.81999969482422,37.439998626708984,37.439998626708984,11231700
2026-04-10,38.29999923706055,38.41999816894531,37.41999816894531,37.52000045776367,37.52000045776367,11400500
2026-04-13,37.13999938964844,38.0099983215332,36.95000076293945,37.97999954223633,37.97999954223633,12692200
2026-04-14,39.130001068115234,39.40999984741211,38.72999954223633,39.31999969482422,39.31999969482422,19729300
2026-04-15,39.790000915527344,40.86000061035156,39.66999816894531,40.810001373291016,40.810001373291016,19479400
2026-04-16,41.2599983215332,41.40999984741211,40.22999954223633,40.93000030517578,40.93000030517578,16083800
2026-04-17,40.97999954223633,41.290000915527344,40.43000030517578,40.52000045776367,40.52000045776367,13204000
2026-04-20,40.5099983215332,40.849998474121094,40.2599983215332,40.459999084472656,40.459999084472656,10467100
2026-04-21,40.13999938964844,40.20000076293945,38.70000076293945,39.41999816894531,39.41999816894531,25186400
2026-04-22,39.150001525878906,39.33000183105469,38.849998474121094,39.150001525878906,39.150001525878906,17620600
2026-04-23,39.130001068115234,39.20000076293945,38.02000045776367,38.52000045776367,38.52000045776367,12266500
2026-04-24,40.060001373291016,41.22999954223633,39.88999938964844,41.16999816894531,41.16999816894531,25017300
2026-04-27,40.7599983215332,41.66999816894531,40.54999923706055,41.20000076293945,41.20000076293945,19367700
2026-04-28,41.29999923706055,42.08000183105469,41.099998474121094,41.16999816894531,41.16999816894531,16387700
2026-04-29,40.7599983215332,40.779998779296875,39.70000076293945,40.290000915527344,40.290000915527344,16339400
2026-04-30,41.849998474121094,42.86000061035156,41.650001525878906,42.220001220703125,42.220001220703125,25208100
2026-05-01,43.310001373291016,44.040000915527344,43.099998474121094,43.880001068115234,43.880001068115234,26254500
2026-05-04,44.150001525878906,44.58000183105469,43.84000015258789,44.38999938964844,44.38999938964844,18675700
2026-05-05,44.529998779296875,45.119998931884766,44.209999084472656,44.869998931884766,44.869998931884766,21292000
2026-05-06,46.310001373291016,47.54999923706055,45.529998779296875,45.7599983215332,45.7599983215332,30895000
2026-05-07,46.54999923706055,47.08000183105469,45.75,45.79999923706055,45.79999923706055,16912600
2026-05-08,45.970001220703125,46.13999938964844,45.189998626708984,46.06999969482422,46.06999969482422,12054100
2026-05-11,46.689998626708984,47.790000915527344,46.27000045776367,46.400001525878906,46.400001525878906,17851600
2026-05-12,46.9900016784668,47.11000061035156,46.290000915527344,47.0,47.0,14248200
2026-05-13,47.06999969482422,47.209999084472656,46.650001525878906,47.08000183105469,47.08000183105469,9998700
2026-05-14,46.790000915527344,46.84000015258789,45.540000915527344,45.79999923706055,45.79999923706055,13297200
2026-05-15,45.400001525878906,45.5,44.25,44.7400016784668,44.7400016784668,16383800
2026-05-18,44.630001068115234,45.09000015258789,43.970001220703125,44.279998779296875,44.279998779296875,15403400
2026-05-19,44.36000061035156,44.84000015258789,44.08000183105469,44.279998779296875,44.279998779296875,9704400
2026-05-20,44.689998626708984,45.25,44.43000030517578,45.06999969482422,45.06999969482422,10762200
2026-05-21,44.220001220703125,44.59000015258789,43.7400016784668,44.38999938964844,44.38999938964844,11628000
2026-05-22,44.61000061035156,45.18000030517578,44.470001220703125,44.959999084472656,44.959999084472656,10791000
2026-05-26,44.7400016784668,44.9900016784668,44.18000030517578,44.189998626708984,44.189998626708984,9355700
2026-05-27,44.18000030517578,45.22999954223633,44.18000030517578,44.54999923706055,44.54999923706055,11326200
2026-05-28,44.04999923706055,46.04999923706055,43.95000076293945,45.5099983215332,45.5099983215332,14639300
2026-05-29,45.47999954223633,45.88999938964844,45.150001525878906,45.58000183105469,45.58000183105469,10986400
2026-06-01,45.38999938964844,45.38999938964844,43.790000915527344,44.06999969482422,44.06999969482422,12978900
2026-06-02,43.4900016784668,43.630001068115234,42.25,42.91999816894531,42.91999816894531,17145200
2026-06-03,42.720001220703125,42.77000045776367,41.900001525878906,42.0,42.0,11342000
2026-06-04,43.09000015258789,44.369998931884766,42.220001220703125,43.75,43.75,16440300
2026-06-05,44.04999923706055,44.220001220703125,42.86000061035156,42.959999084472656,42.959999084472656,10855600
2026-06-08,42.220001220703125,42.40999984741211,41.0,41.02000045776367,41.02000045776367,20690200
2026-06-09,41.08000183105469,42.310001373291016,41.08000183105469,42.189998626708984,42.189998626708984,14720100
2026-06-10,41.66999816894531,44.029998779296875,41.65999984741211,42.810001373291016,42.810001373291016,16563900
2026-06-11,42.970001220703125,44.11000061035156,42.939998626708984,43.959999084472656,43.959999084472656,12719800
2026-06-12,43.939998626708984,44.599998474121094,43.720001220703125,43.880001068115234,43.880001068115234,14799200
2026-06-15,44.689998626708984,44.790000915527344,43.810001373291016,43.91999816894531,43.91999816894531,10223300
2026-06-16,44.029998779296875,44.11000061035156,43.36000061035156,43.54999923706055,43.54999923706055,7146600
2026-06-17,44.970001220703125,45.0,43.459999084472656,43.52000045776367,43.52000045776367,9862800
2026-06-18,43.45000076293945,44.0,42.52000045776367,43.189998626708984,43.189998626708984,8996700
2026-06-22,44.0099983215332,46.45000076293945,43.900001525878906,45.880001068115234,45.880001068115234,17141300
2026-06-23,46.79999923706055,47.43000030517578,46.439998626708984,47.41999816894531,47.41999816894531,17674300
2026-06-24,47.099998474121094,47.650001525878906,47.02000045776367,47.40999984741211,47.40999984741211,15078200
2026-06-25,47.81999969482422,48.2400016784668,47.31999969482422,47.63999938964844,47.63999938964844,12471200
2026-06-26,47.119998931884766,48.5,46.9900016784668,48.06999969482422,48.06999969482422,20136400
2026-06-29,47.720001220703125,48.47999954223633,47.61000061035156,48.34000015258789,48.34000015258789,9324100
2026-06-30,48.5099983215332,48.619998931884766,47.869998931884766,47.939998626708984,47.939998626708984,8579300
2026-07-01,49.02000045776367,49.54999923706055,48.61000061035156,48.77000045776367,48.77000045776367,11248400
2026-07-02,49.81999969482422,50.900001525878906,49.779998779296875,50.43000030517578,50.43000030517578,12069100
2026-07-06,49.279998779296875,49.47999954223633,48.54999923706055,49.2599983215332,49.2599983215332,12333300
2026-07-07,50.290000915527344,50.439998626708984,49.310001373291016,49.63999938964844,49.63999938964844,12222700
2026-07-08,48.75,49.470001220703125,48.5,48.88999938964844,48.88999938964844,9137800
2026-07-09,48.689998626708984,49.380001068115234,48.58000183105469,48.880001068115234,48.880001068115234,5458500
2026-07-10,49.16999816894531,49.63999938964844,48.72999954223633,49.47999954223633,49.47999954223633,6315200
