date,open,high,low,close,adjclose,volume
2021-08-02,1440.0,1440.0,1350.0,1368.0,1368.0,2407
2021-08-03,1350.0,1368.0,1278.0,1296.0,1296.0,2920
2021-08-04,1278.0,1278.0,1224.0,1278.0,1278.0,2021
2021-08-05,1278.0,1350.0,1242.0,1332.0,1332.0,1416
2021-08-06,1314.0,1314.0,1278.0,1278.0,1278.0,1071
2021-08-09,1278.0,1332.0,1242.0,1260.0,1260.0,1080
2021-08-10,1260.0,1296.0,1242.0,1260.0,1260.0,1489
2021-08-11,1278.0,1278.0,1224.0,1224.0,1224.0,1488
2021-08-12,1260.0,1260.0,1206.0,1242.0,1242.0,966
2021-08-13,1224.0,1242.0,1170.0,1188.0,1188.0,2569
2021-08-16,1206.0,1206.0,1080.0,1098.0,1098.0,1924
2021-08-17,1098.0,1188.0,1080.0,1170.0,1170.0,1879
2021-08-18,1134.0,1224.0,1134.0,1188.0,1188.0,885
2021-08-19,1152.0,1206.0,1116.0,1134.0,1134.0,1153
2021-08-20,1134.0,1152.0,1116.0,1134.0,1134.0,505
2021-08-23,1116.0,1206.0,1116.0,1188.0,1188.0,895
2021-08-24,1170.0,1206.0,1170.0,1188.0,1188.0,842
2021-08-25,1170.0,1224.0,1170.0,1188.0,1188.0,790
2021-08-26,1206.0,1260.0,1206.0,1260.0,1260.0,857
2021-08-27,1242.0,1260.0,1224.0,1224.0,1224.0,900
2021-08-30,1332.0,1350.0,1278.0,1278.0,1278.0,2420
2021-08-31,1296.0,1332.0,1278.0,1296.0,1296.0,785
2021-09-01,1278.0,1314.0,1278.0,1278.0,1278.0,827
2021-09-02,1278.0,1314.0,1278.0,1314.0,1314.0,781
2021-09-03,1296.0,1332.0,1278.0,1296.0,1296.0,468
2021-09-07,1278.0,1296.0,1224.0,1242.0,1242.0,844
2021-09-08,1224.0,1278.0,1224.0,1242.0,1242.0,577
2021-09-09,1260.0,1278.0,1224.0,1224.0,1224.0,478
2021-09-10,1224.0,1278.0,1206.0,1224.0,1224.0,683
2021-09-13,1242.0,1242.0,1170.0,1188.0,1188.0,1025
2021-09-14,1206.0,1206.0,1152.0,1170.0,1170.0,719
2021-09-15,1170.0,1170.0,1134.0,1152.0,1152.0,825
2021-09-16,1170.0,1188.0,1134.0,1170.0,1170.0,480
2021-09-17,1170.0,1170.0,1134.0,1152.0,1152.0,512
2021-09-20,1134.0,1134.0,1080.0,1098.0,1098.0,927
2021-09-21,1098.0,1116.0,1080.0,1098.0,1098.0,449
2021-09-22,1116.0,1152.0,1080.0,1134.0,1134.0,483
2021-09-23,1062.0,1116.0,1062.0,1116.0,1116.0,546
2021-09-24,1098.0,1152.0,1098.0,1134.0,1134.0,434
2021-09-27,1116.0,1188.0,1116.0,1152.0,1152.0,716
2021-09-28,1152.0,1260.0,1116.0,1224.0,1224.0,1614
2021-09-29,1188.0,1206.0,1116.0,1116.0,1116.0,663
2021-09-30,1134.0,1170.0,1116.0,1134.0,1134.0,1265
2021-10-01,1116.0,1152.0,1116.0,1134.0,1134.0,554
2021-10-04,1116.0,1152.0,1098.0,1116.0,1116.0,557
2021-10-05,1116.0,1134.0,1044.0,1080.0,1080.0,957
2021-10-06,1062.0,1080.0,1044.0,1044.0,1044.0,686
2021-10-07,1044.0,1080.0,1044.0,1044.0,1044.0,560
2021-10-08,1026.0,1062.0,1026.0,1044.0,1044.0,528
2021-10-11,1044.0,1080.0,1026.0,1044.0,1044.0,453
2021-10-12,1044.0,1116.0,1026.0,1080.0,1080.0,1746
2021-10-13,1080.0,1116.0,1080.0,1098.0,1098.0,589
2021-10-14,1080.0,1152.0,1080.0,1098.0,1098.0,583
2021-10-15,1080.0,1098.0,1044.0,1080.0,1080.0,591
2021-10-18,1080.0,1134.0,1062.0,1080.0,1080.0,1632
2021-10-19,1080.0,1098.0,1026.0,1080.0,1080.0,850
2021-10-20,1062.0,1098.0,1062.0,1062.0,1062.0,421
2021-10-21,1062.0,1116.0,1062.0,1080.0,1080.0,637
2021-10-22,1044.0,1080.0,1044.0,1044.0,1044.0,846
2021-10-25,1062.0,1170.0,1044.0,1134.0,1134.0,8801
2021-10-26,1224.0,1368.0,1134.0,1206.0,1206.0,10564
2021-10-27,1188.0,1206.0,1098.0,1134.0,1134.0,3154
2021-10-28,1116.0,1188.0,1116.0,1152.0,1152.0,2071
2021-10-29,1152.0,1188.0,1134.0,1152.0,1152.0,1560
2021-11-01,1152.0,1386.0,1152.0,1242.0,1242.0,14790
2021-11-02,1224.0,1242.0,1170.0,1242.0,1242.0,2466
2021-11-03,1242.0,1242.0,1170.0,1206.0,1206.0,2625
2021-11-04,1206.0,1206.0,1134.0,1152.0,1152.0,1924
2021-11-05,1134.0,1152.0,1116.0,1134.0,1134.0,776
2021-11-08,1152.0,1152.0,1134.0,1134.0,1134.0,875
2021-11-09,1134.0,1134.0,1098.0,1116.0,1116.0,707
2021-11-10,1116.0,1152.0,1098.0,1098.0,1098.0,830
2021-11-11,1098.0,1134.0,1080.0,1116.0,1116.0,699
2021-11-12,1098.0,1116.0,1080.0,1116.0,1116.0,467
2021-11-15,1116.0,1116.0,1080.0,1080.0,1080.0,509
2021-11-16,1080.0,1080.0,1026.0,1044.0,1044.0,984
2021-11-17,1044.0,1098.0,1044.0,1062.0,1062.0,1025
2021-11-18,1062.0,1062.0,990.0,1026.0,1026.0,1071
2021-11-19,1026.0,1044.0,1008.0,1008.0,1008.0,687
2021-11-22,1026.0,1044.0,954.0,954.0,954.0,709
2021-11-23,954.0,972.0,846.0,882.0,882.0,1496
2021-11-24,864.0,972.0,864.0,954.0,954.0,621
2021-11-26,954.0,1008.0,936.0,990.0,990.0,2499
2021-11-29,1062.0,1134.0,990.0,1080.0,1080.0,2513
2021-11-30,1044.0,1098.0,990.0,1044.0,1044.0,1011
2021-12-01,1044.0,1098.0,936.0,936.0,936.0,3396
2021-12-02,936.0,990.0,900.0,936.0,936.0,1039
2021-12-03,918.0,936.0,882.0,900.0,900.0,710
2021-12-06,882.0,900.0,828.0,882.0,882.0,951
2021-12-07,864.0,900.0,846.0,882.0,882.0,1075
2021-12-08,864.0,918.0,846.0,900.0,900.0,1203
2021-12-09,882.0,936.0,882.0,882.0,882.0,711
2021-12-10,882.0,900.0,864.0,882.0,882.0,701
2021-12-13,882.0,900.0,846.0,864.0,864.0,397
2021-12-14,846.0,864.0,828.0,828.0,828.0,468
2021-12-15,828.0,846.0,774.0,810.0,810.0,781
2021-12-16,828.0,882.0,810.0,882.0,882.0,552
2021-12-17,828.0,864.0,828.0,864.0,864.0,245
2021-12-20,882.0,1026.0,846.0,918.0,918.0,7309
2021-12-21,918.0,1062.0,900.0,936.0,936.0,4856
2021-12-22,936.0,972.0,882.0,882.0,882.0,1469
2021-12-23,900.0,900.0,864.0,864.0,864.0,1022
2021-12-27,864.0,882.0,846.0,846.0,846.0,790
2021-12-28,846.0,846.0,792.0,810.0,810.0,1094
2021-12-29,810.0,828.0,774.0,792.0,792.0,1148
2021-12-30,792.0,828.0,774.0,774.0,774.0,756
2021-12-31,792.0,864.0,792.0,810.0,810.0,1547
2022-01-03,810.0,864.0,792.0,846.0,846.0,4685
2022-01-04,1026.0,1062.0,936.0,1008.0,1008.0,7306
2022-01-05,954.0,1008.0,918.0,954.0,954.0,1446
2022-01-06,900.0,990.0,882.0,954.0,954.0,890
2022-01-07,954.0,972.0,900.0,936.0,936.0,636
2022-01-10,918.0,936.0,864.0,900.0,900.0,691
2022-01-11,900.0,954.0,900.0,936.0,936.0,563
2022-01-12,936.0,936.0,900.0,900.0,900.0,468
2022-01-13,900.0,918.0,882.0,882.0,882.0,324
2022-01-14,864.0,882.0,828.0,846.0,846.0,530
2022-01-18,846.0,864.0,810.0,828.0,828.0,672
2022-01-19,828.0,846.0,810.0,846.0,846.0,669
2022-01-20,828.0,900.0,828.0,864.0,864.0,572
2022-01-21,864.0,864.0,810.0,828.0,828.0,595
2022-01-24,810.0,810.0,720.0,756.0,756.0,1031
2022-01-25,756.0,810.0,756.0,774.0,774.0,420
2022-01-26,792.0,810.0,756.0,756.0,756.0,433
2022-01-27,774.0,810.0,720.0,756.0,756.0,421
2022-01-28,720.0,792.0,720.0,738.0,738.0,640
2022-01-31,738.0,810.0,738.0,756.0,756.0,438
2022-02-01,756.0,810.0,756.0,792.0,792.0,432
2022-02-02,792.0,792.0,738.0,756.0,756.0,451
2022-02-03,756.0,756.0,738.0,738.0,738.0,436
2022-02-04,720.0,774.0,720.0,756.0,756.0,246
2022-02-07,774.0,792.0,756.0,774.0,774.0,430
2022-02-08,792.0,792.0,738.0,756.0,756.0,332
2022-02-09,756.0,792.0,738.0,756.0,756.0,590
2022-02-10,738.0,774.0,738.0,756.0,756.0,365
2022-02-11,756.0,774.0,720.0,720.0,720.0,424
2022-02-14,720.0,756.0,702.0,720.0,720.0,497
2022-02-15,738.0,774.0,720.0,738.0,738.0,433
2022-02-16,738.0,756.0,738.0,756.0,756.0,246
2022-02-17,738.0,774.0,738.0,738.0,738.0,370
2022-02-18,738.0,756.0,702.0,702.0,702.0,541
2022-02-22,702.0,720.0,684.0,702.0,702.0,292
2022-02-23,684.0,702.0,648.0,648.0,648.0,378
2022-02-24,576.0,630.0,540.0,612.0,612.0,830
2022-02-25,612.0,666.0,612.0,666.0,666.0,310
2022-02-28,666.0,684.0,648.0,666.0,666.0,276
2022-03-01,666.0,666.0,630.0,630.0,630.0,371
2022-03-02,648.0,666.0,630.0,648.0,648.0,211
2022-03-03,684.0,738.0,648.0,666.0,666.0,1198
2022-03-04,666.0,666.0,594.0,594.0,594.0,566
2022-03-07,594.0,648.0,576.0,612.0,612.0,426
2022-03-08,594.0,666.0,576.0,612.0,612.0,857
2022-03-09,630.0,666.0,612.0,648.0,648.0,473
2022-03-10,648.0,648.0,612.0,648.0,648.0,276
2022-03-11,648.0,648.0,630.0,648.0,648.0,286
2022-03-14,630.0,648.0,612.0,612.0,612.0,305
2022-03-15,612.0,612.0,594.0,594.0,594.0,329
2022-03-16,594.0,630.0,594.0,630.0,630.0,436
2022-03-17,612.0,702.0,594.0,684.0,684.0,515
2022-03-18,684.0,720.0,630.0,630.0,630.0,460
2022-03-21,648.0,684.0,648.0,666.0,666.0,287
2022-03-22,648.0,702.0,648.0,684.0,684.0,989
2022-03-23,702.0,702.0,666.0,666.0,666.0,299
2022-03-24,666.0,684.0,648.0,684.0,684.0,369
2022-03-25,648.0,666.0,594.0,612.0,612.0,778
2022-03-28,612.0,630.0,576.0,594.0,594.0,753
2022-03-29,612.0,648.0,612.0,630.0,630.0,455
2022-03-30,648.0,684.0,630.0,648.0,648.0,686
2022-03-31,630.0,648.0,612.0,612.0,612.0,401
2022-04-01,630.0,648.0,594.0,612.0,612.0,1260
2022-04-04,684.0,756.0,666.0,756.0,756.0,1799
2022-04-05,756.0,756.0,684.0,702.0,702.0,783
2022-04-06,720.0,720.0,666.0,684.0,684.0,412
2022-04-07,702.0,702.0,666.0,684.0,684.0,231
2022-04-08,666.0,666.0,612.0,666.0,666.0,259
2022-04-11,648.0,666.0,612.0,648.0,648.0,192
2022-04-12,666.0,666.0,630.0,630.0,630.0,218
2022-04-13,630.0,666.0,630.0,630.0,630.0,235
2022-04-14,630.0,648.0,630.0,630.0,630.0,186
2022-04-18,648.0,666.0,612.0,648.0,648.0,389
2022-04-19,648.0,684.0,630.0,684.0,684.0,272
2022-04-20,666.0,702.0,666.0,684.0,684.0,197
2022-04-21,684.0,684.0,630.0,630.0,630.0,276
2022-04-22,630.0,648.0,630.0,630.0,630.0,159
2022-04-25,630.0,648.0,612.0,630.0,630.0,192
2022-04-26,630.0,666.0,612.0,630.0,630.0,228
2022-04-27,612.0,630.0,594.0,594.0,594.0,245
2022-04-28,612.0,648.0,594.0,612.0,612.0,261
2022-04-29,594.0,612.0,594.0,594.0,594.0,231
2022-05-02,594.0,594.0,576.0,576.0,576.0,188
2022-05-03,594.0,594.0,540.0,576.0,576.0,406
2022-05-04,558.0,576.0,558.0,558.0,558.0,173
2022-05-05,558.0,594.0,540.0,594.0,594.0,257
2022-05-06,576.0,594.0,468.0,558.0,558.0,486
2022-05-09,504.0,558.0,486.0,504.0,504.0,257
2022-05-10,486.0,504.0,450.0,468.0,468.0,433
2022-05-11,468.0,486.0,414.0,432.0,432.0,248
2022-05-12,396.0,468.0,396.0,432.0,432.0,339
2022-05-13,432.0,486.0,432.0,486.0,486.0,319
2022-05-16,522.0,522.0,468.0,468.0,468.0,262
2022-05-17,486.0,486.0,468.0,486.0,486.0,169
2022-05-18,486.0,486.0,450.0,468.0,468.0,172
2022-05-19,468.0,540.0,468.0,504.0,504.0,302
2022-05-20,522.0,558.0,486.0,504.0,504.0,269
2022-05-23,504.0,522.0,504.0,522.0,522.0,195
2022-05-24,540.0,540.0,504.0,504.0,504.0,179
2022-05-25,486.0,522.0,486.0,522.0,522.0,104
2022-05-26,540.0,612.0,522.0,576.0,576.0,664
2022-05-27,612.0,630.0,576.0,594.0,594.0,321
2022-05-31,594.0,612.0,540.0,594.0,594.0,237
2022-06-01,558.0,594.0,522.0,594.0,594.0,217
2022-06-02,576.0,612.0,558.0,594.0,594.0,438
2022-06-03,612.0,612.0,558.0,576.0,576.0,121
2022-06-06,576.0,576.0,540.0,558.0,558.0,205
2022-06-07,540.0,576.0,540.0,540.0,540.0,90
2022-06-08,540.0,576.0,540.0,558.0,558.0,110
2022-06-09,558.0,612.0,540.0,594.0,594.0,209
2022-06-10,576.0,594.0,558.0,576.0,576.0,159
2022-06-13,558.0,576.0,522.0,540.0,540.0,215
2022-06-14,540.0,558.0,522.0,540.0,540.0,261
2022-06-15,522.0,558.0,504.0,540.0,540.0,170
2022-06-16,540.0,540.0,486.0,486.0,486.0,246
2022-06-17,522.0,576.0,504.0,576.0,576.0,218
2022-06-21,558.0,558.0,522.0,540.0,540.0,162
2022-06-22,504.0,558.0,504.0,540.0,540.0,143
2022-06-23,522.0,558.0,522.0,540.0,540.0,139
2022-06-24,558.0,594.0,558.0,576.0,576.0,242
2022-06-27,558.0,576.0,558.0,576.0,576.0,128
2022-06-28,594.0,612.0,576.0,612.0,612.0,225
2022-06-29,612.0,648.0,594.0,648.0,648.0,234
2022-06-30,648.0,648.0,576.0,630.0,630.0,219
2022-07-01,612.0,612.0,594.0,594.0,594.0,159
2022-07-05,576.0,594.0,576.0,576.0,576.0,134
2022-07-06,594.0,630.0,594.0,612.0,612.0,112
2022-07-07,612.0,666.0,612.0,648.0,648.0,258
2022-07-08,612.0,648.0,612.0,648.0,648.0,120
2022-07-11,648.0,648.0,630.0,648.0,648.0,80
2022-07-12,630.0,648.0,612.0,630.0,630.0,73
2022-07-13,630.0,630.0,612.0,630.0,630.0,49
2022-07-14,612.0,630.0,594.0,612.0,612.0,66
2022-07-15,630.0,630.0,594.0,630.0,630.0,49
2022-07-18,612.0,630.0,576.0,630.0,630.0,161
2022-07-19,594.0,630.0,576.0,594.0,594.0,167
2022-07-20,594.0,648.0,594.0,630.0,630.0,159
2022-07-21,630.0,648.0,612.0,630.0,630.0,127
2022-07-22,612.0,630.0,594.0,612.0,612.0,48
2022-07-25,594.0,648.0,594.0,612.0,612.0,98
2022-07-26,612.0,612.0,594.0,594.0,594.0,61
2022-07-27,594.0,648.0,576.0,594.0,594.0,159
2022-07-28,612.0,630.0,594.0,612.0,612.0,251
2022-07-29,630.0,648.0,594.0,648.0,648.0,266
2022-08-01,630.0,648.0,630.0,630.0,630.0,101
2022-08-02,630.0,684.0,630.0,666.0,666.0,171
2022-08-03,702.0,720.0,648.0,684.0,684.0,280
2022-08-04,648.0,702.0,630.0,684.0,684.0,215
2022-08-05,720.0,720.0,648.0,666.0,666.0,199
2022-08-08,702.0,720.0,648.0,684.0,684.0,136
2022-08-09,702.0,702.0,666.0,684.0,684.0,86
2022-08-10,684.0,702.0,648.0,684.0,684.0,140
2022-08-11,648.0,684.0,648.0,666.0,666.0,151
2022-08-12,684.0,684.0,666.0,684.0,684.0,96
2022-08-15,702.0,702.0,666.0,684.0,684.0,118
2022-08-16,666.0,702.0,666.0,684.0,684.0,132
2022-08-17,702.0,702.0,684.0,684.0,684.0,43
2022-08-18,702.0,702.0,666.0,684.0,684.0,114
2022-08-19,684.0,720.0,684.0,684.0,684.0,165
2022-08-22,684.0,684.0,648.0,648.0,648.0,96
2022-08-23,630.0,666.0,630.0,648.0,648.0,88
2022-08-24,630.0,648.0,612.0,612.0,612.0,188
2022-08-25,612.0,630.0,594.0,612.0,612.0,138
2022-08-26,612.0,612.0,540.0,594.0,594.0,258
2022-08-29,576.0,612.0,540.0,558.0,558.0,141
2022-08-30,576.0,576.0,540.0,558.0,558.0,79
2022-08-31,558.0,576.0,540.0,558.0,558.0,125
2022-09-01,558.0,576.0,540.0,540.0,540.0,124
2022-09-02,576.0,576.0,504.0,504.0,504.0,137
2022-09-06,522.0,558.0,486.0,486.0,486.0,130
2022-09-07,486.0,522.0,486.0,522.0,522.0,103
2022-09-08,504.0,540.0,486.0,504.0,504.0,201
2022-09-09,522.0,522.0,486.0,504.0,504.0,213
2022-09-12,504.0,522.0,504.0,504.0,504.0,58
2022-09-13,522.0,522.0,486.0,486.0,486.0,86
2022-09-14,522.0,558.0,504.0,504.0,504.0,151
2022-09-15,540.0,540.0,504.0,522.0,522.0,161
2022-09-16,504.0,576.0,468.0,576.0,576.0,158
2022-09-19,540.0,576.0,504.0,522.0,522.0,95
2022-09-20,522.0,522.0,450.0,468.0,468.0,294
2022-09-21,468.0,468.0,450.0,450.0,450.0,155
2022-09-22,450.0,468.0,432.0,432.0,432.0,150
2022-09-23,432.0,450.0,396.0,414.0,414.0,173
2022-09-26,396.0,450.0,396.0,414.0,414.0,91
2022-09-27,450.0,450.0,414.0,414.0,414.0,106
2022-09-28,414.0,432.0,414.0,414.0,414.0,75
2022-09-29,432.0,450.0,414.0,432.0,432.0,175
2022-09-30,432.0,450.0,396.0,414.0,414.0,180
2022-10-03,450.0,450.0,414.0,432.0,432.0,81
2022-10-04,432.0,432.0,414.0,414.0,414.0,127
2022-10-05,432.0,504.0,432.0,468.0,468.0,224
2022-10-06,468.0,522.0,450.0,450.0,450.0,200
2022-10-07,468.0,468.0,414.0,414.0,414.0,186
2022-10-10,450.0,450.0,396.0,450.0,450.0,123
2022-10-11,432.0,432.0,396.0,414.0,414.0,233
2022-10-12,396.0,414.0,396.0,396.0,396.0,178
2022-10-13,396.0,414.0,396.0,414.0,414.0,161
2022-10-14,396.0,414.0,396.0,396.0,396.0,108
2022-10-17,414.0,414.0,396.0,396.0,396.0,76
2022-10-18,414.0,414.0,396.0,396.0,396.0,81
2022-10-19,414.0,414.0,396.0,396.0,396.0,315
2022-10-20,396.0,414.0,378.0,378.0,378.0,388
2022-10-21,378.0,396.0,378.0,378.0,378.0,89
2022-10-24,396.0,396.0,360.0,378.0,378.0,169
2022-10-25,378.0,396.0,360.0,378.0,378.0,254
2022-10-26,378.0,396.0,360.0,378.0,378.0,184
2022-10-27,378.0,396.0,378.0,396.0,396.0,184
2022-10-28,378.0,396.0,378.0,378.0,378.0,169
2022-10-31,378.0,396.0,378.0,396.0,396.0,180
2022-11-01,396.0,396.0,378.0,378.0,378.0,270
2022-11-02,378.0,378.0,360.0,360.0,360.0,264
2022-11-03,378.0,378.0,360.0,360.0,360.0,286
2022-11-04,378.0,378.0,342.0,360.0,360.0,191
2022-11-07,378.0,378.0,360.0,360.0,360.0,136
2022-11-08,360.0,378.0,360.0,360.0,360.0,195
2022-11-09,342.0,360.0,342.0,342.0,342.0,81
2022-11-10,360.0,360.0,342.0,360.0,360.0,280
2022-11-11,342.0,378.0,342.0,360.0,360.0,157
2022-11-14,360.0,378.0,360.0,378.0,378.0,152
2022-11-15,396.0,414.0,378.0,396.0,396.0,181
2022-11-16,396.0,396.0,378.0,378.0,378.0,207
2022-11-17,360.0,396.0,360.0,378.0,378.0,124
2022-11-18,360.0,378.0,360.0,360.0,360.0,92
2022-11-21,360.0,378.0,342.0,342.0,342.0,192
2022-11-22,342.0,360.0,324.0,342.0,342.0,132
2022-11-23,324.0,360.0,324.0,360.0,360.0,75
2022-11-25,360.0,360.0,360.0,360.0,360.0,32
2022-11-28,360.0,360.0,342.0,360.0,360.0,159
2022-11-29,360.0,378.0,342.0,342.0,342.0,296
2022-11-30,342.0,360.0,324.0,360.0,360.0,251
2022-12-01,360.0,360.0,342.0,360.0,360.0,166
2022-12-02,360.0,360.0,342.0,360.0,360.0,81
2022-12-05,360.0,378.0,342.0,360.0,360.0,120
2022-12-06,360.0,360.0,342.0,342.0,342.0,134
2022-12-07,342.0,360.0,342.0,360.0,360.0,165
2022-12-08,342.0,360.0,342.0,342.0,342.0,105
2022-12-09,360.0,360.0,324.0,342.0,342.0,247
2022-12-12,324.0,342.0,324.0,342.0,342.0,132
2022-12-13,342.0,342.0,324.0,324.0,324.0,180
2022-12-14,324.0,324.0,306.0,306.0,306.0,264
2022-12-15,306.0,324.0,288.0,306.0,306.0,522
2022-12-16,306.0,324.0,288.0,306.0,306.0,254
2022-12-19,306.0,306.0,288.0,288.0,288.0,507
2022-12-20,306.0,342.0,288.0,288.0,288.0,487
2022-12-21,306.0,306.0,216.0,234.0,234.0,1059
2022-12-22,342.0,342.0,270.0,288.0,288.0,2951
2022-12-23,288.0,288.0,252.0,252.0,252.0,3684
2022-12-27,252.0,252.0,216.0,234.0,234.0,1634
2022-12-28,216.0,216.0,180.0,198.0,198.0,1121
2022-12-29,180.0,198.0,180.0,198.0,198.0,526
2022-12-30,198.0,198.0,180.0,198.0,198.0,737
2023-01-03,198.0,216.0,198.0,216.0,216.0,896
2023-01-04,234.0,234.0,198.0,234.0,234.0,514
2023-01-05,234.0,252.0,234.0,252.0,252.0,943
2023-01-06,252.0,252.0,234.0,252.0,252.0,495
2023-01-09,252.0,252.0,234.0,234.0,234.0,266
2023-01-10,234.0,234.0,216.0,234.0,234.0,858
2023-01-11,234.0,234.0,216.0,216.0,216.0,526
2023-01-12,234.0,234.0,216.0,234.0,234.0,338
2023-01-13,234.0,252.0,216.0,252.0,252.0,928
2023-01-17,234.0,252.0,234.0,252.0,252.0,908
2023-01-18,252.0,288.0,252.0,270.0,270.0,1043
2023-01-19,270.0,270.0,252.0,252.0,252.0,430
2023-01-20,252.0,270.0,234.0,252.0,252.0,888
2023-01-23,237.60000610351562,246.89999389648438,213.89999389648438,215.10000610351562,215.10000610351562,6737
2023-01-24,227.10000610351562,231.60000610351562,214.5,214.8000030517578,214.8000030517578,2650
2023-01-25,222.60000610351562,222.60000610351562,196.1999969482422,199.8000030517578,199.8000030517578,1110
2023-01-26,202.1999969482422,202.1999969482422,192.3000030517578,192.3000030517578,192.3000030517578,563
2023-01-27,192.3000030517578,192.60000610351562,183.89999389648438,186.0,186.0,773
2023-01-30,183.0,200.6999969482422,183.0,200.10000610351562,200.10000610351562,530
2023-01-31,196.1999969482422,203.39999389648438,196.1999969482422,198.0,198.0,803
2023-02-01,196.8000030517578,200.39999389648438,184.5,192.60000610351562,192.60000610351562,720
2023-02-02,188.10000610351562,208.5,188.10000610351562,203.6999969482422,203.6999969482422,887
2023-02-03,199.5,217.5,199.5,214.1999969482422,214.1999969482422,1957
2023-02-06,209.39999389648438,223.1999969482422,207.0,220.5,220.5,557
2023-02-07,215.10000610351562,225.60000610351562,202.5,210.89999389648438,210.89999389648438,503
2023-02-08,203.39999389648438,209.6999969482422,201.60000610351562,205.1999969482422,205.1999969482422,613
2023-02-09,204.60000610351562,204.60000610351562,187.5,187.5,187.5,480
2023-02-10,188.39999389648438,193.1999969482422,184.5,192.3000030517578,192.3000030517578,283
2023-02-13,189.3000030517578,193.1999969482422,186.3000030517578,190.1999969482422,190.1999969482422,267
2023-02-14,194.39999389648438,194.39999389648438,192.0,193.1999969482422,193.1999969482422,223
2023-02-15,186.60000610351562,195.0,185.10000610351562,188.10000610351562,188.10000610351562,317
2023-02-16,185.10000610351562,190.1999969482422,181.8000030517578,182.39999389648438,182.39999389648438,203
2023-02-17,180.3000030517578,183.0,168.89999389648438,168.89999389648438,168.89999389648438,487
2023-02-21,174.60000610351562,175.5,157.1999969482422,157.1999969482422,157.1999969482422,667
2023-02-22,158.10000610351562,158.39999389648438,153.60000610351562,154.1999969482422,154.1999969482422,227
2023-02-23,165.0,165.89999389648438,150.60000610351562,152.6999969482422,152.6999969482422,270
2023-02-24,150.0,151.5,144.60000610351562,147.60000610351562,147.60000610351562,233
2023-02-27,144.60000610351562,146.6999969482422,138.60000610351562,139.5,139.5,277
2023-02-28,131.6999969482422,138.3000030517578,131.10000610351562,138.0,138.0,790
2023-03-01,139.8000030517578,149.10000610351562,139.8000030517578,140.39999389648438,140.39999389648438,1583
2023-03-02,142.5,144.60000610351562,135.0,136.1999969482422,136.1999969482422,513
2023-03-03,142.8000030517578,142.8000030517578,132.60000610351562,132.60000610351562,132.60000610351562,410
2023-03-06,130.1999969482422,140.6999969482422,120.0,123.5999984741211,123.5999984741211,870
2023-03-07,124.5,128.10000610351562,120.0,120.0,120.0,280
2023-03-08,111.30000305175781,119.0999984741211,111.30000305175781,117.0,117.0,723
2023-03-09,117.5999984741211,119.4000015258789,108.5999984741211,112.5,112.5,760
2023-03-10,121.19999694824219,121.19999694824219,106.19999694824219,108.30000305175781,108.30000305175781,1040
2023-03-13,108.0,111.0,105.5999984741211,110.69999694824219,110.69999694824219,393
2023-03-14,116.0999984741211,119.4000015258789,107.0999984741211,107.0999984741211,107.0999984741211,670
2023-03-15,107.0999984741211,111.5999984741211,103.5,103.5,103.5,1030
2023-03-16,101.69999694824219,111.30000305175781,101.4000015258789,101.4000015258789,101.4000015258789,737
2023-03-17,98.4000015258789,105.0,90.0,90.0,90.0,1450
2023-03-20,89.69999694824219,92.69999694824219,87.0,87.0,87.0,847
2023-03-21,89.0999984741211,95.4000015258789,84.9000015258789,84.9000015258789,84.9000015258789,1213
2023-03-22,83.69999694824219,89.4000015258789,82.80000305175781,83.0999984741211,83.0999984741211,543
2023-03-23,82.80000305175781,86.69999694824219,82.5,83.0999984741211,83.0999984741211,300
2023-03-24,81.30000305175781,88.5,81.30000305175781,81.9000015258789,81.9000015258789,293
2023-03-27,81.0,82.5,78.30000305175781,78.5999984741211,78.5999984741211,1000
2023-03-28,80.4000015258789,90.9000015258789,79.80000305175781,88.5,88.5,553
2023-03-29,92.0999984741211,92.0999984741211,87.30000305175781,88.19999694824219,88.19999694824219,690
2023-03-30,90.0,90.0,87.5999984741211,87.5999984741211,87.5999984741211,583
2023-03-31,89.69999694824219,100.80000305175781,89.4000015258789,98.69999694824219,98.69999694824219,1380
2023-04-03,99.9000015258789,104.69999694824219,93.0,103.19999694824219,103.19999694824219,1250
2023-04-04,105.0,105.30000305175781,100.80000305175781,105.0,105.0,593
2023-04-05,105.30000305175781,106.5,101.4000015258789,102.9000015258789,102.9000015258789,237
2023-04-06,97.5,102.30000305175781,97.19999694824219,97.19999694824219,97.19999694824219,133
2023-04-10,99.9000015258789,107.69999694824219,95.0999984741211,105.0,105.0,947
2023-04-11,107.4000015258789,107.4000015258789,100.80000305175781,101.0999984741211,101.0999984741211,270
2023-04-12,103.5,105.5999984741211,96.0,98.0999984741211,98.0999984741211,347
2023-04-13,98.0999984741211,99.30000305175781,96.0,96.5999984741211,96.5999984741211,163
2023-04-14,91.19999694824219,99.5999984741211,91.19999694824219,94.19999694824219,94.19999694824219,393
2023-04-17,95.0999984741211,97.80000305175781,93.5999984741211,97.80000305175781,97.80000305175781,183
2023-04-18,98.69999694824219,99.30000305175781,96.5999984741211,97.5,97.5,97
2023-04-19,97.5,100.5,96.30000305175781,99.30000305175781,99.30000305175781,167
2023-04-20,97.5,100.5,96.30000305175781,96.30000305175781,96.30000305175781,130
2023-04-21,96.9000015258789,97.5,96.0,96.9000015258789,96.9000015258789,113
2023-04-24,96.30000305175781,100.5,91.5,91.5,91.5,97
2023-04-25,91.80000305175781,94.5,90.0,91.80000305175781,91.80000305175781,127
2023-04-26,87.30000305175781,93.5999984741211,82.5,84.0,84.0,580
2023-04-27,84.0,90.0,84.0,84.30000305175781,84.30000305175781,147
2023-04-28,87.30000305175781,87.9000015258789,84.0,84.0,84.0,147
2023-05-01,84.30000305175781,87.0,84.30000305175781,87.0,87.0,157
2023-05-02,87.0,87.0,84.0,84.0,84.0,233
2023-05-03,84.0,84.0,78.0,78.9000015258789,78.9000015258789,447
2023-05-04,81.9000015258789,82.19999694824219,79.5,79.5,79.5,253
2023-05-05,79.19999694824219,82.19999694824219,78.5999984741211,79.19999694824219,79.19999694824219,210
2023-05-08,82.19999694824219,87.0,81.5999984741211,84.0,84.0,233
2023-05-09,84.0,108.0,84.0,108.0,108.0,1817
2023-05-10,108.0,119.69999694824219,90.9000015258789,90.9000015258789,90.9000015258789,1837
2023-05-11,95.0999984741211,99.9000015258789,94.5,96.0,96.0,593
2023-05-12,99.30000305175781,100.19999694824219,90.30000305175781,92.0999984741211,92.0999984741211,410
2023-05-15,96.5999984741211,96.5999984741211,90.0,91.80000305175781,91.80000305175781,310
2023-05-16,88.80000305175781,90.5999984741211,84.9000015258789,86.4000015258789,86.4000015258789,603
2023-05-17,88.19999694824219,88.5,86.4000015258789,88.5,88.5,147
2023-05-18,88.5,91.5,86.0999984741211,89.69999694824219,89.69999694824219,237
2023-05-19,91.5,93.9000015258789,86.69999694824219,89.69999694824219,89.69999694824219,293
2023-05-22,92.0999984741211,95.0999984741211,86.4000015258789,93.9000015258789,93.9000015258789,267
2023-05-23,91.19999694824219,95.0999984741211,90.9000015258789,94.5,94.5,313
2023-05-24,92.0999984741211,93.30000305175781,90.30000305175781,90.9000015258789,90.9000015258789,193
2023-05-25,93.0,93.0,87.30000305175781,90.30000305175781,90.30000305175781,123
2023-05-26,87.5999984741211,91.5,86.4000015258789,91.19999694824219,91.19999694824219,127
2023-05-30,90.0,90.0,85.5,89.4000015258789,89.4000015258789,213
2023-05-31,86.69999694824219,90.0,84.5999984741211,89.4000015258789,89.4000015258789,87
2023-06-01,89.0999984741211,89.4000015258789,83.4000015258789,86.69999694824219,86.69999694824219,87
2023-06-02,86.0999984741211,92.69999694824219,86.0999984741211,91.80000305175781,91.80000305175781,147
2023-06-05,90.5999984741211,96.30000305175781,87.30000305175781,91.19999694824219,91.19999694824219,517
2023-06-06,89.4000015258789,90.0,84.30000305175781,90.0,90.0,357
2023-06-07,90.0,93.30000305175781,89.0999984741211,91.19999694824219,91.19999694824219,213
2023-06-08,92.0999984741211,92.0999984741211,90.30000305175781,90.5999984741211,90.5999984741211,67
2023-06-09,90.0,94.19999694824219,88.19999694824219,92.0999984741211,92.0999984741211,127
2023-06-12,90.30000305175781,91.19999694824219,88.80000305175781,90.0,90.0,137
2023-06-13,91.19999694824219,91.5,90.0,91.5,91.5,87
2023-06-14,89.69999694824219,91.80000305175781,88.19999694824219,88.19999694824219,88.19999694824219,163
2023-06-15,84.0,91.19999694824219,84.0,90.0,90.0,190
2023-06-16,90.9000015258789,93.0,88.19999694824219,88.19999694824219,88.19999694824219,323
2023-06-20,90.0,93.5999984741211,88.5,93.0,93.0,260
2023-06-21,93.5999984741211,93.5999984741211,90.0,92.69999694824219,92.69999694824219,167
2023-06-22,88.19999694824219,93.30000305175781,88.19999694824219,92.69999694824219,92.69999694824219,117
2023-06-23,90.30000305175781,102.0,90.30000305175781,102.0,102.0,193
2023-06-26,103.80000305175781,103.80000305175781,99.0,101.0999984741211,101.0999984741211,280
2023-06-27,99.0,100.5,98.4000015258789,99.9000015258789,99.9000015258789,113
2023-06-28,100.5,104.69999694824219,100.5,101.69999694824219,101.69999694824219,140
2023-06-29,101.69999694824219,101.69999694824219,99.9000015258789,101.0999984741211,101.0999984741211,137
2023-06-30,99.9000015258789,104.69999694824219,96.9000015258789,99.30000305175781,99.30000305175781,210
2023-07-03,100.19999694824219,104.0999984741211,99.0,99.0,99.0,180
2023-07-05,103.80000305175781,103.80000305175781,96.9000015258789,97.80000305175781,97.80000305175781,123
2023-07-06,96.30000305175781,100.19999694824219,96.30000305175781,99.30000305175781,99.30000305175781,127
2023-07-07,98.0999984741211,98.69999694824219,98.0999984741211,98.0999984741211,98.0999984741211,67
2023-07-10,100.5,105.0,99.0,102.0,102.0,840
2023-07-11,103.5,105.0,101.4000015258789,103.19999694824219,103.19999694824219,253
2023-07-12,105.30000305175781,111.9000015258789,103.5,106.80000305175781,106.80000305175781,650
2023-07-13,104.0999984741211,111.0,104.0999984741211,109.19999694824219,109.19999694824219,643
2023-07-14,112.19999694824219,112.19999694824219,106.19999694824219,111.0,111.0,407
2023-07-17,105.9000015258789,113.69999694824219,105.5999984741211,110.0999984741211,110.0999984741211,407
2023-07-18,108.0,109.19999694824219,104.4000015258789,109.19999694824219,109.19999694824219,397
2023-07-19,110.4000015258789,120.0,109.5,117.0,117.0,1003
2023-07-20,118.80000305175781,119.4000015258789,115.5,118.80000305175781,118.80000305175781,457
2023-07-21,115.80000305175781,126.0,115.80000305175781,123.30000305175781,123.30000305175781,780
2023-07-24,121.5,131.10000610351562,121.5,125.4000015258789,125.4000015258789,1463
2023-07-25,134.39999389648438,134.39999389648438,124.5,124.5,124.5,797
2023-07-26,126.5999984741211,126.9000015258789,117.30000305175781,120.0,120.0,230
2023-07-27,120.30000305175781,124.80000305175781,116.69999694824219,118.5,118.5,380
2023-07-28,117.9000015258789,122.0999984741211,111.0,115.19999694824219,115.19999694824219,247
2023-07-31,115.5,118.5,114.5999984741211,117.0,117.0,687
2023-08-01,112.80000305175781,117.0,111.30000305175781,113.4000015258789,113.4000015258789,507
2023-08-02,108.30000305175781,118.19999694824219,108.30000305175781,109.19999694824219,109.19999694824219,293
2023-08-03,106.80000305175781,114.30000305175781,106.80000305175781,114.30000305175781,114.30000305175781,227
2023-08-04,114.9000015258789,114.9000015258789,106.5,106.5,106.5,190
2023-08-07,108.0,113.4000015258789,102.0,105.0,105.0,1553
2023-08-08,101.69999694824219,110.69999694824219,100.80000305175781,101.0999984741211,101.0999984741211,547
2023-08-09,100.80000305175781,104.4000015258789,91.5,99.0,99.0,687
2023-08-10,96.30000305175781,102.0,96.30000305175781,98.4000015258789,98.4000015258789,77
2023-08-11,96.0,100.19999694824219,91.19999694824219,95.69999694824219,95.69999694824219,330
2023-08-14,95.69999694824219,96.30000305175781,90.0,96.30000305175781,96.30000305175781,140
2023-08-15,91.80000305175781,95.4000015258789,90.9000015258789,91.19999694824219,91.19999694824219,103
2023-08-16,90.9000015258789,93.5999984741211,90.9000015258789,93.5999984741211,93.5999984741211,133
2023-08-17,90.9000015258789,94.80000305175781,90.9000015258789,91.5,91.5,170
2023-08-18,90.30000305175781,93.5999984741211,87.9000015258789,87.9000015258789,87.9000015258789,320
2023-08-21,86.4000015258789,96.5999984741211,86.4000015258789,90.5999984741211,90.5999984741211,353
2023-08-22,94.80000305175781,95.0999984741211,88.19999694824219,91.19999694824219,91.19999694824219,320
2023-08-23,93.30000305175781,93.30000305175781,90.30000305175781,90.30000305175781,90.30000305175781,107
2023-08-24,84.9000015258789,91.19999694824219,84.9000015258789,90.30000305175781,90.30000305175781,183
2023-08-25,86.0999984741211,87.5999984741211,79.5,84.30000305175781,84.30000305175781,377
2023-08-28,86.0999984741211,86.69999694824219,84.0,84.0,84.0,167
2023-08-29,85.19999694824219,90.0,84.9000015258789,87.0,87.0,310
2023-08-30,87.0,91.5,87.0,89.69999694824219,89.69999694824219,390
2023-08-31,84.0,108.0,84.0,108.0,108.0,700
2023-09-01,109.19999694824219,109.19999694824219,99.30000305175781,104.0999984741211,104.0999984741211,340
2023-09-05,104.4000015258789,104.4000015258789,90.0,93.9000015258789,93.9000015258789,457
2023-09-06,97.5,102.0,90.30000305175781,97.80000305175781,97.80000305175781,127
2023-09-07,102.5999984741211,102.5999984741211,92.69999694824219,97.5,97.5,73
2023-09-08,96.0,102.30000305175781,92.69999694824219,101.0999984741211,101.0999984741211,97
2023-09-11,96.30000305175781,100.80000305175781,96.0,96.0,96.0,137
2023-09-12,92.69999694824219,99.0,90.0,95.69999694824219,95.69999694824219,160
2023-09-13,97.19999694824219,97.19999694824219,90.30000305175781,90.30000305175781,90.30000305175781,137
2023-09-14,90.0,95.4000015258789,90.0,90.30000305175781,90.30000305175781,157
2023-09-15,94.5,98.4000015258789,84.5999984741211,98.4000015258789,98.4000015258789,660
2023-09-18,95.4000015258789,97.80000305175781,91.80000305175781,91.80000305175781,91.80000305175781,73
2023-09-19,83.4000015258789,95.0999984741211,83.4000015258789,90.0,90.0,100
2023-09-20,90.0,93.0,88.19999694824219,90.0,90.0,233
2023-09-21,90.5999984741211,90.5999984741211,90.5999984741211,90.5999984741211,90.5999984741211,30
2023-09-22,90.30000305175781,90.30000305175781,85.5,87.30000305175781,87.30000305175781,83
2023-09-25,95.4000015258789,95.4000015258789,84.0,84.0,84.0,147
2023-09-26,88.19999694824219,88.19999694824219,84.0,85.19999694824219,85.19999694824219,170
2023-09-27,84.0,86.69999694824219,84.0,86.69999694824219,86.69999694824219,47
2023-09-28,83.4000015258789,96.9000015258789,83.4000015258789,88.19999694824219,88.19999694824219,280
2023-09-29,94.19999694824219,94.19999694824219,85.19999694824219,89.0999984741211,89.0999984741211,11333
2023-10-02,96.30000305175781,99.9000015258789,86.0999984741211,91.80000305175781,91.80000305175781,3617
2023-10-03,88.80000305175781,94.5,85.5,88.19999694824219,88.19999694824219,900
2023-10-04,86.0999984741211,99.9000015258789,84.0,96.9000015258789,96.9000015258789,1223
2023-10-05,103.5,120.0,101.0999984741211,109.5,109.5,4643
2023-10-06,106.80000305175781,110.69999694824219,100.19999694824219,103.80000305175781,103.80000305175781,930
2023-10-09,102.30000305175781,102.30000305175781,96.0,98.0999984741211,98.0999984741211,403
2023-10-10,94.80000305175781,101.69999694824219,94.80000305175781,101.4000015258789,101.4000015258789,357
2023-10-11,99.5999984741211,107.69999694824219,99.5999984741211,103.80000305175781,103.80000305175781,937
2023-10-12,104.4000015258789,109.5,103.5,104.0999984741211,104.0999984741211,307
2023-10-13,108.9000015258789,108.9000015258789,100.80000305175781,103.5,103.5,130
2023-10-16,103.19999694824219,105.5999984741211,97.80000305175781,102.9000015258789,102.9000015258789,303
2023-10-17,102.9000015258789,106.5,102.30000305175781,102.5999984741211,102.5999984741211,293
2023-10-18,94.80000305175781,107.4000015258789,94.80000305175781,102.0,102.0,420
2023-10-19,100.5,101.69999694824219,95.69999694824219,101.69999694824219,101.69999694824219,260
2023-10-20,100.5,106.19999694824219,96.0,106.19999694824219,106.19999694824219,67
2023-10-23,98.0999984741211,102.0,94.80000305175781,97.5,97.5,113
2023-10-24,94.19999694824219,96.5999984741211,94.19999694824219,96.0,96.0,243
2023-10-25,96.0,102.0,96.0,102.0,102.0,203
2023-10-26,102.0,105.0,100.80000305175781,104.0999984741211,104.0999984741211,370
2023-10-27,103.5,103.5,96.0,101.0999984741211,101.0999984741211,273
2023-10-30,100.5,101.0999984741211,94.5,101.0999984741211,101.0999984741211,270
2023-10-31,101.4000015258789,109.19999694824219,101.4000015258789,109.19999694824219,109.19999694824219,103
2023-11-01,113.0999984741211,118.19999694824219,111.30000305175781,115.80000305175781,115.80000305175781,390
2023-11-02,116.0999984741211,117.0,112.80000305175781,116.4000015258789,116.4000015258789,250
2023-11-03,116.4000015258789,117.0,113.69999694824219,113.69999694824219,113.69999694824219,250
2023-11-06,115.5,117.5999984741211,108.5999984741211,112.5,112.5,303
2023-11-07,113.4000015258789,115.5,113.0999984741211,114.0,114.0,130
2023-11-08,114.0,114.0,111.30000305175781,113.69999694824219,113.69999694824219,160
2023-11-09,113.69999694824219,113.69999694824219,109.5,112.5,112.5,73
2023-11-10,112.80000305175781,112.80000305175781,103.5,108.0,108.0,83
2023-11-13,108.30000305175781,110.4000015258789,103.5,109.19999694824219,109.19999694824219,93
2023-11-14,105.5999984741211,107.69999694824219,105.30000305175781,107.69999694824219,107.69999694824219,110
2023-11-15,108.30000305175781,110.4000015258789,105.9000015258789,108.5999984741211,108.5999984741211,47
2023-11-16,110.69999694824219,111.9000015258789,103.5,110.4000015258789,110.4000015258789,177
2023-11-17,107.69999694824219,112.80000305175781,107.69999694824219,108.30000305175781,108.30000305175781,30
2023-11-20,108.5999984741211,109.5,104.0999984741211,106.19999694824219,106.19999694824219,177
2023-11-21,106.5,106.5,104.69999694824219,105.0,105.0,83
2023-11-22,104.4000015258789,106.80000305175781,104.4000015258789,104.4000015258789,104.4000015258789,83
2023-11-24,104.4000015258789,111.0,104.4000015258789,108.0,108.0,93
2023-11-27,105.30000305175781,108.0,105.0,105.30000305175781,105.30000305175781,100
2023-11-28,105.0,108.0,105.0,108.0,108.0,80
2023-11-29,108.0,111.0,107.69999694824219,111.0,111.0,263
2023-11-30,113.4000015258789,114.0,103.19999694824219,107.4000015258789,107.4000015258789,283
2023-12-01,107.4000015258789,114.0,103.80000305175781,103.80000305175781,103.80000305175781,267
2023-12-04,102.30000305175781,109.80000305175781,102.30000305175781,109.5,109.5,117
2023-12-05,105.9000015258789,111.5999984741211,99.0,100.80000305175781,100.80000305175781,447
2023-12-06,101.69999694824219,112.19999694824219,101.69999694824219,112.19999694824219,112.19999694824219,483
2023-12-07,109.19999694824219,138.60000610351562,109.19999694824219,135.3000030517578,135.3000030517578,1450
2023-12-08,133.5,149.6999969482422,133.5,147.3000030517578,147.3000030517578,1047
2023-12-11,138.3000030517578,147.3000030517578,138.3000030517578,147.3000030517578,147.3000030517578,287
2023-12-12,148.1999969482422,174.0,147.0,151.1999969482422,151.1999969482422,1703
2023-12-13,150.0,154.5,145.5,149.10000610351562,149.10000610351562,383
2023-12-14,153.3000030517578,164.10000610351562,152.10000610351562,162.89999389648438,162.89999389648438,283
2023-12-15,159.60000610351562,171.89999389648438,157.8000030517578,157.8000030517578,157.8000030517578,367
2023-12-18,156.0,168.60000610351562,156.0,160.1999969482422,160.1999969482422,320
2023-12-19,159.60000610351562,162.89999389648438,151.1999969482422,154.5,154.5,340
2023-12-20,155.6999969482422,157.5,146.10000610351562,152.6999969482422,152.6999969482422,377
2023-12-21,157.1999969482422,161.6999969482422,153.0,161.6999969482422,161.6999969482422,143
2023-12-22,152.39999389648438,173.39999389648438,152.39999389648438,158.39999389648438,158.39999389648438,443
2023-12-26,163.5,165.0,160.5,161.39999389648438,161.39999389648438,210
2023-12-27,157.5,167.6999969482422,157.5,165.0,165.0,190
2023-12-28,168.0,168.0,160.1999969482422,161.10000610351562,161.10000610351562,163
2023-12-29,158.6999969482422,180.0,156.3000030517578,168.89999389648438,168.89999389648438,880
2024-01-02,180.0,204.0,171.3000030517578,203.39999389648438,203.39999389648438,1360
2024-01-03,221.6999969482422,232.1999969482422,203.39999389648438,205.1999969482422,205.1999969482422,2293
2024-01-04,200.39999389648438,200.6999969482422,166.8000030517578,181.8000030517578,181.8000030517578,773
2024-01-05,176.10000610351562,186.0,170.6999969482422,184.1999969482422,184.1999969482422,400
2024-01-08,184.1999969482422,184.1999969482422,173.6999969482422,173.6999969482422,173.6999969482422,300
2024-01-09,168.60000610351562,187.1999969482422,168.60000610351562,182.10000610351562,182.10000610351562,157
2024-01-10,182.39999389648438,192.60000610351562,172.5,172.5,172.5,373
2024-01-11,171.89999389648438,178.5,169.8000030517578,176.39999389648438,176.39999389648438,147
2024-01-12,178.8000030517578,187.8000030517578,178.8000030517578,181.8000030517578,181.8000030517578,200
2024-01-16,174.3000030517578,183.60000610351562,166.1999969482422,175.5,175.5,467
2024-01-17,169.5,186.60000610351562,165.0,171.89999389648438,171.89999389648438,593
2024-01-18,168.89999389648438,168.89999389648438,150.89999389648438,151.5,151.5,627
2024-01-19,150.0,153.0,141.89999389648438,144.0,144.0,427
2024-01-22,143.6999969482422,150.60000610351562,142.1999969482422,148.1999969482422,148.1999969482422,203
2024-01-23,145.5,158.10000610351562,143.6999969482422,154.5,154.5,220
2024-01-24,154.1999969482422,154.1999969482422,142.8000030517578,147.0,147.0,387
2024-01-25,148.5,148.5,142.5,142.5,142.5,230
2024-01-26,141.60000610351562,147.60000610351562,141.60000610351562,144.0,144.0,147
2024-01-29,142.5,142.5,139.5,139.5,139.5,427
2024-01-30,141.0,141.0,103.5,104.0999984741211,104.0999984741211,2087
2024-01-31,77.0999984741211,97.5,67.5,69.0,69.0,6117
2024-02-01,66.9000015258789,77.69999694824219,63.599998474121094,68.69999694824219,68.69999694824219,13470
2024-02-02,72.5999984741211,77.0999984741211,68.69999694824219,71.69999694824219,71.69999694824219,1807
2024-02-05,68.0999984741211,74.4000015258789,63.0,67.5,67.5,3153
2024-02-06,67.80000305175781,73.5,66.30000305175781,73.5,73.5,1313
2024-02-07,72.0,99.0,63.900001525878906,91.19999694824219,91.19999694824219,9990
2024-02-08,91.5,118.80000305175781,87.0,116.4000015258789,116.4000015258789,3443
2024-02-09,118.19999694824219,119.69999694824219,111.0,119.0999984741211,119.0999984741211,1217
2024-02-12,120.0,120.0,110.4000015258789,112.5,112.5,1243
2024-02-13,112.80000305175781,114.9000015258789,94.19999694824219,99.5999984741211,99.5999984741211,1463
2024-02-14,97.80000305175781,110.0999984741211,97.80000305175781,104.0999984741211,104.0999984741211,933
2024-02-15,108.30000305175781,112.80000305175781,105.5999984741211,108.0,108.0,763
2024-02-16,110.69999694824219,110.69999694824219,106.80000305175781,108.5999984741211,108.5999984741211,567
2024-02-20,105.5999984741211,116.69999694824219,99.9000015258789,110.69999694824219,110.69999694824219,1240
2024-02-21,107.4000015258789,115.19999694824219,98.0999984741211,100.80000305175781,100.80000305175781,950
2024-02-22,104.4000015258789,105.0,98.69999694824219,98.69999694824219,98.69999694824219,273
2024-02-23,103.5,104.0999984741211,98.4000015258789,98.4000015258789,98.4000015258789,283
2024-02-26,98.4000015258789,101.0999984741211,92.4000015258789,94.80000305175781,94.80000305175781,673
2024-02-27,101.4000015258789,101.69999694824219,72.5999984741211,73.5,73.5,5153
2024-02-28,41.099998474121094,43.5,40.20000076293945,42.599998474121094,42.599998474121094,53377
2024-02-29,43.20000076293945,44.099998474121094,42.0,42.900001525878906,42.900001525878906,11373
2024-03-01,44.099998474121094,44.099998474121094,41.70000076293945,42.900001525878906,42.900001525878906,6263
2024-03-04,43.5,44.099998474121094,42.0,43.79999923706055,43.79999923706055,3150
2024-03-05,43.79999923706055,45.0,41.70000076293945,43.20000076293945,43.20000076293945,6820
2024-03-06,44.099998474121094,45.0,42.0,43.79999923706055,43.79999923706055,2270
2024-03-07,43.79999923706055,45.0,42.900001525878906,44.400001525878906,44.400001525878906,2983
2024-03-08,42.900001525878906,45.0,42.900001525878906,43.79999923706055,43.79999923706055,1963
2024-03-11,43.79999923706055,45.29999923706055,42.900001525878906,42.900001525878906,42.900001525878906,2450
2024-03-12,44.70000076293945,44.70000076293945,42.29999923706055,42.900001525878906,42.900001525878906,1537
2024-03-13,43.5,44.400001525878906,42.0,43.20000076293945,43.20000076293945,1113
2024-03-14,43.5,43.5,42.0,43.20000076293945,43.20000076293945,710
2024-03-15,44.70000076293945,44.70000076293945,42.0,42.0,42.0,1157
2024-03-18,42.900001525878906,43.5,37.79999923706055,42.29999923706055,42.29999923706055,7250
2024-03-19,43.5,43.5,42.29999923706055,42.599998474121094,42.599998474121094,1040
2024-03-20,42.29999923706055,42.29999923706055,40.79999923706055,41.70000076293945,41.70000076293945,780
2024-03-21,41.099998474121094,44.400001525878906,41.099998474121094,44.099998474121094,44.099998474121094,1360
2024-03-22,43.20000076293945,44.400001525878906,42.599998474121094,44.099998474121094,44.099998474121094,1393
2024-03-25,44.400001525878906,44.70000076293945,42.29999923706055,42.599998474121094,42.599998474121094,1030
2024-03-26,43.5,43.5,41.70000076293945,42.29999923706055,42.29999923706055,2033
2024-03-27,43.5,43.5,41.400001525878906,42.0,42.0,1210
2024-03-28,42.29999923706055,44.099998474121094,42.0,43.20000076293945,43.20000076293945,857
2024-04-01,42.900001525878906,44.70000076293945,42.0,42.900001525878906,42.900001525878906,1040
2024-04-02,42.29999923706055,44.400001525878906,42.0,44.099998474121094,44.099998474121094,1750
2024-04-03,44.70000076293945,44.70000076293945,39.0,39.599998474121094,39.599998474121094,3990
2024-04-04,39.29999923706055,41.400001525878906,34.79999923706055,35.400001525878906,35.400001525878906,3570
2024-04-05,36.0,38.099998474121094,34.79999923706055,34.79999923706055,34.79999923706055,3383
2024-04-08,35.400001525878906,39.900001525878906,35.099998474121094,39.900001525878906,39.900001525878906,2700
2024-04-09,39.900001525878906,39.900001525878906,38.099998474121094,38.099998474121094,38.099998474121094,1547
2024-04-10,40.20000076293945,42.599998474121094,35.099998474121094,36.0,36.0,5623
2024-04-11,37.20000076293945,38.70000076293945,35.400001525878906,36.900001525878906,36.900001525878906,1597
2024-04-12,38.099998474121094,38.099998474121094,35.099998474121094,36.900001525878906,36.900001525878906,660
2024-04-15,35.70000076293945,39.0,34.5,36.599998474121094,36.599998474121094,1393
2024-04-16,36.0,37.20000076293945,31.5,32.400001525878906,32.400001525878906,4130
2024-04-17,30.600000381469727,34.20000076293945,30.299999237060547,32.400001525878906,32.400001525878906,2393
2024-04-18,33.900001525878906,34.79999923706055,33.29999923706055,33.900001525878906,33.900001525878906,783
2024-04-19,34.79999923706055,36.599998474121094,33.900001525878906,33.900001525878906,33.900001525878906,520
2024-04-22,33.0,33.900001525878906,31.200000762939453,31.799999237060547,31.799999237060547,500
2024-04-23,32.099998474121094,32.70000076293945,30.899999618530273,32.70000076293945,32.70000076293945,627
2024-04-24,33.29999923706055,33.29999923706055,31.5,32.70000076293945,32.70000076293945,307
2024-04-25,33.0,34.5,31.5,31.799999237060547,31.799999237060547,2057
2024-04-26,32.099998474121094,32.400001525878906,30.299999237060547,30.899999618530273,30.899999618530273,1460
2024-04-29,32.099998474121094,32.099998474121094,30.0,30.299999237060547,30.299999237060547,1180
2024-04-30,31.5,31.799999237060547,30.600000381469727,30.899999618530273,30.899999618530273,273
2024-05-01,30.299999237060547,31.200000762939453,30.299999237060547,30.600000381469727,30.600000381469727,300
2024-05-02,30.600000381469727,32.099998474121094,30.600000381469727,31.5,31.5,373
2024-05-03,31.799999237060547,32.099998474121094,30.899999618530273,32.099998474121094,32.099998474121094,523
2024-05-06,33.0,35.400001525878906,31.799999237060547,32.400001525878906,32.400001525878906,1230
2024-05-07,34.5,46.5,33.900001525878906,40.20000076293945,40.20000076293945,19530
2024-05-08,39.599998474121094,41.70000076293945,36.0,36.29999923706055,36.29999923706055,2950
2024-05-09,37.20000076293945,42.0,35.400001525878906,41.400001525878906,41.400001525878906,3777
2024-05-10,44.099998474121094,56.70000076293945,42.0,55.20000076293945,55.20000076293945,14693
2024-05-13,55.79999923706055,66.9000015258789,42.29999923706055,45.0,45.0,11070
2024-05-14,46.5,51.29999923706055,45.0,49.5,49.5,2747
2024-05-15,51.0,52.20000076293945,45.0,49.20000076293945,49.20000076293945,2413
2024-05-16,49.79999923706055,54.599998474121094,47.400001525878906,49.20000076293945,49.20000076293945,4320
2024-05-17,48.0,72.0,48.0,69.9000015258789,69.9000015258789,17817
2024-05-20,71.4000015258789,102.9000015258789,71.4000015258789,92.0999984741211,92.0999984741211,40013
2024-05-21,93.0,96.0,82.80000305175781,91.19999694824219,91.19999694824219,7147
2024-05-22,89.4000015258789,89.4000015258789,45.0,75.30000305175781,75.30000305175781,27867
2024-05-23,68.4000015258789,75.0,63.0,65.4000015258789,65.4000015258789,1770
2024-05-24,65.4000015258789,70.80000305175781,64.80000305175781,66.5999984741211,66.5999984741211,1480
2024-05-28,66.9000015258789,66.9000015258789,61.5,63.599998474121094,63.599998474121094,1687
2024-05-29,61.20000076293945,64.19999694824219,58.79999923706055,59.099998474121094,59.099998474121094,1050
2024-05-30,63.599998474121094,63.599998474121094,60.0,61.20000076293945,61.20000076293945,700
2024-05-31,60.900001525878906,63.900001525878906,59.400001525878906,60.599998474121094,60.599998474121094,530
2024-06-03,63.0,63.0,60.0,62.099998474121094,62.099998474121094,593
2024-06-04,63.0,63.0,60.0,60.900001525878906,60.900001525878906,317
2024-06-05,60.0,60.599998474121094,58.5,58.79999923706055,58.79999923706055,753
2024-06-06,60.0,60.0,50.400001525878906,51.599998474121094,51.599998474121094,1540
2024-06-07,51.0,53.099998474121094,49.79999923706055,50.099998474121094,50.099998474121094,1103
2024-06-10,48.900001525878906,52.20000076293945,48.900001525878906,50.099998474121094,50.099998474121094,730
2024-06-11,51.900001525878906,52.79999923706055,50.70000076293945,52.5,52.5,383
2024-06-12,52.5,60.599998474121094,49.5,51.29999923706055,51.29999923706055,2750
2024-06-13,50.400001525878906,52.5,49.79999923706055,50.70000076293945,50.70000076293945,527
2024-06-14,50.099998474121094,50.70000076293945,48.900001525878906,49.20000076293945,49.20000076293945,337
2024-06-17,53.099998474121094,53.099998474121094,48.599998474121094,48.599998474121094,48.599998474121094,393
2024-06-18,47.70000076293945,50.099998474121094,45.599998474121094,45.900001525878906,45.900001525878906,533
2024-06-20,43.5,45.900001525878906,39.900001525878906,43.5,43.5,1313
2024-06-21,47.099998474121094,47.099998474121094,42.0,43.20000076293945,43.20000076293945,1460
2024-06-24,45.0,45.0,37.5,39.29999923706055,39.29999923706055,1707
2024-06-25,31.5,31.5,29.100000381469727,30.0,30.0,11403
2024-06-26,30.0,30.899999618530273,29.399999618530273,30.299999237060547,30.299999237060547,4450
2024-06-27,30.899999618530273,30.899999618530273,29.100000381469727,29.700000762939453,29.700000762939453,5327
2024-06-28,30.299999237060547,31.799999237060547,30.0,31.200000762939453,31.200000762939453,1910
2024-07-01,31.799999237060547,32.70000076293945,30.600000381469727,31.799999237060547,31.799999237060547,1513
2024-07-02,31.200000762939453,31.200000762939453,30.0,30.600000381469727,30.600000381469727,1637
2024-07-03,32.70000076293945,32.70000076293945,30.600000381469727,30.899999618530273,30.899999618530273,2683
2024-07-05,31.200000762939453,31.200000762939453,30.600000381469727,30.600000381469727,30.600000381469727,1127
2024-07-08,30.899999618530273,31.799999237060547,30.600000381469727,30.899999618530273,30.899999618530273,10890
2024-07-09,31.799999237060547,32.400001525878906,30.600000381469727,31.799999237060547,31.799999237060547,6917
2024-07-10,32.70000076293945,36.29999923706055,32.70000076293945,35.400001525878906,35.400001525878906,12290
2024-07-11,37.20000076293945,37.20000076293945,32.70000076293945,34.20000076293945,34.20000076293945,7660
2024-07-12,34.5,34.79999923706055,32.70000076293945,33.599998474121094,33.599998474121094,7420
2024-07-15,34.5,35.70000076293945,33.29999923706055,35.400001525878906,35.400001525878906,6207
2024-07-16,34.79999923706055,34.79999923706055,33.599998474121094,33.900001525878906,33.900001525878906,1977
2024-07-17,34.20000076293945,34.20000076293945,33.599998474121094,33.599998474121094,33.599998474121094,1583
2024-07-18,34.20000076293945,34.20000076293945,30.0,30.600000381469727,30.600000381469727,7593
2024-07-19,32.099998474121094,32.70000076293945,30.299999237060547,30.600000381469727,30.600000381469727,3100
2024-07-22,31.799999237060547,31.799999237060547,30.299999237060547,31.200000762939453,31.200000762939453,2110
2024-07-23,30.899999618530273,32.70000076293945,30.299999237060547,31.5,31.5,5557
2024-07-24,32.400001525878906,32.400001525878906,31.200000762939453,31.799999237060547,31.799999237060547,813
2024-07-25,31.200000762939453,31.799999237060547,30.0,30.299999237060547,30.299999237060547,2200
2024-07-26,30.600000381469727,31.799999237060547,30.299999237060547,31.799999237060547,31.799999237060547,2337
2024-07-29,32.099998474121094,32.099998474121094,31.5,31.799999237060547,31.799999237060547,1217
2024-07-30,31.799999237060547,32.099998474121094,31.200000762939453,31.5,31.5,950
2024-07-31,31.5,32.099998474121094,30.899999618530273,31.200000762939453,31.200000762939453,453
2024-08-01,31.5,31.5,30.0,30.299999237060547,30.299999237060547,2810
2024-08-02,30.0,30.0,28.5,28.5,28.5,4060
2024-08-05,28.200000762939453,28.5,25.799999237060547,27.0,27.0,1430
2024-08-06,27.899999618530273,32.400001525878906,26.399999618530273,27.600000381469727,27.600000381469727,987
2024-08-07,28.799999237060547,30.0,28.200000762939453,29.100000381469727,29.100000381469727,1343
2024-08-08,30.899999618530273,41.70000076293945,25.799999237060547,32.400001525878906,32.400001525878906,367793
2024-08-09,33.0,42.900001525878906,33.0,42.0,42.0,57990
2024-08-12,43.79999923706055,63.900001525878906,41.400001525878906,62.400001525878906,62.400001525878906,270410
2024-08-13,68.69999694824219,75.5999984741211,59.70000076293945,66.9000015258789,66.9000015258789,83380
2024-08-14,63.900001525878906,66.0,45.599998474121094,54.0,54.0,37530
2024-08-15,57.0,57.599998474121094,41.400001525878906,43.20000076293945,43.20000076293945,23127
2024-08-16,40.79999923706055,42.0,30.299999237060547,33.900001525878906,33.900001525878906,29197
2024-08-19,33.29999923706055,33.900001525878906,30.600000381469727,30.600000381469727,30.600000381469727,11773
2024-08-20,30.299999237060547,31.799999237060547,27.600000381469727,27.899999618530273,27.899999618530273,13690
2024-08-21,28.799999237060547,30.0,26.700000762939453,28.200000762939453,28.200000762939453,70123
2024-08-22,27.299999237060547,28.200000762939453,27.0,27.0,27.0,9093
2024-08-23,28.200000762939453,30.600000381469727,27.0,30.600000381469727,30.600000381469727,37320
2024-08-26,30.600000381469727,32.099998474121094,29.100000381469727,30.600000381469727,30.600000381469727,10577
2024-08-27,30.899999618530273,40.79999923706055,29.700000762939453,38.099998474121094,38.099998474121094,41430
2024-08-28,38.099998474121094,38.099998474121094,31.5,32.400001525878906,32.400001525878906,20030
2024-08-29,30.899999618530273,34.79999923706055,30.600000381469727,34.5,34.5,7860
2024-08-30,34.79999923706055,38.70000076293945,33.29999923706055,38.099998474121094,38.099998474121094,11403
2024-09-03,36.900001525878906,36.900001525878906,31.799999237060547,32.099998474121094,32.099998474121094,4373
2024-09-04,16.799999237060547,17.700000762939453,16.200000762939453,17.399999618530273,17.399999618530273,107930
2024-09-05,16.5,16.799999237060547,15.600000381469727,15.899999618530273,15.899999618530273,30553
2024-09-06,15.899999618530273,16.5,15.600000381469727,15.600000381469727,15.600000381469727,17320
2024-09-09,15.300000190734863,16.200000762939453,14.100000381469727,15.0,15.0,11383
2024-09-10,15.0,15.600000381469727,14.699999809265137,15.300000190734863,15.300000190734863,6033
2024-09-11,15.600000381469727,15.600000381469727,14.399999618530273,15.0,15.0,5970
2024-09-12,15.600000381469727,15.899999618530273,14.100000381469727,15.0,15.0,23953
2024-09-13,15.0,15.899999618530273,15.0,15.899999618530273,15.899999618530273,12680
2024-09-16,15.899999618530273,16.799999237060547,14.699999809265137,15.0,15.0,31700
2024-09-17,14.399999618530273,15.899999618530273,14.399999618530273,15.0,15.0,6503
2024-09-18,15.300000190734863,15.600000381469727,14.399999618530273,14.399999618530273,14.399999618530273,6587
2024-09-19,14.399999618530273,15.600000381469727,14.100000381469727,14.399999618530273,14.399999618530273,5623
2024-09-20,14.699999809265137,14.699999809265137,14.100000381469727,14.399999618530273,14.399999618530273,6027
2024-09-23,14.399999618530273,14.399999618530273,14.100000381469727,14.100000381469727,14.100000381469727,5373
2024-09-24,14.699999809265137,14.699999809265137,13.800000190734863,13.800000190734863,13.800000190734863,3223
2024-09-25,13.800000190734863,14.699999809265137,12.0,12.600000381469727,12.600000381469727,16137
2024-09-26,13.5,13.5,12.0,12.0,12.0,9670
2024-09-27,12.600000381469727,12.600000381469727,11.399999618530273,12.0,12.0,8230
2024-09-30,12.0,12.300000190734863,11.399999618530273,11.399999618530273,11.399999618530273,5097
2024-10-01,11.399999618530273,12.300000190734863,11.399999618530273,11.699999809265137,11.699999809265137,4123
2024-10-02,12.300000190734863,12.600000381469727,12.0,12.0,12.0,1843
2024-10-03,12.899999618530273,12.899999618530273,12.0,12.0,12.0,3190
2024-10-04,12.300000190734863,12.600000381469727,12.300000190734863,12.600000381469727,12.600000381469727,3253
2024-10-07,12.600000381469727,12.600000381469727,11.699999809265137,12.0,12.0,5197
2024-10-08,13.5,13.5,10.5,10.800000190734863,10.800000190734863,63313
2024-10-09,12.300000190734863,12.300000190734863,11.399999618530273,11.399999618530273,11.399999618530273,12867
2024-10-10,11.399999618530273,12.0,11.399999618530273,11.699999809265137,11.699999809265137,5350
2024-10-11,11.399999618530273,12.0,10.5,10.5,10.5,20040
2024-10-14,10.5,10.5,9.0,9.600000381469727,9.600000381469727,19890
2024-10-15,9.600000381469727,9.600000381469727,8.699999809265137,9.0,9.0,18547
2024-10-16,9.0,10.199999809265137,9.0,10.199999809265137,10.199999809265137,16847
2024-10-17,10.199999809265137,10.199999809265137,9.300000190734863,9.600000381469727,9.600000381469727,9157
2024-10-18,9.899999618530273,10.5,9.300000190734863,9.899999618530273,9.899999618530273,13010
2024-10-21,9.899999618530273,10.5,9.300000190734863,10.5,10.5,23467
2024-10-22,10.5,12.300000190734863,9.899999618530273,10.199999809265137,10.199999809265137,76470
2024-10-23,9.899999618530273,10.5,9.300000190734863,9.899999618530273,9.899999618530273,13943
2024-10-24,10.199999809265137,10.199999809265137,9.0,9.600000381469727,9.600000381469727,14970
2024-10-25,9.600000381469727,9.600000381469727,9.0,9.300000190734863,9.300000190734863,7657
2024-10-28,9.300000190734863,10.199999809265137,9.300000190734863,9.600000381469727,9.600000381469727,7473
2024-10-29,9.600000381469727,9.899999618530273,9.300000190734863,9.600000381469727,9.600000381469727,4043
2024-10-30,9.600000381469727,9.899999618530273,8.399999618530273,9.600000381469727,9.600000381469727,5123
2024-10-31,9.600000381469727,9.600000381469727,9.0,9.300000190734863,9.300000190734863,4230
2024-11-01,9.0,9.300000190734863,8.699999809265137,9.0,9.0,7297
2024-11-04,8.699999809265137,9.300000190734863,8.699999809265137,9.300000190734863,9.300000190734863,4560
2024-11-05,9.300000190734863,9.899999618530273,9.300000190734863,9.600000381469727,9.600000381469727,4580
2024-11-06,9.600000381469727,9.600000381469727,9.0,9.300000190734863,9.300000190734863,4433
2024-11-07,9.899999618530273,10.199999809265137,9.300000190734863,9.600000381469727,9.600000381469727,5370
2024-11-08,9.899999618530273,12.899999618530273,9.600000381469727,11.699999809265137,11.699999809265137,96703
2024-11-11,11.699999809265137,11.699999809265137,10.199999809265137,11.100000381469727,11.100000381469727,47807
2024-11-12,10.5,11.100000381469727,10.199999809265137,10.800000190734863,10.800000190734863,10820
2024-11-13,10.800000190734863,11.100000381469727,10.199999809265137,10.199999809265137,10.199999809265137,10667
2024-11-14,10.199999809265137,10.5,9.600000381469727,9.899999618530273,9.899999618530273,7680
2024-11-15,10.5,10.5,9.300000190734863,9.600000381469727,9.600000381469727,133430
2024-11-18,8.699999809265137,9.0,8.100000381469727,8.699999809265137,8.699999809265137,29143
2024-11-19,8.699999809265137,9.0,7.5,8.399999618530273,8.399999618530273,16003
2024-11-20,8.699999809265137,8.699999809265137,8.399999618530273,8.699999809265137,8.699999809265137,6637
2024-11-21,8.399999618530273,8.699999809265137,8.100000381469727,8.100000381469727,8.100000381469727,13543
2024-11-22,8.100000381469727,8.699999809265137,7.800000190734863,8.100000381469727,8.100000381469727,7500
2024-11-25,8.699999809265137,9.300000190734863,8.399999618530273,9.0,9.0,12020
2024-11-26,9.300000190734863,9.300000190734863,8.399999618530273,9.0,9.0,5107
2024-11-27,9.600000381469727,9.600000381469727,8.399999618530273,8.699999809265137,8.699999809265137,6800
2024-11-29,9.300000190734863,9.600000381469727,9.0,9.600000381469727,9.600000381469727,5943
2024-12-02,9.600000381469727,9.899999618530273,9.0,9.600000381469727,9.600000381469727,5040
2024-12-03,9.899999618530273,9.899999618530273,9.300000190734863,9.600000381469727,9.600000381469727,5190
2024-12-04,9.899999618530273,9.899999618530273,9.0,9.600000381469727,9.600000381469727,4557
2024-12-05,9.899999618530273,11.100000381469727,9.300000190734863,10.800000190734863,10.800000190734863,32233
2024-12-06,10.5,11.699999809265137,10.199999809265137,11.100000381469727,11.100000381469727,18177
2024-12-09,11.100000381469727,11.399999618530273,10.5,10.800000190734863,10.800000190734863,10633
2024-12-10,11.100000381469727,11.100000381469727,10.5,11.100000381469727,11.100000381469727,5030
2024-12-11,11.100000381469727,11.100000381469727,9.899999618530273,10.800000190734863,10.800000190734863,7553
2024-12-12,10.5,10.5,9.600000381469727,9.899999618530273,9.899999618530273,2307
2024-12-13,9.899999618530273,10.800000190734863,9.899999618530273,9.899999618530273,9.899999618530273,2623
2024-12-16,10.5,10.5,9.899999618530273,10.5,10.5,4233
2024-12-17,11.100000381469727,11.399999618530273,9.899999618530273,10.199999809265137,10.199999809265137,8903
2024-12-18,9.899999618530273,10.5,9.600000381469727,9.899999618530273,9.899999618530273,507953
2024-12-19,12.600000381469727,13.5,10.199999809265137,11.399999618530273,11.399999618530273,184923
2024-12-20,11.399999618530273,12.0,9.600000381469727,10.800000190734863,10.800000190734863,45810
2024-12-23,11.399999618530273,11.399999618530273,10.5,11.100000381469727,11.100000381469727,7050
2024-12-24,10.5,12.0,10.5,11.399999618530273,11.399999618530273,13483
2024-12-26,11.699999809265137,12.0,10.800000190734863,11.699999809265137,11.699999809265137,12683
2024-12-27,11.699999809265137,14.100000381469727,10.800000190734863,13.5,13.5,32610
2024-12-30,13.199999809265137,13.199999809265137,12.0,12.899999618530273,12.899999618530273,11483
2024-12-31,12.899999618530273,13.199999809265137,10.5,11.100000381469727,11.100000381469727,18763
2025-01-02,11.399999618530273,12.0,10.5,10.800000190734863,10.800000190734863,27550
2025-01-03,10.800000190734863,11.100000381469727,10.199999809265137,10.199999809265137,10.199999809265137,36387
2025-01-06,10.800000190734863,12.300000190734863,10.5,12.300000190734863,12.300000190734863,78607
2025-01-07,12.300000190734863,12.600000381469727,10.800000190734863,11.399999618530273,11.399999618530273,31750
2025-01-08,10.800000190734863,10.800000190734863,9.300000190734863,9.899999618530273,9.899999618530273,30017
2025-01-10,9.899999618530273,10.199999809265137,9.300000190734863,10.199999809265137,10.199999809265137,12737
2025-01-13,10.199999809265137,10.199999809265137,9.300000190734863,9.899999618530273,9.899999618530273,8370
2025-01-14,9.600000381469727,9.600000381469727,8.399999618530273,9.0,9.0,23117
2025-01-15,9.0,9.600000381469727,8.399999618530273,9.0,9.0,6993
2025-01-16,9.0,9.600000381469727,8.399999618530273,9.0,9.0,9267
2025-01-17,8.699999809265137,8.699999809265137,8.100000381469727,8.399999618530273,8.399999618530273,21487
2025-01-21,8.699999809265137,9.0,8.100000381469727,8.699999809265137,8.699999809265137,20627
2025-01-22,8.399999618530273,8.699999809265137,8.399999618530273,8.399999618530273,8.399999618530273,6393
2025-01-23,8.699999809265137,8.699999809265137,8.399999618530273,8.399999618530273,8.399999618530273,8517
2025-01-24,8.699999809265137,9.300000190734863,8.699999809265137,9.300000190734863,9.300000190734863,10527
2025-01-27,9.0,9.600000381469727,8.699999809265137,9.300000190734863,9.300000190734863,5697
2025-01-28,9.0,9.300000190734863,8.699999809265137,9.300000190734863,9.300000190734863,5470
2025-01-29,9.0,9.600000381469727,8.699999809265137,9.300000190734863,9.300000190734863,6113
2025-01-30,9.0,9.300000190734863,8.699999809265137,9.300000190734863,9.300000190734863,4043
2025-01-31,9.300000190734863,9.300000190734863,9.0,9.300000190734863,9.300000190734863,3480
2025-02-03,9.300000190734863,9.300000190734863,8.399999618530273,8.699999809265137,8.699999809265137,8563
2025-02-04,8.399999618530273,8.699999809265137,7.800000190734863,8.399999618530273,8.399999618530273,461177
2025-02-05,15.899999618530273,18.899999618530273,7.5,9.0,9.0,8263240
2025-02-06,8.399999618530273,8.699999809265137,7.5,8.399999618530273,8.399999618530273,256550
2025-02-07,8.399999618530273,8.399999618530273,7.5,7.800000190734863,7.800000190734863,115847
2025-02-10,7.800000190734863,9.0,7.5,8.699999809265137,8.699999809265137,90093
2025-02-11,8.399999618530273,9.0,8.100000381469727,8.100000381469727,8.100000381469727,102507
2025-02-12,8.699999809265137,8.699999809265137,8.100000381469727,8.699999809265137,8.699999809265137,34537
2025-02-13,8.399999618530273,9.600000381469727,8.399999618530273,8.699999809265137,8.699999809265137,63360
2025-02-14,8.699999809265137,9.0,8.699999809265137,9.0,9.0,22957
2025-02-18,9.0,9.0,8.699999809265137,8.699999809265137,8.699999809265137,23363
2025-02-19,9.300000190734863,9.300000190734863,8.699999809265137,9.0,9.0,14407
2025-02-20,8.699999809265137,8.699999809265137,8.399999618530273,8.399999618530273,8.399999618530273,17370
2025-02-21,8.699999809265137,8.699999809265137,8.399999618530273,8.699999809265137,8.699999809265137,15133
2025-02-24,8.399999618530273,8.699999809265137,7.800000190734863,8.100000381469727,8.100000381469727,26880
2025-02-25,8.100000381469727,8.399999618530273,7.800000190734863,8.100000381469727,8.100000381469727,16500
2025-02-26,8.100000381469727,8.399999618530273,7.800000190734863,8.399999618530273,8.399999618530273,10037
2025-02-27,8.100000381469727,8.699999809265137,7.800000190734863,8.100000381469727,8.100000381469727,12850
2025-02-28,8.699999809265137,8.699999809265137,7.800000190734863,8.699999809265137,8.699999809265137,15650
2025-03-03,8.399999618530273,8.399999618530273,7.800000190734863,8.100000381469727,8.100000381469727,13173
2025-03-04,8.100000381469727,8.100000381469727,7.5,8.100000381469727,8.100000381469727,17213
2025-03-05,8.100000381469727,8.399999618530273,7.800000190734863,8.399999618530273,8.399999618530273,8107
2025-03-06,8.100000381469727,8.399999618530273,8.100000381469727,8.399999618530273,8.399999618530273,10410
2025-03-07,8.699999809265137,8.699999809265137,7.800000190734863,8.399999618530273,8.399999618530273,16987
2025-03-10,8.699999809265137,9.300000190734863,8.100000381469727,8.399999618530273,8.399999618530273,24107
2025-03-11,8.399999618530273,8.699999809265137,8.100000381469727,8.699999809265137,8.699999809265137,8123
2025-03-12,8.699999809265137,8.699999809265137,8.399999618530273,8.399999618530273,8.399999618530273,4830
2025-03-13,8.699999809265137,8.699999809265137,8.399999618530273,8.699999809265137,8.699999809265137,9160
2025-03-14,8.399999618530273,9.0,8.399999618530273,8.399999618530273,8.399999618530273,13990
2025-03-17,8.100000381469727,8.399999618530273,7.199999809265137,8.100000381469727,8.100000381469727,23643
2025-03-18,7.800000190734863,7.800000190734863,7.5,7.800000190734863,7.800000190734863,7277
2025-03-19,7.800000190734863,7.800000190734863,7.5,7.5,7.5,10227
2025-03-20,7.800000190734863,7.800000190734863,7.5,7.800000190734863,7.800000190734863,12223
2025-03-21,7.5,7.800000190734863,7.199999809265137,7.800000190734863,7.800000190734863,11250
2025-03-24,7.800000190734863,8.100000381469727,7.5,7.800000190734863,7.800000190734863,7440
2025-03-25,7.800000190734863,7.800000190734863,7.5,7.5,7.5,5833
2025-03-26,7.5,7.800000190734863,7.199999809265137,7.5,7.5,6737
2025-03-27,7.199999809265137,7.5,6.599999904632568,6.900000095367432,6.900000095367432,17130
2025-03-28,6.900000095367432,6.900000095367432,6.300000190734863,6.599999904632568,6.599999904632568,9193
2025-03-31,6.300000190734863,6.300000190734863,5.699999809265137,6.300000190734863,6.300000190734863,11637
2025-04-01,6.300000190734863,6.599999904632568,6.300000190734863,6.300000190734863,6.300000190734863,10200
2025-04-02,6.300000190734863,6.300000190734863,5.699999809265137,6.0,6.0,19243
2025-04-03,5.699999809265137,6.300000190734863,5.699999809265137,6.300000190734863,6.300000190734863,55580
2025-04-04,6.300000190734863,6.300000190734863,5.400000095367432,5.699999809265137,5.699999809265137,23553
2025-04-07,5.400000095367432,5.400000095367432,5.099999904632568,5.099999904632568,5.099999904632568,12057
2025-04-08,5.400000095367432,5.699999809265137,5.099999904632568,5.400000095367432,5.400000095367432,13453
2025-04-09,5.400000095367432,5.699999809265137,4.800000190734863,5.699999809265137,5.699999809265137,20197
2025-04-10,5.400000095367432,5.699999809265137,5.099999904632568,5.400000095367432,5.400000095367432,6020
2025-04-11,5.699999809265137,5.699999809265137,5.400000095367432,5.699999809265137,5.699999809265137,10313
2025-04-14,6.300000190734863,6.300000190734863,5.400000095367432,5.699999809265137,5.699999809265137,6813
2025-04-15,5.400000095367432,5.699999809265137,5.400000095367432,5.699999809265137,5.699999809265137,4070
2025-04-16,5.699999809265137,5.699999809265137,5.400000095367432,5.400000095367432,5.400000095367432,4737
2025-04-17,5.400000095367432,5.400000095367432,5.099999904632568,5.400000095367432,5.400000095367432,7133
2025-04-21,5.400000095367432,5.400000095367432,5.099999904632568,5.400000095367432,5.400000095367432,5123
2025-04-22,5.699999809265137,5.699999809265137,5.400000095367432,5.699999809265137,5.699999809265137,9180
2025-04-23,5.699999809265137,6.0,5.699999809265137,5.699999809265137,5.699999809265137,11200
2025-04-24,6.0,6.0,5.699999809265137,5.699999809265137,5.699999809265137,6790
2025-04-25,5.699999809265137,6.0,5.699999809265137,6.0,6.0,4633
2025-04-28,6.0,6.300000190734863,5.699999809265137,5.699999809265137,5.699999809265137,10440
2025-04-29,6.0,6.0,5.699999809265137,5.699999809265137,5.699999809265137,4690
2025-04-30,5.699999809265137,5.699999809265137,5.400000095367432,5.699999809265137,5.699999809265137,3880
2025-05-01,5.699999809265137,6.0,5.699999809265137,6.0,6.0,7033
2025-05-02,6.0,6.0,5.699999809265137,5.699999809265137,5.699999809265137,7983
2025-05-05,5.699999809265137,5.699999809265137,5.099999904632568,5.099999904632568,5.099999904632568,14467
2025-05-06,5.400000095367432,5.400000095367432,5.099999904632568,5.400000095367432,5.400000095367432,5437
2025-05-07,5.400000095367432,5.400000095367432,4.800000190734863,5.099999904632568,5.099999904632568,11293
2025-05-08,5.699999809265137,5.699999809265137,5.099999904632568,5.400000095367432,5.400000095367432,8127
2025-05-09,5.400000095367432,5.699999809265137,5.099999904632568,5.099999904632568,5.099999904632568,12163
2025-05-12,5.099999904632568,5.400000095367432,5.099999904632568,5.400000095367432,5.400000095367432,11843
2025-05-13,5.699999809265137,6.300000190734863,5.400000095367432,6.0,6.0,50107
2025-05-14,5.699999809265137,6.599999904632568,5.699999809265137,6.0,6.0,34293
2025-05-15,5.400000095367432,6.0,5.400000095367432,5.699999809265137,5.699999809265137,11497
2025-05-16,6.0,6.0,5.699999809265137,6.0,6.0,12930
2025-05-19,6.0,6.0,6.0,6.0,6.0,9583
2025-05-20,6.0,6.0,5.699999809265137,6.0,6.0,7133
2025-05-21,6.0,6.0,5.699999809265137,5.699999809265137,5.699999809265137,6767
2025-05-22,5.699999809265137,5.699999809265137,5.699999809265137,5.699999809265137,5.699999809265137,2127
2025-05-23,5.699999809265137,5.699999809265137,5.400000095367432,5.699999809265137,5.699999809265137,4657
2025-05-27,5.699999809265137,6.0,5.699999809265137,5.699999809265137,5.699999809265137,3720
2025-05-28,5.400000095367432,5.400000095367432,3.9000000953674316,4.199999809265137,4.199999809265137,110477
2025-05-29,3.9000000953674316,4.199999809265137,3.9000000953674316,3.9000000953674316,3.9000000953674316,40240
2025-05-30,4.199999809265137,4.199999809265137,3.299999952316284,3.5999999046325684,3.5999999046325684,45797
2025-06-02,8.100000381469727,9.600000381469727,4.800000190734863,5.099999904632568,5.099999904632568,9059057
2025-06-03,4.690000057220459,7.599999904632568,4.119999885559082,4.409999847412109,4.409999847412109,1358300
2025-06-04,3.5299999713897705,4.0,3.119999885559082,3.700000047683716,3.700000047683716,798700
2025-06-05,3.619999885559082,3.9000000953674316,3.3399999141693115,3.5299999713897705,3.5299999713897705,209500
2025-06-06,3.5899999141693115,4.340000152587891,3.4000000953674316,4.28000020980835,4.28000020980835,203400
2025-06-09,4.119999885559082,5.239999771118164,4.019999980926514,4.329999923706055,4.329999923706055,182400
2025-06-10,4.070000171661377,4.690000057220459,4.019999980926514,4.510000228881836,4.510000228881836,79200
2025-06-11,4.820000171661377,5.190000057220459,4.460000038146973,4.929999828338623,4.929999828338623,144600
2025-06-12,4.679999828338623,4.880000114440918,4.420000076293945,4.630000114440918,4.630000114440918,59900
2025-06-13,4.699999809265137,4.829999923706055,4.130000114440918,4.360000133514404,4.360000133514404,81000
2025-06-16,4.610000133514404,4.670000076293945,4.170000076293945,4.349999904632568,4.349999904632568,46400
2025-06-17,4.849999904632568,4.849999904632568,4.28000020980835,4.369999885559082,4.369999885559082,68300
2025-06-18,4.25,4.369999885559082,3.680000066757202,3.7100000381469727,3.7100000381469727,85600
2025-06-20,3.6700000762939453,3.7799999713897705,3.559999942779541,3.6500000953674316,3.6500000953674316,36000
2025-06-23,3.619999885559082,3.6600000858306885,3.4100000858306885,3.559999942779541,3.559999942779541,49800
2025-06-24,3.559999942779541,3.799999952316284,3.490000009536743,3.609999895095825,3.609999895095825,47300
2025-06-25,3.630000114440918,3.8299999237060547,3.4600000381469727,3.4600000381469727,3.4600000381469727,81700
2025-06-26,3.559999942779541,3.880000114440918,3.309999942779541,3.490000009536743,3.490000009536743,191100
2025-06-27,3.5399999618530273,4.190000057220459,3.309999942779541,4.050000190734863,4.050000190734863,309900
2025-06-30,3.880000114440918,4.0,3.5799999237060547,3.819999933242798,3.819999933242798,133300
2025-07-01,1.7899999618530273,1.7999999523162842,1.5399999618530273,1.5499999523162842,1.5499999523162842,15488500
2025-07-02,1.399999976158142,1.5,1.350000023841858,1.440000057220459,1.440000057220459,2253600
2025-07-03,1.5499999523162842,1.5800000429153442,1.4299999475479126,1.5299999713897705,1.5299999713897705,2000600
2025-07-07,1.5499999523162842,1.5700000524520874,1.3899999856948853,1.5399999618530273,1.5399999618530273,846300
2025-07-08,1.5,1.5399999618530273,1.4299999475479126,1.5,1.5,692100
2025-07-09,1.4500000476837158,1.5,1.399999976158142,1.4199999570846558,1.4199999570846558,416600
2025-07-10,1.4199999570846558,1.4900000095367432,1.409999966621399,1.4600000381469727,1.4600000381469727,229900
2025-07-11,1.4500000476837158,1.4700000286102295,1.3200000524520874,1.4199999570846558,1.4199999570846558,325800
2025-07-14,1.4199999570846558,1.4500000476837158,1.3700000047683716,1.409999966621399,1.409999966621399,311300
2025-07-15,1.399999976158142,1.409999966621399,1.309999942779541,1.340000033378601,1.340000033378601,197000
2025-07-16,1.350000023841858,1.4500000476837158,1.2999999523162842,1.4199999570846558,1.4199999570846558,1055500
2025-07-17,1.4199999570846558,1.4500000476837158,1.350000023841858,1.4299999475479126,1.4299999475479126,286300
2025-07-18,1.4500000476837158,1.4500000476837158,1.350000023841858,1.350000023841858,1.350000023841858,211400
2025-07-21,1.3899999856948853,1.3899999856948853,1.309999942779541,1.3200000524520874,1.3200000524520874,158000
2025-07-22,1.3700000047683716,1.399999976158142,1.309999942779541,1.3799999952316284,1.3799999952316284,173600
2025-07-23,1.399999976158142,1.440000057220459,1.3799999952316284,1.440000057220459,1.440000057220459,236600
2025-07-24,1.440000057220459,1.4900000095367432,1.399999976158142,1.4299999475479126,1.4299999475479126,400600
2025-07-25,1.4299999475479126,1.4600000381469727,1.350000023841858,1.3899999856948853,1.3899999856948853,141600
2025-07-28,1.399999976158142,1.4199999570846558,1.3600000143051147,1.3799999952316284,1.3799999952316284,146400
2025-07-29,1.409999966621399,1.409999966621399,1.350000023841858,1.3600000143051147,1.3600000143051147,160400
2025-07-30,1.3600000143051147,1.3799999952316284,1.2599999904632568,1.2899999618530273,1.2899999618530273,322300
2025-07-31,1.2899999618530273,1.3300000429153442,1.25,1.2599999904632568,1.2599999904632568,177200
2025-08-01,1.2400000095367432,1.2899999618530273,1.2300000190734863,1.25,1.25,113400
2025-08-04,1.2599999904632568,1.2799999713897705,1.25,1.2599999904632568,1.2599999904632568,75600
2025-08-05,1.25,1.340000033378601,1.25,1.3200000524520874,1.3200000524520874,100100
2025-08-06,1.2699999809265137,1.340000033378601,1.2599999904632568,1.309999942779541,1.309999942779541,117000
2025-08-07,1.2999999523162842,1.3300000429153442,1.2899999618530273,1.2999999523162842,1.2999999523162842,79100
2025-08-08,1.2999999523162842,1.350000023841858,1.0299999713897705,1.159999966621399,1.159999966621399,442300
2025-08-11,1.159999966621399,1.1799999475479126,1.149999976158142,1.1699999570846558,1.1699999570846558,130800
2025-08-12,1.1699999570846558,1.2000000476837158,1.1399999856948853,1.1699999570846558,1.1699999570846558,132300
2025-08-13,1.159999966621399,1.1699999570846558,1.1299999952316284,1.149999976158142,1.149999976158142,145300
2025-08-14,1.1799999475479126,1.190000057220459,1.1299999952316284,1.190000057220459,1.190000057220459,88700
2025-08-15,1.2000000476837158,1.2000000476837158,1.1299999952316284,1.149999976158142,1.149999976158142,72900
2025-08-18,1.1399999856948853,1.159999966621399,1.090000033378601,1.100000023841858,1.100000023841858,105600
2025-08-19,1.1100000143051147,1.1200000047683716,1.0299999713897705,1.059999942779541,1.059999942779541,148800
2025-08-20,1.059999942779541,1.090000033378601,1.0299999713897705,1.0800000429153442,1.0800000429153442,79100
2025-08-21,1.0700000524520874,1.100000023841858,1.0700000524520874,1.0800000429153442,1.0800000429153442,57000
2025-08-22,1.0700000524520874,1.1299999952316284,1.0700000524520874,1.100000023841858,1.100000023841858,64700
2025-08-25,1.1100000143051147,1.1200000047683716,1.090000033378601,1.1200000047683716,1.1200000047683716,87600
2025-08-26,1.1200000047683716,1.1299999952316284,1.100000023841858,1.1200000047683716,1.1200000047683716,58000
2025-08-27,1.1200000047683716,1.1200000047683716,1.100000023841858,1.100000023841858,1.100000023841858,19300
2025-08-28,1.1200000047683716,1.1299999952316284,1.0700000524520874,1.1200000047683716,1.1200000047683716,73000
2025-08-29,1.1100000143051147,1.1100000143051147,1.0299999713897705,1.0299999713897705,1.0299999713897705,119900
2025-09-02,1.0099999904632568,1.0700000524520874,1.0099999904632568,1.0499999523162842,1.0499999523162842,152300
2025-09-03,1.059999942779541,1.0700000524520874,1.0499999523162842,1.0700000524520874,1.0700000524520874,93800
2025-09-04,1.0700000524520874,1.0800000429153442,1.0199999809265137,1.059999942779541,1.059999942779541,70700
2025-09-05,1.059999942779541,1.090000033378601,1.0499999523162842,1.0800000429153442,1.0800000429153442,81700
2025-09-08,1.1100000143051147,1.1799999475479126,1.100000023841858,1.1699999570846558,1.1699999570846558,243600
2025-09-09,1.159999966621399,1.1699999570846558,1.149999976158142,1.1699999570846558,1.1699999570846558,77400
2025-09-10,1.1699999570846558,1.1699999570846558,1.1200000047683716,1.1399999856948853,1.1399999856948853,76800
2025-09-11,1.100000023841858,1.159999966621399,1.100000023841858,1.149999976158142,1.149999976158142,77000
2025-09-12,1.100000023841858,1.25,1.100000023841858,1.2100000381469727,1.2100000381469727,236700
2025-09-15,1.2200000286102295,1.340000033378601,1.2100000381469727,1.2699999809265137,1.2699999809265137,321700
2025-09-16,1.2699999809265137,1.309999942779541,1.2200000286102295,1.2999999523162842,1.2999999523162842,146800
2025-09-17,1.2899999618530273,1.3200000524520874,1.25,1.2599999904632568,1.2599999904632568,97500
2025-09-18,1.2799999713897705,1.2899999618530273,1.2100000381469727,1.2100000381469727,1.2100000381469727,138900
2025-09-19,1.2400000095367432,1.2799999713897705,1.190000057220459,1.190000057220459,1.190000057220459,102700
2025-09-22,1.2200000286102295,1.340000033378601,1.159999966621399,1.340000033378601,1.340000033378601,237700
2025-09-23,1.3200000524520874,1.440000057220459,1.3200000524520874,1.350000023841858,1.350000023841858,405800
2025-09-24,1.340000033378601,1.340000033378601,1.2599999904632568,1.2999999523162842,1.2999999523162842,114900
2025-09-25,1.2799999713897705,1.309999942779541,1.25,1.2799999713897705,1.2799999713897705,87300
2025-09-26,1.2599999904632568,1.3600000143051147,1.2400000095367432,1.2699999809265137,1.2699999809265137,74900
2025-09-29,1.2699999809265137,1.340000033378601,1.2599999904632568,1.340000033378601,1.340000033378601,113800
2025-09-30,1.309999942779541,1.3300000429153442,1.2999999523162842,1.309999942779541,1.309999942779541,56400
2025-10-01,1.309999942779541,1.4299999475479126,1.2999999523162842,1.4199999570846558,1.4199999570846558,172700
2025-10-02,1.4199999570846558,1.4199999570846558,1.3300000429153442,1.350000023841858,1.350000023841858,105800
2025-10-03,1.3700000047683716,1.3700000047683716,1.2599999904632568,1.309999942779541,1.309999942779541,196200
2025-10-06,1.2599999904632568,1.3200000524520874,1.2599999904632568,1.2999999523162842,1.2999999523162842,121700
2025-10-07,1.309999942779541,1.3899999856948853,1.2699999809265137,1.3700000047683716,1.3700000047683716,1942200
2025-10-08,1.3700000047683716,1.4500000476837158,1.3300000429153442,1.3899999856948853,1.3899999856948853,414400
2025-10-09,1.409999966621399,1.409999966621399,1.3700000047683716,1.3899999856948853,1.3899999856948853,88000
2025-10-10,1.3899999856948853,1.399999976158142,1.2799999713897705,1.2999999523162842,1.2999999523162842,165700
2025-10-13,1.2699999809265137,1.3200000524520874,1.2699999809265137,1.2899999618530273,1.2899999618530273,65400
2025-10-14,1.309999942779541,1.3899999856948853,1.2899999618530273,1.3899999856948853,1.3899999856948853,249900
2025-10-15,1.3600000143051147,1.3899999856948853,1.3200000524520874,1.3600000143051147,1.3600000143051147,110100
2025-10-16,1.3600000143051147,1.3600000143051147,1.2999999523162842,1.2999999523162842,1.2999999523162842,44000
2025-10-17,1.2999999523162842,1.2999999523162842,1.25,1.2599999904632568,1.2599999904632568,66500
2025-10-20,1.2599999904632568,1.3600000143051147,1.2599999904632568,1.350000023841858,1.350000023841858,64500
2025-10-21,1.4500000476837158,1.4500000476837158,1.309999942779541,1.3700000047683716,1.3700000047683716,221300
2025-10-22,1.3200000524520874,1.3600000143051147,1.2799999713897705,1.2899999618530273,1.2899999618530273,95000
2025-10-23,1.2899999618530273,1.309999942779541,1.2599999904632568,1.2799999713897705,1.2799999713897705,44700
2025-10-24,1.2899999618530273,1.3200000524520874,1.2699999809265137,1.3200000524520874,1.3200000524520874,37800
2025-10-27,1.3200000524520874,1.340000033378601,1.2899999618530273,1.3300000429153442,1.3300000429153442,38800
2025-10-28,1.309999942779541,1.340000033378601,1.2899999618530273,1.2999999523162842,1.2999999523162842,19600
2025-10-29,1.2899999618530273,1.3300000429153442,1.2699999809265137,1.2899999618530273,1.2899999618530273,38100
2025-10-30,1.2699999809265137,1.2899999618530273,1.2000000476837158,1.2300000190734863,1.2300000190734863,89200
2025-10-31,1.2000000476837158,1.2300000190734863,1.190000057220459,1.2300000190734863,1.2300000190734863,44000
2025-11-03,1.2300000190734863,1.2300000190734863,1.190000057220459,1.2200000286102295,1.2200000286102295,44500
2025-11-04,1.2000000476837158,1.2100000381469727,1.1100000143051147,1.1299999952316284,1.1299999952316284,56500
2025-11-05,1.1399999856948853,1.1699999570846558,1.1299999952316284,1.1399999856948853,1.1399999856948853,19000
2025-11-06,1.149999976158142,1.149999976158142,1.0800000429153442,1.1200000047683716,1.1200000047683716,47200
2025-11-07,1.059999942779541,1.1399999856948853,1.059999942779541,1.1200000047683716,1.1200000047683716,68000
2025-11-10,1.0800000429153442,1.149999976158142,1.0800000429153442,1.1200000047683716,1.1200000047683716,25100
2025-11-11,1.1399999856948853,1.159999966621399,1.1200000047683716,1.1299999952316284,1.1299999952316284,17000
2025-11-12,1.159999966621399,1.2000000476837158,1.149999976158142,1.159999966621399,1.159999966621399,35600
2025-11-13,1.2200000286102295,1.2200000286102295,1.1100000143051147,1.1399999856948853,1.1399999856948853,31500
2025-11-14,1.090000033378601,1.149999976158142,1.090000033378601,1.1200000047683716,1.1200000047683716,16300
2025-11-17,1.1100000143051147,1.1299999952316284,1.090000033378601,1.1100000143051147,1.1100000143051147,17400
2025-11-18,1.100000023841858,1.100000023841858,1.0800000429153442,1.0800000429153442,1.0800000429153442,19700
2025-11-19,1.0700000524520874,1.090000033378601,0.9399999976158142,1.0,1.0,160300
2025-11-20,1.0,1.0700000524520874,0.9100000262260437,0.9100000262260437,0.9100000262260437,169200
2025-11-21,0.9399999976158142,0.9399999976158142,0.8199999928474426,0.8999999761581421,0.8999999761581421,47500
2025-11-24,0.8999999761581421,0.949999988079071,0.8999999761581421,0.9399999976158142,0.9399999976158142,50600
2025-11-25,1.059999942779541,1.059999942779541,0.9300000071525574,0.9399999976158142,0.9399999976158142,39500
2025-11-26,0.9399999976158142,0.9599999785423279,0.9100000262260437,0.9100000262260437,0.9100000262260437,19400
2025-11-28,0.9599999785423279,0.9599999785423279,0.8399999737739563,0.8700000047683716,0.8700000047683716,65800
2025-12-01,0.8799999952316284,0.8899999856948853,0.8399999737739563,0.8399999737739563,0.8399999737739563,58200
2025-12-02,0.8500000238418579,0.8600000143051147,0.8500000238418579,0.8500000238418579,0.8500000238418579,21200
2025-12-03,0.8600000143051147,0.8899999856948853,0.8500000238418579,0.8600000143051147,0.8600000143051147,34400
2025-12-04,0.8700000047683716,0.8899999856948853,0.8500000238418579,0.8500000238418579,0.8500000238418579,52600
2025-12-05,0.8600000143051147,1.0299999713897705,0.8600000143051147,0.8799999952316284,0.8799999952316284,239200
2025-12-08,0.9200000166893005,0.9800000190734863,0.8799999952316284,0.9800000190734863,0.9800000190734863,113100
2025-12-09,0.9800000190734863,1.0,0.9399999976158142,0.9900000095367432,0.9900000095367432,87300
2025-12-10,0.9700000286102295,0.9900000095367432,0.9300000071525574,0.9700000286102295,0.9700000286102295,56400
2025-12-11,0.949999988079071,0.9599999785423279,0.9300000071525574,0.9300000071525574,0.9300000071525574,14900
2025-12-12,0.9399999976158142,0.9900000095367432,0.8600000143051147,0.9100000262260437,0.9100000262260437,403300
2025-12-15,0.8899999856948853,0.8899999856948853,0.8299999833106995,0.8399999737739563,0.8399999737739563,174600
2025-12-16,0.8399999737739563,0.8500000238418579,0.8199999928474426,0.8299999833106995,0.8299999833106995,52900
2025-12-17,0.8199999928474426,0.8299999833106995,0.8199999928474426,0.8199999928474426,0.8199999928474426,42000
2025-12-18,0.8199999928474426,0.8399999737739563,0.8199999928474426,0.8199999928474426,0.8199999928474426,26800
2025-12-19,0.8399999737739563,0.8899999856948853,0.8399999737739563,0.8799999952316284,0.8799999952316284,44800
2025-12-22,0.8899999856948853,0.8899999856948853,0.8299999833106995,0.8299999833106995,0.8299999833106995,131500
2025-12-23,0.8399999737739563,0.8399999737739563,0.8199999928474426,0.8299999833106995,0.8299999833106995,36000
2025-12-24,0.8199999928474426,0.8500000238418579,0.8199999928474426,0.8399999737739563,0.8399999737739563,34300
2025-12-26,0.8299999833106995,0.8799999952316284,0.8299999833106995,0.8600000143051147,0.8600000143051147,78300
2025-12-29,0.8500000238418579,0.8500000238418579,0.8100000023841858,0.8199999928474426,0.8199999928474426,73700
2025-12-30,0.8100000023841858,0.8199999928474426,0.7400000095367432,0.75,0.75,205300
2025-12-31,0.7400000095367432,0.7799999713897705,0.7400000095367432,0.7799999713897705,0.7799999713897705,53600
2026-01-02,0.8399999737739563,0.8399999737739563,0.800000011920929,0.8399999737739563,0.8399999737739563,53000
2026-01-05,0.8299999833106995,0.8799999952316284,0.8199999928474426,0.8700000047683716,0.8700000047683716,45400
2026-01-06,0.8700000047683716,0.9100000262260437,0.8600000143051147,0.8700000047683716,0.8700000047683716,52800
2026-01-07,0.8799999952316284,0.8899999856948853,0.8799999952316284,0.8799999952316284,0.8799999952316284,11200
2026-01-08,0.8799999952316284,0.8799999952316284,0.8399999737739563,0.8500000238418579,0.8500000238418579,28700
2026-01-09,0.8600000143051147,0.8600000143051147,0.8100000023841858,0.8299999833106995,0.8299999833106995,47100
2026-01-12,0.8600000143051147,0.8700000047683716,0.8199999928474426,0.8600000143051147,0.8600000143051147,41600
2026-01-13,0.8600000143051147,0.8799999952316284,0.8500000238418579,0.8799999952316284,0.8799999952316284,11500
2026-01-14,0.9100000262260437,0.9300000071525574,0.8899999856948853,0.9200000166893005,0.9200000166893005,32300
2026-01-15,0.9300000071525574,0.9399999976158142,0.9100000262260437,0.9399999976158142,0.9399999976158142,20800
2026-01-16,0.9300000071525574,0.949999988079071,0.8799999952316284,0.949999988079071,0.949999988079071,30200
2026-01-20,0.949999988079071,0.9700000286102295,0.8999999761581421,0.9700000286102295,0.9700000286102295,27100
2026-01-21,0.9800000190734863,1.0299999713897705,0.949999988079071,0.9900000095367432,0.9900000095367432,145700
2026-01-22,0.9800000190734863,1.0099999904632568,0.8500000238418579,0.9300000071525574,0.9300000071525574,16471600
2026-01-23,0.8600000143051147,0.8999999761581421,0.800000011920929,0.8600000143051147,0.8600000143051147,641400
2026-01-26,0.800000011920929,0.8399999737739563,0.7799999713897705,0.8100000023841858,0.8100000023841858,161500
2026-01-27,0.8299999833106995,0.8299999833106995,0.7699999809265137,0.8100000023841858,0.8100000023841858,111100
2026-01-28,0.8199999928474426,0.8500000238418579,0.7799999713897705,0.8399999737739563,0.8399999737739563,184200
2026-01-29,0.8100000023841858,0.8399999737739563,0.7799999713897705,0.8199999928474426,0.8199999928474426,154600
2026-01-30,0.8100000023841858,0.8399999737739563,0.7900000214576721,0.8399999737739563,0.8399999737739563,60000
2026-02-02,0.8399999737739563,0.8399999737739563,0.800000011920929,0.8399999737739563,0.8399999737739563,28000
2026-02-03,0.7799999713897705,0.8199999928474426,0.7400000095367432,0.7799999713897705,0.7799999713897705,118500
2026-02-04,0.7799999713897705,0.7799999713897705,0.7400000095367432,0.75,0.75,71300
2026-02-05,0.7400000095367432,0.7400000095367432,0.6299999952316284,0.6499999761581421,0.6499999761581421,116000
2026-02-06,0.6899999976158142,0.7599999904632568,0.6299999952316284,0.7300000190734863,0.7300000190734863,167300
2026-02-09,0.7599999904632568,0.7599999904632568,0.6499999761581421,0.6899999976158142,0.6899999976158142,118300
2026-02-10,0.6899999976158142,0.7200000286102295,0.6700000166893005,0.7200000286102295,0.7200000286102295,73100
2026-02-11,0.75,0.75,0.6600000262260437,0.6600000262260437,0.6600000262260437,28000
2026-02-12,0.6600000262260437,0.6700000166893005,0.6100000143051147,0.6499999761581421,0.6499999761581421,61300
2026-02-13,0.6499999761581421,0.6600000262260437,0.6399999856948853,0.6600000262260437,0.6600000262260437,22000
2026-02-17,0.6700000166893005,0.6700000166893005,0.6200000047683716,0.6399999856948853,0.6399999856948853,40500
2026-02-18,0.6399999856948853,0.7200000286102295,0.6299999952316284,0.7200000286102295,0.7200000286102295,130300
2026-02-19,0.7200000286102295,0.7200000286102295,0.6600000262260437,0.6899999976158142,0.6899999976158142,20800
2026-02-20,0.6800000071525574,0.6899999976158142,0.6600000262260437,0.6899999976158142,0.6899999976158142,19700
2026-02-23,0.6800000071525574,0.6899999976158142,0.6299999952316284,0.6499999761581421,0.6499999761581421,27100
2026-02-24,0.7400000095367432,0.7400000095367432,0.6700000166893005,0.7099999785423279,0.7099999785423279,62600
2026-02-25,0.7400000095367432,1.0099999904632568,0.6899999976158142,0.7900000214576721,0.7900000214576721,6451300
2026-02-26,0.800000011920929,0.9300000071525574,0.7799999713897705,0.8799999952316284,0.8799999952316284,657800
2026-02-27,0.8399999737739563,0.8700000047683716,0.7900000214576721,0.8399999737739563,0.8399999737739563,186000
2026-03-02,0.7799999713897705,0.8299999833106995,0.7799999713897705,0.8299999833106995,0.8299999833106995,58600
2026-03-03,0.8399999737739563,0.8399999737739563,0.7799999713897705,0.8299999833106995,0.8299999833106995,75000
2026-03-04,0.8700000047683716,0.8700000047683716,0.800000011920929,0.8600000143051147,0.8600000143051147,97300
2026-03-05,0.8299999833106995,0.8899999856948853,0.7900000214576721,0.8899999856948853,0.8899999856948853,192100
2026-03-06,0.8399999737739563,0.9399999976158142,0.8399999737739563,0.8999999761581421,0.8999999761581421,208400
2026-03-09,0.8799999952316284,0.9800000190734863,0.8799999952316284,0.9599999785423279,0.9599999785423279,278500
2026-03-10,0.9900000095367432,1.0099999904632568,0.8999999761581421,0.9800000190734863,0.9800000190734863,350400
2026-03-11,1.0399999618530273,1.1100000143051147,0.8500000238418579,0.8799999952316284,0.8799999952316284,1528300
2026-03-12,0.9900000095367432,1.0399999618530273,0.9300000071525574,0.9599999785423279,0.9599999785423279,1228300
2026-03-13,0.9900000095367432,0.9900000095367432,0.8500000238418579,0.8899999856948853,0.8899999856948853,400000
2026-03-16,0.8899999856948853,0.8899999856948853,0.7799999713897705,0.800000011920929,0.800000011920929,233600
2026-03-17,0.7599999904632568,0.800000011920929,0.75,0.7799999713897705,0.7799999713897705,167800
2026-03-18,0.7599999904632568,0.7900000214576721,0.7300000190734863,0.7900000214576721,0.7900000214576721,117700
2026-03-19,0.7699999809265137,0.800000011920929,0.7400000095367432,0.75,0.75,42800
2026-03-20,0.7400000095367432,0.75,0.6800000071525574,0.75,0.75,134300
2026-03-23,0.75,0.75,0.6600000262260437,0.6800000071525574,0.6800000071525574,170800
2026-03-24,0.6700000166893005,0.7099999785423279,0.6499999761581421,0.6499999761581421,0.6499999761581421,63500
2026-03-25,0.6499999761581421,0.6800000071525574,0.6100000143051147,0.6200000047683716,0.6200000047683716,173700
2026-03-26,0.6299999952316284,0.6399999856948853,0.5799999833106995,0.5799999833106995,0.5799999833106995,198500
2026-03-27,0.5899999737739563,0.5899999737739563,0.5199999809265137,0.5299999713897705,0.5299999713897705,76000
2026-03-30,0.5199999809265137,0.550000011920929,0.5,0.5,0.5,56900
2026-03-31,0.5,0.5699999928474426,0.5,0.5600000023841858,0.5600000023841858,129600
2026-04-01,0.5699999928474426,0.5799999833106995,0.550000011920929,0.550000011920929,0.550000011920929,58600
2026-04-02,0.5400000214576721,0.5799999833106995,0.5299999713897705,0.5600000023841858,0.5600000023841858,80500
2026-04-06,0.5600000023841858,0.6200000047683716,0.5600000023841858,0.5799999833106995,0.5799999833106995,74600
2026-04-07,0.5400000214576721,0.6200000047683716,0.5400000214576721,0.5699999928474426,0.5699999928474426,40400
2026-04-08,0.6200000047683716,0.6299999952316284,0.5699999928474426,0.6000000238418579,0.6000000238418579,76800
2026-04-09,0.6499999761581421,0.6499999761581421,0.6100000143051147,0.6200000047683716,0.6200000047683716,34800
2026-04-10,0.6200000047683716,0.6399999856948853,0.6000000238418579,0.6000000238418579,0.6000000238418579,20300
2026-04-13,0.5699999928474426,0.6899999976158142,0.5699999928474426,0.6800000071525574,0.6800000071525574,108200
2026-04-14,0.6899999976158142,0.6899999976158142,0.6299999952316284,0.6600000262260437,0.6600000262260437,55200
2026-04-15,0.6299999952316284,0.6800000071525574,0.6299999952316284,0.6800000071525574,0.6800000071525574,26300
2026-04-16,0.6899999976158142,0.699999988079071,0.6800000071525574,0.6800000071525574,0.6800000071525574,51000
2026-04-17,0.699999988079071,0.7699999809265137,0.6899999976158142,0.7200000286102295,0.7200000286102295,185900
2026-04-20,0.7699999809265137,0.7900000214576721,0.699999988079071,0.7099999785423279,0.7099999785423279,122900
2026-04-21,0.7099999785423279,0.7200000286102295,0.6600000262260437,0.6600000262260437,0.6600000262260437,58200
2026-04-22,0.6899999976158142,0.699999988079071,0.6600000262260437,0.6700000166893005,0.6700000166893005,29200
2026-04-23,0.6600000262260437,0.6800000071525574,0.6299999952316284,0.6299999952316284,0.6299999952316284,23900
2026-04-24,0.6800000071525574,0.6800000071525574,0.6200000047683716,0.6399999856948853,0.6399999856948853,35100
2026-04-27,0.6499999761581421,0.6600000262260437,0.6299999952316284,0.6299999952316284,0.6299999952316284,23700
2026-04-28,0.6299999952316284,0.6399999856948853,0.6100000143051147,0.6100000143051147,0.6100000143051147,35500
2026-04-29,0.6299999952316284,0.6399999856948853,0.6000000238418579,0.6000000238418579,0.6000000238418579,25400
2026-04-30,0.6000000238418579,0.6000000238418579,0.5699999928474426,0.5899999737739563,0.5899999737739563,87900
2026-05-01,0.6000000238418579,0.6299999952316284,0.6000000238418579,0.6200000047683716,0.6200000047683716,32800
2026-05-04,0.6299999952316284,0.6299999952316284,0.6000000238418579,0.6200000047683716,0.6200000047683716,20800
2026-05-05,0.6200000047683716,0.6499999761581421,0.6100000143051147,0.6399999856948853,0.6399999856948853,40500
2026-05-06,0.6499999761581421,0.6499999761581421,0.6200000047683716,0.6200000047683716,0.6200000047683716,26800
2026-05-07,0.6299999952316284,0.6600000262260437,0.6100000143051147,0.6100000143051147,0.6100000143051147,56600
2026-05-08,0.6200000047683716,0.6299999952316284,0.5899999737739563,0.6000000238418579,0.6000000238418579,62800
2026-05-11,0.5899999737739563,0.6000000238418579,0.5600000023841858,0.5600000023841858,0.5600000023841858,98500
2026-05-12,0.5600000023841858,0.6299999952316284,0.5600000023841858,0.5899999737739563,0.5899999737739563,65100
2026-05-13,0.5699999928474426,0.5799999833106995,0.550000011920929,0.5699999928474426,0.5699999928474426,70400
2026-05-14,0.5600000023841858,0.6000000238418579,0.5600000023841858,0.5699999928474426,0.5699999928474426,85800
2026-05-15,0.5799999833106995,0.6200000047683716,0.5600000023841858,0.5899999737739563,0.5899999737739563,52100
2026-05-18,0.5899999737739563,0.6200000047683716,0.5699999928474426,0.5699999928474426,0.5699999928474426,58000
2026-05-19,0.5899999737739563,0.5899999737739563,0.5699999928474426,0.5699999928474426,0.5699999928474426,14300
2026-05-20,0.5699999928474426,0.6000000238418579,0.5600000023841858,0.5799999833106995,0.5799999833106995,43800
2026-05-21,0.5799999833106995,0.6000000238418579,0.5699999928474426,0.5899999737739563,0.5899999737739563,48400
2026-05-22,0.5899999737739563,0.6100000143051147,0.5899999737739563,0.6000000238418579,0.6000000238418579,35400
2026-05-26,0.6000000238418579,0.6000000238418579,0.5799999833106995,0.5899999737739563,0.5899999737739563,41600
2026-05-27,0.6499999761581421,0.6499999761581421,0.5799999833106995,0.5899999737739563,0.5899999737739563,35100
2026-05-28,0.5799999833106995,0.6100000143051147,0.5799999833106995,0.6000000238418579,0.6000000238418579,75300
2026-05-29,0.6100000143051147,0.6100000143051147,0.5799999833106995,0.6100000143051147,0.6100000143051147,26200
2026-06-01,0.6100000143051147,0.6399999856948853,0.6000000238418579,0.6100000143051147,0.6100000143051147,244400
2026-06-02,0.6100000143051147,0.6299999952316284,0.6000000238418579,0.6100000143051147,0.6100000143051147,70300
2026-06-03,0.6000000238418579,0.6200000047683716,0.5799999833106995,0.6100000143051147,0.6100000143051147,43700
2026-06-04,0.5799999833106995,0.6200000047683716,0.5799999833106995,0.6000000238418579,0.6000000238418579,29000
2026-06-05,0.6299999952316284,0.6299999952316284,0.5899999737739563,0.5899999737739563,0.5899999737739563,27000
2026-06-08,0.6100000143051147,0.6100000143051147,0.5799999833106995,0.6000000238418579,0.6000000238418579,24700
2026-06-09,0.5899999737739563,0.6000000238418579,0.5799999833106995,0.6000000238418579,0.6000000238418579,24700
2026-06-10,0.6000000238418579,0.6000000238418579,0.5799999833106995,0.5899999737739563,0.5899999737739563,44100
2026-06-11,0.5899999737739563,0.6200000047683716,0.5899999737739563,0.6200000047683716,0.6200000047683716,50100
2026-06-12,0.6000000238418579,0.6200000047683716,0.6000000238418579,0.6200000047683716,0.6200000047683716,28100
2026-06-15,0.6200000047683716,0.6299999952316284,0.6200000047683716,0.6200000047683716,0.6200000047683716,49500
2026-06-16,0.5899999737739563,0.6200000047683716,0.5899999737739563,0.6100000143051147,0.6100000143051147,50800
2026-06-17,0.6000000238418579,0.6299999952316284,0.6000000238418579,0.6100000143051147,0.6100000143051147,26400
2026-06-18,0.6200000047683716,0.6200000047683716,0.550000011920929,0.550000011920929,0.550000011920929,94000
2026-06-22,0.5699999928474426,0.6100000143051147,0.5600000023841858,0.5799999833106995,0.5799999833106995,70900
2026-06-23,0.5899999737739563,0.6000000238418579,0.5699999928474426,0.5899999737739563,0.5899999737739563,24100
2026-06-24,0.6000000238418579,0.6000000238418579,0.5899999737739563,0.5899999737739563,0.5899999737739563,31200
2026-06-25,0.5799999833106995,0.5899999737739563,0.5699999928474426,0.5699999928474426,0.5699999928474426,29600
2026-06-26,0.5699999928474426,0.5899999737739563,0.550000011920929,0.5899999737739563,0.5899999737739563,39400
2026-06-29,0.5899999737739563,0.5899999737739563,0.5799999833106995,0.5899999737739563,0.5899999737739563,44800
2026-06-30,0.6000000238418579,0.6000000238418579,0.5799999833106995,0.5799999833106995,0.5799999833106995,48500
2026-07-01,0.5799999833106995,0.6100000143051147,0.5799999833106995,0.6100000143051147,0.6100000143051147,70500
2026-07-02,0.6100000143051147,0.6100000143051147,0.550000011920929,0.5899999737739563,0.5899999737739563,35400
2026-07-06,0.5899999737739563,0.6100000143051147,0.5699999928474426,0.5799999833106995,0.5799999833106995,34100
2026-07-07,0.5899999737739563,0.5899999737739563,0.5699999928474426,0.5699999928474426,0.5699999928474426,35000
2026-07-08,0.5799999833106995,0.5899999737739563,0.5699999928474426,0.5899999737739563,0.5899999737739563,18800
2026-07-09,0.5699999928474426,0.5899999737739563,0.5699999928474426,0.5799999833106995,0.5799999833106995,15700
2026-07-10,0.5799999833106995,0.6000000238418579,0.5799999833106995,0.5899999737739563,0.5899999737739563,11300
