date,open,high,low,close,adjclose,volume
2021-08-02,29.079999923706055,29.635000228881836,29.040000915527344,29.530000686645508,24.0667781829834,1761600
2021-08-03,29.280000686645508,29.579999923706055,29.010000228881836,29.510000228881836,24.050477981567383,1386700
2021-08-04,29.31999969482422,29.31999969482422,28.610000610351562,28.6299991607666,23.333282470703125,1851700
2021-08-05,28.639999389648438,29.579999923706055,28.5,29.559999465942383,24.091228485107422,2190600
2021-08-06,29.489999771118164,29.780000686645508,29.170000076293945,29.5,24.042329788208008,1298600
2021-08-09,29.780000686645508,30.0,28.920000076293945,29.100000381469727,23.716333389282227,1982600
2021-08-10,29.079999923706055,30.485000610351562,28.920000076293945,30.350000381469727,24.735074996948242,2980200
2021-08-11,30.350000381469727,30.399999618530273,29.719999313354492,29.93000030517578,24.392778396606445,1868800
2021-08-12,31.059999465942383,34.0,31.0,33.5,27.30230140686035,7826700
2021-08-13,33.5,34.4900016784668,32.86000061035156,34.209999084472656,27.880945205688477,3441500
2021-08-16,34.2400016784668,34.790000915527344,33.90999984741211,34.33000183105469,27.978748321533203,2742100
2021-08-17,34.7400016784668,35.81999969482422,34.439998626708984,35.380001068115234,28.834497451782227,4683500
2021-08-18,35.880001068115234,36.4900016784668,33.54199981689453,33.59000015258789,27.375654220581055,4685000
2021-08-19,33.400001525878906,34.56700134277344,33.01499938964844,34.099998474121094,27.791296005249023,2501300
2021-08-20,33.95000076293945,34.459999084472656,33.150001525878906,33.220001220703125,27.298261642456055,2354600
2021-08-23,33.54999923706055,33.790000915527344,32.86000061035156,33.2400016784668,27.314693450927734,2473600
2021-08-24,33.349998474121094,33.81999969482422,32.959999084472656,33.15999984741211,27.248947143554688,2117500
2021-08-25,33.0099983215332,33.61000061035156,32.369998931884766,33.29999923706055,27.363996505737305,1929400
2021-08-26,33.220001220703125,34.36000061035156,33.220001220703125,33.959999084472656,27.906347274780273,1607900
2021-08-27,33.97999954223633,34.31999969482422,33.72999954223633,34.25,28.144651412963867,1165700
2021-08-30,34.09000015258789,34.2400016784668,33.65999984741211,33.720001220703125,27.709135055541992,1069000
2021-08-31,33.540000915527344,34.097999572753906,33.41999816894531,33.88999938964844,27.84882164001465,1694600
2021-09-01,34.45000076293945,35.369998931884766,34.2599983215332,34.560001373291016,28.399394989013672,2738500
2021-09-02,35.119998931884766,35.63999938964844,34.349998474121094,35.61000061035156,29.26222038269043,2560100
2021-09-03,35.470001220703125,35.650001525878906,34.86000061035156,35.61000061035156,29.26222038269043,1466400
2021-09-07,35.279998779296875,35.75,34.869998931884766,35.63999938964844,29.286869049072266,2247200
2021-09-08,35.529998779296875,35.529998779296875,34.75,34.970001220703125,28.736310958862305,2185000
2021-09-09,34.970001220703125,35.0,34.2400016784668,34.68000030517578,28.49800682067871,1573500
2021-09-10,34.90999984741211,35.0,33.869998931884766,33.880001068115234,27.840604782104492,1658400
2021-09-13,34.16999816894531,34.18000030517578,33.53099822998047,33.83000183105469,27.79952049255371,1950100
2021-09-14,33.75,33.880001068115234,33.25,33.41999816894531,27.462602615356445,1570200
2021-09-15,33.5,34.2599983215332,33.2400016784668,33.720001220703125,27.709135055541992,1953200
2021-09-16,33.88999938964844,34.09000015258789,33.02000045776367,33.7599983215332,27.741992950439453,1280600
2021-09-17,33.70000076293945,34.08000183105469,33.2599983215332,34.029998779296875,27.963865280151367,4341400
2021-09-20,33.2400016784668,33.70000076293945,32.77000045776367,32.939998626708984,27.068164825439453,1937300
2021-09-21,33.189998626708984,33.38999938964844,32.75,32.88999938964844,27.027082443237305,1162900
2021-09-22,33.09000015258789,33.2400016784668,32.59000015258789,32.650001525878906,26.82986831665039,1332100
2021-09-23,32.7599983215332,33.470001220703125,32.68000030517578,33.380001068115234,27.429733276367188,1608400
2021-09-24,33.5,33.95000076293945,33.0,33.689998626708984,27.68447494506836,1888100
2021-09-27,33.689998626708984,33.869998931884766,33.41999816894531,33.540000915527344,27.56121826171875,1281300
2021-09-28,33.5,33.52000045776367,32.89500045776367,33.040000915527344,27.150341033935547,1286800
2021-09-29,33.02000045776367,34.0,33.0099983215332,33.97999954223633,27.92277717590332,1306300
2021-09-30,33.92499923706055,34.16999816894531,32.779998779296875,32.790000915527344,26.94490623474121,1481600
2021-10-01,32.880001068115234,33.599998474121094,32.560001373291016,33.33000183105469,27.388648986816406,1497500
2021-10-04,33.18000030517578,33.58000183105469,32.81999969482422,32.939998626708984,27.068164825439453,1784800
2021-10-05,32.68000030517578,33.13999938964844,32.4900016784668,32.529998779296875,26.731252670288086,2452800
2021-10-06,32.22999954223633,33.13999938964844,31.920000076293945,33.06999969482422,27.17499351501465,2533300
2021-10-07,32.9900016784668,33.31999969482422,32.7400016784668,32.84000015258789,26.985990524291992,1339600
2021-10-08,32.790000915527344,32.869998931884766,32.220001220703125,32.56999969482422,26.76412582397461,1249000
2021-10-11,32.58000183105469,33.25699996948242,32.54999923706055,33.209999084472656,27.290035247802734,1319400
2021-10-12,33.18000030517578,33.540000915527344,32.7599983215332,32.84000015258789,26.985990524291992,1271300
2021-10-13,33.0,33.32500076293945,32.65999984741211,33.150001525878906,27.240734100341797,1251100
2021-10-14,33.150001525878906,33.939998626708984,33.099998474121094,33.63999938964844,27.643386840820312,1624700
2021-10-15,33.959999084472656,35.25,33.7599983215332,34.88999938964844,28.670560836791992,1675900
2021-10-18,34.81999969482422,35.119998931884766,34.459999084472656,34.79999923706055,28.59661102294922,1236200
2021-10-19,34.83000183105469,35.38999938964844,34.70000076293945,35.060001373291016,28.81026268005371,1246500
2021-10-20,35.189998626708984,36.220001220703125,34.97999954223633,35.7599983215332,29.385475158691406,1161000
2021-10-21,35.65999984741211,35.75,35.130001068115234,35.36000061035156,29.056785583496094,1100500
2021-10-22,35.33000183105469,35.790000915527344,35.11000061035156,35.65999984741211,29.303302764892578,765500
2021-10-25,35.4900016784668,36.959999084472656,35.40999984741211,36.90999984741211,30.330486297607422,1497900
2021-10-26,36.779998779296875,37.34000015258789,36.5,36.709999084472656,30.166135787963867,1598500
2021-10-27,36.70000076293945,36.70000076293945,35.51499938964844,35.720001220703125,29.352615356445312,1013500
2021-10-28,35.86000061035156,36.68000030517578,35.619998931884766,36.52000045776367,30.009998321533203,1282500
2021-10-29,36.459999084472656,37.229000091552734,36.380001068115234,36.75,30.199005126953125,1800000
2021-11-01,36.70000076293945,37.310001373291016,36.47999954223633,37.130001068115234,30.511266708374023,1108600
2021-11-02,37.220001220703125,37.29999923706055,36.400001525878906,36.4900016784668,29.985349655151367,1326000
2021-11-03,36.220001220703125,37.02000045776367,36.220001220703125,36.81999969482422,30.256534576416016,1549600
2021-11-04,36.810001373291016,37.189998626708984,36.20000076293945,36.2599983215332,29.796342849731445,1777200
2021-11-05,36.380001068115234,36.720001220703125,35.540000915527344,36.279998779296875,29.812789916992188,2381000
2021-11-08,36.54999923706055,37.349998474121094,36.40999984741211,36.9900016784668,30.396221160888672,3474500
2021-11-09,36.95000076293945,37.0,36.43000030517578,36.63999938964844,30.108613967895508,2567400
2021-11-10,36.540000915527344,37.369998931884766,36.231998443603516,36.630001068115234,30.10039520263672,4025500
2021-11-11,35.40999984741211,35.435001373291016,32.75,34.720001220703125,28.530868530273438,5810200
2021-11-12,34.650001525878906,34.720001220703125,33.52000045776367,33.70000076293945,27.692691802978516,2531700
2021-11-15,33.70000076293945,33.75,33.0099983215332,33.380001068115234,27.429733276367188,2553500
2021-11-16,33.310001373291016,33.7599983215332,32.900001525878906,33.540000915527344,27.56121826171875,2385400
2021-11-17,33.45000076293945,33.529998779296875,32.630001068115234,32.95000076293945,27.076385498046875,2008700
2021-11-18,32.939998626708984,32.9900016784668,31.339000701904297,31.600000381469727,25.9670352935791,2625800
2021-11-19,31.610000610351562,31.81999969482422,30.8799991607666,31.25,25.909000396728516,2631300
2021-11-22,31.459999084472656,31.989999771118164,31.450000762939453,31.639999389648438,26.232341766357422,2183200
2021-11-23,31.690000534057617,31.690000534057617,30.950000762939453,31.200000762939453,25.867542266845703,2008500
2021-11-24,31.260000228881836,31.639999389648438,30.959999084472656,31.540000915527344,26.14943504333496,1872700
2021-11-26,31.059999465942383,31.600000381469727,30.709999084472656,31.1299991607666,25.80950927734375,1287200
2021-11-29,31.040000915527344,31.05500030517578,30.1299991607666,30.6200008392334,25.386672973632812,2286900
2021-11-30,30.389999389648438,30.489999771118164,29.049999237060547,29.229999542236328,24.234241485595703,3273000
2021-12-01,29.56999969482422,29.959999084472656,28.56999969482422,28.729999542236328,23.819698333740234,2858600
2021-12-02,28.889999389648438,29.969999313354492,28.700000762939453,29.670000076293945,24.59903335571289,2700900
2021-12-03,29.68000030517578,29.790000915527344,28.5,28.829999923706055,23.90260887145996,2416100
2021-12-06,29.100000381469727,29.670000076293945,28.799999237060547,29.309999465942383,24.300567626953125,2134800
2021-12-07,29.510000228881836,29.690000534057617,29.079999923706055,29.309999465942383,24.300567626953125,2348900
2021-12-08,29.3799991607666,29.479999542236328,28.75,29.329999923706055,24.317150115966797,2155600
2021-12-09,29.43000030517578,29.540000915527344,28.600000381469727,28.670000076293945,23.769954681396484,2045900
2021-12-10,28.760000228881836,29.190000534057617,28.549999237060547,28.739999771118164,23.827987670898438,2252800
2021-12-13,28.8799991607666,29.3799991607666,28.649999618530273,28.8700008392334,23.93577003479004,2693200
2021-12-14,28.93000030517578,29.489999771118164,28.610000610351562,28.850000381469727,23.919185638427734,3676900
2021-12-15,28.90999984741211,29.450000762939453,28.770000457763672,29.329999923706055,24.317150115966797,2113200
2021-12-16,29.709999084472656,30.969999313354492,29.479999542236328,30.329999923706055,25.146240234375,2527800
2021-12-17,30.350000381469727,30.489999771118164,29.6200008392334,30.190000534057617,25.030160903930664,4749400
2021-12-20,30.0,30.18000030517578,28.989999771118164,29.360000610351562,24.342023849487305,1855500
2021-12-21,29.299999237060547,30.059999465942383,29.25,29.790000915527344,24.698530197143555,1555300
2021-12-22,29.90999984741211,30.059999465942383,29.530000686645508,30.010000228881836,24.880929946899414,1160000
2021-12-23,30.0,30.3799991607666,29.899999618530273,30.219999313354492,25.055036544799805,957700
2021-12-27,30.170000076293945,30.280000686645508,29.82699966430664,30.09000015258789,24.9472599029541,1250100
2021-12-28,29.93000030517578,30.229999542236328,29.850000381469727,29.889999389648438,24.781436920166016,1256700
2021-12-29,29.8799991607666,29.979999542236328,29.6299991607666,29.81999969482422,24.723398208618164,1309100
2021-12-30,29.940000534057617,30.799999237060547,29.940000534057617,30.729999542236328,25.477874755859375,1385100
2021-12-31,30.575000762939453,30.770000457763672,30.399999618530273,30.450000762939453,25.245731353759766,1018800
2022-01-03,30.56999969482422,31.18000030517578,30.28499984741211,31.15999984741211,25.834381103515625,1331900
2022-01-04,31.21500015258789,31.635000228881836,30.739999771118164,31.520000457763672,26.132854461669922,1641700
2022-01-05,31.6200008392334,32.0,31.049999237060547,31.100000381469727,25.78463363647461,1979300
2022-01-06,31.049999237060547,31.889999389648438,30.40999984741211,31.510000228881836,26.124561309814453,2012000
2022-01-07,31.520000457763672,32.470001220703125,31.520000457763672,32.40999984741211,26.870744705200195,1350800
2022-01-10,31.989999771118164,32.540000915527344,31.690000534057617,32.209999084472656,26.704923629760742,2822500
2022-01-11,32.29999923706055,32.790000915527344,32.02000045776367,32.75,27.152629852294922,2090100
2022-01-12,32.86000061035156,32.900001525878906,32.2599983215332,32.61000061035156,27.036558151245117,1569800
2022-01-13,32.38999938964844,33.18000030517578,32.29999923706055,32.900001525878906,27.276988983154297,1578600
2022-01-14,32.849998474121094,33.34000015258789,32.290000915527344,32.86000061035156,27.24382972717285,1771100
2022-01-18,32.665000915527344,33.06999969482422,31.399999618530273,32.06999969482422,26.588851928710938,1900400
2022-01-19,32.029998779296875,32.72999954223633,32.0,32.2400016784668,26.729799270629883,1992500
2022-01-20,32.209999084472656,32.709999084472656,31.780000686645508,31.81999969482422,26.38157844543457,1740200
2022-01-21,31.75,31.770000457763672,30.655000686645508,30.969999313354492,25.67685317993164,1900600
2022-01-24,30.31999969482422,30.6299991607666,28.941999435424805,30.450000762939453,25.245731353759766,2614600
2022-01-25,29.93000030517578,31.00200080871582,29.6299991607666,30.709999084472656,25.46129035949707,1955200
2022-01-26,30.850000381469727,31.489999771118164,30.325000762939453,30.729999542236328,25.477874755859375,1374900
2022-01-27,31.100000381469727,31.639999389648438,30.479999542236328,30.700000762939453,25.4530029296875,1939100
2022-01-28,30.459999084472656,31.469999313354492,30.40999984741211,31.450000762939453,26.074817657470703,1680900
2022-01-31,31.200000762939453,32.099998474121094,31.200000762939453,31.90999984741211,26.456193923950195,4413700
2022-02-01,32.18000030517578,33.02000045776367,32.0099983215332,32.9900016784668,27.351613998413086,1846600
2022-02-02,33.08000183105469,33.479000091552734,32.65999984741211,33.33000183105469,27.633502960205078,1693700
2022-02-03,32.91999816894531,33.560001373291016,32.66999816894531,32.91999816894531,27.29357147216797,1663700
2022-02-04,32.689998626708984,33.470001220703125,32.689998626708984,33.119998931884766,27.459396362304688,1627400
2022-02-07,33.29999923706055,33.75,33.029998779296875,33.52000045776367,27.791027069091797,1090100
2022-02-08,33.41999816894531,33.95000076293945,33.05500030517578,33.75,27.98171615600586,1635500
2022-02-09,33.91999816894531,34.66999816894531,33.79999923706055,34.59000015258789,28.67815399169922,1557700
2022-02-10,34.27000045776367,35.08000183105469,34.27000045776367,34.45000076293945,28.562076568603516,1329400
2022-02-11,34.400001525878906,35.34000015258789,34.400001525878906,34.720001220703125,28.78593635559082,1474500
2022-02-14,34.70000076293945,34.83000183105469,34.220001220703125,34.380001068115234,28.504043579101562,1782300
2022-02-15,34.79999923706055,35.308998107910156,34.79999923706055,35.220001220703125,29.200481414794922,1931800
2022-02-16,35.29999923706055,36.4900016784668,35.220001220703125,36.34000015258789,30.129051208496094,3114100
2022-02-17,35.38999938964844,36.939998626708984,34.88999938964844,36.369998931884766,30.1539249420166,4587400
2022-02-18,36.459999084472656,37.18000030517578,35.81999969482422,36.09000015258789,29.921785354614258,3145100
2022-02-22,36.099998474121094,36.61000061035156,35.84000015258789,35.97999954223633,29.830585479736328,2219900
2022-02-23,35.900001525878906,36.279998779296875,35.44499969482422,35.5,29.432621002197266,2244400
2022-02-24,34.75,36.130001068115234,34.459999084472656,36.029998779296875,29.872041702270508,2440000
2022-02-25,35.685001373291016,37.7599983215332,35.5099983215332,37.56999969482422,31.392797470092773,3494900
2022-02-28,36.540000915527344,37.790000915527344,36.400001525878906,37.33000183105469,31.1922607421875,2846700
2022-03-01,37.27000045776367,37.86000061035156,37.0,37.459999084472656,31.30088233947754,3675000
2022-03-02,37.52000045776367,39.474998474121094,37.44499969482422,39.36000061035156,32.88848876953125,3434400
2022-03-03,39.130001068115234,39.209999084472656,38.31999969482422,39.02000045776367,32.60438537597656,1353300
2022-03-04,38.38999938964844,38.869998931884766,37.599998474121094,38.81999969482422,32.4372673034668,2890000
2022-03-07,38.58000183105469,39.20500183105469,37.810001373291016,38.41999816894531,32.10304641723633,2688800
2022-03-08,38.31999969482422,38.599998474121094,36.630001068115234,36.650001525878906,30.624065399169922,2529600
2022-03-09,36.869998931884766,37.439998626708984,36.400001525878906,36.459999084472656,30.465303421020508,1789900
2022-03-10,36.27000045776367,36.41999816894531,35.66999816894531,35.97999954223633,30.064224243164062,1954000
2022-03-11,36.209999084472656,36.619998931884766,35.790000915527344,35.83000183105469,29.938886642456055,1488400
2022-03-14,35.34000015258789,35.619998931884766,31.56999969482422,32.36000061035156,27.039417266845703,7855500
2022-03-15,32.290000915527344,32.65999984741211,31.690000534057617,32.290000915527344,26.980928421020508,3654900
2022-03-16,32.7599983215332,32.95000076293945,31.850000381469727,32.900001525878906,27.490625381469727,2962300
2022-03-17,33.04999923706055,34.380001068115234,32.529998779296875,34.34000015258789,28.693870544433594,2682600
2022-03-18,34.220001220703125,35.189998626708984,34.13999938964844,35.08000183105469,29.31220054626465,9038400
2022-03-21,35.5099983215332,35.9900016784668,34.650001525878906,34.77000045776367,29.053171157836914,1670100
2022-03-22,35.0,35.650001525878906,34.560001373291016,35.349998474121094,29.53780174255371,1312000
2022-03-23,35.43000030517578,35.685001373291016,35.0,35.34000015258789,29.529451370239258,1583600
2022-03-24,35.279998779296875,35.45000076293945,34.7599983215332,35.29999923706055,29.49602508544922,1306800
2022-03-25,35.45000076293945,35.724998474121094,34.790000915527344,34.9900016784668,29.236995697021484,1060000
2022-03-28,34.91999816894531,35.20000076293945,34.68000030517578,35.16999816894531,29.387399673461914,1445200
2022-03-29,35.36000061035156,35.75,35.06999969482422,35.31999969482422,29.512737274169922,1038100
2022-03-30,35.380001068115234,36.38999938964844,35.27000045776367,35.810001373291016,29.92218017578125,1645300
2022-03-31,35.529998779296875,36.099998474121094,34.91999816894531,34.93000030517578,29.186861038208008,1637800
2022-04-01,35.220001220703125,35.6150016784668,34.869998931884766,35.150001525878906,29.37069320678711,1610700
2022-04-04,34.849998474121094,35.08000183105469,34.46099853515625,34.720001220703125,29.011390686035156,1471600
2022-04-05,34.77000045776367,35.849998474121094,34.77000045776367,35.400001525878906,29.579587936401367,2060300
2022-04-06,35.560001373291016,36.45000076293945,35.11000061035156,36.20000076293945,30.248046875,1893900
2022-04-07,36.11000061035156,36.619998931884766,35.9900016784668,36.20000076293945,30.248046875,2386300
2022-04-08,36.16999816894531,36.349998474121094,35.779998779296875,35.869998931884766,29.97231101989746,3120700
2022-04-11,35.9900016784668,36.18000030517578,35.06999969482422,35.18000030517578,29.395755767822266,1480100
2022-04-12,35.18000030517578,35.68000030517578,34.90999984741211,34.9900016784668,29.236995697021484,1184400
2022-04-13,35.119998931884766,35.29999923706055,34.63999938964844,34.97999954223633,29.228639602661133,935400
2022-04-14,35.0099983215332,35.31999969482422,34.46500015258789,34.900001525878906,29.161800384521484,1516100
2022-04-18,34.77000045776367,34.83000183105469,33.220001220703125,33.380001068115234,27.891708374023438,1170900
2022-04-19,33.5099983215332,34.08399963378906,33.400001525878906,33.95000076293945,28.367992401123047,1073000
2022-04-20,33.75,33.779998779296875,33.29999923706055,33.349998474121094,27.86664390563965,852300
2022-04-21,33.459999084472656,33.630001068115234,32.68000030517578,32.77000045776367,27.382009506225586,1310600
2022-04-22,32.65999984741211,32.65999984741211,32.060001373291016,32.2599983215332,26.955860137939453,1242900
2022-04-25,32.0,32.689998626708984,31.485000610351562,32.5099983215332,27.164752960205078,1189300
2022-04-26,32.2400016784668,32.56999969482422,31.6200008392334,31.65999984741211,26.454509735107422,1008900
2022-04-27,31.989999771118164,32.68000030517578,31.719999313354492,32.41999816894531,27.089550018310547,1204400
2022-04-28,32.70000076293945,33.20000076293945,32.209999084472656,33.0,27.574193954467773,1508100
2022-04-29,32.880001068115234,33.32500076293945,32.25,32.33000183105469,27.01435089111328,2811400
2022-05-02,32.5,33.11000061035156,31.635000228881836,32.08000183105469,26.805452346801758,2473800
2022-05-03,32.040000915527344,32.58000183105469,31.90999984741211,32.439998626708984,27.106258392333984,1965300
2022-05-04,32.52000045776367,33.290000915527344,31.940000534057617,33.189998626708984,27.732952117919922,1409200
2022-05-05,33.189998626708984,35.209999084472656,33.150001525878906,34.869998931884766,29.136730194091797,3414900
2022-05-06,34.33000183105469,35.02000045776367,33.119998931884766,34.77000045776367,29.053171157836914,2448900
2022-05-09,34.2400016784668,35.2400016784668,34.099998474121094,34.720001220703125,29.011390686035156,2429900
2022-05-10,34.209999084472656,34.95000076293945,33.939998626708984,34.7599983215332,29.044815063476562,1895700
2022-05-11,34.650001525878906,35.279998779296875,33.22999954223633,33.349998474121094,27.86664390563965,2046700
2022-05-12,33.38999938964844,34.650001525878906,33.38999938964844,34.630001068115234,28.936189651489258,1322700
2022-05-13,34.59000015258789,35.22999954223633,34.19499969482422,34.939998626708984,29.433197021484375,1145800
2022-05-16,34.7400016784668,35.619998931884766,34.61000061035156,35.43000030517578,29.84597396850586,1071900
2022-05-17,35.7599983215332,36.869998931884766,35.47999954223633,36.72999954223633,30.941085815429688,1441400
2022-05-18,36.439998626708984,37.36000061035156,35.82500076293945,35.959999084472656,30.292442321777344,1651600
2022-05-19,35.5,36.65999984741211,35.279998779296875,36.56999969482422,30.80630111694336,1430600
2022-05-20,36.88999938964844,37.70000076293945,36.45000076293945,37.63999938964844,31.707660675048828,1926800
2022-05-23,37.779998779296875,37.95600128173828,36.93000030517578,37.529998779296875,31.614994049072266,1141600
2022-05-24,37.459999084472656,37.63999938964844,36.91400146484375,37.52000045776367,31.6065731048584,1165300
2022-05-25,37.45000076293945,38.349998474121094,37.380001068115234,38.099998474121094,32.095157623291016,1213100
2022-05-26,38.349998474121094,39.09000015258789,37.95000076293945,38.560001373291016,32.482666015625,1160600
2022-05-27,38.5,38.95000076293945,38.28499984741211,38.900001525878906,32.76907730102539,1182200
2022-05-31,38.400001525878906,38.61000061035156,37.59000015258789,37.959999084472656,31.97722625732422,2201600
2022-06-01,38.08000183105469,38.310001373291016,37.0,37.75,31.800325393676758,1172800
2022-06-02,37.90999984741211,37.90999984741211,36.525001525878906,37.33000183105469,31.446517944335938,1409100
2022-06-03,37.22999954223633,37.36000061035156,36.86000061035156,37.18000030517578,31.320159912109375,777300
2022-06-06,37.349998474121094,37.709999084472656,37.29999923706055,37.470001220703125,31.564464569091797,905600
2022-06-07,37.470001220703125,37.86000061035156,37.310001373291016,37.810001373291016,31.85087776184082,1106300
2022-06-08,37.779998779296875,38.09000015258789,37.439998626708984,37.61000061035156,31.68238067626953,816500
2022-06-09,37.61000061035156,37.61000061035156,36.380001068115234,36.38999938964844,30.6546688079834,868300
2022-06-10,35.95000076293945,36.01499938964844,35.23500061035156,35.459999084472656,29.87124252319336,1161500
2022-06-13,34.880001068115234,34.880001068115234,33.65999984741211,34.20000076293945,28.80983543395996,1280100
2022-06-14,34.16999816894531,34.16999816894531,32.849998474121094,33.130001068115234,27.908472061157227,1926500
2022-06-15,33.16999816894531,33.90999984741211,32.7599983215332,33.59000015258789,28.29597282409668,1694700
2022-06-16,32.83000183105469,33.060001373291016,32.470001220703125,32.810001373291016,27.638904571533203,1660300
2022-06-17,32.90999984741211,33.459999084472656,32.41999816894531,33.16999816894531,27.942167282104492,4224400
2022-06-21,33.59000015258789,33.650001525878906,32.779998779296875,32.880001068115234,27.697874069213867,1883700
2022-06-22,32.63999938964844,33.869998931884766,32.63999938964844,33.59000015258789,28.29597282409668,1381800
2022-06-23,33.790000915527344,35.13999938964844,33.65999984741211,34.91999816894531,29.416353225708008,1481700
2022-06-24,35.400001525878906,36.08000183105469,35.099998474121094,35.86000061035156,30.208202362060547,1812100
2022-06-27,35.7400016784668,35.97999954223633,35.345001220703125,35.43000030517578,29.84597396850586,858900
2022-06-28,35.47999954223633,35.595001220703125,34.65999984741211,34.790000915527344,29.306846618652344,865800
2022-06-29,35.04999923706055,35.04999923706055,34.42499923706055,34.56999969482422,29.12151336669922,816300
2022-06-30,34.310001373291016,34.56999969482422,33.58000183105469,33.75,28.430749893188477,1359200
2022-07-01,33.91999816894531,34.27000045776367,33.38999938964844,34.25,28.85194969177246,1018400
2022-07-05,33.83000183105469,34.290000915527344,33.20000076293945,34.20000076293945,28.80983543395996,1338300
2022-07-06,34.040000915527344,34.22999954223633,32.90999984741211,33.290000915527344,28.04325294494629,1601300
2022-07-07,33.310001373291016,33.83000183105469,32.90999984741211,33.04999923706055,27.841079711914062,2274500
2022-07-08,32.869998931884766,33.290000915527344,32.5,32.75,27.588361740112305,1217000
2022-07-11,32.599998474121094,33.04999923706055,32.54999923706055,32.70000076293945,27.546241760253906,945600
2022-07-12,32.540000915527344,33.040000915527344,32.38999938964844,32.86000061035156,27.6810245513916,1679500
2022-07-13,32.529998779296875,32.70000076293945,31.959999084472656,32.279998779296875,27.192440032958984,1595400
2022-07-14,32.08000183105469,32.2599983215332,31.450000762939453,31.850000381469727,26.83020782470703,1486500
2022-07-15,32.18000030517578,32.224998474121094,31.440000534057617,31.969999313354492,26.93129539489746,1336700
2022-07-18,32.04999923706055,32.220001220703125,31.059999465942383,31.200000762939453,26.282649993896484,1614800
2022-07-19,31.399999618530273,31.920000076293945,31.299999237060547,31.56999969482422,26.594337463378906,1217500
2022-07-20,31.549999237060547,31.899999618530273,31.229999542236328,31.65999984741211,26.670154571533203,1278500
2022-07-21,31.559999465942383,31.774999618530273,31.200000762939453,31.760000228881836,26.754392623901367,1015800
2022-07-22,31.899999618530273,31.979999542236328,31.6299991607666,31.959999084472656,26.92287254333496,897700
2022-07-25,32.0,32.939998626708984,32.0,32.79999923706055,27.630481719970703,1624300
2022-07-26,32.79999923706055,33.20000076293945,32.79999923706055,32.900001525878906,27.71471405029297,1202500
2022-07-27,32.790000915527344,32.84000015258789,32.119998931884766,32.63999938964844,27.495695114135742,1217300
2022-07-28,32.70000076293945,32.70000076293945,31.969999313354492,32.45000076293945,27.33563995361328,1153400
2022-07-29,32.56999969482422,32.63999938964844,31.510000228881836,31.719999313354492,26.72069549560547,2896600
2022-08-01,31.559999465942383,32.189998626708984,31.389999389648438,31.829999923706055,26.813358306884766,1715300
2022-08-02,31.770000457763672,32.349998474121094,31.549999237060547,31.770000457763672,26.7628173828125,1028100
2022-08-03,31.81999969482422,32.67499923706055,31.700000762939453,32.56999969482422,27.436725616455078,1895800
2022-08-04,32.56999969482422,33.04999923706055,31.389999389648438,32.40999984741211,27.30194664001465,2145800
2022-08-05,31.920000076293945,32.0099983215332,31.15999984741211,31.5,26.535375595092773,2755300
2022-08-08,31.540000915527344,31.729999542236328,31.190000534057617,31.540000915527344,26.56906509399414,1913800
2022-08-09,31.540000915527344,31.6299991607666,31.25,31.389999389648438,26.442705154418945,879600
2022-08-10,31.479999542236328,31.600000381469727,31.325000762939453,31.520000457763672,26.55221939086914,2546200
2022-08-11,31.389999389648438,32.310001373291016,31.360000610351562,31.690000534057617,26.69542694091797,2021800
2022-08-12,31.6200008392334,31.6200008392334,30.780000686645508,30.989999771118164,26.33846664428711,2161700
2022-08-15,30.90999984741211,31.139999389648438,30.75,31.010000228881836,26.355466842651367,1145800
2022-08-16,30.989999771118164,31.350000381469727,30.799999237060547,31.18000030517578,26.499948501586914,977200
2022-08-17,31.020000457763672,31.1299991607666,30.610000610351562,30.8700008392334,26.23647689819336,1114500
2022-08-18,30.899999618530273,30.93000030517578,30.489999771118164,30.729999542236328,26.11749267578125,1148300
2022-08-19,30.729999542236328,30.979999542236328,30.604999542236328,30.65999984741211,26.057994842529297,1311900
2022-08-22,30.600000381469727,30.81999969482422,30.18000030517578,30.3700008392334,25.8115291595459,1225800
2022-08-23,30.260000228881836,30.309999465942383,29.725000381469727,29.920000076293945,25.42906951904297,2520800
2022-08-24,29.8799991607666,30.469999313354492,29.59000015258789,30.059999465942383,25.54805564880371,1280100
2022-08-25,30.1299991607666,30.354999542236328,29.90999984741211,30.34000015258789,25.786033630371094,1113000
2022-08-26,30.399999618530273,30.450000762939453,29.65999984741211,29.690000534057617,25.233591079711914,1413600
2022-08-29,29.549999237060547,29.6299991607666,29.209999084472656,29.350000381469727,24.944625854492188,1164200
2022-08-30,29.3799991607666,29.479999542236328,28.579999923706055,28.65999984741211,24.35819435119629,1306400
2022-08-31,28.780000686645508,28.969999313354492,28.31999969482422,28.530000686645508,24.24770736694336,1792600
2022-09-01,28.459999084472656,28.823999404907227,28.329999923706055,28.809999465942383,24.485679626464844,1332100
2022-09-02,28.770000457763672,29.1200008392334,28.389999389648438,28.5,24.22220802307129,1398200
2022-09-06,28.850000381469727,29.649999618530273,28.690000534057617,28.709999084472656,24.40069007873535,1726800
2022-09-07,28.770000457763672,29.1200008392334,28.225000381469727,28.959999084472656,24.613162994384766,1740400
2022-09-08,28.8700008392334,29.489999771118164,28.825000762939453,29.360000610351562,24.953126907348633,1106400
2022-09-09,29.3700008392334,29.950000762939453,29.31999969482422,29.829999923706055,25.35257911682129,1371900
2022-09-12,29.920000076293945,30.270000457763672,29.31999969482422,29.709999084472656,25.250591278076172,1426000
2022-09-13,29.239999771118164,29.399999618530273,28.559999465942383,28.729999542236328,24.417688369750977,1260700
2022-09-14,28.889999389648438,28.93000030517578,28.18000030517578,28.6200008392334,24.324201583862305,1647300
2022-09-15,28.780000686645508,29.1200008392334,28.540000915527344,28.75,24.434680938720703,1501600
2022-09-16,28.6200008392334,28.950000762939453,28.410999298095703,28.610000610351562,24.315698623657227,5940200
2022-09-19,28.510000228881836,28.6200008392334,27.53499984741211,28.299999237060547,24.052227020263672,1875400
2022-09-20,28.010000228881836,28.110000610351562,27.239999771118164,27.299999237060547,23.20232391357422,1435700
2022-09-21,27.350000381469727,27.639999389648438,26.790000915527344,26.799999237060547,22.777374267578125,1135000
2022-09-22,26.65999984741211,26.75,26.200000762939453,26.290000915527344,22.34392547607422,1475800
2022-09-23,26.049999237060547,26.25,25.309999465942383,25.75,21.884981155395508,1831900
2022-09-26,25.520000457763672,25.829999923706055,25.059999465942383,25.149999618530273,21.375038146972656,1489300
2022-09-27,25.280000686645508,25.350000381469727,24.21500015258789,24.260000228881836,20.61862564086914,2800200
2022-09-28,24.479999542236328,24.690000534057617,24.15999984741211,24.510000228881836,20.831104278564453,2162300
2022-09-29,24.270000457763672,24.3799991607666,23.3799991607666,23.549999237060547,20.01519775390625,2305200
2022-09-30,23.690000534057617,24.15999984741211,23.329999923706055,23.399999618530273,19.887712478637695,2182500
2022-10-03,23.65999984741211,24.270000457763672,23.34000015258789,24.06999969482422,20.457143783569336,2385200
2022-10-04,24.3799991607666,25.81999969482422,24.3799991607666,25.709999084472656,21.850980758666992,3136900
2022-10-05,25.459999084472656,25.84000015258789,25.219999313354492,25.6299991607666,21.782989501953125,1846800
2022-10-06,25.440000534057617,25.55500030517578,24.709999084472656,24.760000228881836,21.043577194213867,1309400
2022-10-07,24.649999618530273,24.739999771118164,23.93000030517578,24.010000228881836,20.406152725219727,1335100
2022-10-10,24.110000610351562,24.399999618530273,23.649999618530273,23.670000076293945,20.1171875,1304800
2022-10-11,23.649999618530273,23.809999465942383,23.16200065612793,23.5,19.972700119018555,4042300
2022-10-12,23.389999389648438,23.875,23.18000030517578,23.649999618530273,20.100183486938477,1648800
2022-10-13,23.239999771118164,24.270000457763672,23.030000686645508,24.030000686645508,20.42315101623535,1627700
2022-10-14,23.219999313354492,23.5,22.8799991607666,23.309999465942383,19.811220169067383,2336900
2022-10-17,23.6299991607666,23.979999542236328,23.562999725341797,23.809999465942383,20.236169815063477,1840700
2022-10-18,24.190000534057617,24.75,24.010000228881836,24.170000076293945,20.54213523864746,2353800
2022-10-19,24.06999969482422,24.280000686645508,23.780000686645508,23.799999237060547,20.227670669555664,1813900
2022-10-20,23.690000534057617,23.75,23.3799991607666,23.559999465942383,20.023693084716797,1121300
2022-10-21,23.6299991607666,23.809999465942383,23.139999389648438,23.68000030517578,20.125686645507812,2775900
2022-10-24,23.889999389648438,24.145000457763672,23.5,24.040000915527344,20.4316463470459,1274800
2022-10-25,24.030000686645508,24.950000762939453,23.950000762939453,24.729999542236328,21.01807403564453,2353300
2022-10-26,24.799999237060547,25.479999542236328,24.760000228881836,25.290000915527344,21.49402618408203,1304700
2022-10-27,25.450000762939453,26.100000381469727,25.260000228881836,25.950000762939453,22.054956436157227,2395100
2022-10-28,25.959999084472656,26.225000381469727,25.860000610351562,26.18000030517578,22.25043487548828,1527500
2022-10-31,26.049999237060547,26.530000686645508,25.899999618530273,26.18000030517578,22.25043487548828,2227100
2022-11-01,26.450000762939453,26.614999771118164,26.059999465942383,26.389999389648438,22.428916931152344,1606900
2022-11-02,26.489999771118164,26.635000228881836,25.8799991607666,25.93000030517578,22.037960052490234,2028900
2022-11-03,27.25,27.510000228881836,25.520000457763672,25.8799991607666,21.995468139648438,3033300
2022-11-04,25.8799991607666,25.94499969482422,23.739999771118164,24.350000381469727,20.695112228393555,3447400
2022-11-07,24.3799991607666,24.799999237060547,23.760000228881836,24.0,20.39765167236328,2658900
2022-11-08,24.010000228881836,24.43000030517578,23.34000015258789,23.559999465942383,20.023693084716797,3100800
2022-11-09,23.639999389648438,24.360000610351562,23.6200008392334,23.850000381469727,20.270160675048828,2515800
2022-11-10,24.18000030517578,24.920000076293945,24.09000015258789,24.709999084472656,21.25056266784668,2559100
2022-11-11,24.59000015258789,25.469999313354492,24.190000534057617,25.309999465942383,21.766563415527344,2931700
2022-11-14,25.260000228881836,25.399999618530273,24.770000457763672,24.780000686645508,21.31076431274414,1870600
2022-11-15,25.040000915527344,25.430999755859375,24.690000534057617,24.8799991607666,21.39676284790039,1605600
2022-11-16,24.799999237060547,24.979999542236328,24.274999618530273,24.389999389648438,20.975364685058594,1357600
2022-11-17,24.049999237060547,24.190000534057617,23.760000228881836,23.920000076293945,20.571165084838867,1783400
2022-11-18,24.270000457763672,24.579999923706055,24.094999313354492,24.399999618530273,20.983964920043945,2175700
2022-11-21,24.420000076293945,24.774999618530273,24.239999771118164,24.719999313354492,21.2591609954834,1123800
2022-11-22,24.690000534057617,25.049999237060547,24.690000534057617,24.829999923706055,21.353759765625,1409800
2022-11-23,24.790000915527344,24.905000686645508,24.625,24.809999465942383,21.33656120300293,867600
2022-11-25,24.799999237060547,25.110000610351562,24.750999450683594,25.110000610351562,21.59456443786621,641400
2022-11-28,24.850000381469727,25.040000915527344,24.4950008392334,24.65999984741211,21.207565307617188,1530700
2022-11-29,24.709999084472656,25.0,24.399999618530273,24.940000534057617,21.448362350463867,2374300
2022-11-30,24.979999542236328,26.049999237060547,24.739999771118164,26.020000457763672,22.377161026000977,2422700
2022-12-01,26.190000534057617,26.850000381469727,26.110000610351562,26.420000076293945,22.721160888671875,1774300
2022-12-02,26.1200008392334,26.719999313354492,26.030000686645508,26.719999313354492,22.979158401489258,1236100
2022-12-05,26.549999237060547,26.799999237060547,26.15999984741211,26.350000381469727,22.660959243774414,1102300
2022-12-06,26.34000015258789,26.559999465942383,25.729999542236328,26.149999618530273,22.488964080810547,1668200
2022-12-07,26.149999618530273,26.3799991607666,25.78499984741211,26.079999923706055,22.428760528564453,1402600
2022-12-08,26.239999771118164,26.905000686645508,26.18199920654297,26.860000610351562,23.09956169128418,2082300
2022-12-09,26.8799991607666,27.399999618530273,26.799999237060547,27.049999237060547,23.26296043395996,2096900
2022-12-12,27.219999313354492,27.690000534057617,26.93000030517578,27.579999923706055,23.71876335144043,3249500
2022-12-13,28.0,28.40999984741211,27.90999984741211,28.200000762939453,24.2519588470459,3037200
2022-12-14,28.190000534057617,28.709999084472656,28.09000015258789,28.6200008392334,24.613161087036133,2413000
2022-12-15,28.43000030517578,28.649999618530273,28.139999389648438,28.280000686645508,24.320758819580078,2380500
2022-12-16,28.170000076293945,28.34000015258789,27.31999969482422,27.440000534057617,23.598360061645508,6891000
2022-12-19,27.229999542236328,27.479999542236328,26.899999618530273,27.43000030517578,23.589757919311523,2501200
2022-12-20,27.329999923706055,27.55500030517578,27.079999923706055,27.450000762939453,23.606962203979492,1303500
2022-12-21,27.6299991607666,28.045000076293945,27.600000381469727,27.790000915527344,23.899356842041016,1219300
2022-12-22,27.6299991607666,27.770000457763672,27.235000610351562,27.639999389648438,23.770360946655273,1026400
2022-12-23,27.639999389648438,27.966999053955078,27.540000915527344,27.93000030517578,24.01976203918457,966900
2022-12-27,27.93000030517578,28.065000534057617,27.59000015258789,27.940000534057617,24.02836036682129,1235300
2022-12-28,27.93000030517578,28.075000762939453,27.59000015258789,27.649999618530273,23.77895736694336,1512000
2022-12-29,27.809999465942383,28.420000076293945,27.799999237060547,28.18000030517578,24.234758377075195,2031000
2022-12-30,28.040000915527344,28.06999969482422,27.670000076293945,27.93000030517578,24.01976203918457,1721900
2023-01-03,27.899999618530273,28.43000030517578,27.860000610351562,28.06999969482422,24.140161514282227,1688300
2023-01-04,28.209999084472656,29.149999618530273,28.1299991607666,28.940000534057617,24.888357162475586,2300100
2023-01-05,28.6200008392334,28.84000015258789,27.93000030517578,28.84000015258789,24.802358627319336,1873600
2023-01-06,29.139999389648438,29.459999084472656,28.75,29.149999618530273,25.06895637512207,1821900
2023-01-09,29.139999389648438,30.040000915527344,29.06999969482422,29.579999923706055,25.43875503540039,1696900
2023-01-10,29.690000534057617,30.274999618530273,29.3700008392334,30.1200008392334,25.903156280517578,2057400
2023-01-11,30.299999237060547,30.700000762939453,29.940000534057617,30.639999389648438,26.35035514831543,2244500
2023-01-12,30.690000534057617,31.485000610351562,30.59000015258789,31.3799991607666,26.98675537109375,2715400
2023-01-13,31.43000030517578,32.119998931884766,31.385000228881836,32.060001373291016,27.57155418395996,2578300
2023-01-17,32.130001068115234,32.29999923706055,31.799999237060547,32.08000183105469,27.58875274658203,2744300
2023-01-18,32.2599983215332,32.43000030517578,31.850000381469727,31.940000534057617,27.468351364135742,2385500
2023-01-19,31.639999389648438,31.84000015258789,31.239999771118164,31.40999984741211,27.01255226135254,1904300
2023-01-20,31.43000030517578,31.59000015258789,31.010000228881836,31.34000015258789,26.95235252380371,1556900
2023-01-23,31.459999084472656,32.06999969482422,31.344999313354492,32.0099983215332,27.528553009033203,1434700
2023-01-24,31.799999237060547,31.899999618530273,30.989999771118164,31.40999984741211,27.01255226135254,1401200
2023-01-25,31.469999313354492,31.469999313354492,30.475000381469727,30.639999389648438,26.35035514831543,1364500
2023-01-26,30.600000381469727,30.81999969482422,30.110000610351562,30.31999969482422,26.075153350830078,1432000
2023-01-27,30.149999618530273,30.440000534057617,29.834999084472656,29.940000534057617,25.748355865478516,1590600
2023-01-30,29.709999084472656,29.844999313354492,29.344999313354492,29.56999969482422,25.430156707763672,1696300
2023-01-31,29.510000228881836,30.18000030517578,29.454999923706055,30.1299991607666,25.91175079345703,4841000
2023-02-01,30.0,30.489999771118164,29.920000076293945,30.309999465942383,26.066553115844727,1452200
2023-02-02,30.299999237060547,30.5,30.139999389648438,30.40999984741211,26.152555465698242,1228500
2023-02-03,30.25,30.479999542236328,29.739999771118164,29.760000228881836,25.59355354309082,1032000
2023-02-06,29.600000381469727,29.729999542236328,29.209999084472656,29.579999923706055,25.43875503540039,1276200
2023-02-07,29.469999313354492,29.875,29.209999084472656,29.84000015258789,25.662357330322266,826100
2023-02-08,29.799999237060547,29.825000762939453,29.510000228881836,29.68000030517578,25.524751663208008,809200
2023-02-09,29.770000457763672,29.8439998626709,28.989999771118164,29.059999465942383,24.991554260253906,1258000
2023-02-10,28.989999771118164,29.200000762939453,28.875,29.020000457763672,24.9571590423584,1418400
2023-02-13,28.950000762939453,29.520000457763672,28.690000534057617,29.479999542236328,25.35275650024414,1465300
2023-02-14,29.520000457763672,29.549999237060547,29.06999969482422,29.1299991607666,25.051753997802734,1423100
2023-02-15,28.829999923706055,29.364999771118164,28.729999542236328,29.260000228881836,25.163557052612305,1782500
2023-02-16,27.84000015258789,28.149999618530273,24.55500030517578,24.8700008392334,21.388164520263672,9270200
2023-02-17,24.68000030517578,26.3799991607666,24.110000610351562,26.020000457763672,22.377161026000977,5159000
2023-02-21,26.010000228881836,27.075000762939453,25.957000732421875,27.040000915527344,23.254362106323242,3100400
2023-02-22,27.18000030517578,27.329999923706055,26.645000457763672,26.829999923706055,23.073760986328125,2131300
2023-02-23,26.920000076293945,27.100000381469727,26.450000762939453,26.649999618530273,22.918960571289062,1374800
2023-02-24,26.0,26.18000030517578,25.219999313354492,25.59000015258789,22.241039276123047,1992000
2023-02-27,25.780000686645508,26.165000915527344,24.8799991607666,25.09000015258789,21.806468963623047,3215600
2023-02-28,24.889999389648438,25.15999984741211,24.450000762939453,24.489999771118164,21.28499412536621,2889900
2023-03-01,24.5,24.860000610351562,24.229999542236328,24.290000915527344,21.111173629760742,2624200
2023-03-02,24.1200008392334,24.200000762939453,23.899999618530273,24.110000610351562,20.95472526550293,2501200
2023-03-03,24.299999237060547,24.850000381469727,24.219999313354492,24.559999465942383,21.34583282470703,2458200
2023-03-06,24.549999237060547,24.989999771118164,24.110000610351562,24.1200008392334,20.963417053222656,2580400
2023-03-07,24.209999084472656,24.3799991607666,23.719999313354492,23.739999771118164,20.633148193359375,2114000
2023-03-08,23.799999237060547,23.905000686645508,23.579999923706055,23.68000030517578,20.581003189086914,1452900
2023-03-09,23.709999084472656,23.760000228881836,23.110000610351562,23.270000457763672,20.224658966064453,1960200
2023-03-10,23.200000762939453,23.309999465942383,22.5049991607666,22.68000030517578,19.71187400817871,2722000
2023-03-13,22.549999237060547,22.780000686645508,22.200000762939453,22.260000228881836,19.34683609008789,2734700
2023-03-14,22.540000915527344,22.735000610351562,21.760000228881836,21.950000762939453,19.07740592956543,2507000
2023-03-15,21.56999969482422,21.639999389648438,21.110000610351562,21.520000457763672,18.703678131103516,2781100
2023-03-16,21.530000686645508,21.790000915527344,21.1299991607666,21.719999313354492,18.877504348754883,2719900
2023-03-17,21.690000534057617,21.898000717163086,21.562999725341797,21.670000076293945,18.834047317504883,4588700
2023-03-20,21.860000610351562,22.420000076293945,21.670000076293945,22.389999389648438,19.459819793701172,2263100
2023-03-21,22.59000015258789,22.780000686645508,22.235000610351562,22.3799991607666,19.45113182067871,2035300
2023-03-22,22.43000030517578,22.524999618530273,21.834999084472656,21.850000381469727,18.990493774414062,1466100
2023-03-23,22.010000228881836,22.094999313354492,21.239999771118164,21.420000076293945,18.61676597595215,1860000
2023-03-24,21.389999389648438,21.90999984741211,20.959999084472656,21.860000610351562,18.999183654785156,1596100
2023-03-27,22.049999237060547,22.280000686645508,21.850000381469727,22.079999923706055,19.190393447875977,1480200
2023-03-28,21.93000030517578,22.239999771118164,21.860000610351562,22.239999771118164,19.329448699951172,1266500
2023-03-29,22.5,22.729999542236328,22.25,22.68000030517578,19.71187400817871,1712100
2023-03-30,22.950000762939453,23.260000228881836,22.799999237060547,23.09000015258789,20.068214416503906,1804900
2023-03-31,23.260000228881836,23.579999923706055,23.225000381469727,23.520000457763672,20.44194221496582,2199500
2023-04-03,23.6299991607666,23.829999923706055,23.280000686645508,23.530000686645508,20.450632095336914,1773200
2023-04-04,23.649999618530273,23.729999542236328,22.850000381469727,23.079999923706055,20.05952262878418,1605800
2023-04-05,23.06999969482422,23.825000762939453,22.950000762939453,23.639999389648438,20.546234130859375,1720700
2023-04-06,23.940000534057617,24.09000015258789,23.540000915527344,23.950000762939453,20.81566619873047,1341200
2023-04-10,23.670000076293945,23.940000534057617,23.520000457763672,23.850000381469727,20.72875213623047,1219400
2023-04-11,23.920000076293945,24.030000686645508,23.739999771118164,23.75,20.641836166381836,1158800
2023-04-12,23.889999389648438,23.989999771118164,23.540000915527344,23.610000610351562,20.52016258239746,1524600
2023-04-13,23.790000915527344,24.059999465942383,23.709999084472656,23.979999542236328,20.841739654541016,1281500
2023-04-14,23.979999542236328,24.142000198364258,23.329999923706055,23.799999237060547,20.6852970123291,1365900
2023-04-17,23.709999084472656,24.135000228881836,23.520000457763672,24.040000915527344,20.893888473510742,1543200
2023-04-18,24.06999969482422,24.190000534057617,23.530000686645508,23.59000015258789,20.502777099609375,1090600
2023-04-19,23.56999969482422,23.899999618530273,23.43000030517578,23.889999389648438,20.763521194458008,1268000
2023-04-20,23.739999771118164,23.8799991607666,23.559999465942383,23.690000534057617,20.589691162109375,1390600
2023-04-21,23.90999984741211,24.139999389648438,23.770000457763672,24.110000610351562,20.95472526550293,1152100
2023-04-24,24.110000610351562,24.139999389648438,23.770999908447266,24.030000686645508,20.88519859313965,1326100
2023-04-25,24.020000457763672,24.06999969482422,23.514999389648438,23.59000015258789,20.502777099609375,1344700
2023-04-26,23.40999984741211,23.829999923706055,23.40999984741211,23.700000762939453,20.598386764526367,1426600
2023-04-27,23.850000381469727,24.350000381469727,23.81999969482422,24.329999923706055,21.145933151245117,1573800
2023-04-28,24.329999923706055,24.665000915527344,24.190000534057617,24.6299991607666,21.406673431396484,1937300
2023-05-01,24.690000534057617,24.790000915527344,24.479999542236328,24.5,21.29368782043457,1141000
2023-05-02,24.479999542236328,24.579999923706055,23.709999084472656,24.059999465942383,20.911270141601562,1537500
2023-05-03,24.270000457763672,24.56999969482422,24.110000610351562,24.239999771118164,21.06770896911621,2373100
2023-05-04,23.549999237060547,23.75,21.600000381469727,22.010000228881836,19.129554748535156,3701100
2023-05-05,22.149999618530273,22.834999084472656,21.799999237060547,22.520000457763672,19.57280731201172,2381000
2023-05-08,22.670000076293945,22.75,21.665000915527344,21.81999969482422,18.964418411254883,2251100
2023-05-09,21.520000457763672,21.59000015258789,21.125,21.239999771118164,18.460323333740234,3450200
2023-05-10,21.399999618530273,21.655000686645508,21.010000228881836,21.5,18.686298370361328,4612800
2023-05-11,21.350000381469727,21.420000076293945,21.049999237060547,21.149999618530273,18.382099151611328,2444900
2023-05-12,21.0,21.15999984741211,20.725000381469727,20.8700008392334,18.382102966308594,2075300
2023-05-15,20.81999969482422,20.9950008392334,20.510000228881836,20.84000015258789,18.355676651000977,2260500
2023-05-16,20.860000610351562,20.860000610351562,20.3700008392334,20.40999984741211,17.97693634033203,1474900
2023-05-17,20.3799991607666,20.579999923706055,20.1200008392334,20.579999923706055,18.126676559448242,1890900
2023-05-18,20.540000915527344,20.579999923706055,20.139999389648438,20.469999313354492,18.029781341552734,1410700
2023-05-19,20.59000015258789,20.760000228881836,20.360000610351562,20.43000030517578,17.994556427001953,1944500
2023-05-22,20.399999618530273,21.049999237060547,20.149999618530273,20.739999771118164,18.267597198486328,5356400
2023-05-23,20.850000381469727,21.097000122070312,20.56999969482422,20.6299991607666,18.17070960998535,1811700
2023-05-24,20.459999084472656,20.459999084472656,19.8700008392334,20.1200008392334,17.72150993347168,2157300
2023-05-25,19.889999389648438,19.93000030517578,19.149999618530273,19.860000610351562,17.49250602722168,4580400
2023-05-26,19.90999984741211,20.09000015258789,19.43000030517578,19.540000915527344,17.21065330505371,2005100
2023-05-30,19.31999969482422,19.510000228881836,19.18000030517578,19.270000457763672,16.97283935546875,1893400
2023-05-31,19.18000030517578,19.4950008392334,18.8700008392334,19.389999389648438,17.078533172607422,2899100
2023-06-01,19.520000457763672,19.674999237060547,18.989999771118164,19.450000762939453,17.131378173828125,1860700
2023-06-02,19.649999618530273,19.875,19.559999465942383,19.760000228881836,17.404422760009766,1578500
2023-06-05,19.799999237060547,20.334999084472656,19.770000457763672,20.190000534057617,17.78316307067871,1942300
2023-06-06,20.229999542236328,20.270000457763672,19.90999984741211,20.079999923706055,17.686279296875,1638200
2023-06-07,20.049999237060547,20.530000686645508,19.860000610351562,20.469999313354492,18.029781341552734,1666800
2023-06-08,20.549999237060547,20.59000015258789,19.940000534057617,20.010000228881836,17.62462043762207,1950200
2023-06-09,19.940000534057617,20.209999084472656,19.774999618530273,19.829999923706055,17.466079711914062,2317800
2023-06-12,19.93000030517578,20.530000686645508,19.860000610351562,20.420000076293945,17.985746383666992,1970900
2023-06-13,20.399999618530273,20.774999618530273,20.34000015258789,20.389999389648438,17.959320068359375,1604600
2023-06-14,20.559999465942383,20.81999969482422,20.149999618530273,20.290000915527344,17.871240615844727,1674000
2023-06-15,20.299999237060547,20.940000534057617,20.239999771118164,20.920000076293945,18.4261417388916,1826000
2023-06-16,21.0,21.100000381469727,20.690000534057617,20.90999984741211,18.41733169555664,5098200
2023-06-20,20.6200008392334,21.040000915527344,20.399999618530273,20.8799991607666,18.390907287597656,1857600
2023-06-21,20.790000915527344,21.030000686645508,20.549999237060547,20.790000915527344,18.31163787841797,2907500
2023-06-22,20.8799991607666,21.1200008392334,20.700000762939453,20.90999984741211,18.41733169555664,1588800
2023-06-23,20.75,20.84000015258789,20.114999771118164,20.239999771118164,17.82720184326172,2226800
2023-06-26,20.239999771118164,20.59000015258789,20.05500030517578,20.520000457763672,18.073827743530273,1385400
2023-06-27,20.420000076293945,20.71500015258789,20.190000534057617,20.6200008392334,18.161903381347656,1427500
2023-06-28,20.670000076293945,20.709999084472656,20.274999618530273,20.420000076293945,17.985746383666992,1194200
2023-06-29,20.329999923706055,20.924999237060547,20.280000686645508,20.729999542236328,18.258790969848633,1741900
2023-06-30,20.93000030517578,20.979999542236328,20.649999618530273,20.809999465942383,18.329254150390625,1583800
2023-07-03,20.739999771118164,20.90999984741211,20.540000915527344,20.56999969482422,18.117862701416016,1140000
2023-07-05,20.43000030517578,20.799999237060547,20.110000610351562,20.549999237060547,18.10024642944336,1460800
2023-07-06,20.209999084472656,20.270000457763672,19.81999969482422,19.920000076293945,17.54534912109375,2258800
2023-07-07,19.860000610351562,20.389999389648438,19.760000228881836,20.100000381469727,17.703893661499023,2730300
2023-07-10,20.149999618530273,20.299999237060547,19.90999984741211,20.190000534057617,17.78316307067871,2193500
2023-07-11,20.219999313354492,21.06999969482422,20.219999313354492,20.790000915527344,18.31163787841797,3500100
2023-07-12,21.049999237060547,21.239999771118164,20.18000030517578,20.270000457763672,17.853626251220703,2159200
2023-07-13,20.31999969482422,20.760000228881836,20.31999969482422,20.709999084472656,18.24117088317871,1413900
2023-07-14,20.770000457763672,20.809999465942383,20.28499984741211,20.520000457763672,18.073827743530273,2683300
2023-07-17,20.399999618530273,20.479999542236328,20.059999465942383,20.3799991607666,17.950510025024414,1584400
2023-07-18,20.350000381469727,20.739999771118164,20.309999465942383,20.530000686645508,18.082632064819336,1299500
2023-07-19,20.649999618530273,20.950000762939453,20.55500030517578,20.809999465942383,18.329254150390625,1653900
2023-07-20,21.010000228881836,21.145000457763672,20.829999923706055,20.899999618530273,18.40852165222168,1335400
2023-07-21,20.979999542236328,21.209999084472656,20.704999923706055,21.170000076293945,18.646337509155273,1474500
2023-07-24,21.239999771118164,21.871000289916992,21.209999084472656,21.530000686645508,18.963424682617188,1828200
2023-07-25,21.440000534057617,21.78499984741211,21.260000228881836,21.739999771118164,19.14838981628418,2360600
2023-07-26,21.68000030517578,22.34000015258789,21.610000610351562,22.290000915527344,19.63282585144043,2477300
2023-07-27,22.3799991607666,22.479999542236328,21.854999542236328,21.8799991607666,19.271699905395508,1685100
2023-07-28,22.260000228881836,22.34000015258789,21.9950008392334,22.18000030517578,19.53593635559082,1509400
2023-07-31,22.149999618530273,22.274999618530273,21.780000686645508,21.979999542236328,19.359777450561523,6248600
2023-08-01,22.040000915527344,22.350000381469727,21.59000015258789,21.729999542236328,19.13957977294922,2055400
2023-08-02,21.479999542236328,21.84000015258789,21.280000686645508,21.809999465942383,19.21004295349121,1846500
2023-08-03,21.760000228881836,21.93000030517578,21.450000762939453,21.510000228881836,18.9458065032959,2299400
2023-08-04,21.559999465942383,21.7450008392334,21.389999389648438,21.530000686645508,18.963424682617188,1766400
2023-08-07,21.6299991607666,22.139999389648438,21.600000381469727,21.799999237060547,19.201236724853516,2928000
2023-08-08,22.594999313354492,24.079999923706055,22.5,23.770000457763672,20.9363956451416,5991800
2023-08-09,23.8799991607666,23.90999984741211,23.084999084472656,23.15999984741211,20.399112701416016,2992100
2023-08-10,23.34000015258789,23.985000610351562,23.329999923706055,23.610000610351562,20.795469284057617,3392400
2023-08-11,23.549999237060547,23.75,23.1200008392334,23.149999618530273,20.390302658081055,1966300
2023-08-14,23.06999969482422,23.3700008392334,22.954999923706055,23.059999465942383,20.31103515625,1884500
2023-08-15,22.90999984741211,23.3700008392334,22.899999618530273,23.260000228881836,20.48719024658203,1788700
2023-08-16,23.100000381469727,23.290000915527344,22.829999923706055,22.860000610351562,20.134870529174805,1286600
2023-08-17,22.760000228881836,22.8799991607666,22.309999465942383,22.440000534057617,20.01003646850586,1404900
2023-08-18,22.209999084472656,22.549999237060547,22.1299991607666,22.489999771118164,20.05462074279785,1802600
2023-08-21,22.3700008392334,22.610000610351562,22.239999771118164,22.399999618530273,19.974367141723633,1169900
2023-08-22,22.440000534057617,22.545000076293945,22.149999618530273,22.15999984741211,19.76035499572754,1369400
2023-08-23,22.239999771118164,22.2450008392334,21.889999389648438,21.920000076293945,19.546342849731445,956700
2023-08-24,21.799999237060547,22.048999786376953,21.5049991607666,21.610000610351562,19.269912719726562,1559800
2023-08-25,21.649999618530273,21.979999542236328,21.510000228881836,21.860000610351562,19.492841720581055,1227500
2023-08-28,21.920000076293945,22.135000228881836,21.906999588012695,22.06999969482422,19.680103302001953,948200
2023-08-29,22.190000534057617,22.399999618530273,22.0,22.350000381469727,19.92978286743164,1164000
2023-08-30,22.299999237060547,22.405000686645508,22.15999984741211,22.31999969482422,19.90302848815918,1232900
2023-08-31,22.389999389648438,22.469999313354492,21.950000762939453,21.959999084472656,19.58201026916504,936100
2023-09-01,22.149999618530273,22.34000015258789,22.010000228881836,22.139999389648438,19.74251937866211,966200
2023-09-05,22.049999237060547,22.079999923706055,20.989999771118164,21.0,18.725969314575195,1697800
2023-09-06,20.860000610351562,21.040000915527344,19.80500030517578,19.829999923706055,17.68266487121582,3648300
2023-09-07,19.81999969482422,20.06999969482422,19.450000762939453,19.469999313354492,17.361648559570312,4320100
2023-09-08,19.520000457763672,19.559999465942383,19.239999771118164,19.290000915527344,17.201141357421875,1919700
2023-09-11,19.350000381469727,19.959999084472656,19.329999923706055,19.670000076293945,17.539989471435547,2661300
2023-09-12,19.6299991607666,19.850000381469727,19.290000915527344,19.440000534057617,17.334897994995117,3280800
2023-09-13,19.290000915527344,19.489999771118164,19.139999389648438,19.270000457763672,17.183307647705078,1923000
2023-09-14,19.520000457763672,19.850000381469727,19.469999313354492,19.790000915527344,17.646995544433594,2455100
2023-09-15,19.639999389648438,19.770000457763672,19.43000030517578,19.540000915527344,17.424070358276367,6077400
2023-09-18,19.5,19.670000076293945,19.299999237060547,19.459999084472656,17.35272979736328,1870000
2023-09-19,19.360000610351562,19.454999923706055,19.0,19.010000228881836,16.951459884643555,2011500
2023-09-20,19.100000381469727,19.170000076293945,18.889999389648438,18.920000076293945,16.87120246887207,2716700
2023-09-21,18.899999618530273,18.9950008392334,18.56999969482422,18.579999923706055,16.568023681640625,2405300
2023-09-22,18.770000457763672,18.770000457763672,18.219999313354492,18.260000228881836,16.282676696777344,3088700
2023-09-25,18.18000030517578,18.270000457763672,17.81999969482422,17.8799991607666,15.94382381439209,3465700
2023-09-26,17.719999313354492,17.809999465942383,17.139999389648438,17.25,15.38204574584961,5360400
2023-09-27,17.149999618530273,17.229999542236328,16.520000457763672,16.59000015258789,14.793514251708984,6085500
2023-09-28,16.6200008392334,17.1299991607666,16.424999237060547,17.079999923706055,15.230454444885254,4098600
2023-09-29,17.25,17.479999542236328,17.139999389648438,17.360000610351562,15.480134963989258,3237000
2023-10-02,17.229999542236328,17.25,16.610000610351562,16.690000534057617,14.882684707641602,3225300
2023-10-03,16.530000686645508,16.670000076293945,16.1299991607666,16.290000915527344,14.526002883911133,2750900
2023-10-04,16.239999771118164,16.395000457763672,16.06999969482422,16.31999969482422,14.552753448486328,3310100
2023-10-05,16.270000457763672,16.420000076293945,16.09000015258789,16.219999313354492,14.463579177856445,2074600
2023-10-06,16.09000015258789,16.69499969482422,15.960000038146973,16.579999923706055,14.78459644317627,2480200
2023-10-09,16.440000534057617,17.010000228881836,16.43000030517578,16.959999084472656,15.123448371887207,3628800
2023-10-10,17.079999923706055,17.524999618530273,16.940000534057617,17.290000915527344,15.417716026306152,2343900
2023-10-11,17.3700008392334,17.3700008392334,17.094999313354492,17.219999313354492,15.355295181274414,2431300
2023-10-12,17.110000610351562,17.15999984741211,16.59000015258789,16.639999389648438,14.83810043334961,2590900
2023-10-13,16.709999084472656,17.40999984741211,16.459999084472656,17.31999969482422,15.444463729858398,3868100
2023-10-16,17.469999313354492,17.690000534057617,16.665000915527344,16.860000610351562,15.034281730651855,5892100
2023-10-17,16.649999618530273,16.940000534057617,16.299999237060547,16.440000534057617,14.659758567810059,68003400
2023-10-18,16.299999237060547,16.420000076293945,16.049999237060547,16.290000915527344,14.526002883911133,4009100
2023-10-19,16.209999084472656,16.31999969482422,15.975000381469727,16.139999389648438,14.392245292663574,4502800
2023-10-20,16.010000228881836,16.170000076293945,15.875,15.899999618530273,14.178234100341797,2396400
2023-10-23,15.989999771118164,16.09000015258789,15.460000038146973,15.479999542236328,13.803714752197266,3163800
2023-10-24,15.5,15.854999542236328,15.454999923706055,15.760000228881836,14.053393363952637,3517900
2023-10-25,15.550000190734863,15.739999771118164,15.46500015258789,15.649999618530273,13.955304145812988,2188700
2023-10-26,15.5600004196167,15.729999542236328,15.300000190734863,15.3100004196167,13.652121543884277,3346600
2023-10-27,15.260000228881836,15.279999732971191,14.930000305175781,14.960000038146973,13.3400239944458,3813900
2023-10-30,15.0600004196167,15.199999809265137,14.664999961853027,14.930000305175781,13.313272476196289,3572200
2023-10-31,14.970000267028809,15.020000457763672,14.604999542236328,14.789999961853027,13.188431739807129,3646700
2023-11-01,14.779999732971191,14.845000267028809,14.579999923706055,14.649999618530273,13.063591957092285,3171900
2023-11-02,14.479999542236328,14.848999977111816,12.649999618530273,13.109999656677246,11.690353393554688,11350900
2023-11-03,13.279999732971191,13.619999885559082,12.8100004196167,13.300000190734863,11.859780311584473,11942900
2023-11-06,13.09000015258789,13.180000305175781,12.529999732971191,12.5600004196167,11.199912071228027,8292000
2023-11-07,12.489999771118164,12.720000267028809,12.140000343322754,12.40999984741211,11.066154479980469,5219000
2023-11-08,12.479999542236328,12.479999542236328,12.029999732971191,12.270000457763672,10.941316604614258,5153700
2023-11-09,12.25,12.260000228881836,11.420000076293945,11.420000076293945,10.183361053466797,5481000
2023-11-10,11.119999885559082,11.180000305175781,10.920000076293945,11.119999885559082,10.165077209472656,5171900
2023-11-13,11.010000228881836,11.300000190734863,10.914999961853027,11.029999732971191,10.082806587219238,4337700
2023-11-14,11.289999961853027,11.729999542236328,11.149999618530273,11.460000038146973,10.475881576538086,4620900
2023-11-15,11.430000305175781,11.699999809265137,11.350000381469727,11.5600004196167,10.567292213439941,3124400
2023-11-16,11.529999732971191,11.53499984741211,10.904999732971191,10.949999809265137,10.009675025939941,4187300
2023-11-17,11.109999656677246,11.350000381469727,11.050000190734863,11.3100004196167,10.338762283325195,4487700
2023-11-20,11.229999542236328,11.300000190734863,11.104999542236328,11.1899995803833,10.229065895080566,2745900
2023-11-21,11.140000343322754,11.225000381469727,10.989999771118164,11.029999732971191,10.082806587219238,3535800
2023-11-22,11.140000343322754,11.350000381469727,11.079999923706055,11.239999771118164,10.274772644042969,2711300
2023-11-24,11.270000457763672,11.390000343322754,11.222000122070312,11.359999656677246,10.384467124938965,1159500
2023-11-27,11.329999923706055,11.489999771118164,11.170000076293945,11.430000305175781,10.448455810546875,3646100
2023-11-28,11.4399995803833,11.555000305175781,11.25,11.300000190734863,10.329620361328125,3818100
2023-11-29,11.350000381469727,11.449999809265137,11.232000350952148,11.40999984741211,10.430173873901367,6129200
2023-11-30,11.5,11.550000190734863,11.229999542236328,11.319999694824219,10.347901344299316,4066000
2023-12-01,11.329999923706055,11.720000267028809,11.220000267028809,11.5,10.512444496154785,3188800
2023-12-04,11.420000076293945,11.869999885559082,11.399999618530273,11.829999923706055,10.814105033874512,4417600
2023-12-05,11.720000267028809,11.8100004196167,11.0649995803833,11.09000015258789,10.137652397155762,4579400
2023-12-06,11.270000457763672,11.279999732971191,10.835000038146973,10.989999771118164,10.04624080657959,4574600
2023-12-07,10.989999771118164,11.510000228881836,10.92199993133545,11.329999923706055,10.357044219970703,5695700
2023-12-08,11.350000381469727,11.5,10.954999923706055,11.020000457763672,10.073664665222168,3874800
2023-12-11,11.100000381469727,11.350000381469727,11.020000457763672,11.229999542236328,10.265631675720215,4490500
2023-12-12,11.25,11.623000144958496,10.970000267028809,11.539999961853027,10.54901123046875,7196800
2023-12-13,11.5,12.479999542236328,11.3100004196167,12.420000076293945,11.353440284729004,9431000
2023-12-14,12.75,13.029999732971191,12.619999885559082,12.819999694824219,11.719091415405273,6671900
2023-12-15,12.779999732971191,13.369999885559082,12.710000038146973,13.079999923706055,11.956764221191406,10736100
2023-12-18,13.109999656677246,13.239999771118164,12.869999885559082,13.119999885559082,11.993330955505371,4490600
2023-12-19,13.270000457763672,13.59000015258789,13.164999961853027,13.520000457763672,12.358979225158691,5225900
2023-12-20,13.470000267028809,13.59000015258789,13.140000343322754,13.140000343322754,12.01161003112793,4443500
2023-12-21,13.449999809265137,13.899999618530273,13.404000282287598,13.600000381469727,12.432109832763672,4634000
2023-12-22,13.59000015258789,13.979999542236328,13.574999809265137,13.90999984741211,12.715489387512207,3484700
2023-12-26,13.930000305175781,14.239999771118164,13.869999885559082,14.130000114440918,12.916595458984375,4166300
2023-12-27,14.140000343322754,14.489999771118164,14.109999656677246,14.359999656677246,13.12684440612793,2870600
2023-12-28,14.390000343322754,14.59000015258789,14.3100004196167,14.479999542236328,13.236538887023926,2417500
2023-12-29,14.399999618530273,14.524999618530273,14.239999771118164,14.420000076293945,13.181693077087402,2709200
2024-01-02,14.420000076293945,15.125,14.420000076293945,14.710000038146973,13.446786880493164,4556300
2024-01-03,14.640000343322754,14.779999732971191,14.279999732971191,14.630000114440918,13.373658180236816,2980200
2024-01-04,14.680000305175781,14.729999542236328,13.699999809265137,13.779999732971191,12.596652030944824,5356500
2024-01-05,13.800000190734863,14.475000381469727,13.649999618530273,14.40999984741211,13.172550201416016,4903100
2024-01-08,14.350000381469727,16.31999969482422,14.350000381469727,16.299999237060547,14.900247573852539,9021500
2024-01-09,16.209999084472656,16.385000228881836,16.010000228881836,16.200000762939453,14.808836936950684,4857600
2024-01-10,16.239999771118164,17.21500015258789,16.09000015258789,17.200000762939453,15.722962379455566,6404300
2024-01-11,17.18000030517578,17.3700008392334,16.65999984741211,16.829999923706055,15.384734153747559,5070600
2024-01-12,16.860000610351562,17.354999542236328,16.739999771118164,16.75,15.311604499816895,2978000
2024-01-16,16.649999618530273,16.774999618530273,16.334999084472656,16.59000015258789,15.16534423828125,3200200
2024-01-17,16.360000610351562,16.520000457763672,15.739999771118164,15.899999618530273,14.534597396850586,4123200
2024-01-18,15.989999771118164,16.15999984741211,15.475000381469727,15.6899995803833,14.342631340026855,3806700
2024-01-19,15.649999618530273,15.729999542236328,15.329999923706055,15.5,14.168947219848633,3302900
2024-01-22,15.600000381469727,15.979999542236328,15.520000457763672,15.6899995803833,14.342631340026855,2649100
2024-01-23,15.850000381469727,16.309999465942383,15.734999656677246,16.270000457763672,14.872824668884277,2544600
2024-01-24,16.389999389648438,16.600000381469727,16.270000457763672,16.420000076293945,15.009942054748535,2314900
2024-01-25,16.65999984741211,16.850000381469727,16.469999313354492,16.84000015258789,15.393876075744629,2269200
2024-01-26,16.799999237060547,17.014999389648438,16.649999618530273,16.729999542236328,15.293322563171387,2502900
2024-01-29,16.81999969482422,17.18000030517578,16.601999282836914,17.15999984741211,15.686397552490234,2257900
2024-01-30,17.1200008392334,17.18000030517578,16.6200008392334,16.780000686645508,15.339028358459473,1679100
2024-01-31,16.829999923706055,17.079999923706055,16.649999618530273,16.649999618530273,15.220192909240723,3032300
2024-02-01,16.75,17.299999237060547,16.570999145507812,17.239999771118164,15.759527206420898,1881500
2024-02-02,17.170000076293945,17.209999084472656,16.610000610351562,16.639999389648438,15.211050033569336,1961000
2024-02-05,16.600000381469727,16.6299991607666,16.020000457763672,16.040000915527344,14.662575721740723,2070900
2024-02-06,16.100000381469727,17.139999389648438,16.035999298095703,16.950000762939453,15.49443244934082,2824200
2024-02-07,16.850000381469727,16.889999389648438,16.059999465942383,16.25,14.85454273223877,2616200
2024-02-08,16.18000030517578,16.31999969482422,15.9399995803833,16.309999465942383,14.909388542175293,2355200
2024-02-09,16.329999923706055,16.43000030517578,16.1200008392334,16.3799991607666,14.973379135131836,2035000
2024-02-12,16.479999542236328,16.8700008392334,16.469999313354492,16.829999923706055,15.384734153747559,2255500
2024-02-13,16.530000686645508,16.540000915527344,15.84000015258789,16.1200008392334,14.735706329345703,3396100
2024-02-14,16.280000686645508,16.440000534057617,15.930000305175781,16.360000610351562,14.955098152160645,3559200
2024-02-15,17.850000381469727,19.079999923706055,17.649999618530273,18.6200008392334,17.021020889282227,7744800
2024-02-16,18.559999465942383,18.985000610351562,18.350000381469727,18.709999084472656,17.103288650512695,3397600
2024-02-20,18.75,18.93000030517578,18.3799991607666,18.489999771118164,16.902183532714844,3370500
2024-02-21,18.700000762939453,18.969999313354492,18.2549991607666,18.530000686645508,16.938751220703125,3291500
2024-02-22,18.510000228881836,18.670000076293945,18.270000457763672,18.549999237060547,16.957027435302734,2281600
2024-02-23,18.399999618530273,18.700000762939453,18.049999237060547,18.5,17.170503616333008,2390800
2024-02-26,18.5,18.6200008392334,17.625,17.649999618530273,16.3815860748291,2898200
2024-02-27,17.75,18.264999389648438,17.610000610351562,18.040000915527344,16.743558883666992,1932400
2024-02-28,17.889999389648438,17.934999465942383,17.6560001373291,17.829999923706055,16.54865264892578,2550800
2024-02-29,17.8799991607666,17.950000762939453,17.385000228881836,17.40999984741211,16.158830642700195,2781900
2024-03-01,17.5,17.600000381469727,17.25,17.559999465942383,16.298053741455078,1549700
2024-03-04,17.600000381469727,17.68000030517578,17.290000915527344,17.389999389648438,16.14027214050293,1773300
2024-03-05,17.3799991607666,17.8700008392334,17.34000015258789,17.75,16.474401473999023,1530100
2024-03-06,17.950000762939453,18.03499984741211,17.735000610351562,17.969999313354492,16.6785888671875,1656400
2024-03-07,18.100000381469727,18.479999542236328,18.0,18.229999542236328,16.919906616210938,1405400
2024-03-08,18.270000457763672,18.524999618530273,18.149999618530273,18.450000762939453,17.124095916748047,1558000
2024-03-11,18.350000381469727,18.739999771118164,18.270000457763672,18.34000015258789,17.02199935913086,1811200
2024-03-12,18.309999465942383,18.479999542236328,18.25,18.270000457763672,16.957027435302734,1675500
2024-03-13,18.360000610351562,18.610000610351562,18.229999542236328,18.549999237060547,17.216909408569336,2799400
2024-03-14,18.260000228881836,18.6299991607666,18.030000686645508,18.360000610351562,17.040563583374023,2264700
2024-03-15,18.059999465942383,18.3799991607666,18.059999465942383,18.280000686645508,16.96631622314453,4317600
2024-03-18,18.309999465942383,18.309999465942383,17.572999954223633,17.809999465942383,16.530088424682617,3069800
2024-03-19,17.799999237060547,18.079999923706055,17.610000610351562,17.940000534057617,16.650747299194336,2378600
2024-03-20,17.690000534057617,18.18000030517578,17.600000381469727,18.149999618530273,16.845651626586914,1879500
2024-03-21,18.290000915527344,18.520000457763672,18.204999923706055,18.299999237060547,16.984872817993164,1612700
2024-03-22,18.350000381469727,18.610000610351562,17.670000076293945,17.780000686645508,16.502246856689453,1861800
2024-03-25,17.829999923706055,17.889999389648438,17.600000381469727,17.81999969482422,16.539371490478516,1502100
2024-03-26,17.969999313354492,18.190000534057617,17.854999542236328,18.1200008392334,16.81781005859375,1797900
2024-03-27,18.25,18.5,18.174999237060547,18.450000762939453,17.124095916748047,1646800
2024-03-28,18.5,18.93000030517578,18.424999237060547,18.799999237060547,17.44894027709961,2254300
2024-04-01,18.809999465942383,18.825000762939453,18.334999084472656,18.5,17.170503616333008,1481700
2024-04-02,18.260000228881836,18.329999923706055,18.040000915527344,18.1299991607666,16.82709312438965,1564500
2024-04-03,18.100000381469727,18.200000762939453,17.854999542236328,17.90999984741211,16.622900009155273,2221000
2024-04-04,18.170000076293945,18.229999542236328,17.8700008392334,17.8700008392334,16.585779190063477,1445000
2024-04-05,17.799999237060547,18.014999389648438,17.520000457763672,17.860000610351562,16.576496124267578,2011300
2024-04-08,18.030000686645508,18.18000030517578,17.670000076293945,18.15999984741211,16.854938507080078,1286200
2024-04-09,18.149999618530273,18.43000030517578,18.094999313354492,18.40999984741211,17.08696937561035,1645700
2024-04-10,18.010000228881836,18.219999313354492,18.0,18.15999984741211,16.854938507080078,2566300
2024-04-11,18.389999389648438,18.469999313354492,17.924999237060547,18.280000686645508,16.96631622314453,1854500
2024-04-12,18.190000534057617,18.239999771118164,17.329999923706055,17.450000762939453,16.19596290588379,2976300
2024-04-15,17.600000381469727,17.920000076293945,17.579999923706055,17.709999084472656,16.437274932861328,3048700
2024-04-16,17.549999237060547,17.920000076293945,17.3799991607666,17.790000915527344,16.511526107788086,2503400
2024-04-17,17.889999389648438,17.920000076293945,17.433000564575195,17.8700008392334,16.585779190063477,2798600
2024-04-18,17.899999618530273,18.235000610351562,17.809999465942383,17.860000610351562,16.576496124267578,2129600
2024-04-19,17.8799991607666,18.024999618530273,17.3799991607666,17.81999969482422,16.539371490478516,3612200
2024-04-22,17.969999313354492,18.110000610351562,17.790000915527344,18.0,16.706432342529297,1551000
2024-04-23,17.959999084472656,18.540000915527344,17.81999969482422,18.520000457763672,17.18906593322754,1699300
2024-04-24,18.440000534057617,18.75,18.110000610351562,18.709999084472656,17.36540985107422,1999300
2024-04-25,18.6200008392334,18.729999542236328,18.200000762939453,18.420000076293945,17.09625244140625,1541900
2024-04-26,18.43000030517578,18.68000030517578,18.329999923706055,18.549999237060547,17.216909408569336,2049700
2024-04-29,18.690000534057617,19.040000915527344,18.690000534057617,18.899999618530273,17.54175567626953,2158900
2024-04-30,18.84000015258789,18.920000076293945,18.559999465942383,18.610000610351562,17.27259635925293,2340300
2024-05-01,18.610000610351562,19.1200008392334,18.59000015258789,18.829999923706055,17.476787567138672,2398200
2024-05-02,19.440000534057617,19.889999389648438,18.110000610351562,19.5,18.098636627197266,4580500
2024-05-03,20.0,20.299999237060547,19.40999984741211,19.610000610351562,18.20073127746582,3217600
2024-05-06,19.75,20.790000915527344,19.59000015258789,20.68000030517578,19.193836212158203,3180100
2024-05-07,20.690000534057617,20.969999313354492,20.3700008392334,20.399999618530273,18.9339599609375,2438100
2024-05-08,20.229999542236328,20.5049991607666,20.079999923706055,20.3700008392334,18.906116485595703,2114300
2024-05-09,20.3700008392334,20.68000030517578,20.110000610351562,20.510000228881836,19.036054611206055,2023500
2024-05-10,20.40999984741211,20.75,20.295000076293945,20.420000076293945,19.214839935302734,1333800
2024-05-13,20.56999969482422,21.079999923706055,20.469999313354492,20.940000534057617,19.704151153564453,1929900
2024-05-14,21.190000534057617,21.559999465942383,21.135000228881836,21.350000381469727,20.089956283569336,2142300
2024-05-15,21.489999771118164,21.719999313354492,21.25,21.649999618530273,20.37224769592285,2641200
2024-05-16,21.559999465942383,21.665000915527344,21.170000076293945,21.520000457763672,20.249921798706055,1826700
2024-05-17,21.489999771118164,21.979999542236328,21.43000030517578,21.799999237060547,20.51339340209961,1669100
2024-05-20,21.799999237060547,21.850000381469727,21.59000015258789,21.770000457763672,20.485166549682617,1238000
2024-05-21,21.639999389648438,21.8799991607666,21.6299991607666,21.850000381469727,20.56044578552246,1525500
2024-05-22,21.65999984741211,21.979999542236328,21.639999389648438,21.959999084472656,20.663949966430664,1437800
2024-05-23,21.8700008392334,21.885000228881836,21.295000076293945,21.350000381469727,20.089956283569336,1679200
2024-05-24,21.440000534057617,21.469999313354492,20.899999618530273,20.989999771118164,19.75119972229004,1043700
2024-05-28,21.010000228881836,21.15999984741211,20.860000610351562,20.979999542236328,19.741790771484375,1190900
2024-05-29,20.829999923706055,20.90999984741211,20.420000076293945,20.56999969482422,19.355985641479492,1447200
2024-05-30,20.600000381469727,21.010000228881836,20.520000457763672,20.940000534057617,19.704151153564453,1783000
2024-05-31,21.0,21.420000076293945,20.90999984741211,21.329999923706055,20.07113265991211,1981000
2024-06-03,21.309999465942383,21.780000686645508,21.09000015258789,21.3799991607666,20.118181228637695,1290400
2024-06-04,21.329999923706055,21.454999923706055,20.799999237060547,20.8799991607666,19.647689819335938,1339100
2024-06-05,20.93000030517578,21.020000457763672,20.69499969482422,20.959999084472656,19.72296714782715,1026800
2024-06-06,20.809999465942383,21.014999389648438,20.549999237060547,20.670000076293945,19.45008659362793,952200
2024-06-07,20.530000686645508,20.809999465942383,20.31999969482422,20.75,19.525365829467773,900300
2024-06-10,20.559999465942383,20.815000534057617,20.360000610351562,20.709999084472656,19.487720489501953,1107500
2024-06-11,20.579999923706055,20.65999984741211,20.165000915527344,20.260000228881836,19.064281463623047,3843100
2024-06-12,20.809999465942383,21.149999618530273,20.6200008392334,20.84000015258789,19.61005210876465,1833300
2024-06-13,20.770000457763672,20.84000015258789,20.46500015258789,20.510000228881836,19.299530029296875,1223900
2024-06-14,20.270000457763672,20.454999923706055,19.81999969482422,20.399999618530273,19.196022033691406,1402100
2024-06-17,20.309999465942383,20.540000915527344,19.8799991607666,20.350000381469727,19.148967742919922,1418700
2024-06-18,20.299999237060547,20.440000534057617,20.209999084472656,20.350000381469727,19.148967742919922,1572500
2024-06-20,20.219999313354492,20.540000915527344,20.149999618530273,20.450000762939453,19.243070602416992,1123200
2024-06-21,20.610000610351562,20.93000030517578,20.309999465942383,20.84000015258789,19.61005210876465,3368000
2024-06-24,20.950000762939453,21.440000534057617,20.899999618530273,21.1200008392334,19.873531341552734,1427100
2024-06-25,21.1299991607666,21.190000534057617,20.790000915527344,20.790000915527344,19.563005447387695,845700
2024-06-26,20.610000610351562,20.709999084472656,20.405000686645508,20.6299991607666,19.412446975708008,869600
2024-06-27,20.59000015258789,20.709999084472656,20.3799991607666,20.59000015258789,19.37480354309082,873500
2024-06-28,20.760000228881836,21.030000686645508,20.514999389648438,20.700000762939453,19.478317260742188,2030200
2024-07-01,20.81999969482422,21.010000228881836,20.170000076293945,20.309999465942383,19.111330032348633,1483400
2024-07-02,20.15999984741211,20.3799991607666,20.049999237060547,20.1200008392334,18.932546615600586,913800
2024-07-03,20.18000030517578,20.549999237060547,20.1200008392334,20.309999465942383,19.111330032348633,890400
2024-07-05,20.25,20.309999465942383,19.940000534057617,20.110000610351562,18.92313575744629,1887400
2024-07-08,20.309999465942383,20.459999084472656,20.1200008392334,20.139999389648438,18.951366424560547,1074000
2024-07-09,20.139999389648438,20.29199981689453,19.834999084472656,19.93000030517578,18.753759384155273,1784900
2024-07-10,19.93000030517578,20.049999237060547,19.34000015258789,19.920000076293945,18.744348526000977,1938000
2024-07-11,20.239999771118164,20.989999771118164,20.149999618530273,20.8799991607666,19.647689819335938,1723300
2024-07-12,21.020000457763672,21.440000534057617,20.81999969482422,21.299999237060547,20.04290199279785,1962300
2024-07-15,21.360000610351562,21.389999389648438,20.719999313354492,20.729999542236328,19.506546020507812,1024500
2024-07-16,20.84000015258789,21.049999237060547,20.635000228881836,20.809999465942383,19.58182144165039,1361800
2024-07-17,20.600000381469727,21.43000030517578,20.549999237060547,21.15999984741211,19.911165237426758,1809200
2024-07-18,21.030000686645508,21.489999771118164,20.8700008392334,20.969999313354492,19.732379913330078,1154100
2024-07-19,20.940000534057617,21.18000030517578,20.860000610351562,20.979999542236328,19.741790771484375,1126500
2024-07-22,21.139999389648438,21.559999465942383,20.670000076293945,21.540000915527344,20.268739700317383,1292200
2024-07-23,21.4950008392334,21.68000030517578,21.09000015258789,21.459999084472656,20.19346046447754,1370400
2024-07-24,21.469999313354492,21.940000534057617,21.3700008392334,21.6299991607666,20.353425979614258,1211400
2024-07-25,21.850000381469727,22.15999984741211,21.540000915527344,22.06999969482422,20.7674617767334,1862900
2024-07-26,22.25,22.3700008392334,21.670000076293945,22.190000534057617,20.880380630493164,987600
2024-07-29,22.3799991607666,22.559999465942383,21.989999771118164,22.479999542236328,21.153263092041016,1756200
2024-07-30,22.5,22.610000610351562,22.0,22.270000457763672,20.955656051635742,1301200
2024-07-31,22.3799991607666,22.440000534057617,21.75200080871582,21.860000610351562,20.569852828979492,1536100
2024-08-01,21.979999542236328,22.1299991607666,21.510000228881836,21.649999618530273,20.37224769592285,1614800
2024-08-02,21.360000610351562,21.5,20.510000228881836,20.90999984741211,19.675920486450195,2064100
2024-08-05,19.799999237060547,20.459999084472656,19.459999084472656,20.190000534057617,18.998414993286133,3098600
2024-08-06,19.579999923706055,19.899999618530273,17.75,18.649999618530273,17.549299240112305,8378400
2024-08-07,19.020000457763672,19.594999313354492,18.625,19.049999237060547,17.92569351196289,2413300
2024-08-08,19.200000762939453,19.770999908447266,18.790000915527344,19.559999465942383,18.405595779418945,1828800
2024-08-09,19.610000610351562,20.4689998626709,19.350000381469727,20.149999618530273,18.96077537536621,1676200
2024-08-12,20.200000762939453,20.2450008392334,19.149999618530273,19.459999084472656,18.311498641967773,1827100
2024-08-13,19.639999389648438,20.334999084472656,19.479999542236328,20.290000915527344,19.092510223388672,1180600
2024-08-14,20.3799991607666,20.469999313354492,19.795000076293945,19.969999313354492,18.791397094726562,1591200
2024-08-15,20.270000457763672,20.670000076293945,20.209999084472656,20.219999313354492,19.026643753051758,1200900
2024-08-16,19.950000762939453,20.469999313354492,19.760000228881836,20.350000381469727,19.41786003112793,1720700
2024-08-19,20.40999984741211,20.989999771118164,20.190000534057617,20.959999084472656,19.99991798400879,1674100
2024-08-20,20.760000228881836,21.309999465942383,20.709999084472656,20.799999237060547,19.847248077392578,1459300
2024-08-21,20.850000381469727,21.049999237060547,20.700000762939453,21.030000686645508,20.06671714782715,1681400
2024-08-22,21.079999923706055,21.079999923706055,20.780000686645508,20.889999389648438,19.93312644958496,1114000
2024-08-23,21.0,22.489999771118164,20.915000915527344,22.360000610351562,21.33579444885254,2945600
2024-08-26,22.399999618530273,23.100000381469727,22.270000457763672,23.030000686645508,21.97510528564453,1914100
2024-08-27,22.920000076293945,22.979999542236328,22.139999389648438,22.40999984741211,21.38350486755371,1465400
2024-08-28,22.209999084472656,22.600000381469727,22.190000534057617,22.469999313354492,21.44075584411621,1105200
2024-08-29,22.639999389648438,22.670000076293945,22.260000228881836,22.309999465942383,21.288087844848633,1217500
2024-08-30,22.440000534057617,22.610000610351562,22.149999618530273,22.350000381469727,21.32625389099121,1447000
2024-09-03,22.06999969482422,22.31999969482422,21.84000015258789,22.079999923706055,21.068620681762695,1251000
2024-09-04,22.030000686645508,22.309999465942383,21.93000030517578,22.219999313354492,21.202207565307617,886700
2024-09-05,22.399999618530273,22.420000076293945,21.280000686645508,21.360000610351562,20.381603240966797,1356600
2024-09-06,20.959999084472656,21.25,20.479999542236328,20.489999771118164,19.551450729370117,1647800
2024-09-09,20.440000534057617,20.59000015258789,20.139999389648438,20.18000030517578,19.25564956665039,1359200
2024-09-10,20.149999618530273,20.219999313354492,19.844999313354492,20.09000015258789,19.169771194458008,1284200
2024-09-11,20.010000228881836,20.270999908447266,19.704999923706055,20.15999984741211,19.2365665435791,1181100
2024-09-12,20.100000381469727,20.329999923706055,20.040000915527344,20.290000915527344,19.360610961914062,1280300
2024-09-13,20.540000915527344,20.920000076293945,20.440000534057617,20.469999313354492,19.53236198425293,1053300
2024-09-16,20.510000228881836,21.05500030517578,20.40999984741211,20.8799991607666,19.923585891723633,1087100
2024-09-17,20.93000030517578,20.959999084472656,20.3799991607666,20.549999237060547,19.608701705932617,1345800
2024-09-18,20.510000228881836,20.579999923706055,19.420000076293945,19.969999313354492,19.055267333984375,3863100
2024-09-19,20.260000228881836,20.479999542236328,19.700000762939453,20.18000030517578,19.25564956665039,2648900
2024-09-20,20.09000015258789,20.09000015258789,19.43000030517578,19.489999771118164,18.59725570678711,5887500
2024-09-23,19.549999237060547,19.79199981689453,19.459999084472656,19.719999313354492,18.816720962524414,1254300
2024-09-24,19.799999237060547,19.829999923706055,19.510000228881836,19.65999984741211,18.759469985961914,1279900
2024-09-25,19.700000762939453,19.729999542236328,18.954999923706055,19.030000686645508,18.1583251953125,2411800
2024-09-26,19.18000030517578,19.260000228881836,18.979999542236328,19.170000076293945,18.291912078857422,1706100
2024-09-27,19.389999389648438,19.40999984741211,19.04400062561035,19.18000030517578,18.301456451416016,1627600
2024-09-30,19.260000228881836,19.350000381469727,19.077999114990234,19.1299991607666,18.253742218017578,2608500
2024-10-01,19.100000381469727,19.149999618530273,18.6299991607666,18.829999923706055,17.967487335205078,2161600
2024-10-02,18.8799991607666,18.924999237060547,18.503999710083008,18.579999923706055,17.728939056396484,2029400
2024-10-03,18.5,18.649999618530273,18.219999313354492,18.260000228881836,17.423595428466797,2203800
2024-10-04,18.399999618530273,18.530000686645508,18.25,18.290000915527344,17.45222282409668,2175600
2024-10-07,18.329999923706055,18.329999923706055,17.84000015258789,18.1200008392334,17.290008544921875,2854800
2024-10-08,18.040000915527344,18.18000030517578,17.959999084472656,18.100000381469727,17.270925521850586,1760100
2024-10-09,18.1200008392334,18.170000076293945,17.93000030517578,18.030000686645508,17.204130172729492,1952400
2024-10-10,18.030000686645508,18.079999923706055,17.719999313354492,17.979999542236328,17.156421661376953,2095600
2024-10-11,17.969999313354492,18.15999984741211,17.8799991607666,18.0,17.17550277709961,1841000
2024-10-14,17.959999084472656,18.149999618530273,17.809999465942383,18.100000381469727,17.270925521850586,1608300
2024-10-15,18.059999465942383,18.350000381469727,17.899999618530273,18.040000915527344,17.213672637939453,2358900
2024-10-16,18.149999618530273,18.270000457763672,17.940000534057617,17.940000534057617,17.118255615234375,2190500
2024-10-17,17.979999542236328,17.979999542236328,17.600000381469727,17.639999389648438,16.831995010375977,1656500
2024-10-18,17.690000534057617,17.72599983215332,17.440000534057617,17.610000610351562,16.803369522094727,1757000
2024-10-21,17.559999465942383,17.790000915527344,17.420000076293945,17.450000762939453,16.65070152282715,1965900
2024-10-22,17.40999984741211,17.479999542236328,17.25,17.350000381469727,16.55527687072754,1340400
2024-10-23,17.309999465942383,17.43000030517578,17.15999984741211,17.209999084472656,16.421693801879883,1770400
2024-10-24,17.200000762939453,17.34000015258789,17.100000381469727,17.219999313354492,16.43123435974121,1991600
2024-10-25,17.270000457763672,17.360000610351562,17.139999389648438,17.15999984741211,16.373981475830078,1533400
2024-10-28,17.360000610351562,17.518999099731445,17.239999771118164,17.459999084472656,16.660242080688477,1557400
2024-10-29,17.329999923706055,17.8799991607666,17.200000762939453,17.850000381469727,17.03237533569336,3106000
2024-10-30,17.75,18.114999771118164,17.56999969482422,17.93000030517578,17.10871124267578,3347100
2024-10-31,18.010000228881836,19.045000076293945,17.860000610351562,18.780000686645508,17.919776916503906,4092800
2024-11-01,18.5,18.940000534057617,18.049999237060547,18.06999969482422,17.242300033569336,2703000
2024-11-04,17.959999084472656,18.020000457763672,16.815000534057617,16.920000076293945,16.144977569580078,4597300
2024-11-05,16.739999771118164,16.850000381469727,15.979999542236328,16.459999084472656,15.70604419708252,7657800
2024-11-06,16.75,16.81999969482422,15.734999656677246,15.800000190734863,15.076278686523438,5543900
2024-11-07,16.0,16.344999313354492,15.9399995803833,16.1200008392334,15.381621360778809,3355200
2024-11-08,16.190000534057617,16.264999389648438,15.949999809265137,16.040000915527344,15.305282592773438,2570100
2024-11-11,16.170000076293945,16.44499969482422,16.049999237060547,16.09000015258789,15.352992057800293,2845800
2024-11-12,15.569999694824219,15.720000267028809,15.244999885559082,15.579999923706055,15.12964153289795,3638600
2024-11-13,15.579999923706055,15.845000267028809,15.470000267028809,15.609999656677246,15.158774375915527,2285000
2024-11-14,15.699999809265137,15.829999923706055,15.25,15.3100004196167,14.867446899414062,1909100
2024-11-15,15.25,15.34000015258789,14.854999542236328,15.029999732971191,14.595539093017578,2831500
2024-11-18,14.899999618530273,15.149999618530273,14.800000190734863,15.100000381469727,14.663517951965332,2373300
2024-11-19,14.930000305175781,15.050000190734863,14.385000228881836,14.59000015258789,14.168259620666504,3796000
2024-11-20,14.59000015258789,14.779999732971191,14.449999809265137,14.729999542236328,14.304210662841797,2310100
2024-11-21,14.770000457763672,15.050000190734863,14.75,14.890000343322754,14.459588050842285,2219300
2024-11-22,14.9399995803833,15.470000267028809,14.9399995803833,15.279999732971191,14.838313102722168,2548900
2024-11-25,15.489999771118164,16.290000915527344,15.449999809265137,16.170000076293945,15.702587127685547,4571200
2024-11-26,16.149999618530273,16.200000762939453,15.670000076293945,15.789999961853027,15.333571434020996,2776000
2024-11-27,15.880000114440918,16.149999618530273,15.880000114440918,15.979999542236328,15.518077850341797,1855200
2024-11-29,16.030000686645508,16.139999389648438,15.725000381469727,15.869999885559082,15.41125774383545,1061000
2024-12-02,15.850000381469727,15.850000381469727,15.34000015258789,15.569999694824219,15.119930267333984,2606900
2024-12-03,15.600000381469727,15.739999771118164,15.489999771118164,15.65999984741211,15.207328796386719,1469800
2024-12-04,15.550000190734863,15.649999618530273,15.279999732971191,15.359999656677246,14.916000366210938,2078900
2024-12-05,15.369999885559082,15.6899995803833,15.260000228881836,15.5600004196167,15.110220909118652,2092000
2024-12-06,15.670000076293945,15.75,15.0600004196167,15.119999885559082,14.682938575744629,2755400
2024-12-09,15.15999984741211,15.305000305175781,15.010000228881836,15.050000190734863,14.614962577819824,3120500
2024-12-10,15.0,15.630000114440918,14.800000190734863,15.119999885559082,14.682938575744629,4003400
2024-12-11,15.140000343322754,15.779999732971191,15.020000457763672,15.680000305175781,15.226751327514648,4162100
2024-12-12,15.649999618530273,15.949999809265137,15.319999694824219,15.350000381469727,14.906291961669922,3833400
2024-12-13,15.270000457763672,15.399999618530273,14.75,15.300000190734863,14.857734680175781,5316900
2024-12-16,15.229999542236328,15.40999984741211,14.5600004196167,14.579999923706055,14.158547401428223,4447800
2024-12-17,14.5600004196167,14.8100004196167,14.524999618530273,14.770000457763672,14.343055725097656,3483200
2024-12-18,14.800000190734863,15.145000457763672,14.5,14.510000228881836,14.090571403503418,3187100
2024-12-19,14.529999732971191,14.789999961853027,14.385000228881836,14.4399995803833,14.022594451904297,3875800
2024-12-20,14.539999961853027,14.914999961853027,14.40999984741211,14.579999923706055,14.158547401428223,31638600
2024-12-23,14.510000228881836,14.739999771118164,13.869999885559082,14.699999809265137,14.275078773498535,4392600
2024-12-24,14.680000305175781,14.8100004196167,14.510000228881836,14.729999542236328,14.304210662841797,1141100
2024-12-26,14.670000076293945,15.010000228881836,14.649999618530273,14.949999809265137,14.517852783203125,2198300
2024-12-27,14.899999618530273,15.140000343322754,14.8100004196167,15.0600004196167,14.624672889709473,2588600
2024-12-30,14.949999809265137,14.970000267028809,14.600000381469727,14.640000343322754,14.216814994812012,2489900
2024-12-31,14.65999984741211,15.114999771118164,14.569999694824219,14.920000076293945,14.48871898651123,2729400
2025-01-02,15.010000228881836,15.039999961853027,14.649999618530273,14.960000038146973,14.52756404876709,2380300
2025-01-03,14.960000038146973,15.460000038146973,14.845000267028809,15.4399995803833,14.99368953704834,2193800
2025-01-06,15.550000190734863,16.038000106811523,15.319999694824219,15.479999542236328,15.03253173828125,4142200
2025-01-07,15.569999694824219,15.970000267028809,15.520000457763672,15.720000267028809,15.265596389770508,2642000
2025-01-08,15.649999618530273,16.024999618530273,15.239999771118164,16.0,15.537500381469727,3903900
2025-01-10,15.90999984741211,16.100000381469727,15.75,15.850000381469727,15.391837120056152,4074200
2025-01-13,15.890000343322754,15.989999771118164,15.505000114440918,15.65999984741211,15.207328796386719,2619500
2025-01-14,15.789999961853027,16.049999237060547,15.729999542236328,15.8100004196167,15.35299301147461,2650700
2025-01-15,16.149999618530273,16.149999618530273,15.595000267028809,15.729999542236328,15.275304794311523,1742600
2025-01-16,15.619999885559082,16.19499969482422,15.520000457763672,16.18000030517578,15.712298393249512,2119400
2025-01-17,16.09000015258789,16.229999542236328,15.739999771118164,15.739999771118164,15.285017967224121,2946600
2025-01-21,15.850000381469727,15.960000038146973,15.28600025177002,15.880000114440918,15.42096996307373,2785800
2025-01-22,15.789999961853027,15.970000267028809,15.75,15.869999885559082,15.41125774383545,1863400
2025-01-23,15.84000015258789,16.43000030517578,15.819999694824219,16.40999984741211,15.935649871826172,2104300
2025-01-24,16.3700008392334,16.40399932861328,15.949999809265137,15.970000267028809,15.508369445800781,2174800
2025-01-27,15.989999771118164,16.280000686645508,15.859999656677246,16.260000228881836,15.789986610412598,2532900
2025-01-28,16.25,16.6200008392334,16.0049991607666,16.059999465942383,15.595766067504883,2025700
2025-01-29,16.059999465942383,16.219999313354492,15.770000457763672,15.84000015258789,15.382125854492188,1659000
2025-01-30,16.010000228881836,16.170000076293945,15.869999885559082,15.970000267028809,15.508369445800781,1688700
2025-01-31,15.899999618530273,15.970000267028809,15.5600004196167,15.5600004196167,15.110220909118652,2783300
2025-02-03,15.170000076293945,15.470000267028809,14.819999694824219,14.90999984741211,14.479007720947266,3147500
2025-02-04,14.9399995803833,15.119999885559082,14.850000381469727,14.9399995803833,14.508140563964844,2435000
2025-02-05,15.010000228881836,15.359999656677246,14.710000038146973,15.289999961853027,14.84802532196045,2555600
2025-02-06,15.359999656677246,15.40999984741211,14.84000015258789,14.890000343322754,14.459588050842285,2204000
2025-02-07,14.899999618530273,14.960000038146973,14.529999732971191,14.619999885559082,14.197393417358398,2562700
2025-02-10,14.699999809265137,15.0600004196167,14.65999984741211,15.039999961853027,14.60525131225586,2564100
2025-02-11,14.880000114440918,15.0,14.829999923706055,14.949999809265137,14.517852783203125,1704100
2025-02-12,14.84000015258789,15.095000267028809,14.680000305175781,14.699999809265137,14.275078773498535,3981100
2025-02-13,15.734999656677246,17.229999542236328,15.0,16.31999969482422,15.848251342773438,8157200
2025-02-14,16.139999389648438,16.5,15.25,15.279999732971191,14.838313102722168,4425600
2025-02-18,15.65999984741211,15.75,15.295000076293945,15.479999542236328,15.03253173828125,3415000
2025-02-19,15.390000343322754,15.668999671936035,15.260000228881836,15.289999961853027,14.84802532196045,3194900
2025-02-20,15.420000076293945,15.899999618530273,15.414999961853027,15.6899995803833,15.236461639404297,2212900
2025-02-21,15.739999771118164,15.739999771118164,15.319999694824219,15.489999771118164,15.042243003845215,3553000
2025-02-24,15.289999961853027,15.404999732971191,15.045000076293945,15.079999923706055,14.913677215576172,2174700
2025-02-25,15.199999809265137,16.18000030517578,15.130000114440918,16.1299991607666,15.952095985412598,4443300
2025-02-26,16.040000915527344,16.1200008392334,15.385000228881836,15.479999542236328,15.30926513671875,2909100
2025-02-27,15.270000457763672,15.4399995803833,14.96500015258789,15.039999961853027,14.874117851257324,2718000
2025-02-28,15.079999923706055,15.222000122070312,14.75,14.90999984741211,14.745552062988281,4600200
2025-03-03,15.039999961853027,15.069999694824219,14.220000267028809,14.350000381469727,14.191728591918945,5021900
2025-03-04,14.199999809265137,14.569999694824219,14.125,14.289999961853027,14.132389068603516,4038300
2025-03-05,14.449999809265137,14.61400032043457,14.255000114440918,14.449999809265137,14.290626525878906,2912500
2025-03-06,14.3100004196167,14.899999618530273,14.255000114440918,14.859999656677246,14.6961030960083,2343800
2025-03-07,14.850000381469727,15.619999885559082,14.699999809265137,15.4399995803833,15.269706726074219,3852300
2025-03-10,15.359999656677246,16.079999923706055,15.329999923706055,15.729999542236328,15.55650806427002,3987200
2025-03-11,15.699999809265137,15.739999771118164,15.350000381469727,15.600000381469727,15.427942276000977,3803900
2025-03-12,15.399999618530273,15.5,15.0,15.0,14.834559440612793,3548700
2025-03-13,15.029999732971191,15.460000038146973,14.859999656677246,14.960000038146973,14.795001029968262,3445000
2025-03-14,14.949999809265137,15.40999984741211,14.8100004196167,15.3100004196167,15.141140937805176,3034200
2025-03-17,15.420000076293945,15.795000076293945,15.305000305175781,15.619999885559082,15.447721481323242,3220000
2025-03-18,15.630000114440918,15.770000457763672,15.3100004196167,15.699999809265137,15.526838302612305,2334000
2025-03-19,15.670000076293945,15.875,15.520000457763672,15.789999961853027,15.615846633911133,2361500
2025-03-20,15.779999732971191,15.795000076293945,15.425000190734863,15.600000381469727,15.427942276000977,2949700
2025-03-21,15.520000457763672,15.680000305175781,15.25,15.390000343322754,15.220257759094238,20289000
2025-03-24,15.470000267028809,15.850000381469727,15.175000190734863,15.329999923706055,15.160919189453125,3460000
2025-03-25,15.329999923706055,15.361000061035156,14.675000190734863,14.720000267028809,14.557647705078125,3417500
2025-03-26,14.640000343322754,14.770000457763672,14.430000305175781,14.710000038146973,14.547758102416992,3151500
2025-03-27,14.670000076293945,14.8100004196167,14.399999618530273,14.5600004196167,14.399413108825684,2356100
2025-03-28,14.489999771118164,14.5600004196167,14.335000038146973,14.510000228881836,14.349964141845703,1867800
2025-03-31,14.359999656677246,14.9350004196167,14.319999694824219,14.890000343322754,14.725772857666016,2784200
2025-04-01,14.890000343322754,14.899999618530273,14.100000381469727,14.130000114440918,13.974154472351074,3700100
2025-04-02,14.039999961853027,14.760000228881836,13.899999618530273,14.720000267028809,14.557647705078125,3452900
2025-04-03,14.609999656677246,14.699999809265137,14.130000114440918,14.449999809265137,14.290626525878906,3051900
2025-04-04,14.079999923706055,14.25,13.0,13.050000190734863,12.90606689453125,5007600
2025-04-07,12.760000228881836,13.279999732971191,12.149999618530273,12.520000457763672,12.381913185119629,4624200
2025-04-08,12.869999885559082,13.0,11.470000267028809,11.649999618530273,11.521507263183594,7724100
2025-04-09,11.520000457763672,12.710000038146973,11.050000190734863,12.640000343322754,12.500588417053223,7090800
2025-04-10,12.399999618530273,12.420000076293945,11.239999771118164,11.430000305175781,11.303934097290039,4337900
2025-04-11,11.510000228881836,11.539999961853027,10.9350004196167,11.180000305175781,11.056692123413086,5056400
2025-04-14,11.369999885559082,11.65999984741211,11.095000267028809,11.300000190734863,11.175369262695312,3537200
2025-04-15,11.279999732971191,11.3100004196167,10.960000038146973,11.050000190734863,10.928126335144043,3134000
2025-04-16,11.0,11.210000038146973,10.75,10.819999694824219,10.700661659240723,3124100
2025-04-17,10.960000038146973,11.220000267028809,10.880000114440918,11.119999885559082,10.997353553771973,2927300
2025-04-21,11.039999961853027,11.100000381469727,10.449999809265137,10.630000114440918,10.512758255004883,4495100
2025-04-22,10.720000267028809,11.425000190734863,10.600000381469727,11.239999771118164,11.116029739379883,5427700
2025-04-23,11.569999694824219,11.729999542236328,11.399999618530273,11.489999771118164,11.363272666931152,5495200
2025-04-24,11.680000305175781,12.15999984741211,11.4399995803833,12.119999885559082,11.986323356628418,6000100
2025-04-25,12.039999961853027,12.255000114440918,11.90999984741211,12.199999809265137,12.065442085266113,2732100
2025-04-28,12.260000228881836,12.8100004196167,12.260000228881836,12.720000267028809,12.579706192016602,3627600
2025-04-29,12.600000381469727,13.244999885559082,12.319999694824219,13.15999984741211,13.014853477478027,5584200
2025-04-30,13.050000190734863,13.074999809265137,12.8100004196167,12.930000305175781,12.78739070892334,5422000
2025-05-01,10.180000305175781,10.878999710083008,9.25,9.449999809265137,9.345771789550781,31044800
2025-05-02,9.609999656677246,9.75,9.180000305175781,9.59000015258789,9.48422908782959,13591000
2025-05-05,9.359999656677246,9.40999984741211,8.630000114440918,8.720000267028809,8.623824119567871,14586100
2025-05-06,8.609999656677246,9.265000343322754,8.050000190734863,9.130000114440918,9.029301643371582,19105800
2025-05-07,9.140000343322754,9.15999984741211,8.529999732971191,8.760000228881836,8.663383483886719,9070200
2025-05-08,8.779999732971191,9.175000190734863,8.670000076293945,9.020000457763672,8.920515060424805,5163300
2025-05-09,9.100000381469727,9.130000114440918,8.710000038146973,8.710000038146973,8.613934516906738,3912900
2025-05-12,8.75,9.220000267028809,8.539999961853027,8.710000038146973,8.633759498596191,9049100
2025-05-13,8.710000038146973,8.75,8.359999656677246,8.4399995803833,8.366122245788574,7474500
2025-05-14,8.40999984741211,8.414999961853027,8.010000228881836,8.039999961853027,7.969623565673828,6435400
2025-05-15,8.09000015258789,8.944999694824219,8.029999732971191,8.770000457763672,8.69323444366455,9407700
2025-05-16,8.90999984741211,9.045000076293945,8.760000228881836,9.039999961853027,8.960870742797852,4970600
2025-05-19,8.65999984741211,9.045000076293945,8.600000381469727,9.0,8.921220779418945,4431600
2025-05-20,9.050000190734863,9.15999984741211,8.675000190734863,8.760000228881836,8.683321952819824,5277700
2025-05-21,8.699999809265137,8.699999809265137,8.289999961853027,8.430000305175781,8.356210708618164,4467000
2025-05-22,8.380000114440918,8.739999771118164,8.329999923706055,8.6899995803833,8.613934516906738,6622300
2025-05-23,8.489999771118164,8.739999771118164,8.229999542236328,8.6899995803833,8.613934516906738,5397100
2025-05-27,8.880000114440918,9.350000381469727,8.760000228881836,9.140000343322754,9.0599946975708,6116700
2025-05-28,9.119999885559082,9.229999542236328,8.90999984741211,9.149999618530273,9.069908142089844,4652200
2025-05-29,9.199999809265137,9.614999771118164,9.069999694824219,9.539999961853027,9.456494331359863,6851100
2025-05-30,9.399999618530273,9.449999809265137,9.170000076293945,9.220000267028809,9.13929557800293,5303700
2025-06-02,9.149999618530273,9.260000228881836,8.821999549865723,9.25,9.169032096862793,5600100
2025-06-03,9.210000038146973,9.510000228881836,8.979999542236328,9.4399995803833,9.357368469238281,4175500
2025-06-04,9.510000228881836,9.770000457763672,9.449999809265137,9.529999732971191,9.44658088684082,3018500
2025-06-05,9.539999961853027,9.539999961853027,9.119999885559082,9.1899995803833,9.109557151794434,5416000
2025-06-06,9.300000190734863,9.635000228881836,9.274999618530273,9.5600004196167,9.476318359375,6547700
2025-06-09,9.600000381469727,10.050000190734863,9.574999809265137,9.760000228881836,9.674569129943848,3890800
2025-06-10,9.819999694824219,10.239999771118164,9.723999977111816,10.039999961853027,9.952116966247559,5098500
2025-06-11,10.109999656677246,10.295000076293945,9.991999626159668,10.079999923706055,9.991766929626465,3115300
2025-06-12,9.949999809265137,10.359999656677246,9.9399995803833,10.069999694824219,9.981854438781738,4399000
2025-06-13,9.90999984741211,10.239999771118164,9.880000114440918,10.039999961853027,9.952116966247559,3343800
2025-06-16,10.079999923706055,10.295000076293945,9.979999542236328,10.1899995803833,10.100804328918457,4646100
2025-06-17,10.050000190734863,10.109999656677246,9.744999885559082,9.850000381469727,9.76378059387207,2972400
2025-06-18,9.84000015258789,10.020000457763672,9.734999656677246,9.880000114440918,9.79351806640625,3015000
2025-06-20,9.829999923706055,9.880000114440918,9.600000381469727,9.75,9.664655685424805,4766900
2025-06-23,9.680000305175781,9.835000038146973,9.449999809265137,9.800000190734863,9.714218139648438,3281100
2025-06-24,9.850000381469727,10.020000457763672,9.833000183105469,9.949999809265137,9.862905502319336,3212500
2025-06-25,9.800000190734863,10.114999771118164,9.72599983215332,10.0,9.912467002868652,2805800
2025-06-26,10.029999732971191,10.180000305175781,9.95199966430664,9.979999542236328,9.8926420211792,2542800
2025-06-27,9.979999542236328,10.140000343322754,9.725000381469727,9.859999656677246,9.77369213104248,4463200
2025-06-30,9.880000114440918,9.9350004196167,9.600000381469727,9.680000305175781,9.595269203186035,3609500
2025-07-01,9.600000381469727,10.4399995803833,9.550000190734863,10.050000190734863,9.962029457092285,5504700
2025-07-02,10.020000457763672,10.28499984741211,9.923999786376953,10.149999618530273,10.06115436553955,4122300
2025-07-03,10.1899995803833,10.229999542236328,9.960000038146973,9.960000038146973,9.872817993164062,2377400
2025-07-07,9.899999618530273,9.979999542236328,9.720000267028809,9.720000267028809,9.634919166564941,2585500
2025-07-08,9.720000267028809,10.265000343322754,9.710000038146973,9.949999809265137,9.862905502319336,5190600
2025-07-09,10.069999694824219,10.199999809265137,9.899999618530273,9.90999984741211,9.823254585266113,3640300
2025-07-10,9.930000305175781,10.119999885559082,9.845000267028809,10.020000457763672,9.932292938232422,3810500
2025-07-11,9.829999923706055,10.0649995803833,9.739999771118164,9.9399995803833,9.852992057800293,3566500
2025-07-14,9.899999618530273,10.010000228881836,9.765000343322754,9.8100004196167,9.72413158416748,2625500
2025-07-15,9.869999885559082,9.880000114440918,9.550000190734863,9.5600004196167,9.476318359375,3474800
2025-07-16,9.649999618530273,9.805000305175781,9.553000450134277,9.630000114440918,9.545706748962402,3360800
2025-07-17,9.5600004196167,9.6899995803833,9.529999732971191,9.640000343322754,9.555619239807129,3940200
2025-07-18,9.75,9.779999732971191,9.399999618530273,9.460000038146973,9.37719440460205,3132300
2025-07-21,9.640000343322754,9.680000305175781,9.399999618530273,9.449999809265137,9.367280960083008,3897800
2025-07-22,9.529999732971191,9.84000015258789,9.505000114440918,9.819999694824219,9.73404312133789,4818800
2025-07-23,9.890000343322754,10.220000267028809,9.869999885559082,10.100000381469727,10.011592864990234,4061000
2025-07-24,10.050000190734863,10.154999732971191,9.954999923706055,10.069999694824219,9.981854438781738,2836000
2025-07-25,10.100000381469727,10.21500015258789,10.0,10.210000038146973,10.12062931060791,2176100
2025-07-28,10.170000076293945,10.180000305175781,9.9350004196167,9.970000267028809,9.882729530334473,2904800
2025-07-29,9.899999618530273,10.149999618530273,9.779999732971191,10.140000343322754,10.05124282836914,3825300
2025-07-30,10.260000228881836,10.390000343322754,10.024999618530273,10.039999961853027,9.952116966247559,4010300
2025-07-31,10.010000228881836,10.045000076293945,9.649999618530273,9.699999809265137,9.615094184875488,4759000
2025-08-01,9.789999961853027,9.869999885559082,9.529999732971191,9.75,9.664655685424805,3693600
2025-08-04,9.800000190734863,9.869999885559082,9.5600004196167,9.670000076293945,9.585355758666992,7359800
2025-08-05,10.300000190734863,10.3100004196167,8.380000114440918,8.399999618530273,8.326472282409668,12952900
2025-08-06,8.425000190734863,8.789999961853027,8.3149995803833,8.720000267028809,8.643671989440918,7301900
2025-08-07,8.779999732971191,9.199999809265137,8.640000343322754,9.109999656677246,9.030257225036621,5888700
2025-08-08,9.140000343322754,9.3100004196167,9.010000228881836,9.220000267028809,9.13929557800293,5253500
2025-08-11,9.199999809265137,9.359999656677246,8.930000305175781,9.010000228881836,8.931132316589355,4760400
2025-08-12,9.15999984741211,9.260000228881836,8.984999656677246,9.050000190734863,8.970783233642578,3728600
2025-08-13,9.119999885559082,9.425000190734863,9.0,9.359999656677246,9.278069496154785,3710100
2025-08-14,9.229999542236328,9.40999984741211,9.154999732971191,9.390000343322754,9.307806968688965,3578600
2025-08-15,9.460000038146973,9.59000015258789,9.34000015258789,9.4399995803833,9.377342224121094,3048700
2025-08-18,9.479999542236328,9.5649995803833,9.239999771118164,9.279999732971191,9.218403816223145,5114400
2025-08-19,9.380000114440918,9.454999923706055,9.149999618530273,9.260000228881836,9.19853687286377,3859600
2025-08-20,9.300000190734863,9.479999542236328,9.1899995803833,9.369999885559082,9.307806015014648,3530800
2025-08-21,9.289999961853027,9.390000343322754,9.210000038146973,9.279999732971191,9.218403816223145,4201400
2025-08-22,9.390000343322754,9.640000343322754,9.329999923706055,9.430000305175781,9.367408752441406,3550500
2025-08-25,9.380000114440918,9.390000343322754,9.050000190734863,9.0600004196167,8.99986457824707,3615100
2025-08-26,9.010000228881836,9.109999656677246,8.96500015258789,9.069999694824219,9.009797096252441,3565600
2025-08-27,9.039999961853027,9.25,8.949999809265137,9.199999809265137,9.138936042785645,3174900
2025-08-28,9.25,9.25,8.989999771118164,9.180000305175781,9.119068145751953,3466300
2025-08-29,9.149999618530273,9.449999809265137,9.119999885559082,9.420000076293945,9.357475280761719,4579400
2025-09-02,9.350000381469727,9.454999923706055,9.154999732971191,9.420000076293945,9.357475280761719,2745200
2025-09-03,9.350000381469727,9.869999885559082,9.350000381469727,9.829999923706055,9.764753341674805,3927000
2025-09-04,9.819999694824219,9.9399995803833,9.609999656677246,9.680000305175781,9.61574935913086,4071600
2025-09-05,9.699999809265137,10.420000076293945,9.670000076293945,10.380000114440918,10.311103820800781,4651300
2025-09-08,10.229999542236328,10.520000457763672,9.982999801635742,10.470000267028809,10.400506973266602,3887200
2025-09-09,10.479999542236328,10.574999809265137,10.260000228881836,10.369999885559082,10.301168441772461,2884700
2025-09-10,10.3100004196167,10.460000038146973,10.125,10.260000228881836,10.191900253295898,3039500
2025-09-11,10.350000381469727,10.65999984741211,10.335000038146973,10.65999984741211,10.589244842529297,3109200
2025-09-12,10.569999694824219,10.71500015258789,10.5,10.649999618530273,10.579309463500977,2698200
2025-09-15,10.699999809265137,10.710000038146973,10.28499984741211,10.399999618530273,10.33096981048584,3894900
2025-09-16,10.369999885559082,10.555000305175781,10.239999771118164,10.359999656677246,10.291234970092773,3698700
2025-09-17,10.359999656677246,10.949999809265137,10.329999923706055,10.449999809265137,10.380638122558594,5392900
2025-09-18,10.460000038146973,10.880000114440918,10.414999961853027,10.850000381469727,10.777983665466309,3834700
2025-09-19,10.850000381469727,10.859999656677246,10.34000015258789,10.449999809265137,10.380638122558594,9658500
2025-09-22,10.430000305175781,10.699999809265137,10.331999778747559,10.569999694824219,10.499841690063477,3524800
2025-09-23,10.609999656677246,10.829999923706055,10.529999732971191,10.539999961853027,10.470040321350098,2869600
2025-09-24,10.550000190734863,10.670000076293945,10.329999923706055,10.40999984741211,10.340904235839844,2217800
2025-09-25,10.350000381469727,10.380000114440918,10.050000190734863,10.119999885559082,10.052828788757324,3057500
2025-09-26,10.180000305175781,10.25,10.069999694824219,10.210000038146973,10.142231941223145,3188600
2025-09-29,10.239999771118164,10.380000114440918,10.069999694824219,10.350000381469727,10.281302452087402,2611500
2025-09-30,10.34000015258789,10.680000305175781,10.225000381469727,10.680000305175781,10.609111785888672,3572200
2025-10-01,10.680000305175781,11.149999618530273,10.680000305175781,10.989999771118164,10.917054176330566,4401200
2025-10-02,10.899999618530273,11.079999923706055,10.84000015258789,10.9399995803833,10.867385864257812,2110200
2025-10-03,11.029999732971191,11.289999961853027,11.0,11.010000228881836,10.936921119689941,4256100
2025-10-06,11.0,11.050000190734863,10.819999694824219,10.84000015258789,10.768050193786621,2995400
2025-10-07,10.829999923706055,10.885000228881836,10.520000457763672,10.600000381469727,10.529643058776855,3142400
2025-10-08,10.6899995803833,10.770000457763672,10.210000038146973,10.239999771118164,10.172032356262207,4045500
2025-10-09,10.300000190734863,10.34000015258789,9.760000228881836,9.920000076293945,9.854155540466309,3743200
2025-10-10,9.90999984741211,9.90999984741211,9.5600004196167,9.600000381469727,9.536280632019043,3089800
2025-10-13,9.65999984741211,9.789999961853027,9.579999923706055,9.600000381469727,9.536280632019043,3150700
2025-10-14,9.539999961853027,9.65999984741211,9.404999732971191,9.5600004196167,9.496546745300293,3472900
2025-10-15,9.569999694824219,9.720000267028809,9.505000114440918,9.550000190734863,9.486611366271973,2900200
2025-10-16,9.529999732971191,9.59000015258789,9.170000076293945,9.380000114440918,9.317741394042969,4253700
2025-10-17,9.289999961853027,9.404999732971191,9.135000228881836,9.279999732971191,9.218403816223145,3357100
2025-10-20,9.300000190734863,9.319999694824219,9.175000190734863,9.239999771118164,9.178668975830078,2564200
2025-10-21,9.220000267028809,9.295000076293945,8.989999771118164,9.020000457763672,8.96013069152832,3909700
2025-10-22,9.0,9.15999984741211,8.885000228881836,8.9399995803833,8.880661010742188,4671800
2025-10-23,8.90999984741211,9.055000305175781,8.869999885559082,9.050000190734863,8.989931106567383,4633200
2025-10-24,9.100000381469727,9.279999732971191,9.010000228881836,9.15999984741211,9.099200248718262,3563300
2025-10-27,7.25,7.639999866485596,6.800000190734863,7.059999942779541,7.013139247894287,34936500
2025-10-28,7.050000190734863,7.050000190734863,6.389999866485596,6.659999847412109,6.615794658660889,20527600
2025-10-29,6.670000076293945,6.840000152587891,6.320000171661377,6.340000152587891,6.297918319702148,11367500
2025-10-30,6.28000020980835,6.644999980926514,6.179999828338623,6.570000171661377,6.526392459869385,8229300
2025-10-31,6.610000133514404,6.925000190734863,6.550000190734863,6.75,6.705197334289551,8050600
2025-11-03,6.760000228881836,6.855000019073486,6.510000228881836,6.710000038146973,6.665462493896484,6310800
2025-11-04,6.590000152587891,6.699999809265137,6.489999771118164,6.519999980926514,6.476723670959473,5103800
2025-11-05,6.480000019073486,6.559999942779541,6.340000152587891,6.380000114440918,6.337653160095215,5851000
2025-11-06,6.349999904632568,6.769999980926514,6.329999923706055,6.710000038146973,6.665462493896484,8029100
2025-11-07,6.760000228881836,6.800000190734863,6.445000171661377,6.78000020980835,6.7349982261657715,6473900
2025-11-10,6.920000076293945,7.760000228881836,6.849999904632568,7.710000038146973,7.658825397491455,16800700
2025-11-11,7.619999885559082,7.760000228881836,7.295000076293945,7.519999980926514,7.470086097717285,10652000
2025-11-12,7.5,7.849999904632568,7.349999904632568,7.710000038146973,7.658825397491455,7650400
2025-11-13,7.679999828338623,7.860000133514404,7.5,7.619999885559082,7.569422245025635,6083900
2025-11-14,7.679999828338623,7.880000114440918,7.445000171661377,7.53000020980835,7.480020046234131,7124500
2025-11-17,7.550000190734863,7.784999847412109,7.375,7.650000095367432,7.5992231369018555,5276900
2025-11-18,7.619999885559082,7.829999923706055,7.539999961853027,7.710000038146973,7.658825397491455,5444600
2025-11-19,7.659999847412109,7.690000057220459,7.380000114440918,7.449999809265137,7.400550842285156,6662100
2025-11-20,7.440000057220459,7.519999980926514,7.050000190734863,7.130000114440918,7.10174036026001,5322000
2025-11-21,7.159999847412109,7.440000057220459,7.139999866485596,7.199999809265137,7.171462535858154,5622400
2025-11-24,7.210000038146973,7.210000038146973,6.945000171661377,7.059999942779541,7.032017230987549,4951500
2025-11-25,7.130000114440918,7.539999961853027,7.110000133514404,7.510000228881836,7.480234146118164,4904100
2025-11-26,7.5,7.855000019073486,7.445000171661377,7.739999771118164,7.709321975708008,4718000
2025-11-28,7.769999980926514,7.849999904632568,7.664999961853027,7.710000038146973,7.679441452026367,1951600
2025-12-01,7.679999828338623,7.810999870300293,7.590000152587891,7.599999904632568,7.5698771476745605,3904200
2025-12-02,7.630000114440918,7.664999961853027,7.34499979019165,7.489999771118164,7.460312843322754,5116000
2025-12-03,7.53000020980835,7.610000133514404,7.239999771118164,7.269999980926514,7.241185188293457,3949000
2025-12-04,7.28000020980835,7.320000171661377,7.090000152587891,7.139999866485596,7.111700057983398,3178300
2025-12-05,7.139999866485596,7.190000057220459,7.043000221252441,7.139999866485596,7.111700057983398,3325800
2025-12-08,7.139999866485596,7.335000038146973,7.1020002365112305,7.289999961853027,7.261105537414551,5009400
2025-12-09,7.119999885559082,7.260000228881836,6.900000095367432,6.949999809265137,6.9224534034729,5317900
2025-12-10,7.0,7.269999980926514,6.901000022888184,7.179999828338623,7.151541709899902,7204100
2025-12-11,7.25,7.489999771118164,7.230000019073486,7.360000133514404,7.330828666687012,4386900
2025-12-12,7.369999885559082,7.389999866485596,7.050000190734863,7.170000076293945,7.1415815353393555,4680400
2025-12-15,7.199999809265137,7.320000171661377,7.0,7.019999980926514,6.992176055908203,5672500
2025-12-16,7.0,7.010000228881836,6.820000171661377,6.96999979019165,6.942373752593994,4990500
2025-12-17,6.949999809265137,7.135000228881836,6.940000057220459,6.989999771118164,6.962294578552246,4503800
2025-12-18,7.010000228881836,7.039999961853027,6.755000114440918,6.840000152587891,6.812889575958252,4731100
2025-12-19,6.800000190734863,6.914999961853027,6.75,6.829999923706055,6.802928924560547,7281100
2025-12-22,6.800000190734863,7.010000228881836,6.789999961853027,6.980000019073486,6.952334880828857,4971500
2025-12-23,6.980000019073486,7.105000019073486,6.96999979019165,7.090000152587891,7.061898708343506,3574000
2025-12-24,7.070000171661377,7.175000190734863,7.031000137329102,7.090000152587891,7.061898708343506,2021200
2025-12-26,7.150000095367432,7.210000038146973,7.010000228881836,7.179999828338623,7.151541709899902,2611600
2025-12-29,7.150000095367432,7.150000095367432,7.019999980926514,7.110000133514404,7.081819534301758,4367300
2025-12-30,7.099999904632568,7.230000019073486,7.099999904632568,7.130000114440918,7.10174036026001,4437200
2025-12-31,7.110000133514404,7.269999980926514,7.079999923706055,7.170000076293945,7.1415815353393555,3349100
2026-01-02,7.25,7.429999828338623,7.150000095367432,7.239999771118164,7.2113037109375,3195300
2026-01-05,7.199999809265137,7.75,7.175000190734863,7.440000057220459,7.410511493682861,6513200
2026-01-06,7.400000095367432,8.140000343322754,7.389999866485596,8.069999694824219,8.038013458251953,8625700
2026-01-07,8.140000343322754,8.489999771118164,7.960000038146973,8.1899995803833,8.157538414001465,7157400
2026-01-08,8.09000015258789,8.399999618530273,8.029999732971191,8.130000114440918,8.097776412963867,7825100
2026-01-09,8.1899995803833,8.289999961853027,7.894999980926514,8.050000190734863,8.018094062805176,3822600
2026-01-12,8.050000190734863,8.210000038146973,7.960000038146973,8.119999885559082,8.08781623840332,6944300
2026-01-13,8.289999961853027,8.569999694824219,8.199999809265137,8.430000305175781,8.396587371826172,8350500
2026-01-14,8.520000457763672,8.6899995803833,8.430000305175781,8.609999656677246,8.575873374938965,4717500
2026-01-15,8.579999923706055,8.729999542236328,8.170000076293945,8.699999809265137,8.66551685333252,6531200
2026-01-16,8.670000076293945,8.800000190734863,8.609999656677246,8.760000228881836,8.725279808044434,4613100
2026-01-20,9.149999618530273,9.640000343322754,8.949999809265137,9.460000038146973,9.422504425048828,24897600
2026-01-21,9.5,9.614999771118164,9.09000015258789,9.59000015258789,9.551990509033203,6959900
2026-01-22,9.630000114440918,9.800000190734863,9.225000381469727,9.739999771118164,9.701395034790039,5428400
2026-01-23,9.75,9.9399995803833,9.699999809265137,9.760000228881836,9.72131633758545,4487800
2026-01-26,9.739999771118164,9.739999771118164,9.09000015258789,9.100000381469727,9.063932418823242,4319200
2026-01-27,9.0,9.21500015258789,8.859999656677246,9.0,8.964327812194824,3667700
2026-01-28,8.9399995803833,9.149999618530273,8.819999694824219,8.890000343322754,8.854763984680176,4710400
2026-01-29,8.880000114440918,8.979999542236328,8.484999656677246,8.600000381469727,8.565914154052734,5533000
2026-01-30,8.420000076293945,8.550000190734863,8.074999809265137,8.539999961853027,8.50615119934082,6760800
2026-02-02,8.529999732971191,8.529999732971191,8.069999694824219,8.199999809265137,8.167499542236328,5591000
2026-02-03,8.109999656677246,8.329999923706055,7.985000133514404,8.0,7.968291759490967,4569900
2026-02-04,8.0600004196167,8.479999542236328,8.050000190734863,8.289999961853027,8.257143020629883,4013100
2026-02-05,8.229999542236328,8.449999809265137,7.980000019073486,8.100000381469727,8.067895889282227,3561900
2026-02-06,8.15999984741211,8.430000305175781,7.980000019073486,8.210000038146973,8.177459716796875,4017800
2026-02-09,8.140000343322754,8.21500015258789,7.739999771118164,7.909999847412109,7.878648281097412,4588000
2026-02-10,7.909999847412109,8.0,7.809999942779541,7.809999942779541,7.779045104980469,4174900
2026-02-11,7.760000228881836,7.809999942779541,7.639999866485596,7.690000057220459,7.659520626068115,4474100
2026-02-12,6.699999809265137,7.28000020980835,6.5,7.059999942779541,7.032017230987549,12632600
2026-02-13,7.019999980926514,7.579999923706055,6.9730000495910645,7.389999866485596,7.3607096672058105,5487500
2026-02-17,7.420000076293945,7.480000019073486,7.235000133514404,7.28000020980835,7.251145839691162,3791200
2026-02-18,7.309999942779541,7.548999786376953,7.25,7.460000038146973,7.430431842803955,3681200
2026-02-19,7.440000057220459,7.565000057220459,7.409999847412109,7.519999980926514,7.490194320678711,3046600
2026-02-20,7.690000057220459,8.149999618530273,7.599999904632568,8.100000381469727,8.067895889282227,6717700
2026-02-23,8.140000343322754,8.140000343322754,7.900000095367432,7.920000076293945,7.908134937286377,4074600
2026-02-24,7.860000133514404,8.239999771118164,7.860000133514404,8.140000343322754,8.127805709838867,4680000
2026-02-25,8.109999656677246,8.170000076293945,7.5,7.510000228881836,7.498749256134033,5084000
2026-02-26,7.46999979019165,7.494999885559082,7.15500020980835,7.230000019073486,7.219168663024902,4436000
2026-02-27,7.210000038146973,7.340000152587891,7.079999923706055,7.289999961853027,7.279078960418701,3740200
2026-03-02,7.099999904632568,7.239999771118164,7.039999961853027,7.190000057220459,7.179228782653809,2836700
2026-03-03,7.039999961853027,7.09499979019165,6.880000114440918,6.900000095367432,6.889663219451904,2629200
2026-03-04,6.960000038146973,7.059999942779541,6.829999923706055,6.869999885559082,6.859707832336426,3152200
2026-03-05,6.820000171661377,6.980000019073486,6.659999847412109,6.710000038146973,6.699947834014893,2927000
2026-03-06,6.659999847412109,6.670000076293945,6.53000020980835,6.559999942779541,6.550172328948975,2547300
2026-03-09,6.5,6.570000171661377,6.340000152587891,6.53000020980835,6.520217418670654,3764200
2026-03-10,6.559999942779541,6.619999885559082,6.340000152587891,6.480000019073486,6.470292091369629,3801300
2026-03-11,6.449999809265137,6.514999866485596,6.375,6.400000095367432,6.390412330627441,2456100
2026-03-12,6.369999885559082,6.480000019073486,6.275000095367432,6.329999923706055,6.320517063140869,4055900
2026-03-13,6.340000152587891,6.478000164031982,6.320000171661377,6.349999904632568,6.340487003326416,2839400
2026-03-16,6.409999847412109,6.420000076293945,6.235000133514404,6.340000152587891,6.330502033233643,3536600
2026-03-17,6.400000095367432,6.53000020980835,6.320000171661377,6.389999866485596,6.38042688369751,2774600
2026-03-18,6.260000228881836,6.284999847412109,6.15500020980835,6.230000019073486,6.220666885375977,3315400
2026-03-19,6.199999809265137,6.309999942779541,6.179999828338623,6.269999980926514,6.26060676574707,2670800
2026-03-20,6.289999961853027,6.300000190734863,6.019999980926514,6.03000020980835,6.020966529846191,6335800
2026-03-23,6.150000095367432,6.175000190734863,5.760000228881836,6.090000152587891,6.08087682723999,5920100
2026-03-24,6.0,6.230000019073486,5.940000057220459,6.110000133514404,6.100846767425537,3942700
2026-03-25,6.21999979019165,6.230000019073486,6.025000095367432,6.099999904632568,6.0908613204956055,3743200
2026-03-26,6.050000190734863,6.284999847412109,6.010000228881836,6.050000190734863,6.040936470031738,2519800
2026-03-27,6.099999904632568,6.150000095367432,5.829999923706055,5.840000152587891,5.83125114440918,2931000
2026-03-30,5.920000076293945,5.929999828338623,5.690000057220459,5.699999809265137,5.691460609436035,3270500
2026-03-31,5.75,6.014999866485596,5.735000133514404,5.989999771118164,5.9810261726379395,3003200
2026-04-01,5.96999979019165,6.164999961853027,5.900000095367432,6.139999866485596,6.130801677703857,4465600
2026-04-02,6.039999961853027,6.369999885559082,5.949999809265137,6.360000133514404,6.3504719734191895,3396700
2026-04-06,6.349999904632568,6.400000095367432,6.005000114440918,6.050000190734863,6.040936470031738,2960100
2026-04-07,6.0,6.190000057220459,5.940000057220459,6.119999885559082,6.110831260681152,3022200
2026-04-08,6.269999980926514,6.300000190734863,5.840000152587891,5.860000133514404,5.851221084594727,4985300
2026-04-09,5.829999923706055,6.960000038146973,5.820000171661377,6.909999847412109,6.899648189544678,10019100
2026-04-10,8.010000228881836,8.930000305175781,7.940000057220459,8.829999923706055,8.816771507263184,39484100
2026-04-13,8.569999694824219,8.949999809265137,8.114999771118164,8.539999961853027,8.527206420898438,14085200
2026-04-14,8.5600004196167,8.805000305175781,8.130000114440918,8.699999809265137,8.686965942382812,6954900
2026-04-15,8.720000267028809,9.350000381469727,8.335000038146973,9.210000038146973,9.196202278137207,9638400
2026-04-16,9.670000076293945,9.770000457763672,9.149999618530273,9.329999923706055,9.316022872924805,10268300
2026-04-17,9.25,9.779999732971191,9.206000328063965,9.760000228881836,9.745378494262695,7003200
2026-04-20,9.680000305175781,9.829999923706055,9.210000038146973,9.260000228881836,9.24612808227539,7249800
2026-04-21,9.260000228881836,9.460000038146973,8.78499984741211,8.84000015258789,8.826756477355957,5599700
2026-04-22,8.970000267028809,9.390000343322754,8.913999557495117,9.140000343322754,9.126307487487793,6603900
2026-04-23,9.09000015258789,9.100000381469727,8.505000114440918,8.600000381469727,8.587116241455078,4266000
2026-04-24,10.744999885559082,11.579999923706055,9.954999923706055,11.260000228881836,11.243131637573242,31875900
2026-04-27,13.21500015258789,13.239999771118164,13.149999618530273,13.15999984741211,13.140284538269043,133824400
2026-04-28,13.1899995803833,13.37600040435791,13.180000305175781,13.319999694824219,13.300045013427734,36739800
2026-04-29,13.34000015258789,13.359999656677246,13.300000190734863,13.34000015258789,13.320015907287598,17214600
2026-04-30,13.319999694824219,13.390000343322754,13.25,13.25,13.23015022277832,14909200
2026-05-01,13.3100004196167,13.319999694824219,13.25,13.289999961853027,13.270090103149414,9978200
2026-05-04,13.289999961853027,13.300000190734863,13.260000228881836,13.260000228881836,13.240135192871094,6412100
2026-05-05,13.289999961853027,13.350000381469727,13.265000343322754,13.350000381469727,13.330000877380371,7240000
2026-05-06,13.34000015258789,13.4399995803833,13.329999923706055,13.40999984741211,13.389910697937012,8263600
2026-05-07,13.369999885559082,13.430000305175781,13.3100004196167,13.319999694824219,13.300045013427734,8092600
2026-05-08,13.359999656677246,13.364999771118164,13.279999732971191,13.350000381469727,13.330000877380371,6777300
2026-05-11,13.350000381469727,13.380000114440918,13.3100004196167,13.329999923706055,13.329999923706055,4928200
2026-05-12,13.34000015258789,13.34000015258789,13.279999732971191,13.3100004196167,13.3100004196167,4864400
2026-05-13,13.329999923706055,13.350000381469727,13.300000190734863,13.34000015258789,13.34000015258789,5805600
2026-05-14,13.329999923706055,13.369999885559082,13.324999809265137,13.359999656677246,13.359999656677246,3938800
2026-05-15,13.369999885559082,13.40999984741211,13.34000015258789,13.399999618530273,13.399999618530273,3279700
2026-05-18,13.420000076293945,13.470000267028809,13.399999618530273,13.420000076293945,13.420000076293945,4234300
2026-05-19,13.4399995803833,13.449999809265137,13.40999984741211,13.420000076293945,13.420000076293945,2502900
2026-05-20,13.430000305175781,13.479999542236328,13.40999984741211,13.460000038146973,13.460000038146973,2471300
2026-05-21,13.430000305175781,13.470000267028809,13.420000076293945,13.420000076293945,13.420000076293945,3498600
2026-05-22,13.430000305175781,13.460000038146973,13.420000076293945,13.430000305175781,13.430000305175781,2121200
2026-05-26,13.4399995803833,13.4399995803833,13.390000343322754,13.40999984741211,13.40999984741211,2671100
2026-05-27,13.40999984741211,13.430000305175781,13.369999885559082,13.380000114440918,13.380000114440918,3388600
2026-05-28,13.380000114440918,13.390000343322754,13.350000381469727,13.350000381469727,13.350000381469727,3292900
2026-05-29,13.350000381469727,13.390000343322754,13.34000015258789,13.34000015258789,13.34000015258789,5416900
2026-06-01,13.369999885559082,13.399999618530273,13.350000381469727,13.359999656677246,13.359999656677246,3527500
2026-06-02,13.390000343322754,13.399999618530273,13.359999656677246,13.380000114440918,13.380000114440918,2567600
2026-06-03,13.359999656677246,13.399999618530273,13.359999656677246,13.399999618530273,13.399999618530273,2566200
2026-06-04,13.399999618530273,13.399999618530273,13.385000228881836,13.399999618530273,13.399999618530273,1326100
2026-06-05,13.380000114440918,13.399999618530273,13.359999656677246,13.359999656677246,13.359999656677246,2188100
2026-06-08,13.399999618530273,13.404999732971191,13.369999885559082,13.390000343322754,13.390000343322754,2758900
2026-06-09,13.399999618530273,13.444999694824219,13.380000114440918,13.399999618530273,13.399999618530273,1781300
2026-06-10,13.390000343322754,13.420000076293945,13.369999885559082,13.380000114440918,13.380000114440918,1692900
2026-06-11,13.399999618530273,13.489999771118164,13.399999618530273,13.449999809265137,13.449999809265137,4187200
2026-06-12,13.470000267028809,13.489999771118164,13.430000305175781,13.4399995803833,13.4399995803833,1815500
2026-06-15,13.430000305175781,13.460000038146973,13.420000076293945,13.4399995803833,13.4399995803833,2164200
2026-06-16,13.4399995803833,13.449999809265137,13.420000076293945,13.420000076293945,13.420000076293945,2589900
2026-06-17,13.420000076293945,13.470000267028809,13.420000076293945,13.420000076293945,13.420000076293945,2728900
2026-06-18,13.4399995803833,13.4399995803833,13.399999618530273,13.430000305175781,13.430000305175781,5074600
2026-06-22,13.420000076293945,13.4399995803833,13.390000343322754,13.399999618530273,13.399999618530273,2217800
2026-06-23,13.399999618530273,13.460000038146973,13.390000343322754,13.449999809265137,13.449999809265137,1533700
2026-06-24,13.460000038146973,13.479999542236328,13.440999984741211,13.479999542236328,13.479999542236328,3099200
2026-06-25,13.489999771118164,13.489999771118164,13.460000038146973,13.470000267028809,13.470000267028809,1293900
2026-06-26,13.460000038146973,13.555000305175781,13.460000038146973,13.5,13.5,2888600
2026-06-29,13.510000228881836,13.550000190734863,13.494999885559082,13.550000190734863,13.550000190734863,1449700
2026-06-30,13.5,13.550000190734863,13.489999771118164,13.539999961853027,13.539999961853027,1834000
2026-07-01,13.510000228881836,13.600000381469727,13.510000228881836,13.529999732971191,13.529999732971191,2564300
2026-07-02,13.569999694824219,13.59000015258789,13.524999618530273,13.550000190734863,13.550000190734863,1508000
2026-07-06,13.550000190734863,13.579999923706055,13.5,13.5600004196167,13.5600004196167,4285700
2026-07-07,13.555000305175781,13.5600004196167,13.489999771118164,13.510000228881836,13.510000228881836,2894900
2026-07-08,13.5,13.510000228881836,13.460000038146973,13.470000267028809,13.470000267028809,4065700
2026-07-09,13.5,13.510000228881836,13.489999771118164,13.489999771118164,13.489999771118164,1129400
2026-07-10,13.489999771118164,13.529999732971191,13.479999542236328,13.520000457763672,13.520000457763672,3023700
