date,open,high,low,close,adjclose,volume
2021-08-02,318.7900085449219,328.6000061035156,313.260009765625,327.4200134277344,327.4200134277344,439000
2021-08-03,328.1199951171875,343.0,323.0299987792969,341.45001220703125,341.45001220703125,478800
2021-08-04,341.44000244140625,348.9949951171875,339.0400085449219,343.0899963378906,343.0899963378906,332500
2021-08-05,343.510009765625,346.0,330.8500061035156,335.8800048828125,335.8800048828125,272200
2021-08-06,328.29998779296875,328.29998779296875,315.6499938964844,321.45001220703125,321.45001220703125,158000
2021-08-09,317.45001220703125,327.8699951171875,315.29998779296875,319.20001220703125,319.20001220703125,228200
2021-08-10,320.29998779296875,321.07000732421875,310.5,315.45001220703125,315.45001220703125,129100
2021-08-11,301.0299987792969,303.4100036621094,275.6310119628906,279.7200012207031,279.7200012207031,594900
2021-08-12,281.0299987792969,288.9599914550781,269.25,288.510009765625,288.510009765625,436400
2021-08-13,283.989990234375,286.95001220703125,275.82000732421875,276.19000244140625,276.19000244140625,156500
2021-08-16,278.1199951171875,286.3999938964844,272.760009765625,280.55999755859375,280.55999755859375,247200
2021-08-17,274.0199890136719,285.0899963378906,271.0799865722656,281.5299987792969,281.5299987792969,408300
2021-08-18,283.0,294.989990234375,282.010009765625,289.9599914550781,289.9599914550781,359000
2021-08-19,288.42999267578125,289.42999267578125,268.8699951171875,275.44000244140625,275.44000244140625,601700
2021-08-20,274.29998779296875,276.8399963378906,238.8800048828125,249.60000610351562,249.60000610351562,1445300
2021-08-23,256.0,275.260009765625,255.05999755859375,273.3299865722656,273.3299865722656,492500
2021-08-24,283.0,294.3900146484375,283.0,285.4700012207031,285.4700012207031,442400
2021-08-25,282.0299987792969,292.8500061035156,280.2640075683594,290.1199951171875,290.1199951171875,140000
2021-08-26,290.0,291.4209899902344,280.0,282.82000732421875,282.82000732421875,185700
2021-08-27,287.6600036621094,288.29998779296875,277.5950012207031,281.9800109863281,281.9800109863281,224200
2021-08-30,290.79998779296875,303.2699890136719,290.010009765625,301.82000732421875,301.82000732421875,438900
2021-08-31,305.54998779296875,308.3399963378906,294.3699951171875,308.29998779296875,308.29998779296875,510600
2021-09-01,310.5299987792969,328.6499938964844,308.79998779296875,327.260009765625,327.260009765625,508400
2021-09-02,330.0,333.010009765625,320.6099853515625,333.010009765625,333.010009765625,296600
2021-09-03,334.0,339.0899963378906,329.0899963378906,336.32000732421875,336.32000732421875,232500
2021-09-07,343.0,350.9100036621094,336.81500244140625,346.6099853515625,346.6099853515625,345500
2021-09-08,335.1099853515625,346.6099853515625,333.6700134277344,342.6400146484375,342.6400146484375,165000
2021-09-09,338.0,345.7699890136719,334.7900085449219,337.3399963378906,337.3399963378906,192800
2021-09-10,343.79998779296875,352.4700012207031,342.6700134277344,351.989990234375,351.989990234375,235300
2021-09-13,352.0,367.0,350.6400146484375,364.2300109863281,364.2300109863281,549100
2021-09-14,364.2300109863281,370.989990234375,361.55999755859375,368.8900146484375,368.8900146484375,398000
2021-09-15,377.0,383.8800048828125,370.6449890136719,375.3299865722656,375.3299865722656,578700
2021-09-16,381.79998779296875,386.2900085449219,377.510009765625,385.239990234375,385.239990234375,392800
2021-09-17,422.0,426.55999755859375,395.0,403.1400146484375,403.1400146484375,1364200
2021-09-20,392.0,413.3299865722656,390.6700134277344,398.5,398.5,554000
2021-09-21,399.92999267578125,405.114990234375,387.25,388.510009765625,388.510009765625,220300
2021-09-22,388.67999267578125,396.260009765625,378.135009765625,388.17999267578125,388.17999267578125,228600
2021-09-23,378.9100036621094,387.0199890136719,372.07000732421875,385.4200134277344,385.4200134277344,209100
2021-09-24,379.0,381.8550109863281,372.0799865722656,379.5199890136719,379.5199890136719,206500
2021-09-27,375.07000732421875,378.05999755859375,367.0299987792969,377.17999267578125,377.17999267578125,261000
2021-09-28,376.9200134277344,376.9200134277344,357.0,363.79998779296875,363.79998779296875,303300
2021-09-29,361.010009765625,367.239990234375,358.0,361.54998779296875,361.54998779296875,235200
2021-09-30,364.6600036621094,375.19000244140625,362.0,363.0,363.0,277200
2021-10-01,359.55999755859375,360.2699890136719,349.5150146484375,356.7099914550781,356.7099914550781,206600
2021-10-04,351.75,359.1700134277344,344.7900085449219,353.82000732421875,353.82000732421875,131400
2021-10-05,353.0,354.99798583984375,346.489990234375,347.3500061035156,347.3500061035156,185000
2021-10-06,339.6300048828125,345.9800109863281,334.92999267578125,339.0,339.0,308700
2021-10-07,345.0,360.6400146484375,344.6600036621094,360.0,360.0,311200
2021-10-08,356.6000061035156,367.8699951171875,354.1099853515625,363.239990234375,363.239990234375,164600
2021-10-11,359.79998779296875,366.82000732421875,356.0,363.5299987792969,363.5299987792969,185800
2021-10-12,369.0799865722656,369.0799865722656,356.9200134277344,357.9200134277344,357.9200134277344,129200
2021-10-13,355.3500061035156,359.0,353.45001220703125,356.4100036621094,356.4100036621094,105400
2021-10-14,356.3999938964844,358.95001220703125,348.9700012207031,355.4599914550781,355.4599914550781,124000
2021-10-15,358.54998779296875,359.1600036621094,351.04998779296875,358.42999267578125,358.42999267578125,126900
2021-10-18,355.7149963378906,363.3900146484375,355.04998779296875,360.80999755859375,360.80999755859375,121100
2021-10-19,360.92999267578125,379.3599853515625,360.4599914550781,376.0,376.0,183400
2021-10-20,380.0,380.67999267578125,369.1099853515625,372.6000061035156,372.6000061035156,107400
2021-10-21,370.4200134277344,379.95001220703125,368.04998779296875,375.2799987792969,375.2799987792969,74500
2021-10-22,375.2799987792969,379.94000244140625,367.8399963378906,378.8800048828125,378.8800048828125,93900
2021-10-25,380.0,387.7200012207031,374.0,387.45001220703125,387.45001220703125,96100
2021-10-26,390.0,391.4830017089844,381.2799987792969,383.6400146484375,383.6400146484375,131700
2021-10-27,375.6600036621094,380.1700134277344,367.2699890136719,367.2699890136719,367.2699890136719,126100
2021-10-28,365.260009765625,367.7099914550781,356.57000732421875,364.5799865722656,364.5799865722656,132900
2021-10-29,361.75,365.45001220703125,354.4599914550781,357.7200012207031,357.7200012207031,145200
2021-11-01,353.42999267578125,358.0849914550781,348.9599914550781,357.4599914550781,357.4599914550781,117800
2021-11-02,355.3800048828125,361.1099853515625,353.0400085449219,358.3299865722656,358.3299865722656,150600
2021-11-03,358.29998779296875,377.2699890136719,352.9100036621094,373.7200012207031,373.7200012207031,146900
2021-11-04,375.5899963378906,382.4800109863281,364.5899963378906,368.8900146484375,368.8900146484375,172600
2021-11-05,350.010009765625,370.2850036621094,350.010009765625,364.989990234375,364.989990234375,166100
2021-11-08,360.0299987792969,363.0,342.260009765625,349.8399963378906,349.8399963378906,295400
2021-11-09,360.0,376.45001220703125,358.0,369.6499938964844,369.6499938964844,247300
2021-11-10,378.1289978027344,386.7200012207031,366.57000732421875,368.0,368.0,259400
2021-11-11,365.0,370.3399963378906,362.6700134277344,368.6099853515625,368.6099853515625,143500
2021-11-12,372.0299987792969,383.25,369.95001220703125,378.67999267578125,378.67999267578125,117500
2021-11-15,375.57000732421875,383.9750061035156,370.9700012207031,382.3699951171875,382.3699951171875,136900
2021-11-16,392.29998779296875,392.29998779296875,379.7099914550781,389.3399963378906,389.3399963378906,195600
2021-11-17,389.3399963378906,392.0,374.5799865722656,380.1300048828125,380.1300048828125,184700
2021-11-18,373.6199951171875,380.8999938964844,366.6300048828125,368.989990234375,368.989990234375,82200
2021-11-19,366.8699951171875,369.92999267578125,362.614990234375,364.5400085449219,364.5400085449219,105700
2021-11-22,364.54998779296875,364.54998779296875,352.5299987792969,354.6099853515625,354.6099853515625,98500
2021-11-23,351.010009765625,353.6400146484375,341.6449890136719,347.95001220703125,347.95001220703125,139000
2021-11-24,347.9599914550781,352.7900085449219,343.17999267578125,351.510009765625,351.510009765625,110700
2021-11-26,350.1499938964844,353.989990234375,340.0,347.69000244140625,347.69000244140625,125300
2021-11-29,349.0,350.3999938964844,341.0199890136719,343.20001220703125,343.20001220703125,214500
2021-11-30,343.0,351.8500061035156,335.1199951171875,347.5299987792969,347.5299987792969,360000
2021-12-01,355.2099914550781,368.5,351.2699890136719,351.9800109863281,351.9800109863281,205200
2021-12-02,354.3399963378906,365.1600036621094,343.20001220703125,345.8699951171875,345.8699951171875,237200
2021-12-03,349.5799865722656,350.95001220703125,311.0199890136719,314.1400146484375,314.1400146484375,435100
2021-12-06,303.010009765625,313.94500732421875,284.010009765625,299.2099914550781,299.2099914550781,563100
2021-12-07,309.30999755859375,322.7300109863281,307.010009765625,317.25,317.25,367200
2021-12-08,315.0,319.1700134277344,306.20001220703125,315.0299987792969,315.0299987792969,145300
2021-12-09,320.0,325.45001220703125,305.4700012207031,305.6000061035156,305.6000061035156,191900
2021-12-10,305.6499938964844,309.05999755859375,295.04998779296875,298.42999267578125,298.42999267578125,169000
2021-12-13,296.010009765625,296.010009765625,282.239990234375,282.95001220703125,282.95001220703125,242500
2021-12-14,283.2900085449219,287.0400085449219,273.260009765625,278.42999267578125,278.42999267578125,414600
2021-12-15,252.49000549316406,256.2099914550781,222.2100067138672,248.55999755859375,248.55999755859375,1794800
2021-12-16,265.0,286.05999755859375,264.010009765625,273.0400085449219,273.0400085449219,963400
2021-12-17,262.0400085449219,275.989990234375,261.0,273.7099914550781,273.7099914550781,606200
2021-12-20,285.67999267578125,286.0,270.17999267578125,273.79998779296875,273.79998779296875,464400
2021-12-21,276.0,277.0450134277344,267.3999938964844,275.260009765625,275.260009765625,223400
2021-12-22,269.8699951171875,279.9599914550781,269.8699951171875,273.8900146484375,273.8900146484375,289700
2021-12-23,269.4100036621094,271.135009765625,262.7300109863281,268.6300048828125,268.6300048828125,188800
2021-12-27,268.6300048828125,268.7900085449219,261.1400146484375,265.0899963378906,265.0899963378906,265400
2021-12-28,265.1000061035156,275.9700012207031,264.17999267578125,270.6600036621094,270.6600036621094,221000
2021-12-29,270.0,271.0,258.82501220703125,260.8599853515625,260.8599853515625,166300
2021-12-30,256.6700134277344,279.9599914550781,256.29998779296875,273.4100036621094,273.4100036621094,206600
2021-12-31,276.989990234375,278.989990234375,264.5849914550781,270.92999267578125,270.92999267578125,375000
2022-01-03,267.0,275.7200012207031,260.42999267578125,269.55999755859375,269.55999755859375,169000
2022-01-04,256.5,257.3999938964844,245.05999755859375,246.22000122070312,246.22000122070312,358600
2022-01-05,238.17999267578125,246.85000610351562,220.39999389648438,221.5800018310547,221.5800018310547,412000
2022-01-06,220.5800018310547,229.27000427246094,220.0399932861328,225.33999633789062,225.33999633789062,341200
2022-01-07,228.6999969482422,238.63999938964844,226.8699951171875,229.52000427246094,229.52000427246094,260300
2022-01-10,230.17999267578125,239.22999572753906,226.60000610351562,239.16000366210938,239.16000366210938,156300
2022-01-11,237.5399932861328,249.75,230.91000366210938,241.63999938964844,241.63999938964844,301300
2022-01-12,252.30999755859375,256.2900085449219,244.75999450683594,249.69000244140625,249.69000244140625,277600
2022-01-13,250.3300018310547,250.5399932861328,232.89999389648438,236.17999267578125,236.17999267578125,163600
2022-01-14,240.22999572753906,240.32000732421875,230.14999389648438,238.63999938964844,238.63999938964844,213300
2022-01-18,233.22000122070312,246.27999877929688,231.32000732421875,239.6300048828125,239.6300048828125,284800
2022-01-19,240.3000030517578,248.05999755859375,236.0399932861328,236.85000610351562,236.85000610351562,144200
2022-01-20,247.97999572753906,254.93499755859375,243.86000061035156,251.3699951171875,251.3699951171875,358600
2022-01-21,247.0,254.22799682617188,243.8800048828125,251.4499969482422,251.4499969482422,310100
2022-01-24,244.02000427246094,250.0,238.5399932861328,248.85000610351562,248.85000610351562,288900
2022-01-25,243.6699981689453,246.97000122070312,227.33999633789062,233.47000122070312,233.47000122070312,281500
2022-01-26,229.5,234.5,221.88600158691406,224.50999450683594,224.50999450683594,131500
2022-01-27,222.1999969482422,224.50999450683594,200.75,202.89999389648438,202.89999389648438,314700
2022-01-28,202.05999755859375,212.94000244140625,194.5,212.92999267578125,212.92999267578125,428600
2022-01-31,220.4600067138672,247.39999389648438,220.4600067138672,242.5800018310547,242.5800018310547,349900
2022-02-01,238.69000244140625,257.30999755859375,238.69000244140625,254.44000244140625,254.44000244140625,294700
2022-02-02,256.2900085449219,256.5799865722656,242.27999877929688,245.60000610351562,245.60000610351562,205300
2022-02-03,242.0,242.0,222.9600067138672,223.5,223.5,236600
2022-02-04,223.4199981689453,230.10000610351562,220.49000549316406,223.75999450683594,223.75999450683594,153900
2022-02-07,228.25999450683594,232.41000366210938,218.05999755859375,218.83999633789062,218.83999633789062,230000
2022-02-08,221.08999633789062,221.25,205.97999572753906,211.19000244140625,211.19000244140625,282300
2022-02-09,212.32000732421875,225.8000030517578,210.86000061035156,221.25,221.25,257600
2022-02-10,222.11000061035156,230.0,216.08999633789062,219.86000061035156,219.86000061035156,203300
2022-02-11,215.25999450683594,217.25,198.0,202.25999450683594,202.25999450683594,289300
2022-02-14,200.02999877929688,208.5050048828125,198.88999938964844,205.3000030517578,205.3000030517578,161400
2022-02-15,213.97999572753906,226.8800048828125,213.97999572753906,219.88999938964844,219.88999938964844,187800
2022-02-16,220.0,221.0399932861328,212.88999938964844,220.1999969482422,220.1999969482422,189300
2022-02-17,216.50999450683594,217.39999389648438,201.63999938964844,205.19000244140625,205.19000244140625,171100
2022-02-18,202.88999938964844,214.6999969482422,201.00999450683594,213.0,213.0,187400
2022-02-22,204.13999938964844,212.97999572753906,202.3300018310547,207.8800048828125,207.8800048828125,193800
2022-02-23,215.99000549316406,221.80999755859375,199.25,203.3000030517578,203.3000030517578,253800
2022-02-24,200.9499969482422,217.13999938964844,198.27999877929688,215.83999633789062,215.83999633789062,301700
2022-02-25,216.0,218.99000549316406,200.9499969482422,214.11000061035156,214.11000061035156,220400
2022-02-28,205.63999938964844,215.3800048828125,201.13999938964844,210.52000427246094,210.52000427246094,354900
2022-03-01,214.11000061035156,220.83999633789062,207.97999572753906,216.2100067138672,216.2100067138672,170400
2022-03-02,215.9600067138672,216.8800048828125,208.02000427246094,214.1999969482422,214.1999969482422,157300
2022-03-03,213.5,213.5,183.66000366210938,185.19000244140625,185.19000244140625,762300
2022-03-04,181.0,183.0800018310547,172.50799560546875,176.3699951171875,176.3699951171875,428700
2022-03-07,176.72999572753906,181.85000610351562,170.50999450683594,179.72999572753906,179.72999572753906,241600
2022-03-08,181.0399932861328,190.74000549316406,174.9199981689453,184.72000122070312,184.72000122070312,337800
2022-03-09,186.72999572753906,197.1199951171875,186.72999572753906,195.47000122070312,195.47000122070312,265600
2022-03-10,178.8000030517578,189.6300048828125,162.97999572753906,184.0,184.0,1090100
2022-03-11,185.9499969482422,187.2550048828125,158.35000610351562,161.52999877929688,161.52999877929688,650100
2022-03-14,150.0,150.9600067138672,136.52999877929688,146.72999572753906,146.72999572753906,847600
2022-03-15,145.0800018310547,154.2899932861328,136.08999633789062,146.52000427246094,146.52000427246094,999900
2022-03-16,175.82000732421875,195.9499969482422,174.02000427246094,183.3300018310547,183.3300018310547,1162800
2022-03-17,171.0500030517578,189.49000549316406,171.02999877929688,189.0399932861328,189.0399932861328,452400
2022-03-18,188.36000061035156,202.13999938964844,188.0,192.97000122070312,192.97000122070312,733400
2022-03-21,188.13999938964844,188.91900634765625,177.13499450683594,179.6199951171875,179.6199951171875,416300
2022-03-22,189.1199951171875,189.1199951171875,179.08999633789062,186.3300018310547,186.3300018310547,525100
2022-03-23,186.1999969482422,194.52999877929688,181.39999389648438,187.3000030517578,187.3000030517578,256300
2022-03-24,194.25999450683594,204.59500122070312,191.55999755859375,202.4199981689453,202.4199981689453,317500
2022-03-25,192.63999938964844,199.00999450683594,187.17999267578125,192.6199951171875,192.6199951171875,360200
2022-03-28,186.4600067138672,197.63999938964844,182.27999877929688,196.4199981689453,196.4199981689453,395500
2022-03-29,203.0,212.86000061035156,201.53500366210938,207.5399932861328,207.5399932861328,252000
2022-03-30,206.52000427246094,212.19000244140625,201.6300048828125,206.0,206.0,375000
2022-03-31,205.1300048828125,205.1300048828125,188.2899932861328,188.60000610351562,188.60000610351562,274400
2022-04-01,200.0,204.58999633789062,195.66000366210938,197.10000610351562,197.10000610351562,303300
2022-04-04,208.0,216.3800048828125,201.44000244140625,216.0500030517578,216.0500030517578,295700
2022-04-05,212.61000061035156,216.1300048828125,206.30999755859375,211.38999938964844,211.38999938964844,335900
2022-04-06,204.64999389648438,215.86000061035156,204.64999389648438,212.19000244140625,212.19000244140625,266800
2022-04-07,209.86000061035156,216.14999389648438,208.86000061035156,213.58999633789062,213.58999633789062,323500
2022-04-08,208.8800048828125,213.85000610351562,195.3300018310547,196.57000732421875,196.57000732421875,284700
2022-04-11,191.52999877929688,191.82000732421875,183.0,184.41000366210938,184.41000366210938,235600
2022-04-12,190.77999877929688,191.9499969482422,179.0399932861328,182.4199981689453,182.4199981689453,176100
2022-04-13,185.82000732421875,188.9499969482422,181.77000427246094,187.66000366210938,187.66000366210938,121500
2022-04-14,186.33999633789062,188.5,181.9499969482422,182.36000061035156,182.36000061035156,106000
2022-04-18,178.89999389648438,179.11000061035156,171.24000549316406,172.13999938964844,172.13999938964844,198200
2022-04-19,174.32000732421875,179.97999572753906,169.3000030517578,176.9600067138672,176.9600067138672,129600
2022-04-20,175.25999450683594,178.97999572753906,170.1300048828125,172.00999450683594,172.00999450683594,101800
2022-04-21,172.02000427246094,172.02000427246094,161.74000549316406,164.72000122070312,164.72000122070312,187500
2022-04-22,168.5399932861328,169.58999633789062,163.58999633789062,163.77999877929688,163.77999877929688,119200
2022-04-25,161.0,164.8300018310547,158.5800018310547,162.8000030517578,162.8000030517578,180100
2022-04-26,162.97000122070312,163.35000610351562,151.6699981689453,152.57000732421875,152.57000732421875,229100
2022-04-27,155.07000732421875,164.91000366210938,154.33999633789062,157.8000030517578,157.8000030517578,164000
2022-04-28,165.24000549316406,165.24000549316406,150.5,158.4499969482422,158.4499969482422,180200
2022-04-29,170.94000244140625,178.7899932861328,158.53500366210938,160.0,160.0,212000
2022-05-02,156.6199951171875,168.36000061035156,155.89999389648438,166.52999877929688,166.52999877929688,149700
2022-05-03,167.6699981689453,167.86000061035156,161.09500122070312,163.52999877929688,163.52999877929688,118700
2022-05-04,161.1199951171875,165.80999755859375,150.80999755859375,163.0,163.0,169300
2022-05-05,162.88999938964844,175.43600463867188,158.00999450683594,159.47999572753906,159.47999572753906,545300
2022-05-06,158.0800018310547,158.0800018310547,145.8699951171875,147.2899932861328,147.2899932861328,226700
2022-05-09,140.4199981689453,145.94000244140625,131.02999877929688,134.22000122070312,134.22000122070312,307000
2022-05-10,148.86000061035156,156.6649932861328,142.02999877929688,143.67999267578125,143.67999267578125,298400
2022-05-11,128.0,130.0,120.30000305175781,121.11000061035156,121.11000061035156,1133400
2022-05-12,121.41999816894531,131.94000244140625,120.0,131.47999572753906,131.47999572753906,411400
2022-05-13,135.97999572753906,137.47999572753906,130.67999267578125,132.8699951171875,132.8699951171875,424900
2022-05-16,130.25999450683594,135.94000244140625,127.33000183105469,129.17999267578125,129.17999267578125,228800
2022-05-17,136.22999572753906,139.99000549316406,132.91000366210938,138.5800018310547,138.5800018310547,191200
2022-05-18,136.57000732421875,138.36000061035156,128.5500030517578,131.08999633789062,131.08999633789062,286100
2022-05-19,132.0,136.5399932861328,130.0800018310547,131.6699981689453,131.6699981689453,361500
2022-05-20,139.0,139.4499969482422,129.3000030517578,137.32000732421875,137.32000732421875,259700
2022-05-23,137.5,138.67999267578125,132.19500732421875,135.1699981689453,135.1699981689453,151200
2022-05-24,129.0399932861328,132.0,118.18000030517578,122.98999786376953,122.98999786376953,300000
2022-05-25,126.73999786376953,128.49000549316406,120.94000244140625,127.41000366210938,127.41000366210938,222300
2022-05-26,127.68000030517578,132.10000610351562,127.68000030517578,131.25999450683594,131.25999450683594,165100
2022-05-27,130.30999755859375,133.9600067138672,125.0,133.9600067138672,133.9600067138672,191600
2022-05-31,139.52999877929688,144.3300018310547,135.1699981689453,137.22000122070312,137.22000122070312,523400
2022-06-01,137.57000732421875,142.77999877929688,136.64999389648438,139.02000427246094,139.02000427246094,231100
2022-06-02,139.02000427246094,143.1699981689453,137.35000610351562,138.80999755859375,138.80999755859375,238800
2022-06-03,136.9199981689453,143.35000610351562,134.52000427246094,141.91000366210938,141.91000366210938,158600
2022-06-06,145.41000366210938,146.06300354003906,136.1999969482422,138.42999267578125,138.42999267578125,280400
2022-06-07,141.0,155.60000610351562,140.38999938964844,154.57000732421875,154.57000732421875,323600
2022-06-08,159.9600067138672,169.4600067138672,158.14500427246094,162.0500030517578,162.0500030517578,365400
2022-06-09,155.72000122070312,164.91000366210938,148.9149932861328,150.63999938964844,150.63999938964844,228000
2022-06-10,157.77000427246094,161.55999755859375,145.13900756835938,147.47000122070312,147.47000122070312,327300
2022-06-13,143.39999389648438,143.97000122070312,127.51000213623047,130.3000030517578,130.3000030517578,324400
2022-06-14,132.02000427246094,133.8000030517578,129.00999450683594,132.00999450683594,132.00999450683594,210200
2022-06-15,133.6699981689453,139.05999755859375,132.47999572753906,136.74000549316406,136.74000549316406,255700
2022-06-16,130.47999572753906,135.7949981689453,128.99000549316406,133.77999877929688,133.77999877929688,210800
2022-06-17,138.27000427246094,141.2899932861328,131.75,132.13999938964844,132.13999938964844,622300
2022-06-21,149.25999450683594,152.97999572753906,139.8800048828125,152.6699981689453,152.6699981689453,836100
2022-06-22,148.0,159.72000122070312,148.0,155.67999267578125,155.67999267578125,288100
2022-06-23,155.67999267578125,159.25,152.7550048828125,156.1999969482422,156.1999969482422,202800
2022-06-24,169.52999877929688,181.8300018310547,166.35000610351562,177.99000549316406,177.99000549316406,534400
2022-06-27,178.1199951171875,180.10000610351562,167.4199981689453,171.27000427246094,171.27000427246094,255500
2022-06-28,167.8000030517578,171.30999755859375,160.0399932861328,165.02999877929688,165.02999877929688,274600
2022-06-29,162.00999450683594,167.88999938964844,159.97000122070312,162.2899932861328,162.2899932861328,371900
2022-06-30,158.94000244140625,162.60000610351562,154.8000030517578,161.85000610351562,161.85000610351562,296300
2022-07-01,159.82000732421875,169.0399932861328,158.47999572753906,166.9499969482422,166.9499969482422,225100
2022-07-05,173.57000732421875,196.39999389648438,171.0,194.47999572753906,194.47999572753906,475900
2022-07-06,189.77999877929688,194.0,168.05999755859375,181.0500030517578,181.0500030517578,466900
2022-07-07,181.27000427246094,193.52999877929688,181.25999450683594,191.41000366210938,191.41000366210938,230800
2022-07-08,185.38999938964844,190.0,183.50999450683594,188.74000549316406,188.74000549316406,400400
2022-07-11,180.57000732421875,182.39999389648438,173.61000061035156,177.02000427246094,177.02000427246094,251000
2022-07-12,176.0,183.0399932861328,170.0500030517578,178.66000366210938,178.66000366210938,199100
2022-07-13,172.33999633789062,174.24000549316406,160.4600067138672,169.74000549316406,169.74000549316406,349000
2022-07-14,179.3800048828125,179.9949951171875,170.86399841308594,175.92999267578125,175.92999267578125,236400
2022-07-15,176.47999572753906,179.22000122070312,171.41000366210938,177.14999389648438,177.14999389648438,188300
2022-07-18,177.85000610351562,181.92999267578125,172.0,172.74000549316406,172.74000549316406,257700
2022-07-19,172.0,180.44000244140625,168.82000732421875,178.36000061035156,178.36000061035156,288900
2022-07-20,179.0,188.60000610351562,175.71600341796875,186.0,186.0,210000
2022-07-21,186.0,189.35000610351562,183.60000610351562,188.52999877929688,188.52999877929688,202400
2022-07-22,184.08999633789062,187.75,179.10000610351562,180.57000732421875,180.57000732421875,237700
2022-07-25,182.5500030517578,185.6999969482422,179.64700317382812,182.58999633789062,182.58999633789062,141800
2022-07-26,180.0,180.9600067138672,175.0,177.3000030517578,177.3000030517578,307100
2022-07-27,176.1199951171875,180.51499938964844,174.0500030517578,177.61000061035156,177.61000061035156,189500
2022-07-28,178.47999572753906,178.47999572753906,170.3300018310547,174.8699951171875,174.8699951171875,242400
2022-07-29,170.52000427246094,172.74000549316406,167.17999267578125,168.0800018310547,168.0800018310547,309600
2022-08-01,163.33999633789062,168.60000610351562,161.0800018310547,162.49000549316406,162.49000549316406,239400
2022-08-02,162.0,171.08999633789062,162.0,165.85000610351562,165.85000610351562,189500
2022-08-03,164.58999633789062,173.86000061035156,164.58999633789062,169.72000122070312,169.72000122070312,300800
2022-08-04,178.0,193.8699951171875,172.52999877929688,191.0800018310547,191.0800018310547,285000
2022-08-05,185.8800048828125,199.16000366210938,183.82000732421875,194.47000122070312,194.47000122070312,225700
2022-08-08,199.10000610351562,205.83299255371094,197.33999633789062,202.24000549316406,202.24000549316406,317200
2022-08-09,204.0,204.0,192.97999572753906,197.6199951171875,197.6199951171875,112100
2022-08-10,189.44000244140625,194.99000549316406,187.24000549316406,191.3800048828125,191.3800048828125,190000
2022-08-11,197.89999389648438,207.27000427246094,194.25,196.63999938964844,196.63999938964844,166000
2022-08-12,197.9499969482422,199.60000610351562,192.00999450683594,193.97000122070312,193.97000122070312,163700
2022-08-15,192.97999572753906,198.57000732421875,190.8300018310547,197.16000366210938,197.16000366210938,123900
2022-08-16,195.08999633789062,197.6199951171875,187.0,188.25,188.25,203000
2022-08-17,185.0,188.83999633789062,177.52000427246094,179.82000732421875,179.82000732421875,302200
2022-08-18,179.72000122070312,186.38999938964844,175.8000030517578,177.8300018310547,177.8300018310547,182700
2022-08-19,175.49000549316406,175.99000549316406,171.75,174.83999633789062,174.83999633789062,100800
2022-08-22,176.85000610351562,177.8300018310547,172.02999877929688,172.99000549316406,172.99000549316406,127900
2022-08-23,172.00999450683594,175.25,171.1699981689453,173.02000427246094,173.02000427246094,197800
2022-08-24,170.50999450683594,180.07000732421875,170.50999450683594,176.2100067138672,176.2100067138672,92400
2022-08-25,181.27999877929688,181.27999877929688,173.24000549316406,175.9499969482422,175.9499969482422,213000
2022-08-26,183.63999938964844,189.99000549316406,181.08999633789062,181.08999633789062,181.08999633789062,210300
2022-08-29,178.55999755859375,178.83999633789062,166.85000610351562,167.3000030517578,167.3000030517578,170600
2022-08-30,168.57000732421875,169.19000244140625,163.98500061035156,165.52999877929688,165.52999877929688,141400
2022-08-31,170.99000549316406,174.3800048828125,168.02099609375,171.66000366210938,171.66000366210938,192200
2022-09-01,168.77000427246094,171.5,165.14999389648438,171.10000610351562,171.10000610351562,140800
2022-09-02,168.00999450683594,169.61000061035156,165.9250030517578,166.8800048828125,166.8800048828125,166100
2022-09-06,164.6300048828125,168.39999389648438,160.6750030517578,163.4499969482422,163.4499969482422,328200
2022-09-07,163.4499969482422,165.6649932861328,161.64999389648438,164.24000549316406,164.24000549316406,203900
2022-09-08,163.10000610351562,167.2100067138672,163.10000610351562,167.2100067138672,167.2100067138672,135200
2022-09-09,170.74000549316406,173.86000061035156,168.48599243164062,170.7100067138672,170.7100067138672,155700
2022-09-12,167.5,173.8350067138672,167.47000122070312,173.75,173.75,166600
2022-09-13,166.0,166.75999450683594,162.8000030517578,162.8699951171875,162.8699951171875,381100
2022-09-14,160.97999572753906,161.02999877929688,152.52999877929688,154.25,154.25,268200
2022-09-15,153.52999877929688,161.2899932861328,153.52999877929688,160.6300048828125,160.6300048828125,165600
2022-09-16,158.42999267578125,159.5800018310547,154.0,157.08999633789062,157.08999633789062,293400
2022-09-19,153.8800048828125,155.72999572753906,153.02000427246094,154.82000732421875,154.82000732421875,213700
2022-09-20,153.5,155.0800018310547,152.5,153.74000549316406,153.74000549316406,209000
2022-09-21,153.39999389648438,154.0,147.5,148.85000610351562,148.85000610351562,241100
2022-09-22,147.47000122070312,148.125,142.52000427246094,144.02999877929688,144.02999877929688,251600
2022-09-23,141.5,142.1999969482422,136.84500122070312,138.63999938964844,138.63999938964844,242500
2022-09-26,138.63999938964844,138.63999938964844,131.42999267578125,131.8000030517578,131.8000030517578,318000
2022-09-27,140.5800018310547,145.7100067138672,136.11500549316406,138.55999755859375,138.55999755859375,312200
2022-09-28,136.9499969482422,144.0399932861328,136.9499969482422,142.42999267578125,142.42999267578125,185800
2022-09-29,137.7899932861328,138.22000122070312,132.72999572753906,136.27999877929688,136.27999877929688,137600
2022-09-30,134.27000427246094,137.77999877929688,133.30999755859375,134.82000732421875,134.82000732421875,257300
2022-10-03,133.22000122070312,139.24000549316406,131.5449981689453,137.13999938964844,137.13999938964844,213700
2022-10-04,140.22999572753906,146.11000061035156,139.18499755859375,144.94000244140625,144.94000244140625,150400
2022-10-05,144.69000244140625,144.8000030517578,138.00999450683594,144.27000427246094,144.27000427246094,80200
2022-10-06,142.4199981689453,143.80999755859375,139.05999755859375,140.33999633789062,140.33999633789062,57800
2022-10-07,137.1300048828125,137.6529998779297,133.2899932861328,134.8699951171875,134.8699951171875,168800
2022-10-10,134.0,134.0,130.3800048828125,130.89999389648438,130.89999389648438,409700
2022-10-11,128.67999267578125,130.38999938964844,124.45999908447266,125.51000213623047,125.51000213623047,288600
2022-10-12,128.99000549316406,155.74000549316406,126.2699966430664,151.3000030517578,151.3000030517578,858200
2022-10-13,148.5399932861328,153.77999877929688,138.63999938964844,151.88999938964844,151.88999938964844,523900
2022-10-14,158.0,169.10000610351562,155.80999755859375,155.83999633789062,155.83999633789062,408900
2022-10-17,163.49000549316406,173.75999450683594,161.13999938964844,166.8300018310547,166.8300018310547,305800
2022-10-18,177.3699951171875,179.99000549316406,165.61000061035156,167.10000610351562,167.10000610351562,235400
2022-10-19,165.0,167.0800018310547,153.86000061035156,154.8800048828125,154.8800048828125,234000
2022-10-20,160.57000732421875,162.25,157.60000610351562,160.3800048828125,160.3800048828125,218300
2022-10-21,162.32000732421875,170.0500030517578,161.11000061035156,169.3699951171875,169.3699951171875,159300
2022-10-24,155.00999450683594,162.0030059814453,142.02000427246094,155.82000732421875,155.82000732421875,684800
2022-10-25,154.72999572753906,163.23500061035156,153.10499572753906,160.8800048828125,160.8800048828125,209100
2022-10-26,165.99000549316406,173.7550048828125,165.99000549316406,170.9600067138672,170.9600067138672,224300
2022-10-27,165.33999633789062,170.24000549316406,160.49000549316406,166.99000549316406,166.99000549316406,202000
2022-10-28,159.07000732421875,167.27000427246094,157.69000244140625,166.1199951171875,166.1199951171875,155400
2022-10-31,166.27999877929688,171.27999877929688,163.63999938964844,168.88999938964844,168.88999938964844,200500
2022-11-01,175.86000061035156,176.94000244140625,168.1750030517578,169.42999267578125,169.42999267578125,203500
2022-11-02,177.99000549316406,183.4499969482422,171.0,178.42999267578125,178.42999267578125,306600
2022-11-03,179.25999450683594,185.66000366210938,174.50999450683594,185.11000061035156,185.11000061035156,176300
2022-11-04,188.0,189.38999938964844,180.0,185.42999267578125,185.42999267578125,229800
2022-11-07,187.41000366210938,199.60000610351562,187.41000366210938,192.77999877929688,192.77999877929688,266600
2022-11-08,190.4600067138672,190.5,183.27000427246094,189.1300048828125,189.1300048828125,205300
2022-11-09,184.2100067138672,190.0,174.85000610351562,176.22999572753906,176.22999572753906,258200
2022-11-10,186.11000061035156,195.97000122070312,183.33999633789062,188.8000030517578,188.8000030517578,185200
2022-11-11,195.0,200.9600067138672,190.64999389648438,197.9499969482422,197.9499969482422,269100
2022-11-14,203.99000549316406,207.5399932861328,200.1199951171875,202.97999572753906,202.97999572753906,210000
2022-11-15,210.0,210.50999450683594,203.1699981689453,207.7100067138672,207.7100067138672,280200
2022-11-16,207.7899932861328,208.94000244140625,204.6300048828125,205.77000427246094,205.77000427246094,171200
2022-11-17,201.1699981689453,205.9499969482422,198.85000610351562,200.57000732421875,200.57000732421875,248100
2022-11-18,198.02000427246094,204.10000610351562,196.50999450683594,203.1300048828125,203.1300048828125,115300
2022-11-21,198.52000427246094,202.64500427246094,193.5800018310547,194.64999389648438,194.64999389648438,142300
2022-11-22,191.17999267578125,192.4550018310547,175.61000061035156,176.5399932861328,176.5399932861328,278200
2022-11-23,177.72000122070312,183.0,175.5,181.7899932861328,181.7899932861328,222800
2022-11-25,177.0800018310547,179.0,171.92999267578125,174.97000122070312,174.97000122070312,136700
2022-11-28,178.8000030517578,183.05999755859375,176.5500030517578,179.2899932861328,179.2899932861328,222100
2022-11-29,184.1199951171875,184.4199981689453,176.32400512695312,179.86000061035156,179.86000061035156,181800
2022-11-30,192.10000610351562,202.89999389648438,187.9499969482422,191.61000061035156,191.61000061035156,1231200
2022-12-01,190.47000122070312,197.83999633789062,188.32000732421875,194.57000732421875,194.57000732421875,284800
2022-12-02,193.16000366210938,207.17999267578125,193.16000366210938,201.86000061035156,201.86000061035156,325100
2022-12-05,205.7899932861328,206.82000732421875,183.83999633789062,188.7100067138672,188.7100067138672,318100
2022-12-06,186.22999572753906,191.61500549316406,179.22000122070312,187.5800018310547,187.5800018310547,238100
2022-12-07,182.63999938964844,194.5800018310547,180.8800048828125,193.3800048828125,193.3800048828125,480000
2022-12-08,200.16000366210938,204.86000061035156,197.5500030517578,200.77999877929688,200.77999877929688,252500
2022-12-09,204.08999633789062,207.86000061035156,196.9250030517578,197.0,197.0,312800
2022-12-12,202.75999450683594,205.4149932861328,198.22000122070312,204.3000030517578,204.3000030517578,246700
2022-12-13,210.0,212.99000549316406,201.77999877929688,208.07000732421875,208.07000732421875,254100
2022-12-14,204.02999877929688,213.58999633789062,204.02999877929688,209.24000549316406,209.24000549316406,201200
2022-12-15,207.61000061035156,210.92999267578125,205.4499969482422,207.9199981689453,207.9199981689453,167200
2022-12-16,204.8300018310547,207.8249969482422,200.85000610351562,205.0,205.0,245800
2022-12-19,201.0,202.97999572753906,194.3300018310547,201.08999633789062,201.08999633789062,208100
2022-12-20,197.1199951171875,210.75999450683594,196.9199981689453,208.64999389648438,208.64999389648438,592600
2022-12-21,208.08999633789062,216.24000549316406,204.72000122070312,216.24000549316406,216.24000549316406,199400
2022-12-22,215.8800048828125,229.44000244140625,213.53500366210938,229.3000030517578,229.3000030517578,493700
2022-12-23,230.0,232.61500549316406,219.52999877929688,226.07000732421875,226.07000732421875,428700
2022-12-27,221.42999267578125,225.09500122070312,220.47999572753906,223.5500030517578,223.5500030517578,146800
2022-12-28,223.8000030517578,225.9600067138672,215.9600067138672,219.36000061035156,219.36000061035156,135700
2022-12-29,221.7100067138672,226.1750030517578,218.52499389648438,223.80999755859375,223.80999755859375,172600
2022-12-30,219.30999755859375,227.22999572753906,217.99000549316406,219.94000244140625,219.94000244140625,148400
2023-01-03,230.25999450683594,231.83999633789062,221.3300018310547,226.6300048828125,226.6300048828125,191800
2023-01-04,236.19000244140625,243.07000732421875,233.42999267578125,242.89999389648438,242.89999389648438,282700
2023-01-05,238.86000061035156,246.3800048828125,238.86000061035156,243.30999755859375,243.30999755859375,161600
2023-01-06,242.0,246.71600341796875,239.00999450683594,245.22000122070312,245.22000122070312,220000
2023-01-09,249.0,250.6199951171875,245.1199951171875,245.9499969482422,245.9499969482422,345600
2023-01-10,249.02000427246094,251.4600067138672,246.4600067138672,250.0800018310547,250.0800018310547,178100
2023-01-11,256.989990234375,256.989990234375,248.88999938964844,254.3699951171875,254.3699951171875,255300
2023-01-12,257.0,263.9700012207031,249.82000732421875,263.2300109863281,263.2300109863281,221800
2023-01-13,269.0,279.1199951171875,267.45001220703125,270.6600036621094,270.6600036621094,412800
2023-01-17,270.0,272.010009765625,265.2799987792969,267.67999267578125,267.67999267578125,358700
2023-01-18,272.1600036621094,272.1600036621094,259.75,265.0,265.0,364300
2023-01-19,271.8299865722656,275.9800109863281,268.7200012207031,274.5,274.5,385300
2023-01-20,280.0,280.6199951171875,263.4599914550781,266.4200134277344,266.4200134277344,272200
2023-01-23,263.94000244140625,269.8900146484375,263.45001220703125,269.0,269.0,173600
2023-01-24,266.010009765625,273.6400146484375,266.0010070800781,266.75,266.75,202900
2023-01-25,267.3900146484375,267.3900146484375,259.54998779296875,263.5,263.5,316000
2023-01-26,264.07000732421875,264.7449951171875,258.8009948730469,261.6300048828125,261.6300048828125,323600
2023-01-27,262.989990234375,264.8699951171875,258.0849914550781,259.79998779296875,259.79998779296875,231900
2023-01-30,253.52000427246094,260.0,253.52000427246094,256.1499938964844,256.1499938964844,242800
2023-01-31,254.25,257.20001220703125,252.4199981689453,256.0,256.0,174800
2023-02-01,258.7300109863281,260.0,248.52000427246094,254.27999877929688,254.27999877929688,346600
2023-02-02,256.70001220703125,257.7699890136719,250.77999877929688,255.0500030517578,255.0500030517578,276100
2023-02-03,252.77000427246094,257.7200012207031,251.94000244140625,256.8999938964844,256.8999938964844,346500
2023-02-06,248.7100067138672,249.97999572753906,242.52099609375,245.17999267578125,245.17999267578125,274000
2023-02-07,250.44000244140625,252.02999877929688,245.67999267578125,249.1199951171875,249.1199951171875,166900
2023-02-08,251.72000122070312,252.5,248.0,249.9600067138672,249.9600067138672,359400
2023-02-09,250.3000030517578,252.83999633789062,246.39500427246094,248.85000610351562,248.85000610351562,177300
2023-02-10,243.94000244140625,246.7899932861328,241.49000549316406,244.47999572753906,244.47999572753906,148300
2023-02-13,247.41000366210938,250.6999969482422,244.6750030517578,245.08999633789062,245.08999633789062,269500
2023-02-14,242.52000427246094,244.64999389648438,238.11000061035156,241.47000122070312,241.47000122070312,138500
2023-02-15,235.27000427246094,238.75999450683594,234.19000244140625,238.75,238.75,256900
2023-02-16,234.0,238.39999389648438,233.6300048828125,235.36000061035156,235.36000061035156,121900
2023-02-17,231.42999267578125,234.5229949951172,230.30999755859375,232.05999755859375,232.05999755859375,123900
2023-02-21,229.0,231.97000122070312,226.02000427246094,229.00999450683594,229.00999450683594,170700
2023-02-22,228.69000244140625,230.85000610351562,226.3249969482422,227.08999633789062,227.08999633789062,194300
2023-02-23,227.77999877929688,228.2100067138672,220.27999877929688,223.25999450683594,223.25999450683594,173100
2023-02-24,223.25999450683594,224.50999450683594,214.38999938964844,215.58999633789062,215.58999633789062,252100
2023-02-27,209.50999450683594,220.2550048828125,208.8509979248047,216.02999877929688,216.02999877929688,224800
2023-02-28,219.17999267578125,226.77999877929688,218.0399932861328,224.6300048828125,224.6300048828125,314900
2023-03-01,233.8000030517578,240.9499969482422,229.38999938964844,235.8800048828125,235.8800048828125,351800
2023-03-02,233.0,241.19000244140625,230.5449981689453,240.31500244140625,240.31500244140625,184700
2023-03-03,237.9499969482422,243.3300018310547,235.07000732421875,241.3300018310547,241.3300018310547,170700
2023-03-06,241.1999969482422,241.1999969482422,236.67999267578125,238.63999938964844,238.63999938964844,170900
2023-03-07,237.2899932861328,239.69000244140625,231.39999389648438,231.50999450683594,231.50999450683594,135800
2023-03-08,226.7899932861328,228.61000061035156,222.67999267578125,227.69000244140625,227.69000244140625,258200
2023-03-09,222.64999389648438,224.97999572753906,217.63999938964844,217.99000549316406,217.99000549316406,143600
2023-03-10,220.0,221.7100067138672,213.72999572753906,216.24000549316406,216.24000549316406,200200
2023-03-13,216.0,226.4600067138672,214.00999450683594,222.22999572753906,222.22999572753906,196200
2023-03-14,237.0,238.97000122070312,230.32000732421875,231.32000732421875,231.32000732421875,358000
2023-03-15,240.22999572753906,241.0,232.55999755859375,235.9499969482422,235.9499969482422,520900
2023-03-16,229.5800018310547,229.5800018310547,216.02000427246094,224.77000427246094,224.77000427246094,304000
2023-03-17,224.0,225.1490020751953,220.0,223.32000732421875,223.32000732421875,300500
2023-03-20,220.3000030517578,223.19000244140625,215.86000061035156,223.0500030517578,223.0500030517578,179500
2023-03-21,225.86000061035156,226.74000549316406,221.9199981689453,225.85000610351562,225.85000610351562,109600
2023-03-22,222.14999389648438,222.14999389648438,215.64999389648438,215.64999389648438,215.64999389648438,89000
2023-03-23,221.24000549316406,224.0449981689453,217.50999450683594,219.02000427246094,219.02000427246094,65700
2023-03-24,219.42999267578125,220.00999450683594,216.77999877929688,219.7100067138672,219.7100067138672,160900
2023-03-27,219.3300018310547,224.7899932861328,219.0,224.77999877929688,224.77999877929688,181100
2023-03-28,221.9600067138672,226.1199951171875,218.89999389648438,219.9600067138672,219.9600067138672,177400
2023-03-29,222.92999267578125,223.75999450683594,220.6999969482422,221.75,221.75,147500
2023-03-30,221.85000610351562,223.14999389648438,215.80999755859375,218.1999969482422,218.1999969482422,171300
2023-03-31,217.0,219.72000122070312,215.07000732421875,215.52999877929688,215.52999877929688,263100
2023-04-03,215.52999877929688,218.1199951171875,210.31500244140625,212.8800048828125,212.8800048828125,252000
2023-04-04,214.41000366210938,215.92999267578125,211.89999389648438,215.0,215.0,235300
2023-04-05,213.9199981689453,215.97000122070312,210.8000030517578,212.0,212.0,102300
2023-04-06,218.49000549316406,242.44000244140625,218.25999450683594,238.4499969482422,238.4499969482422,617700
2023-04-10,234.13999938964844,240.9199981689453,233.9029998779297,235.0,235.0,176500
2023-04-11,244.99000549316406,256.1400146484375,244.0050048828125,251.9600067138672,251.9600067138672,290000
2023-04-12,254.80999755859375,258.1000061035156,250.39999389648438,254.8800048828125,254.8800048828125,163000
2023-04-13,263.1000061035156,272.489990234375,262.17999267578125,265.739990234375,265.739990234375,252600
2023-04-14,267.6700134277344,269.25,262.1000061035156,264.0,264.0,152600
2023-04-17,265.2099914550781,268.4100036621094,263.6700134277344,264.79998779296875,264.79998779296875,180200
2023-04-18,266.989990234375,270.57000732421875,264.8699951171875,266.7799987792969,266.7799987792969,183000
2023-04-19,260.3900146484375,263.260009765625,254.47000122070312,258.5,258.5,181200
2023-04-20,255.8000030517578,258.2900085449219,254.1999969482422,258.25,258.25,167200
2023-04-21,255.91000366210938,259.010009765625,252.6199951171875,258.45001220703125,258.45001220703125,97600
2023-04-24,257.0,258.8699951171875,255.0500030517578,257.3900146484375,257.3900146484375,106700
2023-04-25,251.1199951171875,253.27999877929688,246.33999633789062,246.77999877929688,246.77999877929688,210600
2023-04-26,245.00999450683594,248.30999755859375,243.69000244140625,246.0399932861328,246.0399932861328,163800
2023-04-27,248.57000732421875,255.9600067138672,248.22000122070312,255.49000549316406,255.49000549316406,249800
2023-04-28,250.72000122070312,256.0299987792969,250.72000122070312,254.9600067138672,254.9600067138672,228600
2023-05-01,254.66000366210938,260.25,253.3000030517578,259.9800109863281,259.9800109863281,183200
2023-05-02,259.9800109863281,263.7850036621094,259.04998779296875,263.45001220703125,263.45001220703125,251200
2023-05-03,262.3599853515625,266.6650085449219,261.0400085449219,265.0,265.0,191200
2023-05-04,257.2300109863281,263.1499938964844,251.36000061035156,260.6099853515625,260.6099853515625,294000
2023-05-05,244.5,257.7200012207031,244.5,249.7899932861328,249.7899932861328,243800
2023-05-08,254.1199951171875,256.45001220703125,251.49000549316406,253.9199981689453,253.9199981689453,147100
2023-05-09,246.02000427246094,247.4949951171875,241.75999450683594,245.67999267578125,245.67999267578125,167000
2023-05-10,244.5,246.8249969482422,242.00999450683594,245.1300048828125,245.1300048828125,161400
2023-05-11,243.72999572753906,245.6300048828125,239.24000549316406,244.60000610351562,244.60000610351562,85600
2023-05-12,240.3300018310547,242.6699981689453,237.49000549316406,238.3699951171875,238.3699951171875,168900
2023-05-15,238.3800048828125,241.3300018310547,235.9499969482422,240.25,240.25,115200
2023-05-16,244.1199951171875,244.92999267578125,238.66000366210938,238.89999389648438,238.89999389648438,132100
2023-05-17,231.99000549316406,234.34500122070312,226.6300048828125,231.0,231.0,211200
2023-05-18,228.32000732421875,230.10000610351562,225.27000427246094,228.72000122070312,228.72000122070312,169400
2023-05-19,230.8000030517578,234.0,228.63999938964844,232.60000610351562,232.60000610351562,90800
2023-05-22,235.52000427246094,245.74000549316406,235.52000427246094,242.05999755859375,242.05999755859375,165000
2023-05-23,241.83999633789062,244.55499267578125,238.5399932861328,239.3300018310547,239.3300018310547,130100
2023-05-24,236.42999267578125,240.3800048828125,235.4499969482422,236.5,236.5,87700
2023-05-25,235.39999389648438,235.39999389648438,224.66000366210938,227.72999572753906,227.72999572753906,108800
2023-05-26,230.99000549316406,238.47999572753906,228.16000366210938,236.89999389648438,236.89999389648438,205500
2023-05-30,237.25999450683594,241.5,224.69500732421875,228.27000427246094,228.27000427246094,209500
2023-05-31,225.67999267578125,226.10499572753906,213.82000732421875,220.92999267578125,220.92999267578125,280000
2023-06-01,220.9199981689453,227.25,220.05499267578125,223.47999572753906,223.47999572753906,116400
2023-06-02,224.47000122070312,227.66000366210938,222.60000610351562,227.36000061035156,227.36000061035156,122400
2023-06-05,220.60000610351562,225.4499969482422,217.57000732421875,221.83999633789062,221.83999633789062,146800
2023-06-06,212.52000427246094,229.5659942626953,212.33999633789062,226.13999938964844,226.13999938964844,274400
2023-06-07,222.00999450683594,226.5800018310547,221.33999633789062,224.38999938964844,224.38999938964844,122700
2023-06-08,219.3300018310547,219.55999755859375,215.77999877929688,217.05999755859375,217.05999755859375,266700
2023-06-09,216.92999267578125,219.2899932861328,215.02999877929688,216.0399932861328,216.0399932861328,157100
2023-06-12,217.97999572753906,218.35000610351562,211.4550018310547,213.1999969482422,213.1999969482422,269200
2023-06-13,212.72999572753906,213.72999572753906,209.97999572753906,212.19000244140625,212.19000244140625,237100
2023-06-14,210.22999572753906,213.6199951171875,205.1699981689453,208.1199951171875,208.1199951171875,332400
2023-06-15,193.50999450683594,208.4949951171875,191.14500427246094,201.0399932861328,201.0399932861328,477500
2023-06-16,199.3800048828125,202.5399932861328,194.0800018310547,200.2100067138672,200.2100067138672,550000
2023-06-20,196.07000732421875,196.18499755859375,189.11000061035156,191.57000732421875,191.57000732421875,286700
2023-06-21,190.02999877929688,190.72000122070312,180.3780059814453,185.60000610351562,185.60000610351562,388400
2023-06-22,184.88999938964844,187.75999450683594,182.38600158691406,185.91000366210938,185.91000366210938,268400
2023-06-23,180.74000549316406,183.39999389648438,178.5800018310547,179.27999877929688,179.27999877929688,507400
2023-06-26,183.97000122070312,185.8000030517578,179.36000061035156,180.08999633789062,180.08999633789062,444600
2023-06-27,180.9199981689453,180.99000549316406,177.00999450683594,180.2899932861328,180.2899932861328,308300
2023-06-28,177.6199951171875,180.22000122070312,176.49000549316406,179.86000061035156,179.86000061035156,208200
2023-06-29,178.0,179.08999633789062,174.74000549316406,178.58999633789062,178.58999633789062,205600
2023-06-30,176.66000366210938,179.2449951171875,175.9499969482422,178.3000030517578,178.3000030517578,282900
2023-07-03,178.75999450683594,181.7949981689453,178.1999969482422,180.85000610351562,180.85000610351562,152200
2023-07-05,187.75999450683594,193.08999633789062,187.49000549316406,191.47999572753906,191.47999572753906,308900
2023-07-06,189.6699981689453,192.0,186.0500030517578,189.42999267578125,189.42999267578125,213300
2023-07-07,190.27999877929688,193.41000366210938,188.63999938964844,189.5500030517578,189.5500030517578,177600
2023-07-10,189.6999969482422,193.97999572753906,186.89999389648438,192.52999877929688,192.52999877929688,152000
2023-07-11,182.61000061035156,188.52999877929688,179.9600067138672,188.05999755859375,188.05999755859375,267000
2023-07-12,188.27999877929688,193.36000061035156,188.27999877929688,192.05499267578125,192.05499267578125,146200
2023-07-13,195.97000122070312,199.77000427246094,194.76499938964844,198.1699981689453,198.1699981689453,163400
2023-07-14,196.13999938964844,198.17999267578125,193.52000427246094,196.3300018310547,196.3300018310547,144800
2023-07-17,199.7899932861328,201.97999572753906,196.97000122070312,197.89999389648438,197.89999389648438,244100
2023-07-18,196.66000366210938,197.0399932861328,193.75,194.7100067138672,194.7100067138672,171200
2023-07-19,194.77999877929688,197.38699340820312,193.07000732421875,193.14999389648438,193.14999389648438,108600
2023-07-20,192.19000244140625,195.27000427246094,191.69000244140625,192.88999938964844,192.88999938964844,101700
2023-07-21,197.38999938964844,198.69000244140625,195.24000549316406,197.5,197.5,123200
2023-07-24,196.02999877929688,197.99000549316406,194.50999450683594,195.24000549316406,195.24000549316406,159800
2023-07-25,195.50999450683594,198.13999938964844,193.92999267578125,196.75,196.75,107000
2023-07-26,197.8699951171875,205.85000610351562,197.1199951171875,202.66000366210938,202.66000366210938,259100
2023-07-27,204.0,212.32000732421875,203.99000549316406,209.5,209.5,521800
2023-07-28,216.30999755859375,225.22999572753906,216.00999450683594,225.1300048828125,225.1300048828125,334100
2023-07-31,219.52000427246094,220.9600067138672,213.5800018310547,214.22000122070312,214.22000122070312,566600
2023-08-01,211.24000549316406,212.38999938964844,203.9600067138672,206.5399932861328,206.5399932861328,243700
2023-08-02,210.64999389648438,216.42999267578125,186.27000427246094,189.77000427246094,189.77000427246094,562800
2023-08-03,197.5,209.63499450683594,195.67999267578125,205.82000732421875,205.82000732421875,298800
2023-08-04,206.25,208.02999877929688,199.8699951171875,202.27000427246094,202.27000427246094,198900
2023-08-07,191.22000122070312,193.85499572753906,183.8699951171875,187.52000427246094,187.52000427246094,295600
2023-08-08,188.00999450683594,194.18499755859375,188.00999450683594,191.58999633789062,191.58999633789062,194700
2023-08-09,197.42999267578125,204.33999633789062,194.60000610351562,200.5800018310547,200.5800018310547,131000
2023-08-10,200.1999969482422,202.72000122070312,195.4199981689453,197.9199981689453,197.9199981689453,127900
2023-08-11,193.2100067138672,198.9199981689453,193.2100067138672,197.67999267578125,197.67999267578125,78600
2023-08-14,200.0,206.47999572753906,199.1999969482422,204.1300048828125,204.1300048828125,124900
2023-08-15,204.2100067138672,205.63999938964844,199.97000122070312,202.72000122070312,202.72000122070312,103700
2023-08-16,198.9199981689453,199.30999755859375,190.22000122070312,192.3300018310547,192.3300018310547,223500
2023-08-17,193.72999572753906,196.35000610351562,190.6699981689453,192.27999877929688,192.27999877929688,240100
2023-08-18,188.57000732421875,193.72999572753906,188.57000732421875,193.0500030517578,193.0500030517578,115900
2023-08-21,190.9600067138672,196.6999969482422,190.9600067138672,196.1199951171875,196.1199951171875,126800
2023-08-22,195.60000610351562,197.52999877929688,191.42999267578125,194.27999877929688,194.27999877929688,596400
2023-08-23,196.69000244140625,204.66000366210938,195.33999633789062,202.8000030517578,202.8000030517578,254400
2023-08-24,203.0,203.85000610351562,193.8300018310547,198.8800048828125,198.8800048828125,262500
2023-08-25,193.0800018310547,200.0,193.0800018310547,198.41000366210938,198.41000366210938,147200
2023-08-28,200.1199951171875,205.47999572753906,200.1199951171875,202.08999633789062,202.08999633789062,155900
2023-08-29,211.07000732421875,219.63999938964844,210.16000366210938,213.58999633789062,213.58999633789062,414600
2023-08-30,201.39999389648438,214.49000549316406,201.39999389648438,211.2100067138672,211.2100067138672,253800
2023-08-31,206.6699981689453,211.6699981689453,206.61000061035156,207.5500030517578,207.5500030517578,249700
2023-09-01,208.2899932861328,213.3800048828125,207.5800018310547,208.9199981689453,208.9199981689453,129500
2023-09-05,207.42999267578125,209.0,204.14999389648438,204.83999633789062,204.83999633789062,168600
2023-09-06,203.2100067138672,203.4550018310547,198.24000549316406,201.85000610351562,201.85000610351562,102200
2023-09-07,197.02000427246094,199.0,194.25,194.25999450683594,194.25999450683594,111300
2023-09-08,192.52000427246094,194.25,191.2790069580078,192.6300048828125,192.6300048828125,94700
2023-09-11,210.0,213.8300018310547,206.10000610351562,209.24000549316406,209.24000549316406,363100
2023-09-12,210.5,211.94000244140625,205.32000732421875,206.72000122070312,206.72000122070312,137200
2023-09-13,204.3300018310547,204.8000030517578,198.1199951171875,200.07000732421875,200.07000732421875,179000
2023-09-14,199.5,203.3000030517578,198.02999877929688,198.5,198.5,209700
2023-09-15,200.5,204.39999389648438,199.33999633789062,200.32000732421875,200.32000732421875,300100
2023-09-18,205.0,210.75,204.0500030517578,208.91000366210938,208.91000366210938,272200
2023-09-19,209.25,211.39999389648438,205.01499938964844,208.86000061035156,208.86000061035156,202700
2023-09-20,201.0,202.14999389648438,189.5,192.83999633789062,192.83999633789062,322700
2023-09-21,188.7100067138672,189.17999267578125,186.18499755859375,187.77999877929688,187.77999877929688,201500
2023-09-22,192.38999938964844,193.9499969482422,189.77999877929688,190.5800018310547,190.5800018310547,166700
2023-09-25,189.6300048828125,192.11000061035156,188.69000244140625,190.3800048828125,190.3800048828125,126600
2023-09-26,187.35000610351562,190.4499969482422,185.30999755859375,185.55999755859375,185.55999755859375,132900
2023-09-27,192.88999938964844,196.0500030517578,189.61000061035156,192.17999267578125,192.17999267578125,162400
2023-09-28,187.7899932861328,189.99000549316406,183.1300048828125,184.1699981689453,184.1699981689453,169700
2023-09-29,181.3000030517578,182.91000366210938,177.72500610351562,179.8699951171875,179.8699951171875,277600
2023-10-02,180.99000549316406,181.77999877929688,177.92999267578125,178.5,178.5,138100
2023-10-03,177.0,177.13999938964844,173.2100067138672,174.24000549316406,174.24000549316406,238600
2023-10-04,172.08999633789062,172.76499938964844,167.72000122070312,169.14999389648438,169.14999389648438,198800
2023-10-05,171.0800018310547,171.0800018310547,167.3000030517578,170.6699981689453,170.6699981689453,134800
2023-10-06,173.44000244140625,175.28500366210938,171.0,173.8800048828125,173.8800048828125,190700
2023-10-09,174.61000061035156,174.88499450683594,170.44000244140625,172.7899932861328,172.7899932861328,308700
2023-10-10,173.24000549316406,178.69000244140625,173.24000549316406,176.6699981689453,176.6699981689453,136900
2023-10-11,184.22999572753906,187.75,180.22999572753906,182.1999969482422,182.1999969482422,196600
2023-10-12,187.49000549316406,187.49000549316406,174.8300018310547,176.22999572753906,176.22999572753906,353800
2023-10-13,177.0,180.02000427246094,172.85000610351562,178.7899932861328,178.7899932861328,217500
2023-10-16,173.16000366210938,177.27000427246094,172.49000549316406,173.94000244140625,173.94000244140625,274300
2023-10-17,169.1699981689453,174.14999389648438,169.1699981689453,171.5500030517578,171.5500030517578,220100
2023-10-18,168.1199951171875,168.85000610351562,166.82000732421875,167.5399932861328,167.5399932861328,151200
2023-10-19,165.19000244140625,166.5800018310547,157.75,158.6699981689453,158.6699981689453,168400
2023-10-20,156.55999755859375,165.75,156.55999755859375,165.2100067138672,165.2100067138672,398300
2023-10-23,161.8800048828125,169.8000030517578,159.5590057373047,168.72999572753906,168.72999572753906,195600
2023-10-24,168.02000427246094,176.25,168.02000427246094,172.9600067138672,172.9600067138672,107300
2023-10-25,168.1300048828125,171.5,165.16000366210938,166.47999572753906,166.47999572753906,162500
2023-10-26,166.0,168.32000732421875,164.32000732421875,165.85000610351562,165.85000610351562,68600
2023-10-27,174.67999267578125,176.99000549316406,169.85000610351562,170.4499969482422,170.4499969482422,215900
2023-10-30,187.30999755859375,190.78500366210938,184.64999389648438,186.61000061035156,186.61000061035156,356900
2023-10-31,186.8800048828125,188.14999389648438,182.4499969482422,186.27999877929688,186.27999877929688,132300
2023-11-01,184.1999969482422,186.52499389648438,178.77499389648438,181.3000030517578,181.3000030517578,178500
2023-11-02,182.2100067138672,187.11000061035156,180.2449951171875,182.0500030517578,182.0500030517578,141000
2023-11-03,185.0,187.35000610351562,183.50999450683594,183.77999877929688,183.77999877929688,427900
2023-11-06,201.86000061035156,203.58999633789062,194.85000610351562,196.13999938964844,196.13999938964844,471700
2023-11-07,193.72999572753906,198.52999877929688,193.72999572753906,197.6999969482422,197.6999969482422,179700
2023-11-08,199.0,201.99000549316406,196.53500366210938,200.2100067138672,200.2100067138672,293300
2023-11-09,192.0,194.47000122070312,187.14500427246094,189.5500030517578,189.5500030517578,178300
2023-11-10,194.52999877929688,199.38999938964844,191.77999877929688,199.11000061035156,199.11000061035156,229100
2023-11-13,194.5,199.97999572753906,193.0,198.85000610351562,198.85000610351562,130700
2023-11-14,199.3800048828125,205.39999389648438,199.2100067138672,201.5800018310547,201.5800018310547,205700
2023-11-15,200.24000549316406,201.0,194.6199951171875,196.5399932861328,196.5399932861328,327700
2023-11-16,190.22999572753906,193.8300018310547,187.02000427246094,189.1699981689453,189.1699981689453,184000
2023-11-17,189.1699981689453,189.88499450683594,184.8800048828125,186.8800048828125,186.8800048828125,306000
2023-11-20,186.88999938964844,188.64999389648438,184.4199981689453,187.8800048828125,187.8800048828125,418100
2023-11-21,185.3000030517578,187.0,183.6750030517578,184.92999267578125,184.92999267578125,128800
2023-11-22,184.72999572753906,185.22999572753906,181.5500030517578,182.7899932861328,182.7899932861328,109600
2023-11-24,184.8800048828125,186.8699951171875,181.19000244140625,184.71499633789062,184.71499633789062,183500
2023-11-27,185.10000610351562,185.10000610351562,180.94000244140625,182.9600067138672,182.9600067138672,145600
2023-11-28,181.60000610351562,185.0,181.27999877929688,184.83999633789062,184.83999633789062,104100
2023-11-29,183.0800018310547,186.0,182.76499938964844,183.1300048828125,183.1300048828125,187500
2023-11-30,186.63999938964844,189.14999389648438,183.97500610351562,186.94000244140625,186.94000244140625,186800
2023-12-01,186.94000244140625,189.22000122070312,186.11000061035156,187.49000549316406,187.49000549316406,210000
2023-12-04,184.02000427246094,185.52000427246094,178.63999938964844,181.16000366210938,181.16000366210938,208700
2023-12-05,180.47000122070312,185.0,180.3000030517578,184.14999389648438,184.14999389648438,169100
2023-12-06,184.35000610351562,184.35000610351562,180.31500244140625,181.97000122070312,181.97000122070312,183600
2023-12-07,179.6199951171875,183.10499572753906,178.03500366210938,179.36000061035156,179.36000061035156,109000
2023-12-08,177.0,178.3800048828125,174.0,175.0,175.0,238500
2023-12-11,174.0,174.86000061035156,171.22999572753906,174.5399932861328,174.5399932861328,248500
2023-12-12,174.5500030517578,180.83999633789062,174.5500030517578,179.5800018310547,179.5800018310547,209800
2023-12-13,180.02999877929688,184.86000061035156,177.19000244140625,183.3300018310547,183.3300018310547,178200
2023-12-14,184.99000549316406,188.74000549316406,184.1699981689453,187.5800018310547,187.5800018310547,288000
2023-12-15,183.39999389648438,186.47999572753906,181.91000366210938,183.07000732421875,183.07000732421875,464700
2023-12-18,182.4199981689453,184.67999267578125,180.1999969482422,182.4600067138672,182.4600067138672,248400
2023-12-19,183.49000549316406,188.2899932861328,181.3820037841797,186.1199951171875,186.1199951171875,322100
2023-12-20,182.57000732421875,185.77000427246094,174.97000122070312,175.25,175.25,220000
2023-12-21,175.0,177.19000244140625,174.0,177.08999633789062,177.08999633789062,212300
2023-12-22,174.89999389648438,179.8699951171875,174.89999389648438,176.11000061035156,176.11000061035156,191900
2023-12-26,176.74000549316406,178.80999755859375,175.5500030517578,175.69000244140625,175.69000244140625,244400
2023-12-27,178.11000061035156,180.0,176.51499938964844,178.92999267578125,178.92999267578125,448300
2023-12-28,181.0,184.0,176.99000549316406,179.47999572753906,179.47999572753906,374300
2023-12-29,182.39999389648438,184.07000732421875,177.39999389648438,180.36000061035156,180.36000061035156,532700
2024-01-02,176.0500030517578,177.08999633789062,172.5,177.0,177.0,331900
2024-01-03,174.55999755859375,182.52000427246094,172.5,181.42999267578125,181.42999267578125,304400
2024-01-04,181.8000030517578,181.83999633789062,174.08999633789062,175.6999969482422,175.6999969482422,269100
2024-01-05,167.27999877929688,170.25999450683594,165.1300048828125,165.3800048828125,165.3800048828125,363400
2024-01-08,165.97999572753906,172.02999877929688,163.5500030517578,171.5399932861328,171.5399932861328,236200
2024-01-09,171.0,182.2899932861328,171.0,181.47000122070312,181.47000122070312,276100
2024-01-10,183.0,184.52000427246094,172.02999877929688,175.0500030517578,175.0500030517578,384500
2024-01-11,173.72000122070312,176.0,171.6199951171875,175.10000610351562,175.10000610351562,154900
2024-01-12,173.49000549316406,177.44000244140625,173.00999450683594,175.2100067138672,175.2100067138672,172600
2024-01-16,174.1699981689453,175.0,171.66000366210938,173.25,173.25,295800
2024-01-17,165.00999450683594,167.8000030517578,163.85000610351562,167.8000030517578,167.8000030517578,443500
2024-01-18,168.85000610351562,168.85000610351562,164.39999389648438,165.35000610351562,165.35000610351562,302800
2024-01-19,160.5,160.5,157.97000122070312,159.77999877929688,159.77999877929688,441800
2024-01-22,157.10000610351562,158.0399932861328,153.1300048828125,156.6199951171875,156.6199951171875,360400
2024-01-23,157.5399932861328,162.5050048828125,156.86000061035156,162.27000427246094,162.27000427246094,349200
2024-01-24,164.0,166.33999633789062,160.5399932861328,160.6999969482422,160.6999969482422,251200
2024-01-25,161.3699951171875,166.14999389648438,159.5959930419922,165.0,165.0,330100
2024-01-26,157.97999572753906,163.17999267578125,157.61000061035156,161.89999389648438,161.89999389648438,555600
2024-01-29,161.6199951171875,162.9499969482422,155.22999572753906,162.0800018310547,162.0800018310547,366000
2024-01-30,158.8000030517578,158.8000030517578,153.93499755859375,155.0399932861328,155.0399932861328,384500
2024-01-31,152.8000030517578,153.19000244140625,147.8800048828125,148.22999572753906,148.22999572753906,402300
2024-02-01,152.6300048828125,152.6300048828125,149.8800048828125,149.92999267578125,149.92999267578125,291300
2024-02-02,140.41000366210938,147.2100067138672,132.9499969482422,144.47999572753906,144.47999572753906,736200
2024-02-05,145.25999450683594,146.27499389648438,139.72999572753906,141.80999755859375,141.80999755859375,425400
2024-02-06,149.8800048828125,155.47000122070312,146.50999450683594,153.5800018310547,153.5800018310547,324400
2024-02-07,148.16000366210938,150.42999267578125,146.88999938964844,147.75999450683594,147.75999450683594,277400
2024-02-08,145.0,145.88800048828125,141.5399932861328,142.8800048828125,142.8800048828125,237900
2024-02-09,144.61000061035156,147.17999267578125,143.01199340820312,146.97999572753906,146.97999572753906,147300
2024-02-12,147.64999389648438,149.72000122070312,145.8800048828125,146.57000732421875,146.57000732421875,138100
2024-02-13,144.0,146.36000061035156,141.33999633789062,141.8000030517578,141.8000030517578,190900
2024-02-14,145.85000610351562,147.63999938964844,143.5,145.8699951171875,145.8699951171875,285700
2024-02-15,146.75,149.33999633789062,145.00999450683594,146.07000732421875,146.07000732421875,184300
2024-02-16,148.89999389648438,149.5,146.2100067138672,148.22999572753906,148.22999572753906,135100
2024-02-20,149.5500030517578,150.89999389648438,147.06500244140625,148.0500030517578,148.0500030517578,138200
2024-02-21,149.02000427246094,151.85299682617188,148.61000061035156,150.8000030517578,150.8000030517578,180900
2024-02-22,152.92999267578125,155.50999450683594,151.63999938964844,153.77999877929688,153.77999877929688,194600
2024-02-23,155.22000122070312,158.47500610351562,154.3800048828125,155.10000610351562,155.10000610351562,217800
2024-02-26,159.13999938964844,162.11000061035156,154.75999450683594,160.25999450683594,160.25999450683594,579100
2024-02-27,164.9499969482422,179.8800048828125,164.0749969482422,179.69000244140625,179.69000244140625,511100
2024-02-28,173.50999450683594,179.11000061035156,173.50999450683594,178.47999572753906,178.47999572753906,602500
2024-02-29,176.0500030517578,176.0500030517578,165.5800018310547,165.64999389648438,165.64999389648438,281600
2024-03-01,163.80999755859375,168.11000061035156,161.6009979248047,165.02000427246094,165.02000427246094,190700
2024-03-04,164.25999450683594,169.03500366210938,160.58999633789062,167.86000061035156,167.86000061035156,183200
2024-03-05,163.80999755859375,164.6649932861328,159.77999877929688,160.4199981689453,160.4199981689453,164900
2024-03-06,161.27999877929688,162.02000427246094,158.7899932861328,159.52000427246094,159.52000427246094,212600
2024-03-07,158.0399932861328,163.10000610351562,158.0399932861328,162.25,162.25,139000
2024-03-08,163.8000030517578,166.07000732421875,157.38999938964844,158.52000427246094,158.52000427246094,188300
2024-03-11,161.7899932861328,167.64199829101562,158.72500610351562,164.52999877929688,164.52999877929688,126900
2024-03-12,168.6999969482422,170.0,162.26499938964844,163.75,163.75,188700
2024-03-13,180.97999572753906,184.8000030517578,175.49000549316406,176.47000122070312,176.47000122070312,551300
2024-03-14,174.13999938964844,174.7949981689453,165.39500427246094,168.89999389648438,168.89999389648438,395200
2024-03-15,171.7899932861328,171.7899932861328,166.89999389648438,170.0,170.0,350200
2024-03-18,168.3300018310547,170.77999877929688,168.3300018310547,168.5,168.5,154800
2024-03-19,168.30999755859375,171.25,165.8300018310547,168.10000610351562,168.10000610351562,145100
2024-03-20,169.44000244140625,170.36000061035156,166.66000366210938,169.6199951171875,169.6199951171875,195700
2024-03-21,167.10000610351562,167.8350067138672,162.5,163.6999969482422,163.6999969482422,193000
2024-03-22,156.47999572753906,158.10000610351562,151.85000610351562,152.02000427246094,152.02000427246094,445500
2024-03-25,153.13999938964844,155.6300048828125,151.94500732421875,153.9199981689453,153.9199981689453,122700
2024-03-26,155.9600067138672,155.99000549316406,151.49000549316406,153.80999755859375,153.80999755859375,104400
2024-03-27,153.0500030517578,155.9149932861328,153.0500030517578,155.0800018310547,155.0800018310547,76100
2024-03-28,157.0,157.3800048828125,155.08999633789062,156.38999938964844,156.38999938964844,104100
2024-04-01,156.8699951171875,159.33999633789062,152.77000427246094,159.22999572753906,159.22999572753906,127000
2024-04-02,155.50999450683594,157.32000732421875,152.69500732421875,153.25,153.25,84100
2024-04-03,153.52999877929688,154.1219940185547,150.7899932861328,151.9499969482422,151.9499969482422,57000
2024-04-04,153.25999450683594,153.27999877929688,149.3000030517578,149.57000732421875,149.57000732421875,81700
2024-04-05,149.57000732421875,151.44500732421875,148.0,150.02999877929688,150.02999877929688,90700
2024-04-08,148.83999633789062,151.52000427246094,148.5,149.75,149.75,109200
2024-04-09,153.6999969482422,155.3699951171875,150.83999633789062,154.02000427246094,154.02000427246094,115200
2024-04-10,150.33999633789062,150.97500610351562,147.97500610351562,149.75999450683594,149.75999450683594,272900
2024-04-11,147.6199951171875,148.92999267578125,145.33999633789062,146.1300048828125,146.1300048828125,243200
2024-04-12,145.0,146.80499267578125,140.0800018310547,141.3000030517578,141.3000030517578,139500
2024-04-15,140.67999267578125,142.6300048828125,137.375,138.39999389648438,138.39999389648438,228200
2024-04-16,137.27999877929688,137.7050018310547,133.7100067138672,134.0500030517578,134.0500030517578,309000
2024-04-17,134.39999389648438,134.39999389648438,131.2790069580078,131.86000061035156,131.86000061035156,200100
2024-04-18,131.39999389648438,136.0,131.39999389648438,131.9600067138672,131.9600067138672,126000
2024-04-19,130.0,130.85000610351562,126.96800231933594,129.52000427246094,129.52000427246094,296400
2024-04-22,130.5500030517578,133.08999633789062,129.9600067138672,130.94000244140625,130.94000244140625,152600
2024-04-23,135.75,142.22000122070312,134.67999267578125,138.99000549316406,138.99000549316406,203600
2024-04-24,143.4499969482422,146.22000122070312,141.77999877929688,144.1199951171875,144.1199951171875,215700
2024-04-25,148.39999389648438,152.8300018310547,146.16000366210938,148.55999755859375,148.55999755859375,409300
2024-04-26,152.11000061035156,154.47000122070312,150.7259979248047,153.5800018310547,153.5800018310547,208500
2024-04-29,155.0,157.88999938964844,153.0800018310547,156.52999877929688,156.52999877929688,185700
2024-04-30,155.0,156.63999938964844,150.2899932861328,153.94000244140625,153.94000244140625,205300
2024-05-01,154.3000030517578,157.88999938964844,154.3000030517578,156.52999877929688,156.52999877929688,176900
2024-05-02,160.99000549316406,164.60000610351562,158.80999755859375,162.00999450683594,162.00999450683594,268400
2024-05-03,162.50999450683594,162.50999450683594,159.2550048828125,162.25,162.25,195000
2024-05-06,164.50999450683594,165.0,161.94500732421875,162.47999572753906,162.47999572753906,160100
2024-05-07,162.99000549316406,164.39999389648438,158.2100067138672,160.55999755859375,160.55999755859375,111900
2024-05-08,165.49000549316406,168.4600067138672,161.3800048828125,164.44000244140625,164.44000244140625,221000
2024-05-09,166.05999755859375,169.3800048828125,165.64999389648438,168.63999938964844,168.63999938964844,256000
2024-05-10,166.3000030517578,166.3000030517578,161.0,161.1300048828125,161.1300048828125,196400
2024-05-13,160.9600067138672,164.1699981689453,160.9600067138672,162.1699981689453,162.1699981689453,108500
2024-05-14,161.75,163.72000122070312,159.89999389648438,160.77000427246094,160.77000427246094,115900
2024-05-15,162.5399932861328,165.27000427246094,159.7100067138672,164.8800048828125,164.8800048828125,133300
2024-05-16,168.22999572753906,172.3000030517578,167.55499267578125,171.02999877929688,171.02999877929688,256200
2024-05-17,171.0,176.0,169.75999450683594,172.85000610351562,172.85000610351562,275300
2024-05-20,172.8300018310547,175.66000366210938,171.80999755859375,174.32000732421875,174.32000732421875,127700
2024-05-21,167.91000366210938,171.63499450683594,167.3699951171875,167.38999938964844,167.38999938964844,91700
2024-05-22,169.25999450683594,171.8300018310547,166.86500549316406,167.9199981689453,167.9199981689453,102700
2024-05-23,162.8000030517578,164.1300048828125,155.52000427246094,156.1699981689453,156.1699981689453,153900
2024-05-24,154.3800048828125,156.35000610351562,152.02000427246094,152.7100067138672,152.7100067138672,144600
2024-05-28,152.77999877929688,154.38999938964844,151.4499969482422,153.11000061035156,153.11000061035156,119900
2024-05-29,149.36000061035156,152.1199951171875,147.02999877929688,151.27999877929688,151.27999877929688,73400
2024-05-30,151.27999877929688,155.8699951171875,151.27999877929688,154.25,154.25,208500
2024-05-31,150.0,155.05499267578125,146.94000244140625,148.85000610351562,148.85000610351562,287000
2024-06-03,148.5,150.94000244140625,144.66000366210938,146.24000549316406,146.24000549316406,271400
2024-06-04,148.99000549316406,155.3800048828125,148.02999877929688,155.08999633789062,155.08999633789062,175100
2024-06-05,157.27000427246094,159.17999267578125,156.8000030517578,159.02999877929688,159.02999877929688,101600
2024-06-06,157.80999755859375,159.91000366210938,156.5,157.60000610351562,157.60000610351562,84300
2024-06-07,157.60000610351562,159.3699951171875,156.08999633789062,156.36000061035156,156.36000061035156,79600
2024-06-10,155.13999938964844,157.84500122070312,154.5800018310547,156.07000732421875,156.07000732421875,78300
2024-06-11,155.02000427246094,158.69000244140625,151.68499755859375,158.58999633789062,158.58999633789062,151700
2024-06-12,157.75,169.1699981689453,156.5,168.11000061035156,168.11000061035156,401700
2024-06-13,167.0,168.8000030517578,163.42999267578125,166.3800048828125,166.3800048828125,314000
2024-06-14,163.8699951171875,163.99000549316406,160.63999938964844,162.5800018310547,162.5800018310547,174100
2024-06-17,165.2949981689453,165.2949981689453,158.11000061035156,159.3800048828125,159.3800048828125,97200
2024-06-18,158.38999938964844,159.47000122070312,152.7100067138672,154.6999969482422,154.6999969482422,170800
2024-06-20,153.6199951171875,156.0,152.0,155.5399932861328,155.5399932861328,129200
2024-06-21,153.4499969482422,158.57000732421875,150.8800048828125,156.11000061035156,156.11000061035156,217900
2024-06-24,156.30999755859375,162.38999938964844,155.33999633789062,159.14999389648438,159.14999389648438,139900
2024-06-25,155.9499969482422,155.9499969482422,150.92999267578125,150.99000549316406,150.99000549316406,332900
2024-06-26,150.22000122070312,150.67999267578125,146.0,146.44000244140625,146.44000244140625,233200
2024-06-27,142.27000427246094,148.0,141.30999755859375,145.5800018310547,145.5800018310547,276000
2024-06-28,144.69000244140625,145.0,141.83999633789062,142.6699981689453,142.6699981689453,318100
2024-07-01,144.3000030517578,148.94000244140625,143.39999389648438,144.88999938964844,144.88999938964844,153800
2024-07-02,143.0399932861328,145.69000244140625,142.8000030517578,143.92999267578125,143.92999267578125,244000
2024-07-03,146.74000549316406,148.35000610351562,145.27000427246094,147.97999572753906,147.97999572753906,91300
2024-07-05,149.0,149.0,145.52999877929688,147.0399932861328,147.0399932861328,88400
2024-07-08,142.11000061035156,148.99000549316406,142.0,144.35000610351562,144.35000610351562,334800
2024-07-09,144.3800048828125,146.1999969482422,143.0,144.52999877929688,144.52999877929688,637100
2024-07-10,143.7100067138672,147.89999389648438,143.2899932861328,146.0399932861328,146.0399932861328,187500
2024-07-11,148.00999450683594,152.6699981689453,147.13999938964844,150.5,150.5,250900
2024-07-12,154.69000244140625,158.99000549316406,151.9199981689453,152.1699981689453,152.1699981689453,378000
2024-07-15,150.19000244140625,151.22300720214844,146.2100067138672,147.75999450683594,147.75999450683594,287600
2024-07-16,150.5,154.97000122070312,146.8699951171875,152.9199981689453,152.9199981689453,423000
2024-07-17,151.27999877929688,156.77000427246094,150.31500244140625,153.63999938964844,153.63999938964844,304400
2024-07-18,150.74000549316406,155.00999450683594,148.80999755859375,152.02999877929688,152.02999877929688,240100
2024-07-19,153.52999877929688,155.77000427246094,152.80999755859375,154.74000549316406,154.74000549316406,118900
2024-07-22,156.1199951171875,161.24000549316406,155.3000030517578,160.92999267578125,160.92999267578125,127700
2024-07-23,155.0,158.02999877929688,153.77000427246094,157.52999877929688,157.52999877929688,263500
2024-07-24,157.0,163.92999267578125,154.42999267578125,163.55999755859375,163.55999755859375,296200
2024-07-25,160.9199981689453,164.61000061035156,158.35000610351562,163.27000427246094,163.27000427246094,258000
2024-07-26,163.82000732421875,165.5,161.6999969482422,162.5399932861328,162.5399932861328,101500
2024-07-29,159.72000122070312,161.97999572753906,159.0,160.94000244140625,160.94000244140625,120500
2024-07-30,161.50999450683594,161.50999450683594,156.7100067138672,156.97999572753906,156.97999572753906,156400
2024-07-31,163.49000549316406,168.97999572753906,162.89999389648438,166.5800018310547,166.5800018310547,291700
2024-08-01,164.85000610351562,167.75,161.4600067138672,162.2899932861328,162.2899932861328,326500
2024-08-02,160.02999877929688,164.94000244140625,155.75,163.22999572753906,163.22999572753906,178000
2024-08-05,161.00999450683594,167.9949951171875,158.83999633789062,165.66000366210938,165.66000366210938,302200
2024-08-06,167.0,175.61000061035156,166.5500030517578,171.32000732421875,171.32000732421875,285200
2024-08-07,180.0,182.27999877929688,170.36000061035156,176.72999572753906,176.72999572753906,682900
2024-08-08,178.8000030517578,185.66000366210938,176.97999572753906,183.02999877929688,183.02999877929688,607800
2024-08-09,180.49000549316406,184.64500427246094,178.9239959716797,182.75999450683594,182.75999450683594,317500
2024-08-12,185.0,190.72000122070312,183.40499877929688,190.02999877929688,190.02999877929688,453800
2024-08-13,188.1300048828125,191.5,186.03500366210938,187.1999969482422,187.1999969482422,319600
2024-08-14,185.66000366210938,190.9199981689453,185.0,186.6999969482422,186.6999969482422,307200
2024-08-15,190.0,192.47999572753906,187.4499969482422,190.88999938964844,190.88999938964844,278000
2024-08-16,194.22999572753906,197.99000549316406,194.07000732421875,194.65499877929688,194.65499877929688,376500
2024-08-19,192.74000549316406,193.3000030517578,189.97999572753906,192.5,192.5,266300
2024-08-20,194.19000244140625,195.97999572753906,192.84500122070312,194.2100067138672,194.2100067138672,281100
2024-08-21,196.0,199.0,195.6300048828125,197.97999572753906,197.97999572753906,336400
2024-08-22,199.0,199.0,195.36000061035156,195.6300048828125,195.6300048828125,254700
2024-08-23,194.38999938964844,196.32000732421875,191.11000061035156,193.82000732421875,193.82000732421875,207900
2024-08-26,199.63999938964844,201.27999877929688,197.67999267578125,199.22000122070312,199.22000122070312,428900
2024-08-27,200.02000427246094,202.58999633789062,199.7449951171875,202.1699981689453,202.1699981689453,313500
2024-08-28,200.91000366210938,201.55999755859375,196.0,198.16000366210938,198.16000366210938,163600
2024-08-29,197.85000610351562,199.64500427246094,196.75,198.5,198.5,135700
2024-08-30,196.02000427246094,196.3699951171875,190.74000549316406,191.77999877929688,191.77999877929688,293400
2024-09-03,190.02999877929688,192.97999572753906,187.67999267578125,188.25999450683594,188.25999450683594,364400
2024-09-04,187.08999633789062,191.1999969482422,186.02999877929688,188.64999389648438,188.64999389648438,516200
2024-09-05,190.2100067138672,194.57000732421875,190.2100067138672,191.5800018310547,191.5800018310547,178200
2024-09-06,192.80999755859375,193.03500366210938,188.51499938964844,191.32000732421875,191.32000732421875,137000
2024-09-09,189.6699981689453,193.47000122070312,189.2100067138672,193.30999755859375,193.30999755859375,144700
2024-09-10,191.75999450683594,198.52499389648438,191.72999572753906,197.6999969482422,197.6999969482422,182700
2024-09-11,206.6199951171875,215.0,205.60000610351562,211.14999389648438,211.14999389648438,602700
2024-09-12,199.0,200.75,194.11000061035156,196.27000427246094,196.27000427246094,483600
2024-09-13,200.0,200.61000061035156,195.7100067138672,198.49000549316406,198.49000549316406,212400
2024-09-16,196.42999267578125,197.52999877929688,194.0749969482422,196.4499969482422,196.4499969482422,204500
2024-09-17,199.0500030517578,200.69000244140625,196.61500549316406,197.50999450683594,197.50999450683594,103900
2024-09-18,198.72000122070312,199.99000549316406,197.0,197.27999877929688,197.27999877929688,187800
2024-09-19,198.0,200.97999572753906,197.72999572753906,198.58999633789062,198.58999633789062,194600
2024-09-20,205.6699981689453,208.27999877929688,200.97999572753906,201.99000549316406,201.99000549316406,411800
2024-09-23,200.75,203.3000030517578,200.11500549316406,201.30999755859375,201.30999755859375,189900
2024-09-24,204.5500030517578,210.75999450683594,203.50999450683594,209.30999755859375,209.30999755859375,312100
2024-09-25,206.72999572753906,210.50999450683594,206.30499267578125,206.72000122070312,206.72000122070312,178100
2024-09-26,212.0,213.77000427246094,208.32000732421875,212.52999877929688,212.52999877929688,242100
2024-09-27,218.88999938964844,223.9600067138672,217.7100067138672,218.4199981689453,218.4199981689453,394300
2024-09-30,237.10000610351562,237.10000610351562,218.0,224.50999450683594,224.50999450683594,496800
2024-10-01,222.9600067138672,231.33999633789062,221.02999877929688,230.97999572753906,230.97999572753906,333300
2024-10-02,236.24000549316406,238.8000030517578,227.42999267578125,233.60000610351562,233.60000610351562,410300
2024-10-03,233.5,237.94500732421875,232.77499389648438,233.63999938964844,233.63999938964844,303300
2024-10-04,247.0,248.16000366210938,243.05999755859375,246.0399932861328,246.0399932861328,607500
2024-10-07,247.0,247.5,239.86000061035156,243.02000427246094,243.02000427246094,594200
2024-10-08,229.0,239.00999450683594,225.38999938964844,235.42999267578125,235.42999267578125,521900
2024-10-09,241.10000610351562,246.5500030517578,234.86000061035156,240.39999389648438,240.39999389648438,700000
2024-10-10,240.3800048828125,243.8300018310547,237.5,239.3800048828125,239.3800048828125,309100
2024-10-11,234.3300018310547,237.67999267578125,233.49000549316406,236.10000610351562,236.10000610351562,373600
2024-10-14,228.72999572753906,231.4550018310547,221.5,227.0500030517578,227.0500030517578,574500
2024-10-15,223.42999267578125,225.76499938964844,221.1649932861328,222.60000610351562,222.60000610351562,276800
2024-10-16,224.25999450683594,224.25999450683594,220.85000610351562,222.16000366210938,222.16000366210938,164300
2024-10-17,219.39999389648438,220.66000366210938,211.55999755859375,212.38999938964844,212.38999938964844,397100
2024-10-18,222.35000610351562,222.35000610351562,215.1199951171875,218.97000122070312,218.97000122070312,528200
2024-10-21,220.0,221.84100341796875,217.30999755859375,219.9199981689453,219.9199981689453,187900
2024-10-22,219.13999938964844,221.125,218.4499969482422,220.6300048828125,220.6300048828125,107800
2024-10-23,223.8800048828125,224.0,218.82000732421875,221.00999450683594,221.00999450683594,145200
2024-10-24,214.75,221.60000610351562,213.6199951171875,214.14999389648438,214.14999389648438,158000
2024-10-25,213.17999267578125,215.25999450683594,211.3000030517578,212.80999755859375,212.80999755859375,245800
2024-10-28,215.11000061035156,219.0330047607422,214.3000030517578,217.22000122070312,217.22000122070312,142700
2024-10-29,217.0,219.57000732421875,214.8000030517578,216.52999877929688,216.52999877929688,229300
2024-10-30,213.8800048828125,213.8800048828125,205.32000732421875,205.99000549316406,205.99000549316406,898400
2024-10-31,205.5,205.99000549316406,202.19000244140625,202.63999938964844,202.63999938964844,216800
2024-11-01,206.6300048828125,209.0500030517578,202.89999389648438,204.2100067138672,204.2100067138672,463000
2024-11-04,204.86000061035156,210.52499389648438,204.86000061035156,207.25,207.25,177200
2024-11-05,208.1300048828125,209.99000549316406,205.625,208.02999877929688,208.02999877929688,322600
2024-11-06,208.02999877929688,208.02999877929688,196.14999389648438,202.72999572753906,202.72999572753906,551800
2024-11-07,202.72999572753906,208.05999755859375,202.72999572753906,206.82000732421875,206.82000732421875,144300
2024-11-08,203.83999633789062,206.35000610351562,202.58599853515625,205.47000122070312,205.47000122070312,207400
2024-11-11,206.3699951171875,209.2899932861328,204.39999389648438,205.0399932861328,205.0399932861328,334500
2024-11-12,198.0,203.0,189.60000610351562,193.63999938964844,193.63999938964844,335100
2024-11-13,197.44000244140625,200.8800048828125,193.27999877929688,195.4499969482422,195.4499969482422,281500
2024-11-14,193.5800018310547,195.63999938964844,191.2550048828125,193.2899932861328,193.2899932861328,213500
2024-11-15,187.7899932861328,191.4499969482422,186.16000366210938,189.22999572753906,189.22999572753906,230800
2024-11-18,186.9199981689453,188.32000732421875,184.49000549316406,187.69000244140625,187.69000244140625,444600
2024-11-19,188.24000549316406,190.0850067138672,187.19000244140625,187.77000427246094,187.77000427246094,238500
2024-11-20,195.0,198.47999572753906,192.0,194.25999450683594,194.25999450683594,344300
2024-11-21,196.08999633789062,197.47999572753906,191.41000366210938,194.55999755859375,194.55999755859375,221500
2024-11-22,190.94000244140625,192.89999389648438,189.00999450683594,190.50999450683594,190.50999450683594,222700
2024-11-25,192.02999877929688,194.97999572753906,188.13999938964844,190.3000030517578,190.3000030517578,276400
2024-11-26,190.1999969482422,192.1699981689453,186.52000427246094,192.11000061035156,192.11000061035156,308200
2024-11-27,201.30999755859375,210.6199951171875,201.02999877929688,206.16000366210938,206.16000366210938,341300
2024-11-29,215.1300048828125,216.3699951171875,211.36500549316406,215.0,215.0,258600
2024-12-02,214.88999938964844,216.72999572753906,200.0,205.75,205.75,2095500
2024-12-03,206.22000122070312,208.22999572753906,202.63499450683594,206.00999450683594,206.00999450683594,395200
2024-12-04,203.3699951171875,206.4250030517578,198.6999969482422,199.08999633789062,199.08999633789062,339700
2024-12-05,204.47000122070312,204.99000549316406,200.0050048828125,201.66000366210938,201.66000366210938,254700
2024-12-06,207.72000122070312,209.4600067138672,204.0850067138672,205.6199951171875,205.6199951171875,349000
2024-12-09,209.10000610351562,211.0,203.5850067138672,207.6199951171875,207.6199951171875,512800
2024-12-10,195.52000427246094,196.9600067138672,183.29200744628906,187.5,187.5,1260600
2024-12-11,186.9199981689453,187.63999938964844,183.25999450683594,184.3800048828125,184.3800048828125,491500
2024-12-12,184.02000427246094,186.35000610351562,179.69000244140625,180.27000427246094,180.27000427246094,387800
2024-12-13,177.14999389648438,179.64999389648438,176.14999389648438,179.35000610351562,179.35000610351562,368600
2024-12-16,177.69000244140625,180.0,174.5,176.3300018310547,176.3300018310547,538200
2024-12-17,178.0,179.5850067138672,176.05499267578125,179.05999755859375,179.05999755859375,366200
2024-12-18,177.55999755859375,178.69000244140625,174.51100158691406,175.8699951171875,175.8699951171875,592200
2024-12-19,175.17999267578125,177.3000030517578,170.99000549316406,174.72000122070312,174.72000122070312,296100
2024-12-20,176.2899932861328,179.25,175.8000030517578,176.5,176.5,368500
2024-12-23,178.6300048828125,179.92999267578125,176.57000732421875,177.6999969482422,177.6999969482422,231200
2024-12-24,177.72000122070312,182.3300018310547,177.0850067138672,181.6199951171875,181.6199951171875,148400
2024-12-26,181.5800018310547,184.97999572753906,180.99000549316406,184.67999267578125,184.67999267578125,163900
2024-12-27,181.80999755859375,184.91000366210938,180.25999450683594,181.88999938964844,181.88999938964844,169800
2024-12-30,180.0800018310547,185.24000549316406,179.72999572753906,183.80999755859375,183.80999755859375,178900
2024-12-31,184.0,187.4199981689453,183.91000366210938,184.7100067138672,184.7100067138672,331600
2025-01-02,182.5,186.5399932861328,180.33999633789062,184.0,184.0,132200
2025-01-03,183.5,184.75999450683594,179.0500030517578,180.82000732421875,180.82000732421875,189900
2025-01-06,182.0,182.0,179.00999450683594,180.63999938964844,180.63999938964844,376000
2025-01-07,176.11000061035156,180.39500427246094,175.0,175.10000610351562,175.10000610351562,432600
2025-01-08,175.0,177.99000549316406,172.6699981689453,177.8800048828125,177.8800048828125,251700
2025-01-10,179.97999572753906,180.10499572753906,175.9199981689453,176.7100067138672,176.7100067138672,271500
2025-01-13,176.0,184.63999938964844,174.74000549316406,184.61000061035156,184.61000061035156,224800
2025-01-14,191.5,207.6699981689453,191.5,200.99000549316406,200.99000549316406,734600
2025-01-15,200.0,203.0,196.64999389648438,201.72000122070312,201.72000122070312,354600
2025-01-16,201.72000122070312,206.822998046875,199.02000427246094,205.33999633789062,205.33999633789062,293700
2025-01-17,205.35000610351562,211.9600067138672,205.35000610351562,210.0800018310547,210.0800018310547,490000
2025-01-21,214.50999450683594,221.7899932861328,212.99000549316406,218.6999969482422,218.6999969482422,521100
2025-01-22,217.3699951171875,223.52000427246094,214.10000610351562,222.22000122070312,222.22000122070312,477100
2025-01-23,217.35000610351562,223.5,215.6999969482422,222.24000549316406,222.24000549316406,352000
2025-01-24,217.5800018310547,223.5399932861328,215.4600067138672,222.0800018310547,222.0800018310547,346400
2025-01-27,222.99000549316406,227.9199981689453,221.51499938964844,225.24000549316406,225.24000549316406,340500
2025-01-28,228.88999938964844,229.0,223.50999450683594,226.6699981689453,226.6699981689453,210100
2025-01-29,224.61000061035156,228.86500549316406,224.61000061035156,226.7100067138672,226.7100067138672,124400
2025-01-30,225.89999389648438,229.75,225.25999450683594,226.88999938964844,226.88999938964844,185700
2025-01-31,226.89999389648438,227.8000030517578,223.11000061035156,224.99000549316406,224.99000549316406,216900
2025-02-03,220.8800048828125,227.63999938964844,216.8800048828125,223.3699951171875,223.3699951171875,206700
2025-02-04,229.0,229.0,222.50999450683594,222.91000366210938,222.91000366210938,403500
2025-02-05,226.00999450683594,229.99000549316406,225.9199981689453,227.6699981689453,227.6699981689453,408400
2025-02-06,230.0,233.5,227.2449951171875,228.8699951171875,228.8699951171875,528600
2025-02-07,228.0,228.69000244140625,221.92999267578125,223.5,223.5,243900
2025-02-10,225.11000061035156,226.0749969482422,219.14999389648438,219.6699981689453,219.6699981689453,292800
2025-02-11,222.05999755859375,227.50999450683594,219.05999755859375,221.22000122070312,221.22000122070312,337900
2025-02-12,222.9499969482422,226.6750030517578,221.33999633789062,223.30999755859375,223.30999755859375,221800
2025-02-13,218.60000610351562,226.3300018310547,218.50999450683594,225.49000549316406,225.49000549316406,278000
2025-02-14,235.0,235.0,227.89999389648438,230.86000061035156,230.86000061035156,484700
2025-02-18,240.0,242.44500732421875,236.25,238.11000061035156,238.11000061035156,581400
2025-02-19,234.22000122070312,239.71499633789062,233.66000366210938,236.69000244140625,236.69000244140625,443500
2025-02-20,237.1199951171875,246.8000030517578,237.1199951171875,244.1999969482422,244.1999969482422,759000
2025-02-21,258.6600036621094,260.9750061035156,253.0399932861328,255.3699951171875,255.3699951171875,811100
2025-02-24,256.5,259.69000244140625,254.13999938964844,258.489990234375,258.489990234375,491700
2025-02-25,260.0,265.8900146484375,258.2799987792969,259.70001220703125,259.70001220703125,619700
2025-02-26,265.3999938964844,268.45001220703125,257.67999267578125,259.0,259.0,710800
2025-02-27,265.0,287.8800048828125,264.0,278.3800048828125,278.3800048828125,1121100
2025-02-28,270.239990234375,281.17498779296875,265.2699890136719,271.79998779296875,271.79998779296875,964700
2025-03-03,255.8300018310547,258.9549865722656,240.0,245.52999877929688,245.52999877929688,1292500
2025-03-04,252.0,257.739990234375,250.47000122070312,257.30999755859375,257.30999755859375,831100
2025-03-05,259.7799987792969,263.3299865722656,255.8800048828125,262.2099914550781,262.2099914550781,567800
2025-03-06,256.8599853515625,264.8699951171875,256.2799987792969,256.9700012207031,256.9700012207031,441700
2025-03-07,256.4700012207031,256.5249938964844,245.52000427246094,247.07000732421875,247.07000732421875,662400
2025-03-10,240.0,246.99000549316406,238.10000610351562,242.66000366210938,242.66000366210938,588100
2025-03-11,246.8800048828125,247.2899932861328,242.49000549316406,245.7100067138672,245.7100067138672,375700
2025-03-12,249.22000122070312,250.0,244.0749969482422,249.83999633789062,249.83999633789062,620600
2025-03-13,250.0,254.74000549316406,246.88999938964844,254.57000732421875,254.57000732421875,272200
2025-03-14,253.7100067138672,260.0,252.00999450683594,259.19000244140625,259.19000244140625,315000
2025-03-17,260.0,265.8500061035156,257.1600036621094,265.07000732421875,265.07000732421875,389900
2025-03-18,261.17999267578125,264.239990234375,258.19000244140625,261.3800048828125,261.3800048828125,270900
2025-03-19,259.4100036621094,270.6000061035156,259.4100036621094,266.260009765625,266.260009765625,300300
2025-03-20,264.1700134277344,268.3800048828125,260.0199890136719,262.5899963378906,262.5899963378906,209100
2025-03-21,254.57000732421875,256.489990234375,250.49000549316406,251.97999572753906,251.97999572753906,518200
2025-03-24,254.74000549316406,257.8800048828125,252.5399932861328,253.1999969482422,253.1999969482422,565300
2025-03-25,258.4800109863281,258.4800109863281,250.24000549316406,250.47000122070312,250.47000122070312,319800
2025-03-26,253.33999633789062,253.33999633789062,249.02499389648438,250.9199981689453,250.9199981689453,262800
2025-03-27,264.0199890136719,269.0,259.0799865722656,262.6000061035156,262.6000061035156,689500
2025-03-28,269.0,274.0,265.5799865722656,267.3900146484375,267.3900146484375,514600
2025-03-31,273.79998779296875,275.25,264.42999267578125,272.1700134277344,272.1700134277344,534800
2025-04-01,282.92999267578125,284.1499938964844,268.4599914550781,271.0400085449219,271.0400085449219,905500
2025-04-02,271.5899963378906,276.0,269.06500244140625,274.7799987792969,274.7799987792969,736900
2025-04-03,265.8399963378906,270.0,259.7799987792969,264.32000732421875,264.32000732421875,389900
2025-04-04,253.0,253.80999755859375,237.86000061035156,238.50999450683594,238.50999450683594,675300
2025-04-07,220.14999389648438,235.02999877929688,214.1219940185547,220.5399932861328,220.5399932861328,700200
2025-04-08,229.47000122070312,229.47000122070312,207.63499450683594,209.41000366210938,209.41000366210938,611500
2025-04-09,209.24000549316406,211.8509979248047,196.4499969482422,206.32000732421875,206.32000732421875,760400
2025-04-10,218.63999938964844,222.1699981689453,206.72000122070312,208.30999755859375,208.30999755859375,930200
2025-04-11,227.72000122070312,234.8000030517578,226.49000549316406,230.36000061035156,230.36000061035156,909600
2025-04-14,246.57000732421875,250.42999267578125,236.9499969482422,242.75,242.75,835400
2025-04-15,239.55999755859375,244.0,237.60000610351562,238.83999633789062,238.83999633789062,401400
2025-04-16,235.0,236.17999267578125,227.69000244140625,228.13999938964844,228.13999938964844,575700
2025-04-17,229.3000030517578,234.14999389648438,227.39599609375,230.97999572753906,230.97999572753906,519900
2025-04-21,231.27999877929688,232.5050048828125,228.22999572753906,229.22000122070312,229.22000122070312,282700
2025-04-22,249.41000366210938,254.89999389648438,245.75999450683594,252.77000427246094,252.77000427246094,722300
2025-04-23,252.4600067138672,255.05499267578125,248.0,249.1300048828125,249.1300048828125,430400
2025-04-24,257.8800048828125,259.9800109863281,253.00999450683594,256.1600036621094,256.1600036621094,459600
2025-04-25,247.55999755859375,250.82000732421875,244.4029998779297,244.89999389648438,244.89999389648438,488100
2025-04-28,247.6699981689453,255.63999938964844,247.6699981689453,249.4600067138672,249.4600067138672,248100
2025-04-29,249.08999633789062,250.2899932861328,246.0399932861328,249.77000427246094,249.77000427246094,321200
2025-04-30,263.0,267.0,256.6050109863281,259.80999755859375,259.80999755859375,353000
2025-05-01,257.1700134277344,261.989990234375,255.58999633789062,255.63999938964844,255.63999938964844,330900
2025-05-02,262.5400085449219,262.760009765625,254.3699951171875,255.77000427246094,255.77000427246094,180400
2025-05-05,252.80999755859375,255.5449981689453,250.52000427246094,254.16000366210938,254.16000366210938,201200
2025-05-06,256.8900146484375,258.260009765625,240.77000427246094,241.75,241.75,969400
2025-05-07,232.85000610351562,237.0800018310547,229.64500427246094,232.25,232.25,677200
2025-05-08,236.27999877929688,238.69000244140625,230.7550048828125,235.94000244140625,235.94000244140625,456700
2025-05-09,234.58999633789062,238.92999267578125,230.22999572753906,231.99000549316406,231.99000549316406,375700
2025-05-12,219.27999877929688,235.47999572753906,219.27999877929688,233.25,233.25,611100
2025-05-13,224.16000366210938,226.1199951171875,221.8300018310547,224.72999572753906,224.72999572753906,387700
2025-05-14,223.1999969482422,225.91000366210938,218.30999755859375,219.9499969482422,219.9499969482422,262800
2025-05-15,223.8800048828125,226.58999633789062,220.63999938964844,225.77000427246094,225.77000427246094,527900
2025-05-16,227.6300048828125,230.5800018310547,227.0500030517578,228.3800048828125,228.3800048828125,290200
2025-05-19,230.7100067138672,233.6199951171875,228.9250030517578,233.3699951171875,233.3699951171875,394700
2025-05-20,234.08999633789062,237.4199981689453,232.7760009765625,236.86000061035156,236.86000061035156,160800
2025-05-21,238.4600067138672,240.0,234.8000030517578,236.49000549316406,236.49000549316406,259200
2025-05-22,238.27999877929688,241.3800048828125,237.60000610351562,238.75999450683594,238.75999450683594,214000
2025-05-23,238.1999969482422,242.94000244140625,237.1300048828125,241.42999267578125,241.42999267578125,171500
2025-05-27,240.64999389648438,244.75,235.35000610351562,238.30999755859375,238.30999755859375,317300
2025-05-28,237.1699981689453,241.2100067138672,235.57000732421875,240.41000366210938,240.41000366210938,189200
2025-05-29,243.1199951171875,248.0800018310547,242.7449951171875,246.67999267578125,246.67999267578125,314700
2025-05-30,248.0,248.0,240.2100067138672,245.5800018310547,245.5800018310547,407000
2025-06-02,243.4499969482422,248.0,240.0,245.92999267578125,245.92999267578125,180800
2025-06-03,246.22000122070312,254.16000366210938,246.22000122070312,251.72000122070312,251.72000122070312,260600
2025-06-04,255.05999755859375,261.92999267578125,254.38999938964844,258.2699890136719,258.2699890136719,287800
2025-06-05,255.1699981689453,259.3800048828125,255.0500030517578,257.0,257.0,150100
2025-06-06,255.22000122070312,257.6099853515625,250.0,255.86000061035156,255.86000061035156,402200
2025-06-09,265.2099914550781,270.1300048828125,262.31500244140625,263.7799987792969,263.7799987792969,486000
2025-06-10,261.0400085449219,264.8500061035156,260.4599914550781,263.4200134277344,263.4200134277344,416200
2025-06-11,260.0,264.0,257.4100036621094,262.4100036621094,262.4100036621094,282600
2025-06-12,276.5899963378906,284.510986328125,275.0,276.5299987792969,276.5299987792969,724300
2025-06-13,269.1000061035156,272.82000732421875,268.69000244140625,269.6300048828125,269.6300048828125,391700
2025-06-16,263.8500061035156,267.5299987792969,263.3299865722656,264.4200134277344,264.4200134277344,326600
2025-06-17,257.7300109863281,258.5,249.52000427246094,254.08999633789062,254.08999633789062,424800
2025-06-18,255.66000366210938,257.94000244140625,252.6699981689453,252.77999877929688,252.77999877929688,230400
2025-06-20,244.52000427246094,248.3000030517578,243.35000610351562,247.0800018310547,247.0800018310547,230800
2025-06-23,260.0,263.8800048828125,254.00999450683594,257.510009765625,257.510009765625,450700
2025-06-24,264.6000061035156,267.8299865722656,262.5299987792969,266.79998779296875,266.79998779296875,450600
2025-06-25,264.94000244140625,268.760009765625,263.489990234375,267.125,267.125,293000
2025-06-26,262.75,266.32000732421875,253.25999450683594,254.49000549316406,254.49000549316406,414700
2025-06-27,245.50999450683594,246.0,239.5050048828125,241.1999969482422,241.1999969482422,400800
2025-06-30,243.99000549316406,246.10000610351562,239.72999572753906,242.07000732421875,242.07000732421875,402100
2025-07-01,244.10000610351562,246.50999450683594,240.3000030517578,245.16000366210938,245.16000366210938,347400
2025-07-02,239.25,244.64999389648438,239.25,244.32000732421875,244.32000732421875,353200
2025-07-03,245.0,247.52000427246094,243.7050018310547,245.49000549316406,245.49000549316406,172500
2025-07-07,243.3800048828125,244.39999389648438,240.0,240.99000549316406,240.99000549316406,320900
2025-07-08,241.4499969482422,246.38999938964844,241.4499969482422,244.47000122070312,244.47000122070312,265700
2025-07-09,249.99000549316406,256.0,249.27999877929688,255.69000244140625,255.69000244140625,361000
2025-07-10,253.4199981689453,255.2570037841797,250.7100067138672,253.38999938964844,253.38999938964844,206800
2025-07-11,251.00999450683594,252.36500549316406,249.0,250.3000030517578,250.3000030517578,371600
2025-07-14,250.0,253.9600067138672,249.1199951171875,252.13999938964844,252.13999938964844,106000
2025-07-15,269.29998779296875,270.0,263.8399963378906,269.70001220703125,269.70001220703125,674400
2025-07-16,272.989990234375,279.8800048828125,272.21600341796875,279.1600036621094,279.1600036621094,489200
2025-07-17,297.0,298.0,287.3299865722656,290.3500061035156,290.3500061035156,804900
2025-07-18,297.5,300.0,293.510009765625,294.54998779296875,294.54998779296875,893500
2025-07-21,288.94000244140625,292.3399963378906,287.4049987792969,291.92999267578125,291.92999267578125,320000
2025-07-22,291.79998779296875,295.94000244140625,289.1050109863281,295.5899963378906,295.5899963378906,266700
2025-07-23,296.0,299.70001220703125,293.9150085449219,294.8299865722656,294.8299865722656,397100
2025-07-24,293.239990234375,297.0,292.5,296.4599914550781,296.4599914550781,238400
2025-07-25,289.7300109863281,293.1650085449219,287.0,291.4700012207031,291.4700012207031,171200
2025-07-28,299.0,299.8999938964844,294.3900146484375,294.510009765625,294.510009765625,404400
2025-07-29,304.32501220703125,308.8699951171875,299.44000244140625,305.739990234375,305.739990234375,789200
2025-07-30,302.8900146484375,306.5799865722656,298.4599914550781,299.94000244140625,299.94000244140625,473000
2025-07-31,296.5,303.6000061035156,296.17999267578125,301.1300048828125,301.1300048828125,503000
2025-08-01,288.6099853515625,299.2900085449219,288.0719909667969,299.010009765625,299.010009765625,543100
2025-08-04,299.04998779296875,305.2250061035156,298.70001220703125,304.29998779296875,304.29998779296875,348700
2025-08-05,305.29998779296875,310.489990234375,303.2749938964844,307.2300109863281,307.2300109863281,522000
2025-08-06,312.17999267578125,313.2900085449219,287.0,298.5199890136719,298.5199890136719,529500
2025-08-07,297.2099914550781,298.29998779296875,293.8999938964844,298.2900085449219,298.2900085449219,406100
2025-08-08,281.3399963378906,290.67498779296875,280.1099853515625,288.17999267578125,288.17999267578125,423100
2025-08-11,288.17999267578125,290.0,286.57000732421875,289.75,289.75,394900
2025-08-12,285.5,289.75,283.04998779296875,288.1000061035156,288.1000061035156,312400
2025-08-13,298.489990234375,307.510009765625,295.67999267578125,307.510009765625,307.510009765625,461500
2025-08-14,303.010009765625,309.739990234375,300.0,309.69000244140625,309.69000244140625,326100
2025-08-15,313.0,321.69000244140625,312.55999755859375,321.3599853515625,321.3599853515625,448800
2025-08-18,321.3599853515625,330.6300048828125,318.68499755859375,319.32000732421875,319.32000732421875,595200
2025-08-19,313.9100036621094,318.6400146484375,311.7699890136719,312.510009765625,312.510009765625,196900
2025-08-20,307.0,310.6099853515625,301.3299865722656,309.3299865722656,309.3299865722656,248300
2025-08-21,310.1600036621094,315.0,309.57000732421875,313.9700012207031,313.9700012207031,159500
2025-08-22,312.0799865722656,317.0,312.0799865722656,313.6700134277344,313.6700134277344,156900
2025-08-25,319.3999938964844,320.0,307.6000061035156,308.6300048828125,308.6300048828125,163200
2025-08-26,308.8399963378906,309.67999267578125,306.3500061035156,308.9100036621094,308.9100036621094,120400
2025-08-27,298.9599914550781,301.2900085449219,296.6000061035156,300.1400146484375,300.1400146484375,197900
2025-08-28,295.8599853515625,302.3999938964844,295.2200012207031,297.9599914550781,297.9599914550781,200800
2025-08-29,310.7200012207031,314.8999938964844,306.04998779296875,306.04998779296875,306.04998779296875,360200
2025-09-02,330.0,335.94000244140625,324.0199890136719,332.0400085449219,332.0400085449219,766000
2025-09-03,335.79998779296875,339.8599853515625,335.6600036621094,336.260009765625,336.260009765625,556400
2025-09-04,323.489990234375,325.06500244140625,316.7900085449219,318.7300109863281,318.7300109863281,306600
2025-09-05,338.489990234375,341.989990234375,335.75,341.79998779296875,341.79998779296875,357700
2025-09-08,340.32000732421875,347.1700134277344,338.0,346.45001220703125,346.45001220703125,399900
2025-09-09,348.6600036621094,351.2699890136719,347.0,351.1300048828125,351.1300048828125,348900
2025-09-10,324.489990234375,330.3500061035156,312.2799987792969,313.92999267578125,313.92999267578125,1021400
2025-09-11,324.510009765625,336.79998779296875,324.510009765625,335.6700134277344,335.6700134277344,429400
2025-09-12,331.6600036621094,333.0299987792969,324.0299987792969,324.3399963378906,324.3399963378906,274600
2025-09-15,332.94000244140625,334.0249938964844,330.0,332.2699890136719,332.2699890136719,356000
2025-09-16,327.7799987792969,327.7799987792969,323.69000244140625,327.20001220703125,327.20001220703125,316600
2025-09-17,330.0,334.0950012207031,330.0,332.20001220703125,332.20001220703125,157800
2025-09-18,335.0,343.2799987792969,335.0,342.8900146484375,342.8900146484375,229700
2025-09-19,335.0,339.25,332.3900146484375,334.3999938964844,334.3999938964844,241900
2025-09-22,337.489990234375,339.6700134277344,334.3999938964844,337.81500244140625,337.81500244140625,112300
2025-09-23,329.5,332.1650085449219,326.68499755859375,329.07000732421875,329.07000732421875,170000
2025-09-24,327.9800109863281,331.1499938964844,327.3999938964844,329.8399963378906,329.8399963378906,134900
2025-09-25,330.1400146484375,332.73699951171875,325.42999267578125,328.7099914550781,328.7099914550781,252300
2025-09-26,326.04998779296875,330.0,321.8349914550781,326.05999755859375,326.05999755859375,198200
2025-09-29,327.3999938964844,333.0249938964844,327.2099914550781,332.8299865722656,332.8299865722656,162500
2025-09-30,337.04998779296875,342.260009765625,335.57000732421875,340.70001220703125,340.70001220703125,273700
2025-10-01,340.7300109863281,346.5799865722656,334.6099853515625,335.1600036621094,335.1600036621094,279300
2025-10-02,349.0,355.29998779296875,344.44000244140625,345.1700134277344,345.1700134277344,424800
2025-10-03,339.1099853515625,347.0899963378906,334.5299987792969,343.8699951171875,343.8699951171875,163200
2025-10-06,344.9800109863281,346.0,340.8800048828125,344.5299987792969,344.5299987792969,168700
2025-10-07,345.0,346.4049987792969,341.42999267578125,341.6199951171875,341.6199951171875,150200
2025-10-08,347.82000732421875,353.0,346.9849853515625,351.0899963378906,351.0899963378906,155800
2025-10-09,335.510009765625,337.82000732421875,329.6400146484375,335.79998779296875,335.79998779296875,212300
2025-10-10,330.0,332.3900146484375,316.3999938964844,320.1000061035156,320.1000061035156,335100
2025-10-13,322.5400085449219,332.32501220703125,322.5400085449219,327.0299987792969,327.0299987792969,145400
2025-10-14,315.0,326.4599914550781,309.0,320.94000244140625,320.94000244140625,367400
2025-10-15,313.010009765625,319.739990234375,312.010009765625,316.1499938964844,316.1499938964844,321400
2025-10-16,320.5799865722656,323.75,315.9549865722656,318.0199890136719,318.0199890136719,225600
2025-10-17,310.4599914550781,317.6449890136719,310.4599914550781,316.4200134277344,316.4200134277344,333700
2025-10-20,318.0,319.5690002441406,315.2449951171875,318.5899963378906,318.5899963378906,183900
2025-10-21,317.0400085449219,318.8500061035156,314.1000061035156,315.7349853515625,315.7349853515625,141200
2025-10-22,310.4800109863281,316.5,310.4800109863281,313.5400085449219,313.5400085449219,186800
2025-10-23,310.2099914550781,312.5199890136719,306.0,310.0299987792969,310.0299987792969,206000
2025-10-24,311.3999938964844,314.95098876953125,309.0,310.80999755859375,310.80999755859375,112600
2025-10-27,315.70001220703125,320.3450012207031,312.9150085449219,315.42999267578125,315.42999267578125,153800
2025-10-28,313.94000244140625,318.989990234375,312.95001220703125,316.8500061035156,316.8500061035156,200100
2025-10-29,317.0,318.0,311.57000732421875,314.8500061035156,314.8500061035156,148700
2025-10-30,310.19000244140625,313.79998779296875,307.5050048828125,308.2200012207031,308.2200012207031,190500
2025-10-31,311.6099853515625,312.9700012207031,307.9200134277344,310.4800109863281,310.4800109863281,142100
2025-11-03,310.6199951171875,314.06500244140625,307.0,311.8599853515625,311.8599853515625,221300
2025-11-04,306.6000061035156,316.79998779296875,306.6000061035156,309.19000244140625,309.19000244140625,236300
2025-11-05,311.1000061035156,323.20001220703125,306.7300109863281,321.3900146484375,321.3900146484375,269200
2025-11-06,320.3399963378906,343.80999755859375,312.2200012207031,332.3599853515625,332.3599853515625,416200
2025-11-07,315.5299987792969,320.5899963378906,312.8699951171875,319.9700012207031,319.9700012207031,339900
2025-11-10,329.0,333.2200012207031,327.0299987792969,329.20001220703125,329.20001220703125,137400
2025-11-11,328.239990234375,343.9599914550781,328.239990234375,343.6499938964844,343.6499938964844,234600
2025-11-12,348.75,379.3290100097656,347.5,377.4700012207031,377.4700012207031,847500
2025-11-13,375.989990234375,381.5,365.5199890136719,368.3599853515625,368.3599853515625,456500
2025-11-14,363.0299987792969,374.0400085449219,363.0199890136719,365.82000732421875,365.82000732421875,230000
2025-11-17,378.0,385.2200012207031,373.322998046875,376.6300048828125,376.6300048828125,558900
2025-11-18,362.4599914550781,366.3800048828125,355.0,363.9200134277344,363.9200134277344,353500
2025-11-19,361.6700134277344,362.010009765625,348.5,353.7900085449219,353.7900085449219,234400
2025-11-20,361.8500061035156,364.9700012207031,348.44000244140625,349.2900085449219,349.2900085449219,210200
2025-11-21,349.1700134277344,351.2049865722656,340.79998779296875,347.7200012207031,347.7200012207031,163500
2025-11-24,352.1099853515625,356.54998779296875,322.41400146484375,332.7099914550781,332.7099914550781,637300
2025-11-25,338.8900146484375,344.2200012207031,334.5199890136719,335.1700134277344,335.1700134277344,369100
2025-11-26,343.95001220703125,345.5799865722656,337.1000061035156,340.6400146484375,340.6400146484375,368600
2025-11-28,342.6600036621094,342.96600341796875,337.0,340.6099853515625,340.6099853515625,107500
2025-12-01,338.3699951171875,340.2850036621094,331.54998779296875,335.6000061035156,335.6000061035156,198600
2025-12-02,335.0,338.5899963378906,328.7900085449219,330.18499755859375,330.18499755859375,181600
2025-12-03,325.1400146484375,338.3599853515625,325.0,337.8599853515625,337.8599853515625,170600
2025-12-04,334.95001220703125,340.9800109863281,330.9800109863281,331.3999938964844,331.3999938964844,239800
2025-12-05,332.6400146484375,332.6400146484375,310.1099853515625,322.8999938964844,322.8999938964844,603800
2025-12-08,324.989990234375,331.8299865722656,324.67999267578125,326.489990234375,326.489990234375,259800
2025-12-09,317.3299865722656,323.2900085449219,316.4049987792969,318.69000244140625,318.69000244140625,307400
2025-12-10,318.2799987792969,322.9549865722656,315.5,322.67999267578125,322.67999267578125,140400
2025-12-11,318.2099914550781,326.7699890136719,318.2099914550781,320.8399963378906,320.8399963378906,189900
2025-12-12,320.8399963378906,322.54998779296875,318.0899963378906,319.05999755859375,319.05999755859375,179700
2025-12-15,307.4800109863281,315.5899963378906,300.82000732421875,310.6700134277344,310.6700134277344,756900
2025-12-16,301.0799865722656,305.82000732421875,299.5,304.30999755859375,304.30999755859375,361000
2025-12-17,305.82000732421875,308.9700012207031,302.0,306.04998779296875,306.04998779296875,327300
2025-12-18,305.79998779296875,309.8699951171875,304.6600036621094,307.0199890136719,307.0199890136719,183600
2025-12-19,308.19000244140625,318.1199951171875,308.0,316.04998779296875,316.04998779296875,381300
2025-12-22,314.04998779296875,315.4800109863281,310.7699890136719,313.3599853515625,313.3599853515625,216000
2025-12-23,310.7950134277344,313.1199951171875,306.60699462890625,312.32000732421875,312.32000732421875,220000
2025-12-24,309.1199951171875,314.4599914550781,308.1600036621094,311.7300109863281,311.7300109863281,128100
2025-12-26,311.239990234375,313.2300109863281,310.2900085449219,312.3900146484375,312.3900146484375,99100
2025-12-29,309.69000244140625,310.75,307.1000061035156,310.29998779296875,310.29998779296875,218200
2025-12-30,303.7300109863281,310.8800048828125,302.1400146484375,304.7200012207031,304.7200012207031,252100
2025-12-31,304.4599914550781,305.5,302.6199951171875,303.80999755859375,303.80999755859375,211500
2026-01-02,305.32000732421875,311.2200012207031,304.7799987792969,311.0199890136719,311.0199890136719,187200
2026-01-05,322.5,327.95001220703125,312.70001220703125,320.29998779296875,320.29998779296875,355800
2026-01-06,323.6499938964844,328.8599853515625,318.8900146484375,320.3500061035156,320.3500061035156,293100
2026-01-07,331.760009765625,335.3210144042969,328.30499267578125,333.8699951171875,333.8699951171875,510500
2026-01-08,332.8399963378906,332.8399963378906,317.97198486328125,320.3699951171875,320.3699951171875,419100
2026-01-09,329.2900085449219,340.80999755859375,328.7449951171875,337.8900146484375,337.8900146484375,666600
2026-01-12,340.8699951171875,341.1570129394531,330.6300048828125,333.989990234375,333.989990234375,537700
2026-01-13,339.1600036621094,352.4649963378906,335.2900085449219,351.05999755859375,351.05999755859375,359600
2026-01-14,343.8999938964844,353.1000061035156,337.25,346.75,346.75,287600
2026-01-15,342.4100036621094,345.9800109863281,332.5249938964844,338.2900085449219,338.2900085449219,165100
2026-01-16,338.07000732421875,340.8299865722656,336.17999267578125,338.19000244140625,338.19000244140625,153700
2026-01-20,328.69000244140625,335.9100036621094,325.1000061035156,334.2799987792969,334.2799987792969,272300
2026-01-21,333.42999267578125,344.80999755859375,332.89599609375,341.6400146484375,341.6400146484375,315900
2026-01-22,331.17999267578125,342.0,331.17999267578125,338.80999755859375,338.80999755859375,289000
2026-01-23,341.04998779296875,344.19000244140625,338.32000732421875,339.32000732421875,339.32000732421875,167600
2026-01-26,336.54998779296875,340.0799865722656,335.1000061035156,337.7900085449219,337.7900085449219,98300
2026-01-27,335.67999267578125,341.28900146484375,334.3599853515625,336.1600036621094,336.1600036621094,131700
2026-01-28,348.4100036621094,352.0,344.3330078125,350.0,350.0,254600
2026-01-29,350.0,353.0,345.5419921875,350.0,350.0,310900
2026-01-30,343.9200134277344,349.9800109863281,339.1940002441406,340.3800048828125,340.3800048828125,296800
2026-02-02,333.1099853515625,345.1000061035156,328.9100036621094,345.0,345.0,358500
2026-02-03,342.3699951171875,351.3900146484375,341.5249938964844,346.3800048828125,346.3800048828125,261300
2026-02-04,348.7900085449219,355.42999267578125,345.1860046386719,352.0,352.0,312500
2026-02-05,348.239990234375,353.69000244140625,345.44000244140625,347.0,347.0,420100
2026-02-06,346.739990234375,354.6300048828125,340.0,353.9200134277344,353.9200134277344,269700
2026-02-09,350.69000244140625,358.0,345.4700012207031,348.8500061035156,348.8500061035156,247200
2026-02-10,353.8699951171875,358.3800048828125,351.6449890136719,353.42999267578125,353.42999267578125,172900
2026-02-11,353.45001220703125,354.010009765625,345.0199890136719,351.2699890136719,351.2699890136719,110800
2026-02-12,353.2200012207031,353.2200012207031,342.0,346.4200134277344,346.4200134277344,140800
2026-02-13,345.19000244140625,352.17999267578125,345.19000244140625,346.07000732421875,346.07000732421875,112300
2026-02-17,346.07000732421875,356.7099914550781,345.0350036621094,354.8599853515625,354.8599853515625,185200
2026-02-18,352.82000732421875,359.79998779296875,352.82000732421875,359.04998779296875,359.04998779296875,126300
2026-02-19,359.04998779296875,365.6000061035156,352.92999267578125,354.4800109863281,354.4800109863281,149200
2026-02-20,355.95001220703125,363.67498779296875,354.3599853515625,362.1400146484375,362.1400146484375,195600
2026-02-23,360.0,371.1700134277344,360.0,370.6400146484375,370.6400146484375,218100
2026-02-24,361.6700134277344,372.7300109863281,361.6700134277344,369.0,369.0,316400
2026-02-25,357.7099914550781,358.79998779296875,347.85101318359375,352.2300109863281,352.2300109863281,401600
2026-02-26,328.6199951171875,334.04998779296875,315.5,322.3699951171875,322.3699951171875,747300
2026-02-27,318.6600036621094,323.239990234375,314.2250061035156,316.989990234375,316.989990234375,364200
2026-03-02,305.5,315.0,304.6199951171875,314.3599853515625,314.3599853515625,323400
2026-03-03,299.20001220703125,301.94000244140625,293.2699890136719,297.0400085449219,297.0400085449219,542500
2026-03-04,296.4700012207031,300.6000061035156,293.70001220703125,299.0199890136719,299.0199890136719,355800
2026-03-05,297.5400085449219,297.5400085449219,290.0,292.94000244140625,292.94000244140625,303100
2026-03-06,292.5,301.489990234375,290.92498779296875,301.1199951171875,301.1199951171875,298100
2026-03-09,293.0,302.9949951171875,293.0,302.2900085449219,302.2900085449219,198100
2026-03-10,306.9599914550781,308.989990234375,304.5199890136719,305.3900146484375,305.3900146484375,144400
2026-03-11,299.55999755859375,302.1400146484375,297.8299865722656,298.9100036621094,298.9100036621094,266900
2026-03-12,293.3699951171875,293.9750061035156,284.42999267578125,285.29998779296875,285.29998779296875,284800
2026-03-13,285.30999755859375,288.4549865722656,283.0400085449219,284.04998779296875,284.04998779296875,229100
2026-03-16,286.1099853515625,293.1099853515625,286.1099853515625,289.6499938964844,289.6499938964844,123300
2026-03-17,291.3900146484375,292.94000244140625,285.44000244140625,287.3299865722656,287.3299865722656,161300
2026-03-18,286.8699951171875,286.8699951171875,281.0400085449219,282.2900085449219,282.2900085449219,407100
2026-03-19,280.55999755859375,283.94000244140625,279.7099914550781,282.7200012207031,282.7200012207031,103100
2026-03-20,282.42999267578125,285.50299072265625,274.9700012207031,275.2799987792969,275.2799987792969,226600
2026-03-23,273.95001220703125,279.25,273.5,274.7300109863281,274.7300109863281,208500
2026-03-24,272.6400146484375,276.9750061035156,271.4700012207031,275.69000244140625,275.69000244140625,240700
2026-03-25,279.9599914550781,285.5299987792969,279.9599914550781,283.45001220703125,283.45001220703125,160300
2026-03-26,276.4200134277344,279.239990234375,272.0199890136719,276.95001220703125,276.95001220703125,238600
2026-03-27,286.0799865722656,289.7650146484375,280.5899963378906,283.0299987792969,283.0299987792969,233700
2026-03-30,283.80999755859375,286.5899963378906,281.1300048828125,284.0799865722656,284.0799865722656,152600
2026-03-31,284.70001220703125,297.79998779296875,283.4800109863281,296.9700012207031,296.9700012207031,233000
2026-04-01,303.9200134277344,312.55499267578125,303.9200134277344,308.44000244140625,308.44000244140625,343200
2026-04-02,307.4200134277344,315.9700012207031,306.32501220703125,310.7900085449219,310.7900085449219,133500
2026-04-06,311.29998779296875,312.3949890136719,301.3399963378906,302.489990234375,302.489990234375,202000
2026-04-07,301.2200012207031,304.9100036621094,299.2900085449219,303.82000732421875,303.82000732421875,194500
2026-04-08,311.5899963378906,314.8999938964844,309.0,312.19000244140625,312.19000244140625,237500
2026-04-09,311.5299987792969,317.4700012207031,310.6600036621094,313.4200134277344,313.4200134277344,142300
2026-04-10,314.8800048828125,315.7699890136719,309.2200012207031,309.6600036621094,309.6600036621094,134400
2026-04-13,309.3800048828125,311.19500732421875,302.5299987792969,305.6400146484375,305.6400146484375,304200
2026-04-14,305.8800048828125,315.75,305.8800048828125,310.0,310.0,317000
2026-04-15,313.1400146484375,320.29998779296875,311.25,319.94000244140625,319.94000244140625,196100
2026-04-16,322.04998779296875,323.7099914550781,318.6199951171875,320.70001220703125,320.70001220703125,206900
2026-04-17,322.3299865722656,328.3900146484375,322.29998779296875,323.8699951171875,323.8699951171875,207200
2026-04-20,318.8500061035156,320.57000732421875,315.70001220703125,318.07000732421875,318.07000732421875,159400
2026-04-21,314.69000244140625,317.4200134277344,311.5799865722656,312.30999755859375,312.30999755859375,190600
2026-04-22,312.8599853515625,314.9049987792969,309.4200134277344,312.4100036621094,312.4100036621094,183100
2026-04-23,308.30999755859375,310.57000732421875,298.6499938964844,299.80999755859375,299.80999755859375,316300
2026-04-24,301.6000061035156,301.6000061035156,297.5299987792969,300.79998779296875,300.79998779296875,160900
2026-04-27,298.6499938964844,305.6300048828125,298.0950012207031,298.8999938964844,298.8999938964844,202600
2026-04-28,300.20001220703125,301.04998779296875,297.0,298.1600036621094,298.1600036621094,129900
2026-04-29,295.6199951171875,296.42999267578125,289.5350036621094,290.79998779296875,290.79998779296875,208700
2026-04-30,291.3399963378906,297.25,291.010009765625,295.2699890136719,295.2699890136719,134700
2026-05-01,295.2699890136719,297.6199951171875,291.6600036621094,293.8599853515625,293.8599853515625,116000
2026-05-04,293.8800048828125,300.760009765625,293.5,297.1400146484375,297.1400146484375,135800
2026-05-05,297.0,299.54998779296875,293.29998779296875,297.489990234375,297.489990234375,175700
2026-05-06,306.489990234375,316.6300048828125,300.4200134277344,313.32000732421875,313.32000732421875,386000
2026-05-07,313.79998779296875,318.0,308.4200134277344,317.0,317.0,441200
2026-05-08,317.0,318.05999755859375,311.6600036621094,312.1199951171875,312.1199951171875,210300
2026-05-11,317.20001220703125,317.9989929199219,309.1499938964844,310.75,310.75,346300
2026-05-12,313.9700012207031,319.0,312.4700012207031,315.07000732421875,315.07000732421875,268400
2026-05-13,310.7200012207031,322.45001220703125,307.2099914550781,316.54998779296875,316.54998779296875,181600
2026-05-14,310.0,310.0,301.07000732421875,304.6199951171875,304.6199951171875,261900
2026-05-15,299.9800109863281,299.9800109863281,293.0899963378906,293.2699890136719,293.2699890136719,269800
2026-05-18,293.4599914550781,295.07000732421875,289.5979919433594,293.0899963378906,293.0899963378906,217600
2026-05-19,292.0199890136719,297.3599853515625,290.0450134277344,297.010009765625,297.010009765625,219100
2026-05-20,301.6400146484375,309.1400146484375,300.1499938964844,308.739990234375,308.739990234375,291200
2026-05-21,305.69000244140625,311.9599914550781,303.0,309.6199951171875,309.6199951171875,246300
2026-05-22,306.0199890136719,310.739990234375,305.9849853515625,310.25,310.25,190900
2026-05-26,311.0299987792969,312.010009765625,301.92999267578125,302.44000244140625,302.44000244140625,206200
2026-05-27,300.44000244140625,303.3699951171875,299.29998779296875,300.010009765625,300.010009765625,159100
2026-05-28,294.94000244140625,298.010009765625,288.3399963378906,290.5799865722656,290.5799865722656,314600
2026-05-29,293.29998779296875,294.29998779296875,287.5299987792969,287.9200134277344,287.9200134277344,174500
2026-06-01,287.54998779296875,287.54998779296875,273.9700012207031,279.67999267578125,279.67999267578125,373500
2026-06-02,278.1400146484375,280.3699951171875,274.44000244140625,274.69000244140625,274.69000244140625,247200
2026-06-03,273.8800048828125,279.30999755859375,272.20001220703125,279.0,279.0,206800
2026-06-04,282.1300048828125,283.75,279.81500244140625,279.92999267578125,279.92999267578125,99500
2026-06-05,275.17999267578125,275.17999267578125,269.0,270.1000061035156,270.1000061035156,325900
2026-06-08,272.0,272.239990234375,267.9599914550781,270.79998779296875,270.79998779296875,284800
2026-06-09,267.6600036621094,271.3999938964844,265.31500244140625,268.1700134277344,268.1700134277344,515500
2026-06-10,266.8399963378906,271.5899963378906,263.0,263.6099853515625,263.6099853515625,291100
2026-06-11,256.17999267578125,263.70001220703125,253.947998046875,260.2699890136719,260.2699890136719,505500
2026-06-12,261.6400146484375,267.55499267578125,261.5,264.4800109863281,264.4800109863281,261000
2026-06-15,265.07000732421875,268.510009765625,261.9429931640625,268.20001220703125,268.20001220703125,351400
2026-06-16,268.20001220703125,268.8800048828125,262.8699951171875,263.9200134277344,263.9200134277344,299600
2026-06-17,262.760009765625,266.6050109863281,259.0899963378906,262.67999267578125,262.67999267578125,364300
2026-06-18,270.20001220703125,274.54998779296875,265.0199890136719,270.1499938964844,270.1499938964844,367900
2026-06-22,270.0,273.80999755859375,265.2850036621094,271.79998779296875,271.79998779296875,205200
2026-06-23,269.7200012207031,276.7349853515625,269.5249938964844,276.1300048828125,276.1300048828125,331600
2026-06-24,277.0,282.9100036621094,275.8349914550781,277.1199951171875,277.1199951171875,218600
2026-06-25,277.7099914550781,280.9599914550781,274.2900085449219,275.3399963378906,275.3399963378906,231800
2026-06-26,275.0,283.79998779296875,272.75,279.8900146484375,279.8900146484375,336800
2026-06-29,283.8299865722656,291.7449951171875,283.8299865722656,289.989990234375,289.989990234375,317400
2026-06-30,285.2300109863281,287.010009765625,283.07000732421875,284.9700012207031,284.9700012207031,325200
2026-07-01,286.0,293.5400085449219,283.32000732421875,290.739990234375,290.739990234375,342300
2026-07-02,292.510009765625,300.19000244140625,291.8699951171875,297.6499938964844,297.6499938964844,294900
2026-07-06,308.8800048828125,316.0,306.2749938964844,309.4599914550781,309.4599914550781,405300
2026-07-07,307.25,309.0,303.55999755859375,308.9599914550781,308.9599914550781,311100
2026-07-08,301.9200134277344,305.7349853515625,299.05999755859375,301.8800048828125,301.8800048828125,310400
2026-07-09,300.5,306.5899963378906,300.5,302.8299865722656,302.8299865722656,134200
2026-07-10,303.0299987792969,304.7699890136719,295.3900146484375,298.70001220703125,298.70001220703125,254500
