date,open,high,low,close,adjclose,volume
2021-08-02,32.40999984741211,33.380001068115234,30.510000228881836,31.950000762939453,31.950000762939453,168600
2021-08-03,32.040000915527344,32.88999938964844,31.149999618530273,32.63999938964844,32.63999938964844,63500
2021-08-04,32.31999969482422,33.43000030517578,32.31999969482422,32.65999984741211,32.65999984741211,55200
2021-08-05,32.619998931884766,33.97999954223633,32.209999084472656,33.41999816894531,33.41999816894531,85200
2021-08-06,33.7599983215332,34.5,32.63999938964844,33.709999084472656,33.709999084472656,53400
2021-08-09,33.5099983215332,33.5099983215332,31.760000228881836,32.040000915527344,32.040000915527344,72400
2021-08-10,32.0099983215332,34.84000015258789,32.0,32.959999084472656,32.959999084472656,223000
2021-08-11,32.7400016784668,33.79999923706055,32.16999816894531,32.52000045776367,32.52000045776367,48700
2021-08-12,32.290000915527344,32.85499954223633,32.279998779296875,32.4900016784668,32.4900016784668,66300
2021-08-13,32.41999816894531,32.849998474121094,31.43000030517578,32.0,32.0,103200
2021-08-16,31.700000762939453,32.0,29.790000915527344,31.799999237060547,31.799999237060547,125300
2021-08-17,31.459999084472656,31.75,30.0,31.68000030517578,31.68000030517578,61600
2021-08-18,31.6299991607666,31.81999969482422,30.510000228881836,31.200000762939453,31.200000762939453,54300
2021-08-19,30.719999313354492,31.81999969482422,30.084999084472656,30.809999465942383,30.809999465942383,58800
2021-08-20,30.549999237060547,31.68000030517578,30.19499969482422,31.549999237060547,31.549999237060547,75800
2021-08-23,31.84000015258789,33.4900016784668,31.264999389648438,32.91999816894531,32.91999816894531,139200
2021-08-24,32.77000045776367,32.9900016784668,31.420000076293945,32.27000045776367,32.27000045776367,68000
2021-08-25,34.11000061035156,34.11000061035156,32.0,32.29999923706055,32.29999923706055,62800
2021-08-26,32.08000183105469,33.525001525878906,32.08000183105469,32.38999938964844,32.38999938964844,60300
2021-08-27,32.4900016784668,34.0,32.4900016784668,33.63999938964844,33.63999938964844,96100
2021-08-30,33.72999954223633,35.02000045776367,33.560001373291016,34.58000183105469,34.58000183105469,75900
2021-08-31,34.58000183105469,35.78499984741211,34.54999923706055,35.59000015258789,35.59000015258789,66100
2021-09-01,35.72999954223633,36.54499816894531,35.542999267578125,36.2599983215332,36.2599983215332,96700
2021-09-02,36.470001220703125,37.16999816894531,36.06999969482422,36.83000183105469,36.83000183105469,120400
2021-09-03,36.7400016784668,37.099998474121094,35.58000183105469,36.029998779296875,36.029998779296875,73300
2021-09-07,35.849998474121094,36.28499984741211,32.301998138427734,35.40999984741211,35.40999984741211,48000
2021-09-08,35.2599983215332,36.33000183105469,34.40999984741211,34.72999954223633,34.72999954223633,48100
2021-09-09,34.84000015258789,35.40999984741211,33.810001373291016,34.16999816894531,34.16999816894531,58800
2021-09-10,34.380001068115234,35.22999954223633,33.16999816894531,33.380001068115234,33.380001068115234,66900
2021-09-13,33.720001220703125,34.36000061035156,33.08000183105469,33.61000061035156,33.61000061035156,49600
2021-09-14,33.93000030517578,34.560001373291016,32.529998779296875,32.88999938964844,32.88999938964844,87700
2021-09-15,33.0099983215332,33.970001220703125,32.81100082397461,33.16999816894531,33.16999816894531,91800
2021-09-16,33.20000076293945,35.58000183105469,32.43000030517578,33.43000030517578,33.43000030517578,131400
2021-09-17,33.13999938964844,34.43000030517578,32.25,33.650001525878906,33.650001525878906,169000
2021-09-20,32.84000015258789,33.66999816894531,32.7400016784668,32.849998474121094,32.849998474121094,180900
2021-09-21,33.150001525878906,33.560001373291016,32.279998779296875,32.58000183105469,32.58000183105469,146300
2021-09-22,32.83000183105469,36.0890007019043,31.6299991607666,31.8799991607666,31.8799991607666,43500
2021-09-23,32.150001525878906,33.369998931884766,31.889999389648438,33.060001373291016,33.060001373291016,26700
2021-09-24,32.689998626708984,33.20000076293945,31.329999923706055,31.8700008392334,31.8700008392334,54300
2021-09-27,32.22999954223633,33.68000030517578,31.860000610351562,32.90999984741211,32.90999984741211,40700
2021-09-28,32.470001220703125,32.7599983215332,31.270000457763672,31.809999465942383,31.809999465942383,44600
2021-09-29,32.040000915527344,32.040000915527344,31.0,31.600000381469727,31.600000381469727,67700
2021-09-30,31.799999237060547,32.7400016784668,31.799999237060547,32.099998474121094,32.099998474121094,80300
2021-10-01,32.040000915527344,32.88999938964844,31.850000381469727,32.2400016784668,32.2400016784668,53500
2021-10-04,32.119998931884766,33.63999938964844,31.59000015258789,33.040000915527344,33.040000915527344,194200
2021-10-05,33.18000030517578,33.790000915527344,31.709999084472656,32.150001525878906,32.150001525878906,61000
2021-10-06,31.850000381469727,32.70000076293945,31.690000534057617,32.59000015258789,32.59000015258789,94700
2021-10-07,32.68000030517578,33.15999984741211,32.40999984741211,32.689998626708984,32.689998626708984,80300
2021-10-08,32.90999984741211,32.90999984741211,31.81999969482422,32.0099983215332,32.0099983215332,30200
2021-10-11,32.040000915527344,32.54999923706055,32.0,32.0099983215332,32.0099983215332,43000
2021-10-12,32.209999084472656,33.7400016784668,32.060001373291016,33.150001525878906,33.150001525878906,47600
2021-10-13,33.4900016784668,34.36000061035156,32.56999969482422,32.9900016784668,32.9900016784668,45500
2021-10-14,33.2400016784668,33.93000030517578,32.4900016784668,32.7400016784668,32.7400016784668,85900
2021-10-15,33.27000045776367,33.6349983215332,32.47999954223633,32.5099983215332,32.5099983215332,46800
2021-10-18,33.459999084472656,33.459999084472656,26.0,27.260000228881836,27.260000228881836,1458900
2021-10-19,27.520000457763672,30.0,27.5,29.520000457763672,29.520000457763672,881100
2021-10-20,29.530000686645508,30.200000762939453,29.030000686645508,29.68000030517578,29.68000030517578,302800
2021-10-21,29.770000457763672,29.790000915527344,28.920000076293945,29.5,29.5,102300
2021-10-22,29.149999618530273,29.610000610351562,28.690000534057617,29.200000762939453,29.200000762939453,164700
2021-10-25,29.440000534057617,30.75,28.3799991607666,30.43000030517578,30.43000030517578,51100
2021-10-26,30.290000915527344,31.530000686645508,29.90999984741211,31.040000915527344,31.040000915527344,57700
2021-10-27,27.760000228881836,28.354999542236328,24.280000686645508,24.760000228881836,24.760000228881836,297400
2021-10-28,26.950000762939453,27.31999969482422,23.780000686645508,24.239999771118164,24.239999771118164,638900
2021-10-29,24.229999542236328,24.42799949645996,23.200000762939453,23.530000686645508,23.530000686645508,270200
2021-11-01,23.5,24.34000015258789,23.0,23.3799991607666,23.3799991607666,260600
2021-11-02,23.489999771118164,23.635000228881836,22.700000762939453,23.059999465942383,23.059999465942383,96200
2021-11-03,23.190000534057617,25.065000534057617,22.84000015258789,23.5,23.5,173100
2021-11-04,23.700000762939453,24.989999771118164,23.670000076293945,23.829999923706055,23.829999923706055,243500
2021-11-05,23.0,23.690000534057617,21.709999084472656,22.34000015258789,22.34000015258789,183200
2021-11-08,23.350000381469727,23.350000381469727,22.020000457763672,22.65999984741211,22.65999984741211,200300
2021-11-09,22.979999542236328,23.139999389648438,22.18000030517578,22.729999542236328,22.729999542236328,431200
2021-11-10,22.5,22.5,21.360000610351562,21.829999923706055,21.829999923706055,236000
2021-11-11,22.0,22.3700008392334,21.780000686645508,22.0,22.0,240800
2021-11-12,22.280000686645508,22.579999923706055,21.530000686645508,21.799999237060547,21.799999237060547,176700
2021-11-15,22.030000686645508,22.100000381469727,21.389999389648438,21.56999969482422,21.56999969482422,154000
2021-11-16,21.360000610351562,21.649999618530273,20.815000534057617,21.229999542236328,21.229999542236328,115200
2021-11-17,21.0,21.3799991607666,20.468000411987305,21.040000915527344,21.040000915527344,191500
2021-11-18,21.079999923706055,21.459999084472656,20.43000030517578,20.850000381469727,20.850000381469727,201600
2021-11-19,20.860000610351562,21.149999618530273,19.899999618530273,20.079999923706055,20.079999923706055,272500
2021-11-22,19.93000030517578,20.989999771118164,19.549999237060547,20.459999084472656,20.459999084472656,124400
2021-11-23,20.270000457763672,20.469999313354492,19.5049991607666,20.3700008392334,20.3700008392334,160100
2021-11-24,20.270000457763672,20.920000076293945,20.049999237060547,20.809999465942383,20.809999465942383,119200
2021-11-26,20.290000915527344,20.739999771118164,19.639999389648438,19.799999237060547,19.799999237060547,78300
2021-11-29,19.899999618530273,19.899999618530273,18.690000534057617,18.739999771118164,18.739999771118164,161800
2021-11-30,18.739999771118164,19.399999618530273,17.790000915527344,17.940000534057617,17.940000534057617,398000
2021-12-01,18.229999542236328,18.959999084472656,17.81999969482422,17.829999923706055,17.829999923706055,203300
2021-12-02,17.81999969482422,18.84000015258789,17.415000915527344,18.700000762939453,18.700000762939453,134800
2021-12-03,18.229999542236328,18.639999389648438,17.81999969482422,18.200000762939453,18.200000762939453,80300
2021-12-06,18.299999237060547,18.94499969482422,17.670000076293945,18.729999542236328,18.729999542236328,84700
2021-12-07,18.979999542236328,19.719999313354492,18.729999542236328,19.059999465942383,19.059999465942383,81700
2021-12-08,19.06999969482422,19.684999465942383,18.829999923706055,19.270000457763672,19.270000457763672,113500
2021-12-09,19.06999969482422,19.579999923706055,18.719999313354492,19.350000381469727,19.350000381469727,109300
2021-12-10,19.549999237060547,19.926000595092773,18.889999389648438,18.979999542236328,18.979999542236328,99900
2021-12-13,18.8799991607666,19.704999923706055,18.253000259399414,19.059999465942383,19.059999465942383,77800
2021-12-14,18.690000534057617,19.360000610351562,17.924999237060547,18.09000015258789,18.09000015258789,84400
2021-12-15,18.06999969482422,19.190000534057617,17.52199935913086,19.1200008392334,19.1200008392334,127100
2021-12-16,19.3700008392334,19.839000701904297,17.81999969482422,18.030000686645508,18.030000686645508,150300
2021-12-17,17.969999313354492,19.31999969482422,17.579999923706055,19.110000610351562,19.110000610351562,330000
2021-12-20,18.65999984741211,19.40999984741211,17.81399917602539,19.030000686645508,19.030000686645508,128400
2021-12-21,19.149999618530273,19.850000381469727,18.93000030517578,19.360000610351562,19.360000610351562,92200
2021-12-22,19.309999465942383,19.989999771118164,19.209999084472656,19.719999313354492,19.719999313354492,101000
2021-12-23,19.770000457763672,20.0,19.639999389648438,19.790000915527344,19.790000915527344,65600
2021-12-27,19.364999771118164,20.1299991607666,19.364999771118164,20.0,20.0,146300
2021-12-28,19.920000076293945,20.06999969482422,18.75,19.190000534057617,19.190000534057617,73700
2021-12-29,19.18000030517578,19.690000534057617,19.0,19.100000381469727,19.100000381469727,78300
2021-12-30,19.0,20.0,19.0,19.459999084472656,19.459999084472656,79900
2021-12-31,19.469999313354492,19.760000228881836,19.239999771118164,19.670000076293945,19.670000076293945,84400
2022-01-03,19.68000030517578,20.1200008392334,19.34000015258789,19.979999542236328,19.979999542236328,50700
2022-01-04,19.969999313354492,20.299999237060547,19.110000610351562,20.059999465942383,20.059999465942383,221000
2022-01-05,19.674999237060547,19.940000534057617,18.010000228881836,18.149999618530273,18.149999618530273,155100
2022-01-06,18.31999969482422,18.489999771118164,17.299999237060547,17.360000610351562,17.360000610351562,106800
2022-01-07,17.260000228881836,17.809999465942383,16.610000610351562,16.690000534057617,16.690000534057617,82500
2022-01-10,16.510000228881836,16.860000610351562,15.350000381469727,16.040000915527344,16.040000915527344,95300
2022-01-11,16.389999389648438,16.389999389648438,15.319999694824219,15.789999961853027,15.789999961853027,159700
2022-01-12,16.540000915527344,16.540000915527344,15.069999694824219,15.220000267028809,15.220000267028809,183000
2022-01-13,15.380000114440918,15.454000473022461,14.654999732971191,14.760000228881836,14.760000228881836,73600
2022-01-14,14.460000038146973,15.289999961853027,14.164999961853027,15.15999984741211,15.15999984741211,120200
2022-01-18,15.109999656677246,15.652999877929688,14.039999961853027,14.899999618530273,14.899999618530273,128700
2022-01-19,14.989999771118164,15.539999961853027,14.880000114440918,15.210000038146973,15.210000038146973,222700
2022-01-20,15.229999542236328,15.9350004196167,14.890000343322754,15.0,15.0,95900
2022-01-21,15.0,15.355999946594238,14.699999809265137,15.149999618530273,15.149999618530273,107200
2022-01-24,14.9399995803833,16.309999465942383,14.138999938964844,16.040000915527344,16.040000915527344,126200
2022-01-25,15.59000015258789,16.149999618530273,15.329999923706055,16.079999923706055,16.079999923706055,78400
2022-01-26,16.030000686645508,17.200000762939453,15.90999984741211,16.5,16.5,135400
2022-01-27,16.559999465942383,17.184999465942383,16.045000076293945,16.200000762939453,16.200000762939453,151100
2022-01-28,16.290000915527344,16.399999618530273,14.975000381469727,16.3700008392334,16.3700008392334,118600
2022-01-31,16.56999969482422,17.360000610351562,16.3700008392334,16.799999237060547,16.799999237060547,72600
2022-02-01,16.829999923706055,17.829999923706055,16.510000228881836,17.5,17.5,290200
2022-02-02,17.28499984741211,17.594999313354492,17.030000686645508,17.239999771118164,17.239999771118164,95300
2022-02-03,17.010000228881836,17.190000534057617,16.25,16.290000915527344,16.290000915527344,171200
2022-02-04,16.290000915527344,16.795000076293945,16.010000228881836,16.420000076293945,16.420000076293945,62800
2022-02-07,16.420000076293945,16.690000534057617,16.030000686645508,16.1200008392334,16.1200008392334,45500
2022-02-08,16.139999389648438,16.6299991607666,15.899999618530273,16.559999465942383,16.559999465942383,51500
2022-02-09,16.709999084472656,18.200000762939453,16.709999084472656,17.299999237060547,17.299999237060547,144200
2022-02-10,17.190000534057617,18.972999572753906,16.860000610351562,18.780000686645508,18.780000686645508,333400
2022-02-11,18.485000610351562,19.450000762939453,17.799999237060547,17.860000610351562,17.860000610351562,327300
2022-02-14,18.25,18.299999237060547,17.549999237060547,17.639999389648438,17.639999389648438,166500
2022-02-15,17.979999542236328,19.950000762939453,17.979999542236328,19.700000762939453,19.700000762939453,127800
2022-02-16,19.600000381469727,19.78700065612793,18.790000915527344,19.1299991607666,19.1299991607666,108900
2022-02-17,19.040000915527344,19.371000289916992,18.459999084472656,18.56999969482422,18.56999969482422,134600
2022-02-18,18.479999542236328,18.68000030517578,17.649999618530273,17.8799991607666,17.8799991607666,109200
2022-02-22,18.049999237060547,19.3700008392334,17.920000076293945,18.809999465942383,18.809999465942383,131900
2022-02-23,19.010000228881836,19.059999465942383,18.5,18.68000030517578,18.68000030517578,62900
2022-02-24,18.0,18.899999618530273,18.0,18.649999618530273,18.649999618530273,149600
2022-02-25,18.8700008392334,18.989999771118164,18.030000686645508,18.5,18.5,75200
2022-02-28,18.40999984741211,18.700000762939453,17.920000076293945,18.1299991607666,18.1299991607666,99500
2022-03-01,18.100000381469727,18.329999923706055,17.940000534057617,18.1299991607666,18.1299991607666,69400
2022-03-02,18.3700008392334,19.059999465942383,18.219999313354492,18.5,18.5,101900
2022-03-03,18.5,18.770000457763672,17.670000076293945,17.920000076293945,17.920000076293945,101800
2022-03-04,17.6299991607666,17.924999237060547,17.219999313354492,17.3700008392334,17.3700008392334,49800
2022-03-07,17.440000534057617,17.440000534057617,16.600000381469727,16.739999771118164,16.739999771118164,72600
2022-03-08,16.6200008392334,16.84000015258789,16.030000686645508,16.149999618530273,16.149999618530273,76400
2022-03-09,16.229999542236328,16.5,15.760000228881836,15.989999771118164,15.989999771118164,133800
2022-03-10,15.5,15.949999809265137,14.380000114440918,14.75,14.75,139500
2022-03-11,14.699999809265137,14.699999809265137,13.498000144958496,13.65999984741211,13.65999984741211,140900
2022-03-14,13.489999771118164,13.529999732971191,12.0600004196167,12.229999542236328,12.229999542236328,169800
2022-03-15,12.199999809265137,12.210000038146973,11.510000228881836,11.550000190734863,11.550000190734863,87500
2022-03-16,11.779999732971191,12.329999923706055,11.329999923706055,12.029999732971191,12.029999732971191,150200
2022-03-17,12.0,12.859999656677246,11.829999923706055,12.75,12.75,202000
2022-03-18,12.539999961853027,13.880999565124512,12.130000114440918,13.100000381469727,13.100000381469727,295400
2022-03-21,13.199999809265137,13.380000114440918,12.930000305175781,13.359999656677246,13.359999656677246,158600
2022-03-22,13.40999984741211,15.045000076293945,13.1899995803833,14.670000076293945,14.670000076293945,104500
2022-03-23,14.489999771118164,14.6899995803833,13.90999984741211,13.930000305175781,13.930000305175781,71200
2022-03-24,14.050000190734863,14.524999618530273,13.260000228881836,13.600000381469727,13.600000381469727,57100
2022-03-25,13.5,14.175000190734863,12.979999542236328,13.239999771118164,13.239999771118164,87400
2022-03-28,13.15999984741211,13.350000381469727,12.585000038146973,13.289999961853027,13.289999961853027,98700
2022-03-29,13.369999885559082,14.220000267028809,13.1899995803833,14.100000381469727,14.100000381469727,61900
2022-03-30,14.1899995803833,14.730999946594238,13.619999885559082,13.6899995803833,13.6899995803833,69000
2022-03-31,13.65999984741211,14.0600004196167,13.510000228881836,13.609999656677246,13.609999656677246,131700
2022-04-01,13.579999923706055,14.350000381469727,13.470000267028809,14.239999771118164,14.239999771118164,84500
2022-04-04,14.4399995803833,15.170000076293945,14.4399995803833,14.989999771118164,14.989999771118164,206800
2022-04-05,15.0,15.359999656677246,14.9399995803833,15.079999923706055,15.079999923706055,61000
2022-04-06,15.020000457763672,16.06599998474121,15.0,15.5,15.5,259700
2022-04-07,15.470000267028809,15.630000114440918,14.984999656677246,15.430000305175781,15.430000305175781,175900
2022-04-08,15.4399995803833,15.529999732971191,15.0,15.079999923706055,15.079999923706055,73300
2022-04-11,15.0,15.387999534606934,15.0,15.039999961853027,15.039999961853027,202100
2022-04-12,15.319999694824219,15.319999694824219,14.020000457763672,14.34000015258789,14.34000015258789,120100
2022-04-13,14.390000343322754,14.84000015258789,14.050000190734863,14.829999923706055,14.829999923706055,78700
2022-04-14,14.970000267028809,15.109999656677246,14.239999771118164,14.739999771118164,14.739999771118164,107900
2022-04-18,14.850000381469727,15.010000228881836,14.119999885559082,14.529999732971191,14.529999732971191,92200
2022-04-19,14.449999809265137,14.904999732971191,14.09000015258789,14.399999618530273,14.399999618530273,66100
2022-04-20,14.479999542236328,14.670000076293945,13.829999923706055,14.279999732971191,14.279999732971191,87700
2022-04-21,14.489999771118164,14.84000015258789,13.369999885559082,13.90999984741211,13.90999984741211,111300
2022-04-22,13.819999694824219,14.04699993133545,13.289999961853027,13.600000381469727,13.600000381469727,97100
2022-04-25,13.430000305175781,14.199999809265137,13.430000305175781,13.609999656677246,13.609999656677246,92500
2022-04-26,13.420000076293945,13.524999618530273,12.739999771118164,12.90999984741211,12.90999984741211,113900
2022-04-27,12.9399995803833,13.239999771118164,12.729999542236328,12.779999732971191,12.779999732971191,97300
2022-04-28,12.869999885559082,13.380000114440918,12.390000343322754,13.300000190734863,13.300000190734863,85900
2022-04-29,13.25,13.920000076293945,12.680000305175781,12.9399995803833,12.9399995803833,136200
2022-05-02,13.130000114440918,13.979999542236328,13.0,13.960000038146973,13.960000038146973,180100
2022-05-03,13.949999809265137,14.84000015258789,13.680000305175781,14.630000114440918,14.630000114440918,310500
2022-05-04,14.140000343322754,14.140000343322754,13.109999656677246,13.649999618530273,13.649999618530273,581800
2022-05-05,13.640000343322754,13.989999771118164,12.710000038146973,13.069999694824219,13.069999694824219,289400
2022-05-06,12.569999694824219,13.260000228881836,11.430000305175781,11.510000228881836,11.510000228881836,353800
2022-05-09,11.180000305175781,11.369999885559082,8.880000114440918,8.930000305175781,8.930000305175781,537400
2022-05-10,9.0,9.345000267028809,7.510000228881836,8.210000038146973,8.210000038146973,876900
2022-05-11,8.300000190734863,8.760000228881836,7.690000057220459,8.369999885559082,8.369999885559082,945000
2022-05-12,8.369999885559082,8.550000190734863,6.739999771118164,6.920000076293945,6.920000076293945,835200
2022-05-13,6.940000057220459,8.505000114440918,6.940000057220459,7.989999771118164,7.989999771118164,570700
2022-05-16,8.020000457763672,8.579999923706055,7.941999912261963,8.1899995803833,8.1899995803833,471300
2022-05-17,8.6899995803833,10.25,8.6899995803833,9.949999809265137,9.949999809265137,832800
2022-05-18,9.670000076293945,9.875,8.609999656677246,8.949999809265137,8.949999809265137,348900
2022-05-19,9.0,9.085000038146973,8.449999809265137,8.510000228881836,8.510000228881836,345900
2022-05-20,8.600000381469727,9.21500015258789,8.460000038146973,8.670000076293945,8.670000076293945,246300
2022-05-23,8.880000114440918,8.90999984741211,8.149999618530273,8.40999984741211,8.40999984741211,259600
2022-05-24,8.210000038146973,8.229999542236328,7.670000076293945,7.809999942779541,7.809999942779541,201400
2022-05-25,7.739999771118164,7.820000171661377,7.010000228881836,7.400000095367432,7.400000095367432,536300
2022-05-26,7.389999866485596,7.610000133514404,7.170000076293945,7.409999847412109,7.409999847412109,217100
2022-05-27,7.480000019073486,7.619999885559082,7.300000190734863,7.440000057220459,7.440000057220459,157300
2022-05-31,7.5,7.5,7.090000152587891,7.170000076293945,7.170000076293945,311100
2022-06-01,7.21999979019165,7.335000038146973,7.010000228881836,7.190000057220459,7.190000057220459,262300
2022-06-02,7.139999866485596,7.309999942779541,6.920000076293945,7.179999828338623,7.179999828338623,133400
2022-06-03,7.199999809265137,7.519999980926514,7.079999923706055,7.159999847412109,7.159999847412109,138100
2022-06-06,7.300000190734863,7.300000190734863,6.699999809265137,6.829999923706055,6.829999923706055,324700
2022-06-07,6.78000020980835,7.349999904632568,6.78000020980835,7.25,7.25,232300
2022-06-08,7.21999979019165,7.840000152587891,7.21999979019165,7.449999809265137,7.449999809265137,162700
2022-06-09,7.349999904632568,7.519999980926514,7.110000133514404,7.170000076293945,7.170000076293945,226800
2022-06-10,7.03000020980835,7.099999904632568,6.75,6.78000020980835,6.78000020980835,173600
2022-06-13,6.53000020980835,6.804999828338623,6.28000020980835,6.429999828338623,6.429999828338623,359700
2022-06-14,6.480000019073486,6.795000076293945,6.099999904632568,6.199999809265137,6.199999809265137,143800
2022-06-15,6.25,6.619999885559082,6.230000019073486,6.550000190734863,6.550000190734863,333600
2022-06-16,6.320000171661377,6.53000020980835,6.09499979019165,6.21999979019165,6.21999979019165,229300
2022-06-17,6.21999979019165,6.710000038146973,6.21999979019165,6.269999980926514,6.269999980926514,548400
2022-06-21,6.539999961853027,7.710000038146973,6.420000076293945,7.570000171661377,7.570000171661377,841800
2022-06-22,7.329999923706055,8.380000114440918,7.320000171661377,7.730000019073486,7.730000019073486,288100
2022-06-23,7.690000057220459,8.1899995803833,7.53000020980835,8.149999618530273,8.149999618530273,142400
2022-06-24,8.3100004196167,8.682999610900879,8.130000114440918,8.59000015258789,8.59000015258789,538900
2022-06-27,8.640000343322754,9.149999618530273,8.390000343322754,9.039999961853027,9.039999961853027,180800
2022-06-28,9.050000190734863,9.15999984741211,8.15999984741211,8.199999809265137,8.199999809265137,189800
2022-06-29,8.3100004196167,8.635000228881836,7.920000076293945,8.359999656677246,8.359999656677246,116100
2022-06-30,8.149999618530273,8.59000015258789,7.980000019073486,8.4399995803833,8.4399995803833,183300
2022-07-01,8.40999984741211,9.279999732971191,8.067999839782715,9.069999694824219,9.069999694824219,144700
2022-07-05,8.949999809265137,9.9399995803833,8.899999618530273,9.609999656677246,9.609999656677246,164100
2022-07-06,9.640000343322754,10.319999694824219,9.640000343322754,9.789999961853027,9.789999961853027,112900
2022-07-07,9.920000076293945,11.010000228881836,9.920000076293945,10.399999618530273,10.399999618530273,191200
2022-07-08,10.239999771118164,10.526000022888184,9.859999656677246,10.260000228881836,10.260000228881836,133500
2022-07-11,10.140000343322754,10.260000228881836,9.420000076293945,9.720000267028809,9.720000267028809,109000
2022-07-12,9.670000076293945,9.8100004196167,8.890000343322754,9.300000190734863,9.300000190734863,142200
2022-07-13,9.130000114440918,9.899999618530273,8.175000190734863,9.680000305175781,9.680000305175781,77400
2022-07-14,9.40999984741211,9.531999588012695,9.305000305175781,9.4399995803833,9.4399995803833,42300
2022-07-15,9.649999618530273,9.789999961853027,9.109999656677246,9.630000114440918,9.630000114440918,86700
2022-07-18,9.859999656677246,10.239999771118164,9.130000114440918,9.180000305175781,9.180000305175781,59100
2022-07-19,9.390000343322754,10.65999984741211,9.199999809265137,10.100000381469727,10.100000381469727,158600
2022-07-20,10.039999961853027,10.539999961853027,9.729999542236328,10.180000305175781,10.180000305175781,118800
2022-07-21,10.180000305175781,10.375,10.045000076293945,10.170000076293945,10.170000076293945,64000
2022-07-22,10.210000038146973,10.210000038146973,9.600000381469727,9.760000228881836,9.760000228881836,65800
2022-07-25,9.869999885559082,9.979999542236328,9.380000114440918,9.84000015258789,9.84000015258789,82500
2022-07-26,9.75,9.8100004196167,9.199999809265137,9.65999984741211,9.65999984741211,113300
2022-07-27,9.850000381469727,10.109999656677246,9.630000114440918,9.979999542236328,9.979999542236328,71200
2022-07-28,10.0,10.130000114440918,9.25,9.75,9.75,95700
2022-07-29,9.6899995803833,9.6899995803833,9.079999923706055,9.210000038146973,9.210000038146973,109900
2022-08-01,9.15999984741211,9.479999542236328,8.90999984741211,9.069999694824219,9.069999694824219,115200
2022-08-02,8.350000381469727,8.390000343322754,6.25,6.460000038146973,6.460000038146973,973100
2022-08-03,6.539999961853027,7.019999980926514,6.25,7.0,7.0,322000
2022-08-04,7.119999885559082,7.199999809265137,6.920000076293945,7.039999961853027,7.039999961853027,229300
2022-08-05,6.840000152587891,7.284999847412109,6.840000152587891,7.25,7.25,281300
2022-08-08,7.25,7.409999847412109,7.059999942779541,7.289999961853027,7.289999961853027,237000
2022-08-09,7.28000020980835,9.199999809265137,7.179999828338623,8.859999656677246,8.859999656677246,3157600
2022-08-10,9.25,9.399999618530273,8.5,9.039999961853027,9.039999961853027,216200
2022-08-11,9.0,9.1899995803833,8.5,9.140000343322754,9.140000343322754,211600
2022-08-12,9.140000343322754,10.699999809265137,8.949999809265137,10.640000343322754,10.640000343322754,333700
2022-08-15,10.430000305175781,11.800000190734863,10.0,11.550000190734863,11.550000190734863,212700
2022-08-16,11.510000228881836,11.850000381469727,11.130000114440918,11.550000190734863,11.550000190734863,209900
2022-08-17,11.470000267028809,11.838000297546387,11.331999778747559,11.479999542236328,11.479999542236328,202200
2022-08-18,11.489999771118164,12.8100004196167,11.130000114440918,12.109999656677246,12.109999656677246,223900
2022-08-19,11.890000343322754,11.979999542236328,10.25,10.539999961853027,10.539999961853027,140400
2022-08-22,10.199999809265137,10.59000015258789,9.789999961853027,10.079999923706055,10.079999923706055,206700
2022-08-23,10.100000381469727,10.170000076293945,9.0,9.0,9.0,286800
2022-08-24,8.890000343322754,9.369999885559082,8.76099967956543,9.3100004196167,9.3100004196167,194300
2022-08-25,9.319999694824219,9.390000343322754,9.0,9.210000038146973,9.210000038146973,128500
2022-08-26,9.220000267028809,9.220000267028809,8.604999542236328,8.75,8.75,126700
2022-08-29,8.699999809265137,8.914999961853027,8.430000305175781,8.5,8.5,138200
2022-08-30,8.479999542236328,9.017999649047852,8.194999694824219,8.489999771118164,8.489999771118164,121400
2022-08-31,8.550000190734863,9.010000228881836,8.529999732971191,8.539999961853027,8.539999961853027,264400
2022-09-01,8.40999984741211,8.770000457763672,8.28499984741211,8.739999771118164,8.739999771118164,132200
2022-09-02,8.869999885559082,9.079999923706055,8.460000038146973,8.600000381469727,8.600000381469727,123500
2022-09-06,8.609999656677246,9.039999961853027,8.0600004196167,8.359999656677246,8.359999656677246,175100
2022-09-07,8.220000267028809,8.319999694824219,7.925000190734863,8.170000076293945,8.170000076293945,196400
2022-09-08,8.119999885559082,8.930000305175781,7.889999866485596,8.789999961853027,8.789999961853027,165800
2022-09-09,8.890000343322754,9.319999694824219,8.510000228881836,9.279999732971191,9.279999732971191,130600
2022-09-12,9.319999694824219,10.5600004196167,9.020000457763672,10.260000228881836,10.260000228881836,159700
2022-09-13,10.010000228881836,10.5,9.859999656677246,9.970000267028809,9.970000267028809,197900
2022-09-14,9.920000076293945,10.065999984741211,8.75,9.270000457763672,9.270000457763672,342500
2022-09-15,9.15999984741211,10.1899995803833,8.850000381469727,9.970000267028809,9.970000267028809,549100
2022-09-16,10.0,10.609999656677246,9.595999717712402,10.380000114440918,10.380000114440918,1231400
2022-09-19,10.100000381469727,10.279999732971191,9.579999923706055,10.050000190734863,10.050000190734863,411200
2022-09-20,9.984999656677246,10.800000190734863,9.817999839782715,10.479999542236328,10.479999542236328,354700
2022-09-21,10.5600004196167,11.449999809265137,10.359999656677246,10.609999656677246,10.609999656677246,174000
2022-09-22,10.600000381469727,10.720000267028809,9.8100004196167,10.020000457763672,10.020000457763672,2605200
2022-09-23,9.880000114440918,9.880000114440918,9.255000114440918,9.59000015258789,9.59000015258789,214400
2022-09-26,9.5,10.050000190734863,9.5,9.800000190734863,9.800000190734863,108900
2022-09-27,9.949999809265137,10.369999885559082,9.619999885559082,9.850000381469727,9.850000381469727,90100
2022-09-28,9.9399995803833,10.359999656677246,9.859999656677246,10.289999961853027,10.289999961853027,129900
2022-09-29,10.3100004196167,10.720000267028809,10.105999946594238,10.579999923706055,10.579999923706055,108200
2022-09-30,10.579999923706055,12.319999694824219,10.180000305175781,11.079999923706055,11.079999923706055,190300
2022-10-03,11.1899995803833,11.1899995803833,9.770000457763672,9.859999656677246,9.859999656677246,103800
2022-10-04,9.869999885559082,11.260000228881836,9.869999885559082,10.970000267028809,10.970000267028809,138100
2022-10-05,10.470000267028809,10.989999771118164,10.359999656677246,10.770000457763672,10.770000457763672,97700
2022-10-06,10.619999885559082,10.88700008392334,10.34000015258789,10.680000305175781,10.680000305175781,80500
2022-10-07,10.350000381469727,10.880000114440918,9.930000305175781,10.149999618530273,10.149999618530273,135100
2022-10-10,10.180000305175781,10.470000267028809,9.779999732971191,10.180000305175781,10.180000305175781,88300
2022-10-11,10.050000190734863,11.0,9.71500015258789,10.630000114440918,10.630000114440918,108300
2022-10-12,10.489999771118164,10.6899995803833,9.720000267028809,10.149999618530273,10.149999618530273,100400
2022-10-13,9.84000015258789,10.170000076293945,9.710000038146973,9.970000267028809,9.970000267028809,156400
2022-10-14,10.0,10.600000381469727,9.630000114440918,9.739999771118164,9.739999771118164,115900
2022-10-17,9.9399995803833,10.800000190734863,9.850000381469727,10.510000228881836,10.510000228881836,189700
2022-10-18,10.550000190734863,11.100000381469727,9.890000343322754,10.079999923706055,10.079999923706055,134600
2022-10-19,10.09000015258789,10.704999923706055,9.75,10.039999961853027,10.039999961853027,183700
2022-10-20,10.079999923706055,10.15999984741211,9.760000228881836,9.920000076293945,9.920000076293945,165400
2022-10-21,10.210000038146973,10.260000228881836,9.850000381469727,9.979999542236328,9.979999542236328,178100
2022-10-24,10.050000190734863,10.21500015258789,9.630000114440918,9.680000305175781,9.680000305175781,128100
2022-10-25,9.579999923706055,10.524999618530273,9.579999923706055,10.489999771118164,10.489999771118164,169100
2022-10-26,10.640000343322754,11.729999542236328,10.449999809265137,10.710000038146973,10.710000038146973,178300
2022-10-27,10.829999923706055,10.925999641418457,10.149999618530273,10.300000190734863,10.300000190734863,79800
2022-10-28,10.380000114440918,10.524999618530273,10.140000343322754,10.4399995803833,10.4399995803833,142800
2022-10-31,10.460000038146973,10.74899959564209,10.414999961853027,10.600000381469727,10.600000381469727,182300
2022-11-01,10.800000190734863,11.265000343322754,10.779999732971191,11.010000228881836,11.010000228881836,88000
2022-11-02,10.90999984741211,11.069999694824219,10.279999732971191,10.300000190734863,10.300000190734863,115300
2022-11-03,10.270000457763672,10.6899995803833,10.0,10.079999923706055,10.079999923706055,87100
2022-11-04,10.279999732971191,10.380000114440918,9.630000114440918,9.9399995803833,9.9399995803833,141700
2022-11-07,9.829999923706055,10.1899995803833,9.829999923706055,10.180000305175781,10.180000305175781,173700
2022-11-08,10.239999771118164,10.34000015258789,9.869999885559082,9.930000305175781,9.930000305175781,141400
2022-11-09,9.520000457763672,10.354000091552734,9.029999732971191,9.180000305175781,9.180000305175781,176400
2022-11-10,9.630000114440918,10.569999694824219,9.223999977111816,10.289999961853027,10.289999961853027,200700
2022-11-11,10.359999656677246,11.149999618530273,10.229999542236328,10.59000015258789,10.59000015258789,165200
2022-11-14,10.600000381469727,10.90999984741211,10.0600004196167,10.460000038146973,10.460000038146973,148900
2022-11-15,10.710000038146973,10.710000038146973,10.109999656677246,10.329999923706055,10.329999923706055,135900
2022-11-16,10.300000190734863,10.4399995803833,9.888999938964844,10.050000190734863,10.050000190734863,92200
2022-11-17,9.800000190734863,10.319999694824219,9.569999694824219,9.960000038146973,9.960000038146973,137300
2022-11-18,10.270000457763672,10.324999809265137,9.949999809265137,10.09000015258789,10.09000015258789,63300
2022-11-21,9.59000015258789,10.022000312805176,9.289999961853027,9.739999771118164,9.739999771118164,173100
2022-11-22,9.800000190734863,10.704999923706055,9.40999984741211,9.75,9.75,79100
2022-11-23,9.800000190734863,10.210000038146973,9.645000457763672,9.75,9.75,50900
2022-11-25,9.739999771118164,9.899999618530273,9.510000228881836,9.529999732971191,9.529999732971191,57400
2022-11-28,9.510000228881836,9.65999984741211,9.039999961853027,9.199999809265137,9.199999809265137,107300
2022-11-29,9.1899995803833,9.40999984741211,9.119999885559082,9.329999923706055,9.329999923706055,83600
2022-11-30,9.380000114440918,10.020000457763672,9.220000267028809,9.979999542236328,9.979999542236328,307900
2022-12-01,10.010000228881836,10.010000228881836,9.505000114440918,9.84000015258789,9.84000015258789,127200
2022-12-02,9.65999984741211,10.380000114440918,9.640000343322754,10.329999923706055,10.329999923706055,126100
2022-12-05,10.34000015258789,11.270000457763672,10.039999961853027,11.069999694824219,11.069999694824219,186900
2022-12-06,11.069999694824219,11.22599983215332,10.800000190734863,10.949999809265137,10.949999809265137,118000
2022-12-07,10.949999809265137,11.095000267028809,10.539999961853027,10.680000305175781,10.680000305175781,108800
2022-12-08,10.739999771118164,11.194999694824219,10.3100004196167,10.720000267028809,10.720000267028809,102400
2022-12-09,10.670000076293945,10.670000076293945,9.914999961853027,9.949999809265137,9.949999809265137,93900
2022-12-12,10.0,10.255000114440918,9.805000305175781,10.0600004196167,10.0600004196167,74800
2022-12-13,10.5,11.529999732971191,10.430000305175781,10.680000305175781,10.680000305175781,236700
2022-12-14,10.729999542236328,11.609999656677246,10.449999809265137,11.029999732971191,11.029999732971191,198700
2022-12-15,10.819999694824219,10.930000305175781,10.100000381469727,10.15999984741211,10.15999984741211,87300
2022-12-16,9.949999809265137,10.960000038146973,9.529999732971191,10.789999961853027,10.789999961853027,380500
2022-12-19,10.84000015258789,10.84000015258789,10.0,10.229999542236328,10.229999542236328,153800
2022-12-20,10.210000038146973,10.9399995803833,10.210000038146973,10.460000038146973,10.460000038146973,167900
2022-12-21,10.520000457763672,11.539999961853027,10.520000457763672,11.329999923706055,11.329999923706055,141000
2022-12-22,11.239999771118164,11.59000015258789,11.010000228881836,11.529999732971191,11.529999732971191,116700
2022-12-23,11.399999618530273,11.550000190734863,10.8100004196167,11.289999961853027,11.289999961853027,83400
2022-12-27,11.319999694824219,11.324999809265137,10.010000228881836,10.199999809265137,10.199999809265137,124400
2022-12-28,10.180000305175781,10.494999885559082,9.989999771118164,10.15999984741211,10.15999984741211,131300
2022-12-29,10.239999771118164,11.619999885559082,10.199999809265137,11.270000457763672,11.270000457763672,165300
2022-12-30,11.1899995803833,11.375,10.994999885559082,11.220000267028809,11.220000267028809,117700
2023-01-03,11.5,12.569999694824219,11.319999694824219,11.989999771118164,11.989999771118164,374600
2023-01-04,8.920000076293945,9.036999702453613,7.150000095367432,8.260000228881836,8.260000228881836,1513100
2023-01-05,8.180000305175781,8.359999656677246,7.380000114440918,7.710000038146973,7.710000038146973,631200
2023-01-06,7.710000038146973,8.069999694824219,7.429999828338623,7.519999980926514,7.519999980926514,648100
2023-01-09,7.579999923706055,8.579999923706055,7.429999828338623,7.769999980926514,7.769999980926514,1264800
2023-01-10,7.760000228881836,8.0,6.96999979019165,7.539999961853027,7.539999961853027,519800
2023-01-11,7.579999923706055,7.77400016784668,7.264999866485596,7.309999942779541,7.309999942779541,279000
2023-01-12,7.28000020980835,7.380000114440918,6.800000190734863,7.380000114440918,7.380000114440918,456200
2023-01-13,7.449999809265137,8.289999961853027,7.429999828338623,8.270000457763672,8.270000457763672,357000
2023-01-17,8.229999542236328,9.0,7.90500020980835,8.789999961853027,8.789999961853027,406300
2023-01-18,8.800000190734863,9.413000106811523,8.359999656677246,8.489999771118164,8.489999771118164,341000
2023-01-19,8.489999771118164,8.520000457763672,8.199999809265137,8.350000381469727,8.350000381469727,177100
2023-01-20,8.539999961853027,8.6899995803833,8.170000076293945,8.609999656677246,8.609999656677246,209600
2023-01-23,8.550000190734863,8.9399995803833,8.100000381469727,8.739999771118164,8.739999771118164,278800
2023-01-24,8.699999809265137,9.770000457763672,8.562999725341797,9.600000381469727,9.600000381469727,285600
2023-01-25,9.449999809265137,10.829999923706055,9.289999961853027,10.630000114440918,10.630000114440918,376800
2023-01-26,10.760000228881836,12.104999542236328,10.600000381469727,11.579999923706055,11.579999923706055,470000
2023-01-27,11.579999923706055,13.4399995803833,11.364999771118164,12.359999656677246,12.359999656677246,521200
2023-01-30,12.199999809265137,12.539999961853027,11.869999885559082,11.989999771118164,11.989999771118164,404800
2023-01-31,12.0,12.229999542236328,11.890000343322754,11.930000305175781,11.930000305175781,305500
2023-02-01,11.970000267028809,11.970000267028809,11.550000190734863,11.720000267028809,11.720000267028809,202600
2023-02-02,11.899999618530273,12.09000015258789,11.779999732971191,12.0,12.0,252400
2023-02-03,11.729999542236328,12.020000457763672,11.609999656677246,11.970000267028809,11.970000267028809,225100
2023-02-06,12.0,12.020000457763672,11.649999618530273,11.989999771118164,11.989999771118164,213500
2023-02-07,12.010000228881836,12.300000190734863,11.710000038146973,11.989999771118164,11.989999771118164,216600
2023-02-08,12.069999694824219,12.100000381469727,11.324000358581543,11.630000114440918,11.630000114440918,124200
2023-02-09,11.710000038146973,11.84000015258789,11.494999885559082,11.5600004196167,11.5600004196167,252000
2023-02-10,8.800000190734863,8.800000190734863,7.960000038146973,8.130000114440918,8.130000114440918,1904300
2023-02-13,8.210000038146973,8.395000457763672,7.429999828338623,7.949999809265137,7.949999809265137,1144800
2023-02-14,7.849999904632568,8.520000457763672,7.71999979019165,8.4399995803833,8.4399995803833,659100
2023-02-15,8.5600004196167,9.960000038146973,8.5,9.3100004196167,9.3100004196167,659800
2023-02-16,9.109999656677246,9.574999809265137,8.75,9.220000267028809,9.220000267028809,178900
2023-02-17,9.270000457763672,10.119999885559082,9.170000076293945,9.710000038146973,9.710000038146973,238700
2023-02-21,9.640000343322754,9.739999771118164,9.170000076293945,9.460000038146973,9.460000038146973,178500
2023-02-22,9.510000228881836,9.800000190734863,9.40999984741211,9.779999732971191,9.779999732971191,130100
2023-02-23,9.819999694824219,10.119999885559082,9.649999618530273,9.949999809265137,9.949999809265137,174100
2023-02-24,9.890000343322754,9.890000343322754,9.359999656677246,9.539999961853027,9.539999961853027,146100
2023-02-27,9.789999961853027,10.130000114440918,9.449999809265137,9.699999809265137,9.699999809265137,1857200
2023-02-28,9.630000114440918,9.65999984741211,8.520000457763672,8.5600004196167,8.5600004196167,346600
2023-03-01,8.430000305175781,9.100000381469727,8.430000305175781,9.010000228881836,9.010000228881836,166300
2023-03-02,8.529999732971191,8.975000381469727,8.170000076293945,8.170000076293945,8.170000076293945,273600
2023-03-03,8.180000305175781,8.807000160217285,8.104999542236328,8.729999542236328,8.729999542236328,167000
2023-03-06,8.890000343322754,8.890000343322754,8.399999618530273,8.670000076293945,8.670000076293945,110100
2023-03-07,8.680000305175781,8.770000457763672,8.0,8.1899995803833,8.1899995803833,190700
2023-03-08,8.210000038146973,8.25,7.860000133514404,8.039999961853027,8.039999961853027,186800
2023-03-09,8.069999694824219,8.09000015258789,7.690000057220459,7.869999885559082,7.869999885559082,236500
2023-03-10,7.889999866485596,7.920000076293945,7.010000228881836,7.269999980926514,7.269999980926514,660100
2023-03-13,7.599999904632568,7.849999904632568,7.119999885559082,7.150000095367432,7.150000095367432,374400
2023-03-14,7.260000228881836,7.630000114440918,7.039999961853027,7.119999885559082,7.119999885559082,333400
2023-03-15,6.989999771118164,7.28000020980835,6.429999828338623,7.0,7.0,1142600
2023-03-16,6.900000095367432,6.9730000495910645,6.5,6.820000171661377,6.820000171661377,312300
2023-03-17,6.679999828338623,6.864999771118164,6.440000057220459,6.599999904632568,6.599999904632568,296300
2023-03-20,6.559999942779541,6.699999809265137,6.420000076293945,6.429999828338623,6.429999828338623,207200
2023-03-21,6.5,6.630000114440918,6.360000133514404,6.460000038146973,6.460000038146973,219300
2023-03-22,6.440000057220459,6.699999809265137,6.289999961853027,6.400000095367432,6.400000095367432,278000
2023-03-23,6.449999809265137,6.5,6.199999809265137,6.28000020980835,6.28000020980835,197000
2023-03-24,6.210000038146973,6.21999979019165,5.840000152587891,6.190000057220459,6.190000057220459,379900
2023-03-27,6.25,6.710000038146973,6.130000114440918,6.679999828338623,6.679999828338623,194400
2023-03-28,6.670000076293945,7.079999923706055,6.670000076293945,6.849999904632568,6.849999904632568,291400
2023-03-29,6.940000057220459,7.480000019073486,6.769999980926514,7.309999942779541,7.309999942779541,504900
2023-03-30,7.360000133514404,7.360000133514404,6.409999847412109,6.800000190734863,6.800000190734863,396900
2023-03-31,6.849999904632568,7.159999847412109,6.78000020980835,7.139999866485596,7.139999866485596,350000
2023-04-03,7.03000020980835,7.699999809265137,7.0,7.420000076293945,7.420000076293945,398900
2023-04-04,8.449999809265137,8.539999961853027,7.670000076293945,8.045000076293945,8.045000076293945,1779400
2023-04-05,8.0,8.199999809265137,7.25,7.28000020980835,7.28000020980835,596900
2023-04-06,7.269999980926514,7.909999847412109,7.039999961853027,7.699999809265137,7.699999809265137,673900
2023-04-10,7.739999771118164,8.130000114440918,7.400000095367432,8.0600004196167,8.0600004196167,590300
2023-04-11,8.199999809265137,8.5,8.149999618530273,8.229999542236328,8.229999542236328,352100
2023-04-12,8.489999771118164,8.949999809265137,8.359999656677246,8.75,8.75,474600
2023-04-13,8.850000381469727,10.670000076293945,8.770000457763672,10.600000381469727,10.600000381469727,906400
2023-04-14,10.479999542236328,10.569999694824219,9.640999794006348,9.979999542236328,9.979999542236328,477900
2023-04-17,10.0,10.550000190734863,9.880000114440918,10.420000076293945,10.420000076293945,449800
2023-04-18,10.479999542236328,10.479999542236328,9.920000076293945,9.9399995803833,9.9399995803833,225900
2023-04-19,9.779999732971191,10.979999542236328,9.5600004196167,10.720000267028809,10.720000267028809,333100
2023-04-20,10.5600004196167,10.65999984741211,10.194999694824219,10.34000015258789,10.34000015258789,269700
2023-04-21,10.350000381469727,10.680000305175781,10.199999809265137,10.579999923706055,10.579999923706055,223100
2023-04-24,10.59000015258789,10.744999885559082,10.149999618530273,10.40999984741211,10.40999984741211,194700
2023-04-25,10.399999618530273,10.65999984741211,10.15999984741211,10.199999809265137,10.199999809265137,164000
2023-04-26,10.210000038146973,10.390000343322754,9.90999984741211,10.210000038146973,10.210000038146973,228600
2023-04-27,10.289999961853027,10.526000022888184,10.1899995803833,10.220000267028809,10.220000267028809,116200
2023-04-28,10.229999542236328,10.739999771118164,10.050000190734863,10.699999809265137,10.699999809265137,146900
2023-05-01,10.729999542236328,11.470000267028809,10.550000190734863,11.100000381469727,11.100000381469727,328200
2023-05-02,11.119999885559082,11.390000343322754,10.609999656677246,11.010000228881836,11.010000228881836,210100
2023-05-03,11.0600004196167,11.880000114440918,11.005000114440918,11.619999885559082,11.619999885559082,304700
2023-05-04,11.640000343322754,12.0,11.270000457763672,11.699999809265137,11.699999809265137,372500
2023-05-05,11.84000015258789,12.5600004196167,11.699999809265137,12.350000381469727,12.350000381469727,618200
2023-05-08,12.420000076293945,13.279999732971191,12.079999923706055,12.34000015258789,12.34000015258789,526800
2023-05-09,12.430000305175781,12.5,11.770000457763672,11.989999771118164,11.989999771118164,250300
2023-05-10,12.210000038146973,12.75,11.239999771118164,12.430000305175781,12.430000305175781,372200
2023-05-11,13.460000038146973,14.446999549865723,12.949999809265137,13.1899995803833,13.1899995803833,566500
2023-05-12,13.25,14.239999771118164,13.149999618530273,13.460000038146973,13.460000038146973,355400
2023-05-15,13.569999694824219,13.6899995803833,12.479999542236328,12.59000015258789,12.59000015258789,326300
2023-05-16,12.289999961853027,12.694999694824219,12.050000190734863,12.510000228881836,12.510000228881836,162300
2023-05-17,12.550000190734863,13.420000076293945,12.270000457763672,13.270000457763672,13.270000457763672,181200
2023-05-18,13.239999771118164,13.425000190734863,12.539999961853027,12.9399995803833,12.9399995803833,123000
2023-05-19,13.100000381469727,13.350000381469727,12.920000076293945,13.239999771118164,13.239999771118164,114800
2023-05-22,12.880000114440918,13.619999885559082,12.869999885559082,13.479999542236328,13.479999542236328,187700
2023-05-23,13.4399995803833,13.829999923706055,12.960000038146973,13.069999694824219,13.069999694824219,236800
2023-05-24,11.850000381469727,12.130000114440918,11.40999984741211,11.710000038146973,11.710000038146973,2999200
2023-05-25,11.8100004196167,11.850000381469727,11.399999618530273,11.720000267028809,11.720000267028809,433800
2023-05-26,11.75,11.979999542236328,11.569999694824219,11.760000228881836,11.760000228881836,706600
2023-05-30,11.789999961853027,12.109999656677246,11.369999885559082,11.399999618530273,11.399999618530273,331700
2023-05-31,11.5,12.050000190734863,11.34000015258789,11.760000228881836,11.760000228881836,538700
2023-06-01,11.760000228881836,11.920000076293945,11.369999885559082,11.630000114440918,11.630000114440918,266000
2023-06-02,11.40999984741211,11.829999923706055,11.40999984741211,11.65999984741211,11.65999984741211,193200
2023-06-05,11.569999694824219,11.819999694824219,11.479999542236328,11.699999809265137,11.699999809265137,202300
2023-06-06,11.710000038146973,11.8100004196167,11.524999618530273,11.640000343322754,11.640000343322754,207000
2023-06-07,11.680000305175781,11.899999618530273,11.520000457763672,11.75,11.75,286100
2023-06-08,11.75,12.319999694824219,11.680000305175781,12.300000190734863,12.300000190734863,189800
2023-06-09,12.369999885559082,13.489999771118164,12.210000038146973,12.989999771118164,12.989999771118164,370500
2023-06-12,13.319999694824219,13.380000114440918,12.819999694824219,12.899999618530273,12.899999618530273,314000
2023-06-13,13.0,13.569999694824219,12.920000076293945,13.140000343322754,13.140000343322754,379700
2023-06-14,13.210000038146973,13.289999961853027,12.609999656677246,12.770000457763672,12.770000457763672,253900
2023-06-15,12.710000038146973,12.8100004196167,12.34000015258789,12.619999885559082,12.619999885559082,179000
2023-06-16,12.800000190734863,12.800000190734863,11.899999618530273,12.100000381469727,12.100000381469727,533600
2023-06-20,12.010000228881836,12.5600004196167,11.619999885559082,12.460000038146973,12.460000038146973,387900
2023-06-21,12.449999809265137,12.970000267028809,11.970000267028809,12.800000190734863,12.800000190734863,360300
2023-06-22,12.779999732971191,13.319999694824219,12.680000305175781,13.0,13.0,230500
2023-06-23,12.920000076293945,13.369999885559082,12.395000457763672,13.149999618530273,13.149999618530273,917800
2023-06-26,13.09000015258789,13.09000015258789,11.819999694824219,12.119999885559082,12.119999885559082,242900
2023-06-27,12.109999656677246,12.699999809265137,11.789999961853027,12.399999618530273,12.399999618530273,331500
2023-06-28,12.420000076293945,13.460000038146973,12.3100004196167,13.449999809265137,13.449999809265137,349100
2023-06-29,13.529999732971191,13.75,13.420000076293945,13.489999771118164,13.489999771118164,255100
2023-06-30,13.600000381469727,14.989999771118164,13.550000190734863,14.319999694824219,14.319999694824219,482900
2023-07-03,14.319999694824219,14.645000457763672,13.050000190734863,13.3100004196167,13.3100004196167,182500
2023-07-05,13.210000038146973,13.970000267028809,13.210000038146973,13.680000305175781,13.680000305175781,146300
2023-07-06,13.539999961853027,13.859999656677246,13.319999694824219,13.789999961853027,13.789999961853027,181100
2023-07-07,13.760000228881836,13.880000114440918,13.4399995803833,13.720000267028809,13.720000267028809,134000
2023-07-10,13.770000457763672,14.260000228881836,13.75,13.975000381469727,13.975000381469727,256500
2023-07-11,13.9399995803833,14.890000343322754,13.850000381469727,14.649999618530273,14.649999618530273,510500
2023-07-12,14.789999961853027,15.602999687194824,14.789999961853027,14.960000038146973,14.960000038146973,397900
2023-07-13,15.0,15.0,14.050000190734863,14.319999694824219,14.319999694824219,238900
2023-07-14,14.34000015258789,14.649999618530273,13.970000267028809,14.0600004196167,14.0600004196167,142500
2023-07-17,14.25,14.640000343322754,14.149999618530273,14.25,14.25,296300
2023-07-18,14.199999809265137,14.729999542236328,14.0,14.420000076293945,14.420000076293945,177100
2023-07-19,14.430000305175781,14.619999885559082,14.020000457763672,14.029999732971191,14.029999732971191,129000
2023-07-20,14.010000228881836,14.199999809265137,13.789999961853027,14.0600004196167,14.0600004196167,136600
2023-07-21,14.149999618530273,14.149999618530273,13.760000228881836,13.880000114440918,13.880000114440918,158800
2023-07-24,13.899999618530273,13.970000267028809,12.90999984741211,13.529999732971191,13.529999732971191,222400
2023-07-25,13.4399995803833,13.880000114440918,13.399999618530273,13.789999961853027,13.789999961853027,138100
2023-07-26,13.739999771118164,14.130000114440918,13.729999542236328,14.0600004196167,14.0600004196167,103600
2023-07-27,14.130000114440918,14.289999961853027,13.869999885559082,14.069999694824219,14.069999694824219,330800
2023-07-28,14.220000267028809,14.899999618530273,14.140000343322754,14.8100004196167,14.8100004196167,192700
2023-07-31,14.84000015258789,15.600000381469727,14.824999809265137,15.210000038146973,15.210000038146973,224900
2023-08-01,14.84000015258789,15.350000381469727,14.84000015258789,15.100000381469727,15.100000381469727,205200
2023-08-02,15.0,15.515000343322754,13.880000114440918,14.25,14.25,908300
2023-08-03,14.239999771118164,14.670000076293945,14.119999885559082,14.539999961853027,14.539999961853027,249600
2023-08-04,14.65999984741211,14.789999961853027,14.420000076293945,14.649999618530273,14.649999618530273,131400
2023-08-07,14.649999618530273,14.699999809265137,14.119999885559082,14.460000038146973,14.460000038146973,314000
2023-08-08,14.399999618530273,14.819999694824219,14.352999687194824,14.720000267028809,14.720000267028809,215900
2023-08-09,15.5,16.139999389648438,15.100000381469727,15.130000114440918,15.130000114440918,393500
2023-08-10,15.199999809265137,15.920000076293945,14.795000076293945,15.694999694824219,15.694999694824219,1009100
2023-08-11,15.850000381469727,17.018999099731445,15.449999809265137,15.59000015258789,15.59000015258789,386700
2023-08-14,15.5600004196167,15.5600004196167,14.970000267028809,15.40999984741211,15.40999984741211,193800
2023-08-15,15.399999618530273,15.65999984741211,15.092000007629395,15.4350004196167,15.4350004196167,133800
2023-08-16,15.329999923706055,15.5600004196167,14.970000267028809,15.0,15.0,404100
2023-08-17,15.029999732971191,15.109999656677246,14.210000038146973,14.539999961853027,14.539999961853027,396800
2023-08-18,14.329999923706055,15.100000381469727,14.265000343322754,14.789999961853027,14.789999961853027,134200
2023-08-21,14.789999961853027,15.52400016784668,14.75,15.039999961853027,15.039999961853027,546600
2023-08-22,15.079999923706055,15.199999809265137,14.270000457763672,14.819999694824219,14.819999694824219,204100
2023-08-23,14.890000343322754,15.460000038146973,14.819999694824219,15.149999618530273,15.149999618530273,330500
2023-08-24,15.180000305175781,15.359999656677246,14.59000015258789,14.729999542236328,14.729999542236328,163900
2023-08-25,14.760000228881836,15.055000305175781,14.359999656677246,14.430000305175781,14.430000305175781,157800
2023-08-28,14.529999732971191,14.699999809265137,14.350000381469727,14.609999656677246,14.609999656677246,248500
2023-08-29,14.5600004196167,14.84000015258789,14.345000267028809,14.359999656677246,14.359999656677246,145000
2023-08-30,14.300000190734863,14.630000114440918,14.15999984741211,14.350000381469727,14.350000381469727,141100
2023-08-31,14.319999694824219,14.8100004196167,14.319999694824219,14.390000343322754,14.390000343322754,265400
2023-09-01,14.479999542236328,14.697999954223633,14.020000457763672,14.520000457763672,14.520000457763672,325700
2023-09-05,14.520000457763672,14.765000343322754,13.380999565124512,13.609999656677246,13.609999656677246,373000
2023-09-06,13.550000190734863,13.710000038146973,13.319999694824219,13.489999771118164,13.489999771118164,316800
2023-09-07,13.390000343322754,13.859999656677246,12.930000305175781,13.010000228881836,13.010000228881836,326900
2023-09-08,13.010000228881836,13.114999771118164,12.649999618530273,12.739999771118164,12.739999771118164,258300
2023-09-11,12.920000076293945,13.75,12.920000076293945,13.3100004196167,13.3100004196167,339800
2023-09-12,13.239999771118164,13.829999923706055,13.050000190734863,13.140000343322754,13.140000343322754,228300
2023-09-13,13.180000305175781,13.75,12.760000228881836,12.970000267028809,12.970000267028809,375200
2023-09-14,13.039999961853027,13.630000114440918,12.90999984741211,13.470000267028809,13.470000267028809,421700
2023-09-15,13.489999771118164,13.9350004196167,12.859999656677246,13.100000381469727,13.100000381469727,2140900
2023-09-18,13.050000190734863,13.699999809265137,11.989999771118164,12.109999656677246,12.109999656677246,452200
2023-09-19,12.100000381469727,12.109999656677246,11.039999961853027,11.079999923706055,11.079999923706055,1436200
2023-09-20,11.25,11.600000381469727,10.760000228881836,10.859999656677246,10.859999656677246,642300
2023-09-21,10.680000305175781,10.994000434875488,10.420000076293945,10.619999885559082,10.619999885559082,561800
2023-09-22,10.640000343322754,10.800000190734863,10.354999542236328,10.630000114440918,10.630000114440918,251100
2023-09-25,10.569999694824219,10.748000144958496,10.270000457763672,10.479999542236328,10.479999542236328,596600
2023-09-26,10.289999961853027,10.899999618530273,10.079999923706055,10.260000228881836,10.260000228881836,264400
2023-09-27,10.279999732971191,10.520000457763672,10.119999885559082,10.3100004196167,10.3100004196167,194600
2023-09-28,10.25,10.539999961853027,10.010000228881836,10.289999961853027,10.289999961853027,318700
2023-09-29,10.390000343322754,10.670000076293945,10.270000457763672,10.369999885559082,10.369999885559082,246300
2023-10-02,10.359999656677246,10.359999656677246,9.829999923706055,10.149999618530273,10.149999618530273,469800
2023-10-03,10.109999656677246,10.140000343322754,9.789999961853027,10.09000015258789,10.09000015258789,370400
2023-10-04,10.079999923706055,10.210000038146973,9.779999732971191,10.039999961853027,10.039999961853027,242600
2023-10-05,10.069999694824219,10.579999923706055,10.0600004196167,10.5,10.5,216900
2023-10-06,10.40999984741211,10.6899995803833,10.1899995803833,10.470000267028809,10.470000267028809,355600
2023-10-09,10.300000190734863,10.619999885559082,10.109999656677246,10.569999694824219,10.569999694824219,253400
2023-10-10,10.65999984741211,10.850000381469727,10.619999885559082,10.710000038146973,10.710000038146973,189400
2023-10-11,10.699999809265137,10.789999961853027,10.149999618530273,10.199999809265137,10.199999809265137,262400
2023-10-12,10.289999961853027,10.335000038146973,9.489999771118164,9.65999984741211,9.65999984741211,308300
2023-10-13,9.649999618530273,10.180000305175781,9.579999923706055,10.09000015258789,10.09000015258789,274100
2023-10-16,10.1899995803833,10.390000343322754,9.850000381469727,9.890000343322754,9.890000343322754,214200
2023-10-17,9.949999809265137,10.09000015258789,9.119999885559082,9.170000076293945,9.170000076293945,419700
2023-10-18,9.09000015258789,9.180000305175781,8.65999984741211,8.8100004196167,8.8100004196167,382100
2023-10-19,8.8100004196167,9.210000038146973,8.670000076293945,9.130000114440918,9.130000114440918,338300
2023-10-20,9.149999618530273,9.579999923706055,8.989999771118164,9.260000228881836,9.260000228881836,239000
2023-10-23,9.369999885559082,9.600000381469727,9.020000457763672,9.369999885559082,9.369999885559082,282200
2023-10-24,9.479999542236328,9.585000038146973,9.100000381469727,9.130000114440918,9.130000114440918,390700
2023-10-25,9.199999809265137,9.319999694824219,8.920000076293945,9.0,9.0,248800
2023-10-26,9.029999732971191,9.029999732971191,8.470000267028809,8.520000457763672,8.520000457763672,320900
2023-10-27,8.529999732971191,8.739999771118164,8.220000267028809,8.65999984741211,8.65999984741211,369200
2023-10-30,8.75,9.270000457763672,8.75,8.979999542236328,8.979999542236328,459000
2023-10-31,9.020000457763672,9.380000114440918,8.484999656677246,9.300000190734863,9.300000190734863,518000
2023-11-01,9.300000190734863,9.6899995803833,9.09000015258789,9.609999656677246,9.609999656677246,349700
2023-11-02,9.930000305175781,10.25,7.760000228881836,7.980000019073486,7.980000019073486,2504000
2023-11-03,8.079999923706055,9.130000114440918,8.079999923706055,8.729999542236328,8.729999542236328,984100
2023-11-06,8.350000381469727,8.789999961853027,7.769999980926514,7.949999809265137,7.949999809265137,789400
2023-11-07,7.96999979019165,8.34000015258789,7.690000057220459,8.119999885559082,8.119999885559082,565100
2023-11-08,8.119999885559082,8.149999618530273,7.670000076293945,7.820000171661377,7.820000171661377,329500
2023-11-09,8.380000114440918,9.039999961853027,7.820000171661377,7.860000133514404,7.860000133514404,674900
2023-11-10,7.880000114440918,7.880000114440918,6.829999923706055,7.510000228881836,7.510000228881836,676000
2023-11-13,7.449999809265137,7.745999813079834,7.105000019073486,7.150000095367432,7.150000095367432,619600
2023-11-14,7.409999847412109,7.650000095367432,7.019999980926514,7.099999904632568,7.099999904632568,783000
2023-11-15,7.139999866485596,7.639999866485596,7.090000152587891,7.340000152587891,7.340000152587891,715600
2023-11-16,7.340000152587891,7.539999961853027,7.169000148773193,7.329999923706055,7.329999923706055,624400
2023-11-17,7.28000020980835,7.599999904632568,7.260000228881836,7.5,7.5,460500
2023-11-20,7.239999771118164,7.630000114440918,7.239999771118164,7.409999847412109,7.409999847412109,567500
2023-11-21,7.400000095367432,7.519999980926514,7.119999885559082,7.210000038146973,7.210000038146973,408800
2023-11-22,7.239999771118164,7.440000057220459,6.949999809265137,6.989999771118164,6.989999771118164,359100
2023-11-24,7.059999942779541,7.5,6.989999771118164,7.400000095367432,7.400000095367432,297400
2023-11-27,7.389999866485596,7.519999980926514,7.079999923706055,7.21999979019165,7.21999979019165,507600
2023-11-28,7.25,7.53000020980835,6.869999885559082,7.170000076293945,7.170000076293945,457800
2023-11-29,7.239999771118164,7.449999809265137,7.059999942779541,7.099999904632568,7.099999904632568,423600
2023-11-30,7.199999809265137,7.329999923706055,6.960000038146973,6.989999771118164,6.989999771118164,435400
2023-12-01,6.989999771118164,7.320000171661377,6.900000095367432,7.300000190734863,7.300000190734863,752300
2023-12-04,7.349999904632568,8.6899995803833,7.349999904632568,8.430000305175781,8.430000305175781,1026700
2023-12-05,8.5,9.289999961853027,8.109999656677246,8.949999809265137,8.949999809265137,878900
2023-12-06,9.010000228881836,9.010000228881836,8.375,8.470000267028809,8.470000267028809,786000
2023-12-07,8.329999923706055,8.425000190734863,8.020000457763672,8.260000228881836,8.260000228881836,956000
2023-12-08,8.239999771118164,8.779999732971191,8.239999771118164,8.430000305175781,8.430000305175781,356100
2023-12-11,8.420000076293945,8.444999694824219,7.889999866485596,8.109999656677246,8.109999656677246,300300
2023-12-12,7.940000057220459,8.03499984741211,7.760000228881836,7.960000038146973,7.960000038146973,425200
2023-12-13,7.800000190734863,8.3100004196167,7.599999904632568,8.270000457763672,8.270000457763672,361700
2023-12-14,8.300000190734863,9.319999694824219,8.260000228881836,8.930000305175781,8.930000305175781,748900
2023-12-15,9.029999732971191,9.270000457763672,8.670000076293945,8.720000267028809,8.720000267028809,708300
2023-12-18,8.720000267028809,8.720000267028809,8.079999923706055,8.130000114440918,8.130000114440918,351500
2023-12-19,8.279999732971191,8.789999961853027,8.15999984741211,8.739999771118164,8.739999771118164,564700
2023-12-20,8.800000190734863,8.949999809265137,8.140000343322754,8.210000038146973,8.210000038146973,304000
2023-12-21,8.319999694824219,9.0,8.319999694824219,8.979999542236328,8.979999542236328,412700
2023-12-22,9.09000015258789,9.199999809265137,8.9399995803833,9.010000228881836,9.010000228881836,379600
2023-12-26,9.09000015258789,9.300000190734863,8.9399995803833,9.199999809265137,9.199999809265137,311600
2023-12-27,9.289999961853027,9.399999618530273,8.989999771118164,9.260000228881836,9.260000228881836,299000
2023-12-28,9.239999771118164,9.317000389099121,9.095000267028809,9.140000343322754,9.140000343322754,216600
2023-12-29,9.119999885559082,9.260000228881836,8.930000305175781,9.130000114440918,9.130000114440918,375800
2024-01-02,8.960000038146973,9.59000015258789,8.960000038146973,9.170000076293945,9.170000076293945,252600
2024-01-03,9.180000305175781,9.239999771118164,8.970000267028809,9.100000381469727,9.100000381469727,325500
2024-01-04,9.100000381469727,9.300000190734863,9.0,9.0,9.0,365500
2024-01-05,9.359999656677246,9.479999542236328,8.739999771118164,8.779999732971191,8.779999732971191,620000
2024-01-08,8.930000305175781,9.050000190734863,8.359999656677246,8.800000190734863,8.800000190734863,823200
2024-01-09,8.90999984741211,8.944999694824219,8.229999542236328,8.329999923706055,8.329999923706055,931200
2024-01-10,8.270000457763672,8.569999694824219,7.869999885559082,8.09000015258789,8.09000015258789,850900
2024-01-11,7.989999771118164,8.029999732971191,7.639999866485596,7.679999828338623,7.679999828338623,461100
2024-01-12,7.78000020980835,8.005000114440918,7.489999771118164,7.559999942779541,7.559999942779541,282100
2024-01-16,7.5,7.579999923706055,7.28000020980835,7.510000228881836,7.510000228881836,527600
2024-01-17,7.360000133514404,7.619999885559082,7.260000228881836,7.550000190734863,7.550000190734863,1237800
2024-01-18,7.579999923706055,7.699999809265137,7.400000095367432,7.599999904632568,7.599999904632568,295400
2024-01-19,7.599999904632568,7.679999828338623,7.244999885559082,7.489999771118164,7.489999771118164,724100
2024-01-22,7.53000020980835,8.03499984741211,7.510000228881836,7.849999904632568,7.849999904632568,1088700
2024-01-23,7.829999923706055,8.050000190734863,6.989999771118164,7.079999923706055,7.079999923706055,1281000
2024-01-24,7.260000228881836,7.420000076293945,6.699999809265137,6.704999923706055,6.704999923706055,484900
2024-01-25,6.679999828338623,7.139999866485596,6.449999809265137,7.099999904632568,7.099999904632568,548100
2024-01-26,7.190000057220459,7.315000057220459,6.860000133514404,6.940000057220459,6.940000057220459,367900
2024-01-29,7.110000133514404,7.449999809265137,6.809999942779541,7.400000095367432,7.400000095367432,392800
2024-01-30,7.409999847412109,7.409999847412109,6.820000171661377,6.829999923706055,6.829999923706055,286000
2024-01-31,7.110000133514404,7.204999923706055,6.684999942779541,6.699999809265137,6.699999809265137,420300
2024-02-01,6.800000190734863,6.835000038146973,6.501999855041504,6.659999847412109,6.659999847412109,451300
2024-02-02,6.579999923706055,6.96999979019165,6.420000076293945,6.920000076293945,6.920000076293945,706100
2024-02-05,6.849999904632568,6.849999904632568,6.489999771118164,6.679999828338623,6.679999828338623,607000
2024-02-06,6.659999847412109,7.199999809265137,6.605000019073486,7.079999923706055,7.079999923706055,755500
2024-02-07,7.159999847412109,7.260000228881836,6.788000106811523,7.230000019073486,7.230000019073486,1665100
2024-02-08,7.179999828338623,7.28000020980835,6.860000133514404,6.974999904632568,6.974999904632568,789900
2024-02-09,6.949999809265137,7.010000228881836,6.639999866485596,6.739999771118164,6.739999771118164,487100
2024-02-12,6.760000228881836,6.76800012588501,6.349999904632568,6.420000076293945,6.420000076293945,653500
2024-02-13,6.389999866485596,6.389999866485596,6.065000057220459,6.210000038146973,6.210000038146973,667400
2024-02-14,6.5,6.75,6.300000190734863,6.610000133514404,6.610000133514404,665100
2024-02-15,6.630000114440918,6.909999847412109,6.610000133514404,6.900000095367432,6.900000095367432,562500
2024-02-16,6.840000152587891,10.930000305175781,6.809999942779541,9.289999961853027,9.289999961853027,5229800
2024-02-20,9.300000190734863,10.829999923706055,9.300000190734863,10.170000076293945,10.170000076293945,1844500
2024-02-21,9.9399995803833,10.470000267028809,9.630000114440918,10.210000038146973,10.210000038146973,1016200
2024-02-22,10.220000267028809,10.9399995803833,9.84000015258789,10.470000267028809,10.470000267028809,1108700
2024-02-23,10.25,11.430000305175781,9.970000267028809,10.600000381469727,10.600000381469727,1140300
2024-02-26,10.600000381469727,10.819999694824219,9.899999618530273,9.90999984741211,9.90999984741211,629500
2024-02-27,9.949999809265137,10.270000457763672,9.845000267028809,10.149999618530273,10.149999618530273,1111500
2024-02-28,10.149999618530273,11.1899995803833,9.805000305175781,10.779999732971191,10.779999732971191,2117300
2024-02-29,10.869999885559082,11.15999984741211,10.380000114440918,10.699999809265137,10.699999809265137,977600
2024-03-01,10.670000076293945,10.899999618530273,10.470000267028809,10.6899995803833,10.6899995803833,1011700
2024-03-04,10.789999961853027,10.869999885559082,10.199999809265137,10.289999961853027,10.289999961853027,586600
2024-03-05,10.079999923706055,10.369999885559082,9.895000457763672,9.930000305175781,9.930000305175781,975000
2024-03-06,9.960000038146973,9.960000038146973,9.210000038146973,9.729999542236328,9.729999542236328,593300
2024-03-07,10.489999771118164,10.5600004196167,8.569999694824219,9.09000015258789,9.09000015258789,1336500
2024-03-08,9.170000076293945,9.380000114440918,8.569999694824219,8.880000114440918,8.880000114440918,790300
2024-03-11,9.010000228881836,9.149999618530273,8.210000038146973,8.260000228881836,8.260000228881836,699200
2024-03-12,8.5,8.619999885559082,7.869999885559082,8.170000076293945,8.170000076293945,721600
2024-03-13,8.069999694824219,8.350000381469727,7.960000038146973,8.0,8.0,504700
2024-03-14,7.949999809265137,8.0,7.550000190734863,7.769999980926514,7.769999980926514,560200
2024-03-15,7.829999923706055,8.510000228881836,7.829999923706055,8.489999771118164,8.489999771118164,968400
2024-03-18,8.529999732971191,8.675000190734863,8.119999885559082,8.279999732971191,8.279999732971191,556800
2024-03-19,8.239999771118164,8.8100004196167,8.175000190734863,8.619999885559082,8.619999885559082,483300
2024-03-20,8.609999656677246,9.1899995803833,8.529999732971191,9.119999885559082,9.119999885559082,593200
2024-03-21,9.199999809265137,9.859999656677246,9.100000381469727,9.15999984741211,9.15999984741211,481500
2024-03-22,9.109999656677246,11.399999618530273,9.109999656677246,11.020000457763672,11.020000457763672,1519900
2024-03-25,11.25,11.359999656677246,10.210000038146973,10.449999809265137,10.449999809265137,1167100
2024-03-26,10.6899995803833,11.406000137329102,10.430000305175781,10.5,10.5,1093900
2024-03-27,10.329999923706055,11.140000343322754,10.210000038146973,11.050000190734863,11.050000190734863,751100
2024-03-28,11.140000343322754,11.220000267028809,10.420000076293945,10.619999885559082,10.619999885559082,886400
2024-04-01,10.619999885559082,11.109999656677246,10.489999771118164,10.600000381469727,10.600000381469727,731100
2024-04-02,10.380000114440918,10.4350004196167,9.550000190734863,9.800000190734863,9.800000190734863,767600
2024-04-03,9.770000457763672,10.0,9.569999694824219,9.859999656677246,9.859999656677246,451600
2024-04-04,10.020000457763672,10.800000190734863,9.859999656677246,10.800000190734863,10.800000190734863,947600
2024-04-05,10.699999809265137,11.0649995803833,10.390000343322754,11.029999732971191,11.029999732971191,1511000
2024-04-08,11.100000381469727,11.300000190734863,10.880000114440918,11.109999656677246,11.109999656677246,701700
2024-04-09,11.15999984741211,12.270000457763672,10.979999542236328,12.050000190734863,12.050000190734863,1272900
2024-04-10,11.710000038146973,12.048999786376953,11.239999771118164,11.800000190734863,11.800000190734863,1443200
2024-04-11,11.8100004196167,12.09000015258789,10.279000282287598,10.470000267028809,10.470000267028809,1047600
2024-04-12,10.539999961853027,11.199999809265137,9.970000267028809,10.140000343322754,10.140000343322754,949500
2024-04-15,9.949999809265137,10.3100004196167,9.680000305175781,10.020000457763672,10.020000457763672,597500
2024-04-16,10.0,10.279999732971191,9.880000114440918,10.029999732971191,10.029999732971191,613300
2024-04-17,10.09000015258789,10.300000190734863,9.699999809265137,9.800000190734863,9.800000190734863,426200
2024-04-18,9.680000305175781,9.819999694824219,9.449999809265137,9.479999542236328,9.479999542236328,421200
2024-04-19,9.479999542236328,9.880000114440918,8.90999984741211,8.970000267028809,8.970000267028809,590200
2024-04-22,9.010000228881836,9.180000305175781,8.829999923706055,9.010000228881836,9.010000228881836,475100
2024-04-23,9.010000228881836,9.289999961853027,8.914999961853027,9.0600004196167,9.0600004196167,582100
2024-04-24,9.050000190734863,9.319999694824219,9.039999961853027,9.119999885559082,9.119999885559082,440200
2024-04-25,9.039999961853027,9.359999656677246,8.739999771118164,9.100000381469727,9.100000381469727,544900
2024-04-26,9.079999923706055,9.430000305175781,8.960000038146973,9.180000305175781,9.180000305175781,370900
2024-04-29,9.229999542236328,9.489999771118164,8.949999809265137,9.350000381469727,9.350000381469727,431000
2024-04-30,9.279999732971191,9.329999923706055,8.979999542236328,9.029999732971191,9.029999732971191,414100
2024-05-01,9.029999732971191,9.545000076293945,8.960000038146973,9.260000228881836,9.260000228881836,512300
2024-05-02,9.460000038146973,9.850000381469727,9.359999656677246,9.760000228881836,9.760000228881836,1082500
2024-05-03,10.350000381469727,10.369999885559082,9.84000015258789,10.039999961853027,10.039999961853027,647400
2024-05-06,10.15999984741211,11.239999771118164,10.079999923706055,10.84000015258789,10.84000015258789,698100
2024-05-07,10.84000015258789,11.020999908447266,10.154999732971191,10.239999771118164,10.239999771118164,533600
2024-05-08,10.130000114440918,10.489999771118164,9.869999885559082,10.100000381469727,10.100000381469727,537500
2024-05-09,9.699999809265137,11.149999618530273,9.680000305175781,10.09000015258789,10.09000015258789,1113600
2024-05-10,10.15999984741211,10.5600004196167,9.34000015258789,9.524999618530273,9.524999618530273,855900
2024-05-13,9.539999961853027,9.99899959564209,9.390000343322754,9.670000076293945,9.670000076293945,600600
2024-05-14,9.829999923706055,10.619999885559082,9.699999809265137,10.390000343322754,10.390000343322754,536400
2024-05-15,10.430000305175781,10.680000305175781,10.100000381469727,10.40999984741211,10.40999984741211,334300
2024-05-16,10.479999542236328,10.75,10.3100004196167,10.6899995803833,10.6899995803833,336100
2024-05-17,10.720000267028809,10.77400016784668,10.25,10.539999961853027,10.539999961853027,534000
2024-05-20,10.529999732971191,10.984999656677246,10.300000190734863,10.890000343322754,10.890000343322754,484100
2024-05-21,10.789999961853027,11.0,10.479999542236328,10.729999542236328,10.729999542236328,291800
2024-05-22,10.680000305175781,11.079999923706055,10.15999984741211,10.350000381469727,10.350000381469727,548900
2024-05-23,10.350000381469727,10.630000114440918,10.149999618530273,10.300000190734863,10.300000190734863,498500
2024-05-24,10.399999618530273,10.579999923706055,10.04800033569336,10.5,10.5,471200
2024-05-28,10.8100004196167,10.8100004196167,10.069999694824219,10.289999961853027,10.289999961853027,373100
2024-05-29,10.09000015258789,10.25,9.84000015258789,10.079999923706055,10.079999923706055,381500
2024-05-30,10.140000343322754,10.586999893188477,10.130000114440918,10.1899995803833,10.1899995803833,427700
2024-05-31,10.229999542236328,10.430000305175781,9.229999542236328,9.420000076293945,9.420000076293945,965500
2024-06-03,9.579999923706055,10.579999923706055,9.5,10.329999923706055,10.329999923706055,575500
2024-06-04,10.350000381469727,10.5600004196167,9.970000267028809,10.359999656677246,10.359999656677246,389100
2024-06-05,10.430000305175781,10.6899995803833,10.100000381469727,10.3100004196167,10.3100004196167,515800
2024-06-06,10.220000267028809,10.279999732971191,9.5,9.680000305175781,9.680000305175781,461000
2024-06-07,9.600000381469727,10.770000457763672,9.600000381469727,10.600000381469727,10.600000381469727,513100
2024-06-10,10.529999732971191,11.069999694824219,10.329999923706055,10.739999771118164,10.739999771118164,447000
2024-06-11,10.640000343322754,11.050000190734863,10.25,11.029999732971191,11.029999732971191,284400
2024-06-12,11.239999771118164,11.369999885559082,10.729999542236328,10.869999885559082,10.869999885559082,390300
2024-06-13,10.84000015258789,11.039999961853027,10.510000228881836,10.949999809265137,10.949999809265137,225700
2024-06-14,10.729999542236328,11.399999618530273,10.65999984741211,11.350000381469727,11.350000381469727,349700
2024-06-17,11.319999694824219,11.84000015258789,11.010000228881836,11.699999809265137,11.699999809265137,751800
2024-06-18,11.630000114440918,12.75,11.401000022888184,11.869999885559082,11.869999885559082,804600
2024-06-20,11.739999771118164,12.170000076293945,11.260000228881836,11.8100004196167,11.8100004196167,648400
2024-06-21,11.770000457763672,11.9399995803833,10.8100004196167,11.079999923706055,11.079999923706055,940000
2024-06-24,10.970000267028809,11.119999885559082,10.600000381469727,10.829999923706055,10.829999923706055,553800
2024-06-25,10.710000038146973,10.789999961853027,10.274999618530273,10.329999923706055,10.329999923706055,542100
2024-06-26,10.239999771118164,10.390000343322754,10.010000228881836,10.220000267028809,10.220000267028809,406200
2024-06-27,10.239999771118164,10.449999809265137,9.880000114440918,10.399999618530273,10.399999618530273,411100
2024-06-28,10.520000457763672,10.59000015258789,10.050000190734863,10.300000190734863,10.300000190734863,904300
2024-07-01,10.3100004196167,10.9399995803833,9.949999809265137,10.8100004196167,10.8100004196167,540100
2024-07-02,10.8100004196167,10.84000015258789,9.817999839782715,10.25,10.25,602400
2024-07-03,10.25,10.520000457763672,10.119999885559082,10.25,10.25,198300
2024-07-05,10.220000267028809,10.550000190734863,10.09000015258789,10.300000190734863,10.300000190734863,243000
2024-07-08,10.34000015258789,10.9399995803833,10.34000015258789,10.430000305175781,10.430000305175781,877600
2024-07-09,10.449999809265137,10.890000343322754,10.199999809265137,10.510000228881836,10.510000228881836,718000
2024-07-10,10.520000457763672,10.880000114440918,10.430000305175781,10.449999809265137,10.449999809265137,641200
2024-07-11,10.649999618530273,11.699999809265137,10.619999885559082,11.319999694824219,11.319999694824219,938300
2024-07-12,11.5,11.819999694824219,11.369999885559082,11.649999618530273,11.649999618530273,822700
2024-07-15,11.649999618530273,12.6899995803833,11.5,12.670000076293945,12.670000076293945,1162200
2024-07-16,12.979999542236328,12.989999771118164,12.010000228881836,12.220000267028809,12.220000267028809,924500
2024-07-17,12.229999542236328,12.529999732971191,11.770000457763672,12.109999656677246,12.109999656677246,1410600
2024-07-18,11.899999618530273,12.180000305175781,10.800000190734863,11.180000305175781,11.180000305175781,2482000
2024-07-19,11.289999961853027,12.0600004196167,10.760000228881836,10.944999694824219,10.944999694824219,1105600
2024-07-22,10.989999771118164,12.130000114440918,10.800000190734863,11.880000114440918,11.880000114440918,809100
2024-07-23,11.90999984741211,12.4399995803833,11.609999656677246,12.130000114440918,12.130000114440918,1083500
2024-07-24,12.0,12.199999809265137,11.449999809265137,11.460000038146973,11.460000038146973,712800
2024-07-25,11.770000457763672,11.800000190734863,11.109999656677246,11.279999732971191,11.279999732971191,531700
2024-07-26,11.489999771118164,11.829999923706055,11.100000381469727,11.739999771118164,11.739999771118164,861300
2024-07-29,11.8100004196167,11.864999771118164,11.380000114440918,11.460000038146973,11.460000038146973,382100
2024-07-30,11.529999732971191,12.064000129699707,11.220000267028809,11.550000190734863,11.550000190734863,534700
2024-07-31,11.630000114440918,11.979999542236328,11.399999618530273,11.819999694824219,11.819999694824219,580900
2024-08-01,11.899999618530273,11.920000076293945,11.319999694824219,11.430000305175781,11.430000305175781,425300
2024-08-02,10.829999923706055,11.729999542236328,10.829999923706055,11.510000228881836,11.510000228881836,808600
2024-08-05,10.680000305175781,11.279999732971191,10.460000038146973,11.0600004196167,11.0600004196167,571200
2024-08-06,11.210000038146973,11.210000038146973,10.720000267028809,10.890000343322754,10.890000343322754,403100
2024-08-07,11.220000267028809,11.25,10.479999542236328,10.8100004196167,10.8100004196167,537600
2024-08-08,11.5,12.109999656677246,11.109999656677246,11.75,11.75,1252800
2024-08-09,11.880000114440918,11.989999771118164,11.350000381469727,11.75,11.75,913300
2024-08-12,11.890000343322754,12.479999542236328,11.649999618530273,12.029999732971191,12.029999732971191,821600
2024-08-13,12.09000015258789,12.529999732971191,11.9399995803833,12.170000076293945,12.170000076293945,510200
2024-08-14,12.1899995803833,12.5,12.109999656677246,12.4399995803833,12.4399995803833,405300
2024-08-15,12.59000015258789,13.329999923706055,12.449999809265137,13.104999542236328,13.104999542236328,497600
2024-08-16,12.920000076293945,13.09000015258789,12.25,12.449999809265137,12.449999809265137,562100
2024-08-19,13.050000190734863,13.630000114440918,12.449999809265137,12.890000343322754,12.890000343322754,1583800
2024-08-20,12.640000343322754,12.819999694824219,12.25,12.75,12.75,517100
2024-08-21,12.890000343322754,13.359999656677246,12.489999771118164,12.979999542236328,12.979999542236328,741000
2024-08-22,12.890000343322754,13.079999923706055,12.550000190734863,12.8100004196167,12.8100004196167,520800
2024-08-23,12.989999771118164,14.130000114440918,12.904999732971191,13.84000015258789,13.84000015258789,862500
2024-08-26,13.9399995803833,14.069999694824219,13.5,13.9399995803833,13.9399995803833,2020800
2024-08-27,14.149999618530273,15.84000015258789,13.729999542236328,15.720000267028809,15.720000267028809,1195400
2024-08-28,15.720000267028809,16.889999389648438,15.520000457763672,16.209999084472656,16.209999084472656,1295500
2024-08-29,16.209999084472656,17.100000381469727,15.930000305175781,16.299999237060547,16.299999237060547,804700
2024-08-30,16.299999237060547,16.950000762939453,15.789999961853027,16.520000457763672,16.520000457763672,942600
2024-09-03,16.540000915527344,16.739999771118164,15.729999542236328,16.239999771118164,16.239999771118164,800800
2024-09-04,16.229999542236328,17.059999465942383,15.899999618530273,17.0,17.0,814100
2024-09-05,17.25,18.579999923706055,16.950000762939453,17.950000762939453,17.950000762939453,1255400
2024-09-06,17.780000686645508,17.98900032043457,17.40999984741211,17.719999313354492,17.719999313354492,1106000
2024-09-09,17.59000015258789,17.895000457763672,17.31999969482422,17.600000381469727,17.600000381469727,798500
2024-09-10,17.579999923706055,18.059999465942383,16.760000228881836,17.90999984741211,17.90999984741211,996500
2024-09-11,17.8799991607666,18.709999084472656,17.739999771118164,18.700000762939453,18.700000762939453,548700
2024-09-12,18.700000762939453,19.674999237060547,18.674999237060547,19.5,19.5,1175800
2024-09-13,19.670000076293945,19.670000076293945,18.190000534057617,18.299999237060547,18.299999237060547,1549400
2024-09-16,18.34000015258789,19.100000381469727,17.860000610351562,18.889999389648438,18.889999389648438,3154900
2024-09-17,19.0,19.1299991607666,18.31999969482422,18.489999771118164,18.489999771118164,1383100
2024-09-18,18.520000457763672,19.535999298095703,18.309999465942383,19.229999542236328,19.229999542236328,1410400
2024-09-19,19.6299991607666,19.709999084472656,18.399999618530273,18.719999313354492,18.719999313354492,1363200
2024-09-20,18.68000030517578,19.0,17.969999313354492,18.43000030517578,18.43000030517578,1156100
2024-09-23,18.469999313354492,18.469999313354492,17.549999237060547,17.760000228881836,17.760000228881836,497000
2024-09-24,17.719999313354492,18.110000610351562,17.190000534057617,17.219999313354492,17.219999313354492,792300
2024-09-25,17.139999389648438,17.81999969482422,17.1200008392334,17.649999618530273,17.649999618530273,481900
2024-09-26,17.709999084472656,18.3700008392334,17.56999969482422,17.81999969482422,17.81999969482422,1059700
2024-09-27,17.90999984741211,18.174999237060547,17.100000381469727,17.520000457763672,17.520000457763672,961100
2024-09-30,17.530000686645508,18.299999237060547,17.209999084472656,18.079999923706055,18.079999923706055,1285200
2024-10-01,18.010000228881836,18.030000686645508,16.709999084472656,16.979999542236328,16.979999542236328,1253400
2024-10-02,16.899999618530273,17.309999465942383,16.479999542236328,16.760000228881836,16.760000228881836,1164300
2024-10-03,16.670000076293945,18.969999313354492,16.530000686645508,18.149999618530273,18.149999618530273,1376600
2024-10-04,18.239999771118164,18.479999542236328,16.84000015258789,17.25,17.25,844800
2024-10-07,17.299999237060547,17.424999237060547,15.789999961853027,16.100000381469727,16.100000381469727,685400
2024-10-08,16.260000228881836,16.790000915527344,16.239999771118164,16.479999542236328,16.479999542236328,393200
2024-10-09,16.510000228881836,16.510000228881836,15.75,15.75,15.75,613700
2024-10-10,15.65999984741211,15.859999656677246,15.390000343322754,15.710000038146973,15.710000038146973,810000
2024-10-11,15.630000114440918,15.640000343322754,14.3100004196167,15.09000015258789,15.09000015258789,2079000
2024-10-14,15.130000114440918,15.78499984741211,14.449999809265137,15.279999732971191,15.279999732971191,1189600
2024-10-15,15.279999732971191,15.710000038146973,14.989999771118164,15.65999984741211,15.65999984741211,695600
2024-10-16,15.850000381469727,16.924999237060547,15.850000381469727,16.469999313354492,16.469999313354492,774200
2024-10-17,16.600000381469727,16.8700008392334,16.0,16.239999771118164,16.239999771118164,441200
2024-10-18,16.549999237060547,17.68000030517578,16.040000915527344,16.079999923706055,16.079999923706055,1013000
2024-10-21,16.149999618530273,16.270000457763672,15.420000076293945,15.520000457763672,15.520000457763672,1294800
2024-10-22,15.5,16.68000030517578,15.5,16.59000015258789,16.59000015258789,1481900
2024-10-23,16.559999465942383,16.690000534057617,15.904999732971191,16.329999923706055,16.329999923706055,1091800
2024-10-24,16.3799991607666,16.6200008392334,15.84000015258789,16.209999084472656,16.209999084472656,1145600
2024-10-25,16.290000915527344,16.56999969482422,15.600000381469727,16.049999237060547,16.049999237060547,1114900
2024-10-28,16.31999969482422,17.579999923706055,16.204999923706055,17.3799991607666,17.3799991607666,1422200
2024-10-29,17.510000228881836,17.75,16.940000534057617,17.280000686645508,17.280000686645508,872900
2024-10-30,17.09000015258789,17.8799991607666,16.760000228881836,17.420000076293945,17.420000076293945,323300
2024-10-31,17.40999984741211,17.420000076293945,16.770000457763672,17.149999618530273,17.149999618530273,689600
2024-11-01,17.389999389648438,18.618999481201172,16.8700008392334,18.270000457763672,18.270000457763672,1093700
2024-11-04,18.0,19.5,17.799999237060547,18.940000534057617,18.940000534057617,1174900
2024-11-05,18.979999542236328,19.049999237060547,17.899999618530273,18.3700008392334,18.3700008392334,652700
2024-11-06,18.979999542236328,19.049999237060547,17.940000534057617,18.0,18.0,976300
2024-11-07,18.780000686645508,18.799999237060547,16.520000457763672,18.5,18.5,1358900
2024-11-08,18.950000762939453,19.045000076293945,16.790000915527344,16.860000610351562,16.860000610351562,1260400
2024-11-11,17.06999969482422,17.6299991607666,12.949999809265137,13.100000381469727,13.100000381469727,4554000
2024-11-12,13.119999885559082,13.319999694824219,9.239999771118164,9.520000457763672,9.520000457763672,10386100
2024-11-13,9.630000114440918,10.100000381469727,8.90999984741211,9.75,9.75,3403000
2024-11-14,9.699999809265137,9.770000457763672,8.979999542236328,9.09000015258789,9.09000015258789,1481800
2024-11-15,9.130000114440918,9.300000190734863,8.539999961853027,8.779999732971191,8.779999732971191,2157200
2024-11-18,8.779999732971191,9.100000381469727,8.494999885559082,8.890000343322754,8.890000343322754,1214200
2024-11-19,8.779999732971191,9.479999542236328,8.640000343322754,9.369999885559082,9.369999885559082,1835700
2024-11-20,9.380000114440918,9.59000015258789,8.550000190734863,8.729999542236328,8.729999542236328,1353600
2024-11-21,8.670000076293945,9.619999885559082,8.609999656677246,9.449999809265137,9.449999809265137,1098100
2024-11-22,9.020000457763672,9.979999542236328,8.949999809265137,9.34000015258789,9.34000015258789,1224800
2024-11-25,9.449999809265137,9.569000244140625,8.760000228881836,9.09000015258789,9.09000015258789,1336000
2024-11-26,9.069999694824219,9.140000343322754,8.65999984741211,8.970000267028809,8.970000267028809,955300
2024-11-27,8.960000038146973,9.109999656677246,8.779999732971191,8.970000267028809,8.970000267028809,669600
2024-11-29,8.899999618530273,9.012999534606934,8.609999656677246,8.869999885559082,8.869999885559082,423300
2024-12-02,8.789999961853027,8.90999984741211,8.510000228881836,8.710000038146973,8.710000038146973,1110600
2024-12-03,8.680000305175781,9.180000305175781,8.600000381469727,8.84000015258789,8.84000015258789,909200
2024-12-04,8.75,9.029999732971191,8.70199966430664,8.949999809265137,8.949999809265137,480100
2024-12-05,8.949999809265137,9.100000381469727,8.470000267028809,8.5,8.5,777600
2024-12-06,8.4399995803833,9.010000228881836,8.359999656677246,9.0,9.0,877100
2024-12-09,9.100000381469727,9.789999961853027,9.079999923706055,9.289999961853027,9.289999961853027,930400
2024-12-10,9.229999542236328,9.614999771118164,8.899999618530273,8.930000305175781,8.930000305175781,806500
2024-12-11,8.979999542236328,9.095000267028809,7.699999809265137,8.395000457763672,8.395000457763672,1552400
2024-12-12,8.420000076293945,8.470000267028809,7.920000076293945,7.985000133514404,7.985000133514404,1187400
2024-12-13,7.980000019073486,8.25100040435791,7.809999942779541,7.889999866485596,7.889999866485596,1002300
2024-12-16,8.449999809265137,8.5600004196167,8.020000457763672,8.140000343322754,8.140000343322754,1024100
2024-12-17,8.079999923706055,8.470000267028809,8.020000457763672,8.369999885559082,8.369999885559082,603600
2024-12-18,8.34000015258789,8.600000381469727,7.78000020980835,7.989999771118164,7.989999771118164,1031800
2024-12-19,8.0,8.140000343322754,7.800000190734863,7.820000171661377,7.820000171661377,1225000
2024-12-20,7.710000038146973,7.829999923706055,7.389999866485596,7.449999809265137,7.449999809265137,2476000
2024-12-23,7.420000076293945,7.650000095367432,7.03000020980835,7.610000133514404,7.610000133514404,950200
2024-12-24,7.590000152587891,7.71999979019165,7.210000038146973,7.5,7.5,401700
2024-12-26,7.510000228881836,8.3100004196167,7.394999980926514,8.100000381469727,8.100000381469727,1119400
2024-12-27,8.079999923706055,8.220000267028809,7.84499979019165,8.180000305175781,8.180000305175781,848700
2024-12-30,8.15999984741211,8.289999961853027,7.800000190734863,8.0,8.0,799200
2024-12-31,7.989999771118164,8.329999923706055,7.849999904632568,8.119999885559082,8.119999885559082,1009200
2025-01-02,8.180000305175781,8.34000015258789,7.329999923706055,7.329999923706055,7.329999923706055,1014900
2025-01-03,7.380000114440918,7.789999961853027,7.340000152587891,7.739999771118164,7.739999771118164,816600
2025-01-06,7.739999771118164,7.909999847412109,7.550000190734863,7.610000133514404,7.610000133514404,627100
2025-01-07,7.690000057220459,7.78000020980835,7.159999847412109,7.199999809265137,7.199999809265137,842000
2025-01-08,7.119999885559082,7.190000057220459,6.820000171661377,6.949999809265137,6.949999809265137,842800
2025-01-10,6.909999847412109,7.110000133514404,6.730000019073486,6.940000057220459,6.940000057220459,995700
2025-01-13,6.78000020980835,6.901000022888184,6.355000019073486,6.619999885559082,6.619999885559082,1191000
2025-01-14,6.679999828338623,6.829999923706055,6.420000076293945,6.789999961853027,6.789999961853027,873600
2025-01-15,6.96999979019165,7.150000095367432,6.639999866485596,7.130000114440918,7.130000114440918,743800
2025-01-16,7.150000095367432,7.199999809265137,6.739999771118164,6.960000038146973,6.960000038146973,871500
2025-01-17,6.980000019073486,7.050000190734863,6.78000020980835,6.960000038146973,6.960000038146973,754600
2025-01-21,6.949999809265137,6.978000164031982,6.349999904632568,6.789999961853027,6.789999961853027,2113200
2025-01-22,6.789999961853027,7.099999904632568,6.789999961853027,6.989999771118164,6.989999771118164,864600
2025-01-23,6.96999979019165,7.190000057220459,6.75,7.170000076293945,7.170000076293945,649100
2025-01-24,7.150000095367432,7.25,6.710000038146973,6.900000095367432,6.900000095367432,1144100
2025-01-27,7.0,7.010000228881836,6.46999979019165,6.559999942779541,6.559999942779541,1050300
2025-01-28,6.550000190734863,6.599999904632568,6.179999828338623,6.25,6.25,1109500
2025-01-29,6.28000020980835,6.590000152587891,6.199999809265137,6.550000190734863,6.550000190734863,795100
2025-01-30,6.590000152587891,6.625,6.210000038146973,6.340000152587891,6.340000152587891,1310000
2025-01-31,6.309999942779541,6.329999923706055,5.945000171661377,5.989999771118164,5.989999771118164,1460700
2025-02-03,5.78000020980835,6.010000228881836,5.579999923706055,5.630000114440918,5.630000114440918,2057800
2025-02-04,5.659999847412109,6.059999942779541,5.420000076293945,6.050000190734863,6.050000190734863,1296700
2025-02-05,6.050000190734863,6.39900016784668,5.960000038146973,6.340000152587891,6.340000152587891,727600
2025-02-06,6.309999942779541,6.361999988555908,5.900000095367432,5.900000095367432,5.900000095367432,657200
2025-02-07,5.900000095367432,5.920000076293945,5.51200008392334,5.710000038146973,5.710000038146973,1012000
2025-02-10,5.75,5.75,5.300000190734863,5.409999847412109,5.409999847412109,1042400
2025-02-11,5.329999923706055,5.519999980926514,5.210000038146973,5.389999866485596,5.389999866485596,804000
2025-02-12,5.300000190734863,5.550000190734863,5.260000228881836,5.480000019073486,5.480000019073486,831300
2025-02-13,5.5,5.815000057220459,5.409999847412109,5.619999885559082,5.619999885559082,645700
2025-02-14,6.0,6.210000038146973,5.75,5.769999980926514,5.769999980926514,1236000
2025-02-18,5.730000019073486,6.019999980926514,5.519999980926514,5.71999979019165,5.71999979019165,1182000
2025-02-19,5.78000020980835,5.909999847412109,5.579999923706055,5.760000228881836,5.760000228881836,846500
2025-02-20,5.760000228881836,5.760000228881836,5.494999885559082,5.539999961853027,5.539999961853027,639100
2025-02-21,5.590000152587891,5.755000114440918,5.53000020980835,5.670000076293945,5.670000076293945,723100
2025-02-24,5.670000076293945,5.699999809265137,5.304999828338623,5.340000152587891,5.340000152587891,1220200
2025-02-25,5.340000152587891,5.699999809265137,5.309999942779541,5.579999923706055,5.579999923706055,989600
2025-02-26,5.710000038146973,6.179999828338623,5.670000076293945,5.789999961853027,5.789999961853027,1208200
2025-02-27,5.800000190734863,5.869999885559082,5.619999885559082,5.760000228881836,5.760000228881836,664400
2025-02-28,5.679999828338623,5.739999771118164,5.360000133514404,5.519999980926514,5.519999980926514,947000
2025-03-03,5.480000019073486,5.909999847412109,5.150000095367432,5.210000038146973,5.210000038146973,1046200
2025-03-04,5.150000095367432,5.610000133514404,5.070000171661377,5.579999923706055,5.579999923706055,863100
2025-03-05,5.650000095367432,6.205999851226807,5.639999866485596,6.079999923706055,6.079999923706055,1027100
2025-03-06,5.760000228881836,6.980000019073486,5.34499979019165,5.900000095367432,5.900000095367432,2346300
2025-03-07,5.769999980926514,5.769999980926514,5.014999866485596,5.059999942779541,5.059999942779541,1816400
2025-03-10,5.019999980926514,5.074999809265137,4.34499979019165,4.400000095367432,4.400000095367432,1823000
2025-03-11,4.409999847412109,4.849999904632568,4.324999809265137,4.789999961853027,4.789999961853027,1588700
2025-03-12,4.829999923706055,5.25,4.619999885559082,5.0,5.0,1532400
2025-03-13,4.989999771118164,5.050000190734863,4.184999942779541,4.21999979019165,4.21999979019165,1424900
2025-03-14,4.239999771118164,4.480000019073486,4.070000171661377,4.409999847412109,4.409999847412109,1241700
2025-03-17,4.420000076293945,4.889999866485596,4.400000095367432,4.840000152587891,4.840000152587891,923100
2025-03-18,5.019999980926514,5.849999904632568,4.980000019073486,5.539999961853027,5.539999961853027,2409600
2025-03-19,5.675000190734863,6.159999847412109,5.46999979019165,6.079999923706055,6.079999923706055,1650000
2025-03-20,6.010000228881836,6.309999942779541,5.920000076293945,6.260000228881836,6.260000228881836,1804800
2025-03-21,6.139999866485596,6.539999961853027,6.059999942779541,6.230000019073486,6.230000019073486,1517100
2025-03-24,6.260000228881836,6.610000133514404,6.130000114440918,6.550000190734863,6.550000190734863,875100
2025-03-25,6.519999980926514,6.519999980926514,6.159999847412109,6.389999866485596,6.389999866485596,797300
2025-03-26,6.380000114440918,6.505000114440918,6.025000095367432,6.420000076293945,6.420000076293945,1121400
2025-03-27,6.400000095367432,6.739999771118164,6.340000152587891,6.690000057220459,6.690000057220459,679800
2025-03-28,6.690000057220459,6.889999866485596,6.349999904632568,6.599999904632568,6.599999904632568,1072300
2025-03-31,6.510000228881836,6.659999847412109,6.159999847412109,6.269999980926514,6.269999980926514,1465700
2025-04-01,5.840000152587891,5.909999847412109,4.760000228881836,5.119999885559082,5.119999885559082,3347900
2025-04-02,4.980000019073486,6.260000228881836,4.960000038146973,5.489999771118164,5.489999771118164,2753200
2025-04-03,5.230000019073486,5.478000164031982,4.864999771118164,5.005000114440918,5.005000114440918,1232300
2025-04-04,4.909999847412109,5.050000190734863,4.724999904632568,4.880000114440918,4.880000114440918,799200
2025-04-07,4.550000190734863,5.090000152587891,4.420000076293945,4.869999885559082,4.869999885559082,792000
2025-04-08,5.110000133514404,5.116000175476074,4.130000114440918,4.25,4.25,937700
2025-04-09,4.159999847412109,4.570000171661377,3.9000000953674316,4.429999828338623,4.429999828338623,1149300
2025-04-10,4.289999961853027,4.289999961853027,3.809999942779541,4.110000133514404,4.110000133514404,1275400
2025-04-11,4.119999885559082,4.940000057220459,4.050000190734863,4.880000114440918,4.880000114440918,1258200
2025-04-14,5.0,5.03000020980835,4.610000133514404,4.630000114440918,4.630000114440918,712100
2025-04-15,4.599999904632568,5.090000152587891,4.52400016784668,4.769999980926514,4.769999980926514,886600
2025-04-16,4.730000019073486,4.800000190734863,4.184999942779541,4.224999904632568,4.224999904632568,1279000
2025-04-17,4.300000190734863,4.300000190734863,4.019999980926514,4.03000020980835,4.03000020980835,956100
2025-04-21,4.0,4.15500020980835,3.869999885559082,3.9000000953674316,3.9000000953674316,1189100
2025-04-22,4.0,4.03000020980835,3.869999885559082,3.9600000381469727,3.9600000381469727,1073100
2025-04-23,4.110000133514404,4.400000095367432,3.9749999046325684,4.019999980926514,4.019999980926514,1042000
2025-04-24,4.019999980926514,4.166999816894531,3.9700000286102295,4.119999885559082,4.119999885559082,920800
2025-04-25,4.050000190734863,4.130000114440918,3.9600000381469727,4.110000133514404,4.110000133514404,875800
2025-04-28,4.139999866485596,4.289999961853027,4.060999870300293,4.150000095367432,4.150000095367432,842000
2025-04-29,4.110000133514404,4.449999809265137,4.059000015258789,4.360000133514404,4.360000133514404,792600
2025-04-30,4.28000020980835,4.360000133514404,4.135000228881836,4.289999961853027,4.289999961853027,1182900
2025-05-01,4.0,4.039999961853027,3.069999933242798,3.359999895095825,3.359999895095825,5525200
2025-05-02,3.380000114440918,3.3949999809265137,2.7100000381469727,2.759999990463257,2.759999990463257,4704900
2025-05-05,2.819999933242798,2.819999933242798,2.559999942779541,2.5799999237060547,2.5799999237060547,2569800
2025-05-06,2.559999942779541,2.6600000858306885,2.380000114440918,2.4000000953674316,2.4000000953674316,2352300
2025-05-07,2.4100000858306885,2.5439999103546143,2.375,2.4000000953674316,2.4000000953674316,2110300
2025-05-08,2.4100000858306885,2.490000009536743,2.2100000381469727,2.2899999618530273,2.2899999618530273,1912100
2025-05-09,2.3299999237060547,3.7799999713897705,2.3299999237060547,3.140000104904175,3.140000104904175,12637900
2025-05-12,3.299999952316284,3.3940000534057617,2.819999933242798,3.1500000953674316,3.1500000953674316,2884200
2025-05-13,3.1500000953674316,3.3399999141693115,3.0250000953674316,3.309999942779541,3.309999942779541,1216200
2025-05-14,3.4000000953674316,3.6500000953674316,3.200000047683716,3.25,3.25,2068400
2025-05-15,3.240000009536743,3.569999933242798,3.0999999046325684,3.4800000190734863,3.4800000190734863,1233300
2025-05-16,3.5299999713897705,4.139999866485596,3.5299999713897705,4.085000038146973,4.085000038146973,1925700
2025-05-19,4.019999980926514,4.485000133514404,4.019999980926514,4.389999866485596,4.389999866485596,1699600
2025-05-20,4.489999771118164,4.489999771118164,4.1620001792907715,4.380000114440918,4.380000114440918,792000
2025-05-21,4.289999961853027,4.355000019073486,3.690000057220459,3.9000000953674316,3.9000000953674316,1188300
2025-05-22,3.9000000953674316,4.239999771118164,3.700000047683716,4.230000019073486,4.230000019073486,765900
2025-05-23,4.139999866485596,4.21999979019165,3.9630000591278076,4.019999980926514,4.019999980926514,787700
2025-05-27,4.110000133514404,4.199999809265137,4.03000020980835,4.119999885559082,4.119999885559082,815300
2025-05-28,4.090000152587891,4.179999828338623,3.9200000762939453,4.079999923706055,4.079999923706055,1224100
2025-05-29,4.150000095367432,4.34499979019165,4.059999942779541,4.309999942779541,4.309999942779541,850600
2025-05-30,4.210000038146973,4.295000076293945,4.050000190734863,4.25,4.25,1132500
2025-06-02,4.28000020980835,4.690000057220459,4.25,4.639999866485596,4.639999866485596,800300
2025-06-03,4.699999809265137,4.980000019073486,4.510000228881836,4.949999809265137,4.949999809265137,987300
2025-06-04,4.989999771118164,4.989999771118164,4.614999771118164,4.699999809265137,4.699999809265137,825100
2025-06-05,4.650000095367432,4.869999885559082,4.4710001945495605,4.690000057220459,4.690000057220459,631800
2025-06-06,4.800000190734863,12.319999694824219,4.710000038146973,8.920000076293945,8.920000076293945,53357500
2025-06-09,9.175000190734863,10.050000190734863,8.0,8.829999923706055,8.829999923706055,8980200
2025-06-10,8.829999923706055,9.5,8.305000305175781,8.970000267028809,8.970000267028809,3561200
2025-06-11,8.989999771118164,10.130000114440918,8.609999656677246,9.039999961853027,9.039999961853027,4497200
2025-06-12,9.229999542236328,10.479999542236328,9.09000015258789,10.029999732971191,10.029999732971191,3590100
2025-06-13,9.819999694824219,11.279999732971191,9.800000190734863,10.640000343322754,10.640000343322754,3941900
2025-06-16,10.710000038146973,10.800000190734863,9.90999984741211,10.640000343322754,10.640000343322754,1815700
2025-06-17,10.5,10.869999885559082,10.1850004196167,10.5,10.5,1571400
2025-06-18,10.579999923706055,11.074999809265137,10.399999618530273,10.899999618530273,10.899999618530273,2610800
2025-06-20,11.020000457763672,11.210000038146973,10.020000457763672,10.420000076293945,10.420000076293945,1831100
2025-06-23,10.5,10.59000015258789,8.859999656677246,9.470000267028809,9.470000267028809,3422100
2025-06-24,9.59000015258789,10.109999656677246,9.319999694824219,9.760000228881836,9.760000228881836,1285200
2025-06-25,9.670000076293945,9.890000343322754,9.350000381469727,9.579999923706055,9.579999923706055,1441800
2025-06-26,9.579999923706055,9.729999542236328,9.25,9.550000190734863,9.550000190734863,976100
2025-06-27,9.65999984741211,10.130000114440918,9.479999542236328,9.739999771118164,9.739999771118164,1237200
2025-06-30,9.720000267028809,9.925000190734863,9.4399995803833,9.59000015258789,9.59000015258789,1404000
2025-07-01,9.479999542236328,9.510000228881836,8.720000267028809,8.850000381469727,8.850000381469727,1453900
2025-07-02,8.789999961853027,9.25,8.779999732971191,8.90999984741211,8.90999984741211,1824200
2025-07-03,8.8100004196167,8.996000289916992,8.5,8.920000076293945,8.920000076293945,499100
2025-07-07,8.920000076293945,8.920000076293945,8.1899995803833,8.65999984741211,8.65999984741211,1322100
2025-07-08,8.65999984741211,9.1899995803833,8.625,9.020000457763672,9.020000457763672,737400
2025-07-09,9.180000305175781,9.5649995803833,8.90999984741211,9.369999885559082,9.369999885559082,956900
2025-07-10,9.350000381469727,9.760000228881836,9.211000442504883,9.6899995803833,9.6899995803833,619600
2025-07-11,9.579999923706055,9.699999809265137,9.180000305175781,9.180000305175781,9.180000305175781,768800
2025-07-14,9.09000015258789,9.34000015258789,8.8100004196167,9.0600004196167,9.0600004196167,542400
2025-07-15,9.039999961853027,9.140000343322754,8.295000076293945,8.539999961853027,8.539999961853027,882400
2025-07-16,8.539999961853027,8.649999618530273,8.131999969482422,8.329999923706055,8.329999923706055,1679000
2025-07-17,8.329999923706055,8.649999618530273,8.069999694824219,8.319999694824219,8.319999694824219,862900
2025-07-18,8.470000267028809,8.539999961853027,7.909999847412109,7.949999809265137,7.949999809265137,1008400
2025-07-21,8.010000228881836,8.1899995803833,7.75,7.829999923706055,7.829999923706055,667500
2025-07-22,7.829999923706055,7.900000095367432,7.610000133514404,7.900000095367432,7.900000095367432,590000
2025-07-23,8.050000190734863,8.720000267028809,7.84499979019165,8.569999694824219,8.569999694824219,1476000
2025-07-24,8.470000267028809,9.154999732971191,8.270000457763672,9.050000190734863,9.050000190734863,1021300
2025-07-25,9.0,9.710000038146973,8.826000213623047,9.630000114440918,9.630000114440918,1667000
2025-07-28,9.630000114440918,10.024999618530273,8.800000190734863,8.800000190734863,8.800000190734863,1050300
2025-07-29,8.800000190734863,8.979999542236328,8.579999923706055,8.619999885559082,8.619999885559082,825600
2025-07-30,8.619999885559082,9.125,8.569999694824219,8.710000038146973,8.710000038146973,889600
2025-07-31,8.630000114440918,9.229999542236328,8.489999771118164,8.539999961853027,8.539999961853027,669900
2025-08-01,8.399999618530273,8.494999885559082,8.180000305175781,8.350000381469727,8.350000381469727,501900
2025-08-04,8.369999885559082,8.774999618530273,8.300000190734863,8.640000343322754,8.640000343322754,769000
2025-08-05,8.6899995803833,8.710000038146973,8.329999923706055,8.380000114440918,8.380000114440918,536600
2025-08-06,8.4399995803833,8.720000267028809,8.024999618530273,8.680000305175781,8.680000305175781,1752000
2025-08-07,9.210000038146973,10.09000015258789,9.149999618530273,9.399999618530273,9.399999618530273,2195000
2025-08-08,9.59000015258789,9.979999542236328,9.34000015258789,9.739999771118164,9.739999771118164,1374300
2025-08-11,9.630000114440918,10.470000267028809,9.524999618530273,10.279999732971191,10.279999732971191,1582400
2025-08-12,10.359999656677246,10.760000228881836,10.079999923706055,10.380000114440918,10.380000114440918,1043800
2025-08-13,10.59000015258789,11.1899995803833,10.390000343322754,10.479999542236328,10.479999542236328,1184700
2025-08-14,10.350000381469727,11.0,10.350000381469727,10.470000267028809,10.470000267028809,884400
2025-08-15,10.5600004196167,10.847999572753906,10.140000343322754,10.239999771118164,10.239999771118164,845200
2025-08-18,10.4399995803833,10.5,10.069999694824219,10.100000381469727,10.100000381469727,689500
2025-08-19,10.050000190734863,10.399999618530273,9.819999694824219,10.380000114440918,10.380000114440918,863800
2025-08-20,10.380000114440918,10.789999961853027,10.128000259399414,10.630000114440918,10.630000114440918,915200
2025-08-21,10.6899995803833,11.199999809265137,10.515000343322754,10.949999809265137,10.949999809265137,1119500
2025-08-22,11.0,12.154999732971191,10.960000038146973,11.90999984741211,11.90999984741211,1996700
2025-08-25,11.979999542236328,11.987000465393066,11.5,11.569999694824219,11.569999694824219,1017600
2025-08-26,11.5,12.670000076293945,11.418999671936035,12.579999923706055,12.579999923706055,1568800
2025-08-27,12.829999923706055,12.954999923706055,12.010000228881836,12.4399995803833,12.4399995803833,952600
2025-08-28,12.430000305175781,12.550000190734863,12.154000282287598,12.359999656677246,12.359999656677246,628800
2025-08-29,12.460000038146973,12.460000038146973,11.779999732971191,12.180000305175781,12.180000305175781,601100
2025-09-02,11.979999542236328,12.270000457763672,11.5,11.850000381469727,11.850000381469727,1195100
2025-09-03,11.789999961853027,12.069999694824219,11.619999885559082,11.880000114440918,11.880000114440918,1824100
2025-09-04,11.979999542236328,12.029999732971191,11.25,12.0,12.0,1664500
2025-09-05,12.09000015258789,12.904999732971191,12.005000114440918,12.34000015258789,12.34000015258789,1214000
2025-09-08,12.289999961853027,12.59000015258789,11.890000343322754,12.430000305175781,12.430000305175781,1028000
2025-09-09,12.420000076293945,12.960000038146973,12.220000267028809,12.890000343322754,12.890000343322754,1098400
2025-09-10,12.819999694824219,13.0,12.204000473022461,12.319999694824219,12.319999694824219,1452600
2025-09-11,12.229999542236328,12.329999923706055,11.880000114440918,12.0600004196167,12.0600004196167,881100
2025-09-12,12.1899995803833,12.194999694824219,11.510000228881836,11.84000015258789,11.84000015258789,775500
2025-09-15,11.899999618530273,11.975000381469727,11.3100004196167,11.479999542236328,11.479999542236328,570800
2025-09-16,11.4399995803833,11.628999710083008,10.84000015258789,10.979999542236328,10.979999542236328,895800
2025-09-17,10.960000038146973,11.449999809265137,10.9350004196167,11.0,11.0,1760700
2025-09-18,11.260000228881836,11.899999618530273,11.029999732971191,11.75,11.75,1078600
2025-09-19,11.729999542236328,11.949999809265137,11.109999656677246,11.210000038146973,11.210000038146973,1440100
2025-09-22,11.149999618530273,11.800000190734863,11.0,11.739999771118164,11.739999771118164,586600
2025-09-23,11.789999961853027,12.595999717712402,11.739999771118164,11.899999618530273,11.899999618530273,1350600
2025-09-24,11.920000076293945,11.9399995803833,11.350000381469727,11.710000038146973,11.710000038146973,1873400
2025-09-25,11.859999656677246,12.0,11.489999771118164,11.65999984741211,11.65999984741211,1099400
2025-09-26,11.710000038146973,11.949999809265137,11.3100004196167,11.779999732971191,11.779999732971191,817500
2025-09-29,11.949999809265137,11.949999809265137,11.229999542236328,11.329999923706055,11.329999923706055,853200
2025-09-30,11.4399995803833,12.09000015258789,11.260000228881836,11.770000457763672,11.770000457763672,1958900
2025-10-01,11.880000114440918,12.489999771118164,11.779999732971191,12.289999961853027,12.289999961853027,1946400
2025-10-02,12.239999771118164,12.4399995803833,11.73900032043457,11.819999694824219,11.819999694824219,830700
2025-10-03,11.989999771118164,12.399999618530273,11.9399995803833,12.210000038146973,12.210000038146973,1044800
2025-10-06,12.600000381469727,12.979999542236328,10.869999885559082,11.609999656677246,11.609999656677246,2324000
2025-10-07,11.510000228881836,11.604999542236328,10.329999923706055,10.84000015258789,10.84000015258789,1559100
2025-10-08,10.819999694824219,11.399999618530273,10.640000343322754,11.050000190734863,11.050000190734863,904900
2025-10-09,11.039999961853027,12.539999961853027,10.989999771118164,11.640000343322754,11.640000343322754,2243700
2025-10-10,11.800000190734863,12.317000389099121,11.265000343322754,11.819999694824219,11.819999694824219,1474000
2025-10-13,11.770000457763672,12.569999694824219,11.630000114440918,12.529999732971191,12.529999732971191,1008700
2025-10-14,12.170000076293945,12.770000457763672,11.484999656677246,12.5,12.5,1638800
2025-10-15,12.460000038146973,13.850000381469727,12.260000228881836,13.449999809265137,13.449999809265137,1971700
2025-10-16,13.399999618530273,13.84000015258789,13.210000038146973,13.3100004196167,13.3100004196167,1006700
2025-10-17,13.050000190734863,13.40999984741211,12.5600004196167,12.960000038146973,12.960000038146973,778000
2025-10-20,13.039999961853027,14.329999923706055,12.970000267028809,14.010000228881836,14.010000228881836,1299800
2025-10-21,13.949999809265137,14.319999694824219,13.734999656677246,14.0,14.0,674000
2025-10-22,13.970000267028809,14.114999771118164,13.130000114440918,13.460000038146973,13.460000038146973,769200
2025-10-23,13.609999656677246,13.968000411987305,13.25,13.609999656677246,13.609999656677246,634900
2025-10-24,13.720000267028809,13.720000267028809,13.1899995803833,13.529999732971191,13.529999732971191,505300
2025-10-27,13.649999618530273,14.09000015258789,13.550999641418457,13.8100004196167,13.8100004196167,784100
2025-10-28,13.8100004196167,13.899999618530273,13.0,13.539999961853027,13.539999961853027,737000
2025-10-29,13.569999694824219,13.699999809265137,13.020000457763672,13.529999732971191,13.529999732971191,943000
2025-10-30,14.0,16.079999923706055,13.100000381469727,13.3100004196167,13.3100004196167,2531600
2025-10-31,14.430000305175781,14.430000305175781,13.109999656677246,13.550000190734863,13.550000190734863,1436700
2025-11-03,13.510000228881836,14.09000015258789,13.170000076293945,13.729999542236328,13.729999542236328,1212500
2025-11-04,13.609999656677246,14.220000267028809,13.25,13.489999771118164,13.489999771118164,1064700
2025-11-05,13.380000114440918,13.989999771118164,13.069999694824219,13.279999732971191,13.279999732971191,872200
2025-11-06,13.3100004196167,13.657999992370605,12.800000190734863,13.039999961853027,13.039999961853027,720900
2025-11-07,12.920000076293945,13.319999694824219,12.3100004196167,13.25,13.25,984700
2025-11-10,13.40999984741211,14.079999923706055,13.399999618530273,13.729999542236328,13.729999542236328,714500
2025-11-11,13.970000267028809,14.470000267028809,13.819999694824219,14.359999656677246,14.359999656677246,777700
2025-11-12,14.390000343322754,14.744999885559082,13.789999961853027,14.619999885559082,14.619999885559082,944900
2025-11-13,14.510000228881836,15.029999732971191,14.390000343322754,14.850000381469727,14.850000381469727,976400
2025-11-14,14.449999809265137,15.279999732971191,14.069999694824219,14.5600004196167,14.5600004196167,971400
2025-11-17,14.630000114440918,15.199999809265137,14.1899995803833,14.40999984741211,14.40999984741211,915800
2025-11-18,14.119999885559082,15.279999732971191,14.119999885559082,15.0,15.0,1232900
2025-11-19,15.40999984741211,15.40999984741211,14.6899995803833,14.789999961853027,14.789999961853027,718700
2025-11-20,14.920000076293945,15.260000228881836,14.289999961853027,14.359999656677246,14.359999656677246,475500
2025-11-21,14.279999732971191,15.039999961853027,14.130000114440918,15.0,15.0,740300
2025-11-24,14.6899995803833,15.239999771118164,14.609999656677246,14.819999694824219,14.819999694824219,1403300
2025-11-25,14.829999923706055,15.121000289916992,14.609999656677246,14.930000305175781,14.930000305175781,501600
2025-11-26,15.050000190734863,15.319999694824219,14.869999885559082,15.170000076293945,15.170000076293945,445800
2025-11-28,15.40999984741211,16.264999389648438,15.210000038146973,15.619999885559082,15.619999885559082,765700
2025-12-01,15.335000038146973,15.609999656677246,14.845999717712402,14.9399995803833,14.9399995803833,1130700
2025-12-02,14.970000267028809,15.15999984741211,14.619999885559082,14.739999771118164,14.739999771118164,735300
2025-12-03,14.899999618530273,15.159000396728516,14.449999809265137,14.670000076293945,14.670000076293945,1087700
2025-12-04,14.670000076293945,14.90999984741211,14.27400016784668,14.699999809265137,14.699999809265137,529900
2025-12-05,14.6899995803833,14.850000381469727,14.119999885559082,14.579999923706055,14.579999923706055,710900
2025-12-08,14.800000190734863,15.140000343322754,14.550000190734863,14.899999618530273,14.899999618530273,727500
2025-12-09,15.029999732971191,15.140000343322754,14.1899995803833,14.210000038146973,14.210000038146973,785200
2025-12-10,14.199999809265137,14.635000228881836,14.119999885559082,14.550000190734863,14.550000190734863,671400
2025-12-11,14.619999885559082,14.789999961853027,14.454999923706055,14.569999694824219,14.569999694824219,423800
2025-12-12,15.220000267028809,16.450000762939453,14.510000228881836,14.5600004196167,14.5600004196167,1244400
2025-12-15,14.619999885559082,14.850000381469727,14.239999771118164,14.6899995803833,14.6899995803833,803500
2025-12-16,14.770000457763672,15.399999618530273,14.529999732971191,15.239999771118164,15.239999771118164,598200
2025-12-17,15.149999618530273,15.550000190734863,14.960000038146973,15.359999656677246,15.359999656677246,651500
2025-12-18,15.619999885559082,16.610000610351562,15.555000305175781,16.280000686645508,16.280000686645508,3214800
2025-12-19,16.389999389648438,17.704999923706055,16.389999389648438,17.530000686645508,17.530000686645508,2377400
2025-12-22,17.899999618530273,18.280000686645508,17.290000915527344,17.8700008392334,17.8700008392334,1260000
2025-12-23,17.969999313354492,18.309999465942383,16.770000457763672,17.25,17.25,849800
2025-12-24,17.5,17.96500015258789,17.3700008392334,17.65999984741211,17.65999984741211,356800
2025-12-26,17.700000762939453,17.735000610351562,17.354999542236328,17.559999465942383,17.559999465942383,362600
2025-12-29,17.389999389648438,17.735000610351562,17.065000534057617,17.219999313354492,17.219999313354492,433200
2025-12-30,17.219999313354492,17.219999313354492,16.790000915527344,16.920000076293945,16.920000076293945,730200
2025-12-31,16.81999969482422,16.969999313354492,16.579999923706055,16.59000015258789,16.59000015258789,583300
2026-01-02,16.65999984741211,16.979999542236328,15.649999618530273,15.710000038146973,15.710000038146973,708800
2026-01-05,15.6899995803833,15.949999809265137,15.425000190734863,15.829999923706055,15.829999923706055,699600
2026-01-06,15.9399995803833,16.530000686645508,15.710000038146973,16.3700008392334,16.3700008392334,377200
2026-01-07,16.559999465942383,18.09000015258789,16.389999389648438,18.079999923706055,18.079999923706055,1099100
2026-01-08,16.0,16.059999465942383,15.149999618530273,15.600000381469727,15.600000381469727,6726600
2026-01-09,15.600000381469727,15.739999771118164,14.770000457763672,15.015000343322754,15.015000343322754,1532400
2026-01-12,15.010000228881836,15.010000228881836,13.795000076293945,14.470000267028809,14.470000267028809,2206800
2026-01-13,14.270000457763672,15.710000038146973,14.199999809265137,15.630000114440918,15.630000114440918,1428300
2026-01-14,15.5,16.114999771118164,15.100000381469727,15.140000343322754,15.140000343322754,1009800
2026-01-15,15.050000190734863,15.140000343322754,14.390000343322754,14.979999542236328,14.979999542236328,791800
2026-01-16,14.880000114440918,14.960000038146973,13.880000114440918,14.0600004196167,14.0600004196167,1513600
2026-01-20,13.515999794006348,14.529999732971191,13.329999923706055,14.149999618530273,14.149999618530273,950500
2026-01-21,13.979999542236328,14.180000305175781,13.225000381469727,13.609999656677246,13.609999656677246,1604800
2026-01-22,13.970000267028809,14.675000190734863,13.555000305175781,14.1899995803833,14.1899995803833,1271700
2026-01-23,14.270000457763672,14.270000457763672,13.369999885559082,13.5,13.5,1476000
2026-01-26,13.4399995803833,14.135000228881836,13.140000343322754,14.069999694824219,14.069999694824219,1002100
2026-01-27,14.100000381469727,14.3100004196167,13.75,14.229999542236328,14.229999542236328,788600
2026-01-28,14.180000305175781,14.260000228881836,13.770000457763672,13.84000015258789,13.84000015258789,589100
2026-01-29,13.84000015258789,14.149999618530273,13.510000228881836,13.529999732971191,13.529999732971191,474800
2026-01-30,13.420000076293945,13.755000114440918,13.140000343322754,13.670000076293945,13.670000076293945,924500
2026-02-02,13.619999885559082,14.050000190734863,13.489999771118164,13.8100004196167,13.8100004196167,546600
2026-02-03,13.970000267028809,14.529999732971191,13.670000076293945,13.8100004196167,13.8100004196167,981900
2026-02-04,13.90999984741211,14.109999656677246,12.75,13.229999542236328,13.229999542236328,991000
2026-02-05,13.3100004196167,13.75,12.220000267028809,12.40999984741211,12.40999984741211,1226700
2026-02-06,12.819999694824219,12.9399995803833,12.199999809265137,12.579999923706055,12.579999923706055,950400
2026-02-09,12.579999923706055,13.180000305175781,12.414999961853027,12.779999732971191,12.779999732971191,516000
2026-02-10,13.0,13.069999694824219,12.739999771118164,12.819999694824219,12.819999694824219,739000
2026-02-11,12.800000190734863,13.170000076293945,12.1899995803833,12.229999542236328,12.229999542236328,700300
2026-02-12,12.380000114440918,12.411999702453613,11.829999923706055,12.020000457763672,12.020000457763672,650700
2026-02-13,12.199999809265137,12.5,11.944999694824219,12.020000457763672,12.020000457763672,698500
2026-02-17,12.029999732971191,12.829999923706055,11.829999923706055,12.760000228881836,12.760000228881836,960400
2026-02-18,12.609999656677246,13.045000076293945,11.859999656677246,11.880000114440918,11.880000114440918,1125400
2026-02-19,11.720000267028809,11.989999771118164,11.380000114440918,11.979999542236328,11.979999542236328,1068600
2026-02-20,11.899999618530273,12.050000190734863,11.220000267028809,11.420000076293945,11.420000076293945,1455000
2026-02-23,11.420000076293945,11.710000038146973,11.0,11.369999885559082,11.369999885559082,1089500
2026-02-24,11.300000190734863,11.6850004196167,11.1850004196167,11.609999656677246,11.609999656677246,804900
2026-02-25,11.630000114440918,12.64900016784668,11.420000076293945,12.319999694824219,12.319999694824219,1722000
2026-02-26,13.0,14.390000343322754,12.949999809265137,13.5600004196167,13.5600004196167,1799300
2026-02-27,13.529999732971191,13.760000228881836,12.319999694824219,12.5600004196167,12.5600004196167,1182100
2026-03-02,12.119999885559082,12.329999923706055,11.4350004196167,11.460000038146973,11.460000038146973,1950300
2026-03-03,11.050000190734863,11.390000343322754,10.6899995803833,11.050000190734863,11.050000190734863,1044700
2026-03-04,11.220000267028809,11.854000091552734,11.0,11.0600004196167,11.0600004196167,570300
2026-03-05,11.0,11.274999618530273,10.645000457763672,10.739999771118164,10.739999771118164,1044100
2026-03-06,10.460000038146973,10.78499984741211,10.170000076293945,10.670000076293945,10.670000076293945,965700
2026-03-09,10.5,11.204999923706055,10.329999923706055,11.109999656677246,11.109999656677246,681300
2026-03-10,11.449999809265137,11.770000457763672,11.010000228881836,11.109999656677246,11.109999656677246,726100
2026-03-11,10.890000343322754,11.170000076293945,10.4350004196167,11.145000457763672,11.145000457763672,1078700
2026-03-12,10.949999809265137,10.949999809265137,10.024999618530273,10.220000267028809,10.220000267028809,1562200
2026-03-13,10.34000015258789,10.470000267028809,10.0600004196167,10.369999885559082,10.369999885559082,1258400
2026-03-16,10.5600004196167,11.0,10.329999923706055,10.4399995803833,10.4399995803833,1395300
2026-03-17,10.4399995803833,10.9399995803833,10.34000015258789,10.850000381469727,10.850000381469727,975600
2026-03-18,10.609999656677246,11.130000114440918,10.550000190734863,10.960000038146973,10.960000038146973,664800
2026-03-19,10.920000076293945,11.46500015258789,10.699999809265137,11.149999618530273,11.149999618530273,816700
2026-03-20,11.229999542236328,11.899999618530273,11.119999885559082,11.210000038146973,11.210000038146973,2623900
2026-03-23,11.380000114440918,11.600000381469727,10.5600004196167,10.569999694824219,10.569999694824219,794600
2026-03-24,10.369999885559082,10.4350004196167,10.0,10.0600004196167,10.0600004196167,1197400
2026-03-25,10.210000038146973,10.61400032043457,10.210000038146973,10.470000267028809,10.470000267028809,836600
2026-03-26,10.449999809265137,10.920000076293945,10.345000267028809,10.789999961853027,10.789999961853027,762900
2026-03-27,11.260000228881836,11.479999542236328,10.4399995803833,10.579999923706055,10.579999923706055,1502500
2026-03-30,10.350000381469727,10.664999961853027,10.210000038146973,10.529999732971191,10.529999732971191,1336500
2026-03-31,10.760000228881836,11.319999694824219,10.75,11.109999656677246,11.109999656677246,1212600
2026-04-01,11.229999542236328,11.829999923706055,11.039999961853027,11.140000343322754,11.140000343322754,944600
2026-04-02,10.90999984741211,11.369999885559082,10.800000190734863,11.34000015258789,11.34000015258789,786300
2026-04-06,11.359999656677246,11.420000076293945,11.024999618530273,11.25,11.25,584200
2026-04-07,11.15999984741211,11.640000343322754,10.960000038146973,11.550000190734863,11.550000190734863,838800
2026-04-08,11.850000381469727,12.170000076293945,11.680000305175781,11.8100004196167,11.8100004196167,921000
2026-04-09,11.640000343322754,12.770000457763672,11.59000015258789,12.640000343322754,12.640000343322754,1676100
2026-04-10,12.829999923706055,13.1899995803833,12.505000114440918,12.630000114440918,12.630000114440918,1441300
2026-04-13,12.630000114440918,13.086999893188477,12.579999923706055,12.670000076293945,12.670000076293945,973500
2026-04-14,12.720000267028809,13.079999923706055,12.529999732971191,12.670000076293945,12.670000076293945,1043500
2026-04-15,12.949999809265137,13.029999732971191,12.6899995803833,12.789999961853027,12.789999961853027,502200
2026-04-16,12.789999961853027,12.930000305175781,12.479999542236328,12.609999656677246,12.609999656677246,810800
2026-04-17,12.880000114440918,13.270000457763672,12.664999961853027,13.1899995803833,13.1899995803833,922600
2026-04-20,13.149999618530273,13.664999961853027,13.0,13.470000267028809,13.470000267028809,762600
2026-04-21,13.510000228881836,13.510000228881836,12.515000343322754,12.880000114440918,12.880000114440918,1423700
2026-04-22,13.039999961853027,13.180000305175781,11.65999984741211,11.729999542236328,11.729999542236328,2043500
2026-04-23,11.579999923706055,12.170000076293945,11.430000305175781,12.15999984741211,12.15999984741211,1251500
2026-04-24,12.1899995803833,12.260000228881836,11.354999542236328,11.699999809265137,11.699999809265137,1485400
2026-04-27,11.609999656677246,12.010000228881836,11.319999694824219,11.59000015258789,11.59000015258789,1220700
2026-04-28,11.699999809265137,11.8100004196167,11.07800006866455,11.329999923706055,11.329999923706055,1436000
2026-04-29,11.279999732971191,12.229999542236328,10.949999809265137,11.779999732971191,11.779999732971191,2933700
2026-04-30,11.460000038146973,11.819999694824219,9.734999656677246,11.199999809265137,11.199999809265137,4232300
2026-05-01,11.539999961853027,12.15999984741211,11.350000381469727,12.010000228881836,12.010000228881836,1934500
2026-05-04,11.920000076293945,13.0,11.557999610900879,12.869999885559082,12.869999885559082,1949000
2026-05-05,12.869999885559082,12.949999809265137,12.210000038146973,12.595000267028809,12.595000267028809,1092900
2026-05-06,12.770000457763672,12.899999618530273,12.350000381469727,12.670000076293945,12.670000076293945,909200
2026-05-07,12.619999885559082,12.739999771118164,11.760000228881836,12.229999542236328,12.229999542236328,808500
2026-05-08,12.270000457763672,12.390000343322754,11.925000190734863,12.15999984741211,12.15999984741211,628900
2026-05-11,12.149999618530273,12.550000190734863,11.979999542236328,12.220000267028809,12.220000267028809,919200
2026-05-12,12.220000267028809,12.645000457763672,12.100000381469727,12.529999732971191,12.529999732971191,1024800
2026-05-13,12.579999923706055,12.779999732971191,11.9399995803833,12.5600004196167,12.5600004196167,1154300
2026-05-14,12.630000114440918,13.390000343322754,12.239999771118164,13.050000190734863,13.050000190734863,1674900
2026-05-15,12.8100004196167,12.970000267028809,11.859999656677246,11.869999885559082,11.869999885559082,1111100
2026-05-18,12.0,12.170000076293945,11.380000114440918,11.390000343322754,11.390000343322754,1313400
2026-05-19,11.260000228881836,11.864999771118164,11.149999618530273,11.399999618530273,11.399999618530273,1011000
2026-05-20,11.649999618530273,11.970000267028809,11.350000381469727,11.869999885559082,11.869999885559082,1005300
2026-05-21,11.800000190734863,11.944999694824219,11.449999809265137,11.579999923706055,11.579999923706055,662300
2026-05-22,11.640000343322754,11.970000267028809,11.239999771118164,11.329999923706055,11.329999923706055,759700
2026-05-26,11.350000381469727,11.520000457763672,11.029999732971191,11.100000381469727,11.100000381469727,834500
2026-05-27,11.109999656677246,11.380000114440918,10.729999542236328,10.739999771118164,10.739999771118164,1088400
2026-05-28,10.609999656677246,10.75100040435791,10.25,10.319999694824219,10.319999694824219,1708700
2026-05-29,10.3100004196167,10.449999809265137,9.5,9.59000015258789,9.59000015258789,1650800
2026-06-01,9.600000381469727,9.739999771118164,9.020000457763672,9.239999771118164,9.239999771118164,1599200
2026-06-02,9.069999694824219,9.75,8.779999732971191,9.649999618530273,9.649999618530273,1864600
2026-06-03,9.630000114440918,10.220000267028809,9.489999771118164,10.09000015258789,10.09000015258789,2039600
2026-06-04,10.449999809265137,10.720000267028809,9.729999542236328,9.859999656677246,9.859999656677246,1038100
2026-06-05,9.859999656677246,10.204999923706055,9.770000457763672,10.130000114440918,10.130000114440918,1157000
2026-06-08,10.180000305175781,10.350000381469727,9.760000228881836,10.0,10.0,720400
2026-06-09,10.1899995803833,10.229999542236328,9.78499984741211,9.819999694824219,9.819999694824219,796000
2026-06-10,9.850000381469727,10.260000228881836,9.739999771118164,9.819999694824219,9.819999694824219,827400
2026-06-11,9.880000114440918,10.479999542236328,9.739999771118164,10.270000457763672,10.270000457763672,796600
2026-06-12,10.460000038146973,10.645000457763672,10.319999694824219,10.369999885559082,10.369999885559082,554300
2026-06-15,10.319999694824219,10.859999656677246,10.229999542236328,10.710000038146973,10.710000038146973,692100
2026-06-16,10.710000038146973,10.829999923706055,10.380000114440918,10.430000305175781,10.430000305175781,749500
2026-06-17,10.489999771118164,11.180000305175781,10.489999771118164,11.0,11.0,860700
2026-06-18,11.239999771118164,11.399999618530273,10.59000015258789,10.880000114440918,10.880000114440918,1102000
2026-06-22,10.859999656677246,11.074999809265137,10.6899995803833,10.6899995803833,10.6899995803833,670800
2026-06-23,10.899999618530273,11.15999984741211,10.755000114440918,10.859999656677246,10.859999656677246,605000
2026-06-24,10.859999656677246,11.15999984741211,10.550000190734863,10.609999656677246,10.609999656677246,899800
2026-06-25,10.600000381469727,10.779999732971191,10.020000457763672,10.34000015258789,10.34000015258789,1082400
2026-06-26,10.430000305175781,10.774999618530273,10.109999656677246,10.720000267028809,10.720000267028809,2661500
2026-06-29,10.84000015258789,10.949999809265137,10.335000038146973,10.869999885559082,10.869999885559082,1123300
2026-06-30,11.010000228881836,11.149999618530273,10.819999694824219,10.850000381469727,10.850000381469727,665600
2026-07-01,10.850000381469727,11.010000228881836,10.420000076293945,10.53499984741211,10.53499984741211,910900
2026-07-02,10.65999984741211,11.274999618530273,10.579999923706055,11.199999809265137,11.199999809265137,889100
2026-07-06,11.15999984741211,11.75,11.109999656677246,11.380000114440918,11.380000114440918,835800
2026-07-07,11.539999961853027,12.050000190734863,11.34000015258789,11.550000190734863,11.550000190734863,1359000
2026-07-08,11.479999542236328,12.109999656677246,11.260000228881836,12.0600004196167,12.0600004196167,1383900
2026-07-09,12.069999694824219,12.220000267028809,11.744999885559082,12.15999984741211,12.15999984741211,2167300
2026-07-10,12.239999771118164,12.630000114440918,11.869999885559082,12.609999656677246,12.609999656677246,2324800
