date,open,high,low,close,adjclose,volume
2021-08-02,48.400001525878906,48.70000076293945,48.119998931884766,48.540000915527344,41.0109748840332,829600
2021-08-03,48.7400016784668,48.810001373291016,48.619998931884766,48.79999923706055,41.230648040771484,1027200
2021-08-04,49.150001525878906,49.33000183105469,48.630001068115234,48.70000076293945,41.14616012573242,1617400
2021-08-05,49.060001373291016,49.439998626708984,49.040000915527344,49.38999938964844,41.72913360595703,1674000
2021-08-06,48.34000015258789,48.599998474121094,48.040000915527344,48.5099983215332,40.985626220703125,2084700
2021-08-09,49.2400016784668,49.349998474121094,48.84000015258789,49.06999969482422,41.45876693725586,1152700
2021-08-10,49.58000183105469,49.66999816894531,49.2599983215332,49.560001373291016,41.87276840209961,1163200
2021-08-11,50.029998779296875,50.099998474121094,49.65999984741211,49.65999984741211,41.957252502441406,378700
2021-08-12,49.72999954223633,49.900001525878906,49.59000015258789,49.7400016784668,42.02484130859375,868900
2021-08-13,49.959999084472656,50.33000183105469,49.959999084472656,50.16999816894531,42.388145446777344,641300
2021-08-16,50.2599983215332,50.66999816894531,50.18000030517578,50.59000015258789,42.743003845214844,649200
2021-08-17,50.540000915527344,50.75,50.349998474121094,50.529998779296875,42.69231033325195,689000
2021-08-18,50.93000030517578,51.04999923706055,50.459999084472656,50.470001220703125,42.64161682128906,1486000
2021-08-19,50.130001068115234,50.7599983215332,50.09000015258789,50.7599983215332,42.88663101196289,1049200
2021-08-20,50.20000076293945,50.38999938964844,50.029998779296875,50.29999923706055,42.497982025146484,1204800
2021-08-23,50.2400016784668,50.439998626708984,50.150001525878906,50.369998931884766,42.557125091552734,1078400
2021-08-24,50.290000915527344,50.290000915527344,49.97999954223633,50.0,42.244510650634766,1595000
2021-08-25,49.36000061035156,49.619998931884766,49.189998626708984,49.5,41.82206726074219,627100
2021-08-26,49.790000915527344,49.90999984741211,49.560001373291016,49.63999938964844,41.94035720825195,286700
2021-08-27,49.869998931884766,50.290000915527344,49.79999923706055,50.029998779296875,42.26986312866211,832100
2021-08-30,49.79999923706055,49.970001220703125,49.720001220703125,49.75,42.033294677734375,569600
2021-08-31,50.83000183105469,50.86000061035156,50.11000061035156,50.220001220703125,42.430389404296875,1020300
2021-09-01,50.29999923706055,50.38999938964844,49.91999816894531,49.939998626708984,42.19382095336914,1960100
2021-09-02,50.06999969482422,50.16999816894531,49.66999816894531,49.84000015258789,42.10933303833008,3939400
2021-09-03,49.75,49.939998626708984,49.56999969482422,49.75,42.033294677734375,644200
2021-09-07,49.65999984741211,49.66999816894531,49.189998626708984,49.189998626708984,41.560150146484375,732500
2021-09-08,48.70000076293945,48.84000015258789,48.43000030517578,48.4900016784668,40.96873092651367,526900
2021-09-09,48.040000915527344,48.189998626708984,47.16999816894531,47.189998626708984,39.8703727722168,2126200
2021-09-10,47.380001068115234,47.41999816894531,46.630001068115234,46.689998626708984,39.44792938232422,1941200
2021-09-13,46.689998626708984,48.47999954223633,46.27000045776367,46.310001373291016,39.12687301635742,1041000
2021-09-14,46.83000183105469,47.189998626708984,46.72999954223633,46.75,39.49862289428711,838300
2021-09-15,46.91999816894531,46.95000076293945,46.630001068115234,46.86000061035156,39.5915641784668,781500
2021-09-16,46.81999969482422,46.900001525878906,46.47999954223633,46.81999969482422,39.557762145996094,506000
2021-09-17,46.36000061035156,46.400001525878906,45.880001068115234,46.06999969482422,38.92409896850586,1825000
2021-09-20,45.349998474121094,45.939998626708984,45.310001373291016,45.56999969482422,38.501651763916016,651600
2021-09-21,45.81999969482422,46.119998931884766,45.79999923706055,45.970001220703125,38.83960723876953,794900
2021-09-22,46.0,46.31999969482422,45.75,46.11000061035156,38.957889556884766,984800
2021-09-23,46.31999969482422,46.619998931884766,46.31999969482422,46.41999816894531,39.21980285644531,372900
2021-09-24,46.02000045776367,46.220001220703125,45.86000061035156,46.0099983215332,38.87340545654297,376800
2021-09-27,45.63999938964844,45.77000045776367,45.5,45.61000061035156,38.53544616699219,464400
2021-09-28,45.380001068115234,45.5,44.59000015258789,44.810001373291016,37.85953903198242,803100
2021-09-29,45.36000061035156,45.43000030517578,45.119998931884766,45.18000030517578,38.17214584350586,1251800
2021-09-30,45.630001068115234,45.869998931884766,45.470001220703125,45.470001220703125,38.41716003417969,664300
2021-10-01,46.11000061035156,46.7599983215332,45.95000076293945,46.650001525878906,39.41413497924805,662400
2021-10-04,47.130001068115234,47.5,47.06999969482422,47.459999084472656,40.09849548339844,920600
2021-10-05,46.900001525878906,47.060001373291016,46.650001525878906,46.70000076293945,39.45637893676758,1801800
2021-10-06,46.84000015258789,47.349998474121094,46.65999984741211,47.22999954223633,39.9041633605957,795100
2021-10-07,47.88999938964844,48.189998626708984,47.83000183105469,48.04999923706055,40.596981048583984,1162300
2021-10-08,48.380001068115234,49.91999816894531,48.29999923706055,49.88999938964844,42.15157699584961,2660300
2021-10-11,48.95000076293945,49.11000061035156,48.79999923706055,48.83000183105469,41.25599670410156,729100
2021-10-12,48.33000183105469,48.36000061035156,48.06999969482422,48.22999954223633,40.74905776977539,635900
2021-10-13,48.119998931884766,48.40999984741211,48.11000061035156,48.220001220703125,40.7406120300293,527100
2021-10-14,48.20000076293945,48.45000076293945,48.13999938964844,48.25,40.76595687866211,347100
2021-10-15,48.38999938964844,48.93000030517578,48.369998931884766,48.91999816894531,41.332035064697266,473500
2021-10-18,49.0099983215332,49.2599983215332,48.86000061035156,49.15999984741211,41.53480911254883,718200
2021-10-19,48.119998931884766,48.70000076293945,48.11000061035156,48.54999923706055,41.01942443847656,609500
2021-10-20,48.0,48.2400016784668,47.70000076293945,47.7599983215332,40.35195541381836,1004800
2021-10-21,48.4900016784668,48.90999984741211,48.310001373291016,48.84000015258789,41.26444625854492,695600
2021-10-22,48.2599983215332,48.790000915527344,48.0,48.7400016784668,41.17995071411133,1020100
2021-10-25,48.56999969482422,48.70000076293945,48.2599983215332,48.47999954223633,40.96028137207031,483300
2021-10-26,48.16999816894531,48.630001068115234,48.16999816894531,48.529998779296875,41.00252914428711,592600
2021-10-27,48.540000915527344,48.56999969482422,48.040000915527344,48.040000915527344,40.58853530883789,633300
2021-10-28,48.869998931884766,48.88999938964844,48.369998931884766,48.75,41.18840408325195,588200
2021-10-29,48.29999923706055,48.529998779296875,48.2400016784668,48.33000183105469,40.83354949951172,415700
2021-11-01,48.790000915527344,49.38999938964844,48.70000076293945,49.34000015258789,41.686885833740234,505300
2021-11-02,49.939998626708984,50.36000061035156,49.779998779296875,50.06999969482422,42.303653717041016,662200
2021-11-03,50.20000076293945,50.650001525878906,50.09000015258789,50.45000076293945,42.62471389770508,675000
2021-11-04,50.95000076293945,51.04999923706055,50.560001373291016,51.02000045776367,43.106300354003906,2257300
2021-11-05,49.900001525878906,50.31999969482422,49.79999923706055,50.20000076293945,42.41349411010742,945800
2021-11-08,50.20000076293945,50.349998474121094,50.0099983215332,50.209999084472656,42.421939849853516,673600
2021-11-09,50.45000076293945,50.4900016784668,50.189998626708984,50.43000030517578,42.607818603515625,484600
2021-11-10,50.88999938964844,51.0,50.209999084472656,50.220001220703125,42.430389404296875,615500
2021-11-11,50.290000915527344,50.470001220703125,50.13999938964844,50.38999938964844,42.57402420043945,531500
2021-11-12,50.13999938964844,50.189998626708984,49.880001068115234,50.04999923706055,42.2867546081543,508000
2021-11-15,49.849998474121094,50.119998931884766,49.689998626708984,49.709999084472656,41.99949645996094,1184100
2021-11-16,49.63999938964844,49.77000045776367,49.61000061035156,49.61000061035156,41.91501235961914,402700
2021-11-17,49.630001068115234,50.029998779296875,49.61000061035156,49.86000061035156,42.1262321472168,576400
2021-11-18,49.790000915527344,50.130001068115234,49.66999816894531,49.81999969482422,42.09243392944336,545400
2021-11-19,50.31999969482422,50.33000183105469,49.720001220703125,49.75,42.033294677734375,388000
2021-11-22,49.40999984741211,49.4900016784668,48.939998626708984,48.939998626708984,41.34893035888672,337900
2021-11-23,48.099998474121094,48.18000030517578,47.77000045776367,48.13999938964844,40.67301940917969,873600
2021-11-24,48.02000045776367,48.459999084472656,47.95000076293945,48.33000183105469,40.83354949951172,743800
2021-11-26,48.77000045776367,48.91999816894531,48.31999969482422,48.40999984741211,40.90114212036133,253100
2021-11-29,48.310001373291016,48.61000061035156,48.2599983215332,48.33000183105469,40.83354949951172,555900
2021-11-30,48.75,49.04999923706055,48.29999923706055,48.779998779296875,41.213748931884766,477800
2021-12-01,49.34000015258789,49.869998931884766,49.130001068115234,49.13999938964844,41.51791000366211,537100
2021-12-02,49.5099983215332,49.58000183105469,49.25,49.52000045776367,41.838966369628906,575400
2021-12-03,49.84000015258789,49.939998626708984,49.08000183105469,49.349998474121094,41.69533157348633,556900
2021-12-06,50.0,50.13999938964844,49.560001373291016,49.72999954223633,42.016395568847656,444600
2021-12-07,49.2400016784668,49.880001068115234,49.22999954223633,49.77000045776367,42.050193786621094,635800
2021-12-08,50.66999816894531,50.83000183105469,50.31999969482422,50.68000030517578,42.81903839111328,542900
2021-12-09,50.45000076293945,50.68000030517578,50.40999984741211,50.470001220703125,42.64161682128906,304400
2021-12-10,51.09000015258789,51.2599983215332,50.970001220703125,51.119998931884766,43.190792083740234,482800
2021-12-13,50.9900016784668,51.189998626708984,50.63999938964844,50.63999938964844,42.785247802734375,503200
2021-12-14,50.06999969482422,50.279998779296875,49.279998779296875,49.369998931884766,41.71223068237305,803800
2021-12-15,49.86000061035156,50.68000030517578,49.7400016784668,50.619998931884766,42.76834487915039,830000
2021-12-16,51.2400016784668,51.59000015258789,51.16999816894531,51.29999923706055,43.342872619628906,751100
2021-12-17,51.040000915527344,51.380001068115234,51.0099983215332,51.189998626708984,43.249935150146484,709100
2021-12-20,51.150001525878906,51.25,50.66999816894531,50.88999938964844,42.99646759033203,1059000
2021-12-21,51.0099983215332,51.630001068115234,50.810001373291016,51.52000045776367,43.52874755859375,1041400
2021-12-22,50.970001220703125,51.630001068115234,50.93000030517578,51.52000045776367,43.52874755859375,880600
2021-12-23,51.09000015258789,51.27000045776367,51.0,51.16999816894531,43.2330322265625,2197200
2021-12-27,51.79999923706055,52.0,51.65999984741211,51.959999084472656,43.9005012512207,294300
2021-12-28,52.279998779296875,52.470001220703125,52.04999923706055,52.29999923706055,44.18776321411133,440600
2021-12-29,51.97999954223633,52.349998474121094,51.900001525878906,52.29999923706055,44.18776321411133,262900
2021-12-30,52.099998474121094,52.209999084472656,51.56999969482422,51.65999984741211,43.64703369140625,600900
2021-12-31,51.529998779296875,52.04999923706055,51.5,51.689998626708984,43.6723747253418,380100
2022-01-03,51.720001220703125,51.77000045776367,51.310001373291016,51.65999984741211,43.64703369140625,273800
2022-01-04,50.65999984741211,50.900001525878906,50.38999938964844,50.720001220703125,42.852840423583984,867900
2022-01-05,51.11000061035156,51.33000183105469,50.4900016784668,50.4900016784668,42.65851593017578,1005600
2022-01-06,50.779998779296875,50.83000183105469,50.29999923706055,50.34000015258789,42.53178024291992,729800
2022-01-07,50.779998779296875,51.790000915527344,50.779998779296875,51.779998779296875,43.748416900634766,2317200
2022-01-10,50.70000076293945,50.79999923706055,50.150001525878906,50.66999816894531,42.81058883666992,1507100
2022-01-11,50.790000915527344,51.029998779296875,50.61000061035156,51.0099983215332,43.09785079956055,1040300
2022-01-12,50.150001525878906,50.380001068115234,50.029998779296875,50.099998474121094,42.32900619506836,824500
2022-01-13,50.0099983215332,50.119998931884766,49.470001220703125,49.47999954223633,41.805171966552734,721200
2022-01-14,50.209999084472656,50.5099983215332,49.849998474121094,50.29999923706055,42.497982025146484,2234500
2022-01-18,49.650001525878906,50.25,49.58000183105469,50.029998779296875,42.26986312866211,2959800
2022-01-19,49.68000030517578,50.20000076293945,49.63999938964844,50.02000045776367,42.26141357421875,2808200
2022-01-20,49.84000015258789,50.04999923706055,49.380001068115234,49.400001525878906,41.737579345703125,1551300
2022-01-21,49.72999954223633,49.75,49.119998931884766,49.119998931884766,41.501007080078125,1350100
2022-01-24,48.02000045776367,48.029998779296875,46.709999084472656,47.79999923706055,40.38575744628906,1536400
2022-01-25,47.189998626708984,47.47999954223633,46.81999969482422,47.150001525878906,39.836578369140625,1235600
2022-01-26,47.72999954223633,47.869998931884766,46.599998474121094,47.0,39.709842681884766,1310100
2022-01-27,46.970001220703125,47.869998931884766,46.95000076293945,47.70000076293945,40.30126953125,1671300
2022-01-28,47.61000061035156,48.349998474121094,47.45000076293945,48.310001373291016,40.816654205322266,1462900
2022-01-31,48.099998474121094,48.63999938964844,47.83000183105469,48.59000015258789,41.053218841552734,1122800
2022-02-01,48.939998626708984,49.0,48.68000030517578,49.0,41.39962387084961,1506600
2022-02-02,48.61000061035156,48.95000076293945,48.470001220703125,48.77000045776367,41.20530319213867,698300
2022-02-03,47.33000183105469,47.470001220703125,47.099998474121094,47.11000061035156,39.80278015136719,724000
2022-02-04,47.0,47.150001525878906,46.540000915527344,46.70000076293945,39.45637893676758,2018100
2022-02-07,46.439998626708984,46.900001525878906,46.34000015258789,46.7400016784668,39.490177154541016,695100
2022-02-08,47.0,47.099998474121094,46.779998779296875,47.060001373291016,39.760536193847656,696300
2022-02-09,48.220001220703125,48.45000076293945,48.060001373291016,48.189998626708984,40.71526336669922,1012600
2022-02-10,47.77000045776367,48.27000045776367,47.63999938964844,47.68000030517578,40.28437042236328,613000
2022-02-11,47.40999984741211,47.58000183105469,46.61000061035156,46.720001220703125,39.4732780456543,471200
2022-02-14,46.5,46.56999969482422,46.0,46.22999954223633,39.05928039550781,1054600
2022-02-15,46.9900016784668,47.119998931884766,46.77000045776367,46.91999816894531,39.642250061035156,1201600
2022-02-16,47.16999816894531,47.599998474121094,47.150001525878906,47.56999969482422,40.19143295288086,594300
2022-02-17,47.0,47.029998779296875,46.650001525878906,46.66999816894531,39.4310302734375,802400
2022-02-18,46.849998474121094,46.849998474121094,46.25,46.34000015258789,39.15221405029297,418200
2022-02-22,46.619998931884766,46.880001068115234,46.349998474121094,46.66999816894531,39.4310302734375,921400
2022-02-23,47.5099983215332,47.540000915527344,46.41999816894531,46.5099983215332,39.29584884643555,1519200
2022-02-24,45.5099983215332,46.52000045776367,45.47999954223633,46.41999816894531,39.21980285644531,1080800
2022-02-25,46.7599983215332,47.630001068115234,46.720001220703125,47.630001068115234,40.24212646484375,855300
2022-02-28,47.61000061035156,47.869998931884766,46.9900016784668,47.22999954223633,39.9041633605957,1111800
2022-03-01,47.25,47.72999954223633,47.15999984741211,47.40999984741211,40.05625534057617,1313000
2022-03-02,46.86000061035156,47.16999816894531,46.720001220703125,47.02000045776367,39.726741790771484,1098200
2022-03-03,46.91999816894531,47.0,46.13999938964844,46.33000183105469,39.143768310546875,1054600
2022-03-04,45.56999969482422,46.25,45.38999938964844,46.040000915527344,38.89875030517578,1126600
2022-03-07,46.099998474121094,46.209999084472656,45.2599983215332,45.310001373291016,38.281982421875,1255300
2022-03-08,46.13999938964844,47.189998626708984,45.58000183105469,46.310001373291016,39.12687301635742,1412000
2022-03-09,47.0099983215332,48.25,46.720001220703125,47.970001220703125,40.529388427734375,1640400
2022-03-10,47.09000015258789,47.45000076293945,46.84000015258789,46.959999084472656,39.676048278808594,1108200
2022-03-11,47.5,47.560001373291016,46.40999984741211,46.41999816894531,39.21980285644531,634000
2022-03-14,47.529998779296875,48.040000915527344,47.25,47.279998779296875,39.9464111328125,1398100
2022-03-15,47.880001068115234,48.13999938964844,47.45000076293945,47.849998474121094,40.42799758911133,1887600
2022-03-16,48.0,48.290000915527344,47.02000045776367,48.060001373291016,40.605430603027344,974000
2022-03-17,46.939998626708984,48.22999954223633,46.91999816894531,47.9900016784668,41.642364501953125,1616200
2022-03-18,48.540000915527344,49.25,48.459999084472656,49.150001525878906,42.6489372253418,1677300
2022-03-21,48.939998626708984,49.34000015258789,48.880001068115234,48.91999816894531,42.44935607910156,1083600
2022-03-22,48.880001068115234,49.41999816894531,48.83000183105469,49.08000183105469,42.58819580078125,1480500
2022-03-23,49.130001068115234,49.369998931884766,48.88999938964844,49.099998474121094,42.60554885864258,2842600
2022-03-24,49.849998474121094,50.189998626708984,49.70000076293945,50.099998474121094,43.4732780456543,639100
2022-03-25,50.11000061035156,50.59000015258789,49.91999816894531,50.5099983215332,43.829044342041016,2329200
2022-03-28,49.91999816894531,50.189998626708984,49.7400016784668,50.11000061035156,43.48195266723633,1141200
2022-03-29,50.279998779296875,50.380001068115234,49.7599983215332,50.150001525878906,43.516666412353516,882500
2022-03-30,50.060001373291016,50.310001373291016,49.97999954223633,50.060001373291016,43.438568115234375,2400000
2022-03-31,50.13999938964844,50.29999923706055,49.38999938964844,49.40999984741211,42.87454605102539,710500
2022-04-01,49.9900016784668,50.58000183105469,49.81999969482422,50.4900016784668,43.81169509887695,2626600
2022-04-04,51.189998626708984,51.86000061035156,51.16999816894531,51.61000061035156,44.78355026245117,4723300
2022-04-05,51.720001220703125,52.09000015258789,51.63999938964844,51.75,44.905029296875,670200
2022-04-06,52.18000030517578,52.79999923706055,52.08000183105469,52.630001068115234,45.668636322021484,1421400
2022-04-07,52.79999923706055,53.43000030517578,52.619998931884766,53.2400016784668,46.19794845581055,5959500
2022-04-08,52.84000015258789,53.61000061035156,52.689998626708984,53.439998626708984,46.371498107910156,5837600
2022-04-11,53.54999923706055,53.86000061035156,53.20000076293945,53.25,46.206626892089844,3107200
2022-04-12,52.58000183105469,52.720001220703125,51.939998626708984,52.04999923706055,45.16535186767578,1803200
2022-04-13,52.220001220703125,52.41999816894531,51.97999954223633,52.2599983215332,45.347572326660156,507600
2022-04-14,52.15999984741211,52.20000076293945,51.630001068115234,51.630001068115234,44.8009033203125,407600
2022-04-18,51.849998474121094,51.849998474121094,51.22999954223633,51.36000061035156,44.56661605834961,550900
2022-04-19,50.0099983215332,50.209999084472656,49.619998931884766,49.66999816894531,43.100154876708984,1134000
2022-04-20,49.349998474121094,49.689998626708984,49.130001068115234,49.150001525878906,42.6489372253418,1900000
2022-04-21,48.45000076293945,48.5,47.38999938964844,47.470001220703125,41.1911506652832,7627000
2022-04-22,48.52000045776367,48.650001525878906,47.7599983215332,47.880001068115234,41.546913146972656,6354900
2022-04-25,47.58000183105469,48.15999984741211,47.33000183105469,48.08000183105469,41.72046661376953,2215400
2022-04-26,46.869998931884766,46.880001068115234,46.220001220703125,46.25,40.13251495361328,1746000
2022-04-27,47.040000915527344,47.310001373291016,46.720001220703125,47.0,40.7833137512207,846700
2022-04-28,46.5,46.790000915527344,46.36000061035156,46.58000183105469,40.41887283325195,890700
2022-04-29,46.86000061035156,47.15999984741211,46.130001068115234,46.18000030517578,40.07177734375,655100
2022-05-02,46.099998474121094,46.16999816894531,45.04999923706055,45.5,39.48171615600586,1218400
2022-05-03,45.5099983215332,45.63999938964844,45.029998779296875,45.130001068115234,39.16065979003906,1724000
2022-05-04,44.810001373291016,45.119998931884766,44.0,45.0099983215332,39.05653381347656,1399200
2022-05-05,44.40999984741211,44.5099983215332,43.529998779296875,43.75,37.963191986083984,1708100
2022-05-06,43.869998931884766,44.290000915527344,43.540000915527344,43.939998626708984,38.12805938720703,1661200
2022-05-09,43.68000030517578,43.779998779296875,43.15999984741211,43.599998474121094,37.833030700683594,2145700
2022-05-10,44.41999816894531,44.83000183105469,44.15999984741211,44.619998931884766,38.718116760253906,1518000
2022-05-11,41.15999984741211,41.5099983215332,40.5099983215332,40.560001373291016,35.19513702392578,4606600
2022-05-12,40.45000076293945,40.5099983215332,39.400001525878906,39.540000915527344,34.31005096435547,7242600
2022-05-13,39.43000030517578,39.79999923706055,39.31999969482422,39.75,34.492271423339844,3613000
2022-05-16,39.93000030517578,40.31999969482422,39.880001068115234,40.119998931884766,34.81332778930664,4189200
2022-05-17,40.849998474121094,40.88999938964844,40.290000915527344,40.369998931884766,35.03026580810547,1209700
2022-05-18,40.54999923706055,40.66999816894531,40.27000045776367,40.34000015258789,35.00423049926758,4268400
2022-05-19,40.470001220703125,41.0,40.43000030517578,40.7400016784668,35.35132598876953,7703400
2022-05-20,40.93000030517578,41.15999984741211,40.720001220703125,41.11000061035156,35.672386169433594,8161400
2022-05-23,41.560001373291016,42.099998474121094,41.560001373291016,41.86000061035156,36.32318115234375,9109700
2022-05-24,42.900001525878906,43.34000015258789,42.810001373291016,43.22999954223633,37.5119743347168,4564100
2022-05-25,43.36000061035156,43.459999084472656,42.959999084472656,42.9900016784668,37.303714752197266,2119600
2022-05-26,43.47999954223633,43.869998931884766,43.11000061035156,43.33000183105469,37.59874725341797,1594100
2022-05-27,43.150001525878906,43.22999954223633,42.880001068115234,43.060001373291016,37.36445999145508,1347100
2022-05-31,42.709999084472656,42.79999923706055,42.459999084472656,42.540000915527344,36.913238525390625,3510600
2022-06-01,42.5099983215332,42.5099983215332,41.650001525878906,41.7599983215332,36.23640441894531,1007700
2022-06-02,42.209999084472656,42.29999923706055,41.849998474121094,42.25,36.66159439086914,1813600
2022-06-03,41.81999969482422,41.93000030517578,41.52000045776367,41.54999923706055,36.05418395996094,850100
2022-06-06,40.52000045776367,42.560001373291016,40.5099983215332,41.22999954223633,35.77651596069336,813000
2022-06-07,40.5099983215332,41.029998779296875,40.5099983215332,40.939998626708984,35.524871826171875,2501100
2022-06-08,40.79999923706055,41.150001525878906,40.59000015258789,40.61000061035156,35.238521575927734,777500
2022-06-09,41.08000183105469,41.25,40.25,40.25,34.9261360168457,1239200
2022-06-10,39.61000061035156,39.91999816894531,39.40999984741211,39.58000183105469,34.34475326538086,1882100
2022-06-13,38.849998474121094,39.04999923706055,38.400001525878906,38.599998474121094,33.49437713623047,1450100
2022-06-14,38.790000915527344,38.869998931884766,37.880001068115234,38.209999084472656,33.155967712402344,1957500
2022-06-15,38.2599983215332,38.810001373291016,38.0,38.529998779296875,33.43363952636719,981900
2022-06-16,38.810001373291016,39.27000045776367,38.619998931884766,39.13999938964844,33.962955474853516,1302100
2022-06-17,39.310001373291016,39.5,38.75,38.970001220703125,33.81544494628906,1059300
2022-06-21,39.0099983215332,39.20000076293945,38.869998931884766,38.970001220703125,33.81544494628906,1180500
2022-06-22,39.13999938964844,39.849998474121094,39.119998931884766,39.63999938964844,34.39681625366211,1551800
2022-06-23,39.75,40.08000183105469,39.720001220703125,40.0099983215332,34.71788024902344,731500
2022-06-24,41.439998626708984,41.77000045776367,41.34000015258789,41.63999938964844,36.13227844238281,2231100
2022-06-27,41.689998626708984,42.36000061035156,41.560001373291016,42.220001220703125,36.63556671142578,5103800
2022-06-28,41.58000183105469,41.709999084472656,41.2400016784668,41.36000061035156,35.88931655883789,2822600
2022-06-29,41.81999969482422,42.099998474121094,41.720001220703125,41.810001373291016,36.27979278564453,1411600
2022-06-30,41.33000183105469,41.90999984741211,41.209999084472656,41.709999084472656,36.193023681640625,1303500
2022-07-01,41.5,42.06999969482422,41.38999938964844,42.0099983215332,36.453338623046875,562000
2022-07-05,41.279998779296875,41.630001068115234,41.119998931884766,41.56999969482422,36.07154083251953,1070800
2022-07-06,41.79999923706055,41.939998626708984,41.540000915527344,41.81999969482422,36.28846740722656,775200
2022-07-07,41.869998931884766,41.9900016784668,41.70000076293945,41.810001373291016,36.27979278564453,800700
2022-07-08,40.93000030517578,41.47999954223633,40.90999984741211,41.130001068115234,35.689735412597656,1503300
2022-07-11,41.33000183105469,41.79999923706055,41.279998779296875,41.54999923706055,36.05418395996094,1796100
2022-07-12,41.77000045776367,41.90999984741211,41.58000183105469,41.630001068115234,36.12360382080078,845700
2022-07-13,41.20000076293945,41.7400016784668,41.16999816894531,41.56999969482422,36.07154083251953,3307400
2022-07-14,40.91999816894531,41.560001373291016,40.810001373291016,41.43000030517578,35.9500617980957,1529500
2022-07-15,42.04999923706055,42.54999923706055,41.95000076293945,42.459999084472656,36.84381866455078,1549400
2022-07-18,42.47999954223633,42.5,41.70000076293945,41.79999923706055,36.2711181640625,1541800
2022-07-19,42.810001373291016,42.84000015258789,42.38999938964844,42.77000045776367,37.11281967163086,4274700
2022-07-20,42.5099983215332,42.54999923706055,42.040000915527344,42.18000030517578,36.60085678100586,1872200
2022-07-21,41.529998779296875,42.18000030517578,41.41999816894531,41.959999084472656,36.40995407104492,1432600
2022-07-22,42.43000030517578,42.59000015258789,41.79999923706055,42.08000183105469,36.51408386230469,820800
2022-07-25,42.470001220703125,42.59000015258789,42.31999969482422,42.4900016784668,36.869850158691406,519500
2022-07-26,42.970001220703125,43.22999954223633,42.88999938964844,42.93000030517578,37.251651763916016,1200400
2022-07-27,42.59000015258789,42.84000015258789,42.11000061035156,42.63999938964844,37.00000762939453,887900
2022-07-28,42.16999816894531,42.66999816894531,41.86000061035156,42.40999984741211,36.80043029785156,701100
2022-07-29,41.77000045776367,41.790000915527344,41.220001220703125,41.470001220703125,35.98476791381836,987600
2022-08-01,41.0,41.560001373291016,41.0,41.29999923706055,35.83725357055664,517600
2022-08-02,41.5099983215332,41.619998931884766,41.2400016784668,41.279998779296875,35.81990051269531,1040600
2022-08-03,41.56999969482422,41.779998779296875,41.369998931884766,41.56999969482422,36.07154083251953,812200
2022-08-04,41.130001068115234,41.47999954223633,41.08000183105469,41.20000076293945,35.75048065185547,826000
2022-08-05,41.20000076293945,41.31999969482422,40.88999938964844,41.15999984741211,35.71577072143555,660200
2022-08-08,41.22999954223633,41.52000045776367,41.130001068115234,41.36000061035156,35.88931655883789,737600
2022-08-09,41.689998626708984,41.90999984741211,41.529998779296875,41.54999923706055,36.05418395996094,702000
2022-08-10,42.119998931884766,42.20000076293945,41.83000183105469,42.09000015258789,36.522762298583984,810200
2022-08-11,41.650001525878906,41.84000015258789,41.040000915527344,41.040000915527344,35.61164474487305,953200
2022-08-12,41.630001068115234,42.06999969482422,41.630001068115234,42.0,36.44466781616211,449800
2022-08-15,42.029998779296875,42.310001373291016,41.95000076293945,42.279998779296875,36.68762969970703,1133200
2022-08-16,41.310001373291016,41.65999984741211,41.11000061035156,41.56999969482422,36.07154083251953,1180900
2022-08-17,41.470001220703125,41.93000030517578,41.38999938964844,41.63999938964844,36.13227844238281,1975800
2022-08-18,42.0099983215332,42.060001373291016,41.66999816894531,41.959999084472656,36.40995407104492,1340600
2022-08-19,42.15999984741211,42.34000015258789,42.0,42.16999816894531,36.59217834472656,966000
2022-08-22,42.2599983215332,42.40999984741211,41.72999954223633,41.810001373291016,36.27979278564453,1167900
2022-08-23,41.20000076293945,41.41999816894531,41.06999969482422,41.2599983215332,35.80254364013672,900700
2022-08-24,40.959999084472656,41.25,40.869998931884766,41.040000915527344,35.61164474487305,685700
2022-08-25,41.099998474121094,41.619998931884766,41.029998779296875,41.54999923706055,36.05418395996094,1001000
2022-08-26,41.599998474121094,41.72999954223633,40.599998474121094,40.619998931884766,35.247196197509766,715000
2022-08-29,40.66999816894531,40.83000183105469,40.540000915527344,40.54999923706055,35.18645477294922,1531300
2022-08-30,40.790000915527344,40.880001068115234,40.290000915527344,40.34000015258789,35.00423049926758,1046600
2022-08-31,40.540000915527344,40.63999938964844,40.349998474121094,40.439998626708984,35.09100341796875,1404200
2022-09-01,39.88999938964844,40.310001373291016,39.58000183105469,40.290000915527344,34.96084213256836,1290100
2022-09-02,40.20000076293945,40.7599983215332,39.93000030517578,40.0,34.709205627441406,1488300
2022-09-06,41.13999938964844,41.27000045776367,40.779998779296875,40.93000030517578,35.51619338989258,1068600
2022-09-07,40.97999954223633,41.689998626708984,40.91999816894531,41.619998931884766,36.114925384521484,1441300
2022-09-08,41.400001525878906,41.88999938964844,41.27000045776367,41.7599983215332,36.23640441894531,998700
2022-09-09,42.369998931884766,42.47999954223633,42.13999938964844,42.20000076293945,36.61820983886719,878900
2022-09-12,42.18000030517578,42.540000915527344,42.150001525878906,42.189998626708984,36.60953140258789,1398700
2022-09-13,42.08000183105469,42.41999816894531,41.79999923706055,41.970001220703125,36.41863250732422,1498200
2022-09-14,41.91999816894531,42.220001220703125,41.84000015258789,42.0,36.44466781616211,1816200
2022-09-15,42.7400016784668,42.9900016784668,42.58000183105469,42.619998931884766,36.9826545715332,1066800
2022-09-16,42.5099983215332,42.689998626708984,42.18000030517578,42.349998474121094,36.74836730957031,733500
2022-09-19,41.83000183105469,41.93000030517578,41.529998779296875,41.77000045776367,36.245086669921875,1319900
2022-09-20,41.31999969482422,41.400001525878906,40.90999984741211,41.099998474121094,35.66370391845703,533200
2022-09-21,40.970001220703125,41.0,40.040000915527344,40.09000015258789,34.787296295166016,1311100
2022-09-22,39.790000915527344,40.150001525878906,39.58000183105469,40.040000915527344,34.74391555786133,2233000
2022-09-23,39.95000076293945,40.029998779296875,39.220001220703125,39.599998474121094,34.36211013793945,1658000
2022-09-26,38.619998931884766,38.849998474121094,38.34000015258789,38.689998626708984,33.572471618652344,2678000
2022-09-27,39.31999969482422,39.65999984741211,38.9900016784668,39.04999923706055,33.88486099243164,5086200
2022-09-28,40.869998931884766,41.95000076293945,40.869998931884766,41.75,36.227725982666016,5938300
2022-09-29,40.97999954223633,41.16999816894531,40.529998779296875,41.11000061035156,35.672386169433594,5466200
2022-09-30,40.9900016784668,41.310001373291016,40.56999969482422,40.619998931884766,35.247196197509766,1986600
2022-10-03,40.77000045776367,40.79999923706055,40.439998626708984,40.470001220703125,35.11703872680664,1857000
2022-10-04,41.939998626708984,42.47999954223633,41.900001525878906,42.43000030517578,36.817787170410156,1529600
2022-10-05,41.619998931884766,41.97999954223633,41.459999084472656,41.72999954223633,36.21037673950195,1667800
2022-10-06,41.09000015258789,41.2599983215332,40.7599983215332,41.04999923706055,35.62031936645508,1440400
2022-10-07,41.02000045776367,41.06999969482422,40.619998931884766,40.619998931884766,35.247196197509766,828500
2022-10-10,40.099998474121094,40.189998626708984,39.869998931884766,39.970001220703125,34.68317413330078,2018000
2022-10-11,40.369998931884766,40.90999984741211,40.209999084472656,40.529998779296875,35.169097900390625,1087400
2022-10-12,40.20000076293945,40.4900016784668,40.04999923706055,40.08000183105469,34.778621673583984,1525300
2022-10-13,39.52000045776367,40.66999816894531,39.52000045776367,40.380001068115234,35.0389404296875,1487700
2022-10-14,40.709999084472656,40.88999938964844,40.2599983215332,40.47999954223633,35.12571334838867,1517200
2022-10-17,41.18000030517578,41.5,41.130001068115234,41.20000076293945,35.75048065185547,913000
2022-10-18,41.15999984741211,41.29999923706055,40.97999954223633,41.08000183105469,35.6463508605957,1204600
2022-10-19,40.849998474121094,40.869998931884766,40.31999969482422,40.5,35.143070220947266,740500
2022-10-20,40.16999816894531,40.5099983215332,40.0099983215332,40.060001373291016,34.761268615722656,818000
2022-10-21,39.95000076293945,40.810001373291016,39.86000061035156,40.7599983215332,35.36867904663086,960900
2022-10-24,40.77000045776367,41.119998931884766,40.65999984741211,40.66999816894531,35.29058074951172,1175700
2022-10-25,41.11000061035156,41.7599983215332,41.08000183105469,41.70000076293945,36.18434143066406,669800
2022-10-26,41.52000045776367,42.0,41.5,41.7400016784668,36.21905517578125,787100
2022-10-27,41.52000045776367,41.56999969482422,41.04999923706055,41.04999923706055,35.62031936645508,827200
2022-10-28,41.310001373291016,41.75,41.29999923706055,41.61000061035156,36.10625076293945,777000
2022-10-31,41.45000076293945,41.689998626708984,41.310001373291016,41.34000015258789,35.87196350097656,1523000
2022-11-01,41.65999984741211,41.66999816894531,40.91999816894531,41.18000030517578,35.733123779296875,1096100
2022-11-02,41.59000015258789,41.9900016784668,41.130001068115234,41.189998626708984,35.741798400878906,1775000
2022-11-03,40.470001220703125,41.029998779296875,40.45000076293945,40.90999984741211,35.498836517333984,1038800
2022-11-04,40.97999954223633,41.25,40.7400016784668,41.04999923706055,35.62031936645508,1194200
2022-11-07,40.779998779296875,40.91999816894531,40.63999938964844,40.83000183105469,35.42942428588867,782600
2022-11-08,40.9900016784668,41.2599983215332,40.81999969482422,40.84000015258789,35.43809509277344,1121600
2022-11-09,41.72999954223633,41.90999984741211,41.34000015258789,41.36000061035156,35.88931655883789,674200
2022-11-10,42.709999084472656,42.95000076293945,42.31999969482422,42.529998779296875,36.90455627441406,1097600
2022-11-11,42.7400016784668,43.31999969482422,42.58000183105469,43.25,37.52932357788086,657200
2022-11-14,41.119998931884766,41.70000076293945,41.02000045776367,41.27000045776367,35.811222076416016,2288300
2022-11-15,41.56999969482422,41.869998931884766,41.040000915527344,41.36000061035156,35.88931655883789,2588300
2022-11-16,41.43000030517578,41.5099983215332,41.0,41.0,35.576934814453125,1461200
2022-11-17,40.40999984741211,40.52000045776367,40.060001373291016,40.18000030517578,34.865394592285156,723700
2022-11-18,40.41999816894531,40.470001220703125,40.060001373291016,40.150001525878906,34.83936309814453,1140700
2022-11-21,40.279998779296875,40.31999969482422,39.900001525878906,39.90999984741211,34.631107330322266,1301000
2022-11-22,40.09000015258789,40.09000015258789,39.79999923706055,39.86000061035156,34.58771896362305,899700
2022-11-23,40.279998779296875,40.70000076293945,40.25,40.619998931884766,35.247196197509766,1039200
2022-11-25,41.08000183105469,41.22999954223633,40.97999954223633,41.060001373291016,35.62900161743164,444500
2022-11-28,41.25,41.59000015258789,40.9900016784668,41.09000015258789,35.655025482177734,1224500
2022-11-29,40.560001373291016,40.720001220703125,40.439998626708984,40.65999984741211,35.28190612792969,600900
2022-11-30,40.83000183105469,41.099998474121094,40.36000061035156,40.91999816894531,35.507511138916016,1981200
2022-12-01,41.22999954223633,41.38999938964844,41.040000915527344,41.13999938964844,35.69841384887695,1114200
2022-12-02,41.0099983215332,41.20000076293945,40.849998474121094,41.08000183105469,35.6463508605957,1042800
2022-12-05,40.88999938964844,41.209999084472656,40.689998626708984,40.81999969482422,35.42074203491211,768900
2022-12-06,40.59000015258789,40.63999938964844,40.25,40.27000045776367,34.94348907470703,987900
2022-12-07,40.13999938964844,40.33000183105469,39.90999984741211,39.95000076293945,34.66581726074219,1203800
2022-12-08,39.95000076293945,40.5099983215332,39.84000015258789,40.470001220703125,35.11703872680664,1070300
2022-12-09,40.65999984741211,40.810001373291016,40.400001525878906,40.5099983215332,35.1517448425293,926000
2022-12-12,40.470001220703125,40.63999938964844,40.33000183105469,40.4900016784668,35.134395599365234,872700
2022-12-13,41.540000915527344,41.619998931884766,41.16999816894531,41.16999816894531,35.72444534301758,925500
2022-12-14,41.33000183105469,41.709999084472656,41.060001373291016,41.220001220703125,35.76783752441406,726200
2022-12-15,40.91999816894531,41.0,40.41999816894531,40.560001373291016,35.19513702392578,933000
2022-12-16,40.61000061035156,40.810001373291016,40.209999084472656,40.34000015258789,35.00423049926758,729600
2022-12-19,40.40999984741211,40.470001220703125,40.029998779296875,40.150001525878906,34.83936309814453,1230300
2022-12-20,39.970001220703125,40.119998931884766,39.79999923706055,39.849998474121094,34.579044342041016,1064200
2022-12-21,39.869998931884766,40.20000076293945,39.84000015258789,39.93000030517578,34.64846420288086,1033700
2022-12-22,39.84000015258789,39.86000061035156,39.400001525878906,39.52000045776367,34.29269027709961,1290800
2022-12-23,39.4900016784668,39.66999816894531,39.310001373291016,39.38999938964844,34.17988967895508,888300
2022-12-27,39.70000076293945,39.72999954223633,39.38999938964844,39.38999938964844,34.17988967895508,1112400
2022-12-28,39.40999984741211,39.61000061035156,39.11000061035156,39.16999816894531,33.98898696899414,1723900
2022-12-29,39.66999816894531,39.779998779296875,39.56999969482422,39.59000015258789,34.35343551635742,2651600
2022-12-30,39.560001373291016,39.619998931884766,39.06999969482422,39.150001525878906,33.97163391113281,1068600
2023-01-03,39.27000045776367,39.529998779296875,38.900001525878906,39.27000045776367,34.07575988769531,2237700
2023-01-04,40.08000183105469,40.13999938964844,39.810001373291016,39.88999938964844,34.61375427246094,1618300
2023-01-05,39.11000061035156,39.11000061035156,38.75,38.939998626708984,33.78940963745117,1127400
2023-01-06,39.029998779296875,39.7400016784668,38.83000183105469,39.58000183105469,34.34475326538086,781100
2023-01-09,39.849998474121094,39.91999816894531,39.36000061035156,39.380001068115234,34.17121124267578,1897000
2023-01-10,39.52000045776367,39.900001525878906,39.4900016784668,39.560001373291016,34.3274040222168,904900
2023-01-11,39.13999938964844,39.220001220703125,38.95000076293945,39.02000045776367,33.858829498291016,1845800
2023-01-12,38.79999923706055,39.02000045776367,38.54999923706055,38.83000183105469,33.6939582824707,1610100
2023-01-13,39.20000076293945,39.45000076293945,39.13999938964844,39.43000030517578,34.214595794677734,2198300
2023-01-17,40.040000915527344,40.130001068115234,39.81999969482422,39.90999984741211,34.631107330322266,2858700
2023-01-18,40.83000183105469,40.84000015258789,39.66999816894531,39.72999954223633,34.474918365478516,1555300
2023-01-19,40.38999938964844,40.43000030517578,40.06999969482422,40.22999954223633,34.908782958984375,1122600
2023-01-20,39.97999954223633,40.040000915527344,39.7599983215332,40.040000915527344,34.74391555786133,1183300
2023-01-23,39.91999816894531,40.189998626708984,39.900001525878906,40.18000030517578,34.865394592285156,1855700
2023-01-24,39.75,40.13999938964844,39.689998626708984,39.95000076293945,34.66581726074219,2052400
2023-01-25,39.90999984741211,40.13999938964844,39.58000183105469,40.04999923706055,34.75259017944336,2293800
2023-01-26,39.93000030517578,39.959999084472656,39.18000030517578,39.380001068115234,34.17121124267578,1099700
2023-01-27,39.18000030517578,39.41999816894531,39.119998931884766,39.290000915527344,34.09311294555664,1470000
2023-01-30,39.060001373291016,39.15999984741211,38.900001525878906,38.90999984741211,33.76337432861328,1961200
2023-01-31,38.599998474121094,39.150001525878906,38.43000030517578,39.150001525878906,33.97163391113281,1041800
2023-02-01,38.22999954223633,38.79999923706055,37.709999084472656,38.31999969482422,33.25141906738281,2528300
2023-02-02,37.86000061035156,37.90999984741211,37.29999923706055,37.65999984741211,32.678714752197266,3184100
2023-02-03,38.20000076293945,38.5,38.0,38.11000061035156,33.06919479370117,1719500
2023-02-06,38.2400016784668,38.400001525878906,38.11000061035156,38.349998474121094,33.27744674682617,2618600
2023-02-07,38.47999954223633,38.83000183105469,38.400001525878906,38.790000915527344,33.65924835205078,1597400
2023-02-08,38.959999084472656,39.16999816894531,38.81999969482422,38.869998931884766,33.728668212890625,1374900
2023-02-09,38.75,38.869998931884766,38.11000061035156,38.369998931884766,33.294803619384766,4652300
2023-02-10,38.0,38.2599983215332,37.79999923706055,38.11000061035156,33.06919479370117,1829900
2023-02-13,37.93000030517578,38.04999923706055,37.790000915527344,37.95000076293945,32.930355072021484,1852900
2023-02-14,38.0,38.029998779296875,37.720001220703125,37.84000015258789,32.83490753173828,3284600
2023-02-15,37.540000915527344,37.65999984741211,37.45000076293945,37.61000061035156,32.63533020019531,1551100
2023-02-16,37.290000915527344,37.38999938964844,37.150001525878906,37.209999084472656,32.28823471069336,2607200
2023-02-17,37.66999816894531,37.88999938964844,37.45000076293945,37.880001068115234,32.8696174621582,2022300
2023-02-21,37.869998931884766,38.13999938964844,37.689998626708984,37.88999938964844,32.878292083740234,2277700
2023-02-22,38.22999954223633,38.25,37.869998931884766,37.93000030517578,32.913002014160156,2140200
2023-02-23,37.439998626708984,37.75,37.34000015258789,37.68000030517578,32.69607162475586,2165700
2023-02-24,37.0099983215332,37.08000183105469,36.619998931884766,36.810001373291016,31.941144943237305,2284600
2023-02-27,36.65999984741211,36.79999923706055,36.54999923706055,36.7400016784668,31.880399703979492,2945800
2023-02-28,36.5099983215332,36.529998779296875,36.040000915527344,36.04999923706055,31.281667709350586,2760200
2023-03-01,36.15999984741211,36.20000076293945,35.90999984741211,35.959999084472656,31.20357322692871,2203600
2023-03-02,36.13999938964844,36.4900016784668,36.099998474121094,36.400001525878906,31.585372924804688,1764800
2023-03-03,36.5099983215332,36.70000076293945,36.41999816894531,36.5,31.672147750854492,782900
2023-03-06,36.310001373291016,36.36000061035156,36.099998474121094,36.27000045776367,31.472572326660156,1064100
2023-03-07,36.08000183105469,36.099998474121094,35.34000015258789,35.369998931884766,30.691612243652344,4078100
2023-03-08,35.279998779296875,35.43000030517578,34.970001220703125,34.9900016784668,30.361879348754883,4053300
2023-03-09,35.189998626708984,35.27000045776367,35.09000015258789,35.130001068115234,30.483362197875977,3673400
2023-03-10,35.7599983215332,35.91999816894531,35.54999923706055,35.75,31.021352767944336,2740600
2023-03-13,35.880001068115234,36.540000915527344,35.880001068115234,36.349998474121094,31.54198455810547,2482400
2023-03-14,36.380001068115234,36.459999084472656,36.2400016784668,36.369998931884766,31.559341430664062,1503100
2023-03-15,35.959999084472656,36.599998474121094,35.79999923706055,35.959999084472656,31.20357322692871,1855800
2023-03-16,34.77000045776367,35.2400016784668,34.70000076293945,35.02000045776367,31.515853881835938,3372400
2023-03-17,35.11000061035156,35.290000915527344,34.900001525878906,35.06999969482422,31.560850143432617,1168600
2023-03-20,35.290000915527344,35.36000061035156,35.13999938964844,35.13999938964844,31.62384796142578,1397800
2023-03-21,35.619998931884766,35.68000030517578,35.400001525878906,35.619998931884766,32.05581283569336,887500
2023-03-22,35.349998474121094,35.58000183105469,35.220001220703125,35.310001373291016,31.776836395263672,1944900
2023-03-23,35.220001220703125,35.34000015258789,34.939998626708984,35.02000045776367,31.515853881835938,1905300
2023-03-24,35.130001068115234,35.380001068115234,34.900001525878906,35.369998931884766,31.830829620361328,2113600
2023-03-27,34.93000030517578,35.13999938964844,34.900001525878906,35.099998474121094,31.587846755981445,2103700
2023-03-28,34.81999969482422,34.88999938964844,34.70000076293945,34.880001068115234,31.389862060546875,1891700
2023-03-29,35.34000015258789,35.459999084472656,35.130001068115234,35.45000076293945,31.9028263092041,1965600
2023-03-30,35.66999816894531,35.849998474121094,35.63999938964844,35.79999923706055,32.217803955078125,2838300
2023-03-31,35.599998474121094,35.900001525878906,35.59000015258789,35.86000061035156,32.27180480957031,1367500
2023-04-03,35.560001373291016,35.86000061035156,35.47999954223633,35.81999969482422,32.23580551147461,1138200
2023-04-04,35.70000076293945,36.13999938964844,35.65999984741211,36.11000061035156,32.496788024902344,1459700
2023-04-05,37.06999969482422,37.25,37.0,37.15999984741211,33.44172286987305,1841900
2023-04-06,37.97999954223633,38.400001525878906,37.959999084472656,38.150001525878906,34.332664489746094,2692800
2023-04-10,38.0,38.459999084472656,37.5,38.04999923706055,34.2426643371582,1926900
2023-04-11,37.70000076293945,38.02000045776367,37.650001525878906,37.90999984741211,34.116676330566406,2245000
2023-04-12,38.540000915527344,38.81999969482422,38.40999984741211,38.4900016784668,34.638641357421875,3620000
2023-04-13,38.810001373291016,39.060001373291016,38.810001373291016,39.0099983215332,35.106605529785156,5409000
2023-04-14,38.939998626708984,38.97999954223633,38.709999084472656,38.72999954223633,34.8546257019043,1787700
2023-04-17,38.72999954223633,38.77000045776367,38.56999969482422,38.61000061035156,34.74663543701172,1867900
2023-04-18,38.63999938964844,38.68000030517578,38.400001525878906,38.540000915527344,34.68363571166992,3148200
2023-04-19,38.380001068115234,38.4900016784668,38.22999954223633,38.43000030517578,34.58464431762695,1988700
2023-04-20,38.86000061035156,39.02000045776367,38.75,38.95000076293945,35.0526123046875,2199600
2023-04-21,39.380001068115234,39.47999954223633,39.25,39.470001220703125,35.52058410644531,1670200
2023-04-24,39.400001525878906,39.70000076293945,39.31999969482422,39.650001525878906,35.68257141113281,1502400
2023-04-25,39.7400016784668,39.90999984741211,39.5099983215332,39.849998474121094,35.86255645751953,1920300
2023-04-26,39.16999816894531,39.16999816894531,38.56999969482422,38.68000030517578,34.80963134765625,2399300
2023-04-27,38.65999984741211,38.72999954223633,38.40999984741211,38.65999984741211,34.791629791259766,1939000
2023-04-28,39.119998931884766,39.540000915527344,39.119998931884766,39.220001220703125,35.295597076416016,2128500
2023-05-01,39.150001525878906,39.439998626708984,39.150001525878906,39.25,35.322593688964844,1991500
2023-05-02,39.0099983215332,39.47999954223633,39.0,39.45000076293945,35.50258255004883,2424400
2023-05-03,39.4900016784668,39.7400016784668,39.47999954223633,39.540000915527344,35.58357620239258,2572000
2023-05-04,39.68000030517578,39.79999923706055,39.58000183105469,39.63999938964844,35.6735725402832,3116900
2023-05-05,39.47999954223633,39.900001525878906,39.310001373291016,39.790000915527344,35.808563232421875,731200
2023-05-08,40.04999923706055,40.060001373291016,39.880001068115234,39.959999084472656,35.9615478515625,1133500
2023-05-09,39.54999923706055,39.79999923706055,39.52000045776367,39.79999923706055,35.817562103271484,861900
2023-05-10,39.619998931884766,39.68000030517578,39.29999923706055,39.54999923706055,35.59257507324219,1667400
2023-05-11,39.459999084472656,39.63999938964844,39.25,39.560001373291016,35.60157775878906,828500
2023-05-12,39.66999816894531,39.880001068115234,39.630001068115234,39.83000183105469,35.84456253051758,2443300
2023-05-15,39.689998626708984,39.849998474121094,39.630001068115234,39.790000915527344,35.808563232421875,1794300
2023-05-16,39.47999954223633,39.5,39.209999084472656,39.310001373291016,35.376590728759766,4782800
2023-05-17,39.45000076293945,39.88999938964844,39.25,39.81999969482422,35.8355598449707,7325100
2023-05-18,39.779998779296875,40.0,39.15999984741211,39.59000015258789,35.628570556640625,1305400
2023-05-19,39.66999816894531,40.209999084472656,39.63999938964844,40.02000045776367,36.01554870605469,2049100
2023-05-22,39.72999954223633,39.939998626708984,39.709999084472656,39.7599983215332,35.78156280517578,1556400
2023-05-23,39.83000183105469,39.83000183105469,39.56999969482422,39.650001525878906,35.68257141113281,955800
2023-05-24,39.95000076293945,40.02000045776367,39.70000076293945,39.849998474121094,35.86255645751953,1077800
2023-05-25,39.7599983215332,39.970001220703125,39.4900016784668,39.900001525878906,35.907554626464844,6446200
2023-05-26,40.02000045776367,40.33000183105469,40.02000045776367,40.2599983215332,36.23153305053711,5171600
2023-05-30,40.0,40.099998474121094,39.72999954223633,39.849998474121094,35.86255645751953,4186800
2023-05-31,39.68000030517578,39.689998626708984,38.709999084472656,39.59000015258789,35.628570556640625,9668000
2023-06-01,39.790000915527344,40.0,39.720001220703125,39.970001220703125,35.970550537109375,5514200
2023-06-02,40.349998474121094,40.439998626708984,40.189998626708984,40.38999938964844,36.3485221862793,865600
2023-06-05,40.150001525878906,40.47999954223633,40.11000061035156,40.209999084472656,36.1865348815918,1880000
2023-06-06,40.279998779296875,40.31999969482422,40.11000061035156,40.209999084472656,36.1865348815918,2190100
2023-06-07,40.04999923706055,40.08000183105469,39.36000061035156,39.439998626708984,35.49358367919922,4935000
2023-06-08,39.380001068115234,39.63999938964844,39.349998474121094,39.400001525878906,35.457584381103516,2777600
2023-06-09,39.27000045776367,39.290000915527344,38.970001220703125,39.150001525878906,35.23260498046875,5111700
2023-06-12,38.84000015258789,38.90999984741211,38.5,38.68000030517578,34.80963134765625,1967900
2023-06-13,38.7599983215332,38.880001068115234,38.63999938964844,38.72999954223633,34.8546257019043,1007400
2023-06-14,38.310001373291016,38.34000015258789,38.0099983215332,38.09000015258789,34.27866744995117,633500
2023-06-15,38.459999084472656,38.70000076293945,38.279998779296875,38.630001068115234,34.76463317871094,549400
2023-06-16,39.20000076293945,39.33000183105469,39.0,39.0,35.09761047363281,673600
2023-06-20,38.61000061035156,38.63999938964844,38.34000015258789,38.459999084472656,34.61164093017578,754500
2023-06-21,38.209999084472656,38.380001068115234,38.06999969482422,38.22999954223633,34.40465545654297,920600
2023-06-22,38.25,38.439998626708984,38.25,38.27000045776367,34.44065475463867,803200
2023-06-23,38.61000061035156,38.84000015258789,38.36000061035156,38.43000030517578,34.58464431762695,726600
2023-06-26,38.52000045776367,38.52000045776367,38.130001068115234,38.279998779296875,34.44965362548828,662400
2023-06-27,38.040000915527344,40.150001525878906,37.7599983215332,39.65999984741211,35.691566467285156,3904000
2023-06-28,38.33000183105469,38.560001373291016,38.279998779296875,38.38999938964844,34.548648834228516,2653400
2023-06-29,38.02000045776367,38.16999816894531,37.959999084472656,38.11000061035156,34.296661376953125,1444800
2023-06-30,38.29999923706055,38.470001220703125,38.11000061035156,38.20000076293945,34.37765884399414,2500500
2023-07-03,38.439998626708984,38.47999954223633,38.040000915527344,38.18000030517578,34.35966110229492,1503000
2023-07-05,38.43000030517578,38.529998779296875,38.31999969482422,38.4900016784668,34.638641357421875,1005100
2023-07-06,37.7599983215332,37.869998931884766,37.56999969482422,37.790000915527344,34.00868225097656,669300
2023-07-07,37.369998931884766,37.41999816894531,37.150001525878906,37.16999816894531,33.45071792602539,971000
2023-07-10,37.2400016784668,37.459999084472656,37.209999084472656,37.33000183105469,33.5947151184082,628100
2023-07-11,37.560001373291016,37.630001068115234,37.41999816894531,37.52000045776367,33.76570129394531,622100
2023-07-12,38.04999923706055,38.38999938964844,38.0099983215332,38.29999923706055,34.4676513671875,1047000
2023-07-13,38.849998474121094,39.02000045776367,38.77000045776367,38.869998931884766,34.980613708496094,771300
2023-07-14,39.34000015258789,39.4900016784668,39.2400016784668,39.36000061035156,35.42158889770508,1027200
2023-07-17,39.0,39.060001373291016,38.83000183105469,38.869998931884766,34.980613708496094,1896100
2023-07-18,39.0099983215332,39.400001525878906,38.959999084472656,39.209999084472656,35.286598205566406,500400
2023-07-19,39.470001220703125,39.68000030517578,39.279998779296875,39.400001525878906,35.457584381103516,556100
2023-07-20,39.540000915527344,39.720001220703125,39.43000030517578,39.4900016784668,35.538578033447266,269900
2023-07-21,39.5,39.91999816894531,39.439998626708984,39.79999923706055,35.817562103271484,1222100
2023-07-24,39.630001068115234,39.68000030517578,39.189998626708984,39.25,35.322593688964844,736100
2023-07-25,39.11000061035156,39.529998779296875,39.08000183105469,39.310001373291016,35.376590728759766,782800
2023-07-26,39.310001373291016,39.380001068115234,39.0,39.150001525878906,35.23260498046875,3267700
2023-07-27,39.06999969482422,39.31999969482422,38.849998474121094,38.869998931884766,34.980613708496094,1370800
2023-07-28,38.81999969482422,38.93000030517578,38.58000183105469,38.619998931884766,34.75563049316406,1426200
2023-07-31,38.709999084472656,38.939998626708984,38.650001525878906,38.70000076293945,34.8276252746582,1122500
2023-08-01,38.45000076293945,38.65999984741211,38.22999954223633,38.29999923706055,34.4676513671875,839700
2023-08-02,38.29999923706055,38.4900016784668,38.2599983215332,38.290000915527344,34.458648681640625,765300
2023-08-03,38.13999938964844,38.22999954223633,37.9900016784668,38.04999923706055,34.2426643371582,518900
2023-08-04,37.849998474121094,38.040000915527344,37.70000076293945,37.779998779296875,33.99968338012695,635600
2023-08-07,37.880001068115234,37.93000030517578,37.70000076293945,37.880001068115234,34.08967971801758,872000
2023-08-08,38.0,38.150001525878906,37.900001525878906,37.970001220703125,34.17067337036133,1468800
2023-08-09,37.91999816894531,38.04999923706055,37.75,37.779998779296875,33.99968338012695,721700
2023-08-10,38.040000915527344,38.34000015258789,37.849998474121094,37.86000061035156,34.071678161621094,810800
2023-08-11,37.720001220703125,37.97999954223633,37.619998931884766,37.90999984741211,34.116676330566406,1061000
2023-08-14,37.529998779296875,37.83000183105469,37.5,37.7400016784668,33.96369171142578,1196400
2023-08-15,37.41999816894531,37.439998626708984,37.13999938964844,37.189998626708984,33.468719482421875,853200
2023-08-16,37.040000915527344,37.13999938964844,36.77000045776367,36.81999969482422,33.1357421875,2664600
2023-08-17,36.650001525878906,36.77000045776367,36.54999923706055,36.689998626708984,33.01874923706055,1501100
2023-08-18,36.040000915527344,36.16999816894531,35.939998626708984,35.970001220703125,32.37079620361328,1984300
2023-08-21,36.2400016784668,36.27000045776367,35.970001220703125,36.150001525878906,32.53278350830078,6921500
2023-08-22,36.130001068115234,36.18000030517578,35.720001220703125,35.75,32.17280960083008,5995400
2023-08-23,37.41999816894531,37.5,37.15999984741211,37.29999923706055,33.56771469116211,6042400
2023-08-24,36.849998474121094,36.900001525878906,36.56999969482422,36.56999969482422,32.91075897216797,1440300
2023-08-25,36.63999938964844,36.7400016784668,36.349998474121094,36.68000030517578,33.0097541809082,548700
2023-08-28,36.75,36.79999923706055,36.560001373291016,36.689998626708984,33.01874923706055,888200
2023-08-29,36.720001220703125,37.279998779296875,36.63999938964844,37.18000030517578,33.459720611572266,1707900
2023-08-30,37.34000015258789,37.470001220703125,37.2400016784668,37.29999923706055,33.56771469116211,922800
2023-08-31,37.209999084472656,37.220001220703125,36.61000061035156,36.630001068115234,32.96475601196289,946100
2023-09-01,37.040000915527344,37.04999923706055,36.52000045776367,36.52000045776367,32.865760803222656,1736500
2023-09-05,35.709999084472656,35.790000915527344,35.47999954223633,35.4900016784668,31.938827514648438,1666800
2023-09-06,35.43000030517578,35.439998626708984,35.150001525878906,35.380001068115234,31.839832305908203,1723000
2023-09-07,35.83000183105469,35.9900016784668,35.72999954223633,35.79999923706055,32.217803955078125,1134600
2023-09-08,36.2400016784668,36.279998779296875,35.810001373291016,35.84000015258789,32.25380325317383,1433500
2023-09-11,35.720001220703125,35.7400016784668,35.470001220703125,35.4900016784668,31.938827514648438,1488400
2023-09-12,35.77000045776367,35.84000015258789,35.59000015258789,35.619998931884766,32.05581283569336,1284300
2023-09-13,35.779998779296875,35.970001220703125,35.779998779296875,35.83000183105469,32.244808197021484,1383500
2023-09-14,36.0,36.279998779296875,35.959999084472656,36.130001068115234,32.51478576660156,1207400
2023-09-15,36.47999954223633,36.63999938964844,36.29999923706055,36.380001068115234,32.739768981933594,2954600
2023-09-18,35.91999816894531,36.0,35.75,35.86000061035156,32.27180480957031,1685700
2023-09-19,35.75,35.88999938964844,35.630001068115234,35.88999938964844,32.29880142211914,1899300
2023-09-20,35.779998779296875,35.869998931884766,35.369998931884766,35.45000076293945,31.9028263092041,1571500
2023-09-21,34.86000061035156,34.91999816894531,34.52000045776367,34.52000045776367,31.065887451171875,2207900
2023-09-22,34.540000915527344,34.560001373291016,34.2599983215332,34.27000045776367,30.84090232849121,1334900
2023-09-25,34.02000045776367,34.27000045776367,33.95000076293945,34.15999984741211,30.741907119750977,2129900
2023-09-26,33.790000915527344,34.130001068115234,33.70000076293945,34.029998779296875,30.624914169311523,2099000
2023-09-27,34.58000183105469,34.61000061035156,34.09000015258789,34.20000076293945,30.777902603149414,1593200
2023-09-28,33.880001068115234,34.119998931884766,33.81999969482422,33.95000076293945,30.552921295166016,2354000
2023-09-29,34.470001220703125,34.470001220703125,33.93000030517578,33.93000030517578,30.5349178314209,2606100
2023-10-02,33.810001373291016,33.849998474121094,33.470001220703125,33.7400016784668,30.36393165588379,1894700
2023-10-03,33.52000045776367,33.59000015258789,33.20000076293945,33.310001373291016,29.976959228515625,1926500
2023-10-04,33.47999954223633,33.52000045776367,33.09000015258789,33.36000061035156,30.021955490112305,1792700
2023-10-05,33.56999969482422,33.83000183105469,33.560001373291016,33.77000045776367,30.39093017578125,1822300
2023-10-06,33.880001068115234,34.18000030517578,33.599998474121094,34.119998931884766,30.70590591430664,1210300
2023-10-09,34.47999954223633,34.709999084472656,34.43000030517578,34.59000015258789,31.12887954711914,1161300
2023-10-10,34.720001220703125,34.95000076293945,34.63999938964844,34.88999938964844,31.398862838745117,1417400
2023-10-11,35.380001068115234,35.41999816894531,35.029998779296875,35.11000061035156,31.596847534179688,1134900
2023-10-12,35.060001373291016,35.130001068115234,34.68000030517578,34.72999954223633,31.254871368408203,1283100
2023-10-13,35.150001525878906,35.4900016784668,35.06999969482422,35.400001525878906,31.857830047607422,808100
2023-10-16,34.529998779296875,35.040000915527344,34.45000076293945,34.880001068115234,31.389862060546875,3283400
2023-10-17,34.93000030517578,35.119998931884766,34.790000915527344,34.93000030517578,31.434856414794922,2669700
2023-10-18,34.9900016784668,35.08000183105469,34.29999923706055,34.29999923706055,30.86789894104004,2292000
2023-10-19,33.09000015258789,33.4900016784668,33.04999923706055,33.189998626708984,29.86896514892578,3605000
2023-10-20,33.400001525878906,33.59000015258789,33.22999954223633,33.36000061035156,30.021955490112305,2331200
2023-10-23,33.20000076293945,33.27000045776367,32.97999954223633,33.099998474121094,29.7879695892334,2640300
2023-10-24,32.97999954223633,33.13999938964844,32.83000183105469,32.90999984741211,29.61698341369629,3427900
2023-10-25,32.95000076293945,33.13999938964844,32.58000183105469,32.880001068115234,29.58998680114746,3974900
2023-10-26,33.02000045776367,33.099998474121094,32.77000045776367,33.0,29.69797706604004,4863700
2023-10-27,33.06999969482422,33.099998474121094,32.7599983215332,32.869998931884766,29.580984115600586,4292300
2023-10-30,33.459999084472656,33.58000183105469,33.349998474121094,33.5,30.147945404052734,4608000
2023-10-31,31.969999313354492,32.38999938964844,31.770000457763672,32.33000183105469,29.095020294189453,2358700
2023-11-01,32.380001068115234,32.959999084472656,32.36000061035156,32.869998931884766,29.580984115600586,1626700
2023-11-02,32.79999923706055,33.0099983215332,32.650001525878906,32.86000061035156,29.57198715209961,2736300
2023-11-03,33.09000015258789,33.150001525878906,32.88999938964844,32.91999816894531,29.625980377197266,802300
2023-11-06,32.900001525878906,33.04999923706055,32.81999969482422,32.849998474121094,29.562984466552734,1628100
2023-11-07,32.849998474121094,32.90999984741211,32.709999084472656,32.720001220703125,29.445995330810547,1567400
2023-11-08,33.11000061035156,33.2400016784668,32.900001525878906,32.939998626708984,29.643980026245117,1571100
2023-11-09,33.34000015258789,33.36000061035156,32.779998779296875,32.790000915527344,29.508991241455078,2217300
2023-11-10,32.849998474121094,32.869998931884766,32.540000915527344,32.790000915527344,29.508991241455078,1762500
2023-11-13,32.810001373291016,33.13999938964844,32.72999954223633,33.119998931884766,29.805967330932617,2069500
2023-11-14,33.43000030517578,33.65999984741211,33.369998931884766,33.59000015258789,30.228940963745117,1327600
2023-11-15,33.52000045776367,33.650001525878906,33.310001373291016,33.33000183105469,29.994956970214844,1084800
2023-11-16,33.25,33.459999084472656,33.25,33.29999923706055,29.967958450317383,875700
2023-11-17,33.52000045776367,33.560001373291016,33.29999923706055,33.38999938964844,30.048952102661133,1335100
2023-11-20,33.369998931884766,33.560001373291016,33.34000015258789,33.400001525878906,30.057954788208008,1305500
2023-11-21,33.45000076293945,33.599998474121094,33.400001525878906,33.56999969482422,30.2109432220459,1447400
2023-11-22,33.40999984741211,33.459999084472656,33.290000915527344,33.349998474121094,30.012956619262695,1000500
2023-11-24,33.880001068115234,33.93000030517578,33.529998779296875,33.81999969482422,30.435924530029297,552200
2023-11-27,33.7599983215332,33.7599983215332,33.349998474121094,33.369998931884766,30.03095245361328,1960500
2023-11-28,33.29999923706055,33.65999984741211,33.25,33.560001373291016,30.20194435119629,1658400
2023-11-29,33.70000076293945,33.849998474121094,33.650001525878906,33.810001373291016,30.426929473876953,2099700
2023-11-30,33.77000045776367,34.16999816894531,33.5,33.689998626708984,30.318933486938477,1653100
2023-12-01,34.119998931884766,34.439998626708984,34.119998931884766,34.36000061035156,30.921894073486328,1023600
2023-12-04,35.0,35.439998626708984,34.9900016784668,35.41999816894531,31.875825881958008,3379200
2023-12-05,35.849998474121094,36.060001373291016,35.7599983215332,35.86000061035156,32.27180480957031,2224600
2023-12-06,35.65999984741211,36.0,35.599998474121094,35.849998474121094,32.26279830932617,6400100
2023-12-07,35.79999923706055,35.83000183105469,35.529998779296875,35.58000183105469,32.01981735229492,4664200
2023-12-08,35.91999816894531,36.20000076293945,35.91999816894531,36.0,32.39779281616211,1831700
2023-12-11,35.959999084472656,36.220001220703125,35.93000030517578,36.130001068115234,32.51478576660156,2017500
2023-12-12,36.470001220703125,36.5,36.150001525878906,36.220001220703125,32.59578323364258,1553700
2023-12-13,36.13999938964844,36.349998474121094,35.970001220703125,36.20000076293945,32.577781677246094,1903000
2023-12-14,35.689998626708984,35.720001220703125,35.400001525878906,35.400001525878906,31.857830047607422,2015800
2023-12-15,35.02000045776367,35.380001068115234,34.650001525878906,34.72999954223633,31.254871368408203,4135900
2023-12-18,35.41999816894531,35.43000030517578,35.099998474121094,35.15999984741211,31.641843795776367,2808100
2023-12-19,35.29999923706055,35.52000045776367,35.25,35.470001220703125,31.920825958251953,1754500
2023-12-20,35.43000030517578,35.47999954223633,35.0,35.0099983215332,31.50684928894043,1173000
2023-12-21,35.5,35.709999084472656,35.4900016784668,35.650001525878906,32.08281707763672,1139100
2023-12-22,35.689998626708984,35.81999969482422,35.47999954223633,35.540000915527344,31.983823776245117,1092600
2023-12-26,35.54999923706055,35.77000045776367,35.540000915527344,35.619998931884766,32.05581283569336,1003700
2023-12-27,35.970001220703125,36.15999984741211,35.849998474121094,35.9900016784668,32.3887939453125,1275000
2023-12-28,36.29999923706055,36.4900016784668,35.77000045776367,35.810001373291016,32.226806640625,1556900
2023-12-29,36.16999816894531,36.380001068115234,36.11000061035156,36.22999954223633,32.60477828979492,805900
2024-01-02,36.08000183105469,36.5,35.369998931884766,36.349998474121094,32.7127685546875,1545900
2024-01-03,36.86000061035156,37.2400016784668,36.779998779296875,37.220001220703125,33.49571990966797,1679700
2024-01-04,37.0099983215332,37.4900016784668,37.0099983215332,37.459999084472656,33.711700439453125,2025700
2024-01-05,36.93000030517578,37.15999984741211,36.7599983215332,37.029998779296875,33.32472610473633,2105800
2024-01-08,36.939998626708984,37.33000183105469,36.900001525878906,37.29999923706055,33.56771469116211,1406200
2024-01-09,37.15999984741211,37.2400016784668,36.900001525878906,36.939998626708984,33.24373245239258,1377900
2024-01-10,37.27000045776367,37.369998931884766,37.09000015258789,37.150001525878906,33.4327278137207,966200
2024-01-11,36.9900016784668,37.04999923706055,36.560001373291016,36.709999084472656,33.03675079345703,1775500
2024-01-12,37.11000061035156,37.279998779296875,36.91999816894531,36.970001220703125,33.27073287963867,1374800
2024-01-16,36.400001525878906,36.970001220703125,36.20000076293945,36.29999923706055,32.66777801513672,1784600
2024-01-17,35.7599983215332,35.790000915527344,35.459999084472656,35.599998474121094,32.037818908691406,1792800
2024-01-18,35.459999084472656,35.47999954223633,35.290000915527344,35.43000030517578,31.884830474853516,1321700
2024-01-19,35.290000915527344,35.34000015258789,35.02000045776367,35.34000015258789,31.8038330078125,1843600
2024-01-22,35.54999923706055,35.790000915527344,35.40999984741211,35.529998779296875,31.974821090698242,1397400
2024-01-23,35.040000915527344,35.130001068115234,34.95000076293945,35.099998474121094,31.587846755981445,1331100
2024-01-24,35.22999954223633,35.5,35.220001220703125,35.279998779296875,31.749839782714844,1284000
2024-01-25,34.90999984741211,34.97999954223633,34.72999954223633,34.86000061035156,31.371862411499023,1503000
2024-01-26,35.88999938964844,35.90999984741211,35.54999923706055,35.63999938964844,32.073814392089844,1921300
2024-01-29,35.619998931884766,35.84000015258789,35.599998474121094,35.81999969482422,32.23580551147461,1517700
2024-01-30,35.900001525878906,35.91999816894531,35.63999938964844,35.880001068115234,32.289798736572266,1295400
2024-01-31,35.939998626708984,36.209999084472656,35.04999923706055,35.13999938964844,31.62384796142578,3124500
2024-02-01,34.310001373291016,34.380001068115234,33.869998931884766,34.31999969482422,30.885896682739258,4563600
2024-02-02,34.0,34.02000045776367,33.70000076293945,33.95000076293945,30.552921295166016,2087300
2024-02-05,33.189998626708984,33.349998474121094,32.849998474121094,33.15999984741211,29.841968536376953,2296200
2024-02-06,32.70000076293945,33.279998779296875,32.560001373291016,33.27000045776367,29.940961837768555,2076700
2024-02-07,32.84000015258789,33.0099983215332,32.54999923706055,32.54999923706055,29.29300308227539,2936000
2024-02-08,32.38999938964844,32.41999816894531,32.04999923706055,32.099998474121094,28.888032913208008,2963700
2024-02-09,31.969999313354492,32.349998474121094,31.969999313354492,32.310001373291016,29.0770206451416,2876700
2024-02-12,32.29999923706055,32.630001068115234,32.290000915527344,32.599998474121094,29.338001251220703,2233100
2024-02-13,32.27000045776367,32.36000061035156,32.099998474121094,32.130001068115234,28.91503143310547,1377900
2024-02-14,32.040000915527344,32.09000015258789,31.90999984741211,32.02000045776367,28.816038131713867,2154200
2024-02-15,32.20000076293945,32.400001525878906,32.040000915527344,32.099998474121094,28.888032913208008,2318800
2024-02-16,32.20000076293945,32.369998931884766,32.11000061035156,32.279998779296875,29.050020217895508,1611200
2024-02-20,33.0,33.040000915527344,32.66999816894531,32.7400016784668,29.463993072509766,3269700
2024-02-21,32.72999954223633,32.97999954223633,32.650001525878906,32.90999984741211,29.61698341369629,2631500
2024-02-22,32.41999816894531,32.540000915527344,32.349998474121094,32.4900016784668,29.239009857177734,1413700
2024-02-23,32.63999938964844,33.029998779296875,32.619998931884766,32.959999084472656,29.661977767944336,998000
2024-02-26,32.939998626708984,32.95000076293945,32.459999084472656,32.52000045776367,29.266006469726562,1679100
2024-02-27,32.900001525878906,33.04999923706055,32.849998474121094,33.029998779296875,29.724973678588867,2356800
2024-02-28,32.849998474121094,32.97999954223633,32.75,32.93000030517578,29.634981155395508,1725700
2024-02-29,33.0,33.06999969482422,32.68000030517578,32.72999954223633,29.454994201660156,1693100
2024-03-01,33.08000183105469,33.08000183105469,32.75,33.08000183105469,29.769973754882812,1325700
2024-03-04,32.810001373291016,33.0,32.79999923706055,32.880001068115234,29.58998680114746,979800
2024-03-05,33.209999084472656,33.31999969482422,33.11000061035156,33.150001525878906,29.832969665527344,768600
2024-03-06,33.310001373291016,33.5,33.27000045776367,33.470001220703125,30.120948791503906,1379400
2024-03-07,33.81999969482422,33.81999969482422,33.619998931884766,33.77000045776367,30.39093017578125,1082700
2024-03-08,33.86000061035156,33.970001220703125,33.77000045776367,33.900001525878906,30.50792121887207,802500
2024-03-11,34.2599983215332,34.66999816894531,34.220001220703125,34.61000061035156,31.14687728881836,1458800
2024-03-12,34.650001525878906,35.209999084472656,34.61000061035156,35.150001525878906,31.632844924926758,1173000
2024-03-13,34.689998626708984,34.83000183105469,34.06999969482422,34.220001220703125,30.7959041595459,1756700
2024-03-14,33.0099983215332,33.09000015258789,32.65999984741211,32.88999938964844,30.855003356933594,4437700
2024-03-15,32.849998474121094,32.93000030517578,32.59000015258789,32.63999938964844,30.620471954345703,735000
2024-03-18,32.38999938964844,32.45000076293945,32.150001525878906,32.18000030517578,30.188934326171875,1427900
2024-03-19,32.20000076293945,32.29999923706055,32.08000183105469,32.119998931884766,30.132644653320312,1954100
2024-03-20,32.40999984741211,32.79999923706055,32.310001373291016,32.619998931884766,30.601707458496094,1033200
2024-03-21,31.360000610351562,31.5,31.15999984741211,31.31999969482422,29.382143020629883,2409600
2024-03-22,31.579999923706055,31.610000610351562,31.260000228881836,31.31999969482422,29.382143020629883,2341000
2024-03-25,31.34000015258789,31.469999313354492,31.290000915527344,31.290000915527344,29.354000091552734,1477700
2024-03-26,31.3799991607666,31.469999313354492,31.299999237060547,31.309999465942383,29.37276268005371,1905500
2024-03-27,31.15999984741211,31.3799991607666,31.1299991607666,31.309999465942383,29.37276268005371,1650400
2024-03-28,31.530000686645508,31.950000762939453,31.530000686645508,31.920000076293945,29.94502067565918,1828000
2024-04-01,32.38999938964844,32.54999923706055,31.770000457763672,31.950000762939453,29.97316551208496,3133300
2024-04-02,31.600000381469727,31.760000228881836,31.299999237060547,31.3799991607666,29.438430786132812,4393600
2024-04-03,31.100000381469727,31.3700008392334,31.06999969482422,31.299999237060547,29.36338233947754,3682800
2024-04-04,31.350000381469727,31.360000610351562,30.670000076293945,30.75,28.847412109375,2634000
2024-04-05,30.540000915527344,30.540000915527344,30.219999313354492,30.239999771118164,28.368967056274414,6261800
2024-04-08,30.190000534057617,30.350000381469727,30.059999465942383,30.190000534057617,28.32206153869629,2433200
2024-04-09,30.860000610351562,30.950000762939453,30.510000228881836,30.65999984741211,28.76297950744629,6813800
2024-04-10,30.600000381469727,30.719999313354492,30.420000076293945,30.59000015258789,28.697311401367188,2778600
2024-04-11,31.31999969482422,31.360000610351562,30.8700008392334,30.959999084472656,29.044418334960938,5467600
2024-04-12,30.889999389648438,30.959999084472656,30.549999237060547,30.59000015258789,28.697311401367188,2404300
2024-04-15,30.729999542236328,30.81999969482422,30.5,30.579999923706055,28.687931060791016,4637000
2024-04-16,30.309999465942383,30.34000015258789,30.149999618530273,30.229999542236328,28.359586715698242,2255600
2024-04-17,30.3700008392334,30.3700008392334,30.079999923706055,30.079999923706055,28.2188663482666,5049000
2024-04-18,30.170000076293945,30.190000534057617,29.950000762939453,30.049999237060547,28.19072151184082,2077700
2024-04-19,30.200000762939453,30.5,30.200000762939453,30.40999984741211,28.5284481048584,18593700
2024-04-22,30.84000015258789,31.1299991607666,30.829999923706055,30.90999984741211,28.99751091003418,2092600
2024-04-23,31.469999313354492,31.59000015258789,31.229999542236328,31.239999771118164,29.307092666625977,1503200
2024-04-24,30.389999389648438,30.56999969482422,30.149999618530273,30.540000915527344,28.650405883789062,3143700
2024-04-25,30.079999923706055,30.15999984741211,29.799999237060547,30.020000457763672,28.162578582763672,3930600
2024-04-26,30.100000381469727,30.280000686645508,30.06999969482422,30.25,28.378347396850586,2909000
2024-04-29,30.420000076293945,30.479999542236328,30.270000457763672,30.329999923706055,28.453397750854492,1944500
2024-04-30,29.920000076293945,30.149999618530273,29.809999465942383,29.81999969482422,27.974952697753906,3381400
2024-05-01,29.799999237060547,30.049999237060547,29.530000686645508,29.75,27.909284591674805,5444200
2024-05-02,29.709999084472656,29.729999542236328,29.200000762939453,29.260000228881836,27.449602127075195,6646400
2024-05-03,30.040000915527344,30.079999923706055,29.719999313354492,29.829999923706055,27.98433494567871,4829500
2024-05-06,30.15999984741211,30.229999542236328,30.030000686645508,30.09000015258789,28.228248596191406,2162800
2024-05-07,30.31999969482422,30.520000457763672,30.309999465942383,30.479999542236328,28.5941162109375,1121700
2024-05-08,30.479999542236328,30.610000610351562,30.420000076293945,30.420000076293945,28.537830352783203,1807100
2024-05-09,30.420000076293945,30.920000076293945,30.399999618530273,30.899999618530273,28.988130569458008,1264100
2024-05-10,30.950000762939453,31.110000610351562,30.90999984741211,30.950000762939453,29.035036087036133,1519100
2024-05-13,31.260000228881836,31.469999313354492,30.059999465942383,30.350000381469727,28.4721622467041,5660600
2024-05-14,30.729999542236328,31.049999237060547,30.68000030517578,30.950000762939453,29.035036087036133,2503000
2024-05-15,31.290000915527344,31.530000686645508,31.239999771118164,31.399999618530273,29.45719337463379,1187000
2024-05-16,32.52000045776367,32.779998779296875,32.400001525878906,32.650001525878906,30.629854202270508,5301300
2024-05-17,32.560001373291016,32.9900016784668,32.439998626708984,32.810001373291016,30.77995491027832,2780100
2024-05-20,33.0,33.029998779296875,32.72999954223633,32.77000045776367,30.742427825927734,1281600
2024-05-21,32.349998474121094,32.439998626708984,32.18000030517578,32.31999969482422,30.320270538330078,2504600
2024-05-22,31.729999542236328,31.829999923706055,31.6299991607666,31.670000076293945,29.710487365722656,4696900
2024-05-23,31.920000076293945,31.959999084472656,31.709999084472656,31.790000915527344,29.82306480407715,3818300
2024-05-24,31.65999984741211,31.690000534057617,31.489999771118164,31.600000381469727,29.644821166992188,1752100
2024-05-28,31.610000610351562,31.690000534057617,31.190000534057617,31.299999237060547,29.36338233947754,1717900
2024-05-29,31.56999969482422,31.600000381469727,31.299999237060547,31.329999923706055,29.391525268554688,1889600
2024-05-30,31.360000610351562,31.700000762939453,31.360000610351562,31.56999969482422,29.616676330566406,3440100
2024-05-31,31.649999618530273,32.15999984741211,31.610000610351562,32.0099983215332,30.029449462890625,1959900
2024-06-03,32.040000915527344,32.40999984741211,32.040000915527344,32.34000015258789,30.339035034179688,2066500
2024-06-04,32.88999938964844,32.95000076293945,32.7400016784668,32.88999938964844,30.855003356933594,2209900
2024-06-05,33.27000045776367,33.29999923706055,32.970001220703125,33.040000915527344,30.995723724365234,1624900
2024-06-06,33.36000061035156,33.5,33.29999923706055,33.47999954223633,31.408498764038086,1585200
2024-06-07,33.900001525878906,33.95000076293945,33.5,33.54999923706055,31.474164962768555,3699500
2024-06-10,33.470001220703125,33.47999954223633,33.29999923706055,33.459999084472656,31.38973617553711,5314300
2024-06-11,33.38999938964844,33.72999954223633,33.34000015258789,33.5099983215332,31.436641693115234,1221600
2024-06-12,34.0099983215332,34.2400016784668,33.88999938964844,34.09000015258789,31.980754852294922,2392300
2024-06-13,34.18000030517578,34.529998779296875,34.060001373291016,34.52000045776367,32.384151458740234,4110000
2024-06-14,34.72999954223633,34.880001068115234,34.52000045776367,34.66999816894531,32.52486801147461,1515800
2024-06-17,34.33000183105469,34.61000061035156,34.279998779296875,34.58000183105469,32.4404411315918,1445800
2024-06-18,34.84000015258789,35.20000076293945,34.81999969482422,34.97999954223633,32.81568908691406,2874000
2024-06-20,34.90999984741211,35.310001373291016,34.869998931884766,35.220001220703125,33.04084396362305,2291000
2024-06-21,35.27000045776367,35.61000061035156,35.27000045776367,35.59000015258789,33.38794708251953,2687900
2024-06-24,35.560001373291016,35.790000915527344,35.529998779296875,35.709999084472656,33.50052261352539,2652900
2024-06-25,35.41999816894531,35.650001525878906,35.31999969482422,35.56999969482422,33.36918640136719,2146200
2024-06-26,34.790000915527344,34.90999984741211,34.630001068115234,34.65999984741211,32.51548767089844,4182800
2024-06-27,34.91999816894531,35.02000045776367,34.810001373291016,34.90999984741211,32.75001907348633,2685200
2024-06-28,34.75,34.81999969482422,34.560001373291016,34.66999816894531,32.52486801147461,1218700
2024-07-01,34.54999923706055,34.84000015258789,34.529998779296875,34.63999938964844,32.496726989746094,1329300
2024-07-02,34.29999923706055,34.5099983215332,34.290000915527344,34.43000030517578,32.299720764160156,1649900
2024-07-03,34.279998779296875,34.34000015258789,34.099998474121094,34.11000061035156,31.999521255493164,1497000
2024-07-05,34.099998474121094,34.119998931884766,33.849998474121094,34.029998779296875,31.924468994140625,1260500
2024-07-08,34.099998474121094,34.099998474121094,33.7599983215332,33.88999938964844,31.79313087463379,4178900
2024-07-09,34.150001525878906,34.290000915527344,34.029998779296875,34.25,32.130855560302734,1298200
2024-07-10,34.29999923706055,34.84000015258789,34.279998779296875,34.79999923706055,32.64682388305664,1951000
2024-07-11,35.18000030517578,35.34000015258789,35.11000061035156,35.15999984741211,32.984554290771484,586800
2024-07-12,35.619998931884766,35.790000915527344,35.619998931884766,35.689998626708984,33.48175811767578,1962100
2024-07-15,36.540000915527344,36.54999923706055,35.91999816894531,35.959999084472656,33.735050201416016,3117400
2024-07-16,35.959999084472656,36.310001373291016,35.95000076293945,36.27000045776367,34.025875091552734,1078900
2024-07-17,38.9900016784668,39.15999984741211,38.689998626708984,39.0,36.58695983886719,6079500
2024-07-18,39.099998474121094,39.439998626708984,39.029998779296875,39.34000015258789,36.90592575073242,2344200
2024-07-19,39.209999084472656,39.36000061035156,39.11000061035156,39.27000045776367,36.84025573730469,2641400
2024-07-22,39.34000015258789,39.5,39.27000045776367,39.36000061035156,36.924686431884766,1834100
2024-07-23,38.59000015258789,38.63999938964844,38.20000076293945,38.20000076293945,35.83646011352539,2690800
2024-07-24,38.70000076293945,38.83000183105469,38.45000076293945,38.540000915527344,36.15542221069336,1076100
2024-07-25,39.349998474121094,39.869998931884766,39.290000915527344,39.560001373291016,37.1123161315918,4074000
2024-07-26,40.150001525878906,40.79999923706055,40.119998931884766,40.7599983215332,38.23806381225586,2775100
2024-07-29,40.43000030517578,40.459999084472656,40.029998779296875,40.400001525878906,37.90034103393555,1432800
2024-07-30,40.209999084472656,40.41999816894531,40.16999816894531,40.310001373291016,37.81591033935547,1182800
2024-07-31,40.630001068115234,40.720001220703125,40.31999969482422,40.5099983215332,38.00353240966797,1165000
2024-08-01,40.25,40.7599983215332,40.029998779296875,40.720001220703125,38.20054244995117,1370600
2024-08-02,41.04999923706055,41.150001525878906,40.52000045776367,40.709999084472656,38.191158294677734,1483600
2024-08-05,39.68000030517578,39.849998474121094,39.22999954223633,39.34000015258789,36.90592575073242,964800
2024-08-06,39.13999938964844,39.400001525878906,38.9900016784668,39.2599983215332,36.830875396728516,1105700
2024-08-07,39.65999984741211,39.77000045776367,39.38999938964844,39.47999954223633,37.037261962890625,1036800
2024-08-08,39.7400016784668,39.91999816894531,39.650001525878906,39.83000183105469,37.36560821533203,3148000
2024-08-09,39.88999938964844,40.25,39.79999923706055,40.18000030517578,37.69395065307617,550300
2024-08-12,39.93000030517578,40.20000076293945,39.77000045776367,40.119998931884766,37.63766098022461,568300
2024-08-13,40.220001220703125,40.4900016784668,40.13999938964844,40.40999984741211,37.90971755981445,641300
2024-08-14,40.40999984741211,40.709999084472656,40.2599983215332,40.59000015258789,38.07858657836914,1259200
2024-08-15,40.4900016784668,40.61000061035156,40.310001373291016,40.38999938964844,37.89095687866211,1711300
2024-08-16,40.40999984741211,40.599998474121094,40.369998931884766,40.560001373291016,38.05044174194336,714000
2024-08-19,40.650001525878906,41.099998474121094,40.63999938964844,41.02000045776367,38.48197937011719,434600
2024-08-20,41.13999938964844,41.470001220703125,41.11000061035156,41.45000076293945,38.885372161865234,618400
2024-08-21,41.5,41.599998474121094,41.349998474121094,41.5,38.93227767944336,1356800
2024-08-22,41.720001220703125,41.75,41.36000061035156,41.43000030517578,38.86661148071289,1995500
2024-08-23,41.5,41.79999923706055,41.34000015258789,41.709999084472656,39.1292839050293,3333000
2024-08-26,41.880001068115234,42.150001525878906,41.86000061035156,42.0,39.401344299316406,746500
2024-08-27,41.77000045776367,41.88999938964844,41.61000061035156,41.7400016784668,39.15742874145508,774400
2024-08-28,41.779998779296875,41.91999816894531,41.599998474121094,41.70000076293945,39.11990737915039,1109900
2024-08-29,41.869998931884766,42.25,41.66999816894531,42.040000915527344,39.43886947631836,903400
2024-08-30,42.189998626708984,42.43000030517578,42.15999984741211,42.33000183105469,39.7109260559082,703600
2024-09-03,41.279998779296875,41.43000030517578,41.119998931884766,41.15999984741211,38.61331558227539,2113900
2024-09-04,40.9900016784668,41.16999816894531,40.70000076293945,40.95000076293945,38.41630935668945,1983200
2024-09-05,40.84000015258789,40.880001068115234,40.56999969482422,40.63999938964844,38.12548828125,1738100
2024-09-06,40.900001525878906,41.02000045776367,40.369998931884766,40.4900016784668,37.984771728515625,1645500
2024-09-09,38.81999969482422,39.41999816894531,38.65999984741211,39.11000061035156,36.690155029296875,3107400
2024-09-10,39.63999938964844,39.75,39.369998931884766,39.720001220703125,37.262413024902344,1590800
2024-09-11,39.79999923706055,39.84000015258789,37.04999923706055,37.33000183105469,35.02029037475586,6763900
2024-09-12,38.349998474121094,38.77000045776367,38.150001525878906,38.709999084472656,36.314903259277344,3564300
2024-09-13,39.2599983215332,39.38999938964844,39.04999923706055,39.11000061035156,36.690155029296875,1744200
2024-09-16,39.08000183105469,39.2400016784668,38.810001373291016,39.209999084472656,36.78396987915039,1861700
2024-09-17,39.40999984741211,39.45000076293945,39.16999816894531,39.33000183105469,36.89654541015625,1162900
2024-09-18,39.72999954223633,39.970001220703125,39.5,39.61000061035156,37.15922164916992,1155200
2024-09-19,39.540000915527344,39.58000183105469,39.290000915527344,39.459999084472656,37.018497467041016,876900
2024-09-20,39.65999984741211,39.66999816894531,39.2599983215332,39.45000076293945,37.00912094116211,1403900
2024-09-23,39.369998931884766,39.630001068115234,39.33000183105469,39.5,37.056026458740234,787200
2024-09-24,39.560001373291016,40.08000183105469,39.5,39.95000076293945,37.478179931640625,828100
2024-09-25,40.04999923706055,40.08000183105469,39.720001220703125,39.849998474121094,37.384368896484375,1696800
2024-09-26,39.810001373291016,40.18000030517578,39.650001525878906,40.15999984741211,37.67518615722656,941700
2024-09-27,40.380001068115234,40.52000045776367,40.119998931884766,40.13999938964844,37.65642547607422,993000
2024-09-30,40.15999984741211,40.189998626708984,39.779998779296875,39.95000076293945,37.478179931640625,753700
2024-10-01,39.470001220703125,39.5,39.06999969482422,39.2400016784668,36.812110900878906,1175700
2024-10-02,39.119998931884766,39.209999084472656,38.93000030517578,39.06999969482422,36.65262985229492,1834700
2024-10-03,38.68000030517578,38.70000076293945,38.16999816894531,38.279998779296875,35.9115104675293,1002700
2024-10-04,37.689998626708984,37.810001373291016,37.5,37.77000045776367,35.433067321777344,1669000
2024-10-07,37.90999984741211,38.04999923706055,37.77000045776367,37.9900016784668,35.63945770263672,721100
2024-10-08,38.349998474121094,38.38999938964844,38.13999938964844,38.27000045776367,35.90212631225586,584000
2024-10-09,38.400001525878906,38.66999816894531,38.349998474121094,38.40999984741211,36.03346633911133,1299100
2024-10-10,38.83000183105469,38.869998931884766,38.650001525878906,38.869998931884766,36.465003967285156,579800
2024-10-11,38.90999984741211,39.18000030517578,38.900001525878906,39.18000030517578,36.75582504272461,976900
2024-10-14,39.02000045776367,39.20000076293945,38.970001220703125,39.16999816894531,36.74644088745117,2018200
2024-10-15,39.220001220703125,39.470001220703125,39.09000015258789,39.36000061035156,36.924686431884766,554400
2024-10-16,38.97999954223633,39.15999984741211,38.900001525878906,39.08000183105469,36.662010192871094,825900
2024-10-17,39.130001068115234,39.279998779296875,39.06999969482422,39.09000015258789,36.67139434814453,752900
2024-10-18,39.34000015258789,39.619998931884766,39.2400016784668,39.560001373291016,37.1123161315918,1165000
2024-10-21,39.58000183105469,39.599998474121094,39.209999084472656,39.400001525878906,36.96221160888672,1359900
2024-10-22,39.08000183105469,39.470001220703125,39.0,39.189998626708984,36.765201568603516,1118400
2024-10-23,39.88999938964844,40.279998779296875,39.88999938964844,40.20000076293945,37.71271514892578,2879900
2024-10-24,40.290000915527344,40.540000915527344,40.290000915527344,40.4900016784668,37.984771728515625,3045700
2024-10-25,40.45000076293945,40.66999816894531,40.25,40.56999969482422,38.059818267822266,788100
2024-10-28,40.47999954223633,40.599998474121094,40.040000915527344,40.310001373291016,37.81591033935547,1322900
2024-10-29,39.95000076293945,40.13999938964844,39.75,39.849998474121094,37.384368896484375,934100
2024-10-30,39.220001220703125,39.560001373291016,39.08000183105469,39.459999084472656,37.018497467041016,831000
2024-10-31,38.84000015258789,38.91999816894531,38.63999938964844,38.810001373291016,36.40871810913086,987700
2024-11-01,39.31999969482422,39.41999816894531,39.20000076293945,39.2599983215332,36.830875396728516,1211600
2024-11-04,39.459999084472656,39.560001373291016,39.380001068115234,39.43000030517578,36.9903564453125,614000
2024-11-05,39.040000915527344,39.060001373291016,38.630001068115234,38.90999984741211,36.50252914428711,541200
2024-11-06,38.290000915527344,38.29999923706055,37.65999984741211,37.77000045776367,35.433067321777344,864700
2024-11-07,38.029998779296875,38.27000045776367,37.95000076293945,38.16999816894531,35.80831527709961,1089300
2024-11-08,37.63999938964844,37.7599983215332,37.439998626708984,37.61000061035156,35.28296661376953,714100
2024-11-11,37.81999969482422,37.849998474121094,37.59000015258789,37.619998931884766,35.29234313964844,1125800
2024-11-12,37.33000183105469,37.38999938964844,37.029998779296875,37.349998474121094,35.0390510559082,1049500
2024-11-13,37.209999084472656,37.27000045776367,36.88999938964844,37.02000045776367,34.729469299316406,710000
2024-11-14,36.779998779296875,36.91999816894531,35.54999923706055,36.13999938964844,33.9039192199707,1148100
2024-11-15,35.900001525878906,36.060001373291016,35.7400016784668,35.84000015258789,33.62247848510742,1727100
2024-11-18,35.66999816894531,35.779998779296875,35.5,35.66999816894531,33.46299362182617,842800
2024-11-19,35.36000061035156,35.529998779296875,35.2599983215332,35.40999984741211,33.219085693359375,728900
2024-11-20,35.34000015258789,35.380001068115234,35.029998779296875,35.130001068115234,32.9564094543457,1111500
2024-11-21,35.400001525878906,35.5,35.22999954223633,35.290000915527344,33.106510162353516,1461300
2024-11-22,35.4900016784668,35.63999938964844,35.38999938964844,35.439998626708984,33.24722671508789,597900
2024-11-25,35.65999984741211,35.81999969482422,35.5099983215332,35.619998931884766,33.41609191894531,2100400
2024-11-26,35.65999984741211,35.68000030517578,35.290000915527344,35.40999984741211,33.219085693359375,798200
2024-11-27,35.619998931884766,35.849998474121094,35.56999969482422,35.72999954223633,33.519283294677734,652900
2024-11-29,35.880001068115234,36.27000045776367,35.83000183105469,36.2400016784668,33.99773025512695,394700
2024-12-02,35.970001220703125,36.099998474121094,35.72999954223633,36.08000183105469,33.84762954711914,797600
2024-12-03,36.04999923706055,36.04999923706055,35.790000915527344,35.91999816894531,33.69752883911133,1637600
2024-12-04,35.81999969482422,35.970001220703125,35.709999084472656,35.88999938964844,33.66938400268555,1096100
2024-12-05,36.09000015258789,36.45000076293945,36.06999969482422,36.310001373291016,34.06339645385742,960000
2024-12-06,36.459999084472656,36.70000076293945,36.369998931884766,36.5099983215332,34.25102233886719,664100
2024-12-09,36.470001220703125,36.7400016784668,36.459999084472656,36.470001220703125,34.2135009765625,710800
2024-12-10,36.349998474121094,36.369998931884766,35.61000061035156,35.63999938964844,33.434852600097656,1229200
2024-12-11,36.16999816894531,36.189998626708984,35.90999984741211,36.0,33.772579193115234,1505300
2024-12-12,35.75,36.0,35.5,35.56999969482422,33.36918640136719,1125800
2024-12-13,35.43000030517578,35.45000076293945,35.16999816894531,35.38999938964844,33.200321197509766,1014200
2024-12-16,35.540000915527344,35.88999938964844,35.529998779296875,35.540000915527344,33.341041564941406,1823900
2024-12-17,35.689998626708984,36.13999938964844,35.68000030517578,35.84000015258789,33.62247848510742,2032700
2024-12-18,35.66999816894531,35.880001068115234,34.90999984741211,34.90999984741211,32.75001907348633,1164500
2024-12-19,34.439998626708984,34.540000915527344,34.099998474121094,34.2400016784668,32.12147903442383,1379600
2024-12-20,34.31999969482422,34.66999816894531,34.290000915527344,34.5,32.365386962890625,1251400
2024-12-23,34.83000183105469,34.95000076293945,34.650001525878906,34.88999938964844,32.731258392333984,1586300
2024-12-24,34.16999816894531,35.25,34.16999816894531,34.959999084472656,32.79692459106445,540700
2024-12-26,34.72999954223633,35.119998931884766,34.709999084472656,35.0,32.83445358276367,970200
2024-12-27,34.86000061035156,35.189998626708984,34.86000061035156,35.06999969482422,32.90011978149414,862900
2024-12-30,35.08000183105469,35.33000183105469,34.93000030517578,35.15999984741211,32.984554290771484,1089300
2024-12-31,35.0099983215332,35.529998779296875,34.880001068115234,34.880001068115234,32.72187805175781,832200
2025-01-02,34.939998626708984,35.20000076293945,34.880001068115234,34.939998626708984,32.77816390991211,711000
2025-01-03,34.970001220703125,35.29999923706055,34.869998931884766,35.18000030517578,33.00331497192383,1384200
2025-01-06,35.31999969482422,35.66999816894531,35.22999954223633,35.52000045776367,33.32228088378906,2647600
2025-01-07,36.029998779296875,36.52000045776367,36.0,36.45000076293945,34.19473648071289,1330200
2025-01-08,36.54999923706055,36.75,36.400001525878906,36.70000076293945,34.42926788330078,3594600
2025-01-10,36.75,36.790000915527344,36.349998474121094,36.459999084472656,34.20411682128906,1420900
2025-01-13,36.119998931884766,36.2400016784668,35.88999938964844,36.189998626708984,33.95082092285156,1720500
2025-01-14,36.150001525878906,36.220001220703125,35.849998474121094,36.13999938964844,33.9039192199707,1391200
2025-01-15,36.290000915527344,36.560001373291016,36.20000076293945,36.5,34.241641998291016,1051800
2025-01-16,36.38999938964844,36.91999816894531,36.310001373291016,36.66999816894531,34.401123046875,4081800
2025-01-17,36.33000183105469,36.45000076293945,36.04999923706055,36.349998474121094,34.100921630859375,4197000
2025-01-21,36.84000015258789,37.5,36.81999969482422,37.459999084472656,35.142242431640625,1864400
2025-01-22,37.84000015258789,37.97999954223633,37.61000061035156,37.849998474121094,35.508113861083984,2635100
2025-01-23,37.779998779296875,38.11000061035156,37.599998474121094,38.06999969482422,35.71450424194336,1847400
2025-01-24,37.95000076293945,38.15999984741211,37.939998626708984,38.04999923706055,35.69573974609375,1237400
2025-01-27,38.650001525878906,39.119998931884766,38.630001068115234,39.099998474121094,36.6807746887207,1684000
2025-01-28,39.09000015258789,39.099998474121094,38.66999816894531,38.939998626708984,36.530670166015625,1070800
2025-01-29,38.90999984741211,39.189998626708984,38.63999938964844,38.86000061035156,36.455623626708984,1989600
2025-01-30,39.540000915527344,39.90999984741211,39.150001525878906,39.84000015258789,37.3749885559082,1821100
2025-01-31,39.209999084472656,39.529998779296875,39.060001373291016,39.25,36.82149124145508,1178200
2025-02-03,38.93000030517578,39.349998474121094,38.779998779296875,39.31999969482422,36.88716125488281,1232800
2025-02-04,39.400001525878906,39.9900016784668,39.16999816894531,39.619998931884766,37.16859817504883,1327600
2025-02-05,40.2400016784668,40.650001525878906,40.2400016784668,40.529998779296875,38.02229690551758,1844800
2025-02-06,39.7599983215332,39.869998931884766,39.560001373291016,39.61000061035156,37.15922164916992,1597100
2025-02-07,40.029998779296875,40.06999969482422,39.66999816894531,39.77000045776367,37.30931854248047,1444000
2025-02-10,39.619998931884766,39.97999954223633,39.599998474121094,39.880001068115234,37.412513732910156,951300
2025-02-11,39.66999816894531,39.689998626708984,39.31999969482422,39.43000030517578,36.9903564453125,1062300
2025-02-12,39.709999084472656,40.400001525878906,39.61000061035156,40.22999954223633,37.7408561706543,1025700
2025-02-13,40.77000045776367,41.400001525878906,40.68000030517578,41.290000915527344,38.73527526855469,1236500
2025-02-14,40.97999954223633,41.20000076293945,40.83000183105469,41.04999923706055,38.51012420654297,1158500
2025-02-18,40.75,40.939998626708984,40.720001220703125,40.849998474121094,38.32249450683594,1336100
2025-02-19,40.59000015258789,40.77000045776367,40.540000915527344,40.68000030517578,38.16301345825195,1278200
2025-02-20,40.560001373291016,41.18000030517578,40.52000045776367,41.150001525878906,38.60393524169922,591900
2025-02-21,41.25,41.56999969482422,41.189998626708984,41.41999816894531,38.85722732543945,1901200
2025-02-24,41.38999938964844,41.70000076293945,41.29999923706055,41.5099983215332,38.9416618347168,2958200
2025-02-25,41.86000061035156,41.970001220703125,41.709999084472656,41.790000915527344,39.2043342590332,10134100
2025-02-26,41.599998474121094,42.11000061035156,41.54999923706055,42.040000915527344,39.43886947631836,11459500
2025-02-27,41.5099983215332,41.68000030517578,41.34000015258789,41.439998626708984,38.8759880065918,11001900
2025-02-28,41.2599983215332,41.86000061035156,41.16999816894531,41.7400016784668,39.15742874145508,21803500
2025-03-03,42.0099983215332,42.29999923706055,41.72999954223633,41.83000183105469,39.24186325073242,1660500
2025-03-04,42.54999923706055,43.06999969482422,42.5099983215332,42.5099983215332,39.87978744506836,4064200
2025-03-05,42.540000915527344,42.83000183105469,42.41999816894531,42.47999954223633,39.85164260864258,1837400
2025-03-06,42.38999938964844,43.2400016784668,42.36000061035156,43.04999923706055,40.386375427246094,5057900
2025-03-07,43.29999923706055,43.91999816894531,43.2599983215332,43.88999938964844,41.17440414428711,5136800
2025-03-10,43.880001068115234,43.959999084472656,42.95000076293945,43.060001373291016,40.395755767822266,4303300
2025-03-11,42.619998931884766,42.70000076293945,41.720001220703125,42.0,39.401344299316406,1863200
2025-03-12,43.83000183105469,43.84000015258789,43.2400016784668,43.560001373291016,40.86482238769531,1301200
2025-03-13,42.93000030517578,43.11000061035156,42.65999984741211,42.86000061035156,40.208133697509766,1994600
2025-03-14,42.61000061035156,43.31999969482422,42.52000045776367,43.2599983215332,40.58338165283203,8087300
2025-03-17,43.97999954223633,44.310001373291016,43.95000076293945,44.2400016784668,41.502750396728516,7251800
2025-03-18,44.060001373291016,44.13999938964844,43.84000015258789,44.060001373291016,41.33388900756836,1365500
2025-03-19,43.5,43.56999969482422,43.02000045776367,43.36000061035156,40.67719650268555,6353900
2025-03-20,43.369998931884766,43.47999954223633,43.08000183105469,43.41999816894531,40.733482360839844,10152300
2025-03-21,43.7599983215332,43.869998931884766,43.5,43.70000076293945,40.996158599853516,7602700
2025-03-24,43.119998931884766,43.29999923706055,42.84000015258789,42.90999984741211,40.25503921508789,982800
2025-03-25,43.59000015258789,43.84000015258789,42.93000030517578,43.380001068115234,40.695960998535156,1404800
2025-03-26,42.7599983215332,43.34000015258789,42.439998626708984,42.630001068115234,39.99236297607422,2135600
2025-03-27,42.36000061035156,42.790000915527344,42.310001373291016,42.349998474121094,39.72968673706055,1681200
2025-03-28,41.849998474121094,42.130001068115234,41.689998626708984,41.91999816894531,40.634063720703125,5202100
2025-03-31,41.29999923706055,41.349998474121094,40.90999984741211,41.150001525878906,39.88768768310547,1742600
2025-04-01,41.47999954223633,41.529998779296875,41.0,41.08000183105469,39.8198356628418,1608700
2025-04-02,40.220001220703125,40.650001525878906,38.56999969482422,39.369998931884766,38.162288665771484,2987800
2025-04-03,40.58000183105469,40.900001525878906,40.02000045776367,40.02000045776367,38.79235076904297,3871500
2025-04-04,38.790000915527344,39.65999984741211,37.439998626708984,37.650001525878906,36.49505615234375,3869800
2025-04-07,35.720001220703125,37.06999969482422,35.290000915527344,36.0,34.895668029785156,3134500
2025-04-08,37.130001068115234,37.15999984741211,35.5099983215332,35.900001525878906,34.798736572265625,1400200
2025-04-09,34.97999954223633,37.86000061035156,34.75,37.099998474121094,35.96192169189453,3486600
2025-04-10,36.63999938964844,36.970001220703125,36.02000045776367,36.86000061035156,35.729286193847656,2492800
2025-04-11,37.189998626708984,38.279998779296875,36.869998931884766,38.099998474121094,36.93124771118164,3414500
2025-04-14,37.7599983215332,38.56999969482422,37.720001220703125,38.27000045776367,37.09603500366211,2608900
2025-04-15,38.47999954223633,39.0099983215332,38.41999816894531,38.5,37.31897735595703,1641500
2025-04-16,38.61000061035156,39.060001373291016,38.47999954223633,38.58000183105469,37.39652633666992,2990400
2025-04-17,39.209999084472656,39.27000045776367,38.779998779296875,38.900001525878906,37.70671081542969,2893800
2025-04-21,39.15999984741211,39.40999984741211,38.59000015258789,38.79999923706055,37.60977554321289,1284500
2025-04-22,38.560001373291016,39.2599983215332,38.560001373291016,38.97999954223633,37.78425216674805,1442900
2025-04-23,38.9900016784668,39.25,38.849998474121094,39.13999938964844,37.93934631347656,1459800
2025-04-24,39.400001525878906,39.959999084472656,39.150001525878906,39.75,38.53063201904297,3338600
2025-04-25,39.4900016784668,39.77000045776367,39.29999923706055,39.52000045776367,38.30768966674805,1838300
2025-04-28,39.93000030517578,40.59000015258789,39.90999984741211,40.5099983215332,39.26731872558594,2319700
2025-04-29,40.970001220703125,41.09000015258789,40.599998474121094,40.65999984741211,39.4127197265625,3244000
2025-04-30,41.0099983215332,41.06999969482422,40.61000061035156,40.77000045776367,39.519344329833984,1719100
2025-05-01,41.0,41.099998474121094,39.310001373291016,39.58000183105469,38.365848541259766,1995500
2025-05-02,41.310001373291016,41.380001068115234,40.779998779296875,41.08000183105469,39.8198356628418,2982400
2025-05-05,41.650001525878906,41.66999816894531,41.20000076293945,41.33000183105469,40.06216812133789,2673200
2025-05-06,41.31999969482422,41.34000015258789,40.70000076293945,40.70000076293945,39.45149230957031,3043200
2025-05-07,40.470001220703125,40.599998474121094,40.209999084472656,40.33000183105469,39.09284210205078,1579100
2025-05-08,39.7599983215332,39.810001373291016,38.630001068115234,39.11000061035156,37.9102668762207,2063000
2025-05-09,38.72999954223633,38.86000061035156,38.22999954223633,38.369998931884766,37.19296646118164,2069900
2025-05-12,37.849998474121094,39.540000915527344,37.79999923706055,39.349998474121094,38.14290237426758,3351000
2025-05-13,38.63999938964844,38.63999938964844,38.25,38.34000015258789,37.16388702392578,1468700
2025-05-14,38.560001373291016,38.58000183105469,37.310001373291016,37.34000015258789,36.19456100463867,2811700
2025-05-15,38.15999984741211,38.41999816894531,35.06999969482422,38.400001525878906,37.2220458984375,4390500
2025-05-16,38.27000045776367,39.15999984741211,38.2400016784668,39.029998779296875,37.83271789550781,1891800
2025-05-19,38.810001373291016,39.36000061035156,38.779998779296875,39.27000045776367,38.06535720825195,2760800
2025-05-20,39.79999923706055,39.83000183105469,39.529998779296875,39.709999084472656,38.491859436035156,1394600
2025-05-21,39.869998931884766,39.900001525878906,39.380001068115234,39.38999938964844,38.18167495727539,1542700
2025-05-22,38.880001068115234,40.5,38.83000183105469,39.08000183105469,37.881187438964844,1283400
2025-05-23,39.029998779296875,39.790000915527344,39.02000045776367,39.66999816894531,38.453086853027344,952700
2025-05-27,39.790000915527344,39.849998474121094,39.38999938964844,39.5099983215332,38.29799270629883,811800
2025-05-28,39.310001373291016,39.47999954223633,39.16999816894531,39.27000045776367,38.06535720825195,632300
2025-05-29,39.34000015258789,39.63999938964844,39.04999923706055,39.529998779296875,38.3173828125,548900
2025-05-30,40.150001525878906,40.45000076293945,39.91999816894531,40.29999923706055,39.06376266479492,1688000
2025-06-02,40.38999938964844,40.70000076293945,40.279998779296875,40.68000030517578,39.432106018066406,774700
2025-06-03,40.04999923706055,40.13999938964844,39.81999969482422,39.97999954223633,38.753578186035156,1153800
2025-06-04,40.59000015258789,40.97999954223633,40.56999969482422,40.79999923706055,39.548423767089844,794300
2025-06-05,40.77000045776367,40.970001220703125,40.63999938964844,40.7599983215332,39.509647369384766,734100
2025-06-06,40.5099983215332,40.88999938964844,40.5099983215332,40.86000061035156,39.60658264160156,978600
2025-06-09,40.880001068115234,40.970001220703125,40.43000030517578,40.849998474121094,39.59688949584961,1098000
2025-06-10,40.9900016784668,41.13999938964844,40.88999938964844,41.06999969482422,39.810142517089844,2461700
2025-06-11,41.189998626708984,41.310001373291016,41.029998779296875,41.09000015258789,39.82952880859375,1777700
2025-06-12,41.63999938964844,41.970001220703125,41.58000183105469,41.95000076293945,40.66314697265625,822800
2025-06-13,41.380001068115234,41.650001525878906,41.130001068115234,41.31999969482422,40.05247116088867,1241100
2025-06-16,40.68000030517578,40.970001220703125,40.060001373291016,40.15999984741211,38.92805480957031,995700
2025-06-17,40.33000183105469,40.38999938964844,39.900001525878906,40.02000045776367,38.79235076904297,1312700
2025-06-18,39.54999923706055,39.83000183105469,39.400001525878906,39.619998931884766,38.40462112426758,833600
2025-06-20,39.880001068115234,39.939998626708984,38.79999923706055,39.20000076293945,37.99750518798828,3250600
2025-06-23,39.540000915527344,40.18000030517578,39.5099983215332,40.040000915527344,38.811737060546875,1501000
2025-06-24,40.45000076293945,40.900001525878906,40.369998931884766,40.790000915527344,39.53873062133789,869200
2025-06-25,40.31999969482422,40.349998474121094,40.130001068115234,40.290000915527344,39.05406951904297,1054500
2025-06-26,40.84000015258789,41.25,40.790000915527344,41.18000030517578,39.91676712036133,2173900
2025-06-27,41.02000045776367,41.09000015258789,40.65999984741211,40.90999984741211,39.65504837036133,937700
2025-06-30,40.779998779296875,40.88999938964844,40.5,40.7599983215332,39.509647369384766,782800
2025-07-01,40.790000915527344,41.2599983215332,40.7400016784668,41.150001525878906,39.88768768310547,778100
2025-07-02,40.900001525878906,41.189998626708984,40.72999954223633,41.150001525878906,39.88768768310547,1221200
2025-07-03,40.70000076293945,40.75,40.33000183105469,40.439998626708984,39.199466705322266,624500
2025-07-07,40.33000183105469,40.5099983215332,40.099998474121094,40.31999969482422,39.08314895629883,1150200
2025-07-08,39.880001068115234,40.59000015258789,39.849998474121094,40.09000015258789,38.86020278930664,984300
2025-07-09,40.380001068115234,40.97999954223633,40.369998931884766,40.869998931884766,39.616275787353516,1010800
2025-07-10,40.95000076293945,41.38999938964844,40.880001068115234,41.220001220703125,39.95553970336914,1057200
2025-07-11,40.65999984741211,40.689998626708984,40.29999923706055,40.4900016784668,39.2479362487793,1941800
2025-07-14,40.29999923706055,40.45000076293945,40.2400016784668,40.279998779296875,39.04437255859375,1167100
2025-07-15,40.349998474121094,40.380001068115234,39.599998474121094,39.630001068115234,38.41431427001953,891600
2025-07-16,39.900001525878906,40.29999923706055,39.880001068115234,40.20000076293945,38.96683120727539,1379000
2025-07-17,39.709999084472656,40.11000061035156,39.689998626708984,39.880001068115234,38.656646728515625,1095200
2025-07-18,40.439998626708984,40.470001220703125,40.02000045776367,40.08000183105469,38.85051345825195,768000
2025-07-21,39.95000076293945,40.15999984741211,39.66999816894531,39.790000915527344,38.56940841674805,1390400
2025-07-22,39.68000030517578,40.279998779296875,39.68000030517578,40.22999954223633,38.995906829833984,1312300
2025-07-23,40.790000915527344,41.470001220703125,40.790000915527344,41.13999938964844,39.877994537353516,1491000
2025-07-24,41.849998474121094,42.02000045776367,41.38999938964844,41.439998626708984,40.16878890991211,3643100
2025-07-25,40.81999969482422,41.060001373291016,40.63999938964844,40.9900016784668,39.73259735107422,1367100
2025-07-28,41.060001373291016,41.06999969482422,40.380001068115234,40.599998474121094,39.354557037353516,1200800
2025-07-29,40.290000915527344,41.54999923706055,40.09000015258789,40.310001373291016,39.073455810546875,955000
2025-07-30,40.02000045776367,40.22999954223633,39.849998474121094,40.060001373291016,38.83112335205078,947100
2025-07-31,39.47999954223633,39.83000183105469,38.90999984741211,38.90999984741211,37.716400146484375,1187800
2025-08-01,37.849998474121094,38.95000076293945,37.70000076293945,38.84000015258789,37.6485481262207,2275100
2025-08-04,39.22999954223633,39.45000076293945,39.09000015258789,39.43000030517578,38.22045135498047,1329400
2025-08-05,39.41999816894531,39.529998779296875,39.189998626708984,39.41999816894531,38.21075439453125,1066200
2025-08-06,38.7400016784668,38.84000015258789,38.33000183105469,38.36000061035156,37.18327331542969,1391800
2025-08-07,38.34000015258789,38.650001525878906,38.27000045776367,38.619998931884766,37.43529510498047,1445700
2025-08-08,37.959999084472656,38.2599983215332,37.88999938964844,38.22999954223633,37.05725860595703,1388500
2025-08-11,37.61000061035156,37.88999938964844,37.5099983215332,37.56999969482422,36.41750717163086,1792400
2025-08-12,37.689998626708984,38.220001220703125,37.61000061035156,38.119998931884766,36.95063400268555,1544600
2025-08-13,38.310001373291016,38.7400016784668,38.22999954223633,38.59000015258789,37.406219482421875,1508200
2025-08-14,38.540000915527344,38.720001220703125,38.459999084472656,38.65999984741211,37.47407150268555,1694500
2025-08-15,39.38999938964844,39.83000183105469,39.38999938964844,39.58000183105469,38.365848541259766,2444700
2025-08-18,39.470001220703125,39.70000076293945,39.41999816894531,39.61000061035156,38.394927978515625,1204800
2025-08-19,40.0,40.380001068115234,39.97999954223633,40.29999923706055,39.06376266479492,634900
2025-08-20,40.43000030517578,40.970001220703125,40.41999816894531,40.75,39.49995803833008,964600
2025-08-21,40.310001373291016,40.630001068115234,40.279998779296875,40.45000076293945,39.20915985107422,1195900
2025-08-22,40.66999816894531,41.06999969482422,40.650001525878906,40.869998931884766,39.616275787353516,1207800
2025-08-25,40.619998931884766,40.79999923706055,40.099998474121094,40.119998931884766,38.8892822265625,564900
2025-08-26,40.310001373291016,40.380001068115234,40.099998474121094,40.36000061035156,39.12192153930664,1252300
2025-08-27,40.529998779296875,40.97999954223633,40.5,40.90999984741211,39.65504837036133,3142700
2025-08-28,40.56999969482422,41.08000183105469,40.47999954223633,40.880001068115234,39.62596893310547,2869800
2025-08-29,40.66999816894531,40.95000076293945,40.63999938964844,40.77000045776367,39.519344329833984,1343900
2025-09-02,40.81999969482422,41.06999969482422,40.709999084472656,41.02000045776367,39.76167678833008,943500
2025-09-03,41.34000015258789,42.08000183105469,41.310001373291016,42.040000915527344,40.75038528442383,2664400
2025-09-04,42.5,42.81999969482422,42.439998626708984,42.7400016784668,41.42891311645508,801800
2025-09-05,42.90999984741211,43.08000183105469,42.79999923706055,43.0,41.680938720703125,565000
2025-09-08,42.4900016784668,42.7599983215332,42.209999084472656,42.470001220703125,41.16719436645508,1363900
2025-09-09,42.369998931884766,42.540000915527344,42.310001373291016,42.47999954223633,41.17688751220703,1214300
2025-09-10,42.0,42.0099983215332,41.61000061035156,41.849998474121094,40.56621170043945,2084300
2025-09-11,41.7599983215332,42.220001220703125,41.72999954223633,42.06999969482422,40.77946472167969,1071200
2025-09-12,41.650001525878906,41.790000915527344,41.33000183105469,41.349998474121094,40.08155059814453,1073300
2025-09-15,41.18000030517578,41.22999954223633,40.86000061035156,40.97999954223633,39.722900390625,1422400
2025-09-16,41.09000015258789,41.189998626708984,40.90999984741211,41.150001525878906,39.88768768310547,540100
2025-09-17,40.959999084472656,41.619998931884766,40.959999084472656,41.16999816894531,39.90707015991211,614300
2025-09-18,41.130001068115234,41.29999923706055,41.0,41.189998626708984,39.92646026611328,808400
2025-09-19,41.709999084472656,41.880001068115234,41.619998931884766,41.790000915527344,40.508056640625,1303500
2025-09-22,42.650001525878906,42.81999969482422,42.18000030517578,42.65999984741211,41.35136795043945,1228900
2025-09-23,41.97999954223633,42.06999969482422,41.709999084472656,41.75,40.46928024291992,841400
2025-09-24,41.040000915527344,41.279998779296875,40.810001373291016,41.060001373291016,39.80044937133789,1428200
2025-09-25,40.459999084472656,40.560001373291016,39.7599983215332,39.959999084472656,38.73419189453125,1800800
2025-09-26,39.86000061035156,40.0099983215332,39.5,39.59000015258789,38.37554168701172,1497200
2025-09-29,39.93000030517578,40.189998626708984,39.779998779296875,40.04999923706055,38.82143020629883,1280300
2025-09-30,40.119998931884766,41.959999084472656,40.04999923706055,41.810001373291016,40.527442932128906,1988600
2025-10-01,43.709999084472656,45.08000183105469,43.70000076293945,44.83000183105469,43.454803466796875,2653800
2025-10-02,44.849998474121094,45.0,44.40999984741211,44.70000076293945,43.32878875732422,1249900
2025-10-03,45.04999923706055,45.459999084472656,45.0099983215332,45.29999923706055,43.91038131713867,1475300
2025-10-06,45.27000045776367,45.459999084472656,45.209999084472656,45.36000061035156,43.968544006347656,1191700
2025-10-07,45.2599983215332,45.45000076293945,45.130001068115234,45.150001525878906,43.764984130859375,1732300
2025-10-08,45.900001525878906,45.939998626708984,45.209999084472656,45.31999969482422,43.92976760864258,5231400
2025-10-09,45.77000045776367,45.869998931884766,45.38999938964844,45.540000915527344,44.14302062988281,1351400
2025-10-10,45.61000061035156,45.66999816894531,45.29999923706055,45.65999984741211,44.25933837890625,1830600
2025-10-13,44.959999084472656,45.33000183105469,44.79999923706055,45.279998779296875,43.890995025634766,1594100
2025-10-14,44.93000030517578,45.06999969482422,44.5,44.7599983215332,43.38694381713867,1561700
2025-10-15,43.86000061035156,44.68000030517578,43.77000045776367,44.47999954223633,43.115535736083984,1131700
2025-10-16,44.560001373291016,45.0,44.54999923706055,44.66999816894531,43.299705505371094,733200
2025-10-17,44.54999923706055,45.209999084472656,44.5,44.90999984741211,43.532344818115234,1510800
2025-10-20,44.150001525878906,44.47999954223633,43.88999938964844,44.060001373291016,42.70841979980469,3356200
2025-10-21,44.02000045776367,44.25,43.83000183105469,44.02000045776367,42.669647216796875,1073300
2025-10-22,43.84000015258789,44.209999084472656,43.810001373291016,43.939998626708984,42.59210205078125,1469700
2025-10-23,42.22999954223633,42.77000045776367,42.209999084472656,42.470001220703125,41.16719436645508,3577500
2025-10-24,42.81999969482422,42.849998474121094,42.25,42.27000045776367,40.973331451416016,2209200
2025-10-27,41.45000076293945,42.09000015258789,41.43000030517578,42.09000015258789,40.798851013183594,1458400
2025-10-28,41.54999923706055,41.560001373291016,40.849998474121094,40.849998474121094,39.59688949584961,1330800
2025-10-29,41.04999923706055,41.06999969482422,40.31999969482422,40.560001373291016,39.31578826904297,791600
2025-10-30,40.68000030517578,40.84000015258789,40.540000915527344,40.61000061035156,39.364253997802734,1146600
2025-10-31,40.41999816894531,40.529998779296875,40.099998474121094,40.400001525878906,39.16069412231445,1064700
2025-11-03,40.45000076293945,40.540000915527344,40.06999969482422,40.150001525878906,38.918365478515625,1188600
2025-11-04,40.2599983215332,40.81999969482422,40.25,40.5,39.257625579833984,1486900
2025-11-05,40.56999969482422,40.939998626708984,40.52000045776367,40.70000076293945,39.45149230957031,1165300
2025-11-06,40.849998474121094,41.220001220703125,40.72999954223633,41.220001220703125,39.95553970336914,1492900
2025-11-07,41.4900016784668,41.9900016784668,41.43000030517578,41.959999084472656,40.6728401184082,1613800
2025-11-10,43.29999923706055,43.939998626708984,43.11000061035156,43.849998474121094,42.504859924316406,2350500
2025-11-11,44.400001525878906,45.5,44.400001525878906,45.43000030517578,44.03639602661133,3280300
2025-11-12,45.279998779296875,45.66999816894531,45.27000045776367,45.43000030517578,44.03639602661133,1055800
2025-11-13,45.5099983215332,46.0,45.4900016784668,45.52000045776367,44.123634338378906,1861200
2025-11-14,45.2599983215332,45.369998931884766,44.90999984741211,44.95000076293945,43.57112121582031,2013100
2025-11-17,44.900001525878906,45.25,44.56999969482422,44.58000183105469,43.21247100830078,1747200
2025-11-18,48.29999923706055,49.20000076293945,47.72999954223633,48.869998931884766,47.37086868286133,11266400
2025-11-19,48.369998931884766,48.779998779296875,48.099998474121094,48.540000915527344,47.050994873046875,3496200
2025-11-20,48.41999816894531,48.439998626708984,47.900001525878906,47.91999816894531,46.450008392333984,2490300
2025-11-21,48.5099983215332,49.09000015258789,48.4900016784668,49.0099983215332,47.50657272338867,1303300
2025-11-24,48.459999084472656,48.5099983215332,47.54999923706055,47.59000015258789,46.13013458251953,2782600
2025-11-25,48.209999084472656,48.7400016784668,48.150001525878906,48.630001068115234,47.13823318481445,1601400
2025-11-26,48.41999816894531,48.66999816894531,48.150001525878906,48.470001220703125,46.98313903808594,1549600
2025-11-28,47.720001220703125,47.900001525878906,47.5,47.83000183105469,46.36277389526367,2720700
2025-12-01,48.150001525878906,48.2400016784668,47.4900016784668,47.5099983215332,46.05258560180664,1694200
2025-12-02,48.540000915527344,48.869998931884766,48.38999938964844,48.70000076293945,47.206085205078125,1069100
2025-12-03,48.869998931884766,49.15999984741211,48.779998779296875,48.91999816894531,47.419334411621094,1403800
2025-12-04,49.02000045776367,49.029998779296875,48.130001068115234,48.20000076293945,46.7214241027832,1522700
2025-12-05,48.7400016784668,48.81999969482422,48.13999938964844,48.52000045776367,47.0316047668457,1951600
2025-12-08,49.13999938964844,49.34000015258789,48.790000915527344,48.900001525878906,47.39995193481445,2013300
2025-12-09,49.18000030517578,49.349998474121094,48.619998931884766,48.70000076293945,47.206085205078125,3373500
2025-12-10,49.7599983215332,50.66999816894531,49.54999923706055,50.43000030517578,48.88301467895508,5375800
2025-12-11,50.02000045776367,50.29999923706055,49.43000030517578,50.02000045776367,48.485591888427734,3816600
2025-12-12,49.66999816894531,50.099998474121094,49.599998474121094,50.040000915527344,48.50497817993164,2517700
2025-12-15,50.25,51.2400016784668,50.25,51.220001220703125,49.648780822753906,4104700
2025-12-16,50.810001373291016,50.869998931884766,50.150001525878906,50.22999954223633,48.68914794921875,3707200
2025-12-17,49.86000061035156,50.45000076293945,49.5099983215332,49.599998474121094,48.07847595214844,3290700
2025-12-18,49.97999954223633,50.459999084472656,49.88999938964844,50.27000045776367,48.72792434692383,4197300
2025-12-19,50.86000061035156,51.4900016784668,50.84000015258789,51.20000076293945,49.62939453125,1649200
2025-12-22,50.86000061035156,51.66999816894531,50.79999923706055,51.38999938964844,49.81356430053711,3605000
2025-12-23,52.27000045776367,52.59000015258789,52.16999816894531,52.59000015258789,50.97675704956055,2854000
2025-12-24,53.0,53.0,52.41999816894531,52.529998779296875,50.91859436035156,655000
2025-12-26,52.540000915527344,52.939998626708984,52.209999084472656,52.5,50.8895149230957,412200
2025-12-29,52.040000915527344,52.22999954223633,51.779998779296875,51.79999923706055,50.21098709106445,2163400
2025-12-30,51.93000030517578,52.02000045776367,51.63999938964844,51.66999816894531,50.08497619628906,1246300
2025-12-31,51.650001525878906,52.040000915527344,51.400001525878906,51.56999969482422,49.98804473876953,456200
2026-01-02,51.9900016784668,52.06999969482422,51.189998626708984,51.45000076293945,49.871726989746094,1850000
2026-01-05,51.290000915527344,51.41999816894531,50.900001525878906,51.369998931884766,49.7941780090332,1363700
2026-01-06,51.65999984741211,52.439998626708984,51.61000061035156,51.61000061035156,50.026817321777344,2041900
2026-01-07,52.349998474121094,53.25,52.31999969482422,53.08000183105469,51.451725006103516,3917600
2026-01-08,52.91999816894531,53.27000045776367,52.650001525878906,52.77000045776367,51.1512336730957,6984100
2026-01-09,53.0099983215332,53.540000915527344,52.97999954223633,53.400001525878906,51.76190948486328,7216700
2026-01-12,53.66999816894531,53.900001525878906,52.970001220703125,53.20000076293945,51.56804275512695,3080100
2026-01-13,53.209999084472656,53.369998931884766,52.790000915527344,53.34000015258789,51.7037467956543,2467800
2026-01-14,53.79999923706055,54.06999969482422,53.619998931884766,53.959999084472656,52.30472946166992,1415600
2026-01-15,54.15999984741211,54.52000045776367,53.36000061035156,54.119998931884766,52.45981979370117,3010600
2026-01-16,54.2599983215332,54.529998779296875,53.959999084472656,54.25,52.58583450317383,1814500
2026-01-20,54.2599983215332,54.7599983215332,53.959999084472656,54.43000030517578,52.760311126708984,2402700
2026-01-21,54.11000061035156,54.5,54.0,54.279998779296875,52.61491012573242,3297100
2026-01-22,54.540000915527344,55.130001068115234,54.5,54.790000915527344,53.10926818847656,1266600
2026-01-23,54.779998779296875,55.45000076293945,54.58000183105469,55.22999954223633,53.535770416259766,1816400
2026-01-26,55.939998626708984,56.630001068115234,55.939998626708984,56.119998931884766,54.398468017578125,1517700
2026-01-27,56.529998779296875,57.290000915527344,56.529998779296875,56.689998626708984,54.95098114013672,3058600
2026-01-28,54.779998779296875,55.15999984741211,53.02000045776367,54.38999938964844,52.72153854370117,2726900
2026-01-29,56.650001525878906,57.290000915527344,55.650001525878906,57.02000045776367,55.2708625793457,5170700
2026-01-30,57.08000183105469,57.119998931884766,56.5099983215332,56.75,55.0091438293457,3669100
2026-02-02,56.43000030517578,57.220001220703125,56.36000061035156,57.119998931884766,55.367794036865234,2366500
2026-02-03,56.65999984741211,56.97999954223633,56.38999938964844,56.58000183105469,54.8443603515625,1026500
2026-02-04,58.0099983215332,58.400001525878906,57.119998931884766,57.2599983215332,55.50349807739258,4233900
2026-02-05,57.45000076293945,57.84000015258789,57.11000061035156,57.119998931884766,55.367794036865234,3613300
2026-02-06,56.900001525878906,57.97999954223633,56.7400016784668,57.70000076293945,55.93000030517578,6159900
2026-02-09,57.86000061035156,57.88999938964844,57.0,57.11000061035156,55.35810089111328,3509300
2026-02-10,57.58000183105469,57.630001068115234,56.72999954223633,56.83000183105469,55.086692810058594,3403800
2026-02-11,57.31999969482422,57.9900016784668,56.939998626708984,57.790000915527344,56.017242431640625,2580700
2026-02-12,58.2400016784668,58.869998931884766,58.04999923706055,58.61000061035156,56.81208801269531,1289900
2026-02-13,58.459999084472656,58.810001373291016,58.36000061035156,58.5099983215332,56.715152740478516,2035600
2026-02-17,59.369998931884766,60.220001220703125,59.310001373291016,60.099998474121094,58.256378173828125,1283900
2026-02-18,59.88999938964844,60.06999969482422,59.52000045776367,59.689998626708984,57.85895538330078,1774300
2026-02-19,59.279998779296875,59.439998626708984,58.58000183105469,59.18000030517578,57.364601135253906,1964500
2026-02-20,58.939998626708984,59.45000076293945,58.7599983215332,59.349998474121094,57.52938461303711,2082100
2026-02-23,59.150001525878906,60.06999969482422,59.119998931884766,59.970001220703125,58.130367279052734,4168900
2026-02-24,60.40999984741211,60.849998474121094,60.099998474121094,60.58000183105469,58.721656799316406,1914400
2026-02-25,59.84000015258789,60.060001373291016,59.47999954223633,59.47999954223633,57.655399322509766,1996100
2026-02-26,59.400001525878906,59.41999816894531,58.4900016784668,59.029998779296875,57.219200134277344,5290800
2026-02-27,59.810001373291016,60.290000915527344,59.29999923706055,59.54999923706055,57.72325134277344,998000
2026-03-02,58.16999816894531,58.43000030517578,57.65999984741211,57.869998931884766,56.094783782958984,3693400
2026-03-03,56.630001068115234,58.0099983215332,56.0,57.75,55.97846603393555,1485100
2026-03-04,58.029998779296875,58.029998779296875,57.33000183105469,57.86000061035156,56.0850944519043,2680500
2026-03-05,56.56999969482422,56.97999954223633,53.54999923706055,54.189998626708984,52.527671813964844,3520800
2026-03-06,54.400001525878906,55.38999938964844,54.31999969482422,55.38999938964844,53.690860748291016,2417900
2026-03-09,52.31999969482422,54.650001525878906,52.279998779296875,54.650001525878906,52.97356414794922,2438300
2026-03-10,54.18000030517578,54.4900016784668,53.02000045776367,53.439998626708984,51.80067825317383,3804300
2026-03-11,52.869998931884766,53.68000030517578,52.40999984741211,53.400001525878906,51.76190948486328,1244000
2026-03-12,52.52000045776367,52.79999923706055,51.77000045776367,51.93000030517578,50.33700180053711,2512600
2026-03-13,51.310001373291016,51.47999954223633,50.02000045776367,50.119998931884766,50.119998931884766,3541700
2026-03-16,50.689998626708984,51.560001373291016,50.689998626708984,51.529998779296875,51.529998779296875,2588500
2026-03-17,51.849998474121094,52.0,50.77000045776367,50.97999954223633,50.97999954223633,3684300
2026-03-18,50.16999816894531,50.310001373291016,49.15999984741211,49.220001220703125,49.220001220703125,3231100
2026-03-19,48.369998931884766,49.11000061035156,48.209999084472656,48.40999984741211,48.40999984741211,2960300
2026-03-20,48.849998474121094,48.880001068115234,47.04999923706055,47.38999938964844,47.38999938964844,4466700
2026-03-23,48.04999923706055,49.029998779296875,47.90999984741211,48.11000061035156,48.11000061035156,3300900
2026-03-24,47.650001525878906,48.40999984741211,47.529998779296875,48.029998779296875,48.029998779296875,2107000
2026-03-25,48.939998626708984,49.349998474121094,48.81999969482422,48.95000076293945,48.95000076293945,787300
2026-03-26,48.90999984741211,49.439998626708984,48.63999938964844,48.720001220703125,48.720001220703125,891500
2026-03-27,49.04999923706055,49.349998474121094,48.15999984741211,48.310001373291016,48.310001373291016,2125900
2026-03-30,49.02000045776367,49.15999984741211,48.65999984741211,48.84000015258789,48.84000015258789,1292900
2026-03-31,49.4900016784668,49.81999969482422,48.81999969482422,49.709999084472656,49.709999084472656,1122100
2026-04-01,50.099998474121094,50.560001373291016,49.79999923706055,50.400001525878906,50.400001525878906,1762500
2026-04-02,49.709999084472656,50.0099983215332,49.40999984741211,49.849998474121094,49.849998474121094,3996600
2026-04-06,49.5099983215332,50.97999954223633,49.36000061035156,49.97999954223633,49.97999954223633,939900
2026-04-07,48.970001220703125,49.61000061035156,48.38999938964844,49.349998474121094,49.349998474121094,1630000
2026-04-08,50.119998931884766,50.18000030517578,49.619998931884766,50.08000183105469,50.08000183105469,1788000
2026-04-09,49.33000183105469,50.68000030517578,49.2400016784668,50.310001373291016,50.310001373291016,1517300
2026-04-10,50.4900016784668,50.599998474121094,49.880001068115234,50.040000915527344,50.040000915527344,1017800
2026-04-13,49.83000183105469,50.869998931884766,49.7400016784668,50.689998626708984,50.689998626708984,3593700
2026-04-14,50.810001373291016,51.25,50.75,51.029998779296875,51.029998779296875,4066100
2026-04-15,51.2400016784668,51.2599983215332,50.68000030517578,50.9900016784668,50.9900016784668,2319000
2026-04-16,50.47999954223633,50.540000915527344,49.79999923706055,49.93000030517578,49.93000030517578,1052700
2026-04-17,50.93000030517578,51.54999923706055,50.630001068115234,51.27000045776367,51.27000045776367,788900
2026-04-20,51.099998474121094,51.66999816894531,50.70000076293945,51.33000183105469,51.33000183105469,1409300
2026-04-21,50.959999084472656,51.0,49.900001525878906,49.93000030517578,49.93000030517578,923200
2026-04-22,50.16999816894531,52.0,49.7599983215332,51.20000076293945,51.20000076293945,2339600
2026-04-23,51.22999954223633,51.959999084472656,51.02000045776367,51.86000061035156,51.86000061035156,5904200
2026-04-24,51.15999984741211,51.75,50.869998931884766,51.63999938964844,51.63999938964844,1384800
2026-04-27,51.040000915527344,51.41999816894531,51.040000915527344,51.220001220703125,51.220001220703125,2990400
2026-04-28,50.220001220703125,51.27000045776367,50.06999969482422,51.040000915527344,51.040000915527344,2454300
2026-04-29,49.95000076293945,50.66999816894531,49.900001525878906,50.43000030517578,50.43000030517578,2171300
2026-04-30,50.459999084472656,51.9900016784668,50.459999084472656,50.880001068115234,50.880001068115234,1315400
2026-05-01,50.95000076293945,51.29999923706055,50.75,51.0,51.0,665700
2026-05-04,50.66999816894531,50.81999969482422,50.189998626708984,50.279998779296875,50.279998779296875,1119200
2026-05-05,51.09000015258789,51.099998474121094,50.630001068115234,50.84000015258789,50.84000015258789,671700
2026-05-06,51.75,51.900001525878906,51.40999984741211,51.630001068115234,51.630001068115234,2640400
2026-05-07,51.880001068115234,51.91999816894531,50.33000183105469,50.59000015258789,50.59000015258789,785400
2026-05-08,50.75,51.09000015258789,50.40999984741211,51.09000015258789,51.09000015258789,1507400
2026-05-11,51.15999984741211,51.599998474121094,51.09000015258789,51.40999984741211,51.40999984741211,3062800
2026-05-12,51.119998931884766,51.61000061035156,51.0099983215332,51.18000030517578,51.18000030517578,8788800
2026-05-13,50.77000045776367,51.36000061035156,50.709999084472656,51.2599983215332,51.2599983215332,7855300
2026-05-14,51.0,51.79999923706055,51.0,51.290000915527344,51.290000915527344,1192600
2026-05-15,51.790000915527344,51.95000076293945,50.959999084472656,51.09000015258789,51.09000015258789,1123500
2026-05-18,50.9900016784668,51.36000061035156,50.810001373291016,51.099998474121094,51.099998474121094,3026300
2026-05-19,51.70000076293945,52.380001068115234,51.61000061035156,51.86000061035156,51.86000061035156,5422500
2026-05-20,51.75,52.560001373291016,51.75,51.939998626708984,51.939998626708984,2982700
2026-05-21,51.849998474121094,53.20000076293945,51.599998474121094,52.709999084472656,52.709999084472656,784600
2026-05-22,52.93000030517578,53.540000915527344,52.83000183105469,53.34000015258789,53.34000015258789,1358300
2026-05-26,53.099998474121094,53.130001068115234,52.43000030517578,52.599998474121094,52.599998474121094,1374700
2026-05-27,52.209999084472656,52.68000030517578,52.06999969482422,52.470001220703125,52.470001220703125,673300
2026-05-28,51.72999954223633,52.52000045776367,51.689998626708984,52.36000061035156,52.36000061035156,1739200
2026-05-29,52.84000015258789,52.970001220703125,52.36000061035156,52.400001525878906,52.400001525878906,687500
2026-06-01,51.279998779296875,51.380001068115234,50.060001373291016,50.220001220703125,50.220001220703125,3411600
2026-06-02,49.27000045776367,49.36000061035156,48.099998474121094,49.06999969482422,49.06999969482422,1687700
2026-06-03,48.84000015258789,49.279998779296875,48.83000183105469,49.0,49.0,1914400
2026-06-04,51.11000061035156,51.84000015258789,51.11000061035156,51.56999969482422,51.56999969482422,1452100
2026-06-05,51.4900016784668,51.720001220703125,51.02000045776367,51.47999954223633,51.47999954223633,2066700
2026-06-08,50.779998779296875,51.040000915527344,50.310001373291016,50.54999923706055,50.54999923706055,3353900
2026-06-09,50.08000183105469,50.400001525878906,49.470001220703125,50.22999954223633,50.22999954223633,1237900
2026-06-10,50.439998626708984,50.779998779296875,50.33000183105469,50.41999816894531,50.41999816894531,980500
2026-06-11,51.02000045776367,51.880001068115234,50.7400016784668,51.349998474121094,51.349998474121094,1841600
2026-06-12,51.529998779296875,51.939998626708984,51.25,51.650001525878906,51.650001525878906,787600
2026-06-15,51.43000030517578,51.560001373291016,51.0,51.0099983215332,51.0099983215332,1630700
2026-06-16,51.040000915527344,51.220001220703125,50.540000915527344,51.130001068115234,51.130001068115234,1165100
2026-06-17,51.400001525878906,51.84000015258789,50.869998931884766,51.060001373291016,51.060001373291016,1546500
2026-06-18,50.439998626708984,50.5,49.220001220703125,49.7400016784668,49.7400016784668,1465100
2026-06-22,49.08000183105469,49.439998626708984,49.0,49.119998931884766,49.119998931884766,2549700
2026-06-23,50.060001373291016,50.47999954223633,49.91999816894531,50.349998474121094,50.349998474121094,2113500
2026-06-24,51.29999923706055,51.59000015258789,50.939998626708984,51.22999954223633,51.22999954223633,1342800
2026-06-25,51.279998779296875,52.02000045776367,51.27000045776367,51.86000061035156,51.86000061035156,1350700
2026-06-26,51.0,52.060001373291016,50.959999084472656,51.7400016784668,51.7400016784668,1402400
2026-06-29,52.189998626708984,52.58000183105469,52.09000015258789,52.58000183105469,52.58000183105469,1185700
2026-06-30,51.849998474121094,51.939998626708984,51.0099983215332,51.349998474121094,51.349998474121094,2512000
2026-07-01,51.06999969482422,51.119998931884766,50.310001373291016,50.31999969482422,50.31999969482422,4255600
2026-07-02,52.27000045776367,53.5,52.25,53.040000915527344,53.040000915527344,2082300
2026-07-06,51.689998626708984,51.720001220703125,50.900001525878906,51.59000015258789,51.59000015258789,1972700
2026-07-07,52.66999816894531,52.790000915527344,52.099998474121094,52.16999816894531,52.16999816894531,2262200
2026-07-08,51.77000045776367,52.150001525878906,51.599998474121094,51.7599983215332,51.7599983215332,1499300
2026-07-09,51.630001068115234,52.2400016784668,51.619998931884766,52.02000045776367,52.02000045776367,828400
2026-07-10,52.380001068115234,52.41999816894531,51.79999923706055,51.900001525878906,51.900001525878906,1558800
