date,open,high,low,close,adjclose,volume
2021-08-02,14.699999809265137,15.1899995803833,14.600000381469727,14.979999542236328,14.979999542236328,248600
2021-08-03,14.960000038146973,14.960000038146973,14.34000015258789,14.40999984741211,14.40999984741211,338900
2021-08-04,14.300000190734863,14.729999542236328,13.800000190734863,13.869999885559082,13.869999885559082,271100
2021-08-05,13.819999694824219,14.199999809265137,13.579999923706055,14.199999809265137,14.199999809265137,329500
2021-08-06,14.300000190734863,14.399999618530273,13.883000373840332,14.3100004196167,14.3100004196167,323900
2021-08-09,14.279999732971191,15.020000457763672,14.15999984741211,14.550000190734863,14.550000190734863,394900
2021-08-10,15.210000038146973,15.529999732971191,14.720000267028809,15.3100004196167,15.3100004196167,345300
2021-08-11,15.220000267028809,16.0,15.079999923706055,15.539999961853027,15.539999961853027,482800
2021-08-12,15.489999771118164,15.880000114440918,15.050000190734863,15.670000076293945,15.670000076293945,403900
2021-08-13,15.529999732971191,16.110000610351562,15.210000038146973,15.90999984741211,15.90999984741211,447500
2021-08-16,15.949999809265137,16.065000534057617,15.369999885559082,15.720000267028809,15.720000267028809,852300
2021-08-17,15.5600004196167,16.149999618530273,15.470000267028809,15.989999771118164,15.989999771118164,261800
2021-08-18,16.0,16.0,15.539999961853027,15.609999656677246,15.609999656677246,343500
2021-08-19,15.5600004196167,15.920000076293945,15.270000457763672,15.449999809265137,15.449999809265137,408300
2021-08-20,15.390000343322754,15.789999961853027,15.260000228881836,15.75,15.75,353800
2021-08-23,15.869999885559082,16.670000076293945,15.75,16.510000228881836,16.510000228881836,621800
2021-08-24,16.489999771118164,16.899999618530273,16.100000381469727,16.809999465942383,16.809999465942383,227800
2021-08-25,16.790000915527344,17.020000457763672,16.5,16.959999084472656,16.959999084472656,271700
2021-08-26,16.889999389648438,17.200000762939453,16.190000534057617,16.510000228881836,16.510000228881836,294600
2021-08-27,16.6299991607666,17.024999618530273,16.399999618530273,16.889999389648438,16.889999389648438,383600
2021-08-30,16.989999771118164,17.55500030517578,16.81999969482422,17.25,17.25,321400
2021-08-31,17.31999969482422,17.770000457763672,17.25,17.489999771118164,17.489999771118164,334800
2021-09-01,17.510000228881836,18.145000457763672,17.389999389648438,18.06999969482422,18.06999969482422,766900
2021-09-02,18.190000534057617,18.360000610351562,17.399999618530273,18.170000076293945,18.170000076293945,413500
2021-09-03,18.139999389648438,18.139999389648438,17.579999923706055,17.850000381469727,17.850000381469727,363800
2021-09-07,17.84000015258789,18.170000076293945,17.06999969482422,17.139999389648438,17.139999389648438,225700
2021-09-08,17.239999771118164,17.920000076293945,16.940000534057617,17.729999542236328,17.729999542236328,319600
2021-09-09,17.790000915527344,18.239999771118164,17.579999923706055,18.059999465942383,18.059999465942383,430700
2021-09-10,18.149999618530273,18.399999618530273,17.8799991607666,18.299999237060547,18.299999237060547,541400
2021-09-13,18.40999984741211,19.139999389648438,17.940000534057617,18.8799991607666,18.8799991607666,634700
2021-09-14,18.959999084472656,19.350000381469727,18.815000534057617,19.0,19.0,550100
2021-09-15,18.8799991607666,19.56999969482422,18.8799991607666,19.360000610351562,19.360000610351562,583300
2021-09-16,19.389999389648438,19.600000381469727,19.0,19.309999465942383,19.309999465942383,415100
2021-09-17,19.389999389648438,20.31999969482422,19.389999389648438,19.799999237060547,19.799999237060547,3046100
2021-09-20,19.18000030517578,20.190000534057617,17.829999923706055,18.799999237060547,18.799999237060547,815900
2021-09-21,18.940000534057617,19.530000686645508,18.3799991607666,18.56999969482422,18.56999969482422,421000
2021-09-22,18.56999969482422,19.049999237060547,18.059999465942383,18.81999969482422,18.81999969482422,397900
2021-09-23,18.84000015258789,18.860000610351562,18.350000381469727,18.65999984741211,18.65999984741211,447300
2021-09-24,18.700000762939453,18.8700008392334,18.489999771118164,18.799999237060547,18.799999237060547,450100
2021-09-27,19.790000915527344,19.959999084472656,18.56999969482422,19.760000228881836,19.760000228881836,1031900
2021-09-28,19.8700008392334,20.200000762939453,19.219999313354492,19.510000228881836,19.510000228881836,559000
2021-09-29,19.540000915527344,19.920000076293945,19.25,19.559999465942383,19.559999465942383,382400
2021-09-30,19.68000030517578,19.68000030517578,18.450000762939453,19.110000610351562,19.110000610351562,699200
2021-10-01,19.219999313354492,19.56999969482422,18.81999969482422,19.510000228881836,19.510000228881836,533600
2021-10-04,19.479999542236328,19.649999618530273,19.0,19.030000686645508,19.030000686645508,386100
2021-10-05,18.0,18.0,16.440000534057617,17.84000015258789,17.84000015258789,991000
2021-10-06,17.709999084472656,18.309999465942383,17.399999618530273,17.670000076293945,17.670000076293945,1948500
2021-10-07,17.690000534057617,18.6299991607666,17.600000381469727,18.579999923706055,18.579999923706055,400000
2021-10-08,18.68000030517578,18.68000030517578,17.969999313354492,18.010000228881836,18.010000228881836,257400
2021-10-11,17.899999618530273,18.149999618530273,17.700000762939453,17.719999313354492,17.719999313354492,298700
2021-10-12,17.850000381469727,18.25,17.729999542236328,17.969999313354492,17.969999313354492,333000
2021-10-13,17.959999084472656,18.0049991607666,17.239999771118164,17.979999542236328,17.979999542236328,315000
2021-10-14,18.139999389648438,18.579999923706055,18.139999389648438,18.489999771118164,18.489999771118164,335400
2021-10-15,18.75,19.03499984741211,18.34000015258789,18.59000015258789,18.59000015258789,434500
2021-10-18,18.389999389648438,18.684999465942383,18.049999237060547,18.229999542236328,18.229999542236328,242300
2021-10-19,18.190000534057617,18.725000381469727,18.190000534057617,18.260000228881836,18.260000228881836,187700
2021-10-20,18.3799991607666,18.469999313354492,18.030000686645508,18.260000228881836,18.260000228881836,209400
2021-10-21,18.309999465942383,18.670000076293945,18.1200008392334,18.639999389648438,18.639999389648438,160700
2021-10-22,18.610000610351562,18.979999542236328,18.280000686645508,18.959999084472656,18.959999084472656,481000
2021-10-25,19.049999237060547,19.479999542236328,18.639999389648438,18.950000762939453,18.950000762939453,448500
2021-10-26,18.969999313354492,19.360000610351562,18.700000762939453,19.100000381469727,19.100000381469727,582600
2021-10-27,19.020000457763672,19.110000610351562,18.600000381469727,18.610000610351562,18.610000610351562,418600
2021-10-28,18.56999969482422,19.149999618530273,18.43000030517578,19.079999923706055,19.079999923706055,288900
2021-10-29,19.1299991607666,19.549999237060547,19.010000228881836,19.450000762939453,19.450000762939453,396300
2021-11-01,19.450000762939453,20.0,19.1299991607666,19.670000076293945,19.670000076293945,606500
2021-11-02,19.75,19.75,18.8799991607666,19.15999984741211,19.15999984741211,258000
2021-11-03,19.040000915527344,20.280000686645508,18.565000534057617,20.239999771118164,20.239999771118164,721600
2021-11-04,20.260000228881836,20.31999969482422,16.65999984741211,16.920000076293945,16.920000076293945,2199300
2021-11-05,16.770000457763672,18.290000915527344,16.690000534057617,17.600000381469727,17.600000381469727,1314400
2021-11-08,17.700000762939453,17.790000915527344,17.309999465942383,17.5,17.5,355500
2021-11-09,17.459999084472656,18.059999465942383,17.1200008392334,17.979999542236328,17.979999542236328,272700
2021-11-10,17.889999389648438,18.350000381469727,17.239999771118164,17.290000915527344,17.290000915527344,653800
2021-11-11,17.239999771118164,17.760000228881836,17.239999771118164,17.6299991607666,17.6299991607666,237300
2021-11-12,17.81999969482422,17.969999313354492,17.270000457763672,17.920000076293945,17.920000076293945,229900
2021-11-15,18.020000457763672,18.09000015258789,17.440000534057617,17.889999389648438,17.889999389648438,341500
2021-11-16,17.229999542236328,18.690000534057617,17.139999389648438,18.299999237060547,18.299999237060547,457200
2021-11-17,18.059999465942383,18.540000915527344,17.709999084472656,17.81999969482422,17.81999969482422,445000
2021-11-18,18.010000228881836,18.209999084472656,17.56999969482422,17.850000381469727,17.850000381469727,422500
2021-11-19,17.850000381469727,18.75,17.670000076293945,17.760000228881836,17.760000228881836,492500
2021-11-22,18.2450008392334,18.2450008392334,17.5,17.809999465942383,17.809999465942383,261900
2021-11-23,17.65999984741211,17.940000534057617,16.739999771118164,17.079999923706055,17.079999923706055,634300
2021-11-24,17.889999389648438,18.0,16.600000381469727,16.829999923706055,16.829999923706055,522000
2021-11-26,16.530000686645508,16.899999618530273,15.989999771118164,16.479999542236328,16.479999542236328,217100
2021-11-29,16.90999984741211,16.90999984741211,15.640000343322754,15.850000381469727,15.850000381469727,373000
2021-11-30,15.680000305175781,16.100000381469727,15.369999885559082,15.970000267028809,15.970000267028809,309700
2021-12-01,16.209999084472656,17.163000106811523,15.09000015258789,15.229999542236328,15.229999542236328,474800
2021-12-02,15.140000343322754,16.229999542236328,14.760000228881836,16.110000610351562,16.110000610351562,564700
2021-12-03,16.31999969482422,16.440000534057617,15.710000038146973,16.100000381469727,16.100000381469727,459000
2021-12-06,16.270000457763672,16.739999771118164,15.739999771118164,16.700000762939453,16.700000762939453,394600
2021-12-07,16.780000686645508,17.770000457763672,16.295000076293945,17.3700008392334,17.3700008392334,378500
2021-12-08,17.479999542236328,18.225000381469727,17.0,18.020000457763672,18.020000457763672,263900
2021-12-09,17.84000015258789,18.459999084472656,17.18000030517578,17.479999542236328,17.479999542236328,423600
2021-12-10,17.600000381469727,17.950000762939453,16.389999389648438,16.530000686645508,16.530000686645508,716300
2021-12-13,16.459999084472656,19.520000457763672,15.680000305175781,18.110000610351562,18.110000610351562,3626500
2021-12-14,17.989999771118164,18.149999618530273,17.200000762939453,17.780000686645508,17.780000686645508,594100
2021-12-15,18.31999969482422,19.0,17.6200008392334,18.969999313354492,18.969999313354492,579700
2021-12-16,18.235000610351562,19.34000015258789,17.8700008392334,18.780000686645508,18.780000686645508,2098900
2021-12-17,18.760000228881836,20.420000076293945,18.43000030517578,20.190000534057617,20.190000534057617,1522300
2021-12-20,19.8700008392334,21.239999771118164,19.170000076293945,21.139999389648438,21.139999389648438,807800
2021-12-21,21.299999237060547,21.75,20.735000610351562,21.25,21.25,1114400
2021-12-22,21.110000610351562,22.690000534057617,21.049999237060547,21.709999084472656,21.709999084472656,803500
2021-12-23,21.770000457763672,22.709999084472656,21.770000457763672,22.469999313354492,22.469999313354492,401600
2021-12-27,22.15999984741211,22.469999313354492,21.6200008392334,21.959999084472656,21.959999084472656,312700
2021-12-28,21.969999313354492,22.170000076293945,21.31999969482422,21.40999984741211,21.40999984741211,364300
2021-12-29,21.299999237060547,21.719999313354492,20.90999984741211,21.09000015258789,21.09000015258789,276000
2021-12-30,21.079999923706055,22.420000076293945,21.079999923706055,21.780000686645508,21.780000686645508,275800
2021-12-31,21.700000762939453,22.360000610351562,21.700000762939453,21.889999389648438,21.889999389648438,306800
2022-01-03,21.989999771118164,22.270000457763672,21.645000457763672,22.149999618530273,22.149999618530273,286900
2022-01-04,21.989999771118164,22.219999313354492,20.8799991607666,20.950000762939453,20.950000762939453,377400
2022-01-05,20.809999465942383,21.15999984741211,19.479999542236328,19.520000457763672,19.520000457763672,671400
2022-01-06,19.489999771118164,20.1299991607666,18.8799991607666,19.809999465942383,19.809999465942383,393100
2022-01-07,19.719999313354492,20.149999618530273,19.059999465942383,19.110000610351562,19.110000610351562,374900
2022-01-10,19.09000015258789,19.489999771118164,18.350000381469727,19.469999313354492,19.469999313354492,387500
2022-01-11,19.549999237060547,19.899999618530273,18.809999465942383,19.059999465942383,19.059999465942383,412000
2022-01-12,19.09000015258789,19.219999313354492,18.530000686645508,18.56999969482422,18.56999969482422,381600
2022-01-13,18.510000228881836,18.81999969482422,17.610000610351562,17.68000030517578,17.68000030517578,356700
2022-01-14,17.459999084472656,18.200000762939453,17.25,18.09000015258789,18.09000015258789,354600
2022-01-18,17.729999542236328,17.729999542236328,16.6299991607666,16.690000534057617,16.690000534057617,434000
2022-01-19,16.780000686645508,17.229999542236328,16.459999084472656,16.530000686645508,16.530000686645508,281400
2022-01-20,16.780000686645508,17.489999771118164,16.469999313354492,16.760000228881836,16.760000228881836,714200
2022-01-21,16.540000915527344,17.049999237060547,16.059999465942383,16.1200008392334,16.1200008392334,864200
2022-01-24,15.8100004196167,16.850000381469727,15.5,16.780000686645508,16.780000686645508,607300
2022-01-25,16.450000762939453,16.889999389648438,15.84000015258789,16.440000534057617,16.440000534057617,368300
2022-01-26,16.649999618530273,16.979999542236328,15.739999771118164,15.930000305175781,15.930000305175781,488500
2022-01-27,16.31999969482422,16.31999969482422,14.760000228881836,14.890000343322754,14.890000343322754,619300
2022-01-28,14.880000114440918,15.600000381469727,14.5600004196167,15.600000381469727,15.600000381469727,438000
2022-01-31,15.539999961853027,16.540000915527344,15.039999961853027,16.34000015258789,16.34000015258789,393500
2022-02-01,16.350000381469727,16.809999465942383,15.850000381469727,16.610000610351562,16.610000610351562,482900
2022-02-02,16.799999237060547,16.799999237060547,15.651000022888184,15.789999961853027,15.789999961853027,451100
2022-02-03,15.649999618530273,15.720000267028809,15.149999618530273,15.210000038146973,15.210000038146973,451100
2022-02-04,15.010000228881836,15.65999984741211,14.9399995803833,15.0,15.0,627500
2022-02-07,15.15999984741211,15.979999542236328,14.979999542236328,15.579999923706055,15.579999923706055,554400
2022-02-08,15.460000038146973,15.529999732971191,15.010000228881836,15.25,15.25,406600
2022-02-09,15.390000343322754,15.989999771118164,15.319999694824219,15.90999984741211,15.90999984741211,532400
2022-02-10,15.40999984741211,15.989999771118164,14.989999771118164,15.180000305175781,15.180000305175781,711600
2022-02-11,15.149999618530273,15.59000015258789,14.789999961853027,14.979999542236328,14.979999542236328,340100
2022-02-14,15.039999961853027,15.050000190734863,14.630000114440918,14.84000015258789,14.84000015258789,374400
2022-02-15,15.5,16.665000915527344,15.420000076293945,16.56999969482422,16.56999969482422,542600
2022-02-16,16.34000015258789,16.670000076293945,16.1299991607666,16.59000015258789,16.59000015258789,300100
2022-02-17,16.450000762939453,16.540000915527344,15.729999542236328,15.8100004196167,15.8100004196167,403200
2022-02-18,15.720000267028809,16.719999313354492,15.510000228881836,16.440000534057617,16.440000534057617,552600
2022-02-22,16.260000228881836,16.459999084472656,15.680000305175781,15.869999885559082,15.869999885559082,524300
2022-02-23,15.970000267028809,16.0,15.390000343322754,15.40999984741211,15.40999984741211,403600
2022-02-24,14.819999694824219,15.819999694824219,14.779999732971191,15.789999961853027,15.789999961853027,661300
2022-02-25,15.989999771118164,16.1200008392334,15.489999771118164,15.819999694824219,15.819999694824219,406400
2022-02-28,15.710000038146973,16.15999984741211,15.5,15.59000015258789,15.59000015258789,436200
2022-03-01,15.489999771118164,16.149999618530273,15.425000190734863,16.059999465942383,16.059999465942383,326400
2022-03-02,16.950000762939453,16.959999084472656,15.640000343322754,16.110000610351562,16.110000610351562,1116900
2022-03-03,16.31999969482422,16.760000228881836,15.949999809265137,16.09000015258789,16.09000015258789,792000
2022-03-04,15.779999732971191,16.100000381469727,15.074999809265137,15.25,15.25,876100
2022-03-07,15.210000038146973,16.6299991607666,15.210000038146973,16.469999313354492,16.469999313354492,614300
2022-03-08,16.530000686645508,17.520000457763672,16.31999969482422,17.0,17.0,640100
2022-03-09,17.239999771118164,17.5,16.770000457763672,17.309999465942383,17.309999465942383,615600
2022-03-10,17.200000762939453,17.56999969482422,17.100000381469727,17.479999542236328,17.479999542236328,405400
2022-03-11,17.6299991607666,17.979999542236328,16.84000015258789,16.850000381469727,16.850000381469727,447500
2022-03-14,16.81999969482422,16.854999542236328,15.649999618530273,15.770000457763672,15.770000457763672,767300
2022-03-15,15.8100004196167,16.280000686645508,15.199999809265137,16.079999923706055,16.079999923706055,639400
2022-03-16,16.350000381469727,17.110000610351562,15.984999656677246,17.06999969482422,17.06999969482422,509900
2022-03-17,16.940000534057617,17.21500015258789,16.3700008392334,16.799999237060547,16.799999237060547,1070100
2022-03-18,17.15999984741211,17.600000381469727,16.549999237060547,16.709999084472656,16.709999084472656,1618300
2022-03-21,16.90999984741211,17.040000915527344,16.209999084472656,16.950000762939453,16.950000762939453,456500
2022-03-22,17.09000015258789,18.010000228881836,17.0,18.0,18.0,424400
2022-03-23,17.809999465942383,18.299999237060547,17.530000686645508,17.600000381469727,17.600000381469727,298100
2022-03-24,17.790000915527344,17.899999618530273,17.40999984741211,17.809999465942383,17.809999465942383,301500
2022-03-25,17.860000610351562,17.8799991607666,17.530000686645508,17.600000381469727,17.600000381469727,225000
2022-03-28,17.799999237060547,17.799999237060547,17.030000686645508,17.329999923706055,17.329999923706055,215500
2022-03-29,17.489999771118164,18.25,17.424999237060547,18.25,18.25,377100
2022-03-30,18.15999984741211,18.399999618530273,17.18000030517578,17.25,17.25,257700
2022-03-31,17.270000457763672,17.799999237060547,17.06999969482422,17.3799991607666,17.3799991607666,250200
2022-04-01,17.350000381469727,17.700000762939453,17.18000030517578,17.6200008392334,17.6200008392334,437500
2022-04-04,17.68000030517578,19.18000030517578,17.6200008392334,19.1200008392334,19.1200008392334,1919100
2022-04-05,19.1200008392334,19.90999984741211,18.93000030517578,19.479999542236328,19.479999542236328,606600
2022-04-06,18.700000762939453,19.75,18.459999084472656,19.15999984741211,19.15999984741211,918600
2022-04-07,19.219999313354492,19.549999237060547,18.579999923706055,18.81999969482422,18.81999969482422,465600
2022-04-08,19.059999465942383,19.09000015258789,17.489999771118164,17.510000228881836,17.510000228881836,439600
2022-04-11,17.850000381469727,18.104999542236328,16.825000762939453,17.709999084472656,17.709999084472656,1328300
2022-04-12,17.989999771118164,18.389999389648438,17.264999389648438,17.489999771118164,17.489999771118164,416800
2022-04-13,17.459999084472656,18.40999984741211,17.459999084472656,18.3700008392334,18.3700008392334,367400
2022-04-14,18.290000915527344,18.559999465942383,18.010000228881836,18.139999389648438,18.139999389648438,222500
2022-04-18,18.200000762939453,18.200000762939453,17.1200008392334,17.190000534057617,17.190000534057617,350500
2022-04-19,17.15999984741211,17.790000915527344,16.829999923706055,16.979999542236328,16.979999542236328,538700
2022-04-20,17.049999237060547,17.489999771118164,16.760000228881836,17.170000076293945,17.170000076293945,331300
2022-04-21,17.31999969482422,17.670000076293945,16.639999389648438,16.670000076293945,16.670000076293945,514200
2022-04-22,16.299999237060547,17.226999282836914,16.010000228881836,16.420000076293945,16.420000076293945,535000
2022-04-25,16.299999237060547,17.040000915527344,16.299999237060547,16.739999771118164,16.739999771118164,419900
2022-04-26,16.520000457763672,16.780000686645508,15.859999656677246,16.299999237060547,16.299999237060547,623000
2022-04-27,16.299999237060547,16.584999084472656,16.079999923706055,16.350000381469727,16.350000381469727,391600
2022-04-28,16.5,17.040000915527344,15.835000038146973,16.920000076293945,16.920000076293945,676500
2022-04-29,16.75,17.450000762939453,16.684999465942383,16.770000457763672,16.770000457763672,585700
2022-05-02,16.600000381469727,17.260000228881836,16.40999984741211,17.190000534057617,17.190000534057617,416000
2022-05-03,17.309999465942383,17.43000030517578,16.959999084472656,17.260000228881836,17.260000228881836,238900
2022-05-04,17.139999389648438,17.6200008392334,16.360000610351562,17.510000228881836,17.510000228881836,825500
2022-05-05,17.309999465942383,17.40999984741211,16.229999542236328,16.610000610351562,16.610000610351562,445200
2022-05-06,16.309999465942383,16.454999923706055,15.9399995803833,16.079999923706055,16.079999923706055,594800
2022-05-09,15.670000076293945,16.125,14.739999771118164,15.109999656677246,15.109999656677246,951900
2022-05-10,15.9399995803833,16.440000534057617,14.4399995803833,15.140000343322754,15.140000343322754,1559300
2022-05-11,14.970000267028809,15.619999885559082,13.75,13.800000190734863,13.800000190734863,895200
2022-05-12,13.609999656677246,14.710000038146973,13.520000457763672,13.949999809265137,13.949999809265137,584400
2022-05-13,14.199999809265137,14.890000343322754,13.899999618530273,14.109999656677246,14.109999656677246,456400
2022-05-16,13.930000305175781,14.59000015258789,13.859999656677246,14.020000457763672,14.020000457763672,282800
2022-05-17,14.369999885559082,14.670000076293945,14.149999618530273,14.630000114440918,14.630000114440918,361300
2022-05-18,14.130000114440918,14.869999885559082,13.539999961853027,13.640000343322754,13.640000343322754,402600
2022-05-19,13.479999542236328,14.100000381469727,13.270000457763672,13.819999694824219,13.819999694824219,500000
2022-05-20,14.109999656677246,14.6899995803833,13.850000381469727,14.65999984741211,14.65999984741211,537700
2022-05-23,14.729999542236328,14.729999542236328,14.300000190734863,14.5600004196167,14.5600004196167,642500
2022-05-24,14.289999961853027,14.489999771118164,13.819999694824219,14.170000076293945,14.170000076293945,444200
2022-05-25,14.140000343322754,14.859999656677246,13.880000114440918,14.649999618530273,14.649999618530273,387800
2022-05-26,14.680000305175781,15.380000114440918,14.600000381469727,15.180000305175781,15.180000305175781,402400
2022-05-27,15.270000457763672,16.34000015258789,14.699999809265137,16.31999969482422,16.31999969482422,483200
2022-05-31,16.280000686645508,16.674999237060547,15.920000076293945,16.5,16.5,611800
2022-06-01,16.520000457763672,16.959999084472656,16.34000015258789,16.56999969482422,16.56999969482422,743900
2022-06-02,16.5,17.34000015258789,16.059999465942383,16.600000381469727,16.600000381469727,859600
2022-06-03,16.360000610351562,16.670000076293945,16.170000076293945,16.479999542236328,16.479999542236328,505500
2022-06-06,16.719999313354492,16.81999969482422,15.760000228881836,15.979999542236328,15.979999542236328,541900
2022-06-07,15.869999885559082,16.979999542236328,15.869999885559082,16.959999084472656,16.959999084472656,477200
2022-06-08,16.719999313354492,18.059999465942383,16.719999313354492,17.700000762939453,17.700000762939453,607100
2022-06-09,17.329999923706055,18.43000030517578,17.110000610351562,17.15999984741211,17.15999984741211,538500
2022-06-10,16.809999465942383,16.825000762939453,16.290000915527344,16.3700008392334,16.3700008392334,452300
2022-06-13,15.619999885559082,15.8100004196167,14.6899995803833,15.600000381469727,15.600000381469727,1338800
2022-06-14,15.4399995803833,15.84000015258789,15.390000343322754,15.75,15.75,540700
2022-06-15,15.890000343322754,16.399999618530273,15.569999694824219,16.229999542236328,16.229999542236328,554300
2022-06-16,15.800000190734863,15.920000076293945,15.289999961853027,15.8100004196167,15.8100004196167,476900
2022-06-17,15.869999885559082,17.020000457763672,15.760000228881836,16.84000015258789,16.84000015258789,1160800
2022-06-21,16.920000076293945,18.020000457763672,16.920000076293945,17.469999313354492,17.469999313354492,534700
2022-06-22,17.06999969482422,18.34000015258789,17.06999969482422,17.700000762939453,17.700000762939453,779800
2022-06-23,17.850000381469727,19.049999237060547,17.610000610351562,18.989999771118164,18.989999771118164,997800
2022-06-24,19.15999984741211,19.350000381469727,18.329999923706055,19.1299991607666,19.1299991607666,1139600
2022-06-27,19.239999771118164,19.239999771118164,18.65999984741211,18.709999084472656,18.709999084472656,288900
2022-06-28,18.68000030517578,18.989999771118164,18.219999313354492,18.530000686645508,18.530000686645508,336800
2022-06-29,18.559999465942383,19.100000381469727,18.31999969482422,19.079999923706055,19.079999923706055,275200
2022-06-30,18.809999465942383,19.360000610351562,18.610000610351562,19.239999771118164,19.239999771118164,392600
2022-07-01,19.239999771118164,19.469999313354492,18.610000610351562,19.06999969482422,19.06999969482422,350300
2022-07-05,18.989999771118164,20.780000686645508,18.90999984741211,20.3700008392334,20.3700008392334,1174000
2022-07-06,20.270000457763672,21.299999237060547,20.1200008392334,20.3700008392334,20.3700008392334,503500
2022-07-07,20.399999618530273,21.040000915527344,19.649999618530273,19.770000457763672,19.770000457763672,665800
2022-07-08,19.510000228881836,20.43000030517578,19.309999465942383,19.43000030517578,19.43000030517578,837800
2022-07-11,19.170000076293945,19.780000686645508,18.350000381469727,18.510000228881836,18.510000228881836,756400
2022-07-12,18.670000076293945,19.209999084472656,18.049999237060547,18.959999084472656,18.959999084472656,259200
2022-07-13,18.489999771118164,19.520000457763672,18.489999771118164,19.18000030517578,19.18000030517578,1703200
2022-07-14,19.18000030517578,19.440000534057617,18.889999389648438,19.139999389648438,19.139999389648438,442500
2022-07-15,19.360000610351562,19.360000610351562,18.700000762939453,19.040000915527344,19.040000915527344,615400
2022-07-18,19.200000762939453,19.760000228881836,18.389999389648438,18.81999969482422,18.81999969482422,970000
2022-07-19,19.110000610351562,19.530000686645508,18.809999465942383,19.18000030517578,19.18000030517578,417500
2022-07-20,19.190000534057617,19.5,18.639999389648438,19.110000610351562,19.110000610351562,461300
2022-07-21,19.110000610351562,20.079999923706055,18.739999771118164,19.860000610351562,19.860000610351562,500800
2022-07-22,19.940000534057617,20.798999786376953,19.7450008392334,20.760000228881836,20.760000228881836,816100
2022-07-25,20.829999923706055,21.200000762939453,20.510000228881836,21.18000030517578,21.18000030517578,475300
2022-07-26,21.100000381469727,21.309999465942383,20.559999465942383,21.0,21.0,906600
2022-07-27,21.149999618530273,21.3799991607666,20.614999771118164,21.229999542236328,21.229999542236328,477500
2022-07-28,21.440000534057617,21.440000534057617,20.780000686645508,21.139999389648438,21.139999389648438,276500
2022-07-29,21.020000457763672,21.020000457763672,19.68000030517578,20.3700008392334,20.3700008392334,391300
2022-08-01,20.3700008392334,21.229999542236328,19.899999618530273,20.3799991607666,20.3799991607666,502100
2022-08-02,20.149999618530273,20.770000457763672,20.149999618530273,20.459999084472656,20.459999084472656,293900
2022-08-03,20.760000228881836,21.709999084472656,20.739999771118164,20.989999771118164,20.989999771118164,466400
2022-08-04,21.020000457763672,22.760000228881836,21.0049991607666,22.700000762939453,22.700000762939453,1255400
2022-08-05,22.299999237060547,24.280000686645508,21.950000762939453,23.8700008392334,23.8700008392334,960700
2022-08-08,23.690000534057617,24.360000610351562,23.59000015258789,24.280000686645508,24.280000686645508,631700
2022-08-09,22.350000381469727,25.70800018310547,21.510000228881836,23.989999771118164,23.989999771118164,1868800
2022-08-10,24.34000015258789,24.450000762939453,22.90999984741211,24.0,24.0,784600
2022-08-11,24.059999465942383,25.0,23.209999084472656,23.65999984741211,23.65999984741211,636900
2022-08-12,23.809999465942383,24.81999969482422,23.809999465942383,24.0,24.0,682600
2022-08-15,23.790000915527344,24.780000686645508,23.770000457763672,24.739999771118164,24.739999771118164,652600
2022-08-16,24.809999465942383,24.989999771118164,24.31999969482422,24.729999542236328,24.729999542236328,610200
2022-08-17,24.540000915527344,24.690000534057617,24.049999237060547,24.219999313354492,24.219999313354492,622500
2022-08-18,24.0,24.15999984741211,23.399999618530273,24.149999618530273,24.149999618530273,491800
2022-08-19,23.989999771118164,24.709999084472656,23.68000030517578,24.6200008392334,24.6200008392334,535700
2022-08-22,24.579999923706055,24.860000610351562,23.959999084472656,24.059999465942383,24.059999465942383,406200
2022-08-23,24.100000381469727,24.81999969482422,23.760000228881836,24.510000228881836,24.510000228881836,293700
2022-08-24,24.510000228881836,25.184999465942383,24.299999237060547,24.579999923706055,24.579999923706055,597200
2022-08-25,24.799999237060547,24.875,24.0,24.15999984741211,24.15999984741211,259400
2022-08-26,24.149999618530273,24.149999618530273,22.75,23.040000915527344,23.040000915527344,388100
2022-08-29,22.600000381469727,23.420000076293945,22.600000381469727,22.829999923706055,22.829999923706055,296100
2022-08-30,22.850000381469727,23.270000457763672,22.440000534057617,23.219999313354492,23.219999313354492,446200
2022-08-31,23.489999771118164,23.850000381469727,22.920000076293945,23.610000610351562,23.610000610351562,586700
2022-09-01,23.510000228881836,24.780000686645508,23.010000228881836,24.729999542236328,24.729999542236328,426300
2022-09-02,24.969999313354492,25.139999389648438,23.989999771118164,24.25,24.25,648400
2022-09-06,24.149999618530273,24.530000686645508,22.920000076293945,22.920000076293945,22.920000076293945,628500
2022-09-07,22.850000381469727,23.510000228881836,22.829999923706055,23.299999237060547,23.299999237060547,2004500
2022-09-08,23.309999465942383,24.790000915527344,23.299999237060547,24.790000915527344,24.790000915527344,711200
2022-09-09,24.790000915527344,25.09000015258789,24.540000915527344,24.56999969482422,24.56999969482422,761400
2022-09-12,24.43000030517578,24.43000030517578,23.350000381469727,23.760000228881836,23.760000228881836,380700
2022-09-13,23.399999618530273,23.825000762939453,23.149999618530273,23.459999084472656,23.459999084472656,489800
2022-09-14,23.700000762939453,24.010000228881836,23.239999771118164,23.8700008392334,23.8700008392334,443000
2022-09-15,23.81999969482422,24.700000762939453,23.108999252319336,24.56999969482422,24.56999969482422,459100
2022-09-16,24.270000457763672,24.270000457763672,22.950000762939453,23.139999389648438,23.139999389648438,1201200
2022-09-19,22.899999618530273,23.350000381469727,22.5,23.020000457763672,23.020000457763672,587600
2022-09-20,22.969999313354492,23.75,22.610000610351562,23.65999984741211,23.65999984741211,569200
2022-09-21,23.709999084472656,24.56999969482422,23.15999984741211,23.34000015258789,23.34000015258789,774400
2022-09-22,23.06999969482422,23.1200008392334,21.920000076293945,22.809999465942383,22.809999465942383,592000
2022-09-23,22.6299991607666,23.010000228881836,22.260000228881836,22.940000534057617,22.940000534057617,637700
2022-09-26,22.959999084472656,23.399999618530273,22.489999771118164,22.850000381469727,22.850000381469727,368300
2022-09-27,23.229999542236328,23.81999969482422,23.0,23.360000610351562,23.360000610351562,583700
2022-09-28,23.600000381469727,24.719999313354492,23.600000381469727,24.520000457763672,24.520000457763672,483800
2022-09-29,24.5,24.84000015258789,24.3799991607666,24.709999084472656,24.709999084472656,583200
2022-09-30,24.6200008392334,25.219999313354492,24.0,24.030000686645508,24.030000686645508,661800
2022-10-03,24.229999542236328,25.030000686645508,23.68000030517578,24.1200008392334,24.1200008392334,586900
2022-10-04,24.190000534057617,25.030000686645508,24.190000534057617,24.950000762939453,24.950000762939453,661300
2022-10-05,24.799999237060547,24.889999389648438,24.066999435424805,24.729999542236328,24.729999542236328,504300
2022-10-06,24.75,26.510000228881836,24.475000381469727,26.239999771118164,26.239999771118164,1981100
2022-10-07,25.940000534057617,26.360000610351562,24.200000762939453,24.219999313354492,24.219999313354492,1025400
2022-10-10,24.0,24.0,22.049999237060547,23.5,23.5,872600
2022-10-11,23.59000015258789,24.219999313354492,23.0,23.459999084472656,23.459999084472656,526300
2022-10-12,23.40999984741211,24.3799991607666,23.030000686645508,24.309999465942383,24.309999465942383,338500
2022-10-13,23.860000610351562,24.770000457763672,23.604999542236328,24.0,24.0,412200
2022-10-14,24.229999542236328,24.40999984741211,23.5,23.530000686645508,23.530000686645508,503800
2022-10-17,23.610000610351562,24.200000762939453,22.899999618530273,23.8799991607666,23.8799991607666,1787200
2022-10-18,24.0,24.5,23.125,23.360000610351562,23.360000610351562,857100
2022-10-19,23.1200008392334,23.299999237060547,21.850000381469727,22.06999969482422,22.06999969482422,978300
2022-10-20,22.040000915527344,23.270000457763672,21.81999969482422,22.399999618530273,22.399999618530273,492700
2022-10-21,22.559999465942383,23.579999923706055,22.190000534057617,23.549999237060547,23.549999237060547,629600
2022-10-24,23.469999313354492,23.850000381469727,22.860000610351562,23.299999237060547,23.299999237060547,456200
2022-10-25,23.389999389648438,23.84000015258789,23.15999984741211,23.209999084472656,23.209999084472656,761700
2022-10-26,23.190000534057617,23.809999465942383,22.959999084472656,23.170000076293945,23.170000076293945,479500
2022-10-27,23.260000228881836,23.280000686645508,22.479999542236328,22.969999313354492,22.969999313354492,510700
2022-10-28,22.93000030517578,23.809999465942383,22.59000015258789,23.719999313354492,23.719999313354492,488100
2022-10-31,23.549999237060547,23.670000076293945,22.899999618530273,22.959999084472656,22.959999084472656,438400
2022-11-01,23.110000610351562,24.0,22.73900032043457,23.1299991607666,23.1299991607666,651300
2022-11-02,23.1299991607666,23.600000381469727,22.440000534057617,22.889999389648438,22.889999389648438,501600
2022-11-03,22.760000228881836,25.860000610351562,22.264999389648438,22.329999923706055,22.329999923706055,2378400
2022-11-04,23.459999084472656,23.549999237060547,21.610000610351562,22.43000030517578,22.43000030517578,1192200
2022-11-07,22.639999389648438,23.360000610351562,22.200000762939453,22.6200008392334,22.6200008392334,681100
2022-11-08,22.75,23.3799991607666,22.18000030517578,22.389999389648438,22.389999389648438,566100
2022-11-09,22.649999618530273,23.854999542236328,22.15999984741211,23.479999542236328,23.479999542236328,962300
2022-11-10,23.979999542236328,24.049999237060547,23.059999465942383,23.489999771118164,23.489999771118164,1107400
2022-11-11,23.299999237060547,23.899999618530273,22.15999984741211,22.190000534057617,22.190000534057617,622400
2022-11-14,22.190000534057617,22.399999618530273,20.8799991607666,21.649999618530273,21.649999618530273,1148500
2022-11-15,22.239999771118164,22.440000534057617,21.709999084472656,21.8799991607666,21.8799991607666,713300
2022-11-16,21.790000915527344,22.0049991607666,20.790000915527344,20.959999084472656,20.959999084472656,777800
2022-11-17,21.079999923706055,21.6200008392334,20.709999084472656,21.139999389648438,21.139999389648438,603800
2022-11-18,21.540000915527344,22.239999771118164,21.200000762939453,22.1200008392334,22.1200008392334,574200
2022-11-21,22.040000915527344,22.510000228881836,21.770000457763672,21.81999969482422,21.81999969482422,593700
2022-11-22,21.8799991607666,22.239999771118164,21.219999313354492,22.219999313354492,22.219999313354492,426900
2022-11-23,22.239999771118164,22.459999084472656,21.68000030517578,21.700000762939453,21.700000762939453,265400
2022-11-25,21.489999771118164,21.899999618530273,21.25,21.899999618530273,21.899999618530273,128300
2022-11-28,21.889999389648438,22.350000381469727,21.889999389648438,22.299999237060547,22.299999237060547,422700
2022-11-29,22.299999237060547,22.770000457763672,21.6299991607666,22.219999313354492,22.219999313354492,507200
2022-11-30,22.40999984741211,23.989999771118164,22.209999084472656,23.959999084472656,23.959999084472656,884300
2022-12-01,23.850000381469727,25.040000915527344,23.520000457763672,25.030000686645508,25.030000686645508,780200
2022-12-02,24.989999771118164,25.270000457763672,24.645000457763672,25.06999969482422,25.06999969482422,732800
2022-12-05,25.0,26.06999969482422,24.760000228881836,25.440000534057617,25.440000534057617,1045100
2022-12-06,25.299999237060547,25.600000381469727,24.190000534057617,24.209999084472656,24.209999084472656,442400
2022-12-07,22.260000228881836,22.440000534057617,21.06999969482422,21.84000015258789,21.84000015258789,3631900
2022-12-08,21.959999084472656,22.0,20.9950008392334,21.06999969482422,21.06999969482422,935900
2022-12-09,21.0,21.170000076293945,20.2450008392334,20.639999389648438,20.639999389648438,1565300
2022-12-12,21.0,24.329999923706055,20.850000381469727,23.690000534057617,23.690000534057617,3596200
2022-12-13,23.889999389648438,24.985000610351562,23.610000610351562,24.81999969482422,24.81999969482422,937900
2022-12-14,24.889999389648438,25.5,23.94499969482422,24.56999969482422,24.56999969482422,895400
2022-12-15,24.530000686645508,25.15999984741211,24.139999389648438,24.200000762939453,24.200000762939453,876800
2022-12-16,23.920000076293945,25.079999923706055,23.450000762939453,24.420000076293945,24.420000076293945,2196600
2022-12-19,24.290000915527344,24.290000915527344,22.829999923706055,23.3700008392334,23.3700008392334,864900
2022-12-20,23.149999618530273,23.979999542236328,23.09000015258789,23.709999084472656,23.709999084472656,596100
2022-12-21,23.719999313354492,24.4950008392334,23.4950008392334,24.1200008392334,24.1200008392334,699600
2022-12-22,24.040000915527344,25.360000610351562,24.010000228881836,25.219999313354492,25.219999313354492,863300
2022-12-23,25.15999984741211,25.219999313354492,23.854999542236328,24.299999237060547,24.299999237060547,973700
2022-12-27,24.25,24.540000915527344,23.510000228881836,23.540000915527344,23.540000915527344,388600
2022-12-28,23.40999984741211,23.709999084472656,22.84000015258789,23.489999771118164,23.489999771118164,482200
2022-12-29,23.579999923706055,25.020000457763672,23.389999389648438,24.760000228881836,24.760000228881836,553700
2022-12-30,24.649999618530273,25.579999923706055,24.649999618530273,25.450000762939453,25.450000762939453,878400
2023-01-03,26.25,26.350000381469727,25.594999313354492,25.600000381469727,25.600000381469727,1285500
2023-01-04,25.540000915527344,25.540000915527344,24.094999313354492,24.899999618530273,24.899999618530273,1005400
2023-01-05,24.860000610351562,25.3700008392334,24.329999923706055,24.5,24.5,721400
2023-01-06,24.479999542236328,24.565000534057617,23.700000762939453,24.299999237060547,24.299999237060547,755300
2023-01-09,24.40999984741211,24.540000915527344,23.889999389648438,24.0,24.0,637800
2023-01-10,23.979999542236328,26.020000457763672,23.809999465942383,25.920000076293945,25.920000076293945,1429200
2023-01-11,25.81999969482422,26.309999465942383,25.3700008392334,25.6200008392334,25.6200008392334,752900
2023-01-12,25.5,26.940000534057617,25.239999771118164,26.90999984741211,26.90999984741211,731900
2023-01-13,26.829999923706055,27.68000030517578,25.760000228881836,26.309999465942383,26.309999465942383,975000
2023-01-17,26.389999389648438,26.559999465942383,25.899999618530273,26.459999084472656,26.459999084472656,495500
2023-01-18,26.690000534057617,26.989999771118164,25.934999465942383,25.979999542236328,25.979999542236328,370800
2023-01-19,26.049999237060547,26.530000686645508,25.829999923706055,26.329999923706055,26.329999923706055,514300
2023-01-20,26.6200008392334,26.93899917602539,25.889999389648438,26.59000015258789,26.59000015258789,670900
2023-01-23,26.690000534057617,27.113000869750977,26.3799991607666,26.469999313354492,26.469999313354492,664500
2023-01-24,26.450000762939453,27.299999237060547,26.260000228881836,27.229999542236328,27.229999542236328,679900
2023-01-25,26.950000762939453,27.479999542236328,26.635000228881836,27.3700008392334,27.3700008392334,536200
2023-01-26,27.600000381469727,28.389999389648438,27.079999923706055,28.329999923706055,28.329999923706055,918800
2023-01-27,28.3700008392334,28.899999618530273,28.0,28.139999389648438,28.139999389648438,618300
2023-01-30,27.969999313354492,28.1200008392334,26.530000686645508,27.09000015258789,27.09000015258789,760900
2023-01-31,27.5,28.75,27.15999984741211,28.700000762939453,28.700000762939453,965500
2023-02-01,28.700000762939453,29.264999389648438,28.420000076293945,28.979999542236328,28.979999542236328,703500
2023-02-02,29.239999771118164,29.860000610351562,28.2450008392334,28.549999237060547,28.549999237060547,873400
2023-02-03,28.5,29.040000915527344,27.920000076293945,27.959999084472656,27.959999084472656,530000
2023-02-06,27.780000686645508,27.90999984741211,26.485000610351562,26.530000686645508,26.530000686645508,726500
2023-02-07,26.489999771118164,26.889999389648438,26.049999237060547,26.56999969482422,26.56999969482422,684900
2023-02-08,26.520000457763672,26.520000457763672,25.790000915527344,25.809999465942383,25.809999465942383,617100
2023-02-09,25.8799991607666,26.209999084472656,25.549999237060547,25.59000015258789,25.59000015258789,519900
2023-02-10,25.559999465942383,25.90999984741211,25.114999771118164,25.420000076293945,25.420000076293945,724100
2023-02-13,25.3799991607666,25.860000610351562,24.84000015258789,25.770000457763672,25.770000457763672,491700
2023-02-14,25.780000686645508,26.3799991607666,25.450000762939453,26.25,26.25,481300
2023-02-15,26.170000076293945,26.219999313354492,25.530000686645508,25.989999771118164,25.989999771118164,435600
2023-02-16,25.719999313354492,25.920000076293945,25.43000030517578,25.579999923706055,25.579999923706055,442600
2023-02-17,25.719999313354492,26.40999984741211,25.350000381469727,26.15999984741211,26.15999984741211,559500
2023-02-21,25.850000381469727,26.315000534057617,25.3799991607666,25.639999389648438,25.639999389648438,508600
2023-02-22,25.6200008392334,25.850000381469727,25.0049991607666,25.399999618530273,25.399999618530273,694900
2023-02-23,25.579999923706055,25.75,24.760000228881836,24.920000076293945,24.920000076293945,449600
2023-02-24,24.739999771118164,24.989999771118164,23.8700008392334,23.979999542236328,23.979999542236328,646100
2023-02-27,24.31999969482422,24.790000915527344,24.05500030517578,24.469999313354492,24.469999313354492,611500
2023-02-28,24.3799991607666,25.68000030517578,24.3799991607666,25.350000381469727,25.350000381469727,821300
2023-03-01,24.520000457763672,25.75,23.649999618530273,24.860000610351562,24.860000610351562,1051500
2023-03-02,24.81999969482422,24.81999969482422,23.81999969482422,24.1200008392334,24.1200008392334,783300
2023-03-03,24.1299991607666,24.8700008392334,23.899999618530273,24.440000534057617,24.440000534057617,586400
2023-03-06,24.31999969482422,24.440000534057617,23.399999618530273,24.3700008392334,24.3700008392334,663300
2023-03-07,24.350000381469727,24.760000228881836,23.989999771118164,24.229999542236328,24.229999542236328,1583000
2023-03-08,24.15999984741211,24.510000228881836,23.139999389648438,23.700000762939453,23.700000762939453,796800
2023-03-09,23.780000686645508,24.079999923706055,22.950000762939453,23.209999084472656,23.209999084472656,749500
2023-03-10,23.149999618530273,23.149999618530273,21.709999084472656,22.239999771118164,22.239999771118164,1135100
2023-03-13,22.010000228881836,23.18000030517578,21.989999771118164,22.420000076293945,22.420000076293945,925900
2023-03-14,22.829999923706055,23.315000534057617,22.309999465942383,22.579999923706055,22.579999923706055,898300
2023-03-15,22.219999313354492,22.649999618530273,21.834999084472656,22.299999237060547,22.299999237060547,674100
2023-03-16,22.200000762939453,22.600000381469727,21.889999389648438,22.5,22.5,1118300
2023-03-17,22.459999084472656,22.5,21.739999771118164,22.25,22.25,2437400
2023-03-20,22.31999969482422,23.229999542236328,22.139999389648438,23.1299991607666,23.1299991607666,678000
2023-03-21,23.329999923706055,23.450000762939453,22.93000030517578,23.06999969482422,23.06999969482422,809100
2023-03-22,22.940000534057617,22.940000534057617,21.40999984741211,21.459999084472656,21.459999084472656,814600
2023-03-23,21.65999984741211,21.979999542236328,21.1299991607666,21.559999465942383,21.559999465942383,666700
2023-03-24,21.420000076293945,21.625,21.059999465942383,21.56999969482422,21.56999969482422,830700
2023-03-27,21.850000381469727,22.170000076293945,21.46500015258789,21.940000534057617,21.940000534057617,481300
2023-03-28,21.920000076293945,22.459999084472656,21.2450008392334,21.31999969482422,21.31999969482422,528100
2023-03-29,21.5,21.725000381469727,21.360000610351562,21.549999237060547,21.549999237060547,1472500
2023-03-30,21.579999923706055,21.8799991607666,20.010000228881836,20.65999984741211,20.65999984741211,910900
2023-03-31,20.850000381469727,21.43000030517578,20.65999984741211,21.1200008392334,21.1200008392334,2019500
2023-04-03,20.979999542236328,21.65999984741211,20.809999465942383,20.90999984741211,20.90999984741211,745900
2023-04-04,20.940000534057617,20.940000534057617,19.959999084472656,20.290000915527344,20.290000915527344,994500
2023-04-05,20.219999313354492,20.530000686645508,19.889999389648438,20.100000381469727,20.100000381469727,1280900
2023-04-06,20.229999542236328,20.479999542236328,20.100000381469727,20.360000610351562,20.360000610351562,853700
2023-04-10,20.299999237060547,20.299999237060547,19.264999389648438,19.350000381469727,19.350000381469727,926000
2023-04-11,19.329999923706055,19.93000030517578,19.309999465942383,19.670000076293945,19.670000076293945,796500
2023-04-12,19.81999969482422,20.030000686645508,19.510000228881836,19.600000381469727,19.600000381469727,519400
2023-04-13,19.59000015258789,20.440000534057617,19.59000015258789,20.200000762939453,20.200000762939453,1468800
2023-04-14,20.110000610351562,20.450000762939453,19.739999771118164,20.0,20.0,844300
2023-04-17,20.260000228881836,20.950000762939453,20.260000228881836,20.420000076293945,20.420000076293945,1126000
2023-04-18,20.549999237060547,20.649999618530273,19.84000015258789,20.399999618530273,20.399999618530273,542500
2023-04-19,20.290000915527344,20.969999313354492,20.110000610351562,20.799999237060547,20.799999237060547,436500
2023-04-20,20.649999618530273,22.0,20.649999618530273,21.530000686645508,21.530000686645508,1027400
2023-04-21,21.579999923706055,21.665000915527344,21.260000228881836,21.5,21.5,605200
2023-04-24,21.5,21.584999084472656,21.040000915527344,21.280000686645508,21.280000686645508,399600
2023-04-25,21.1299991607666,21.43000030517578,20.90999984741211,21.110000610351562,21.110000610351562,430200
2023-04-26,21.079999923706055,21.3700008392334,20.690000534057617,20.809999465942383,20.809999465942383,488500
2023-04-27,20.969999313354492,21.5,20.360000610351562,20.3799991607666,20.3799991607666,537400
2023-04-28,20.3799991607666,20.770000457763672,20.209999084472656,20.549999237060547,20.549999237060547,560700
2023-05-01,20.59000015258789,21.229999542236328,20.459999084472656,21.040000915527344,21.040000915527344,915900
2023-05-02,20.860000610351562,20.8700008392334,19.649999618530273,19.790000915527344,19.790000915527344,842500
2023-05-03,19.979999542236328,20.799999237060547,19.959999084472656,20.3799991607666,20.3799991607666,1402400
2023-05-04,20.239999771118164,20.242000579833984,19.549999237060547,20.079999923706055,20.079999923706055,583700
2023-05-05,20.190000534057617,20.520000457763672,19.959999084472656,20.059999465942383,20.059999465942383,742100
2023-05-08,20.020000457763672,20.299999237060547,19.8700008392334,20.290000915527344,20.290000915527344,893200
2023-05-09,21.690000534057617,23.135000228881836,20.780000686645508,21.6200008392334,21.6200008392334,1440600
2023-05-10,21.889999389648438,22.15999984741211,20.34000015258789,20.3700008392334,20.3700008392334,689700
2023-05-11,20.149999618530273,20.5,19.950000762939453,20.440000534057617,20.440000534057617,556300
2023-05-12,20.559999465942383,21.09000015258789,20.260000228881836,21.06999969482422,21.06999969482422,497600
2023-05-15,21.219999313354492,21.81999969482422,21.1200008392334,21.149999618530273,21.149999618530273,746100
2023-05-16,20.950000762939453,21.239999771118164,20.530000686645508,21.110000610351562,21.110000610351562,991100
2023-05-17,21.229999542236328,21.950000762939453,20.94499969482422,21.5,21.5,1212300
2023-05-18,21.3700008392334,21.790000915527344,20.729999542236328,21.25,21.25,1033900
2023-05-19,21.510000228881836,21.889999389648438,21.270000457763672,21.690000534057617,21.690000534057617,728800
2023-05-22,21.850000381469727,22.260000228881836,21.639999389648438,22.260000228881836,22.260000228881836,1051000
2023-05-23,22.309999465942383,23.049999237060547,21.604999542236328,21.899999618530273,21.899999618530273,1137000
2023-05-24,21.799999237060547,22.0,21.200000762939453,21.389999389648438,21.389999389648438,1272200
2023-05-25,21.239999771118164,21.239999771118164,20.100000381469727,20.329999923706055,20.329999923706055,971400
2023-05-26,20.219999313354492,20.559999465942383,19.84000015258789,20.0,20.0,742400
2023-05-30,19.860000610351562,20.21500015258789,19.6299991607666,19.90999984741211,19.90999984741211,856000
2023-05-31,19.989999771118164,20.469999313354492,19.799999237060547,19.969999313354492,19.969999313354492,1168500
2023-06-01,19.959999084472656,20.440000534057617,19.7450008392334,20.170000076293945,20.170000076293945,3336000
2023-06-02,20.25,20.559999465942383,19.989999771118164,20.469999313354492,20.469999313354492,1129200
2023-06-05,20.360000610351562,21.209999084472656,20.1299991607666,21.100000381469727,21.100000381469727,929100
2023-06-06,21.260000228881836,22.059999465942383,21.0,21.709999084472656,21.709999084472656,1034500
2023-06-07,21.649999618530273,22.020000457763672,20.770000457763672,20.81999969482422,20.81999969482422,922900
2023-06-08,20.729999542236328,21.3799991607666,20.454999923706055,21.31999969482422,21.31999969482422,590400
2023-06-09,21.34000015258789,21.600000381469727,20.940000534057617,21.15999984741211,21.15999984741211,561700
2023-06-12,21.3700008392334,21.774999618530273,20.469999313354492,20.739999771118164,20.739999771118164,631600
2023-06-13,20.809999465942383,22.670000076293945,20.670000076293945,22.309999465942383,22.309999465942383,1433900
2023-06-14,22.290000915527344,22.450000762939453,21.5049991607666,21.81999969482422,21.81999969482422,1134700
2023-06-15,21.690000534057617,21.75,21.170000076293945,21.329999923706055,21.329999923706055,929600
2023-06-16,21.75,21.75,20.649999618530273,20.950000762939453,20.950000762939453,2206200
2023-06-20,20.8799991607666,21.6299991607666,20.43000030517578,21.43000030517578,21.43000030517578,934000
2023-06-21,21.43000030517578,22.007999420166016,21.084999084472656,21.81999969482422,21.81999969482422,603800
2023-06-22,21.81999969482422,21.899999618530273,21.05500030517578,21.31999969482422,21.31999969482422,563700
2023-06-23,21.18000030517578,21.18000030517578,19.920000076293945,20.920000076293945,20.920000076293945,2316900
2023-06-26,21.239999771118164,21.56999969482422,20.8700008392334,21.0,21.0,625400
2023-06-27,21.079999923706055,21.209999084472656,20.59000015258789,20.989999771118164,20.989999771118164,581800
2023-06-28,21.09000015258789,21.270000457763672,20.023000717163086,21.170000076293945,21.170000076293945,627600
2023-06-29,21.1200008392334,21.40999984741211,20.395000457763672,20.469999313354492,20.469999313354492,474300
2023-06-30,20.700000762939453,21.149999618530273,20.270000457763672,20.93000030517578,20.93000030517578,916500
2023-07-03,21.0,21.1200008392334,20.735000610351562,20.8700008392334,20.8700008392334,506500
2023-07-05,20.8700008392334,21.110000610351562,20.59000015258789,20.950000762939453,20.950000762939453,458000
2023-07-06,20.770000457763672,20.899999618530273,20.301000595092773,20.549999237060547,20.549999237060547,706200
2023-07-07,20.549999237060547,20.799999237060547,20.18000030517578,20.299999237060547,20.299999237060547,296100
2023-07-10,20.31999969482422,20.719999313354492,20.100000381469727,20.280000686645508,20.280000686645508,719000
2023-07-11,21.34000015258789,21.739999771118164,20.239999771118164,20.290000915527344,20.290000915527344,736900
2023-07-12,20.479999542236328,20.5,20.15999984741211,20.239999771118164,20.239999771118164,497000
2023-07-13,20.229999542236328,20.84000015258789,20.229999542236328,20.459999084472656,20.459999084472656,327100
2023-07-14,20.43000030517578,21.15999984741211,20.100000381469727,21.149999618530273,21.149999618530273,590200
2023-07-17,21.329999923706055,22.059999465942383,21.18000030517578,21.56999969482422,21.56999969482422,765500
2023-07-18,21.56999969482422,22.059999465942383,21.190000534057617,21.6299991607666,21.6299991607666,712200
2023-07-19,21.809999465942383,22.010000228881836,21.28499984741211,21.75,21.75,495600
2023-07-20,21.799999237060547,21.8799991607666,20.90999984741211,21.3700008392334,21.3700008392334,657500
2023-07-21,21.520000457763672,21.729999542236328,21.145000457763672,21.260000228881836,21.260000228881836,427500
2023-07-24,23.0,23.549999237060547,20.809999465942383,21.770000457763672,21.770000457763672,2352600
2023-07-25,22.049999237060547,22.885000228881836,21.579999923706055,21.65999984741211,21.65999984741211,690500
2023-07-26,21.770000457763672,21.969999313354492,21.40999984741211,21.6299991607666,21.6299991607666,535500
2023-07-27,22.229999542236328,22.309999465942383,21.219999313354492,21.299999237060547,21.299999237060547,828800
2023-07-28,21.299999237060547,22.110000610351562,21.219999313354492,21.229999542236328,21.229999542236328,794600
2023-07-31,21.219999313354492,21.635000228881836,21.100000381469727,21.31999969482422,21.31999969482422,808700
2023-08-01,21.219999313354492,21.360000610351562,20.780000686645508,21.1200008392334,21.1200008392334,855700
2023-08-02,20.940000534057617,21.0,20.280000686645508,20.479999542236328,20.479999542236328,720300
2023-08-03,20.329999923706055,20.700000762939453,20.270000457763672,20.350000381469727,20.350000381469727,584000
2023-08-04,20.5,20.815000534057617,19.739999771118164,19.760000228881836,19.760000228881836,692400
2023-08-07,19.709999084472656,19.809999465942383,18.43000030517578,18.479999542236328,18.479999542236328,1253200
2023-08-08,18.459999084472656,18.690000534057617,17.8799991607666,18.25,18.25,868000
2023-08-09,18.190000534057617,18.84000015258789,18.049999237060547,18.65999984741211,18.65999984741211,745600
2023-08-10,18.639999389648438,19.079999923706055,18.299999237060547,18.3700008392334,18.3700008392334,569600
2023-08-11,18.229999542236328,18.6299991607666,18.209999084472656,18.540000915527344,18.540000915527344,406700
2023-08-14,18.540000915527344,18.760000228881836,18.030000686645508,18.6299991607666,18.6299991607666,392700
2023-08-15,18.5,18.649999618530273,17.88599967956543,18.440000534057617,18.440000534057617,1248900
2023-08-16,18.420000076293945,18.440000534057617,17.6200008392334,18.0,18.0,710800
2023-08-17,18.0,18.604999542236328,17.75,17.950000762939453,17.950000762939453,933400
2023-08-18,17.799999237060547,18.420000076293945,17.763999938964844,17.780000686645508,17.780000686645508,786000
2023-08-21,17.729999542236328,18.5,17.709999084472656,18.489999771118164,18.489999771118164,651400
2023-08-22,18.5,18.8799991607666,18.43000030517578,18.729999542236328,18.729999542236328,674300
2023-08-23,18.770000457763672,18.8799991607666,18.010000228881836,18.09000015258789,18.09000015258789,612100
2023-08-24,18.1299991607666,18.190000534057617,17.799999237060547,17.989999771118164,17.989999771118164,473400
2023-08-25,17.940000534057617,18.729999542236328,17.770000457763672,18.700000762939453,18.700000762939453,574500
2023-08-28,18.729999542236328,19.010000228881836,18.559999465942383,18.889999389648438,18.889999389648438,304500
2023-08-29,18.84000015258789,19.270000457763672,18.795000076293945,19.100000381469727,19.100000381469727,447900
2023-08-30,19.09000015258789,19.3700008392334,18.719999313354492,18.780000686645508,18.780000686645508,509500
2023-08-31,18.760000228881836,18.90999984741211,18.479999542236328,18.510000228881836,18.510000228881836,518400
2023-09-01,18.790000915527344,19.725000381469727,18.649999618530273,19.549999237060547,19.549999237060547,640600
2023-09-05,19.600000381469727,20.01799964904785,18.860000610351562,18.969999313354492,18.969999313354492,795100
2023-09-06,19.09000015258789,19.1299991607666,18.3799991607666,18.469999313354492,18.469999313354492,872700
2023-09-07,18.31999969482422,18.489999771118164,17.674999237060547,18.049999237060547,18.049999237060547,1476400
2023-09-08,18.100000381469727,18.170000076293945,17.489999771118164,17.5,17.5,1088400
2023-09-11,17.489999771118164,17.920000076293945,17.229999542236328,17.360000610351562,17.360000610351562,1004800
2023-09-12,17.309999465942383,17.3700008392334,16.80500030517578,17.290000915527344,17.290000915527344,1380500
2023-09-13,17.350000381469727,17.420000076293945,16.9950008392334,17.010000228881836,17.010000228881836,706200
2023-09-14,17.020000457763672,17.360000610351562,16.780000686645508,17.020000457763672,17.020000457763672,1280000
2023-09-15,17.020000457763672,17.450000762939453,16.760000228881836,17.360000610351562,17.360000610351562,2012100
2023-09-18,17.3799991607666,17.684999465942383,16.760000228881836,17.059999465942383,17.059999465942383,751600
2023-09-19,17.020000457763672,17.15999984741211,16.65999984741211,17.06999969482422,17.06999969482422,708100
2023-09-20,17.040000915527344,17.158000946044922,16.299999237060547,16.309999465942383,16.309999465942383,946600
2023-09-21,16.209999084472656,16.5,16.06999969482422,16.260000228881836,16.260000228881836,789700
2023-09-22,16.219999313354492,16.375,15.694999694824219,15.960000038146973,15.960000038146973,1172200
2023-09-25,15.890000343322754,15.890000343322754,15.630000114440918,15.710000038146973,15.710000038146973,778700
2023-09-26,15.75,16.15999984741211,15.710000038146973,15.760000228881836,15.760000228881836,1074700
2023-09-27,15.829999923706055,15.930000305175781,14.989999771118164,15.130000114440918,15.130000114440918,1081600
2023-09-28,15.0,15.649999618530273,14.699999809265137,15.630000114440918,15.630000114440918,1352300
2023-09-29,15.789999961853027,16.770000457763672,12.850000381469727,14.520000457763672,14.520000457763672,9918600
2023-10-02,13.359999656677246,15.0600004196167,13.039999961853027,13.5,13.5,9921700
2023-10-03,13.479999542236328,13.479999542236328,12.479999542236328,12.640000343322754,12.640000343322754,4459200
2023-10-04,12.6899995803833,12.829999923706055,12.145000457763672,12.15999984741211,12.15999984741211,2708600
2023-10-05,12.140000343322754,12.869999885559082,12.135000228881836,12.84000015258789,12.84000015258789,3456300
2023-10-06,12.609999656677246,12.979999542236328,12.069999694824219,12.760000228881836,12.760000228881836,1534500
2023-10-09,12.6899995803833,12.989999771118164,12.3100004196167,12.5,12.5,1282800
2023-10-10,12.430000305175781,13.079999923706055,12.399999618530273,12.649999618530273,12.649999618530273,2213500
2023-10-11,13.039999961853027,13.569999694824219,12.779999732971191,13.140000343322754,13.140000343322754,1376700
2023-10-12,13.109999656677246,13.229999542236328,12.15999984741211,12.25,12.25,1288000
2023-10-13,12.289999961853027,12.40999984741211,11.925000190734863,11.989999771118164,11.989999771118164,1890400
2023-10-16,12.050000190734863,12.524999618530273,11.729999542236328,12.239999771118164,12.239999771118164,1979400
2023-10-17,12.420000076293945,12.949999809265137,12.199999809265137,12.359999656677246,12.359999656677246,2907600
2023-10-18,12.25,12.25,11.729999542236328,11.890000343322754,11.890000343322754,4701100
2023-10-19,11.880000114440918,11.880000114440918,11.5,11.609999656677246,11.609999656677246,2600100
2023-10-20,11.630000114440918,11.829999923706055,11.34000015258789,11.510000228881836,11.510000228881836,3564400
2023-10-23,11.420000076293945,11.539999961853027,11.21500015258789,11.390000343322754,11.390000343322754,1773600
2023-10-24,11.5,11.8149995803833,11.5,11.720000267028809,11.720000267028809,1006200
2023-10-25,12.239999771118164,12.239999771118164,11.510000228881836,11.880000114440918,11.880000114440918,958600
2023-10-26,11.989999771118164,12.729999542236328,11.960000038146973,12.670000076293945,12.670000076293945,1080300
2023-10-27,12.630000114440918,12.710000038146973,12.1850004196167,12.289999961853027,12.289999961853027,1781900
2023-10-30,12.520000457763672,13.260000228881836,12.449999809265137,13.050000190734863,13.050000190734863,1590600
2023-10-31,13.029999732971191,14.210000038146973,12.949999809265137,14.079999923706055,14.079999923706055,1866900
2023-11-01,14.170000076293945,14.359999656677246,13.8100004196167,13.920000076293945,13.920000076293945,3638300
2023-11-02,14.039999961853027,14.944999694824219,14.039999961853027,14.779999732971191,14.779999732971191,2321300
2023-11-03,14.920000076293945,15.84000015258789,14.430000305175781,14.800000190734863,14.800000190734863,1733400
2023-11-06,14.829999923706055,14.829999923706055,14.09000015258789,14.399999618530273,14.399999618530273,1029700
2023-11-07,14.550000190734863,14.739999771118164,14.289999961853027,14.619999885559082,14.619999885559082,839100
2023-11-08,14.6899995803833,14.6899995803833,13.9399995803833,14.100000381469727,14.100000381469727,736700
2023-11-09,14.239999771118164,14.239999771118164,13.380000114440918,13.479999542236328,13.479999542236328,727600
2023-11-10,13.609999656677246,13.729999542236328,13.1899995803833,13.550000190734863,13.550000190734863,846800
2023-11-13,13.380000114440918,13.890000343322754,13.140000343322754,13.859999656677246,13.859999656677246,1900200
2023-11-14,14.6899995803833,15.005000114440918,14.529999732971191,14.699999809265137,14.699999809265137,1617700
2023-11-15,14.569999694824219,15.619999885559082,14.569999694824219,15.0600004196167,15.0600004196167,1331200
2023-11-16,15.0,15.069999694824219,14.5,14.8100004196167,14.8100004196167,1396800
2023-11-17,14.989999771118164,15.350000381469727,14.8100004196167,15.270000457763672,15.270000457763672,1039800
2023-11-20,15.319999694824219,15.899999618530273,15.045000076293945,15.420000076293945,15.420000076293945,775600
2023-11-21,15.5,15.739999771118164,14.96500015258789,15.329999923706055,15.329999923706055,906800
2023-11-22,15.510000228881836,15.529999732971191,15.130000114440918,15.359999656677246,15.359999656677246,680100
2023-11-24,15.289999961853027,15.75,15.289999961853027,15.5,15.5,592400
2023-11-27,15.529999732971191,15.614999771118164,15.029999732971191,15.479999542236328,15.479999542236328,956700
2023-11-28,15.449999809265137,15.699999809265137,15.0600004196167,15.65999984741211,15.65999984741211,911100
2023-11-29,15.729999542236328,16.420000076293945,15.609999656677246,16.299999237060547,16.299999237060547,1327400
2023-11-30,16.510000228881836,16.909000396728516,16.3700008392334,16.645000457763672,16.645000457763672,2091800
2023-12-01,16.700000762939453,16.770000457763672,16.2450008392334,16.56999969482422,16.56999969482422,1224400
2023-12-04,16.579999923706055,17.020000457763672,16.479999542236328,16.700000762939453,16.700000762939453,1062000
2023-12-05,16.459999084472656,16.950000762939453,16.309999465942383,16.770000457763672,16.770000457763672,804400
2023-12-06,16.969999313354492,17.295000076293945,16.6200008392334,16.729999542236328,16.729999542236328,1609800
2023-12-07,16.68000030517578,16.940000534057617,16.6200008392334,16.799999237060547,16.799999237060547,2015300
2023-12-08,16.850000381469727,17.0,16.510000228881836,16.649999618530273,16.649999618530273,1455400
2023-12-11,17.639999389648438,18.31999969482422,15.210000038146973,17.940000534057617,17.940000534057617,7277400
2023-12-12,17.84000015258789,18.1200008392334,17.280000686645508,17.670000076293945,17.670000076293945,3498300
2023-12-13,17.700000762939453,18.65999984741211,17.440000534057617,18.639999389648438,18.639999389648438,2426300
2023-12-14,19.290000915527344,20.014999389648438,19.0,19.8799991607666,19.8799991607666,2531600
2023-12-15,20.219999313354492,20.899999618530273,19.510000228881836,20.770000457763672,20.770000457763672,7330800
2023-12-18,20.579999923706055,20.6200008392334,19.600000381469727,19.670000076293945,19.670000076293945,2186900
2023-12-19,19.889999389648438,20.530000686645508,19.700000762939453,20.459999084472656,20.459999084472656,2728600
2023-12-20,20.420000076293945,21.0,19.65999984741211,19.700000762939453,19.700000762939453,1602800
2023-12-21,20.1200008392334,20.229999542236328,19.75,20.149999618530273,20.149999618530273,1221100
2023-12-22,20.780000686645508,21.540000915527344,20.698999404907227,20.940000534057617,20.940000534057617,2252800
2023-12-26,21.219999313354492,21.56999969482422,21.041000366210938,21.329999923706055,21.329999923706055,952500
2023-12-27,21.399999618530273,21.68000030517578,21.299999237060547,21.670000076293945,21.670000076293945,708200
2023-12-28,21.510000228881836,21.84000015258789,21.290000915527344,21.59000015258789,21.59000015258789,1404900
2023-12-29,21.5,21.780000686645508,21.0,21.610000610351562,21.610000610351562,794700
2024-01-02,21.260000228881836,22.360000610351562,21.020000457763672,21.860000610351562,21.860000610351562,1254400
2024-01-03,21.809999465942383,21.8799991607666,20.6200008392334,21.049999237060547,21.049999237060547,1273700
2024-01-04,21.0,21.31999969482422,20.8700008392334,21.079999923706055,21.079999923706055,915700
2024-01-05,20.860000610351562,21.520000457763672,20.459999084472656,21.489999771118164,21.489999771118164,1199500
2024-01-08,21.700000762939453,22.799999237060547,21.360000610351562,22.790000915527344,22.790000915527344,1408400
2024-01-09,22.459999084472656,23.040000915527344,22.280000686645508,22.639999389648438,22.639999389648438,1506400
2024-01-10,22.600000381469727,22.850000381469727,22.3799991607666,22.600000381469727,22.600000381469727,1015900
2024-01-11,22.280000686645508,22.760000228881836,21.799999237060547,22.190000534057617,22.190000534057617,1521600
2024-01-12,22.538000106811523,22.959999084472656,22.104999542236328,22.239999771118164,22.239999771118164,678400
2024-01-16,22.059999465942383,22.440000534057617,21.809999465942383,22.360000610351562,22.360000610351562,1145700
2024-01-17,22.0,22.260000228881836,21.440000534057617,21.649999618530273,21.649999618530273,845300
2024-01-18,21.850000381469727,21.850000381469727,21.229999542236328,21.309999465942383,21.309999465942383,695600
2024-01-19,21.3799991607666,21.3799991607666,20.559999465942383,20.68000030517578,20.68000030517578,811500
2024-01-22,20.899999618530273,21.274999618530273,20.329999923706055,20.850000381469727,20.850000381469727,879500
2024-01-23,21.18000030517578,21.270000457763672,20.6200008392334,21.229999542236328,21.229999542236328,898100
2024-01-24,21.260000228881836,21.260000228881836,19.59000015258789,19.709999084472656,19.709999084472656,3382000
2024-01-25,19.989999771118164,20.149999618530273,19.579999923706055,19.850000381469727,19.850000381469727,1476600
2024-01-26,19.969999313354492,20.3700008392334,19.59000015258789,20.219999313354492,20.219999313354492,1491400
2024-01-29,20.229999542236328,21.200000762939453,19.860000610351562,21.100000381469727,21.100000381469727,893900
2024-01-30,20.8799991607666,21.31999969482422,19.950000762939453,20.31999969482422,20.31999969482422,1484100
2024-01-31,19.75,21.09000015258789,19.600000381469727,20.489999771118164,20.489999771118164,1466000
2024-02-01,20.59000015258789,21.920000076293945,20.510000228881836,21.239999771118164,21.239999771118164,1138300
2024-02-02,20.829999923706055,21.079999923706055,20.559999465942383,20.59000015258789,20.59000015258789,874300
2024-02-05,20.270000457763672,21.469999313354492,20.084999084472656,21.290000915527344,21.290000915527344,1300600
2024-02-06,21.280000686645508,22.700000762939453,21.084999084472656,22.6299991607666,22.6299991607666,1019000
2024-02-07,22.579999923706055,22.770000457763672,22.1299991607666,22.280000686645508,22.280000686645508,1088000
2024-02-08,22.329999923706055,22.690000534057617,21.969999313354492,22.0,22.0,1136700
2024-02-09,22.15999984741211,22.559999465942383,21.924999237060547,22.100000381469727,22.100000381469727,962900
2024-02-12,22.190000534057617,22.809999465942383,22.15999984741211,22.690000534057617,22.690000534057617,1308500
2024-02-13,21.790000915527344,21.940000534057617,20.8700008392334,21.219999313354492,21.219999313354492,1297600
2024-02-14,21.530000686645508,22.200000762939453,21.21500015258789,21.989999771118164,21.989999771118164,810000
2024-02-15,22.34000015258789,22.864999771118164,22.0,22.670000076293945,22.670000076293945,1041500
2024-02-16,22.40999984741211,22.84000015258789,22.2549991607666,22.469999313354492,22.469999313354492,919600
2024-02-20,22.3700008392334,23.65999984741211,22.260000228881836,22.8700008392334,22.8700008392334,1239100
2024-02-21,22.68000030517578,22.888999938964844,21.875,22.229999542236328,22.229999542236328,937600
2024-02-22,22.190000534057617,22.889999389648438,22.09000015258789,22.709999084472656,22.709999084472656,720100
2024-02-23,22.670000076293945,23.510000228881836,22.670000076293945,23.1299991607666,23.1299991607666,870500
2024-02-26,23.110000610351562,24.450000762939453,23.104999542236328,24.375,24.375,867800
2024-02-27,24.59000015258789,24.864999771118164,24.010000228881836,24.40999984741211,24.40999984741211,1494900
2024-02-28,24.110000610351562,25.34000015258789,23.690000534057617,23.8799991607666,23.8799991607666,1193400
2024-02-29,24.520000457763672,24.8799991607666,22.905000686645508,23.440000534057617,23.440000534057617,1258100
2024-03-01,23.65999984741211,24.530000686645508,23.584999084472656,23.709999084472656,23.709999084472656,1538800
2024-03-04,23.979999542236328,23.989999771118164,22.6299991607666,23.299999237060547,23.299999237060547,1331700
2024-03-05,23.190000534057617,23.68000030517578,22.829999923706055,22.940000534057617,22.940000534057617,604800
2024-03-06,23.350000381469727,23.989999771118164,23.155000686645508,23.75,23.75,882200
2024-03-07,23.81999969482422,24.510000228881836,23.420000076293945,23.469999313354492,23.469999313354492,892000
2024-03-08,23.760000228881836,25.15999984741211,23.670000076293945,24.56999969482422,24.56999969482422,1674100
2024-03-11,24.510000228881836,24.850000381469727,23.290000915527344,23.56999969482422,23.56999969482422,1074600
2024-03-12,23.770000457763672,24.079999923706055,23.049999237060547,23.860000610351562,23.860000610351562,1483600
2024-03-13,23.68000030517578,24.209999084472656,23.079999923706055,23.760000228881836,23.760000228881836,1075800
2024-03-14,23.530000686645508,23.799999237060547,22.34000015258789,22.649999618530273,22.649999618530273,1107800
2024-03-15,22.579999923706055,23.729999542236328,22.43000030517578,23.520000457763672,23.520000457763672,3569900
2024-03-18,23.3700008392334,23.549999237060547,21.8799991607666,21.920000076293945,21.920000076293945,1873100
2024-03-19,21.780000686645508,22.459999084472656,21.719999313354492,22.219999313354492,22.219999313354492,996100
2024-03-20,22.31999969482422,23.170000076293945,22.170000076293945,23.030000686645508,23.030000686645508,1085500
2024-03-21,23.389999389648438,23.6299991607666,22.829999923706055,22.8799991607666,22.8799991607666,1449900
2024-03-22,22.809999465942383,22.979999542236328,22.489999771118164,22.579999923706055,22.579999923706055,1077000
2024-03-25,22.579999923706055,22.790000915527344,22.399999618530273,22.440000534057617,22.440000534057617,825500
2024-03-26,22.670000076293945,22.959999084472656,21.420000076293945,21.440000534057617,21.440000534057617,1248900
2024-03-27,21.790000915527344,23.2549991607666,21.690000534057617,23.06999969482422,23.06999969482422,1191000
2024-03-28,23.18000030517578,24.190000534057617,22.709999084472656,23.799999237060547,23.799999237060547,1058400
2024-04-01,23.670000076293945,24.375,22.989999771118164,23.780000686645508,23.780000686645508,1236200
2024-04-02,23.190000534057617,23.440000534057617,22.860000610351562,23.290000915527344,23.290000915527344,1054400
2024-04-03,23.010000228881836,24.25,22.829999923706055,23.790000915527344,23.790000915527344,1415800
2024-04-04,23.989999771118164,24.100000381469727,22.56999969482422,22.6200008392334,22.6200008392334,1026100
2024-04-05,22.450000762939453,23.059999465942383,22.110000610351562,22.889999389648438,22.889999389648438,763900
2024-04-08,23.1200008392334,23.325000762939453,22.579999923706055,22.809999465942383,22.809999465942383,426700
2024-04-09,22.860000610351562,23.079999923706055,22.649999618530273,23.0,23.0,422800
2024-04-10,22.139999389648438,22.3700008392334,21.809999465942383,22.010000228881836,22.010000228881836,1003900
2024-04-11,22.110000610351562,22.450000762939453,21.799999237060547,22.31999969482422,22.31999969482422,734900
2024-04-12,22.149999618530273,22.239999771118164,21.520000457763672,21.719999313354492,21.719999313354492,618700
2024-04-15,21.809999465942383,21.940000534057617,21.479999542236328,21.6200008392334,21.6200008392334,1043200
2024-04-16,21.459999084472656,21.774999618530273,21.239999771118164,21.280000686645508,21.280000686645508,749100
2024-04-17,21.549999237060547,21.549999237060547,20.58300018310547,20.739999771118164,20.739999771118164,1783000
2024-04-18,20.649999618530273,20.81999969482422,20.3799991607666,20.489999771118164,20.489999771118164,1223500
2024-04-19,20.40999984741211,21.1200008392334,20.360000610351562,20.799999237060547,20.799999237060547,942600
2024-04-22,20.989999771118164,21.3700008392334,20.75,20.959999084472656,20.959999084472656,665000
2024-04-23,21.06999969482422,21.540000915527344,20.90999984741211,20.969999313354492,20.969999313354492,872100
2024-04-24,21.020000457763672,21.170000076293945,20.639999389648438,20.790000915527344,20.790000915527344,367600
2024-04-25,20.43000030517578,20.799999237060547,20.1299991607666,20.56999969482422,20.56999969482422,589000
2024-04-26,20.59000015258789,21.235000610351562,20.475000381469727,21.059999465942383,21.059999465942383,775100
2024-04-29,21.06999969482422,21.440000534057617,20.850000381469727,21.280000686645508,21.280000686645508,935000
2024-04-30,20.75,21.31999969482422,20.549999237060547,21.1299991607666,21.1299991607666,1110200
2024-05-01,21.149999618530273,23.040000915527344,21.149999618530273,21.969999313354492,21.969999313354492,1612100
2024-05-02,22.110000610351562,22.329999923706055,21.5,21.860000610351562,21.860000610351562,1376400
2024-05-03,22.389999389648438,22.65999984741211,21.899999618530273,22.049999237060547,22.049999237060547,704700
2024-05-06,22.1299991607666,22.739999771118164,22.1299991607666,22.5,22.5,470600
2024-05-07,22.6200008392334,23.21500015258789,22.469999313354492,23.18000030517578,23.18000030517578,822800
2024-05-08,22.3700008392334,22.799999237060547,21.600000381469727,22.3799991607666,22.3799991607666,1105800
2024-05-09,22.649999618530273,22.90999984741211,21.8700008392334,21.969999313354492,21.969999313354492,838200
2024-05-10,22.100000381469727,22.100000381469727,21.420000076293945,21.75,21.75,649900
2024-05-13,22.049999237060547,22.290000915527344,20.8799991607666,20.969999313354492,20.969999313354492,1271700
2024-05-14,21.219999313354492,21.690000534057617,20.75,21.65999984741211,21.65999984741211,981600
2024-05-15,22.25,22.489999771118164,21.829999923706055,21.940000534057617,21.940000534057617,643800
2024-05-16,21.90999984741211,21.90999984741211,20.6299991607666,20.920000076293945,20.920000076293945,1130000
2024-05-17,21.010000228881836,21.290000915527344,20.25,20.290000915527344,20.290000915527344,957500
2024-05-20,20.290000915527344,20.549999237060547,19.90999984741211,20.25,20.25,1016600
2024-05-21,20.25,20.68000030517578,20.040000915527344,20.65999984741211,20.65999984741211,992800
2024-05-22,20.670000076293945,21.110000610351562,20.5,20.760000228881836,20.760000228881836,841800
2024-05-23,20.770000457763672,21.197999954223633,19.920000076293945,20.110000610351562,20.110000610351562,768600
2024-05-24,20.190000534057617,21.110000610351562,20.040000915527344,20.280000686645508,20.280000686645508,821700
2024-05-28,20.579999923706055,20.979999542236328,19.93000030517578,20.079999923706055,20.079999923706055,997700
2024-05-29,19.84000015258789,19.989999771118164,19.59000015258789,19.719999313354492,19.719999313354492,934800
2024-05-30,19.889999389648438,20.09000015258789,19.280000686645508,19.290000915527344,19.290000915527344,1993800
2024-05-31,19.450000762939453,19.78499984741211,19.155000686645508,19.270000457763672,19.270000457763672,844500
2024-06-03,19.559999465942383,20.3700008392334,19.290000915527344,19.299999237060547,19.299999237060547,1604200
2024-06-04,19.18000030517578,19.329999923706055,18.690000534057617,18.81999969482422,18.81999969482422,883100
2024-06-05,18.93000030517578,19.39299964904785,18.719999313354492,19.209999084472656,19.209999084472656,1241500
2024-06-06,19.100000381469727,19.6200008392334,18.649999618530273,19.399999618530273,19.399999618530273,1169500
2024-06-07,19.149999618530273,19.670000076293945,18.81999969482422,19.5,19.5,979700
2024-06-10,19.739999771118164,19.920000076293945,19.030000686645508,19.719999313354492,19.719999313354492,1239000
2024-06-11,19.459999084472656,19.649999618530273,19.165000915527344,19.31999969482422,19.31999969482422,964700
2024-06-12,19.969999313354492,20.790000915527344,19.600000381469727,20.270000457763672,20.270000457763672,1648200
2024-06-13,20.399999618530273,20.790000915527344,19.969999313354492,20.700000762939453,20.700000762939453,879100
2024-06-14,20.520000457763672,20.549999237060547,19.979999542236328,20.110000610351562,20.110000610351562,783100
2024-06-17,20.0,20.110000610351562,19.639999389648438,19.8799991607666,19.8799991607666,936800
2024-06-18,19.920000076293945,19.93000030517578,18.920000076293945,19.059999465942383,19.059999465942383,993900
2024-06-20,18.969999313354492,19.389999389648438,18.687999725341797,19.270000457763672,19.270000457763672,1035500
2024-06-21,19.399999618530273,20.31999969482422,19.399999618530273,20.049999237060547,20.049999237060547,2836300
2024-06-24,20.1200008392334,20.670000076293945,19.770000457763672,19.799999237060547,19.799999237060547,1045800
2024-06-25,19.75,19.829999923706055,19.360000610351562,19.540000915527344,19.540000915527344,516900
2024-06-26,19.709999084472656,20.209999084472656,19.1200008392334,19.8799991607666,19.8799991607666,1114400
2024-06-27,19.940000534057617,20.3700008392334,19.579999923706055,20.31999969482422,20.31999969482422,1138800
2024-06-28,20.729999542236328,20.850000381469727,20.030000686645508,20.530000686645508,20.530000686645508,3363000
2024-07-01,20.389999389648438,21.700000762939453,20.280000686645508,21.530000686645508,21.530000686645508,1037200
2024-07-02,21.520000457763672,21.56999969482422,20.604999542236328,20.65999984741211,20.65999984741211,991700
2024-07-03,20.649999618530273,21.077999114990234,20.040000915527344,20.079999923706055,20.079999923706055,402600
2024-07-05,20.0,20.975000381469727,19.69499969482422,20.93000030517578,20.93000030517578,911600
2024-07-08,21.110000610351562,21.34000015258789,20.760000228881836,21.1299991607666,21.1299991607666,692100
2024-07-09,21.209999084472656,22.610000610351562,20.84000015258789,22.56999969482422,22.56999969482422,1469000
2024-07-10,22.610000610351562,22.989999771118164,22.111000061035156,22.690000534057617,22.690000534057617,1053400
2024-07-11,23.25,23.799999237060547,22.760000228881836,23.5,23.5,1065600
2024-07-12,23.799999237060547,23.959999084472656,23.219999313354492,23.479999542236328,23.479999542236328,849800
2024-07-15,23.65999984741211,24.5,23.440000534057617,24.3799991607666,24.3799991607666,825300
2024-07-16,24.93000030517578,25.06999969482422,24.579999923706055,24.809999465942383,24.809999465942383,1511100
2024-07-17,24.450000762939453,24.760000228881836,23.440000534057617,23.690000534057617,23.690000534057617,1457400
2024-07-18,23.670000076293945,24.729999542236328,22.799999237060547,23.219999313354492,23.219999313354492,653300
2024-07-19,23.229999542236328,23.479999542236328,22.8799991607666,23.079999923706055,23.079999923706055,507600
2024-07-22,23.239999771118164,23.6200008392334,23.200000762939453,23.389999389648438,23.389999389648438,579000
2024-07-23,23.309999465942383,23.72599983215332,23.09000015258789,23.280000686645508,23.280000686645508,719200
2024-07-24,23.110000610351562,23.68000030517578,23.06999969482422,23.5,23.5,593400
2024-07-25,23.790000915527344,24.93000030517578,23.639999389648438,24.6299991607666,24.6299991607666,1413100
2024-07-26,24.8799991607666,25.06999969482422,24.424999237060547,24.489999771118164,24.489999771118164,461400
2024-07-29,20.969999313354492,22.049999237060547,20.450000762939453,21.989999771118164,21.989999771118164,3161200
2024-07-30,21.940000534057617,22.514999389648438,21.920000076293945,22.40999984741211,22.40999984741211,1278600
2024-07-31,22.709999084472656,23.3700008392334,22.15999984741211,22.700000762939453,22.700000762939453,1327400
2024-08-01,22.829999923706055,22.979999542236328,21.969999313354492,22.0,22.0,1316400
2024-08-02,20.8799991607666,21.934999465942383,20.100000381469727,21.040000915527344,21.040000915527344,1665600
2024-08-05,19.90999984741211,20.290000915527344,19.350000381469727,19.65999984741211,19.65999984741211,1169200
2024-08-06,19.760000228881836,20.399999618530273,19.43000030517578,19.899999618530273,19.899999618530273,1066400
2024-08-07,20.34000015258789,20.450000762939453,19.489999771118164,19.520000457763672,19.520000457763672,682300
2024-08-08,19.829999923706055,20.420000076293945,19.70199966430664,19.989999771118164,19.989999771118164,637300
2024-08-09,20.0,20.225000381469727,19.649999618530273,20.040000915527344,20.040000915527344,823000
2024-08-12,20.049999237060547,20.155000686645508,19.344999313354492,19.639999389648438,19.639999389648438,1245300
2024-08-13,19.809999465942383,20.09000015258789,19.579999923706055,19.8700008392334,19.8700008392334,735300
2024-08-14,19.920000076293945,20.25,19.260000228881836,19.579999923706055,19.579999923706055,881300
2024-08-15,20.280000686645508,20.899999618530273,19.700000762939453,19.959999084472656,19.959999084472656,1482400
2024-08-16,20.030000686645508,20.149999618530273,19.78499984741211,19.93000030517578,19.93000030517578,632800
2024-08-19,19.704999923706055,20.53499984741211,19.704999923706055,20.5,20.5,576900
2024-08-20,20.360000610351562,20.6299991607666,20.280000686645508,20.440000534057617,20.440000534057617,605000
2024-08-21,20.510000228881836,20.889999389648438,20.209999084472656,20.31999969482422,20.31999969482422,501800
2024-08-22,20.3799991607666,20.510000228881836,20.100000381469727,20.31999969482422,20.31999969482422,424800
2024-08-23,20.530000686645508,20.84000015258789,20.329999923706055,20.579999923706055,20.579999923706055,532100
2024-08-26,20.700000762939453,21.15999984741211,20.549999237060547,20.93000030517578,20.93000030517578,712400
2024-08-27,20.81999969482422,21.049999237060547,20.25,20.809999465942383,20.809999465942383,864800
2024-08-28,20.6200008392334,21.018999099731445,20.6200008392334,20.65999984741211,20.65999984741211,358700
2024-08-29,20.790000915527344,21.0,20.200000762939453,20.209999084472656,20.209999084472656,636700
2024-08-30,20.3799991607666,20.579999923706055,20.110000610351562,20.549999237060547,20.549999237060547,576700
2024-09-03,20.549999237060547,21.559999465942383,20.405000686645508,20.540000915527344,20.540000915527344,735200
2024-09-04,20.40999984741211,20.440000534057617,19.31999969482422,19.649999618530273,19.649999618530273,761200
2024-09-05,19.65999984741211,19.924999237060547,19.309999465942383,19.600000381469727,19.600000381469727,907900
2024-09-06,19.600000381469727,19.690000534057617,19.05500030517578,19.100000381469727,19.100000381469727,401400
2024-09-09,19.200000762939453,19.408000946044922,18.780000686645508,18.799999237060547,18.799999237060547,929600
2024-09-10,18.81999969482422,19.190000534057617,18.600000381469727,18.809999465942383,18.809999465942383,2606100
2024-09-11,18.65999984741211,18.7549991607666,18.079999923706055,18.31999969482422,18.31999969482422,2958300
2024-09-12,18.479999542236328,18.639999389648438,17.950000762939453,17.989999771118164,17.989999771118164,766200
2024-09-13,18.149999618530273,19.329999923706055,18.149999618530273,19.1200008392334,19.1200008392334,807600
2024-09-16,19.139999389648438,19.200000762939453,18.024999618530273,18.200000762939453,18.200000762939453,1216000
2024-09-17,18.34000015258789,18.6299991607666,17.989999771118164,18.059999465942383,18.059999465942383,1107800
2024-09-18,18.06999969482422,18.219999313354492,17.34000015258789,18.0,18.0,1961800
2024-09-19,18.350000381469727,19.040000915527344,17.850000381469727,18.6299991607666,18.6299991607666,2030800
2024-09-20,18.639999389648438,18.690000534057617,18.239999771118164,18.270000457763672,18.270000457763672,1233900
2024-09-23,18.3799991607666,18.56999969482422,17.860000610351562,17.93000030517578,17.93000030517578,937700
2024-09-24,17.889999389648438,18.53499984741211,17.719999313354492,18.280000686645508,18.280000686645508,875800
2024-09-25,18.559999465942383,18.649999618530273,18.0,18.020000457763672,18.020000457763672,667100
2024-09-26,18.209999084472656,18.280000686645508,17.915000915527344,18.15999984741211,18.15999984741211,621400
2024-09-27,18.829999923706055,19.200000762939453,18.434999465942383,18.889999389648438,18.889999389648438,1838900
2024-09-30,18.700000762939453,19.59000015258789,18.700000762939453,19.25,19.25,1163600
2024-10-01,19.06999969482422,19.940000534057617,18.801000595092773,19.889999389648438,19.889999389648438,1529900
2024-10-02,19.780000686645508,19.90999984741211,19.299999237060547,19.440000534057617,19.440000534057617,886700
2024-10-03,19.3799991607666,19.3799991607666,18.670000076293945,18.690000534057617,18.690000534057617,768100
2024-10-04,18.829999923706055,19.100000381469727,18.719999313354492,18.81999969482422,18.81999969482422,559800
2024-10-07,18.770000457763672,18.84000015258789,18.040000915527344,18.260000228881836,18.260000228881836,602700
2024-10-08,18.350000381469727,18.920000076293945,18.299999237060547,18.3799991607666,18.3799991607666,666900
2024-10-09,18.3700008392334,18.559999465942383,18.1299991607666,18.31999969482422,18.31999969482422,484300
2024-10-10,18.18000030517578,18.329999923706055,17.825000762939453,18.200000762939453,18.200000762939453,638100
2024-10-11,18.15999984741211,19.21500015258789,18.15999984741211,19.1299991607666,19.1299991607666,559100
2024-10-14,19.059999465942383,19.959999084472656,19.024999618530273,19.81999969482422,19.81999969482422,685000
2024-10-15,19.860000610351562,20.100000381469727,19.594999313354492,19.75,19.75,784800
2024-10-16,19.90999984741211,20.239999771118164,19.780000686645508,19.889999389648438,19.889999389648438,693000
2024-10-17,19.780000686645508,19.989999771118164,19.135000228881836,19.889999389648438,19.889999389648438,718600
2024-10-18,19.920000076293945,20.170000076293945,19.440000534057617,19.709999084472656,19.709999084472656,706000
2024-10-21,19.600000381469727,19.639999389648438,19.110000610351562,19.530000686645508,19.530000686645508,483600
2024-10-22,19.1299991607666,19.559999465942383,18.959999084472656,19.15999984741211,19.15999984741211,999500
2024-10-23,19.1299991607666,19.299999237060547,18.510000228881836,18.540000915527344,18.540000915527344,671200
2024-10-24,19.280000686645508,19.31999969482422,18.770000457763672,18.989999771118164,18.989999771118164,813500
2024-10-25,19.219999313354492,19.600000381469727,18.739999771118164,18.75,18.75,551300
2024-10-28,18.940000534057617,19.559999465942383,18.760000228881836,19.209999084472656,19.209999084472656,661400
2024-10-29,19.059999465942383,19.350000381469727,18.809999465942383,19.079999923706055,19.079999923706055,473100
2024-10-30,18.850000381469727,19.110000610351562,18.780000686645508,18.920000076293945,18.920000076293945,457000
2024-10-31,18.760000228881836,19.25,18.670000076293945,18.860000610351562,18.860000610351562,680900
2024-11-01,19.190000534057617,19.30500030517578,18.700000762939453,18.979999542236328,18.979999542236328,687900
2024-11-04,19.0,19.375,18.559999465942383,18.940000534057617,18.940000534057617,1342000
2024-11-05,19.100000381469727,19.799999237060547,18.75,19.690000534057617,19.690000534057617,1734000
2024-11-06,21.600000381469727,22.260000228881836,20.34000015258789,21.350000381469727,21.350000381469727,3839700
2024-11-07,21.399999618530273,21.93000030517578,21.190000534057617,21.520000457763672,21.520000457763672,1116200
2024-11-08,21.540000915527344,22.020000457763672,21.309999465942383,21.809999465942383,21.809999465942383,907000
2024-11-11,22.329999923706055,22.5,21.549999237060547,21.780000686645508,21.780000686645508,923200
2024-11-12,16.270000457763672,17.350000381469727,16.1200008392334,16.209999084472656,16.209999084472656,8373200
2024-11-13,16.1200008392334,17.1200008392334,16.030000686645508,16.6299991607666,16.6299991607666,3071800
2024-11-14,16.729999542236328,17.8700008392334,16.579999923706055,16.790000915527344,16.790000915527344,2186300
2024-11-15,16.90999984741211,16.90999984741211,15.5,15.829999923706055,15.829999923706055,4956800
2024-11-18,16.459999084472656,16.899999618530273,15.729999542236328,16.110000610351562,16.110000610351562,5694600
2024-11-19,16.1299991607666,16.200000762939453,15.630000114440918,15.770000457763672,15.770000457763672,1488700
2024-11-20,15.600000381469727,16.190000534057617,15.34000015258789,15.949999809265137,15.949999809265137,1275500
2024-11-21,16.059999465942383,16.270000457763672,15.0,15.600000381469727,15.600000381469727,4631300
2024-11-22,15.670000076293945,16.260000228881836,15.40999984741211,16.09000015258789,16.09000015258789,1465000
2024-11-25,16.360000610351562,17.5,16.360000610351562,16.729999542236328,16.729999542236328,1884300
2024-11-26,16.670000076293945,16.90399932861328,16.280000686645508,16.5,16.5,900700
2024-11-27,16.6299991607666,16.725000381469727,16.299999237060547,16.510000228881836,16.510000228881836,1470200
2024-11-29,16.520000457763672,16.920000076293945,16.31999969482422,16.719999313354492,16.719999313354492,962500
2024-12-02,16.809999465942383,16.81999969482422,16.200000762939453,16.700000762939453,16.700000762939453,1024000
2024-12-03,16.59000015258789,17.010000228881836,16.475000381469727,16.6200008392334,16.6200008392334,856800
2024-12-04,16.799999237060547,17.280000686645508,16.674999237060547,16.920000076293945,16.920000076293945,1432000
2024-12-05,16.719999313354492,17.030000686645508,15.960000038146973,16.799999237060547,16.799999237060547,1112000
2024-12-06,16.969999313354492,17.155000686645508,16.559999465942383,17.010000228881836,17.010000228881836,1477500
2024-12-09,17.1200008392334,17.1200008392334,15.3149995803833,15.5600004196167,15.5600004196167,2579000
2024-12-10,15.789999961853027,15.789999961853027,14.569999694824219,14.9399995803833,14.9399995803833,3083500
2024-12-11,15.050000190734863,15.15999984741211,14.199999809265137,14.229999542236328,14.229999542236328,2992800
2024-12-12,14.119999885559082,14.40999984741211,13.319999694824219,13.470000267028809,13.470000267028809,2074600
2024-12-13,13.479999542236328,14.119999885559082,13.260000228881836,13.930000305175781,13.930000305175781,3875200
2024-12-16,13.960000038146973,14.180000305175781,13.6899995803833,13.789999961853027,13.789999961853027,1236500
2024-12-17,13.739999771118164,13.9399995803833,13.359999656677246,13.630000114440918,13.630000114440918,2476500
2024-12-18,13.720000267028809,13.850000381469727,13.079999923706055,13.239999771118164,13.239999771118164,3249600
2024-12-19,13.279999732971191,13.470000267028809,12.789999961853027,12.850000381469727,12.850000381469727,5118200
2024-12-20,12.850000381469727,13.149999618530273,12.75,13.079999923706055,13.079999923706055,5566400
2024-12-23,12.9399995803833,13.369999885559082,12.800000190734863,13.3100004196167,13.3100004196167,5803200
2024-12-24,13.3100004196167,13.319999694824219,12.90999984741211,13.069999694824219,13.069999694824219,2733600
2024-12-26,12.979999542236328,13.010000228881836,12.729999542236328,12.925000190734863,12.925000190734863,1975900
2024-12-27,12.850000381469727,12.944999694824219,12.520000457763672,12.770000457763672,12.770000457763672,2309100
2024-12-30,12.6899995803833,12.75,12.399999618530273,12.520000457763672,12.520000457763672,2609500
2024-12-31,12.539999961853027,13.234999656677246,12.40999984741211,13.220000267028809,13.220000267028809,2886900
2025-01-02,13.369999885559082,14.100000381469727,13.220000267028809,14.079999923706055,14.079999923706055,2058700
2025-01-03,14.220000267028809,14.399999618530273,13.819999694824219,14.369999885559082,14.369999885559082,2177200
2025-01-06,14.520000457763672,14.649999618530273,13.66100025177002,13.6899995803833,13.6899995803833,2926500
2025-01-07,13.710000038146973,14.180000305175781,13.600000381469727,13.800000190734863,13.800000190734863,2268500
2025-01-08,13.550000190734863,13.994999885559082,13.529999732971191,13.8100004196167,13.8100004196167,1483700
2025-01-10,13.59000015258789,13.920000076293945,12.850000381469727,13.109999656677246,13.109999656677246,1544300
2025-01-13,13.100000381469727,13.239999771118164,12.539999961853027,12.800000190734863,12.800000190734863,1521300
2025-01-14,12.899999618530273,12.899999618530273,12.0600004196167,12.600000381469727,12.600000381469727,2121900
2025-01-15,13.069999694824219,13.15999984741211,12.710000038146973,12.800000190734863,12.800000190734863,1479000
2025-01-16,12.6899995803833,13.09000015258789,12.399999618530273,13.0,13.0,1460000
2025-01-17,13.140000343322754,13.21500015258789,12.920000076293945,13.079999923706055,13.079999923706055,1136100
2025-01-21,13.210000038146973,13.739999771118164,13.149999618530273,13.670000076293945,13.670000076293945,1464900
2025-01-22,13.579999923706055,14.119999885559082,13.420000076293945,14.0,14.0,1175300
2025-01-23,13.84000015258789,14.430000305175781,13.399999618530273,14.40999984741211,14.40999984741211,4057800
2025-01-24,14.319999694824219,14.729999542236328,13.90999984741211,14.25,14.25,2161200
2025-01-27,14.270000457763672,14.729999542236328,14.0649995803833,14.279999732971191,14.279999732971191,3293700
2025-01-28,14.15999984741211,14.710000038146973,14.010000228881836,14.359999656677246,14.359999656677246,2784900
2025-01-29,14.279999732971191,14.569999694824219,14.069999694824219,14.239999771118164,14.239999771118164,2815100
2025-01-30,14.260000228881836,14.479999542236328,13.970000267028809,14.210000038146973,14.210000038146973,2630900
2025-01-31,14.369999885559082,14.510000228881836,14.055000305175781,14.170000076293945,14.170000076293945,2268100
2025-02-03,13.829999923706055,14.619999885559082,13.609999656677246,14.34000015258789,14.34000015258789,2490800
2025-02-04,14.270000457763672,14.5,14.0600004196167,14.40999984741211,14.40999984741211,2396300
2025-02-05,14.5,14.789999961853027,14.319999694824219,14.649999618530273,14.649999618530273,3597400
2025-02-06,16.149999618530273,16.579999923706055,15.619999885559082,15.819999694824219,15.819999694824219,4368700
2025-02-07,15.710000038146973,16.15999984741211,15.199999809265137,15.520000457763672,15.520000457763672,2906600
2025-02-10,15.520000457763672,15.770000457763672,15.050000190734863,15.130000114440918,15.130000114440918,1923700
2025-02-11,15.029999732971191,15.444999694824219,14.96500015258789,15.010000228881836,15.010000228881836,1865200
2025-02-12,14.770000457763672,15.050000190734863,14.600000381469727,14.859999656677246,14.859999656677246,3212300
2025-02-13,14.774999618530273,15.100000381469727,14.319999694824219,15.079999923706055,15.079999923706055,1794100
2025-02-14,15.1899995803833,15.395000457763672,14.795000076293945,14.920000076293945,14.920000076293945,1304900
2025-02-18,14.949999809265137,15.144000053405762,14.604999542236328,14.619999885559082,14.619999885559082,1183900
2025-02-19,14.529999732971191,14.829999923706055,14.529999732971191,14.75,14.75,2025500
2025-02-20,14.739999771118164,16.0,14.699999809265137,15.989999771118164,15.989999771118164,2683400
2025-02-21,16.209999084472656,16.950000762939453,16.125,16.3799991607666,16.3799991607666,4008600
2025-02-24,16.309999465942383,16.55500030517578,15.515000343322754,15.670000076293945,15.670000076293945,2401900
2025-02-25,15.710000038146973,15.850000381469727,15.010000228881836,15.239999771118164,15.239999771118164,1891700
2025-02-26,15.460000038146973,16.059999465942383,15.300000190734863,15.569999694824219,15.569999694824219,1935300
2025-02-27,15.539999961853027,16.06999969482422,15.130000114440918,15.279999732971191,15.279999732971191,1166300
2025-02-28,15.15999984741211,15.744999885559082,14.96500015258789,15.640000343322754,15.640000343322754,2577000
2025-03-03,16.049999237060547,16.5,14.84000015258789,15.479999542236328,15.479999542236328,3144800
2025-03-04,15.369999885559082,15.920000076293945,14.09000015258789,14.380000114440918,14.380000114440918,4007300
2025-03-05,14.289999961853027,14.614999771118164,14.0,14.479999542236328,14.479999542236328,2010200
2025-03-06,14.369999885559082,14.5649995803833,13.859999656677246,14.289999961853027,14.289999961853027,2468900
2025-03-07,14.199999809265137,14.390000343322754,13.239999771118164,13.420000076293945,13.420000076293945,3422100
2025-03-10,13.1899995803833,13.399999618530273,12.390000343322754,12.529999732971191,12.529999732971191,1873800
2025-03-11,12.369999885559082,13.130000114440918,12.260000228881836,13.0,13.0,1702700
2025-03-12,13.130000114440918,13.479999542236328,12.960000038146973,13.119999885559082,13.119999885559082,1462200
2025-03-13,13.180000305175781,13.529999732971191,13.0,13.100000381469727,13.100000381469727,1548300
2025-03-14,13.1899995803833,13.319999694824219,12.859999656677246,12.949999809265137,12.949999809265137,767100
2025-03-17,13.079999923706055,13.319999694824219,12.890000343322754,13.039999961853027,13.039999961853027,1127000
2025-03-18,12.779999732971191,13.0,12.40999984741211,12.609999656677246,12.609999656677246,1002500
2025-03-19,12.510000228881836,13.149999618530273,12.449999809265137,13.119999885559082,13.119999885559082,1249000
2025-03-20,13.229999542236328,14.1899995803833,13.050000190734863,14.100000381469727,14.100000381469727,3002600
2025-03-21,13.930000305175781,14.289999961853027,13.6899995803833,13.710000038146973,13.710000038146973,2077200
2025-03-24,13.760000228881836,13.970000267028809,13.385000228881836,13.729999542236328,13.729999542236328,1018900
2025-03-25,13.760000228881836,13.765000343322754,13.229999542236328,13.4399995803833,13.4399995803833,809300
2025-03-26,13.399999618530273,13.454999923706055,12.699999809265137,13.130000114440918,13.130000114440918,1162100
2025-03-27,13.140000343322754,13.739999771118164,13.0,13.5600004196167,13.5600004196167,866300
2025-03-28,13.609999656677246,13.800000190734863,12.949999809265137,13.180000305175781,13.180000305175781,935200
2025-03-31,12.850000381469727,12.979999542236328,12.119999885559082,12.28499984741211,12.28499984741211,2496000
2025-04-01,12.199999809265137,12.25,11.625,12.010000228881836,12.010000228881836,2662500
2025-04-02,11.989999771118164,13.010000228881836,11.850000381469727,12.970000267028809,12.970000267028809,2330000
2025-04-03,12.449999809265137,12.710000038146973,12.1850004196167,12.460000038146973,12.460000038146973,1149800
2025-04-04,12.069999694824219,12.170000076293945,11.09000015258789,11.25,11.25,1843200
2025-04-07,10.75,11.204999923706055,10.140000343322754,11.010000228881836,11.010000228881836,2366400
2025-04-08,11.319999694824219,11.699999809265137,10.359999656677246,10.5600004196167,10.5600004196167,2452700
2025-04-09,10.3100004196167,11.84000015258789,9.65999984741211,11.520000457763672,11.520000457763672,2897600
2025-04-10,11.010000228881836,11.28499984741211,9.720000267028809,10.520000457763672,10.520000457763672,5398700
2025-04-11,10.380000114440918,11.199999809265137,10.149999618530273,11.15999984741211,11.15999984741211,1366700
2025-04-14,11.399999618530273,11.470000267028809,10.765000343322754,11.239999771118164,11.239999771118164,1589300
2025-04-15,11.100000381469727,11.604999542236328,10.829999923706055,11.329999923706055,11.329999923706055,1354500
2025-04-16,11.220000267028809,11.329999923706055,10.850000381469727,11.050000190734863,11.050000190734863,1572000
2025-04-17,11.020000457763672,11.569999694824219,10.8100004196167,11.539999961853027,11.539999961853027,1947200
2025-04-21,11.350000381469727,12.479999542236328,11.199999809265137,11.930000305175781,11.930000305175781,2474400
2025-04-22,12.100000381469727,13.0,12.0649995803833,12.920000076293945,12.920000076293945,1571300
2025-04-23,13.350000381469727,13.59000015258789,12.8100004196167,13.0,13.0,1342700
2025-04-24,13.050000190734863,13.392999649047852,12.906999588012695,13.300000190734863,13.300000190734863,1033700
2025-04-25,13.109999656677246,13.609999656677246,13.015000343322754,13.329999923706055,13.329999923706055,756300
2025-04-28,13.329999923706055,13.670000076293945,13.25,13.420000076293945,13.420000076293945,952900
2025-04-29,13.449999809265137,13.979999542236328,13.25,13.699999809265137,13.699999809265137,1658900
2025-04-30,13.359999656677246,14.239999771118164,13.140000343322754,14.149999618530273,14.149999618530273,3028900
2025-05-01,14.15999984741211,14.194999694824219,13.675000190734863,13.819999694824219,13.819999694824219,1471800
2025-05-02,13.859999656677246,14.130000114440918,13.656999588012695,13.729999542236328,13.729999542236328,2274600
2025-05-05,13.989999771118164,14.125,13.510000228881836,13.569999694824219,13.569999694824219,4437700
2025-05-06,13.0,13.09000015258789,10.494999885559082,10.640000343322754,10.640000343322754,7853700
2025-05-07,10.90999984741211,11.119999885559082,9.90999984741211,9.989999771118164,9.989999771118164,4290300
2025-05-08,10.050000190734863,11.420000076293945,9.664999961853027,11.010000228881836,11.010000228881836,3611300
2025-05-09,11.170000076293945,11.479999542236328,10.6899995803833,10.699999809265137,10.699999809265137,2336300
2025-05-12,11.09000015258789,11.34000015258789,10.364999771118164,10.989999771118164,10.989999771118164,2039200
2025-05-13,11.029999732971191,11.109999656677246,10.100000381469727,10.1899995803833,10.1899995803833,2130200
2025-05-14,10.180000305175781,10.449999809265137,9.239999771118164,9.279999732971191,9.279999732971191,3258000
2025-05-15,9.270000457763672,9.295000076293945,8.579999923706055,8.949999809265137,8.949999809265137,3646000
2025-05-16,8.970000267028809,9.149999618530273,8.800000190734863,9.050000190734863,9.050000190734863,2954300
2025-05-19,8.949999809265137,9.350000381469727,8.75,9.300000190734863,9.300000190734863,2877800
2025-05-20,10.029999732971191,10.699999809265137,10.024999618530273,10.569999694824219,10.569999694824219,3551500
2025-05-21,10.489999771118164,11.109999656677246,10.302000045776367,10.649999618530273,10.649999618530273,3546400
2025-05-22,10.4399995803833,10.84000015258789,10.140000343322754,10.8100004196167,10.8100004196167,2898500
2025-05-23,10.979999542236328,11.039999961853027,9.829999923706055,9.850000381469727,9.850000381469727,3903600
2025-05-27,9.949999809265137,10.149999618530273,9.829999923706055,9.930000305175781,9.930000305175781,2805600
2025-05-28,9.930000305175781,10.1899995803833,9.729999542236328,10.119999885559082,10.119999885559082,1823900
2025-05-29,10.239999771118164,10.75,10.039999961853027,10.619999885559082,10.619999885559082,1129400
2025-05-30,10.510000228881836,10.670000076293945,10.180999755859375,10.539999961853027,10.539999961853027,1808500
2025-06-02,10.510000228881836,11.359999656677246,10.475000381469727,10.979999542236328,10.979999542236328,3026500
2025-06-03,11.069999694824219,11.312999725341797,10.850000381469727,11.194999694824219,11.194999694824219,1335100
2025-06-04,11.270000457763672,11.40999984741211,10.9399995803833,10.960000038146973,10.960000038146973,1945100
2025-06-05,10.829999923706055,11.3100004196167,10.517000198364258,11.15999984741211,11.15999984741211,1112900
2025-06-06,11.369999885559082,11.829999923706055,11.119999885559082,11.449999809265137,11.449999809265137,1341800
2025-06-09,11.600000381469727,11.779999732971191,11.0,11.09000015258789,11.09000015258789,1081200
2025-06-10,11.100000381469727,11.494999885559082,11.100000381469727,11.239999771118164,11.239999771118164,897200
2025-06-11,11.300000190734863,11.380000114440918,10.850000381469727,10.899999618530273,10.899999618530273,889800
2025-06-12,10.720000267028809,10.845000267028809,10.359999656677246,10.670000076293945,10.670000076293945,1534700
2025-06-13,10.4399995803833,10.579999923706055,10.050000190734863,10.25,10.25,1310600
2025-06-16,10.25,10.25,9.770000457763672,9.989999771118164,9.989999771118164,1430300
2025-06-17,9.9399995803833,10.100000381469727,9.595000267028809,9.640000343322754,9.640000343322754,1806200
2025-06-18,9.729999542236328,9.970000267028809,9.550000190734863,9.6899995803833,9.6899995803833,2487600
2025-06-20,9.779999732971191,9.819999694824219,9.210000038146973,9.479999542236328,9.479999542236328,2638500
2025-06-23,9.390000343322754,9.569999694824219,9.109999656677246,9.1899995803833,9.1899995803833,1411400
2025-06-24,9.300000190734863,9.470000267028809,8.9399995803833,9.220000267028809,9.220000267028809,2876200
2025-06-25,9.220000267028809,9.420000076293945,8.875,8.899999618530273,8.899999618530273,1888200
2025-06-26,8.949999809265137,9.345000267028809,8.739999771118164,9.300000190734863,9.300000190734863,2688800
2025-06-27,9.34000015258789,9.399999618530273,9.010000228881836,9.039999961853027,9.039999961853027,3244100
2025-06-30,9.0600004196167,9.560999870300293,8.920000076293945,9.364999771118164,9.364999771118164,2218500
2025-07-01,9.229999542236328,9.399999618530273,8.774999618530273,8.819999694824219,8.819999694824219,1773700
2025-07-02,8.800000190734863,9.494999885559082,8.770000457763672,9.0,9.0,1789100
2025-07-03,9.069999694824219,9.229999542236328,8.829999923706055,9.0,9.0,817900
2025-07-07,8.970000267028809,9.140000343322754,8.585000038146973,8.729999542236328,8.729999542236328,1809000
2025-07-08,8.75,8.949999809265137,8.710000038146973,8.75,8.75,1392600
2025-07-09,8.829999923706055,9.460000038146973,8.8100004196167,9.239999771118164,9.239999771118164,3135800
2025-07-10,9.510000228881836,10.005000114440918,9.140000343322754,9.819999694824219,9.819999694824219,2341100
2025-07-11,9.739999771118164,9.819999694824219,9.482000350952148,9.59000015258789,9.59000015258789,1505900
2025-07-14,9.569999694824219,9.869999885559082,9.529999732971191,9.850000381469727,9.850000381469727,1751200
2025-07-15,9.899999618530273,10.020000457763672,9.149999618530273,9.210000038146973,9.210000038146973,1710300
2025-07-16,9.210000038146973,9.420000076293945,9.029999732971191,9.25,9.25,1281300
2025-07-17,9.260000228881836,9.8100004196167,9.15999984741211,9.670000076293945,9.670000076293945,1391300
2025-07-18,9.800000190734863,9.850000381469727,9.270000457763672,9.460000038146973,9.460000038146973,1900900
2025-07-21,9.510000228881836,9.899999618530273,9.380000114440918,9.729999542236328,9.729999542236328,1779100
2025-07-22,9.789999961853027,10.369999885559082,9.680000305175781,10.3100004196167,10.3100004196167,1892300
2025-07-23,10.479999542236328,10.539999961853027,10.125,10.220000267028809,10.220000267028809,1729400
2025-07-24,10.319999694824219,10.319999694824219,9.920000076293945,9.989999771118164,9.989999771118164,1329500
2025-07-25,10.0,10.0,9.550000190734863,9.630000114440918,9.630000114440918,1267600
2025-07-28,9.65999984741211,9.71500015258789,9.420000076293945,9.569999694824219,9.569999694824219,1281700
2025-07-29,9.819999694824219,10.635000228881836,9.489999771118164,10.350000381469727,10.350000381469727,3300100
2025-07-30,10.609999656677246,10.75,9.850000381469727,9.989999771118164,9.989999771118164,2131200
2025-07-31,9.770000457763672,10.039999961853027,9.5649995803833,9.920000076293945,9.920000076293945,1989100
2025-08-01,9.869999885559082,10.029999732971191,9.489999771118164,9.979999542236328,9.979999542236328,1733000
2025-08-04,9.989999771118164,10.470000267028809,9.680000305175781,10.380000114440918,10.380000114440918,3199500
2025-08-05,12.40999984741211,12.989999771118164,11.90999984741211,12.569999694824219,12.569999694824219,9129800
2025-08-06,12.899999618530273,13.25,12.3100004196167,12.890000343322754,12.890000343322754,5888600
2025-08-07,12.899999618530273,13.114999771118164,12.59000015258789,12.720000267028809,12.720000267028809,2141300
2025-08-08,12.680000305175781,12.944999694824219,12.229999542236328,12.479999542236328,12.479999542236328,2854000
2025-08-11,12.430000305175781,12.649999618530273,12.100000381469727,12.510000228881836,12.510000228881836,2983200
2025-08-12,12.670000076293945,13.289999961853027,12.619999885559082,12.970000267028809,12.970000267028809,2334400
2025-08-13,13.170000076293945,13.600000381469727,13.020000457763672,13.449999809265137,13.449999809265137,2343700
2025-08-14,13.385000228881836,14.8100004196167,13.260000228881836,14.729999542236328,14.729999542236328,3022600
2025-08-15,14.800000190734863,15.979999542236328,14.800000190734863,15.739999771118164,15.739999771118164,5089300
2025-08-18,15.640000343322754,16.030000686645508,15.569999694824219,15.869999885559082,15.869999885559082,1859400
2025-08-19,15.869999885559082,16.329999923706055,15.359999656677246,15.395000457763672,15.395000457763672,1970800
2025-08-20,15.430000305175781,15.890000343322754,15.369999885559082,15.739999771118164,15.739999771118164,2168400
2025-08-21,15.630000114440918,16.040000915527344,15.432000160217285,15.84000015258789,15.84000015258789,1229200
2025-08-22,15.970000267028809,16.3799991607666,15.8100004196167,16.239999771118164,16.239999771118164,1469900
2025-08-25,16.260000228881836,16.43000030517578,15.539999961853027,15.65999984741211,15.65999984741211,1443900
2025-08-26,15.75,15.899999618530273,15.291000366210938,15.850000381469727,15.850000381469727,3584100
2025-08-27,15.850000381469727,16.295000076293945,15.510000228881836,16.260000228881836,16.260000228881836,4038300
2025-08-28,16.3799991607666,17.239999771118164,16.25,16.31999969482422,16.31999969482422,2242900
2025-08-29,16.31999969482422,16.559999465942383,15.880000114440918,16.329999923706055,16.329999923706055,1608800
2025-09-02,16.5,16.885000228881836,15.9399995803833,16.1200008392334,16.1200008392334,1809300
2025-09-03,16.1200008392334,16.614999771118164,15.8100004196167,16.1299991607666,16.1299991607666,2005700
2025-09-04,16.270000457763672,16.472999572753906,15.829999923706055,16.190000534057617,16.190000534057617,1442300
2025-09-05,16.399999618530273,17.229999542236328,16.290000915527344,17.040000915527344,17.040000915527344,2730000
2025-09-08,17.030000686645508,17.079999923706055,16.18000030517578,16.329999923706055,16.329999923706055,1473700
2025-09-09,16.149999618530273,16.309999465942383,15.711000442504883,15.930000305175781,15.930000305175781,1171500
2025-09-10,16.399999618530273,16.649999618530273,15.720000267028809,15.729999542236328,15.729999542236328,1782000
2025-09-11,15.770000457763672,16.469999313354492,15.59000015258789,16.3700008392334,16.3700008392334,1872300
2025-09-12,16.420000076293945,16.5,15.529999732971191,15.550000190734863,15.550000190734863,1707000
2025-09-15,15.800000190734863,15.9399995803833,15.425000190734863,15.84000015258789,15.84000015258789,2075100
2025-09-16,15.880000114440918,15.880000114440918,14.984999656677246,15.039999961853027,15.039999961853027,2042900
2025-09-17,15.0,15.359999656677246,14.670000076293945,14.75,14.75,1491800
2025-09-18,14.90999984741211,15.5600004196167,14.890999794006348,15.449999809265137,15.449999809265137,2150800
2025-09-19,15.510000228881836,15.770000457763672,14.609999656677246,14.779999732971191,14.779999732971191,3468900
2025-09-22,14.8100004196167,15.0600004196167,14.529999732971191,14.890000343322754,14.890000343322754,1489200
2025-09-23,14.8100004196167,15.125,14.680000305175781,14.850000381469727,14.850000381469727,1301300
2025-09-24,14.890000343322754,15.166999816894531,14.835000038146973,15.010000228881836,15.010000228881836,1885200
2025-09-25,15.0,15.550000190734863,14.979999542236328,15.029999732971191,15.029999732971191,2369000
2025-09-26,15.180000305175781,15.84000015258789,14.859999656677246,15.680000305175781,15.680000305175781,2918700
2025-09-29,15.789999961853027,15.869999885559082,14.902000427246094,15.5600004196167,15.5600004196167,2394300
2025-09-30,15.529999732971191,15.8149995803833,15.350000381469727,15.385000228881836,15.385000228881836,1646200
2025-10-01,15.5,15.920000076293945,15.270000457763672,15.680000305175781,15.680000305175781,1437000
2025-10-02,15.770000457763672,15.989999771118164,14.925000190734863,15.4399995803833,15.4399995803833,1546000
2025-10-03,15.4399995803833,15.880000114440918,15.199999809265137,15.600000381469727,15.600000381469727,1777300
2025-10-06,15.600000381469727,16.40999984741211,15.479999542236328,16.399999618530273,16.399999618530273,1652000
2025-10-07,16.625,16.799999237060547,16.309999465942383,16.450000762939453,16.450000762939453,1521900
2025-10-08,16.68000030517578,16.799999237060547,16.18000030517578,16.5,16.5,2094800
2025-10-09,16.510000228881836,16.690000534057617,16.0,16.200000762939453,16.200000762939453,3598600
2025-10-10,16.280000686645508,16.479999542236328,15.41100025177002,16.059999465942383,16.059999465942383,2700100
2025-10-13,16.190000534057617,16.280000686645508,15.010000228881836,15.199999809265137,15.199999809265137,2081400
2025-10-14,15.0,15.399999618530273,14.6899995803833,15.3100004196167,15.3100004196167,1668800
2025-10-15,15.430000305175781,15.789999961853027,15.010000228881836,15.039999961853027,15.039999961853027,2281500
2025-10-16,15.5,16.040000915527344,14.880000114440918,15.050000190734863,15.050000190734863,3739000
2025-10-17,14.875,15.390000343322754,14.079999923706055,14.300000190734863,14.300000190734863,4379900
2025-10-20,14.5600004196167,15.779999732971191,14.539999961853027,15.569999694824219,15.569999694824219,5077400
2025-10-21,15.699999809265137,15.850000381469727,15.154999732971191,15.199999809265137,15.199999809265137,2160200
2025-10-22,15.199999809265137,15.930000305175781,15.010000228881836,15.109999656677246,15.109999656677246,2545600
2025-10-23,15.170000076293945,15.550000190734863,14.670000076293945,14.680000305175781,14.680000305175781,1994500
2025-10-24,15.039999961853027,15.789999961853027,13.029999732971191,13.529999732971191,13.529999732971191,14951300
2025-10-27,13.390000343322754,14.029999732971191,12.989999771118164,13.109999656677246,13.109999656677246,5288200
2025-10-28,13.029999732971191,13.989999771118164,13.020000457763672,13.510000228881836,13.510000228881836,3433400
2025-10-29,13.399999618530273,13.619999885559082,13.0600004196167,13.220000267028809,13.220000267028809,2974900
2025-10-30,13.40999984741211,13.975000381469727,13.25,13.390000343322754,13.390000343322754,2207700
2025-10-31,13.34000015258789,14.0600004196167,13.300000190734863,13.699999809265137,13.699999809265137,3335900
2025-11-03,13.609999656677246,14.359999656677246,13.354999542236328,13.760000228881836,13.760000228881836,4143700
2025-11-04,13.600000381469727,15.798999786376953,13.149999618530273,15.350000381469727,15.350000381469727,7204800
2025-11-05,15.119999885559082,15.289999961853027,14.267000198364258,15.100000381469727,15.100000381469727,3362900
2025-11-06,15.029999732971191,15.550000190734863,14.640000343322754,14.6899995803833,14.6899995803833,2301200
2025-11-07,14.569999694824219,15.0600004196167,13.880000114440918,15.039999961853027,15.039999961853027,2162800
2025-11-10,15.329999923706055,16.5,15.25,15.720000267028809,15.720000267028809,2604600
2025-11-11,15.760000228881836,17.75,15.664999961853027,17.729999542236328,17.729999542236328,3527700
2025-11-12,17.559999465942383,17.799999237060547,16.690000534057617,16.790000915527344,16.790000915527344,2137300
2025-11-13,16.790000915527344,18.0,15.550000190734863,16.65999984741211,16.65999984741211,4569900
2025-11-14,16.579999923706055,17.264999389648438,16.420000076293945,16.6200008392334,16.6200008392334,2326900
2025-11-17,16.540000915527344,17.5,16.360000610351562,17.18000030517578,17.18000030517578,3156800
2025-11-18,17.020000457763672,17.440000534057617,16.899999618530273,17.09000015258789,17.09000015258789,1558400
2025-11-19,16.959999084472656,17.459999084472656,16.649999618530273,16.709999084472656,16.709999084472656,1940600
2025-11-20,17.100000381469727,18.0,16.93000030517578,17.049999237060547,17.049999237060547,3106900
2025-11-21,16.950000762939453,17.6200008392334,16.75,17.440000534057617,17.440000534057617,1873400
2025-11-24,18.1299991607666,19.979999542236328,17.969999313354492,19.760000228881836,19.760000228881836,4458200
2025-11-25,19.760000228881836,20.079999923706055,18.8700008392334,19.450000762939453,19.450000762939453,2767800
2025-11-26,19.559999465942383,20.06999969482422,19.3799991607666,19.8700008392334,19.8700008392334,1959200
2025-11-28,19.989999771118164,20.200000762939453,19.709999084472656,19.81999969482422,19.81999969482422,852300
2025-12-01,19.75,19.90999984741211,18.981000900268555,19.1200008392334,19.1200008392334,1648000
2025-12-02,19.200000762939453,19.270000457763672,18.360000610351562,18.790000915527344,18.790000915527344,1714000
2025-12-03,18.90999984741211,19.950000762939453,18.729999542236328,19.709999084472656,19.709999084472656,1910400
2025-12-04,19.549999237060547,20.030000686645508,19.309999465942383,19.739999771118164,19.739999771118164,1489100
2025-12-05,19.770000457763672,20.59000015258789,19.424999237060547,20.31999969482422,20.31999969482422,2356000
2025-12-08,20.31999969482422,20.469999313354492,19.43000030517578,19.979999542236328,19.979999542236328,2370300
2025-12-09,19.950000762939453,20.25,19.479999542236328,19.510000228881836,19.510000228881836,1978400
2025-12-10,19.649999618530273,20.799999237060547,19.110000610351562,20.6200008392334,20.6200008392334,2400500
2025-12-11,20.700000762939453,21.219999313354492,20.25,20.40999984741211,20.40999984741211,1890400
2025-12-12,20.309999465942383,20.520000457763672,20.0,20.3700008392334,20.3700008392334,1183600
2025-12-15,20.469999313354492,21.05500030517578,20.34000015258789,20.8799991607666,20.8799991607666,1485700
2025-12-16,20.639999389648438,21.424999237060547,20.600000381469727,20.719999313354492,20.719999313354492,1694000
2025-12-17,20.690000534057617,20.799999237060547,19.719999313354492,20.3700008392334,20.3700008392334,1621100
2025-12-18,20.59000015258789,20.729999542236328,20.1200008392334,20.229999542236328,20.229999542236328,1033800
2025-12-19,20.34000015258789,21.18000030517578,20.229999542236328,20.770000457763672,20.770000457763672,2264300
2025-12-22,20.520000457763672,21.5,20.280000686645508,21.479999542236328,21.479999542236328,1371700
2025-12-23,21.469999313354492,22.729999542236328,21.459999084472656,21.700000762939453,21.700000762939453,1498000
2025-12-24,21.65999984741211,21.760000228881836,21.34000015258789,21.600000381469727,21.600000381469727,453100
2025-12-26,21.729999542236328,21.729999542236328,21.06999969482422,21.299999237060547,21.299999237060547,906200
2025-12-29,21.1200008392334,21.40999984741211,20.871000289916992,21.06999969482422,21.06999969482422,703300
2025-12-30,20.90999984741211,21.110000610351562,20.420000076293945,20.739999771118164,20.739999771118164,1241300
2025-12-31,20.81999969482422,21.3700008392334,20.614999771118164,21.010000228881836,21.010000228881836,958800
2026-01-02,21.079999923706055,21.34000015258789,20.81100082397461,21.299999237060547,21.299999237060547,1096300
2026-01-05,21.350000381469727,21.540000915527344,19.610000610351562,20.219999313354492,20.219999313354492,1660100
2026-01-06,20.0,20.59000015258789,19.770000457763672,20.34000015258789,20.34000015258789,1426600
2026-01-07,20.3799991607666,22.405000686645508,20.3799991607666,22.110000610351562,22.110000610351562,2014900
2026-01-08,21.850000381469727,21.950000762939453,20.975000381469727,21.389999389648438,21.389999389648438,1570300
2026-01-09,21.3799991607666,21.600000381469727,20.90999984741211,21.0,21.0,1042500
2026-01-12,21.290000915527344,21.6299991607666,20.06999969482422,20.719999313354492,20.719999313354492,1451900
2026-01-13,20.34000015258789,20.540000915527344,19.56999969482422,20.469999313354492,20.469999313354492,1190900
2026-01-14,20.489999771118164,21.469999313354492,20.299999237060547,21.440000534057617,21.440000534057617,1289400
2026-01-15,21.239999771118164,21.489999771118164,20.610000610351562,20.670000076293945,20.670000076293945,1388800
2026-01-16,20.639999389648438,21.190000534057617,20.270000457763672,20.520000457763672,20.520000457763672,705300
2026-01-20,20.100000381469727,20.709999084472656,19.709999084472656,20.229999542236328,20.229999542236328,1142200
2026-01-21,20.209999084472656,20.6299991607666,20.065000534057617,20.520000457763672,20.520000457763672,1113300
2026-01-22,20.479999542236328,21.020000457763672,20.25,20.790000915527344,20.790000915527344,1295200
2026-01-23,20.700000762939453,21.0,19.950000762939453,20.25,20.25,1084200
2026-01-26,20.079999923706055,22.18000030517578,19.790000915527344,21.399999618530273,21.399999618530273,2512000
2026-01-27,21.15999984741211,21.4950008392334,20.65999984741211,21.309999465942383,21.309999465942383,696900
2026-01-28,21.299999237060547,21.40999984741211,20.4950008392334,20.549999237060547,20.549999237060547,863800
2026-01-29,20.437000274658203,21.049999237060547,20.229999542236328,20.59000015258789,20.59000015258789,1035500
2026-01-30,20.540000915527344,20.709999084472656,19.989999771118164,20.309999465942383,20.309999465942383,1996400
2026-02-02,20.309999465942383,21.68000030517578,20.309999465942383,21.350000381469727,21.350000381469727,1372700
2026-02-03,21.530000686645508,21.889999389648438,20.700000762939453,21.25,21.25,836200
2026-02-04,21.309999465942383,21.399999618530273,20.18000030517578,20.43000030517578,20.43000030517578,933000
2026-02-05,20.489999771118164,21.260000228881836,20.0,20.149999618530273,20.149999618530273,1669500
2026-02-06,20.479999542236328,21.25,20.25,21.010000228881836,21.010000228881836,1481000
2026-02-09,20.920000076293945,21.350000381469727,20.7450008392334,21.190000534057617,21.190000534057617,1085600
2026-02-10,21.09000015258789,22.0,21.010000228881836,21.31999969482422,21.31999969482422,1069100
2026-02-11,21.360000610351562,21.860000610351562,20.5,21.709999084472656,21.709999084472656,1687900
2026-02-12,21.829999923706055,21.829999923706055,20.950000762939453,21.139999389648438,21.139999389648438,957100
2026-02-13,21.040000915527344,21.389999389648438,20.43000030517578,20.479999542236328,20.479999542236328,1447400
2026-02-17,20.399999618530273,20.604999542236328,20.06999969482422,20.34000015258789,20.34000015258789,621300
2026-02-18,20.209999084472656,20.75,20.020000457763672,20.25,20.25,995800
2026-02-19,20.270000457763672,20.899999618530273,20.079999923706055,20.6299991607666,20.6299991607666,932000
2026-02-20,20.639999389648438,20.709999084472656,19.68000030517578,19.690000534057617,19.690000534057617,1722400
2026-02-23,19.84000015258789,20.399999618530273,19.454999923706055,19.899999618530273,19.899999618530273,813400
2026-02-24,19.969999313354492,20.635000228881836,19.780000686645508,20.530000686645508,20.530000686645508,665100
2026-02-25,20.6299991607666,20.799999237060547,20.299999237060547,20.75,20.75,1272800
2026-02-26,20.75,20.875,20.25,20.670000076293945,20.670000076293945,1358400
2026-02-27,20.0,21.760000228881836,19.209999084472656,21.709999084472656,21.709999084472656,2263000
2026-03-02,21.610000610351562,22.68000030517578,21.0,22.139999389648438,22.139999389648438,1684200
2026-03-03,21.959999084472656,22.389999389648438,21.0,21.399999618530273,21.399999618530273,1177400
2026-03-04,21.389999389648438,21.90999984741211,21.0,21.6200008392334,21.6200008392334,1041000
2026-03-05,21.309999465942383,21.604999542236328,21.0,21.579999923706055,21.579999923706055,1161800
2026-03-06,21.0,22.200000762939453,21.0,22.06999969482422,22.06999969482422,1390300
2026-03-09,22.530000686645508,24.84000015258789,22.209999084472656,23.8799991607666,23.8799991607666,2553600
2026-03-10,23.8799991607666,25.15999984741211,23.299999237060547,24.15999984741211,24.15999984741211,1785500
2026-03-11,24.010000228881836,24.440000534057617,23.459999084472656,24.440000534057617,24.440000534057617,1112700
2026-03-12,24.139999389648438,24.350000381469727,23.600000381469727,23.989999771118164,23.989999771118164,1770400
2026-03-13,24.239999771118164,24.43000030517578,23.0,23.5,23.5,1677700
2026-03-16,23.65999984741211,24.260000228881836,23.520000457763672,24.040000915527344,24.040000915527344,1265600
2026-03-17,23.93000030517578,24.110000610351562,23.3799991607666,23.770000457763672,23.770000457763672,1139300
2026-03-18,23.610000610351562,24.010000228881836,23.450000762939453,23.649999618530273,23.649999618530273,1295900
2026-03-19,23.649999618530273,24.18000030517578,23.325000762939453,24.0,24.0,1305200
2026-03-20,24.0,25.440000534057617,23.9950008392334,24.229999542236328,24.229999542236328,2937600
2026-03-23,24.389999389648438,25.0,23.985000610351562,24.09000015258789,24.09000015258789,918200
2026-03-24,23.87700080871582,24.405000686645508,23.600000381469727,24.020000457763672,24.020000457763672,1217200
2026-03-25,24.489999771118164,25.59000015258789,24.030000686645508,24.200000762939453,24.200000762939453,1558200
2026-03-26,23.90999984741211,25.31999969482422,23.889999389648438,24.700000762939453,24.700000762939453,1299300
2026-03-27,24.5,24.709999084472656,23.44499969482422,23.489999771118164,23.489999771118164,1234500
2026-03-30,23.56999969482422,23.56999969482422,22.399999618530273,22.479999542236328,22.479999542236328,1538900
2026-03-31,23.479999542236328,24.170000076293945,23.100000381469727,23.360000610351562,23.360000610351562,2725400
2026-04-01,23.90999984741211,24.524999618530273,23.139999389648438,23.8799991607666,23.8799991607666,2276000
2026-04-02,23.440000534057617,25.520000457763672,23.209999084472656,25.149999618530273,25.149999618530273,2093600
2026-04-06,25.079999923706055,25.5310001373291,24.200000762939453,24.290000915527344,24.290000915527344,1735300
2026-04-07,24.049999237060547,24.665000915527344,23.6299991607666,24.639999389648438,24.639999389648438,1202900
2026-04-08,24.940000534057617,25.3799991607666,24.200000762939453,24.559999465942383,24.559999465942383,1730200
2026-04-09,24.399999618530273,24.934999465942383,24.280000686645508,24.760000228881836,24.760000228881836,702700
2026-04-10,24.739999771118164,24.829999923706055,24.209999084472656,24.440000534057617,24.440000534057617,912000
2026-04-13,24.739999771118164,25.209999084472656,23.899999618530273,24.25,24.25,884600
2026-04-14,24.270000457763672,24.799999237060547,24.12299919128418,24.43000030517578,24.43000030517578,887900
2026-04-15,24.489999771118164,24.729999542236328,23.8799991607666,24.329999923706055,24.329999923706055,1464600
2026-04-16,24.350000381469727,24.350000381469727,23.459999084472656,23.809999465942383,23.809999465942383,824900
2026-04-17,24.299999237060547,24.579999923706055,23.5,24.229999542236328,24.229999542236328,1660300
2026-04-20,24.309999465942383,24.329999923706055,23.709999084472656,23.780000686645508,23.780000686645508,859600
2026-04-21,23.799999237060547,23.809999465942383,23.15999984741211,23.329999923706055,23.329999923706055,1192900
2026-04-22,23.5,23.700000762939453,21.764999389648438,22.079999923706055,22.079999923706055,2258500
2026-04-23,22.149999618530273,22.5049991607666,20.96500015258789,21.0,21.0,2488200
2026-04-24,21.06999969482422,21.59000015258789,20.709999084472656,21.389999389648438,21.389999389648438,1694100
2026-04-27,21.389999389648438,21.75,20.639999389648438,21.0,21.0,1317300
2026-04-28,21.209999084472656,21.6200008392334,20.93000030517578,21.110000610351562,21.110000610351562,1078000
2026-04-29,20.989999771118164,21.010000228881836,20.3700008392334,20.6299991607666,20.6299991607666,2437800
2026-04-30,20.920000076293945,21.549999237060547,20.700000762939453,21.43000030517578,21.43000030517578,1663300
2026-05-01,20.829999923706055,21.219999313354492,19.0,19.110000610351562,19.110000610351562,4675400
2026-05-04,19.1200008392334,20.459999084472656,19.1200008392334,19.959999084472656,19.959999084472656,2559200
2026-05-05,20.020000457763672,20.149999618530273,19.44499969482422,20.100000381469727,20.100000381469727,1601900
2026-05-06,20.110000610351562,20.665000915527344,19.65999984741211,20.649999618530273,20.649999618530273,1699200
2026-05-07,20.709999084472656,20.844999313354492,20.200000762939453,20.540000915527344,20.540000915527344,1187900
2026-05-08,20.540000915527344,21.860000610351562,20.479999542236328,21.489999771118164,21.489999771118164,2177600
2026-05-11,21.770000457763672,22.690000534057617,21.329999923706055,21.3799991607666,21.3799991607666,2157200
2026-05-12,21.3799991607666,21.5,20.170000076293945,20.40999984741211,20.40999984741211,1203700
2026-05-13,20.200000762939453,21.15999984741211,19.9950008392334,20.889999389648438,20.889999389648438,1539100
2026-05-14,20.899999618530273,21.239999771118164,20.440000534057617,20.549999237060547,20.549999237060547,2322900
2026-05-15,20.43000030517578,20.93000030517578,20.15999984741211,20.229999542236328,20.229999542236328,1842900
2026-05-18,20.239999771118164,20.829999923706055,19.3700008392334,19.40999984741211,19.40999984741211,1357100
2026-05-19,19.520000457763672,19.520000457763672,19.0,19.360000610351562,19.360000610351562,930100
2026-05-20,19.399999618530273,20.399999618530273,19.399999618530273,20.1299991607666,20.1299991607666,1028400
2026-05-21,20.059999465942383,20.139999389648438,19.690000534057617,19.770000457763672,19.770000457763672,1205000
2026-05-22,19.780000686645508,20.549999237060547,19.75,19.940000534057617,19.940000534057617,1146100
2026-05-26,19.989999771118164,20.364999771118164,19.65999984741211,19.899999618530273,19.899999618530273,850100
2026-05-27,19.899999618530273,20.424999237060547,19.510000228881836,19.610000610351562,19.610000610351562,1051800
2026-05-28,19.579999923706055,19.799999237060547,19.309999465942383,19.75,19.75,1017400
2026-05-29,19.75,19.8799991607666,19.43000030517578,19.59000015258789,19.59000015258789,861500
2026-06-01,19.25,19.56999969482422,18.600000381469727,18.850000381469727,18.850000381469727,1492700
2026-06-02,18.670000076293945,19.00200080871582,18.200000762939453,18.389999389648438,18.389999389648438,1361200
2026-06-03,18.579999923706055,18.579999923706055,18.100000381469727,18.34000015258789,18.34000015258789,1249500
2026-06-04,17.100000381469727,18.260000228881836,16.902999877929688,18.020000457763672,18.020000457763672,7795900
2026-06-05,18.1299991607666,18.1299991607666,17.110000610351562,17.34000015258789,17.34000015258789,2702300
2026-06-08,17.3799991607666,17.540000915527344,16.65999984741211,16.959999084472656,16.959999084472656,2338400
2026-06-09,17.299999237060547,18.06999969482422,17.104999542236328,17.690000534057617,17.690000534057617,1435500
2026-06-10,17.690000534057617,18.049999237060547,17.440000534057617,17.579999923706055,17.579999923706055,1395400
2026-06-11,17.3700008392334,18.110000610351562,17.309999465942383,17.90999984741211,17.90999984741211,1579400
2026-06-12,18.049999237060547,18.329999923706055,17.735000610351562,18.25,18.25,1048600
2026-06-15,18.219999313354492,18.549999237060547,18.010000228881836,18.479999542236328,18.479999542236328,1952700
2026-06-16,18.510000228881836,18.6200008392334,18.25,18.549999237060547,18.549999237060547,2166900
2026-06-17,18.670000076293945,19.290000915527344,18.635000228881836,19.040000915527344,19.040000915527344,1900500
2026-06-18,19.600000381469727,20.3700008392334,18.924999237060547,19.0,19.0,3994900
2026-06-22,19.209999084472656,19.59000015258789,18.940000534057617,19.31999969482422,19.31999969482422,1836500
2026-06-23,19.31999969482422,20.0,19.209999084472656,19.610000610351562,19.610000610351562,1015600
2026-06-24,19.729999542236328,20.719999313354492,19.649999618530273,19.979999542236328,19.979999542236328,2261400
2026-06-25,19.959999084472656,20.549999237060547,19.799999237060547,19.809999465942383,19.809999465942383,1473600
2026-06-26,20.09000015258789,21.360000610351562,19.920000076293945,21.309999465942383,21.309999465942383,4567200
2026-06-29,21.200000762939453,22.049999237060547,20.860000610351562,21.780000686645508,21.780000686645508,4121900
2026-06-30,21.979999542236328,22.334999084472656,21.6200008392334,21.860000610351562,21.860000610351562,2474200
2026-07-01,22.020000457763672,22.290000915527344,20.700000762939453,20.889999389648438,20.889999389648438,2168800
2026-07-02,20.940000534057617,21.850000381469727,20.709999084472656,21.81999969482422,21.81999969482422,2197400
2026-07-06,21.780000686645508,22.200000762939453,21.239999771118164,22.079999923706055,22.079999923706055,1572000
2026-07-07,22.3799991607666,23.469999313354492,22.03499984741211,23.239999771118164,23.239999771118164,2294500
2026-07-08,22.979999542236328,25.239999771118164,22.950000762939453,24.559999465942383,24.559999465942383,4017700
2026-07-09,24.780000686645508,25.170000076293945,24.325000762939453,24.84000015258789,24.84000015258789,1441200
2026-07-10,24.790000915527344,24.790000915527344,23.010000228881836,23.610000610351562,23.610000610351562,2100800
