date,open,high,low,close,adjclose,volume
2021-08-02,26.6200008392334,27.239999771118164,26.540000915527344,26.739999771118164,26.739999771118164,336700
2021-08-03,26.770000457763672,26.93000030517578,26.229999542236328,26.889999389648438,26.889999389648438,382900
2021-08-04,26.59000015258789,27.219999313354492,26.5,27.18000030517578,27.18000030517578,508200
2021-08-05,27.270000457763672,28.559999465942383,26.309999465942383,26.59000015258789,26.59000015258789,442500
2021-08-06,26.780000686645508,27.0,26.270000457763672,26.399999618530273,26.399999618530273,470000
2021-08-09,26.299999237060547,26.299999237060547,25.610000610351562,25.729999542236328,25.729999542236328,500400
2021-08-10,25.600000381469727,25.639999389648438,24.579999923706055,24.649999618530273,24.649999618530273,513000
2021-08-11,24.770000457763672,24.770000457763672,24.229999542236328,24.530000686645508,24.530000686645508,329600
2021-08-12,24.459999084472656,24.93000030517578,23.829999923706055,24.889999389648438,24.889999389648438,407900
2021-08-13,25.059999465942383,25.139999389648438,24.520000457763672,24.739999771118164,24.739999771118164,351900
2021-08-16,24.600000381469727,25.190000534057617,24.25,24.700000762939453,24.700000762939453,299300
2021-08-17,24.440000534057617,24.809999465942383,24.25,24.6299991607666,24.6299991607666,418100
2021-08-18,24.690000534057617,24.829999923706055,24.0,24.020000457763672,24.020000457763672,270100
2021-08-19,24.690000534057617,24.690000534057617,23.489999771118164,23.540000915527344,23.540000915527344,387700
2021-08-20,23.3799991607666,24.280000686645508,23.149999618530273,24.09000015258789,24.09000015258789,365800
2021-08-23,24.5,25.15999984741211,24.260000228881836,25.09000015258789,25.09000015258789,314900
2021-08-24,25.030000686645508,25.100000381469727,24.40999984741211,25.100000381469727,25.100000381469727,327900
2021-08-25,25.040000915527344,25.850000381469727,24.899999618530273,25.450000762939453,25.450000762939453,273300
2021-08-26,25.450000762939453,25.649999618530273,24.959999084472656,25.09000015258789,25.09000015258789,185500
2021-08-27,25.030000686645508,26.579999923706055,24.93000030517578,26.479999542236328,26.479999542236328,722300
2021-08-30,26.450000762939453,26.989999771118164,26.200000762939453,26.40999984741211,26.40999984741211,509300
2021-08-31,26.459999084472656,27.639999389648438,26.459999084472656,27.530000686645508,27.530000686645508,824800
2021-09-01,27.440000534057617,27.950000762939453,27.020000457763672,27.799999237060547,27.799999237060547,615500
2021-09-02,27.940000534057617,28.3799991607666,27.399999618530273,27.68000030517578,27.68000030517578,346700
2021-09-03,27.559999465942383,27.700000762939453,26.889999389648438,27.459999084472656,27.459999084472656,347400
2021-09-07,27.43000030517578,27.739999771118164,27.219999313354492,27.290000915527344,27.290000915527344,461500
2021-09-08,27.219999313354492,27.520000457763672,26.989999771118164,27.030000686645508,27.030000686645508,382800
2021-09-09,27.010000228881836,27.579999923706055,26.889999389648438,27.360000610351562,27.360000610351562,447400
2021-09-10,27.549999237060547,27.799999237060547,26.559999465942383,26.59000015258789,26.59000015258789,318700
2021-09-13,26.6200008392334,26.899999618530273,26.34000015258789,26.889999389648438,26.889999389648438,183200
2021-09-14,27.049999237060547,27.31999969482422,26.799999237060547,26.93000030517578,26.93000030517578,276900
2021-09-15,26.90999984741211,27.530000686645508,26.90999984741211,27.010000228881836,27.010000228881836,280900
2021-09-16,27.030000686645508,27.360000610351562,26.600000381469727,27.190000534057617,27.190000534057617,230700
2021-09-17,27.239999771118164,27.459999084472656,26.520000457763672,27.280000686645508,27.280000686645508,928300
2021-09-20,26.850000381469727,27.219999313354492,26.6299991607666,26.81999969482422,26.81999969482422,419600
2021-09-21,26.93000030517578,27.3799991607666,26.850000381469727,27.260000228881836,27.260000228881836,150700
2021-09-22,27.360000610351562,27.510000228881836,27.09000015258789,27.110000610351562,27.110000610351562,215000
2021-09-23,27.229999542236328,27.489999771118164,26.889999389648438,26.93000030517578,26.93000030517578,253100
2021-09-24,26.84000015258789,27.81999969482422,26.690000534057617,27.809999465942383,27.809999465942383,535400
2021-09-27,27.850000381469727,28.56999969482422,27.84000015258789,27.959999084472656,27.959999084472656,284100
2021-09-28,27.850000381469727,27.850000381469727,27.059999465942383,27.100000381469727,27.100000381469727,352900
2021-09-29,27.219999313354492,27.25,26.770000457763672,26.850000381469727,26.850000381469727,298700
2021-09-30,26.860000610351562,27.100000381469727,26.329999923706055,26.670000076293945,26.670000076293945,280200
2021-10-01,26.670000076293945,27.510000228881836,26.610000610351562,27.219999313354492,27.219999313354492,326000
2021-10-04,27.1299991607666,27.360000610351562,26.559999465942383,26.65999984741211,26.65999984741211,204300
2021-10-05,26.530000686645508,27.059999465942383,26.329999923706055,26.739999771118164,26.739999771118164,227400
2021-10-06,26.510000228881836,26.729999542236328,26.1299991607666,26.440000534057617,26.440000534057617,285200
2021-10-07,26.520000457763672,27.059999465942383,26.520000457763672,26.81999969482422,26.81999969482422,343700
2021-10-08,26.959999084472656,27.18000030517578,26.299999237060547,26.3700008392334,26.3700008392334,263300
2021-10-11,26.420000076293945,28.6200008392334,26.31999969482422,28.420000076293945,28.420000076293945,628400
2021-10-12,28.959999084472656,30.110000610351562,28.670000076293945,30.020000457763672,30.020000457763672,686100
2021-10-13,30.170000076293945,30.309999465942383,29.6200008392334,30.15999984741211,30.15999984741211,421700
2021-10-14,30.450000762939453,31.329999923706055,30.15999984741211,31.06999969482422,31.06999969482422,532300
2021-10-15,31.440000534057617,32.31999969482422,31.040000915527344,31.65999984741211,31.65999984741211,645500
2021-10-18,31.309999465942383,31.56999969482422,30.670000076293945,30.68000030517578,30.68000030517578,464000
2021-10-19,30.68000030517578,30.739999771118164,29.59000015258789,29.65999984741211,29.65999984741211,423100
2021-10-20,29.59000015258789,30.15999984741211,29.350000381469727,29.899999618530273,29.899999618530273,343300
2021-10-21,29.90999984741211,30.1200008392334,29.200000762939453,29.3799991607666,29.3799991607666,363900
2021-10-22,29.479999542236328,30.010000228881836,29.309999465942383,29.799999237060547,29.799999237060547,301200
2021-10-25,29.81999969482422,30.139999389648438,29.450000762939453,30.1299991607666,30.1299991607666,200300
2021-10-26,30.229999542236328,30.229999542236328,29.469999313354492,30.030000686645508,30.030000686645508,289000
2021-10-27,29.899999618530273,30.299999237060547,29.31999969482422,29.360000610351562,29.360000610351562,345800
2021-10-28,30.100000381469727,30.239999771118164,29.1299991607666,29.520000457763672,29.520000457763672,226900
2021-10-29,29.520000457763672,29.90999984741211,29.200000762939453,29.850000381469727,29.850000381469727,296300
2021-11-01,30.0,30.489999771118164,29.649999618530273,30.34000015258789,30.34000015258789,376400
2021-11-02,30.3700008392334,30.780000686645508,29.709999084472656,30.059999465942383,30.059999465942383,327500
2021-11-03,29.75,30.440000534057617,29.350000381469727,30.030000686645508,30.030000686645508,519100
2021-11-04,32.7400016784668,32.7400016784668,29.3700008392334,31.559999465942383,31.559999465942383,877500
2021-11-05,31.600000381469727,32.75,31.190000534057617,32.20000076293945,32.20000076293945,504800
2021-11-08,32.220001220703125,33.61000061035156,32.220001220703125,33.560001373291016,33.560001373291016,763900
2021-11-09,33.52000045776367,34.25,32.9900016784668,33.880001068115234,33.880001068115234,416600
2021-11-10,33.61000061035156,33.900001525878906,32.650001525878906,32.97999954223633,32.97999954223633,337500
2021-11-11,32.88999938964844,33.880001068115234,32.290000915527344,33.2400016784668,33.2400016784668,328400
2021-11-12,33.34000015258789,33.7599983215332,32.52000045776367,32.779998779296875,32.779998779296875,284500
2021-11-15,32.65999984741211,32.91999816894531,31.969999313354492,32.59000015258789,32.59000015258789,287900
2021-11-16,32.58000183105469,34.38999938964844,31.649999618530273,34.220001220703125,34.220001220703125,653300
2021-11-17,34.189998626708984,34.5,33.79999923706055,33.90999984741211,33.90999984741211,422100
2021-11-18,33.7599983215332,33.88999938964844,32.709999084472656,32.849998474121094,32.849998474121094,479800
2021-11-19,32.75,33.68000030517578,31.540000915527344,33.470001220703125,33.470001220703125,421600
2021-11-22,33.56999969482422,34.18000030517578,32.369998931884766,32.5,32.5,343600
2021-11-23,32.20000076293945,32.29999923706055,31.309999465942383,32.04999923706055,32.04999923706055,464600
2021-11-24,31.969999313354492,32.09000015258789,31.469999313354492,31.940000534057617,31.940000534057617,271100
2021-11-26,31.049999237060547,31.530000686645508,29.93000030517578,30.610000610351562,30.610000610351562,475900
2021-11-29,30.760000228881836,31.299999237060547,30.200000762939453,30.450000762939453,30.450000762939453,452800
2021-11-30,30.489999771118164,30.799999237060547,29.520000457763672,29.969999313354492,29.969999313354492,687200
2021-12-01,31.239999771118164,32.40999984741211,30.56999969482422,30.850000381469727,30.850000381469727,588000
2021-12-02,30.690000534057617,31.530000686645508,30.079999923706055,31.18000030517578,31.18000030517578,428200
2021-12-03,31.200000762939453,31.399999618530273,29.350000381469727,30.389999389648438,30.389999389648438,642600
2021-12-06,30.18000030517578,30.43000030517578,29.329999923706055,30.06999969482422,30.06999969482422,646100
2021-12-07,30.190000534057617,31.18000030517578,30.0,30.969999313354492,30.969999313354492,328300
2021-12-08,30.989999771118164,31.40999984741211,30.469999313354492,31.0,31.0,252000
2021-12-09,30.850000381469727,30.889999389648438,29.84000015258789,29.84000015258789,29.84000015258789,238800
2021-12-10,29.90999984741211,30.010000228881836,28.649999618530273,28.889999389648438,28.889999389648438,363400
2021-12-13,28.690000534057617,28.989999771118164,27.940000534057617,28.0,28.0,707900
2021-12-14,27.75,28.420000076293945,27.1299991607666,28.18000030517578,28.18000030517578,595000
2021-12-15,28.1299991607666,28.770000457763672,27.770000457763672,28.639999389648438,28.639999389648438,374100
2021-12-16,28.690000534057617,29.31999969482422,27.739999771118164,28.290000915527344,28.290000915527344,477200
2021-12-17,28.260000228881836,29.200000762939453,27.170000076293945,28.690000534057617,28.690000534057617,1721900
2021-12-20,28.670000076293945,29.860000610351562,28.139999389648438,29.739999771118164,29.739999771118164,523900
2021-12-21,30.25,30.309999465942383,29.389999389648438,29.68000030517578,29.68000030517578,432100
2021-12-22,29.729999542236328,30.93000030517578,29.280000686645508,30.729999542236328,30.729999542236328,406700
2021-12-23,30.6299991607666,31.100000381469727,30.229999542236328,30.799999237060547,30.799999237060547,130700
2021-12-27,30.860000610351562,31.479999542236328,30.690000534057617,31.020000457763672,31.020000457763672,315500
2021-12-28,30.920000076293945,31.25,30.360000610351562,30.40999984741211,30.40999984741211,196000
2021-12-29,30.139999389648438,30.260000228881836,29.149999618530273,30.040000915527344,30.040000915527344,205600
2021-12-30,29.850000381469727,30.489999771118164,29.850000381469727,30.030000686645508,30.030000686645508,195800
2021-12-31,29.989999771118164,30.260000228881836,29.079999923706055,29.15999984741211,29.15999984741211,333100
2022-01-03,29.170000076293945,30.40999984741211,29.100000381469727,30.079999923706055,30.079999923706055,496800
2022-01-04,30.110000610351562,30.559999465942383,29.020000457763672,29.459999084472656,29.459999084472656,307200
2022-01-05,29.420000076293945,30.229999542236328,29.0,29.1200008392334,29.1200008392334,263700
2022-01-06,29.09000015258789,29.510000228881836,28.34000015258789,28.510000228881836,28.510000228881836,305100
2022-01-07,28.399999618530273,29.81999969482422,28.059999465942383,29.729999542236328,29.729999542236328,299900
2022-01-10,29.729999542236328,30.31999969482422,29.329999923706055,29.790000915527344,29.790000915527344,423000
2022-01-11,29.84000015258789,30.469999313354492,29.56999969482422,30.229999542236328,30.229999542236328,281000
2022-01-12,30.309999465942383,30.389999389648438,29.5,29.670000076293945,29.670000076293945,198600
2022-01-13,29.649999618530273,29.940000534057617,29.139999389648438,29.200000762939453,29.200000762939453,177800
2022-01-14,29.0,30.40999984741211,29.0,30.360000610351562,30.360000610351562,315000
2022-01-18,30.079999923706055,30.56999969482422,29.190000534057617,29.25,29.25,505200
2022-01-19,29.270000457763672,29.610000610351562,28.959999084472656,29.149999618530273,29.149999618530273,293000
2022-01-20,29.190000534057617,30.110000610351562,29.100000381469727,29.219999313354492,29.219999313354492,589600
2022-01-21,29.0,30.440000534057617,29.0,29.649999618530273,29.649999618530273,567500
2022-01-24,29.15999984741211,29.3799991607666,27.93000030517578,29.139999389648438,29.139999389648438,606700
2022-01-25,28.93000030517578,29.850000381469727,28.34000015258789,29.700000762939453,29.700000762939453,491900
2022-01-26,30.229999542236328,30.700000762939453,29.15999984741211,29.350000381469727,29.350000381469727,357600
2022-01-27,29.34000015258789,29.65999984741211,28.8700008392334,29.020000457763672,29.020000457763672,368000
2022-01-28,29.020000457763672,30.75,28.940000534057617,30.709999084472656,30.709999084472656,480900
2022-01-31,30.360000610351562,31.049999237060547,30.200000762939453,30.850000381469727,30.850000381469727,603100
2022-02-01,31.030000686645508,31.780000686645508,30.559999465942383,31.75,31.75,431500
2022-02-02,31.65999984741211,32.209999084472656,30.6299991607666,31.360000610351562,31.360000610351562,366400
2022-02-03,31.139999389648438,31.31999969482422,30.010000228881836,30.09000015258789,30.09000015258789,342400
2022-02-04,30.15999984741211,31.209999084472656,29.81999969482422,30.93000030517578,30.93000030517578,280600
2022-02-07,30.540000915527344,31.329999923706055,30.540000915527344,31.190000534057617,31.190000534057617,215800
2022-02-08,31.079999923706055,31.770000457763672,30.899999618530273,31.25,31.25,454700
2022-02-09,31.5,31.889999389648438,31.219999313354492,31.34000015258789,31.34000015258789,278600
2022-02-10,30.8700008392334,31.40999984741211,30.489999771118164,30.639999389648438,30.639999389648438,264100
2022-02-11,30.280000686645508,30.75,30.139999389648438,30.190000534057617,30.190000534057617,396100
2022-02-14,30.40999984741211,30.43000030517578,29.639999389648438,30.170000076293945,30.170000076293945,423700
2022-02-15,30.420000076293945,30.729999542236328,30.190000534057617,30.549999237060547,30.549999237060547,329200
2022-02-16,30.5,31.0,30.09000015258789,30.84000015258789,30.84000015258789,302500
2022-02-17,30.579999923706055,31.920000076293945,30.540000915527344,31.1200008392334,31.1200008392334,656800
2022-02-18,31.049999237060547,33.29999923706055,31.049999237060547,32.900001525878906,32.900001525878906,1149400
2022-02-22,32.65999984741211,33.150001525878906,31.899999618530273,32.20000076293945,32.20000076293945,652800
2022-02-23,32.27000045776367,32.650001525878906,31.5,31.639999389648438,31.639999389648438,375500
2022-02-24,30.450000762939453,32.25,30.450000762939453,32.18000030517578,32.18000030517578,380700
2022-02-25,31.639999389648438,31.93000030517578,30.440000534057617,30.969999313354492,30.969999313354492,952000
2022-02-28,30.81999969482422,32.56999969482422,30.799999237060547,31.950000762939453,31.950000762939453,660500
2022-03-01,28.780000686645508,30.549999237060547,27.8700008392334,29.700000762939453,29.700000762939453,2197900
2022-03-02,29.600000381469727,30.719999313354492,29.440000534057617,30.389999389648438,30.389999389648438,462100
2022-03-03,30.579999923706055,31.15999984741211,29.790000915527344,30.290000915527344,30.290000915527344,536700
2022-03-04,30.030000686645508,30.280000686645508,29.690000534057617,30.239999771118164,30.239999771118164,390400
2022-03-07,30.299999237060547,30.459999084472656,29.600000381469727,30.079999923706055,30.079999923706055,551500
2022-03-08,30.1299991607666,30.84000015258789,29.90999984741211,30.020000457763672,30.020000457763672,406700
2022-03-09,30.1200008392334,30.829999923706055,30.010000228881836,30.559999465942383,30.559999465942383,405400
2022-03-10,30.280000686645508,31.610000610351562,30.059999465942383,31.450000762939453,31.450000762939453,434800
2022-03-11,31.450000762939453,31.959999084472656,30.950000762939453,30.969999313354492,30.969999313354492,326800
2022-03-14,31.280000686645508,31.440000534057617,29.979999542236328,30.110000610351562,30.110000610351562,280500
2022-03-15,30.149999618530273,30.350000381469727,29.93000030517578,30.18000030517578,30.18000030517578,176200
2022-03-16,30.18000030517578,31.350000381469727,29.959999084472656,31.079999923706055,31.079999923706055,314100
2022-03-17,30.969999313354492,31.43000030517578,30.8799991607666,31.280000686645508,31.280000686645508,255600
2022-03-18,31.40999984741211,31.709999084472656,31.030000686645508,31.25,31.25,524500
2022-03-21,31.309999465942383,31.8700008392334,31.010000228881836,31.170000076293945,31.170000076293945,259100
2022-03-22,31.15999984741211,31.6299991607666,30.899999618530273,31.459999084472656,31.459999084472656,214100
2022-03-23,31.510000228881836,32.22999954223633,31.31999969482422,31.510000228881836,31.510000228881836,252600
2022-03-24,31.670000076293945,32.45000076293945,31.350000381469727,32.27000045776367,32.27000045776367,297300
2022-03-25,32.16999816894531,32.27000045776367,31.739999771118164,32.029998779296875,32.029998779296875,177200
2022-03-28,31.989999771118164,32.400001525878906,31.6299991607666,32.02000045776367,32.02000045776367,208100
2022-03-29,32.150001525878906,33.09000015258789,32.150001525878906,32.540000915527344,32.540000915527344,336400
2022-03-30,32.560001373291016,32.810001373291016,32.13999938964844,32.400001525878906,32.400001525878906,278900
2022-03-31,32.52000045776367,32.970001220703125,32.060001373291016,32.31999969482422,32.31999969482422,361300
2022-04-01,32.34000015258789,32.619998931884766,31.8700008392334,32.18000030517578,32.18000030517578,753700
2022-04-04,32.220001220703125,32.599998474121094,31.729999542236328,31.889999389648438,31.889999389648438,349000
2022-04-05,31.90999984741211,32.709999084472656,31.770000457763672,32.18000030517578,32.18000030517578,475300
2022-04-06,32.18000030517578,34.25,31.709999084472656,34.040000915527344,34.040000915527344,718900
2022-04-07,33.81999969482422,34.45000076293945,33.709999084472656,34.25,34.25,607600
2022-04-08,34.310001373291016,34.43000030517578,33.40999984741211,33.52000045776367,33.52000045776367,612100
2022-04-11,33.349998474121094,33.36000061035156,31.739999771118164,31.84000015258789,31.84000015258789,445600
2022-04-12,31.889999389648438,32.59000015258789,31.850000381469727,32.08000183105469,32.08000183105469,412400
2022-04-13,32.099998474121094,32.86000061035156,31.969999313354492,32.630001068115234,32.630001068115234,524200
2022-04-14,32.470001220703125,32.900001525878906,30.940000534057617,31.100000381469727,31.100000381469727,537800
2022-04-18,31.010000228881836,31.049999237060547,29.209999084472656,29.299999237060547,29.299999237060547,648800
2022-04-19,29.170000076293945,29.420000076293945,28.530000686645508,29.18000030517578,29.18000030517578,637400
2022-04-20,29.389999389648438,30.049999237060547,29.350000381469727,29.649999618530273,29.649999618530273,503800
2022-04-21,29.719999313354492,30.31999969482422,29.270000457763672,29.600000381469727,29.600000381469727,381900
2022-04-22,29.440000534057617,29.989999771118164,29.139999389648438,29.479999542236328,29.479999542236328,464500
2022-04-25,29.209999084472656,29.459999084472656,28.739999771118164,29.290000915527344,29.290000915527344,501300
2022-04-26,29.170000076293945,29.5,28.18000030517578,28.350000381469727,28.350000381469727,416200
2022-04-27,28.420000076293945,28.729999542236328,28.06999969482422,28.170000076293945,28.170000076293945,308400
2022-04-28,28.299999237060547,28.579999923706055,27.670000076293945,28.420000076293945,28.420000076293945,282600
2022-04-29,28.040000915527344,28.68000030517578,27.520000457763672,27.899999618530273,27.899999618530273,383400
2022-05-02,28.030000686645508,29.34000015258789,27.959999084472656,28.8799991607666,28.8799991607666,600100
2022-05-03,30.030000686645508,30.389999389648438,28.31999969482422,28.93000030517578,28.93000030517578,377100
2022-05-04,28.809999465942383,29.350000381469727,27.969999313354492,29.219999313354492,29.219999313354492,244500
2022-05-05,29.170000076293945,29.170000076293945,27.739999771118164,28.030000686645508,28.030000686645508,394100
2022-05-06,27.989999771118164,27.989999771118164,26.6200008392334,27.479999542236328,27.479999542236328,757700
2022-05-09,27.34000015258789,27.34000015258789,25.93000030517578,26.3700008392334,26.3700008392334,531700
2022-05-10,26.459999084472656,27.209999084472656,25.299999237060547,25.829999923706055,25.829999923706055,881300
2022-05-11,25.65999984741211,26.579999923706055,24.950000762939453,25.329999923706055,25.329999923706055,513000
2022-05-12,25.309999465942383,26.489999771118164,25.079999923706055,26.450000762939453,26.450000762939453,576900
2022-05-13,26.489999771118164,27.06999969482422,26.030000686645508,26.790000915527344,26.790000915527344,1023700
2022-05-16,26.950000762939453,27.530000686645508,26.600000381469727,27.440000534057617,27.440000534057617,432300
2022-05-17,27.600000381469727,28.309999465942383,27.18000030517578,28.299999237060547,28.299999237060547,556000
2022-05-18,27.709999084472656,27.989999771118164,26.8799991607666,26.950000762939453,26.950000762939453,800200
2022-05-19,26.68000030517578,27.610000610351562,26.5,27.110000610351562,27.110000610351562,453400
2022-05-20,27.399999618530273,27.709999084472656,26.90999984741211,27.479999542236328,27.479999542236328,376400
2022-05-23,27.81999969482422,27.81999969482422,27.020000457763672,27.149999618530273,27.149999618530273,360100
2022-05-24,27.059999465942383,27.170000076293945,26.440000534057617,26.979999542236328,26.979999542236328,253400
2022-05-25,26.889999389648438,27.360000610351562,26.360000610351562,27.270000457763672,27.270000457763672,303100
2022-05-26,27.780000686645508,27.90999984741211,27.329999923706055,27.450000762939453,27.450000762939453,332100
2022-05-27,27.450000762939453,28.489999771118164,27.420000076293945,28.399999618530273,28.399999618530273,229700
2022-05-31,28.290000915527344,28.450000762939453,27.649999618530273,27.8700008392334,27.8700008392334,328300
2022-06-01,28.200000762939453,28.3700008392334,27.40999984741211,27.979999542236328,27.979999542236328,415900
2022-06-02,27.8700008392334,28.260000228881836,27.459999084472656,28.110000610351562,28.110000610351562,288300
2022-06-03,27.899999618530273,28.479999542236328,26.8799991607666,28.280000686645508,28.280000686645508,223800
2022-06-06,28.489999771118164,28.610000610351562,27.899999618530273,27.969999313354492,27.969999313354492,250000
2022-06-07,28.040000915527344,28.68000030517578,27.760000228881836,28.65999984741211,28.65999984741211,187600
2022-06-08,28.43000030517578,28.540000915527344,28.0,28.219999313354492,28.219999313354492,284400
2022-06-09,28.229999542236328,28.56999969482422,27.829999923706055,27.8799991607666,27.8799991607666,230000
2022-06-10,27.420000076293945,27.760000228881836,26.860000610351562,27.149999618530273,27.149999618530273,303600
2022-06-13,26.5,26.780000686645508,25.799999237060547,26.510000228881836,26.510000228881836,388000
2022-06-14,26.56999969482422,26.639999389648438,26.059999465942383,26.43000030517578,26.43000030517578,329200
2022-06-15,26.850000381469727,27.81999969482422,26.489999771118164,27.43000030517578,27.43000030517578,285200
2022-06-16,26.93000030517578,27.510000228881836,26.270000457763672,26.489999771118164,26.489999771118164,297200
2022-06-17,26.65999984741211,27.459999084472656,26.65999984741211,27.020000457763672,27.020000457763672,560300
2022-06-21,27.1299991607666,27.81999969482422,26.719999313354492,27.540000915527344,27.540000915527344,237300
2022-06-22,27.459999084472656,28.280000686645508,27.270000457763672,27.760000228881836,27.760000228881836,274000
2022-06-23,27.719999313354492,28.549999237060547,27.389999389648438,28.389999389648438,28.389999389648438,234200
2022-06-24,28.579999923706055,28.850000381469727,28.299999237060547,28.399999618530273,28.399999618530273,498500
2022-06-27,28.559999465942383,29.270000457763672,27.729999542236328,28.989999771118164,28.989999771118164,361400
2022-06-28,29.1299991607666,29.270000457763672,28.229999542236328,28.3799991607666,28.3799991607666,197500
2022-06-29,28.399999618530273,28.540000915527344,27.850000381469727,28.5,28.5,232900
2022-06-30,28.100000381469727,29.030000686645508,27.81999969482422,28.920000076293945,28.920000076293945,545300
2022-07-01,28.809999465942383,29.450000762939453,28.440000534057617,29.350000381469727,29.350000381469727,327000
2022-07-05,29.149999618530273,29.850000381469727,29.0,29.799999237060547,29.799999237060547,361600
2022-07-06,29.860000610351562,30.520000457763672,29.219999313354492,30.5,30.5,299800
2022-07-07,30.459999084472656,30.700000762939453,30.079999923706055,30.110000610351562,30.110000610351562,364100
2022-07-08,29.899999618530273,30.170000076293945,29.56999969482422,30.149999618530273,30.149999618530273,279500
2022-07-11,30.309999465942383,30.520000457763672,29.59000015258789,29.6200008392334,29.6200008392334,233900
2022-07-12,29.540000915527344,29.6299991607666,28.850000381469727,29.09000015258789,29.09000015258789,318900
2022-07-13,28.760000228881836,29.239999771118164,28.760000228881836,28.969999313354492,28.969999313354492,218000
2022-07-14,28.579999923706055,29.219999313354492,28.15999984741211,28.790000915527344,28.790000915527344,193600
2022-07-15,29.270000457763672,29.75,28.920000076293945,29.68000030517578,29.68000030517578,270200
2022-07-18,29.670000076293945,29.93000030517578,28.950000762939453,29.139999389648438,29.139999389648438,224200
2022-07-19,29.280000686645508,30.040000915527344,29.280000686645508,29.950000762939453,29.950000762939453,265700
2022-07-20,29.950000762939453,29.950000762939453,28.639999389648438,29.510000228881836,29.510000228881836,291300
2022-07-21,29.709999084472656,29.93000030517578,29.290000915527344,29.8799991607666,29.8799991607666,263600
2022-07-22,29.899999618530273,30.5,29.739999771118164,30.450000762939453,30.450000762939453,414500
2022-07-25,30.469999313354492,30.8799991607666,30.200000762939453,30.549999237060547,30.549999237060547,420300
2022-07-26,30.270000457763672,31.399999618530273,30.270000457763672,31.040000915527344,31.040000915527344,242600
2022-07-27,31.0,31.68000030517578,30.56999969482422,31.329999923706055,31.329999923706055,291400
2022-07-28,31.350000381469727,31.670000076293945,31.06999969482422,31.459999084472656,31.459999084472656,236500
2022-07-29,31.469999313354492,31.81999969482422,30.979999542236328,31.75,31.75,438100
2022-08-01,31.75,31.969999313354492,31.059999465942383,31.5,31.5,319700
2022-08-02,31.329999923706055,32.25,31.170000076293945,31.959999084472656,31.959999084472656,354500
2022-08-03,32.040000915527344,32.90999984741211,31.510000228881836,32.02000045776367,32.02000045776367,839900
2022-08-04,32.06999969482422,32.97999954223633,31.959999084472656,32.810001373291016,32.810001373291016,518100
2022-08-05,32.0,33.0,30.549999237060547,32.15999984741211,32.15999984741211,652200
2022-08-08,32.16999816894531,32.779998779296875,30.950000762939453,31.270000457763672,31.270000457763672,630600
2022-08-09,31.270000457763672,31.65999984741211,30.8799991607666,31.020000457763672,31.020000457763672,441400
2022-08-10,31.34000015258789,31.700000762939453,30.639999389648438,31.59000015258789,31.59000015258789,412300
2022-08-11,31.450000762939453,31.90999984741211,31.100000381469727,31.260000228881836,31.260000228881836,295200
2022-08-12,31.43000030517578,32.790000915527344,31.059999465942383,32.790000915527344,32.790000915527344,512500
2022-08-15,32.75,34.189998626708984,32.099998474121094,33.9900016784668,33.9900016784668,763200
2022-08-16,34.209999084472656,34.2599983215332,33.369998931884766,33.97999954223633,33.97999954223633,363200
2022-08-17,33.75,33.88999938964844,33.0,33.5099983215332,33.5099983215332,341200
2022-08-18,33.540000915527344,33.939998626708984,33.31999969482422,33.86000061035156,33.86000061035156,245300
2022-08-19,33.95000076293945,35.54999923706055,33.63999938964844,35.5099983215332,35.5099983215332,536500
2022-08-22,35.61000061035156,36.08000183105469,35.15999984741211,35.290000915527344,35.290000915527344,461300
2022-08-23,35.2400016784668,35.599998474121094,34.59000015258789,35.130001068115234,35.130001068115234,408300
2022-08-24,35.25,35.459999084472656,35.099998474121094,35.20000076293945,35.20000076293945,264500
2022-08-25,35.20000076293945,35.25,34.4900016784668,35.060001373291016,35.060001373291016,233100
2022-08-26,35.209999084472656,35.209999084472656,33.54999923706055,33.84000015258789,33.84000015258789,299800
2022-08-29,33.56999969482422,34.15999984741211,33.400001525878906,33.75,33.75,485000
2022-08-30,33.709999084472656,33.709999084472656,32.83000183105469,33.5,33.5,512900
2022-08-31,34.150001525878906,35.060001373291016,34.0,34.22999954223633,34.22999954223633,557000
2022-09-01,34.060001373291016,35.06999969482422,33.52000045776367,35.040000915527344,35.040000915527344,465200
2022-09-02,35.18000030517578,35.34000015258789,34.15999984741211,34.38999938964844,34.38999938964844,207300
2022-09-06,34.4900016784668,34.4900016784668,33.689998626708984,34.11000061035156,34.11000061035156,280100
2022-09-07,34.220001220703125,34.939998626708984,33.75,34.220001220703125,34.220001220703125,418500
2022-09-08,34.279998779296875,34.90999984741211,33.959999084472656,34.54999923706055,34.54999923706055,279000
2022-09-09,34.70000076293945,35.189998626708984,34.5,34.650001525878906,34.650001525878906,267200
2022-09-12,34.810001373291016,35.72999954223633,34.54999923706055,35.11000061035156,35.11000061035156,476600
2022-09-13,34.529998779296875,34.88999938964844,33.470001220703125,34.630001068115234,34.630001068115234,292900
2022-09-14,34.68000030517578,35.119998931884766,34.529998779296875,34.630001068115234,34.630001068115234,249500
2022-09-15,34.689998626708984,34.939998626708984,34.540000915527344,34.83000183105469,34.83000183105469,222300
2022-09-16,34.599998474121094,35.040000915527344,34.06999969482422,34.900001525878906,34.900001525878906,863500
2022-09-19,34.689998626708984,35.529998779296875,34.5099983215332,35.40999984741211,35.40999984741211,441500
2022-09-20,35.40999984741211,35.40999984741211,34.099998474121094,34.54999923706055,34.54999923706055,391600
2022-09-21,34.599998474121094,35.22999954223633,34.279998779296875,34.290000915527344,34.290000915527344,317000
2022-09-22,34.15999984741211,34.43000030517578,32.650001525878906,32.939998626708984,32.939998626708984,588800
2022-09-23,32.90999984741211,33.13999938964844,32.150001525878906,33.08000183105469,33.08000183105469,441800
2022-09-26,32.88999938964844,33.459999084472656,32.47999954223633,32.540000915527344,32.540000915527344,271800
2022-09-27,32.59000015258789,33.150001525878906,31.440000534057617,31.799999237060547,31.799999237060547,701300
2022-09-28,31.850000381469727,33.880001068115234,31.850000381469727,33.40999984741211,33.40999984741211,544400
2022-09-29,33.06999969482422,33.310001373291016,32.41999816894531,33.279998779296875,33.279998779296875,401200
2022-09-30,33.380001068115234,34.33000183105469,33.310001373291016,33.849998474121094,33.849998474121094,723900
2022-10-03,34.0099983215332,34.0099983215332,33.02000045776367,33.5,33.5,420600
2022-10-04,33.79999923706055,34.61000061035156,33.65999984741211,34.2599983215332,34.2599983215332,380200
2022-10-05,33.9900016784668,34.31999969482422,33.619998931884766,33.75,33.75,465100
2022-10-06,33.790000915527344,34.099998474121094,33.52000045776367,34.06999969482422,34.06999969482422,469900
2022-10-07,34.220001220703125,34.31999969482422,33.290000915527344,33.290000915527344,33.290000915527344,433200
2022-10-10,30.15999984741211,33.58000183105469,30.0,31.739999771118164,31.739999771118164,1045900
2022-10-11,31.43000030517578,31.81999969482422,30.309999465942383,31.309999465942383,31.309999465942383,627700
2022-10-12,31.43000030517578,31.43000030517578,30.93000030517578,31.09000015258789,31.09000015258789,264200
2022-10-13,30.719999313354492,32.58000183105469,30.530000686645508,32.13999938964844,32.13999938964844,396300
2022-10-14,32.06999969482422,32.70000076293945,31.8799991607666,32.459999084472656,32.459999084472656,366600
2022-10-17,32.81999969482422,33.61000061035156,32.779998779296875,33.54999923706055,33.54999923706055,320100
2022-10-18,33.90999984741211,34.43000030517578,33.79999923706055,33.97999954223633,33.97999954223633,248100
2022-10-19,33.83000183105469,33.97999954223633,33.13999938964844,33.470001220703125,33.470001220703125,264500
2022-10-20,33.369998931884766,33.5099983215332,32.65999984741211,32.900001525878906,32.900001525878906,202200
2022-10-21,33.18000030517578,33.91999816894531,31.719999313354492,33.63999938964844,33.63999938964844,187000
2022-10-24,33.54999923706055,34.09000015258789,33.45000076293945,33.88999938964844,33.88999938964844,158000
2022-10-25,33.93000030517578,34.689998626708984,33.900001525878906,34.2599983215332,34.2599983215332,183000
2022-10-26,34.5099983215332,34.91999816894531,34.47999954223633,34.560001373291016,34.560001373291016,245700
2022-10-27,34.38999938964844,34.849998474121094,33.880001068115234,34.08000183105469,34.08000183105469,233000
2022-10-28,34.400001525878906,34.84000015258789,34.279998779296875,34.77000045776367,34.77000045776367,240900
2022-10-31,34.529998779296875,34.88999938964844,34.13999938964844,34.27000045776367,34.27000045776367,335800
2022-11-01,34.349998474121094,34.68000030517578,34.25,34.310001373291016,34.310001373291016,228700
2022-11-02,34.400001525878906,35.27000045776367,34.0,34.34000015258789,34.34000015258789,338700
2022-11-03,33.88999938964844,34.41999816894531,33.0099983215332,34.310001373291016,34.310001373291016,429100
2022-11-04,34.349998474121094,34.349998474121094,33.040000915527344,34.0,34.0,401800
2022-11-07,33.91999816894531,34.79999923706055,33.70000076293945,34.720001220703125,34.720001220703125,512000
2022-11-08,34.79999923706055,34.939998626708984,34.189998626708984,34.70000076293945,34.70000076293945,555700
2022-11-09,35.31999969482422,35.31999969482422,31.920000076293945,32.68000030517578,32.68000030517578,754600
2022-11-10,33.720001220703125,34.599998474121094,33.34000015258789,34.27000045776367,34.27000045776367,735700
2022-11-11,34.310001373291016,35.25,34.310001373291016,35.029998779296875,35.029998779296875,598200
2022-11-14,35.09000015258789,35.97999954223633,34.33000183105469,34.5,34.5,535000
2022-11-15,34.88999938964844,35.040000915527344,33.869998931884766,34.0,34.0,378400
2022-11-16,34.06999969482422,34.18000030517578,33.65999984741211,33.720001220703125,33.720001220703125,272600
2022-11-17,33.5099983215332,34.349998474121094,33.5099983215332,34.08000183105469,34.08000183105469,291000
2022-11-18,34.709999084472656,34.88999938964844,34.349998474121094,34.529998779296875,34.529998779296875,225400
2022-11-21,34.66999816894531,35.060001373291016,34.38999938964844,34.630001068115234,34.630001068115234,178800
2022-11-22,34.90999984741211,35.029998779296875,34.45000076293945,34.93000030517578,34.93000030517578,200900
2022-11-23,34.75,35.22999954223633,34.650001525878906,34.84000015258789,34.84000015258789,146100
2022-11-25,34.849998474121094,35.36000061035156,34.529998779296875,35.209999084472656,35.209999084472656,134000
2022-11-28,35.11000061035156,35.599998474121094,34.91999816894531,35.599998474121094,35.599998474121094,411000
2022-11-29,35.5099983215332,36.5,35.43000030517578,36.0,36.0,337900
2022-11-30,36.0,36.7400016784668,35.650001525878906,36.720001220703125,36.720001220703125,452800
2022-12-01,37.029998779296875,37.689998626708984,36.93000030517578,37.02000045776367,37.02000045776367,727700
2022-12-02,36.849998474121094,37.88999938964844,36.11000061035156,37.5099983215332,37.5099983215332,533500
2022-12-05,36.22999954223633,36.369998931884766,35.040000915527344,35.61000061035156,35.61000061035156,407400
2022-12-06,35.619998931884766,35.88999938964844,35.20000076293945,35.599998474121094,35.599998474121094,185900
2022-12-07,35.790000915527344,36.08000183105469,34.790000915527344,35.61000061035156,35.61000061035156,178500
2022-12-08,35.58000183105469,35.959999084472656,35.27000045776367,35.58000183105469,35.58000183105469,190700
2022-12-09,35.54999923706055,35.65999984741211,34.939998626708984,35.22999954223633,35.22999954223633,336100
2022-12-12,35.209999084472656,35.86000061035156,34.97999954223633,35.54999923706055,35.54999923706055,234900
2022-12-13,36.27000045776367,36.38999938964844,35.060001373291016,35.29999923706055,35.29999923706055,389100
2022-12-14,35.22999954223633,35.9900016784668,35.0099983215332,35.56999969482422,35.56999969482422,366200
2022-12-15,35.369998931884766,35.52000045776367,34.810001373291016,35.47999954223633,35.47999954223633,331300
2022-12-16,35.08000183105469,37.27000045776367,34.93000030517578,37.0,37.0,1101500
2022-12-19,36.900001525878906,37.41999816894531,35.849998474121094,36.040000915527344,36.040000915527344,379400
2022-12-20,35.63999938964844,38.09000015258789,35.63999938964844,37.439998626708984,37.439998626708984,529800
2022-12-21,37.79999923706055,38.400001525878906,37.40999984741211,37.880001068115234,37.880001068115234,449900
2022-12-22,37.779998779296875,37.86000061035156,36.810001373291016,37.54999923706055,37.54999923706055,321400
2022-12-23,37.5099983215332,37.95000076293945,37.18000030517578,37.470001220703125,37.470001220703125,320400
2022-12-27,37.4900016784668,37.4900016784668,36.63999938964844,36.68000030517578,36.68000030517578,241500
2022-12-28,36.70000076293945,36.720001220703125,35.59000015258789,35.75,35.75,312400
2022-12-29,35.84000015258789,36.33000183105469,35.65999984741211,35.880001068115234,35.880001068115234,261800
2022-12-30,35.7400016784668,35.86000061035156,35.2599983215332,35.66999816894531,35.66999816894531,298200
2023-01-03,36.15999984741211,37.540000915527344,36.15999984741211,37.470001220703125,37.470001220703125,868600
2023-01-04,37.65999984741211,38.630001068115234,37.400001525878906,38.58000183105469,38.58000183105469,601600
2023-01-05,38.45000076293945,39.2400016784668,38.11000061035156,39.0,39.0,324200
2023-01-06,39.25,39.91999816894531,38.880001068115234,39.380001068115234,39.380001068115234,460100
2023-01-09,39.40999984741211,39.81999969482422,38.45000076293945,38.54999923706055,38.54999923706055,247800
2023-01-10,38.560001373291016,39.47999954223633,38.209999084472656,38.779998779296875,38.779998779296875,607300
2023-01-11,38.70000076293945,38.91999816894531,38.099998474121094,38.66999816894531,38.66999816894531,271400
2023-01-12,38.720001220703125,38.970001220703125,38.22999954223633,38.7400016784668,38.7400016784668,263400
2023-01-13,38.779998779296875,39.88999938964844,38.689998626708984,39.880001068115234,39.880001068115234,238000
2023-01-17,39.970001220703125,40.11000061035156,39.369998931884766,40.08000183105469,40.08000183105469,434200
2023-01-18,40.11000061035156,41.189998626708984,40.0099983215332,40.2400016784668,40.2400016784668,385100
2023-01-19,40.25,40.869998931884766,40.029998779296875,40.380001068115234,40.380001068115234,314700
2023-01-20,40.45000076293945,40.56999969482422,39.54999923706055,40.310001373291016,40.310001373291016,295300
2023-01-23,40.70000076293945,41.25,40.349998474121094,41.18000030517578,41.18000030517578,394200
2023-01-24,41.09000015258789,41.70000076293945,40.81999969482422,41.40999984741211,41.40999984741211,281600
2023-01-25,41.33000183105469,41.33000183105469,40.279998779296875,41.040000915527344,41.040000915527344,232400
2023-01-26,41.11000061035156,41.560001373291016,40.56999969482422,41.060001373291016,41.060001373291016,198100
2023-01-27,41.060001373291016,41.20000076293945,40.560001373291016,40.68000030517578,40.68000030517578,354400
2023-01-30,40.790000915527344,41.29999923706055,40.59000015258789,41.060001373291016,41.060001373291016,572300
2023-01-31,41.290000915527344,42.08000183105469,41.0,41.0099983215332,41.0099983215332,464100
2023-02-01,40.95000076293945,42.040000915527344,40.65999984741211,41.58000183105469,41.58000183105469,345100
2023-02-02,41.459999084472656,42.09000015258789,41.040000915527344,42.029998779296875,42.029998779296875,454600
2023-02-03,41.810001373291016,42.08000183105469,41.040000915527344,41.61000061035156,41.61000061035156,547200
2023-02-06,41.400001525878906,41.599998474121094,40.599998474121094,40.75,40.75,560200
2023-02-07,40.54999923706055,40.54999923706055,37.349998474121094,38.13999938964844,38.13999938964844,936900
2023-02-08,37.93000030517578,39.0,37.41999816894531,38.290000915527344,38.290000915527344,448800
2023-02-09,38.630001068115234,39.20000076293945,38.220001220703125,39.0,39.0,508200
2023-02-10,39.04999923706055,39.220001220703125,37.86000061035156,38.66999816894531,38.66999816894531,322000
2023-02-13,38.83000183105469,39.540000915527344,38.34000015258789,39.439998626708984,39.439998626708984,334200
2023-02-14,39.470001220703125,39.84000015258789,38.540000915527344,38.58000183105469,38.58000183105469,239000
2023-02-15,38.16999816894531,38.779998779296875,38.04999923706055,38.560001373291016,38.560001373291016,255600
2023-02-16,38.16999816894531,38.84000015258789,37.72999954223633,38.650001525878906,38.650001525878906,293500
2023-02-17,38.81999969482422,39.33000183105469,38.630001068115234,39.29999923706055,39.29999923706055,249000
2023-02-21,39.040000915527344,39.4900016784668,38.45000076293945,38.81999969482422,38.81999969482422,281800
2023-02-22,38.720001220703125,39.15999984741211,38.150001525878906,38.56999969482422,38.56999969482422,391800
2023-02-23,38.650001525878906,39.040000915527344,38.33000183105469,38.599998474121094,38.599998474121094,285000
2023-02-24,38.15999984741211,38.63999938964844,37.720001220703125,38.0,38.0,328700
2023-02-27,38.27000045776367,38.59000015258789,37.58000183105469,37.959999084472656,37.959999084472656,430700
2023-02-28,37.810001373291016,38.209999084472656,37.4900016784668,37.59000015258789,37.59000015258789,600300
2023-03-01,37.09000015258789,39.400001525878906,36.5099983215332,39.25,39.25,856600
2023-03-02,39.099998474121094,40.029998779296875,38.41999816894531,39.84000015258789,39.84000015258789,452900
2023-03-03,39.79999923706055,40.119998931884766,39.130001068115234,39.79999923706055,39.79999923706055,422000
2023-03-06,39.650001525878906,39.650001525878906,37.45000076293945,38.380001068115234,38.380001068115234,496000
2023-03-07,38.36000061035156,38.560001373291016,37.83000183105469,38.36000061035156,38.36000061035156,596200
2023-03-08,38.349998474121094,38.599998474121094,37.400001525878906,37.72999954223633,37.72999954223633,367000
2023-03-09,37.77000045776367,37.90999984741211,36.40999984741211,36.439998626708984,36.439998626708984,399800
2023-03-10,36.25,36.279998779296875,34.619998931884766,34.970001220703125,34.970001220703125,756000
2023-03-13,34.7400016784668,35.810001373291016,34.439998626708984,34.9900016784668,34.9900016784668,388400
2023-03-14,35.70000076293945,36.40999984741211,35.439998626708984,36.36000061035156,36.36000061035156,539900
2023-03-15,35.72999954223633,36.310001373291016,34.83000183105469,35.5099983215332,35.5099983215332,445400
2023-03-16,35.16999816894531,36.16999816894531,34.86000061035156,35.9900016784668,35.9900016784668,317300
2023-03-17,35.58000183105469,35.9900016784668,34.58000183105469,34.93000030517578,34.93000030517578,1503900
2023-03-20,35.2599983215332,35.790000915527344,35.130001068115234,35.58000183105469,35.58000183105469,381800
2023-03-21,36.130001068115234,36.9900016784668,35.72999954223633,36.70000076293945,36.70000076293945,593400
2023-03-22,36.560001373291016,36.619998931884766,35.33000183105469,35.36000061035156,35.36000061035156,397200
2023-03-23,35.470001220703125,35.880001068115234,34.33000183105469,35.0,35.0,416500
2023-03-24,34.7599983215332,35.91999816894531,34.5099983215332,35.77000045776367,35.77000045776367,289400
2023-03-27,36.18000030517578,36.709999084472656,35.93000030517578,36.400001525878906,36.400001525878906,248400
2023-03-28,36.20000076293945,36.59000015258789,34.369998931884766,36.38999938964844,36.38999938964844,251000
2023-03-29,36.54999923706055,37.04999923706055,35.880001068115234,36.119998931884766,36.119998931884766,188300
2023-03-30,36.25,36.58000183105469,35.880001068115234,36.27000045776367,36.27000045776367,336000
2023-03-31,36.43000030517578,36.77000045776367,36.060001373291016,36.22999954223633,36.22999954223633,549200
2023-04-03,36.22999954223633,36.68000030517578,36.09000015258789,36.43000030517578,36.43000030517578,285100
2023-04-04,36.63999938964844,37.099998474121094,35.5,35.709999084472656,35.709999084472656,239300
2023-04-05,35.720001220703125,36.029998779296875,35.599998474121094,35.869998931884766,35.869998931884766,173100
2023-04-06,36.0099983215332,37.150001525878906,35.75,37.09000015258789,37.09000015258789,381800
2023-04-10,36.9900016784668,37.689998626708984,36.72999954223633,37.34000015258789,37.34000015258789,872100
2023-04-11,37.36000061035156,37.79999923706055,36.720001220703125,36.83000183105469,36.83000183105469,252700
2023-04-12,36.9900016784668,37.189998626708984,36.400001525878906,36.43000030517578,36.43000030517578,174800
2023-04-13,36.54999923706055,37.15999984741211,36.4900016784668,36.849998474121094,36.849998474121094,279200
2023-04-14,36.849998474121094,36.97999954223633,35.779998779296875,36.060001373291016,36.060001373291016,316900
2023-04-17,36.15999984741211,36.939998626708984,36.15999984741211,36.75,36.75,316900
2023-04-18,36.75,36.7599983215332,35.83000183105469,36.279998779296875,36.279998779296875,346500
2023-04-19,36.15999984741211,37.27000045776367,35.97999954223633,37.220001220703125,37.220001220703125,499800
2023-04-20,37.09000015258789,37.75,36.58000183105469,37.459999084472656,37.459999084472656,573400
2023-04-21,37.790000915527344,39.09000015258789,37.7599983215332,38.72999954223633,38.72999954223633,537000
2023-04-24,38.61000061035156,38.61000061035156,37.040000915527344,37.709999084472656,37.709999084472656,262500
2023-04-25,37.470001220703125,37.59000015258789,37.04999923706055,37.400001525878906,37.400001525878906,241800
2023-04-26,37.15999984741211,37.2400016784668,36.5099983215332,36.75,36.75,201200
2023-04-27,36.849998474121094,36.97999954223633,36.2599983215332,36.939998626708984,36.939998626708984,200900
2023-04-28,36.880001068115234,37.380001068115234,36.70000076293945,36.86000061035156,36.86000061035156,180600
2023-05-01,36.77000045776367,37.380001068115234,36.529998779296875,36.95000076293945,36.95000076293945,179800
2023-05-02,36.72999954223633,37.41999816894531,36.720001220703125,37.279998779296875,37.279998779296875,300400
2023-05-03,37.310001373291016,38.09000015258789,37.150001525878906,37.220001220703125,37.220001220703125,287500
2023-05-04,37.0,37.0,35.810001373291016,36.470001220703125,36.470001220703125,346200
2023-05-05,36.79999923706055,37.08000183105469,36.09000015258789,36.709999084472656,36.709999084472656,259800
2023-05-08,36.66999816894531,36.959999084472656,35.97999954223633,36.790000915527344,36.790000915527344,281300
2023-05-09,36.689998626708984,36.720001220703125,36.18000030517578,36.18000030517578,36.18000030517578,362100
2023-05-10,37.0,38.08000183105469,35.529998779296875,36.720001220703125,36.720001220703125,849500
2023-05-11,36.599998474121094,37.41999816894531,35.72999954223633,35.900001525878906,35.900001525878906,398800
2023-05-12,35.810001373291016,35.959999084472656,33.220001220703125,34.130001068115234,34.130001068115234,637700
2023-05-15,34.2599983215332,35.0,34.0,34.7400016784668,34.7400016784668,396000
2023-05-16,34.439998626708984,35.279998779296875,34.220001220703125,35.15999984741211,35.15999984741211,338700
2023-05-17,35.27000045776367,35.41999816894531,34.31999969482422,35.189998626708984,35.189998626708984,391700
2023-05-18,35.27000045776367,35.439998626708984,34.540000915527344,34.970001220703125,34.970001220703125,395300
2023-05-19,35.45000076293945,35.58000183105469,34.939998626708984,35.290000915527344,35.290000915527344,451000
2023-05-22,35.27000045776367,35.540000915527344,33.970001220703125,34.52000045776367,34.52000045776367,466900
2023-05-23,34.540000915527344,34.650001525878906,33.65999984741211,34.060001373291016,34.060001373291016,505600
2023-05-24,34.029998779296875,34.189998626708984,33.41999816894531,33.709999084472656,33.709999084472656,386900
2023-05-25,33.459999084472656,34.5,33.15999984741211,33.540000915527344,33.540000915527344,372900
2023-05-26,33.43000030517578,33.7599983215332,33.29999923706055,33.619998931884766,33.619998931884766,179700
2023-05-30,33.619998931884766,33.95000076293945,33.11000061035156,33.2599983215332,33.2599983215332,331300
2023-05-31,33.33000183105469,33.849998474121094,32.900001525878906,33.13999938964844,33.13999938964844,365700
2023-06-01,33.130001068115234,33.31999969482422,32.58000183105469,32.959999084472656,32.959999084472656,527300
2023-06-02,33.349998474121094,33.709999084472656,33.02000045776367,33.529998779296875,33.529998779296875,614100
2023-06-05,33.22999954223633,33.779998779296875,32.619998931884766,33.68000030517578,33.68000030517578,374700
2023-06-06,33.810001373291016,34.7599983215332,33.54999923706055,34.59000015258789,34.59000015258789,308800
2023-06-07,34.689998626708984,35.650001525878906,34.529998779296875,35.45000076293945,35.45000076293945,397700
2023-06-08,35.31999969482422,35.959999084472656,35.31999969482422,35.59000015258789,35.59000015258789,298800
2023-06-09,35.599998474121094,35.880001068115234,34.709999084472656,34.81999969482422,34.81999969482422,429300
2023-06-12,34.7599983215332,35.380001068115234,33.97999954223633,34.0,34.0,438700
2023-06-13,33.86000061035156,34.380001068115234,33.52000045776367,33.869998931884766,33.869998931884766,363200
2023-06-14,34.0,34.41999816894531,33.61000061035156,33.810001373291016,33.810001373291016,338200
2023-06-15,33.849998474121094,34.04999923706055,33.38999938964844,33.59000015258789,33.59000015258789,404700
2023-06-16,33.939998626708984,34.189998626708984,33.20000076293945,33.77000045776367,33.77000045776367,1701300
2023-06-20,33.529998779296875,34.040000915527344,33.06999969482422,33.540000915527344,33.540000915527344,480200
2023-06-21,33.540000915527344,33.540000915527344,32.77000045776367,33.15999984741211,33.15999984741211,300100
2023-06-22,33.209999084472656,33.709999084472656,32.81999969482422,33.529998779296875,33.529998779296875,231200
2023-06-23,33.22999954223633,33.400001525878906,32.15999984741211,32.630001068115234,32.630001068115234,2650100
2023-06-26,32.20000076293945,32.31999969482422,29.979999542236328,30.389999389648438,30.389999389648438,1349500
2023-06-27,30.540000915527344,30.559999465942383,29.639999389648438,30.170000076293945,30.170000076293945,693800
2023-06-28,30.100000381469727,30.350000381469727,29.809999465942383,30.15999984741211,30.15999984741211,371300
2023-06-29,30.15999984741211,30.270000457763672,29.59000015258789,29.90999984741211,29.90999984741211,482300
2023-06-30,30.0,30.219999313354492,29.700000762939453,30.059999465942383,30.059999465942383,464400
2023-07-03,30.020000457763672,30.219999313354492,29.729999542236328,29.899999618530273,29.899999618530273,150500
2023-07-05,29.899999618530273,29.950000762939453,29.350000381469727,29.530000686645508,29.530000686645508,423800
2023-07-06,29.200000762939453,29.610000610351562,29.059999465942383,29.530000686645508,29.530000686645508,321400
2023-07-07,29.6200008392334,29.81999969482422,29.450000762939453,29.639999389648438,29.639999389648438,282400
2023-07-10,29.56999969482422,30.059999465942383,29.559999465942383,29.829999923706055,29.829999923706055,389300
2023-07-11,29.969999313354492,30.850000381469727,29.75,30.709999084472656,30.709999084472656,328200
2023-07-12,31.0,31.110000610351562,30.280000686645508,30.5,30.5,388900
2023-07-13,30.68000030517578,30.709999084472656,30.25,30.290000915527344,30.290000915527344,282500
2023-07-14,30.200000762939453,30.469999313354492,29.899999618530273,30.030000686645508,30.030000686645508,380300
2023-07-17,29.899999618530273,29.969999313354492,29.3700008392334,29.43000030517578,29.43000030517578,347700
2023-07-18,29.420000076293945,30.459999084472656,29.360000610351562,29.920000076293945,29.920000076293945,576800
2023-07-19,29.989999771118164,30.65999984741211,29.739999771118164,30.31999969482422,30.31999969482422,343400
2023-07-20,30.489999771118164,30.770000457763672,30.139999389648438,30.649999618530273,30.649999618530273,229500
2023-07-21,30.829999923706055,31.219999313354492,30.440000534057617,30.610000610351562,30.610000610351562,271500
2023-07-24,30.520000457763672,30.59000015258789,29.790000915527344,30.049999237060547,30.049999237060547,339400
2023-07-25,29.8700008392334,30.450000762939453,29.8700008392334,30.280000686645508,30.280000686645508,394400
2023-07-26,30.110000610351562,30.329999923706055,29.809999465942383,30.190000534057617,30.190000534057617,313300
2023-07-27,30.239999771118164,30.399999618530273,29.81999969482422,30.1299991607666,30.1299991607666,381000
2023-07-28,30.309999465942383,30.729999542236328,30.190000534057617,30.420000076293945,30.420000076293945,229900
2023-07-31,30.389999389648438,30.899999618530273,30.350000381469727,30.690000534057617,30.690000534057617,321000
2023-08-01,30.729999542236328,31.850000381469727,30.530000686645508,31.690000534057617,31.690000534057617,543400
2023-08-02,31.530000686645508,31.860000610351562,31.219999313354492,31.530000686645508,31.530000686645508,364900
2023-08-03,31.559999465942383,31.8799991607666,31.5,31.850000381469727,31.850000381469727,263100
2023-08-04,31.799999237060547,32.40999984741211,31.649999618530273,32.18000030517578,32.18000030517578,384700
2023-08-07,32.22999954223633,32.7599983215332,31.8799991607666,32.25,32.25,423600
2023-08-08,32.34000015258789,32.97999954223633,32.2599983215332,32.90999984741211,32.90999984741211,665900
2023-08-09,32.5,32.5,29.260000228881836,30.530000686645508,30.530000686645508,1403500
2023-08-10,30.760000228881836,32.20000076293945,30.530000686645508,31.790000915527344,31.790000915527344,619500
2023-08-11,31.780000686645508,32.58000183105469,31.530000686645508,31.889999389648438,31.889999389648438,456100
2023-08-14,31.829999923706055,31.829999923706055,30.8799991607666,31.3700008392334,31.3700008392334,368000
2023-08-15,31.360000610351562,31.969999313354492,30.780000686645508,31.84000015258789,31.84000015258789,297100
2023-08-16,31.780000686645508,31.829999923706055,30.420000076293945,30.950000762939453,30.950000762939453,553300
2023-08-17,30.940000534057617,31.200000762939453,30.110000610351562,30.219999313354492,30.219999313354492,378500
2023-08-18,30.040000915527344,31.399999618530273,29.829999923706055,30.969999313354492,30.969999313354492,422600
2023-08-21,30.84000015258789,31.639999389648438,30.649999618530273,31.389999389648438,31.389999389648438,387300
2023-08-22,31.360000610351562,32.209999084472656,31.100000381469727,31.920000076293945,31.920000076293945,345900
2023-08-23,32.0,32.380001068115234,32.0,32.099998474121094,32.099998474121094,249700
2023-08-24,32.0099983215332,32.279998779296875,31.540000915527344,31.65999984741211,31.65999984741211,237800
2023-08-25,31.690000534057617,31.950000762939453,31.3700008392334,31.389999389648438,31.389999389648438,202900
2023-08-28,31.440000534057617,31.6200008392334,30.81999969482422,31.290000915527344,31.290000915527344,262100
2023-08-29,31.270000457763672,32.81999969482422,30.639999389648438,31.65999984741211,31.65999984741211,330400
2023-08-30,31.510000228881836,32.130001068115234,31.239999771118164,31.969999313354492,31.969999313354492,344500
2023-08-31,31.989999771118164,32.400001525878906,31.719999313354492,31.84000015258789,31.84000015258789,369700
2023-09-01,32.13999938964844,32.77000045776367,32.099998474121094,32.4900016784668,32.4900016784668,389000
2023-09-05,32.15999984741211,32.34000015258789,31.670000076293945,31.760000228881836,31.760000228881836,490700
2023-09-06,31.940000534057617,32.279998779296875,31.34000015258789,31.670000076293945,31.670000076293945,513200
2023-09-07,31.739999771118164,31.739999771118164,29.93000030517578,30.059999465942383,30.059999465942383,504200
2023-09-08,30.06999969482422,30.670000076293945,29.649999618530273,30.59000015258789,30.59000015258789,458200
2023-09-11,30.860000610351562,30.860000610351562,29.549999237060547,29.780000686645508,29.780000686645508,444400
2023-09-12,29.799999237060547,30.84000015258789,29.59000015258789,30.809999465942383,30.809999465942383,276900
2023-09-13,30.81999969482422,30.850000381469727,29.8799991607666,30.030000686645508,30.030000686645508,392900
2023-09-14,30.149999618530273,30.420000076293945,29.079999923706055,29.280000686645508,29.280000686645508,541600
2023-09-15,29.329999923706055,29.520000457763672,28.729999542236328,29.229999542236328,29.229999542236328,2868500
2023-09-18,29.329999923706055,29.40999984741211,28.190000534057617,28.309999465942383,28.309999465942383,476800
2023-09-19,28.31999969482422,28.56999969482422,28.09000015258789,28.440000534057617,28.440000534057617,368800
2023-09-20,28.479999542236328,28.719999313354492,27.6299991607666,27.65999984741211,27.65999984741211,348900
2023-09-21,27.43000030517578,27.75,27.260000228881836,27.6299991607666,27.6299991607666,310900
2023-09-22,27.690000534057617,28.360000610351562,27.690000534057617,28.170000076293945,28.170000076293945,357900
2023-09-25,28.110000610351562,28.81999969482422,28.100000381469727,28.559999465942383,28.559999465942383,235800
2023-09-26,28.559999465942383,29.799999237060547,28.559999465942383,29.209999084472656,29.209999084472656,411000
2023-09-27,29.299999237060547,29.579999923706055,28.100000381469727,28.579999923706055,28.579999923706055,596600
2023-09-28,28.510000228881836,28.959999084472656,28.010000228881836,28.079999923706055,28.079999923706055,513900
2023-09-29,28.200000762939453,28.25,27.510000228881836,27.56999969482422,27.56999969482422,336000
2023-10-02,27.530000686645508,27.649999618530273,26.84000015258789,27.1200008392334,27.1200008392334,369500
2023-10-03,26.979999542236328,27.5,26.639999389648438,27.09000015258789,27.09000015258789,326600
2023-10-04,27.139999389648438,27.280000686645508,26.739999771118164,26.90999984741211,26.90999984741211,290500
2023-10-05,26.8799991607666,27.440000534057617,26.8799991607666,27.360000610351562,27.360000610351562,273800
2023-10-06,27.329999923706055,27.81999969482422,27.059999465942383,27.440000534057617,27.440000534057617,251500
2023-10-09,27.3700008392334,27.600000381469727,27.079999923706055,27.3799991607666,27.3799991607666,213600
2023-10-10,27.360000610351562,27.780000686645508,27.229999542236328,27.329999923706055,27.329999923706055,303600
2023-10-11,27.360000610351562,27.360000610351562,26.709999084472656,27.059999465942383,27.059999465942383,229600
2023-10-12,27.0,27.0,25.610000610351562,25.84000015258789,25.84000015258789,415800
2023-10-13,25.979999542236328,25.979999542236328,24.329999923706055,24.84000015258789,24.84000015258789,703600
2023-10-16,25.0,25.850000381469727,24.8799991607666,25.81999969482422,25.81999969482422,565700
2023-10-17,25.799999237060547,26.700000762939453,25.799999237060547,25.950000762939453,25.950000762939453,710700
2023-10-18,25.639999389648438,26.1200008392334,24.979999542236328,25.229999542236328,25.229999542236328,351900
2023-10-19,25.079999923706055,25.190000534057617,23.56999969482422,23.780000686645508,23.780000686645508,820000
2023-10-20,23.899999618530273,24.649999618530273,23.899999618530273,24.309999465942383,24.309999465942383,442200
2023-10-23,24.09000015258789,24.6299991607666,23.709999084472656,23.760000228881836,23.760000228881836,345600
2023-10-24,23.969999313354492,24.350000381469727,23.81999969482422,24.0,24.0,488800
2023-10-25,23.690000534057617,24.3700008392334,23.18000030517578,23.25,23.25,377400
2023-10-26,23.389999389648438,24.780000686645508,22.690000534057617,22.719999313354492,22.719999313354492,412100
2023-10-27,22.6299991607666,23.799999237060547,21.989999771118164,23.559999465942383,23.559999465942383,516500
2023-10-30,23.760000228881836,24.06999969482422,23.15999984741211,23.6200008392334,23.6200008392334,475700
2023-10-31,23.709999084472656,24.049999237060547,23.530000686645508,23.850000381469727,23.850000381469727,411600
2023-11-01,23.700000762939453,24.079999923706055,23.579999923706055,23.90999984741211,23.90999984741211,322800
2023-11-02,24.239999771118164,24.600000381469727,23.520000457763672,24.06999969482422,24.06999969482422,370900
2023-11-03,24.479999542236328,24.979999542236328,24.209999084472656,24.479999542236328,24.479999542236328,582600
2023-11-06,24.6200008392334,24.84000015258789,23.559999465942383,24.030000686645508,24.030000686645508,497700
2023-11-07,24.010000228881836,24.1299991607666,23.049999237060547,23.860000610351562,23.860000610351562,430700
2023-11-08,23.959999084472656,24.229999542236328,23.469999313354492,23.520000457763672,23.520000457763672,491000
2023-11-09,25.0,26.809999465942383,24.459999084472656,26.139999389648438,26.139999389648438,1029800
2023-11-10,26.399999618530273,26.989999771118164,25.729999542236328,26.649999618530273,26.649999618530273,533700
2023-11-13,26.479999542236328,27.639999389648438,26.479999542236328,27.329999923706055,27.329999923706055,375300
2023-11-14,28.049999237060547,28.510000228881836,27.809999465942383,28.040000915527344,28.040000915527344,429400
2023-11-15,28.059999465942383,28.790000915527344,28.0,28.59000015258789,28.59000015258789,469300
2023-11-16,28.690000534057617,28.719999313354492,27.65999984741211,27.8799991607666,27.8799991607666,285300
2023-11-17,28.15999984741211,28.68000030517578,27.219999313354492,27.43000030517578,27.43000030517578,578900
2023-11-20,27.450000762939453,27.8700008392334,26.860000610351562,27.309999465942383,27.309999465942383,274200
2023-11-21,27.170000076293945,27.780000686645508,27.100000381469727,27.229999542236328,27.229999542236328,215300
2023-11-22,27.530000686645508,27.920000076293945,27.299999237060547,27.40999984741211,27.40999984741211,174800
2023-11-24,27.43000030517578,27.850000381469727,27.399999618530273,27.829999923706055,27.829999923706055,98300
2023-11-27,27.559999465942383,27.670000076293945,26.989999771118164,27.09000015258789,27.09000015258789,252200
2023-11-28,27.18000030517578,27.959999084472656,26.940000534057617,26.969999313354492,26.969999313354492,226400
2023-11-29,27.100000381469727,27.56999969482422,26.90999984741211,26.940000534057617,26.940000534057617,262200
2023-11-30,27.100000381469727,27.860000610351562,26.850000381469727,27.25,27.25,251800
2023-12-01,27.31999969482422,27.65999984741211,26.809999465942383,27.579999923706055,27.579999923706055,328100
2023-12-04,27.649999618530273,28.299999237060547,27.600000381469727,28.110000610351562,28.110000610351562,353300
2023-12-05,27.920000076293945,28.420000076293945,27.6299991607666,27.780000686645508,27.780000686645508,285800
2023-12-06,27.760000228881836,27.850000381469727,26.670000076293945,26.780000686645508,26.780000686645508,403100
2023-12-07,26.8799991607666,27.549999237060547,26.510000228881836,27.270000457763672,27.270000457763672,369800
2023-12-08,27.34000015258789,27.59000015258789,26.860000610351562,26.90999984741211,26.90999984741211,219500
2023-12-11,26.84000015258789,27.0,26.170000076293945,26.5,26.5,481400
2023-12-12,26.670000076293945,27.3700008392334,26.1299991607666,26.56999969482422,26.56999969482422,416200
2023-12-13,26.530000686645508,27.670000076293945,26.389999389648438,27.559999465942383,27.559999465942383,400000
2023-12-14,27.889999389648438,28.149999618530273,27.229999542236328,27.65999984741211,27.65999984741211,387000
2023-12-15,27.889999389648438,28.0,26.889999389648438,27.25,27.25,1377800
2023-12-18,27.530000686645508,27.530000686645508,27.1200008392334,27.290000915527344,27.290000915527344,280300
2023-12-19,27.600000381469727,28.540000915527344,27.149999618530273,28.110000610351562,28.110000610351562,339300
2023-12-20,28.079999923706055,28.309999465942383,27.399999618530273,27.43000030517578,27.43000030517578,329600
2023-12-21,27.469999313354492,28.6299991607666,27.469999313354492,28.610000610351562,28.610000610351562,433700
2023-12-22,28.920000076293945,29.309999465942383,28.739999771118164,29.229999542236328,29.229999542236328,299900
2023-12-26,29.40999984741211,29.829999923706055,29.139999389648438,29.549999237060547,29.549999237060547,258900
2023-12-27,29.68000030517578,29.899999618530273,29.360000610351562,29.68000030517578,29.68000030517578,269800
2023-12-28,29.579999923706055,29.829999923706055,29.34000015258789,29.43000030517578,29.43000030517578,268700
2023-12-29,29.469999313354492,29.469999313354492,28.719999313354492,28.940000534057617,28.940000534057617,179000
2024-01-02,28.850000381469727,29.440000534057617,27.690000534057617,27.729999542236328,27.729999542236328,390000
2024-01-03,27.739999771118164,28.149999618530273,27.459999084472656,27.809999465942383,27.809999465942383,262400
2024-01-04,27.940000534057617,27.940000534057617,27.510000228881836,27.739999771118164,27.739999771118164,199400
2024-01-05,27.549999237060547,27.75,27.209999084472656,27.43000030517578,27.43000030517578,265700
2024-01-08,27.56999969482422,27.940000534057617,27.149999618530273,27.809999465942383,27.809999465942383,230900
2024-01-09,27.510000228881836,28.350000381469727,27.360000610351562,28.31999969482422,28.31999969482422,278400
2024-01-10,28.309999465942383,28.309999465942383,27.65999984741211,28.139999389648438,28.139999389648438,278400
2024-01-11,27.920000076293945,28.020000457763672,27.520000457763672,27.719999313354492,27.719999313354492,221400
2024-01-12,28.1200008392334,28.43000030517578,28.0,28.239999771118164,28.239999771118164,250500
2024-01-16,28.010000228881836,28.940000534057617,27.610000610351562,28.469999313354492,28.469999313354492,478100
2024-01-17,28.040000915527344,28.1299991607666,27.68000030517578,27.90999984741211,27.90999984741211,299100
2024-01-18,28.139999389648438,28.170000076293945,27.459999084472656,27.520000457763672,27.520000457763672,544100
2024-01-19,27.670000076293945,27.68000030517578,26.469999313354492,27.670000076293945,27.670000076293945,501300
2024-01-22,27.969999313354492,29.989999771118164,27.670000076293945,28.40999984741211,28.40999984741211,735800
2024-01-23,28.729999542236328,29.040000915527344,27.440000534057617,27.719999313354492,27.719999313354492,264900
2024-01-24,28.110000610351562,28.68000030517578,27.84000015258789,28.06999969482422,28.06999969482422,282900
2024-01-25,28.360000610351562,28.8700008392334,27.969999313354492,28.850000381469727,28.850000381469727,356500
2024-01-26,29.200000762939453,29.760000228881836,28.280000686645508,28.719999313354492,28.719999313354492,330900
2024-01-29,28.780000686645508,29.920000076293945,28.549999237060547,29.06999969482422,29.06999969482422,356000
2024-01-30,28.8700008392334,28.969999313354492,28.34000015258789,28.350000381469727,28.350000381469727,200500
2024-01-31,28.3700008392334,28.610000610351562,27.6299991607666,27.68000030517578,27.68000030517578,261100
2024-02-01,27.799999237060547,28.110000610351562,27.260000228881836,27.860000610351562,27.860000610351562,335100
2024-02-02,27.520000457763672,27.790000915527344,27.239999771118164,27.670000076293945,27.670000076293945,214500
2024-02-05,27.549999237060547,27.850000381469727,26.780000686645508,27.309999465942383,27.309999465942383,293600
2024-02-06,27.270000457763672,28.450000762939453,27.06999969482422,28.309999465942383,28.309999465942383,326300
2024-02-07,28.399999618530273,28.440000534057617,27.170000076293945,27.239999771118164,27.239999771118164,174500
2024-02-08,27.190000534057617,28.1299991607666,26.850000381469727,27.899999618530273,27.899999618530273,218200
2024-02-09,27.920000076293945,28.149999618530273,27.540000915527344,27.90999984741211,27.90999984741211,297700
2024-02-12,28.059999465942383,28.510000228881836,27.959999084472656,28.350000381469727,28.350000381469727,252800
2024-02-13,27.5,27.93000030517578,26.90999984741211,27.110000610351562,27.110000610351562,212200
2024-02-14,27.399999618530273,27.889999389648438,27.200000762939453,27.559999465942383,27.559999465942383,222600
2024-02-15,27.649999618530273,28.799999237060547,27.600000381469727,28.65999984741211,28.65999984741211,285100
2024-02-16,28.540000915527344,29.079999923706055,28.25,28.420000076293945,28.420000076293945,330100
2024-02-20,28.09000015258789,28.59000015258789,27.969999313354492,28.049999237060547,28.049999237060547,222200
2024-02-21,28.010000228881836,28.309999465942383,27.860000610351562,28.139999389648438,28.139999389648438,334200
2024-02-22,28.239999771118164,28.31999969482422,27.600000381469727,27.940000534057617,27.940000534057617,239700
2024-02-23,27.959999084472656,29.190000534057617,27.809999465942383,29.059999465942383,29.059999465942383,346900
2024-02-26,28.93000030517578,30.440000534057617,28.90999984741211,29.5,29.5,557200
2024-02-27,29.709999084472656,31.559999465942383,29.459999084472656,30.690000534057617,30.690000534057617,907800
2024-02-28,28.579999923706055,32.29999923706055,26.270000457763672,31.079999923706055,31.079999923706055,893900
2024-02-29,31.309999465942383,31.309999465942383,28.8799991607666,29.700000762939453,29.700000762939453,517000
2024-03-01,30.0,31.219999313354492,29.780000686645508,31.010000228881836,31.010000228881836,465500
2024-03-04,30.959999084472656,31.049999237060547,29.850000381469727,30.6299991607666,30.6299991607666,517000
2024-03-05,30.40999984741211,30.639999389648438,29.780000686645508,30.350000381469727,30.350000381469727,386400
2024-03-06,30.739999771118164,31.360000610351562,30.299999237060547,31.110000610351562,31.110000610351562,434300
2024-03-07,31.270000457763672,31.420000076293945,30.59000015258789,30.809999465942383,30.809999465942383,338200
2024-03-08,31.170000076293945,32.0,30.90999984741211,31.06999969482422,31.06999969482422,228000
2024-03-11,31.15999984741211,32.470001220703125,30.8799991607666,32.43000030517578,32.43000030517578,331500
2024-03-12,32.209999084472656,33.0099983215332,31.780000686645508,32.91999816894531,32.91999816894531,510800
2024-03-13,32.68000030517578,34.83000183105469,32.68000030517578,34.65999984741211,34.65999984741211,772400
2024-03-14,34.400001525878906,34.72999954223633,33.02000045776367,33.369998931884766,33.369998931884766,500800
2024-03-15,33.040000915527344,33.349998474121094,32.650001525878906,32.97999954223633,32.97999954223633,694800
2024-03-18,33.150001525878906,34.29999923706055,32.54999923706055,34.189998626708984,34.189998626708984,431900
2024-03-19,34.130001068115234,35.349998474121094,34.0,35.150001525878906,35.150001525878906,781200
2024-03-20,35.130001068115234,35.349998474121094,34.5,34.880001068115234,34.880001068115234,438100
2024-03-21,35.04999923706055,35.439998626708984,34.68000030517578,35.16999816894531,35.16999816894531,435800
2024-03-22,35.150001525878906,35.220001220703125,33.970001220703125,34.52000045776367,34.52000045776367,492800
2024-03-25,34.72999954223633,34.97999954223633,32.56999969482422,32.75,32.75,366600
2024-03-26,32.9900016784668,33.59000015258789,32.290000915527344,32.47999954223633,32.47999954223633,611800
2024-03-27,32.849998474121094,33.83000183105469,32.560001373291016,33.7400016784668,33.7400016784668,364000
2024-03-28,33.84000015258789,34.38999938964844,33.470001220703125,34.11000061035156,34.11000061035156,491000
2024-04-01,34.099998474121094,34.099998474121094,33.060001373291016,33.52000045776367,33.52000045776367,236000
2024-04-02,33.22999954223633,33.61000061035156,32.77000045776367,33.16999816894531,33.16999816894531,304000
2024-04-03,32.849998474121094,34.06999969482422,32.81999969482422,33.849998474121094,33.849998474121094,309400
2024-04-04,34.439998626708984,34.4900016784668,33.09000015258789,33.2400016784668,33.2400016784668,290000
2024-04-05,33.33000183105469,33.599998474121094,33.130001068115234,33.54999923706055,33.54999923706055,243000
2024-04-08,30.579999923706055,33.099998474121094,30.579999923706055,31.43000030517578,31.43000030517578,789600
2024-04-09,31.5,32.400001525878906,31.43000030517578,31.729999542236328,31.729999542236328,282400
2024-04-10,30.969999313354492,31.920000076293945,30.739999771118164,31.84000015258789,31.84000015258789,307400
2024-04-11,32.209999084472656,32.59000015258789,31.649999618530273,32.0,32.0,454400
2024-04-12,31.979999542236328,31.979999542236328,30.079999923706055,30.239999771118164,30.239999771118164,375000
2024-04-15,30.510000228881836,30.600000381469727,29.68000030517578,29.989999771118164,29.989999771118164,372700
2024-04-16,30.0,30.399999618530273,29.350000381469727,29.43000030517578,29.43000030517578,388900
2024-04-17,29.739999771118164,30.079999923706055,28.8799991607666,29.0,29.0,393800
2024-04-18,28.8700008392334,29.479999542236328,28.6299991607666,28.8700008392334,28.8700008392334,347900
2024-04-19,28.670000076293945,29.530000686645508,28.670000076293945,29.399999618530273,29.399999618530273,361600
2024-04-22,29.559999465942383,30.299999237060547,29.280000686645508,29.709999084472656,29.709999084472656,352500
2024-04-23,29.75,31.84000015258789,29.59000015258789,29.950000762939453,29.950000762939453,201200
2024-04-24,29.959999084472656,30.399999618530273,29.81999969482422,30.260000228881836,30.260000228881836,201700
2024-04-25,30.030000686645508,30.219999313354492,29.170000076293945,29.309999465942383,29.309999465942383,351500
2024-04-26,29.459999084472656,30.190000534057617,29.170000076293945,30.06999969482422,30.06999969482422,330600
2024-04-29,30.350000381469727,31.270000457763672,30.350000381469727,30.600000381469727,30.600000381469727,365500
2024-04-30,30.399999618530273,30.700000762939453,30.030000686645508,30.100000381469727,30.100000381469727,288600
2024-05-01,30.149999618530273,30.690000534057617,29.989999771118164,30.079999923706055,30.079999923706055,394200
2024-05-02,30.530000686645508,30.65999984741211,29.790000915527344,30.270000457763672,30.270000457763672,319400
2024-05-03,30.739999771118164,30.90999984741211,30.0,30.829999923706055,30.829999923706055,362400
2024-05-06,31.040000915527344,31.40999984741211,30.139999389648438,30.420000076293945,30.420000076293945,335100
2024-05-07,30.559999465942383,31.309999465942383,30.40999984741211,31.149999618530273,31.149999618530273,471700
2024-05-08,30.969999313354492,31.559999465942383,30.760000228881836,31.299999237060547,31.299999237060547,461400
2024-05-09,31.520000457763672,32.869998931884766,29.040000915527344,30.0,30.0,1066000
2024-05-10,30.34000015258789,30.56999969482422,28.270000457763672,28.959999084472656,28.959999084472656,922400
2024-05-13,29.139999389648438,30.31999969482422,29.139999389648438,29.68000030517578,29.68000030517578,549400
2024-05-14,29.809999465942383,30.190000534057617,28.860000610351562,28.969999313354492,28.969999313354492,557400
2024-05-15,29.200000762939453,29.56999969482422,28.649999618530273,28.739999771118164,28.739999771118164,381600
2024-05-16,28.40999984741211,29.649999618530273,28.0,29.15999984741211,29.15999984741211,1090000
2024-05-17,29.31999969482422,29.31999969482422,28.700000762939453,29.100000381469727,29.100000381469727,625400
2024-05-20,28.93000030517578,29.3700008392334,28.559999465942383,28.770000457763672,28.770000457763672,712800
2024-05-21,28.739999771118164,28.770000457763672,27.6299991607666,28.049999237060547,28.049999237060547,706800
2024-05-22,28.0,28.8799991607666,27.780000686645508,27.8700008392334,27.8700008392334,966800
2024-05-23,27.989999771118164,28.81999969482422,27.520000457763672,27.770000457763672,27.770000457763672,623500
2024-05-24,27.979999542236328,27.979999542236328,27.1200008392334,27.510000228881836,27.510000228881836,453200
2024-05-28,27.690000534057617,28.329999923706055,26.950000762939453,27.06999969482422,27.06999969482422,481900
2024-05-29,26.790000915527344,27.059999465942383,26.40999984741211,26.56999969482422,26.56999969482422,589500
2024-05-30,26.719999313354492,26.829999923706055,26.1200008392334,26.56999969482422,26.56999969482422,555000
2024-05-31,26.81999969482422,27.260000228881836,26.420000076293945,27.1200008392334,27.1200008392334,527100
2024-06-03,27.1299991607666,28.1299991607666,26.420000076293945,27.610000610351562,27.610000610351562,482000
2024-06-04,27.5,28.34000015258789,27.329999923706055,27.920000076293945,27.920000076293945,471700
2024-06-05,27.979999542236328,28.0,27.18000030517578,27.540000915527344,27.540000915527344,486900
2024-06-06,27.549999237060547,28.329999923706055,26.350000381469727,27.149999618530273,27.149999618530273,762700
2024-06-07,26.959999084472656,27.100000381469727,25.899999618530273,26.260000228881836,26.260000228881836,871100
2024-06-10,25.989999771118164,26.309999465942383,25.649999618530273,26.190000534057617,26.190000534057617,746800
2024-06-11,26.030000686645508,26.309999465942383,25.639999389648438,26.200000762939453,26.200000762939453,395500
2024-06-12,26.770000457763672,27.459999084472656,26.239999771118164,27.079999923706055,27.079999923706055,601900
2024-06-13,26.90999984741211,27.079999923706055,26.3700008392334,26.559999465942383,26.559999465942383,439900
2024-06-14,26.309999465942383,26.59000015258789,25.530000686645508,25.989999771118164,25.989999771118164,413900
2024-06-17,25.81999969482422,26.520000457763672,25.81999969482422,25.989999771118164,25.989999771118164,432600
2024-06-18,25.979999542236328,26.8799991607666,25.860000610351562,26.65999984741211,26.65999984741211,535800
2024-06-20,26.489999771118164,26.899999618530273,26.149999618530273,26.799999237060547,26.799999237060547,507800
2024-06-21,26.860000610351562,27.3799991607666,26.579999923706055,27.040000915527344,27.040000915527344,2196100
2024-06-24,27.079999923706055,27.579999923706055,26.860000610351562,26.90999984741211,26.90999984741211,443200
2024-06-25,26.8799991607666,27.040000915527344,26.43000030517578,26.510000228881836,26.510000228881836,422600
2024-06-26,26.309999465942383,26.959999084472656,26.170000076293945,26.719999313354492,26.719999313354492,441300
2024-06-27,26.780000686645508,26.90999984741211,26.170000076293945,26.8700008392334,26.8700008392334,480400
2024-06-28,27.020000457763672,27.549999237060547,26.559999465942383,26.75,26.75,2640700
2024-07-01,26.850000381469727,27.290000915527344,26.329999923706055,26.549999237060547,26.549999237060547,336100
2024-07-02,26.489999771118164,26.489999771118164,25.65999984741211,25.770000457763672,25.770000457763672,271100
2024-07-03,25.850000381469727,26.040000915527344,25.549999237060547,26.010000228881836,26.010000228881836,148600
2024-07-05,25.899999618530273,26.190000534057617,25.65999984741211,26.030000686645508,26.030000686645508,223700
2024-07-08,26.15999984741211,26.690000534057617,25.940000534057617,26.239999771118164,26.239999771118164,264300
2024-07-09,26.18000030517578,26.760000228881836,26.079999923706055,26.690000534057617,26.690000534057617,270100
2024-07-10,26.739999771118164,27.489999771118164,26.649999618530273,27.479999542236328,27.479999542236328,286600
2024-07-11,28.030000686645508,28.600000381469727,27.799999237060547,28.489999771118164,28.489999771118164,466400
2024-07-12,28.8799991607666,29.6200008392334,28.469999313354492,28.6200008392334,28.6200008392334,472300
2024-07-15,28.6299991607666,29.299999237060547,28.450000762939453,28.729999542236328,28.729999542236328,474800
2024-07-16,28.989999771118164,29.25,28.600000381469727,28.940000534057617,28.940000534057617,366300
2024-07-17,28.65999984741211,29.700000762939453,28.65999984741211,28.950000762939453,28.950000762939453,439400
2024-07-18,28.6200008392334,29.229999542236328,28.440000534057617,29.100000381469727,29.100000381469727,626300
2024-07-19,29.219999313354492,31.0,29.049999237060547,30.25,30.25,997200
2024-07-22,30.280000686645508,30.829999923706055,29.989999771118164,30.0,30.0,794900
2024-07-23,29.8700008392334,30.40999984741211,29.670000076293945,29.899999618530273,29.899999618530273,426200
2024-07-24,29.760000228881836,30.65999984741211,29.760000228881836,30.440000534057617,30.440000534057617,562100
2024-07-25,30.5,31.149999618530273,30.469999313354492,30.68000030517578,30.68000030517578,472900
2024-07-26,31.0,31.440000534057617,30.309999465942383,30.75,30.75,353400
2024-07-29,30.84000015258789,31.030000686645508,30.3799991607666,30.59000015258789,30.59000015258789,343900
2024-07-30,30.709999084472656,31.049999237060547,29.940000534057617,30.280000686645508,30.280000686645508,326900
2024-07-31,30.459999084472656,30.459999084472656,29.799999237060547,29.81999969482422,29.81999969482422,494700
2024-08-01,29.780000686645508,29.790000915527344,29.15999984741211,29.56999969482422,29.56999969482422,444100
2024-08-02,28.760000228881836,29.329999923706055,28.229999542236328,28.780000686645508,28.780000686645508,452600
2024-08-05,27.450000762939453,28.479999542236328,27.049999237060547,27.920000076293945,27.920000076293945,644700
2024-08-06,27.889999389648438,28.549999237060547,27.579999923706055,27.8799991607666,27.8799991607666,619300
2024-08-07,30.8700008392334,33.93000030517578,30.0,31.920000076293945,31.920000076293945,1845700
2024-08-08,31.899999618530273,32.630001068115234,31.209999084472656,31.479999542236328,31.479999542236328,662800
2024-08-09,31.459999084472656,32.40999984741211,31.459999084472656,32.099998474121094,32.099998474121094,503400
2024-08-12,32.08000183105469,32.54999923706055,31.860000610351562,32.38999938964844,32.38999938964844,526500
2024-08-13,32.5,33.880001068115234,32.439998626708984,33.650001525878906,33.650001525878906,585100
2024-08-14,33.689998626708984,34.0,33.0,33.27000045776367,33.27000045776367,494400
2024-08-15,33.7599983215332,34.41999816894531,33.56999969482422,34.25,34.25,653400
2024-08-16,34.209999084472656,35.02000045776367,34.029998779296875,34.54999923706055,34.54999923706055,470300
2024-08-19,34.4900016784668,34.720001220703125,34.130001068115234,34.209999084472656,34.209999084472656,259600
2024-08-20,34.099998474121094,34.75,33.97999954223633,34.43000030517578,34.43000030517578,322000
2024-08-21,34.59000015258789,34.7400016784668,34.31999969482422,34.689998626708984,34.689998626708984,327200
2024-08-22,34.689998626708984,34.849998474121094,34.279998779296875,34.439998626708984,34.439998626708984,207000
2024-08-23,34.58000183105469,35.029998779296875,34.2400016784668,34.970001220703125,34.970001220703125,342400
2024-08-26,35.18000030517578,35.40999984741211,34.689998626708984,34.869998931884766,34.869998931884766,217300
2024-08-27,34.84000015258789,34.91999816894531,34.529998779296875,34.900001525878906,34.900001525878906,134400
2024-08-28,34.65999984741211,34.79999923706055,34.380001068115234,34.63999938964844,34.63999938964844,297500
2024-08-29,34.900001525878906,35.099998474121094,34.630001068115234,35.0,35.0,186300
2024-08-30,35.11000061035156,35.18000030517578,34.56999969482422,35.15999984741211,35.15999984741211,244800
2024-09-03,34.900001525878906,34.93000030517578,34.38999938964844,34.709999084472656,34.709999084472656,380700
2024-09-04,34.7400016784668,35.02000045776367,34.29999923706055,35.0,35.0,347800
2024-09-05,35.11000061035156,35.150001525878906,34.310001373291016,34.380001068115234,34.380001068115234,191100
2024-09-06,34.2599983215332,34.459999084472656,33.540000915527344,33.84000015258789,33.84000015258789,271200
2024-09-09,33.75,34.27000045776367,33.5,33.90999984741211,33.90999984741211,302500
2024-09-10,33.869998931884766,34.130001068115234,33.25,33.4900016784668,33.4900016784668,246300
2024-09-11,32.709999084472656,32.75,29.5,31.079999923706055,31.079999923706055,1163700
2024-09-12,31.239999771118164,31.56999969482422,30.729999542236328,30.899999618530273,30.899999618530273,479800
2024-09-13,31.219999313354492,31.6200008392334,30.989999771118164,31.110000610351562,31.110000610351562,585200
2024-09-16,31.34000015258789,31.8700008392334,30.780000686645508,31.479999542236328,31.479999542236328,354800
2024-09-17,31.6200008392334,31.950000762939453,31.579999923706055,31.719999313354492,31.719999313354492,244500
2024-09-18,31.639999389648438,32.59000015258789,31.59000015258789,31.84000015258789,31.84000015258789,313100
2024-09-19,32.2599983215332,32.2599983215332,31.780000686645508,32.130001068115234,32.130001068115234,239100
2024-09-20,31.940000534057617,32.209999084472656,31.729999542236328,31.81999969482422,31.81999969482422,1228700
2024-09-23,31.729999542236328,31.739999771118164,30.969999313354492,31.420000076293945,31.420000076293945,302600
2024-09-24,31.5,31.5,30.40999984741211,30.56999969482422,30.56999969482422,348800
2024-09-25,30.600000381469727,30.600000381469727,29.739999771118164,29.940000534057617,29.940000534057617,276300
2024-09-26,30.290000915527344,31.0,29.959999084472656,30.770000457763672,30.770000457763672,306100
2024-09-27,30.850000381469727,31.399999618530273,30.6299991607666,30.75,30.75,316900
2024-09-30,30.81999969482422,31.479999542236328,30.81999969482422,31.18000030517578,31.18000030517578,341700
2024-10-01,31.100000381469727,32.31999969482422,30.829999923706055,32.0,32.0,418800
2024-10-02,31.950000762939453,32.189998626708984,31.639999389648438,32.15999984741211,32.15999984741211,351100
2024-10-03,32.040000915527344,32.650001525878906,31.729999542236328,32.099998474121094,32.099998474121094,278600
2024-10-04,32.40999984741211,32.66999816894531,31.93000030517578,32.02000045776367,32.02000045776367,163700
2024-10-07,31.90999984741211,32.220001220703125,31.360000610351562,32.060001373291016,32.060001373291016,191000
2024-10-08,31.989999771118164,32.599998474121094,31.8700008392334,32.5,32.5,341800
2024-10-09,32.56999969482422,33.29999923706055,32.0099983215332,32.380001068115234,32.380001068115234,307200
2024-10-10,32.2400016784668,32.27000045776367,31.6299991607666,31.889999389648438,31.889999389648438,259300
2024-10-11,32.16999816894531,33.119998931884766,31.989999771118164,33.0,33.0,395900
2024-10-14,32.849998474121094,33.349998474121094,32.650001525878906,32.91999816894531,32.91999816894531,230400
2024-10-15,32.7400016784668,33.650001525878906,32.7400016784668,33.52000045776367,33.52000045776367,335100
2024-10-16,33.650001525878906,34.209999084472656,33.400001525878906,33.97999954223633,33.97999954223633,212900
2024-10-17,34.029998779296875,34.099998474121094,33.56999969482422,33.84000015258789,33.84000015258789,267700
2024-10-18,34.09000015258789,34.66999816894531,33.709999084472656,34.540000915527344,34.540000915527344,248900
2024-10-21,34.529998779296875,34.529998779296875,33.63999938964844,33.66999816894531,33.66999816894531,220900
2024-10-22,33.5099983215332,34.04999923706055,33.27000045776367,33.709999084472656,33.709999084472656,140800
2024-10-23,33.540000915527344,33.91999816894531,33.349998474121094,33.869998931884766,33.869998931884766,225400
2024-10-24,33.880001068115234,34.29999923706055,33.70000076293945,33.79999923706055,33.79999923706055,282800
2024-10-25,33.79999923706055,34.540000915527344,33.79999923706055,33.93000030517578,33.93000030517578,175900
2024-10-28,34.31999969482422,34.68000030517578,34.0,34.15999984741211,34.15999984741211,260500
2024-10-29,34.0,34.380001068115234,33.72999954223633,34.380001068115234,34.380001068115234,272800
2024-10-30,34.09000015258789,35.560001373291016,33.95000076293945,34.869998931884766,34.869998931884766,344800
2024-10-31,34.689998626708984,35.029998779296875,34.0099983215332,34.06999969482422,34.06999969482422,377700
2024-11-01,34.220001220703125,34.54999923706055,33.79999923706055,33.970001220703125,33.970001220703125,788800
2024-11-04,33.959999084472656,34.959999084472656,33.70000076293945,34.70000076293945,34.70000076293945,450600
2024-11-05,39.369998931884766,39.369998931884766,33.43000030517578,34.7400016784668,34.7400016784668,945000
2024-11-06,35.880001068115234,38.209999084472656,35.33000183105469,37.75,37.75,724700
2024-11-07,37.75,37.75,36.22999954223633,36.400001525878906,36.400001525878906,788400
2024-11-08,36.5,36.779998779296875,35.869998931884766,36.599998474121094,36.599998474121094,578600
2024-11-11,36.93000030517578,37.27000045776367,36.02000045776367,36.61000061035156,36.61000061035156,266700
2024-11-12,36.84000015258789,37.9900016784668,36.84000015258789,37.83000183105469,37.83000183105469,425700
2024-11-13,37.939998626708984,38.31999969482422,37.18000030517578,37.77000045776367,37.77000045776367,403600
2024-11-14,37.779998779296875,38.31999969482422,35.869998931884766,36.18000030517578,36.18000030517578,371000
2024-11-15,36.38999938964844,36.38999938964844,35.22999954223633,35.56999969482422,35.56999969482422,403300
2024-11-18,35.61000061035156,36.20000076293945,34.86000061035156,35.25,35.25,224000
2024-11-19,34.880001068115234,35.63999938964844,34.880001068115234,35.529998779296875,35.529998779296875,211600
2024-11-20,35.65999984741211,36.5,35.31999969482422,36.119998931884766,36.119998931884766,203900
2024-11-21,36.29999923706055,36.529998779296875,35.529998779296875,35.81999969482422,35.81999969482422,231900
2024-11-22,36.08000183105469,36.65999984741211,35.849998474121094,36.220001220703125,36.220001220703125,208200
2024-11-25,36.54999923706055,37.209999084472656,36.099998474121094,36.099998474121094,36.099998474121094,283800
2024-11-26,36.11000061035156,36.59000015258789,35.849998474121094,36.13999938964844,36.13999938964844,202200
2024-11-27,36.43000030517578,37.22999954223633,36.029998779296875,36.9900016784668,36.9900016784668,504800
2024-11-29,36.90999984741211,37.04999923706055,36.150001525878906,36.56999969482422,36.56999969482422,223900
2024-12-02,36.45000076293945,37.40999984741211,36.15999984741211,37.310001373291016,37.310001373291016,352900
2024-12-03,37.2400016784668,37.2400016784668,36.209999084472656,37.029998779296875,37.029998779296875,399100
2024-12-04,36.84000015258789,37.52000045776367,36.66999816894531,37.150001525878906,37.150001525878906,271000
2024-12-05,36.83000183105469,37.439998626708984,36.20000076293945,36.9900016784668,36.9900016784668,246700
2024-12-06,37.119998931884766,37.47999954223633,36.7400016784668,37.16999816894531,37.16999816894531,220400
2024-12-09,37.189998626708984,37.619998931884766,36.599998474121094,36.68000030517578,36.68000030517578,272600
2024-12-10,36.790000915527344,37.27000045776367,36.47999954223633,36.7400016784668,36.7400016784668,236500
2024-12-11,37.0099983215332,37.279998779296875,36.59000015258789,36.849998474121094,36.849998474121094,253600
2024-12-12,36.869998931884766,36.970001220703125,36.11000061035156,36.15999984741211,36.15999984741211,507300
2024-12-13,37.279998779296875,37.279998779296875,35.68000030517578,36.16999816894531,36.16999816894531,455600
2024-12-16,36.20000076293945,37.06999969482422,35.959999084472656,36.4900016784668,36.4900016784668,369500
2024-12-17,37.349998474121094,37.349998474121094,36.150001525878906,36.220001220703125,36.220001220703125,311500
2024-12-18,36.2400016784668,36.790000915527344,35.18000030517578,35.459999084472656,35.459999084472656,321300
2024-12-19,35.5,35.790000915527344,35.0,35.77000045776367,35.77000045776367,273500
2024-12-20,35.41999816894531,36.290000915527344,34.380001068115234,35.43000030517578,35.43000030517578,1057600
2024-12-23,35.369998931884766,35.65999984741211,34.810001373291016,35.59000015258789,35.59000015258789,264000
2024-12-24,35.439998626708984,35.63999938964844,34.779998779296875,35.599998474121094,35.599998474121094,125300
2024-12-26,35.41999816894531,36.290000915527344,35.380001068115234,36.279998779296875,36.279998779296875,160400
2024-12-27,36.04999923706055,37.34000015258789,35.70000076293945,37.18000030517578,37.18000030517578,597500
2024-12-30,36.68000030517578,37.279998779296875,35.959999084472656,36.90999984741211,36.90999984741211,493500
2024-12-31,36.90999984741211,37.04999923706055,35.72999954223633,36.15999984741211,36.15999984741211,354500
2025-01-02,36.27000045776367,36.900001525878906,36.099998474121094,36.43000030517578,36.43000030517578,323800
2025-01-03,36.4900016784668,36.93000030517578,36.279998779296875,36.91999816894531,36.91999816894531,405900
2025-01-06,37.5,38.33000183105469,36.79999923706055,37.04999923706055,37.04999923706055,869500
2025-01-07,36.619998931884766,37.54999923706055,36.47999954223633,37.43000030517578,37.43000030517578,248800
2025-01-08,37.22999954223633,38.310001373291016,36.7599983215332,38.060001373291016,38.060001373291016,294500
2025-01-10,37.58000183105469,37.849998474121094,36.79999923706055,37.4900016784668,37.4900016784668,371600
2025-01-13,37.36000061035156,38.060001373291016,37.08000183105469,37.56999969482422,37.56999969482422,301200
2025-01-14,37.70000076293945,37.97999954223633,37.400001525878906,37.81999969482422,37.81999969482422,221900
2025-01-15,38.209999084472656,38.43000030517578,37.529998779296875,38.310001373291016,38.310001373291016,333900
2025-01-16,38.20000076293945,38.68000030517578,37.849998474121094,37.869998931884766,37.869998931884766,312000
2025-01-17,37.91999816894531,38.130001068115234,37.27000045776367,37.7400016784668,37.7400016784668,199700
2025-01-21,37.93000030517578,38.650001525878906,37.93000030517578,38.58000183105469,38.58000183105469,177800
2025-01-22,38.5,38.65999984741211,37.90999984741211,38.16999816894531,38.16999816894531,384800
2025-01-23,38.15999984741211,38.849998474121094,38.0,38.63999938964844,38.63999938964844,446800
2025-01-24,38.380001068115234,39.2400016784668,38.380001068115234,38.54999923706055,38.54999923706055,330100
2025-01-27,38.7599983215332,39.689998626708984,38.20000076293945,39.40999984741211,39.40999984741211,275700
2025-01-28,39.38999938964844,39.689998626708984,38.939998626708984,39.150001525878906,39.150001525878906,212500
2025-01-29,39.150001525878906,39.36000061035156,38.20000076293945,39.0,39.0,255200
2025-01-30,39.400001525878906,39.880001068115234,38.59000015258789,38.689998626708984,38.689998626708984,273400
2025-01-31,38.65999984741211,38.959999084472656,38.33000183105469,38.369998931884766,38.369998931884766,325700
2025-02-03,37.86000061035156,38.220001220703125,36.119998931884766,37.36000061035156,37.36000061035156,807700
2025-02-04,38.5,40.2400016784668,38.5,40.0,40.0,665100
2025-02-05,40.279998779296875,40.279998779296875,39.369998931884766,39.47999954223633,39.47999954223633,310400
2025-02-06,39.34000015258789,39.529998779296875,38.709999084472656,38.849998474121094,38.849998474121094,339400
2025-02-07,38.7400016784668,38.91999816894531,38.13999938964844,38.400001525878906,38.400001525878906,423900
2025-02-10,38.31999969482422,38.849998474121094,37.43000030517578,37.93000030517578,37.93000030517578,275400
2025-02-11,37.7599983215332,38.65999984741211,37.65999984741211,38.650001525878906,38.650001525878906,312100
2025-02-12,38.400001525878906,39.4900016784668,38.27000045776367,38.9900016784668,38.9900016784668,364800
2025-02-13,39.099998474121094,39.540000915527344,38.560001373291016,39.529998779296875,39.529998779296875,204800
2025-02-14,39.59000015258789,39.59000015258789,38.97999954223633,39.11000061035156,39.11000061035156,331100
2025-02-18,39.09000015258789,39.9900016784668,39.06999969482422,39.75,39.75,737500
2025-02-19,32.720001220703125,35.36000061035156,32.529998779296875,33.52000045776367,33.52000045776367,2222400
2025-02-20,33.540000915527344,34.619998931884766,33.40999984741211,34.59000015258789,34.59000015258789,486600
2025-02-21,34.7400016784668,34.869998931884766,32.97999954223633,33.04999923706055,33.04999923706055,758100
2025-02-24,33.36000061035156,34.04999923706055,32.439998626708984,32.68000030517578,32.68000030517578,729100
2025-02-25,32.84000015258789,33.5,31.610000610351562,32.810001373291016,32.810001373291016,961700
2025-02-26,33.59000015258789,34.099998474121094,30.3700008392334,31.90999984741211,31.90999984741211,1452000
2025-02-27,31.90999984741211,32.7400016784668,31.440000534057617,31.760000228881836,31.760000228881836,705900
2025-02-28,31.649999618530273,32.08000183105469,31.1299991607666,32.060001373291016,32.060001373291016,675700
2025-03-03,32.0099983215332,32.209999084472656,31.3700008392334,31.739999771118164,31.739999771118164,764700
2025-03-04,31.43000030517578,31.979999542236328,31.280000686645508,31.649999618530273,31.649999618530273,846400
2025-03-05,31.549999237060547,32.029998779296875,31.299999237060547,31.989999771118164,31.989999771118164,844100
2025-03-06,31.68000030517578,32.20000076293945,31.280000686645508,31.81999969482422,31.81999969482422,531700
2025-03-07,31.719999313354492,32.29999923706055,31.479999542236328,32.06999969482422,32.06999969482422,655900
2025-03-10,31.760000228881836,32.93000030517578,31.299999237060547,32.84000015258789,32.84000015258789,711600
2025-03-11,32.84000015258789,32.900001525878906,31.459999084472656,32.02000045776367,32.02000045776367,1315100
2025-03-12,31.709999084472656,31.979999542236328,30.790000915527344,31.3799991607666,31.3799991607666,1339400
2025-03-13,31.329999923706055,31.90999984741211,31.049999237060547,31.170000076293945,31.170000076293945,781700
2025-03-14,31.309999465942383,31.56999969482422,31.110000610351562,31.260000228881836,31.260000228881836,526100
2025-03-17,31.149999618530273,32.349998474121094,30.940000534057617,32.15999984741211,32.15999984741211,417900
2025-03-18,31.93000030517578,32.31999969482422,31.6299991607666,32.279998779296875,32.279998779296875,403000
2025-03-19,32.130001068115234,32.34000015258789,31.719999313354492,32.029998779296875,32.029998779296875,517300
2025-03-20,31.690000534057617,32.380001068115234,31.690000534057617,32.31999969482422,32.31999969482422,336700
2025-03-21,31.969999313354492,32.900001525878906,31.969999313354492,32.150001525878906,32.150001525878906,2250600
2025-03-24,31.969999313354492,32.88999938964844,31.809999465942383,32.70000076293945,32.70000076293945,380500
2025-03-25,32.540000915527344,33.560001373291016,32.470001220703125,33.04999923706055,33.04999923706055,533400
2025-03-26,33.060001373291016,33.5,32.119998931884766,32.33000183105469,32.33000183105469,277600
2025-03-27,32.38999938964844,32.75,31.739999771118164,32.41999816894531,32.41999816894531,402700
2025-03-28,32.459999084472656,32.459999084472656,32.099998474121094,32.290000915527344,32.290000915527344,245000
2025-03-31,32.11000061035156,32.869998931884766,31.639999389648438,32.75,32.75,333200
2025-04-01,32.47999954223633,32.65999984741211,31.3799991607666,31.68000030517578,31.68000030517578,608400
2025-04-02,31.420000076293945,32.93000030517578,31.1299991607666,32.81999969482422,32.81999969482422,373100
2025-04-03,32.0099983215332,32.84000015258789,32.0099983215332,32.4900016784668,32.4900016784668,542600
2025-04-04,31.68000030517578,33.349998474121094,31.43000030517578,32.7400016784668,32.7400016784668,1501800
2025-04-07,32.150001525878906,34.2599983215332,31.969999313354492,32.27000045776367,32.27000045776367,1213800
2025-04-08,32.75,33.13999938964844,30.239999771118164,30.639999389648438,30.639999389648438,641500
2025-04-09,30.0,32.04999923706055,29.770000457763672,31.760000228881836,31.760000228881836,1031700
2025-04-10,31.3700008392334,31.549999237060547,30.110000610351562,31.06999969482422,31.06999969482422,457300
2025-04-11,31.229999542236328,31.68000030517578,30.600000381469727,31.670000076293945,31.670000076293945,407100
2025-04-14,31.979999542236328,32.279998779296875,31.420000076293945,31.600000381469727,31.600000381469727,540700
2025-04-15,31.950000762939453,32.279998779296875,31.209999084472656,31.459999084472656,31.459999084472656,363900
2025-04-16,32.099998474121094,32.099998474121094,30.59000015258789,30.709999084472656,30.709999084472656,357800
2025-04-17,30.68000030517578,31.149999618530273,30.520000457763672,30.760000228881836,30.760000228881836,476300
2025-04-21,30.489999771118164,31.059999465942383,29.8700008392334,30.290000915527344,30.290000915527344,533000
2025-04-22,31.700000762939453,31.700000762939453,30.239999771118164,30.84000015258789,30.84000015258789,354300
2025-04-23,31.309999465942383,31.639999389648438,30.670000076293945,30.84000015258789,30.84000015258789,423800
2025-04-24,30.84000015258789,31.450000762939453,30.420000076293945,31.350000381469727,31.350000381469727,277900
2025-04-25,31.40999984741211,32.36000061035156,31.15999984741211,32.220001220703125,32.220001220703125,356100
2025-04-28,32.47999954223633,32.56999969482422,31.8799991607666,32.25,32.25,271900
2025-04-29,32.20000076293945,32.599998474121094,31.950000762939453,32.4900016784668,32.4900016784668,217000
2025-04-30,32.599998474121094,32.79999923706055,32.15999984741211,32.47999954223633,32.47999954223633,283700
2025-05-01,31.719999313354492,32.630001068115234,31.350000381469727,32.45000076293945,32.45000076293945,344200
2025-05-02,32.70000076293945,33.279998779296875,32.41999816894531,32.84000015258789,32.84000015258789,359800
2025-05-05,32.900001525878906,33.02000045776367,31.81999969482422,32.38999938964844,32.38999938964844,310000
2025-05-06,32.369998931884766,32.779998779296875,31.700000762939453,32.43000030517578,32.43000030517578,755900
2025-05-07,30.040000915527344,32.2599983215332,29.15999984741211,30.940000534057617,30.940000534057617,1073900
2025-05-08,30.829999923706055,31.90999984741211,30.440000534057617,31.540000915527344,31.540000915527344,421000
2025-05-09,31.540000915527344,32.220001220703125,31.219999313354492,31.700000762939453,31.700000762939453,474200
2025-05-12,32.20000076293945,32.31999969482422,31.59000015258789,32.150001525878906,32.150001525878906,433000
2025-05-13,32.02000045776367,32.40999984741211,31.40999984741211,32.279998779296875,32.279998779296875,380000
2025-05-14,32.18000030517578,32.349998474121094,31.3799991607666,31.540000915527344,31.540000915527344,423200
2025-05-15,31.59000015258789,32.619998931884766,31.479999542236328,32.47999954223633,32.47999954223633,373000
2025-05-16,32.470001220703125,33.7400016784668,32.34000015258789,33.43000030517578,33.43000030517578,549000
2025-05-19,33.27000045776367,33.54999923706055,32.86000061035156,33.04999923706055,33.04999923706055,463700
2025-05-20,32.97999954223633,33.4900016784668,32.83000183105469,33.20000076293945,33.20000076293945,488700
2025-05-21,32.849998474121094,33.15999984741211,32.56999969482422,32.630001068115234,32.630001068115234,350600
2025-05-22,32.540000915527344,32.66999816894531,32.02000045776367,32.040000915527344,32.040000915527344,290000
2025-05-23,31.6299991607666,32.20000076293945,31.559999465942383,32.099998474121094,32.099998474121094,331000
2025-05-27,32.310001373291016,32.849998474121094,32.279998779296875,32.599998474121094,32.599998474121094,355600
2025-05-28,32.560001373291016,32.77000045776367,32.099998474121094,32.150001525878906,32.150001525878906,249900
2025-05-29,32.27000045776367,32.36000061035156,31.579999923706055,31.68000030517578,31.68000030517578,521800
2025-05-30,31.610000610351562,31.899999618530273,31.40999984741211,31.700000762939453,31.700000762939453,750700
2025-06-02,31.780000686645508,32.02000045776367,31.31999969482422,31.90999984741211,31.90999984741211,409500
2025-06-03,31.899999618530273,32.279998779296875,31.459999084472656,32.22999954223633,32.22999954223633,499600
2025-06-04,32.25,32.40999984741211,31.81999969482422,32.29999923706055,32.29999923706055,368000
2025-06-05,32.279998779296875,32.619998931884766,31.989999771118164,32.34000015258789,32.34000015258789,296100
2025-06-06,32.720001220703125,33.20000076293945,32.33000183105469,33.150001525878906,33.150001525878906,354800
2025-06-09,33.279998779296875,33.68000030517578,32.86000061035156,33.27000045776367,33.27000045776367,494700
2025-06-10,33.47999954223633,33.70000076293945,33.11000061035156,33.2599983215332,33.2599983215332,388900
2025-06-11,33.279998779296875,33.65999984741211,32.959999084472656,33.150001525878906,33.150001525878906,1058900
2025-06-12,32.93000030517578,33.27000045776367,32.310001373291016,32.77000045776367,32.77000045776367,744000
2025-06-13,32.36000061035156,32.90999984741211,31.889999389648438,32.029998779296875,32.029998779296875,590700
2025-06-16,32.369998931884766,33.150001525878906,31.799999237060547,32.470001220703125,32.470001220703125,1197300
2025-06-17,32.279998779296875,33.09000015258789,31.559999465942383,32.33000183105469,32.33000183105469,784100
2025-06-18,32.33000183105469,33.2599983215332,32.0099983215332,32.959999084472656,32.959999084472656,583100
2025-06-20,32.959999084472656,33.29999923706055,32.2400016784668,32.279998779296875,32.279998779296875,909400
2025-06-23,32.189998626708984,32.4900016784668,31.459999084472656,31.989999771118164,31.989999771118164,836200
2025-06-24,32.18000030517578,32.66999816894531,31.3799991607666,31.670000076293945,31.670000076293945,742700
2025-06-25,31.549999237060547,31.690000534057617,30.829999923706055,31.239999771118164,31.239999771118164,1053500
2025-06-26,31.31999969482422,31.760000228881836,31.030000686645508,31.200000762939453,31.200000762939453,492500
2025-06-27,31.229999542236328,31.389999389648438,30.93000030517578,31.15999984741211,31.15999984741211,1104200
2025-06-30,31.239999771118164,31.809999465942383,31.15999984741211,31.520000457763672,31.520000457763672,534900
2025-07-01,31.420000076293945,32.779998779296875,31.3700008392334,31.81999969482422,31.81999969482422,856900
2025-07-02,31.809999465942383,32.220001220703125,31.6200008392334,32.06999969482422,32.06999969482422,474500
2025-07-03,32.13999938964844,32.54999923706055,31.75,31.979999542236328,31.979999542236328,212600
2025-07-07,31.780000686645508,32.119998931884766,31.350000381469727,31.450000762939453,31.450000762939453,682200
2025-07-08,31.43000030517578,32.720001220703125,31.3700008392334,32.09000015258789,32.09000015258789,1204600
2025-07-09,32.25,32.95000076293945,32.150001525878906,32.66999816894531,32.66999816894531,874000
2025-07-10,32.709999084472656,33.79999923706055,32.54999923706055,33.13999938964844,33.13999938964844,875200
2025-07-11,33.029998779296875,33.369998931884766,32.4900016784668,33.119998931884766,33.119998931884766,461100
2025-07-14,33.08000183105469,33.97999954223633,33.08000183105469,33.959999084472656,33.959999084472656,594600
2025-07-15,33.869998931884766,34.119998931884766,33.08000183105469,33.5099983215332,33.5099983215332,677100
2025-07-16,33.66999816894531,34.04999923706055,32.90999984741211,33.52000045776367,33.52000045776367,1200500
2025-07-17,33.380001068115234,34.400001525878906,33.380001068115234,33.59000015258789,33.59000015258789,945900
2025-07-18,33.83000183105469,33.83000183105469,32.20000076293945,32.34000015258789,32.34000015258789,690500
2025-07-21,32.34000015258789,33.439998626708984,32.209999084472656,33.22999954223633,33.22999954223633,869800
2025-07-22,33.2400016784668,33.720001220703125,32.52000045776367,32.66999816894531,32.66999816894531,728600
2025-07-23,32.849998474121094,33.369998931884766,32.709999084472656,32.970001220703125,32.970001220703125,498100
2025-07-24,32.900001525878906,33.40999984741211,32.5099983215332,32.849998474121094,32.849998474121094,540300
2025-07-25,32.939998626708984,33.63999938964844,32.529998779296875,33.58000183105469,33.58000183105469,640400
2025-07-28,33.369998931884766,34.209999084472656,33.18000030517578,33.40999984741211,33.40999984741211,583000
2025-07-29,33.52000045776367,33.93000030517578,32.939998626708984,33.45000076293945,33.45000076293945,805600
2025-07-30,34.2599983215332,34.61000061035156,33.47999954223633,33.560001373291016,33.560001373291016,555800
2025-07-31,32.83000183105469,35.91999816894531,32.83000183105469,35.099998474121094,35.099998474121094,1679800
2025-08-01,34.65999984741211,35.689998626708984,34.63999938964844,35.5099983215332,35.5099983215332,858700
2025-08-04,35.58000183105469,37.099998474121094,35.5099983215332,37.04999923706055,37.04999923706055,747300
2025-08-05,36.83000183105469,37.880001068115234,36.459999084472656,37.529998779296875,37.529998779296875,1132200
2025-08-06,39.150001525878906,43.619998931884766,38.2599983215332,42.439998626708984,42.439998626708984,3814700
2025-08-07,42.40999984741211,42.40999984741211,40.43000030517578,41.459999084472656,41.459999084472656,1934500
2025-08-08,41.33000183105469,41.7599983215332,40.2599983215332,41.22999954223633,41.22999954223633,1045100
2025-08-11,41.25,41.599998474121094,40.31999969482422,40.56999969482422,40.56999969482422,877600
2025-08-12,41.119998931884766,41.70000076293945,40.5,41.2400016784668,41.2400016784668,897600
2025-08-13,41.310001373291016,42.959999084472656,41.0099983215332,42.63999938964844,42.63999938964844,1080200
2025-08-14,42.310001373291016,42.650001525878906,41.7599983215332,42.16999816894531,42.16999816894531,804400
2025-08-15,42.2400016784668,43.58000183105469,42.040000915527344,42.689998626708984,42.689998626708984,996300
2025-08-18,42.7599983215332,43.72999954223633,42.470001220703125,42.9900016784668,42.9900016784668,682100
2025-08-19,42.95000076293945,43.06999969482422,41.959999084472656,42.0,42.0,623200
2025-08-20,42.150001525878906,42.959999084472656,41.779998779296875,42.68000030517578,42.68000030517578,812600
2025-08-21,42.720001220703125,43.540000915527344,42.66999816894531,43.31999969482422,43.31999969482422,719000
2025-08-22,43.4900016784668,45.0099983215332,43.4900016784668,44.880001068115234,44.880001068115234,1047700
2025-08-25,44.95000076293945,45.599998474121094,44.369998931884766,44.43000030517578,44.43000030517578,645700
2025-08-26,44.189998626708984,44.68000030517578,43.84000015258789,44.31999969482422,44.31999969482422,372800
2025-08-27,44.09000015258789,45.099998474121094,43.77000045776367,45.06999969482422,45.06999969482422,680800
2025-08-28,45.06999969482422,45.41999816894531,44.16999816894531,45.369998931884766,45.369998931884766,468800
2025-08-29,45.58000183105469,45.58000183105469,44.97999954223633,45.119998931884766,45.119998931884766,481800
2025-09-02,44.95000076293945,45.939998626708984,44.099998474121094,44.540000915527344,44.540000915527344,861800
2025-09-03,44.619998931884766,45.18000030517578,44.529998779296875,44.93000030517578,44.93000030517578,553200
2025-09-04,44.9900016784668,45.5,44.68000030517578,45.43000030517578,45.43000030517578,600900
2025-09-05,45.38999938964844,46.099998474121094,45.189998626708984,46.0,46.0,657600
2025-09-08,45.91999816894531,46.790000915527344,45.599998474121094,45.81999969482422,45.81999969482422,595400
2025-09-09,45.72999954223633,46.220001220703125,45.38999938964844,46.029998779296875,46.029998779296875,561800
2025-09-10,46.0,46.22999954223633,45.2599983215332,46.209999084472656,46.209999084472656,661900
2025-09-11,46.22999954223633,46.720001220703125,45.869998931884766,46.65999984741211,46.65999984741211,470500
2025-09-12,46.470001220703125,46.66999816894531,45.38999938964844,45.459999084472656,45.459999084472656,415100
2025-09-15,45.189998626708984,45.83000183105469,43.900001525878906,43.9900016784668,43.9900016784668,794500
2025-09-16,43.959999084472656,44.20000076293945,43.439998626708984,43.9900016784668,43.9900016784668,1063600
2025-09-17,44.040000915527344,45.15999984741211,43.88999938964844,44.79999923706055,44.79999923706055,629000
2025-09-18,44.63999938964844,46.2400016784668,44.290000915527344,46.130001068115234,46.130001068115234,849600
2025-09-19,46.77000045776367,46.77000045776367,45.75,46.040000915527344,46.040000915527344,1365800
2025-09-22,46.20000076293945,47.06999969482422,45.7599983215332,46.97999954223633,46.97999954223633,681800
2025-09-23,46.70000076293945,47.650001525878906,46.43000030517578,46.83000183105469,46.83000183105469,736500
2025-09-24,46.880001068115234,47.16999816894531,46.439998626708984,47.099998474121094,47.099998474121094,459600
2025-09-25,46.970001220703125,47.52000045776367,46.31999969482422,47.18000030517578,47.18000030517578,726100
2025-09-26,47.439998626708984,48.0,46.86000061035156,47.029998779296875,47.029998779296875,594800
2025-09-29,47.18000030517578,48.150001525878906,46.77000045776367,47.599998474121094,47.599998474121094,705300
2025-09-30,48.0099983215332,48.439998626708984,47.380001068115234,47.790000915527344,47.790000915527344,497500
2025-10-01,47.619998931884766,48.27000045776367,47.290000915527344,48.040000915527344,48.040000915527344,470100
2025-10-02,47.93000030517578,48.63999938964844,47.40999984741211,47.959999084472656,47.959999084472656,592600
2025-10-03,47.970001220703125,49.65999984741211,47.970001220703125,48.349998474121094,48.349998474121094,939400
2025-10-06,48.349998474121094,48.84000015258789,47.34000015258789,48.310001373291016,48.310001373291016,728100
2025-10-07,48.31999969482422,48.47999954223633,47.59000015258789,48.06999969482422,48.06999969482422,564100
2025-10-08,48.040000915527344,48.2400016784668,47.27000045776367,48.0,48.0,584500
2025-10-09,51.08000183105469,51.779998779296875,49.349998474121094,49.5099983215332,49.5099983215332,2131100
2025-10-10,49.38999938964844,49.81999969482422,48.27000045776367,49.0,49.0,1047300
2025-10-13,49.189998626708984,49.349998474121094,48.189998626708984,48.380001068115234,48.380001068115234,561100
2025-10-14,48.310001373291016,49.47999954223633,47.97999954223633,49.220001220703125,49.220001220703125,656200
2025-10-15,49.15999984741211,49.66999816894531,48.81999969482422,49.27000045776367,49.27000045776367,565400
2025-10-16,49.220001220703125,49.77000045776367,48.970001220703125,49.7599983215332,49.7599983215332,374900
2025-10-17,49.689998626708984,50.849998474121094,49.439998626708984,50.16999816894531,50.16999816894531,630200
2025-10-20,50.439998626708984,52.150001525878906,50.11000061035156,51.59000015258789,51.59000015258789,741200
2025-10-21,51.43000030517578,51.599998474121094,50.33000183105469,50.66999816894531,50.66999816894531,422100
2025-10-22,50.720001220703125,51.470001220703125,49.95000076293945,50.66999816894531,50.66999816894531,561900
2025-10-23,51.06999969482422,53.040000915527344,50.70000076293945,52.02000045776367,52.02000045776367,891600
2025-10-24,52.29999923706055,53.279998779296875,52.29999923706055,52.83000183105469,52.83000183105469,840100
2025-10-27,54.0,54.790000915527344,52.61000061035156,52.720001220703125,52.720001220703125,507600
2025-10-28,52.720001220703125,53.380001068115234,51.84000015258789,53.16999816894531,53.16999816894531,410400
2025-10-29,54.900001525878906,55.95000076293945,53.15999984741211,55.68000030517578,55.68000030517578,2314800
2025-10-30,55.61000061035156,57.650001525878906,55.02000045776367,56.5,56.5,859200
2025-10-31,56.33000183105469,57.33000183105469,54.209999084472656,55.130001068115234,55.130001068115234,904200
2025-11-03,55.279998779296875,56.16999816894531,54.27000045776367,55.70000076293945,55.70000076293945,1090900
2025-11-04,55.43000030517578,57.400001525878906,54.61000061035156,57.0,57.0,1478900
2025-11-05,44.70000076293945,51.52000045776367,43.11000061035156,47.11000061035156,47.11000061035156,3999000
2025-11-06,47.08000183105469,47.689998626708984,45.630001068115234,47.27000045776367,47.27000045776367,1441700
2025-11-07,46.77000045776367,47.4900016784668,45.81999969482422,46.02000045776367,46.02000045776367,928000
2025-11-10,46.08000183105469,46.529998779296875,44.5099983215332,45.400001525878906,45.400001525878906,1094200
2025-11-11,45.400001525878906,46.59000015258789,44.470001220703125,46.11000061035156,46.11000061035156,1026500
2025-11-12,46.060001373291016,46.2599983215332,44.119998931884766,44.619998931884766,44.619998931884766,1402000
2025-11-13,44.61000061035156,45.70000076293945,44.22999954223633,44.439998626708984,44.439998626708984,1143100
2025-11-14,44.47999954223633,45.58000183105469,44.220001220703125,45.0,45.0,724900
2025-11-17,45.29999923706055,45.959999084472656,44.70000076293945,45.09000015258789,45.09000015258789,700100
2025-11-18,45.11000061035156,45.72999954223633,44.04999923706055,44.900001525878906,44.900001525878906,810600
2025-11-19,44.689998626708984,46.0,44.52000045776367,45.70000076293945,45.70000076293945,541800
2025-11-20,46.22999954223633,46.470001220703125,44.7599983215332,44.790000915527344,44.790000915527344,744300
2025-11-21,44.72999954223633,46.09000015258789,44.369998931884766,45.31999969482422,45.31999969482422,636500
2025-11-24,45.5,46.0,45.0,45.150001525878906,45.150001525878906,821300
2025-11-25,45.619998931884766,46.790000915527344,45.15999984741211,46.08000183105469,46.08000183105469,994000
2025-11-26,46.13999938964844,47.0,45.720001220703125,46.2599983215332,46.2599983215332,989400
2025-11-28,46.38999938964844,46.56999969482422,45.529998779296875,45.59000015258789,45.59000015258789,433400
2025-12-01,45.380001068115234,45.58000183105469,44.650001525878906,44.70000076293945,44.70000076293945,564700
2025-12-02,44.70000076293945,44.900001525878906,44.09000015258789,44.119998931884766,44.119998931884766,624400
2025-12-03,44.27000045776367,45.06999969482422,44.209999084472656,44.7599983215332,44.7599983215332,527500
2025-12-04,44.7599983215332,45.099998474121094,44.279998779296875,45.099998474121094,45.099998474121094,493700
2025-12-05,44.939998626708984,45.880001068115234,44.5099983215332,45.68000030517578,45.68000030517578,458600
2025-12-08,46.31999969482422,47.2599983215332,45.75,47.15999984741211,47.15999984741211,919300
2025-12-09,47.0099983215332,47.2400016784668,45.36000061035156,45.41999816894531,45.41999816894531,584100
2025-12-10,45.619998931884766,46.900001525878906,45.43000030517578,46.15999984741211,46.15999984741211,663500
2025-12-11,46.41999816894531,47.34000015258789,45.880001068115234,46.5099983215332,46.5099983215332,451800
2025-12-12,46.959999084472656,47.56999969482422,46.36000061035156,47.15999984741211,47.15999984741211,611800
2025-12-15,47.22999954223633,47.79999923706055,46.7599983215332,47.279998779296875,47.279998779296875,687700
2025-12-16,47.279998779296875,48.84000015258789,47.20000076293945,48.31999969482422,48.31999969482422,619200
2025-12-17,48.459999084472656,49.400001525878906,48.18000030517578,48.75,48.75,495500
2025-12-18,48.869998931884766,49.779998779296875,48.630001068115234,49.279998779296875,49.279998779296875,722200
2025-12-19,48.900001525878906,52.11000061035156,47.97999954223633,51.47999954223633,51.47999954223633,1620500
2025-12-22,51.369998931884766,51.65999984741211,50.61000061035156,51.5,51.5,471700
2025-12-23,51.470001220703125,52.279998779296875,51.25,51.709999084472656,51.709999084472656,1323500
2025-12-24,52.209999084472656,52.29999923706055,51.0099983215332,51.77000045776367,51.77000045776367,209000
2025-12-26,51.77000045776367,52.02000045776367,51.290000915527344,51.56999969482422,51.56999969482422,366400
2025-12-29,51.54999923706055,51.75,51.13999938964844,51.25,51.25,385100
2025-12-30,51.31999969482422,51.40999984741211,49.689998626708984,49.88999938964844,49.88999938964844,367700
2025-12-31,50.0,50.099998474121094,49.31999969482422,49.70000076293945,49.70000076293945,364300
2026-01-02,49.70000076293945,50.04999923706055,48.369998931884766,49.470001220703125,49.470001220703125,374900
2026-01-05,49.25,49.77000045776367,48.27000045776367,49.400001525878906,49.400001525878906,448600
2026-01-06,49.18000030517578,49.540000915527344,47.79999923706055,49.2599983215332,49.2599983215332,650000
2026-01-07,50.150001525878906,51.41999816894531,49.900001525878906,51.2400016784668,51.2400016784668,587300
2026-01-08,51.31999969482422,51.83000183105469,50.45000076293945,51.16999816894531,51.16999816894531,352800
2026-01-09,52.0,52.38999938964844,50.45000076293945,51.11000061035156,51.11000061035156,1220300
2026-01-12,52.16999816894531,52.5,50.650001525878906,51.36000061035156,51.36000061035156,712800
2026-01-13,51.06999969482422,51.56999969482422,49.40999984741211,51.45000076293945,51.45000076293945,698400
2026-01-14,51.22999954223633,52.209999084472656,50.61000061035156,51.79999923706055,51.79999923706055,701300
2026-01-15,51.779998779296875,52.34000015258789,50.08000183105469,50.2599983215332,50.2599983215332,653400
2026-01-16,50.189998626708984,50.41999816894531,49.52000045776367,50.0,50.0,581500
2026-01-20,49.720001220703125,50.54999923706055,48.880001068115234,49.81999969482422,49.81999969482422,935200
2026-01-21,49.650001525878906,50.25,48.84000015258789,49.52000045776367,49.52000045776367,506400
2026-01-22,49.68000030517578,50.459999084472656,48.97999954223633,49.099998474121094,49.099998474121094,782400
2026-01-23,48.810001373291016,49.040000915527344,47.939998626708984,48.25,48.25,699900
2026-01-26,48.06999969482422,49.66999816894531,48.06999969482422,49.15999984741211,49.15999984741211,815400
2026-01-27,49.11000061035156,49.529998779296875,48.72999954223633,49.439998626708984,49.439998626708984,478200
2026-01-28,49.40999984741211,50.09000015258789,48.40999984741211,48.939998626708984,48.939998626708984,788900
2026-01-29,48.7400016784668,49.36000061035156,48.040000915527344,49.060001373291016,49.060001373291016,826800
2026-01-30,48.72999954223633,49.06999969482422,48.02000045776367,48.15999984741211,48.15999984741211,792900
2026-02-02,48.150001525878906,49.4900016784668,48.11000061035156,48.779998779296875,48.779998779296875,1011500
2026-02-03,48.86000061035156,49.709999084472656,47.290000915527344,48.400001525878906,48.400001525878906,773500
2026-02-04,48.41999816894531,49.470001220703125,48.20000076293945,49.08000183105469,49.08000183105469,665300
2026-02-05,48.97999954223633,50.099998474121094,48.93000030517578,49.369998931884766,49.369998931884766,565500
2026-02-06,50.0099983215332,51.9900016784668,50.0099983215332,51.650001525878906,51.650001525878906,893900
2026-02-09,51.75,51.959999084472656,50.36000061035156,51.29999923706055,51.29999923706055,654400
2026-02-10,51.439998626708984,51.93000030517578,50.63999938964844,51.18000030517578,51.18000030517578,495000
2026-02-11,51.16999816894531,51.61000061035156,49.939998626708984,51.34000015258789,51.34000015258789,656700
2026-02-12,51.369998931884766,51.59000015258789,49.7599983215332,49.849998474121094,49.849998474121094,675900
2026-02-13,49.849998474121094,51.40999984741211,49.459999084472656,50.84000015258789,50.84000015258789,738700
2026-02-17,50.869998931884766,51.970001220703125,50.459999084472656,51.619998931884766,51.619998931884766,721000
2026-02-18,51.650001525878906,51.650001525878906,50.029998779296875,50.20000076293945,50.20000076293945,494600
2026-02-19,50.27000045776367,51.630001068115234,49.599998474121094,51.349998474121094,51.349998474121094,774000
2026-02-20,51.47999954223633,51.880001068115234,50.189998626708984,50.86000061035156,50.86000061035156,758600
2026-02-23,50.75,51.22999954223633,49.630001068115234,50.689998626708984,50.689998626708984,563500
2026-02-24,50.95000076293945,53.68000030517578,50.77000045776367,53.29999923706055,53.29999923706055,2208200
2026-02-25,56.5,59.68000030517578,55.349998474121094,56.31999969482422,56.31999969482422,2820400
2026-02-26,55.599998474121094,56.380001068115234,54.04999923706055,55.75,55.75,1249200
2026-02-27,56.59000015258789,56.59000015258789,53.11000061035156,54.72999954223633,54.72999954223633,875700
2026-03-02,53.9900016784668,55.279998779296875,53.29999923706055,55.09000015258789,55.09000015258789,474100
2026-03-03,54.27000045776367,55.0,52.95000076293945,54.560001373291016,54.560001373291016,720200
2026-03-04,54.720001220703125,56.4900016784668,54.15999984741211,55.58000183105469,55.58000183105469,616000
2026-03-05,54.810001373291016,55.34000015258789,52.5,54.27000045776367,54.27000045776367,880200
2026-03-06,53.43000030517578,54.2400016784668,52.27000045776367,53.869998931884766,53.869998931884766,649600
2026-03-09,53.560001373291016,54.29999923706055,52.27000045776367,54.16999816894531,54.16999816894531,801800
2026-03-10,54.290000915527344,56.0,53.61000061035156,53.66999816894531,53.66999816894531,514500
2026-03-11,53.15999984741211,53.40999984741211,51.380001068115234,53.220001220703125,53.220001220703125,555000
2026-03-12,51.79999923706055,52.20000076293945,50.41999816894531,50.459999084472656,50.459999084472656,534900
2026-03-13,50.7599983215332,51.810001373291016,49.63999938964844,49.90999984741211,49.90999984741211,802100
2026-03-16,50.0099983215332,51.0,47.709999084472656,50.209999084472656,50.209999084472656,518500
2026-03-17,50.130001068115234,51.150001525878906,49.400001525878906,50.81999969482422,50.81999969482422,549300
2026-03-18,50.47999954223633,50.47999954223633,48.90999984741211,49.290000915527344,49.290000915527344,576000
2026-03-19,49.06999969482422,49.869998931884766,48.56999969482422,48.84000015258789,48.84000015258789,569100
2026-03-20,49.09000015258789,49.290000915527344,46.83000183105469,47.7599983215332,47.7599983215332,1279900
2026-03-23,48.86000061035156,49.36000061035156,47.75,49.25,49.25,831300
2026-03-24,48.79999923706055,49.869998931884766,48.2400016784668,49.380001068115234,49.380001068115234,660900
2026-03-25,50.0099983215332,50.779998779296875,49.810001373291016,50.060001373291016,50.060001373291016,438200
2026-03-26,50.369998931884766,51.0,49.220001220703125,50.79999923706055,50.79999923706055,387400
2026-03-27,50.36000061035156,51.130001068115234,49.0,49.52000045776367,49.52000045776367,547800
2026-03-30,49.880001068115234,50.06999969482422,48.849998474121094,49.349998474121094,49.349998474121094,560700
2026-03-31,49.810001373291016,51.939998626708984,49.650001525878906,51.689998626708984,51.689998626708984,396200
2026-04-01,51.369998931884766,52.689998626708984,51.31999969482422,51.439998626708984,51.439998626708984,624500
2026-04-02,50.4900016784668,51.369998931884766,50.08000183105469,50.47999954223633,50.47999954223633,472500
2026-04-06,50.22999954223633,51.2400016784668,49.81999969482422,50.540000915527344,50.540000915527344,438400
2026-04-07,50.20000076293945,51.060001373291016,49.56999969482422,50.959999084472656,50.959999084472656,873900
2026-04-08,51.970001220703125,52.369998931884766,50.709999084472656,51.61000061035156,51.61000061035156,618500
2026-04-09,51.43000030517578,52.31999969482422,51.0,51.5,51.5,498800
2026-04-10,51.619998931884766,51.709999084472656,50.0,50.68000030517578,50.68000030517578,445300
2026-04-13,50.63999938964844,50.79999923706055,49.650001525878906,49.95000076293945,49.95000076293945,347400
2026-04-14,50.630001068115234,51.029998779296875,49.7599983215332,50.11000061035156,50.11000061035156,460000
2026-04-15,50.11000061035156,50.90999984741211,49.47999954223633,49.939998626708984,49.939998626708984,349000
2026-04-16,49.83000183105469,49.88999938964844,48.349998474121094,49.220001220703125,49.220001220703125,494500
2026-04-17,49.779998779296875,52.310001373291016,49.61000061035156,51.38999938964844,51.38999938964844,797800
2026-04-20,51.099998474121094,51.369998931884766,50.5,51.25,51.25,426500
2026-04-21,51.060001373291016,51.130001068115234,48.9900016784668,49.119998931884766,49.119998931884766,502300
2026-04-22,49.41999816894531,50.31999969482422,49.0099983215332,50.290000915527344,50.290000915527344,391700
2026-04-23,50.75,51.43000030517578,49.45000076293945,50.38999938964844,50.38999938964844,301600
2026-04-24,50.38999938964844,50.5099983215332,48.709999084472656,49.7599983215332,49.7599983215332,482200
2026-04-27,49.58000183105469,50.18000030517578,49.18000030517578,49.459999084472656,49.459999084472656,709700
2026-04-28,50.060001373291016,50.130001068115234,48.119998931884766,48.689998626708984,48.689998626708984,697100
2026-04-29,48.41999816894531,48.900001525878906,47.619998931884766,48.54999923706055,48.54999923706055,512500
2026-04-30,48.75,49.2400016784668,47.849998474121094,48.0,48.0,855500
2026-05-01,48.02000045776367,48.33000183105469,47.16999816894531,47.849998474121094,47.849998474121094,622200
2026-05-04,47.529998779296875,49.0099983215332,47.34000015258789,48.630001068115234,48.630001068115234,1391900
2026-05-05,49.06999969482422,50.54999923706055,48.099998474121094,49.189998626708984,49.189998626708984,1121300
2026-05-06,50.66999816894531,52.959999084472656,46.869998931884766,51.45000076293945,51.45000076293945,1922600
2026-05-07,51.45000076293945,52.5,49.779998779296875,52.279998779296875,52.279998779296875,1055300
2026-05-08,52.459999084472656,52.59000015258789,50.36000061035156,51.529998779296875,51.529998779296875,854500
2026-05-11,51.040000915527344,51.75,49.130001068115234,49.369998931884766,49.369998931884766,853200
2026-05-12,49.61000061035156,50.58000183105469,48.84000015258789,50.529998779296875,50.529998779296875,589600
2026-05-13,50.02000045776367,51.5,50.02000045776367,51.36000061035156,51.36000061035156,432300
2026-05-14,51.72999954223633,52.349998474121094,50.58000183105469,51.20000076293945,51.20000076293945,558700
2026-05-15,50.880001068115234,50.880001068115234,49.150001525878906,49.43000030517578,49.43000030517578,616100
2026-05-18,49.34000015258789,50.0,47.849998474121094,48.33000183105469,48.33000183105469,568900
2026-05-19,48.380001068115234,48.529998779296875,47.52000045776367,47.619998931884766,47.619998931884766,591500
2026-05-20,48.27000045776367,49.2400016784668,47.66999816894531,48.689998626708984,48.689998626708984,606200
2026-05-21,48.68000030517578,49.65999984741211,47.97999954223633,49.380001068115234,49.380001068115234,529500
2026-05-22,49.380001068115234,49.83000183105469,48.16999816894531,48.209999084472656,48.209999084472656,526800
2026-05-26,48.439998626708984,48.68000030517578,47.41999816894531,47.77000045776367,47.77000045776367,474800
2026-05-27,47.7599983215332,48.380001068115234,46.400001525878906,46.63999938964844,46.63999938964844,711000
2026-05-28,46.630001068115234,47.7599983215332,45.91999816894531,46.849998474121094,46.849998474121094,635600
2026-05-29,46.599998474121094,47.150001525878906,45.959999084472656,46.18000030517578,46.18000030517578,544800
2026-06-01,45.83000183105469,46.15999984741211,44.16999816894531,44.7599983215332,44.7599983215332,571000
2026-06-02,44.25,44.470001220703125,43.45000076293945,44.06999969482422,44.06999969482422,711300
2026-06-03,43.93000030517578,44.97999954223633,43.45000076293945,44.040000915527344,44.040000915527344,1003100
2026-06-04,44.65999984741211,45.720001220703125,44.43000030517578,44.70000076293945,44.70000076293945,460500
2026-06-05,45.04999923706055,45.72999954223633,44.599998474121094,44.75,44.75,574100
2026-06-08,44.939998626708984,45.59000015258789,44.34000015258789,44.47999954223633,44.47999954223633,431300
2026-06-09,44.86000061035156,45.790000915527344,44.70000076293945,45.65999984741211,45.65999984741211,380800
2026-06-10,45.439998626708984,46.58000183105469,44.97999954223633,45.09000015258789,45.09000015258789,380100
2026-06-11,45.060001373291016,45.88999938964844,44.40999984741211,45.54999923706055,45.54999923706055,478300
2026-06-12,45.709999084472656,45.709999084472656,44.15999984741211,44.40999984741211,44.40999984741211,825400
2026-06-15,44.36000061035156,44.439998626708984,42.7400016784668,43.86000061035156,43.86000061035156,902300
2026-06-16,44.09000015258789,44.2599983215332,42.45000076293945,43.58000183105469,43.58000183105469,720100
2026-06-17,43.369998931884766,44.0099983215332,42.5,43.58000183105469,43.58000183105469,563000
2026-06-18,44.06999969482422,44.58000183105469,43.540000915527344,44.380001068115234,44.380001068115234,1096000
2026-06-22,44.5,45.0,44.09000015258789,44.47999954223633,44.47999954223633,513600
2026-06-23,44.689998626708984,45.5,44.439998626708984,44.47999954223633,44.47999954223633,544600
2026-06-24,44.54999923706055,45.5,44.119998931884766,45.13999938964844,45.13999938964844,759700
2026-06-25,44.939998626708984,45.459999084472656,44.4900016784668,44.75,44.75,697600
2026-06-26,44.75,47.130001068115234,44.75,46.84000015258789,46.84000015258789,3338800
2026-06-29,46.4900016784668,46.849998474121094,45.79999923706055,46.79999923706055,46.79999923706055,974400
2026-06-30,46.63999938964844,47.08000183105469,46.0,46.5099983215332,46.5099983215332,1146300
2026-07-01,46.97999954223633,47.619998931884766,45.9900016784668,47.40999984741211,47.40999984741211,902200
2026-07-02,47.4900016784668,48.11000061035156,46.970001220703125,48.04999923706055,48.04999923706055,969000
2026-07-06,47.619998931884766,48.119998931884766,46.7599983215332,47.2400016784668,47.2400016784668,882200
2026-07-07,47.7400016784668,48.34000015258789,47.040000915527344,47.939998626708984,47.939998626708984,1017800
2026-07-08,47.849998474121094,50.619998931884766,47.54999923706055,50.439998626708984,50.439998626708984,1430800
2026-07-09,50.81999969482422,51.369998931884766,47.880001068115234,48.75,48.75,1296200
2026-07-10,48.79999923706055,48.79999923706055,47.38999938964844,48.459999084472656,48.459999084472656,1126200
