date,open,high,low,close,adjclose,volume
2021-08-02,38.880001068115234,39.47999954223633,38.279998779296875,38.52000045776367,38.52000045776367,89450
2021-08-03,37.79999923706055,37.79999923706055,32.52000045776367,34.560001373291016,34.560001373291016,297733
2021-08-04,33.720001220703125,36.47999954223633,33.720001220703125,35.279998779296875,35.279998779296875,126008
2021-08-05,34.79999923706055,37.20000076293945,34.439998626708984,36.84000015258789,36.84000015258789,79417
2021-08-06,37.20000076293945,37.439998626708984,35.880001068115234,36.599998474121094,36.599998474121094,85617
2021-08-09,36.599998474121094,37.20000076293945,35.279998779296875,35.52000045776367,35.52000045776367,93408
2021-08-10,35.279998779296875,35.7599983215332,34.68000030517578,34.91999816894531,34.91999816894531,81442
2021-08-11,34.68000030517578,34.91999816894531,33.84000015258789,34.439998626708984,34.439998626708984,60250
2021-08-12,34.560001373291016,35.15999984741211,33.84000015258789,34.560001373291016,34.560001373291016,85983
2021-08-13,34.560001373291016,35.040000915527344,33.2400016784668,33.36000061035156,33.36000061035156,70292
2021-08-16,33.599998474121094,33.599998474121094,32.52000045776367,32.63999938964844,32.63999938964844,91775
2021-08-17,32.15999984741211,33.119998931884766,31.559999465942383,32.040000915527344,32.040000915527344,174967
2021-08-18,31.920000076293945,32.279998779296875,31.079999923706055,31.200000762939453,31.200000762939453,115150
2021-08-19,30.84000015258789,31.31999969482422,30.0,30.479999542236328,30.479999542236328,227208
2021-08-20,30.1200008392334,31.200000762939453,29.760000228881836,30.719999313354492,30.719999313354492,187383
2021-08-23,30.959999084472656,32.400001525878906,30.959999084472656,31.920000076293945,31.920000076293945,145333
2021-08-24,31.799999237060547,32.279998779296875,31.559999465942383,31.68000030517578,31.68000030517578,91325
2021-08-25,31.440000534057617,32.400001525878906,31.31999969482422,32.400001525878906,32.400001525878906,77875
2021-08-26,32.63999938964844,33.47999954223633,31.31999969482422,31.31999969482422,31.31999969482422,93400
2021-08-27,31.799999237060547,33.2400016784668,31.68000030517578,33.119998931884766,33.119998931884766,193342
2021-08-30,33.0,33.47999954223633,31.920000076293945,32.040000915527344,32.040000915527344,89550
2021-08-31,32.040000915527344,32.15999984741211,31.440000534057617,31.799999237060547,31.799999237060547,140333
2021-09-01,31.799999237060547,32.52000045776367,31.200000762939453,32.15999984741211,32.15999984741211,244867
2021-09-02,32.15999984741211,33.36000061035156,31.920000076293945,33.119998931884766,33.119998931884766,268067
2021-09-03,32.880001068115234,33.2400016784668,32.279998779296875,32.880001068115234,32.880001068115234,103083
2021-09-07,32.52000045776367,33.36000061035156,31.559999465942383,32.279998779296875,32.279998779296875,146492
2021-09-08,32.15999984741211,32.63999938964844,31.31999969482422,31.799999237060547,31.799999237060547,226292
2021-09-09,31.799999237060547,33.0,31.68000030517578,32.279998779296875,32.279998779296875,167883
2021-09-10,32.15999984741211,32.7599983215332,31.68000030517578,31.68000030517578,31.68000030517578,99458
2021-09-13,32.040000915527344,32.279998779296875,30.0,30.959999084472656,30.959999084472656,392642
2021-09-14,30.959999084472656,32.15999984741211,30.959999084472656,31.559999465942383,31.559999465942383,111408
2021-09-15,31.440000534057617,31.920000076293945,30.479999542236328,30.600000381469727,30.600000381469727,83358
2021-09-16,30.719999313354492,32.400001525878906,30.479999542236328,32.400001525878906,32.400001525878906,121958
2021-09-17,32.15999984741211,33.2400016784668,31.559999465942383,33.119998931884766,33.119998931884766,456442
2021-09-20,39.84000015258789,42.959999084472656,32.63999938964844,33.720001220703125,33.720001220703125,2927383
2021-09-21,32.880001068115234,35.400001525878906,32.7599983215332,34.31999969482422,34.31999969482422,418967
2021-09-22,34.91999816894531,36.36000061035156,34.31999969482422,35.880001068115234,35.880001068115234,230075
2021-09-23,35.880001068115234,38.400001525878906,35.7599983215332,38.400001525878906,38.400001525878906,226558
2021-09-24,37.68000030517578,39.2400016784668,37.560001373291016,38.040000915527344,38.040000915527344,199417
2021-09-27,37.79999923706055,39.47999954223633,37.79999923706055,38.52000045776367,38.52000045776367,159542
2021-09-28,37.79999923706055,38.279998779296875,37.08000183105469,37.439998626708984,37.439998626708984,183800
2021-09-29,37.79999923706055,37.79999923706055,36.0,36.47999954223633,36.47999954223633,153025
2021-09-30,36.599998474121094,37.91999816894531,36.599998474121094,36.959999084472656,36.959999084472656,273908
2021-10-01,37.08000183105469,37.08000183105469,34.91999816894531,37.08000183105469,37.08000183105469,186675
2021-10-04,36.959999084472656,37.439998626708984,34.439998626708984,34.79999923706055,34.79999923706055,138575
2021-10-05,35.279998779296875,36.119998931884766,33.84000015258789,34.20000076293945,34.20000076293945,219558
2021-10-06,33.959999084472656,34.31999969482422,33.119998931884766,33.599998474121094,33.599998474121094,143592
2021-10-07,33.84000015258789,34.31999969482422,33.47999954223633,33.84000015258789,33.84000015258789,101667
2021-10-08,34.439998626708984,35.7599983215332,33.720001220703125,33.84000015258789,33.84000015258789,89225
2021-10-11,33.47999954223633,34.560001373291016,33.2400016784668,33.720001220703125,33.720001220703125,74508
2021-10-12,33.599998474121094,33.84000015258789,32.7599983215332,32.7599983215332,32.7599983215332,97558
2021-10-13,33.0,33.36000061035156,31.68000030517578,33.0,33.0,67350
2021-10-14,33.119998931884766,33.599998474121094,32.880001068115234,33.0,33.0,64958
2021-10-15,33.84000015258789,33.84000015258789,32.880001068115234,33.119998931884766,33.119998931884766,99783
2021-10-18,32.7599983215332,33.0,31.559999465942383,31.68000030517578,31.68000030517578,164242
2021-10-19,31.68000030517578,32.52000045776367,31.559999465942383,32.279998779296875,32.279998779296875,83958
2021-10-20,32.279998779296875,32.880001068115234,32.040000915527344,32.040000915527344,32.040000915527344,64867
2021-10-21,32.040000915527344,32.400001525878906,30.959999084472656,31.31999969482422,31.31999969482422,92242
2021-10-22,31.31999969482422,31.440000534057617,30.360000610351562,30.600000381469727,30.600000381469727,121842
2021-10-25,30.1200008392334,31.200000762939453,29.639999389648438,31.079999923706055,31.079999923706055,80958
2021-10-26,30.959999084472656,31.920000076293945,30.600000381469727,31.31999969482422,31.31999969482422,61083
2021-10-27,31.31999969482422,31.799999237060547,30.84000015258789,31.079999923706055,31.079999923706055,59417
2021-10-28,31.079999923706055,32.15999984741211,30.719999313354492,32.040000915527344,32.040000915527344,75000
2021-10-29,31.799999237060547,32.15999984741211,30.959999084472656,31.200000762939453,31.200000762939453,91133
2021-11-01,31.200000762939453,32.52000045776367,30.719999313354492,32.400001525878906,32.400001525878906,114058
2021-11-02,32.400001525878906,33.47999954223633,31.799999237060547,33.2400016784668,33.2400016784668,99150
2021-11-03,33.2400016784668,34.20000076293945,33.0,34.20000076293945,34.20000076293945,87625
2021-11-04,34.08000183105469,34.439998626708984,33.599998474121094,34.20000076293945,34.20000076293945,93917
2021-11-05,34.08000183105469,34.560001373291016,32.279998779296875,33.0,33.0,159133
2021-11-08,33.47999954223633,33.959999084472656,33.119998931884766,33.36000061035156,33.36000061035156,83133
2021-11-09,33.599998474121094,33.599998474121094,32.52000045776367,32.880001068115234,32.880001068115234,101942
2021-11-10,32.7599983215332,33.119998931884766,31.079999923706055,31.799999237060547,31.799999237060547,137392
2021-11-11,32.040000915527344,35.279998779296875,31.799999237060547,35.15999984741211,35.15999984741211,149358
2021-11-12,35.400001525878906,39.599998474121094,34.91999816894531,37.68000030517578,37.68000030517578,332200
2021-11-15,37.560001373291016,38.400001525878906,36.84000015258789,37.31999969482422,37.31999969482422,166758
2021-11-16,37.31999969482422,38.63999938964844,36.84000015258789,38.400001525878906,38.400001525878906,187325
2021-11-17,38.52000045776367,39.47999954223633,37.560001373291016,37.79999923706055,37.79999923706055,99692
2021-11-18,37.79999923706055,38.040000915527344,35.15999984741211,35.880001068115234,35.880001068115234,128583
2021-11-19,35.52000045776367,35.880001068115234,33.959999084472656,35.52000045776367,35.52000045776367,106225
2021-11-22,36.0,36.2400016784668,33.84000015258789,34.31999969482422,34.31999969482422,221500
2021-11-23,34.91999816894531,34.91999816894531,32.880001068115234,34.08000183105469,34.08000183105469,142592
2021-11-24,33.599998474121094,33.84000015258789,32.52000045776367,33.599998474121094,33.599998474121094,73567
2021-11-26,33.0,33.47999954223633,31.440000534057617,32.15999984741211,32.15999984741211,99825
2021-11-29,32.7599983215332,32.7599983215332,30.84000015258789,31.079999923706055,31.079999923706055,107867
2021-11-30,31.079999923706055,32.400001525878906,29.8799991607666,32.040000915527344,32.040000915527344,217475
2021-12-01,32.880001068115234,32.880001068115234,30.360000610351562,30.600000381469727,30.600000381469727,148450
2021-12-02,30.479999542236328,31.559999465942383,29.8799991607666,31.200000762939453,31.200000762939453,159275
2021-12-03,31.440000534057617,31.440000534057617,28.920000076293945,29.040000915527344,29.040000915527344,177183
2021-12-06,29.040000915527344,29.399999618530273,27.479999542236328,28.559999465942383,28.559999465942383,116708
2021-12-07,29.15999984741211,30.719999313354492,28.799999237060547,30.0,30.0,110467
2021-12-08,29.8799991607666,30.719999313354492,29.040000915527344,30.360000610351562,30.360000610351562,75125
2021-12-09,30.0,30.600000381469727,29.15999984741211,29.280000686645508,29.280000686645508,116475
2021-12-10,29.639999389648438,29.8799991607666,27.959999084472656,28.079999923706055,28.079999923706055,95333
2021-12-13,27.84000015258789,28.799999237060547,27.239999771118164,28.079999923706055,28.079999923706055,123283
2021-12-14,27.84000015258789,27.959999084472656,26.520000457763672,27.0,27.0,150642
2021-12-15,26.639999389648438,28.31999969482422,26.280000686645508,28.31999969482422,28.31999969482422,248475
2021-12-16,28.68000030517578,28.68000030517578,27.360000610351562,27.479999542236328,27.479999542236328,128350
2021-12-17,26.8799991607666,29.399999618530273,26.8799991607666,28.079999923706055,28.079999923706055,752117
2021-12-20,27.360000610351562,27.719999313354492,26.040000915527344,27.360000610351562,27.360000610351562,147767
2021-12-21,27.719999313354492,27.719999313354492,26.399999618530273,27.360000610351562,27.360000610351562,121967
2021-12-22,27.1200008392334,27.84000015258789,26.520000457763672,27.360000610351562,27.360000610351562,90125
2021-12-23,27.360000610351562,28.200000762939453,26.760000228881836,27.719999313354492,27.719999313354492,83400
2021-12-27,27.600000381469727,27.600000381469727,26.639999389648438,26.760000228881836,26.760000228881836,95675
2021-12-28,26.760000228881836,27.239999771118164,25.31999969482422,25.440000534057617,25.440000534057617,85933
2021-12-29,24.959999084472656,25.31999969482422,24.360000610351562,24.600000381469727,24.600000381469727,90792
2021-12-30,24.84000015258789,25.920000076293945,24.600000381469727,24.84000015258789,24.84000015258789,86767
2021-12-31,25.079999923706055,25.31999969482422,24.239999771118164,24.600000381469727,24.600000381469727,90567
2022-01-03,24.600000381469727,25.31999969482422,23.520000457763672,25.200000762939453,25.200000762939453,147292
2022-01-04,25.31999969482422,25.559999465942383,24.360000610351562,24.600000381469727,24.600000381469727,134242
2022-01-05,24.84000015258789,24.84000015258789,23.639999389648438,23.760000228881836,23.760000228881836,161092
2022-01-06,24.1200008392334,24.1200008392334,22.200000762939453,23.15999984741211,23.15999984741211,206108
2022-01-07,23.520000457763672,23.760000228881836,22.68000030517578,22.68000030517578,22.68000030517578,82175
2022-01-10,22.559999465942383,22.799999237060547,21.600000381469727,22.68000030517578,22.68000030517578,105700
2022-01-11,23.15999984741211,24.0,22.440000534057617,22.920000076293945,22.920000076293945,107017
2022-01-12,23.15999984741211,23.520000457763672,21.719999313354492,21.84000015258789,21.84000015258789,118800
2022-01-13,21.84000015258789,22.440000534057617,21.0,21.1200008392334,21.1200008392334,112633
2022-01-14,20.760000228881836,22.200000762939453,20.760000228881836,21.600000381469727,21.600000381469727,175825
2022-01-18,21.479999542236328,22.079999923706055,19.440000534057617,19.799999237060547,19.799999237060547,173383
2022-01-19,19.68000030517578,21.0,18.959999084472656,19.079999923706055,19.079999923706055,167875
2022-01-20,19.200000762939453,19.920000076293945,18.0,18.360000610351562,18.360000610351562,246925
2022-01-21,18.360000610351562,18.959999084472656,17.760000228881836,17.760000228881836,17.760000228881836,232342
2022-01-24,17.15999984741211,18.600000381469727,16.68000030517578,18.479999542236328,18.479999542236328,201533
2022-01-25,18.0,20.15999984741211,17.639999389648438,20.040000915527344,20.040000915527344,308233
2022-01-26,20.8799991607666,20.8799991607666,18.0,18.239999771118164,18.239999771118164,144592
2022-01-27,18.719999313354492,18.84000015258789,16.920000076293945,17.040000915527344,17.040000915527344,89500
2022-01-28,17.15999984741211,17.280000686645508,16.079999923706055,17.280000686645508,17.280000686645508,139808
2022-01-31,17.280000686645508,18.479999542236328,17.280000686645508,18.360000610351562,18.360000610351562,101925
2022-02-01,18.600000381469727,19.31999969482422,18.0,18.84000015258789,18.84000015258789,96150
2022-02-02,18.959999084472656,19.200000762939453,17.15999984741211,17.399999618530273,17.399999618530273,105933
2022-02-03,16.799999237060547,17.760000228881836,15.84000015258789,16.079999923706055,16.079999923706055,127458
2022-02-04,15.960000038146973,16.68000030517578,15.84000015258789,16.200000762939453,16.200000762939453,120142
2022-02-07,16.200000762939453,17.520000457763672,16.200000762939453,16.799999237060547,16.799999237060547,98983
2022-02-08,16.559999465942383,16.799999237060547,15.84000015258789,16.440000534057617,16.440000534057617,88675
2022-02-09,16.799999237060547,17.760000228881836,16.799999237060547,17.520000457763672,17.520000457763672,102692
2022-02-10,17.280000686645508,18.239999771118164,16.200000762939453,16.559999465942383,16.559999465942383,187800
2022-02-11,16.440000534057617,17.520000457763672,16.200000762939453,16.31999969482422,16.31999969482422,98475
2022-02-14,16.200000762939453,16.31999969482422,15.359999656677246,15.600000381469727,15.600000381469727,86308
2022-02-15,16.079999923706055,16.68000030517578,15.720000267028809,16.559999465942383,16.559999465942383,98442
2022-02-16,16.200000762939453,16.799999237060547,15.960000038146973,16.200000762939453,16.200000762939453,69908
2022-02-17,16.31999969482422,16.440000534057617,14.880000114440918,15.0,15.0,110917
2022-02-18,15.359999656677246,15.479999542236328,14.760000228881836,15.0,15.0,92667
2022-02-22,14.880000114440918,15.600000381469727,14.520000457763672,14.520000457763672,14.520000457763672,85767
2022-02-23,15.0,15.0,13.800000190734863,13.800000190734863,13.800000190734863,131508
2022-02-24,13.199999809265137,15.119999885559082,13.079999923706055,15.0,15.0,115325
2022-02-25,15.0,15.119999885559082,14.279999732971191,14.760000228881836,14.760000228881836,74500
2022-02-28,14.640000343322754,15.119999885559082,14.279999732971191,14.399999618530273,14.399999618530273,65517
2022-03-01,14.520000457763672,15.84000015258789,14.399999618530273,14.399999618530273,14.399999618530273,138500
2022-03-02,14.640000343322754,15.0,14.15999984741211,14.640000343322754,14.640000343322754,85158
2022-03-03,14.520000457763672,14.640000343322754,13.680000305175781,13.800000190734863,13.800000190734863,124567
2022-03-04,13.920000076293945,14.15999984741211,13.199999809265137,13.199999809265137,13.199999809265137,113833
2022-03-07,13.319999694824219,13.4399995803833,12.479999542236328,12.720000267028809,12.720000267028809,144433
2022-03-08,13.199999809265137,14.15999984741211,12.479999542236328,13.4399995803833,13.4399995803833,112292
2022-03-09,14.760000228881836,16.920000076293945,14.039999961853027,16.559999465942383,16.559999465942383,195875
2022-03-10,16.31999969482422,16.440000534057617,14.880000114440918,15.720000267028809,15.720000267028809,135225
2022-03-11,16.31999969482422,18.0,16.079999923706055,16.920000076293945,16.920000076293945,206617
2022-03-14,16.799999237060547,16.920000076293945,13.800000190734863,14.399999618530273,14.399999618530273,293775
2022-03-15,14.520000457763672,14.520000457763672,13.680000305175781,14.039999961853027,14.039999961853027,182275
2022-03-16,14.039999961853027,14.520000457763672,13.319999694824219,14.520000457763672,14.520000457763672,240333
2022-03-17,14.399999618530273,16.079999923706055,14.15999984741211,16.079999923706055,16.079999923706055,214550
2022-03-18,15.960000038146973,16.68000030517578,15.119999885559082,15.960000038146973,15.960000038146973,1091208
2022-03-21,15.84000015258789,15.84000015258789,15.119999885559082,15.239999771118164,15.239999771118164,91242
2022-03-22,15.239999771118164,15.84000015258789,14.880000114440918,15.600000381469727,15.600000381469727,154958
2022-03-23,15.600000381469727,16.200000762939453,15.239999771118164,15.359999656677246,15.359999656677246,78958
2022-03-24,15.720000267028809,15.720000267028809,14.520000457763672,14.760000228881836,14.760000228881836,134792
2022-03-25,14.760000228881836,15.119999885559082,13.920000076293945,14.279999732971191,14.279999732971191,124900
2022-03-28,14.880000114440918,16.079999923706055,14.520000457763672,15.84000015258789,15.84000015258789,155933
2022-03-29,15.84000015258789,18.479999542236328,15.84000015258789,18.1200008392334,18.1200008392334,274442
2022-03-30,18.0,19.799999237060547,17.520000457763672,18.0,18.0,207108
2022-03-31,17.8799991607666,18.1200008392334,16.799999237060547,16.920000076293945,16.920000076293945,93442
2022-04-01,16.920000076293945,17.280000686645508,16.200000762939453,17.15999984741211,17.15999984741211,111908
2022-04-04,17.15999984741211,18.84000015258789,17.15999984741211,18.360000610351562,18.360000610351562,99550
2022-04-05,18.360000610351562,18.600000381469727,17.520000457763672,18.239999771118164,18.239999771118164,98025
2022-04-06,17.760000228881836,19.920000076293945,17.760000228881836,19.079999923706055,19.079999923706055,185292
2022-04-07,19.31999969482422,20.040000915527344,18.84000015258789,19.440000534057617,19.440000534057617,127092
2022-04-08,19.200000762939453,19.440000534057617,18.360000610351562,18.719999313354492,18.719999313354492,105525
2022-04-11,18.360000610351562,18.600000381469727,17.520000457763672,18.239999771118164,18.239999771118164,153408
2022-04-12,18.479999542236328,18.719999313354492,17.639999389648438,17.639999389648438,17.639999389648438,121392
2022-04-13,18.0,18.719999313354492,17.399999618530273,18.360000610351562,18.360000610351562,86550
2022-04-14,19.079999923706055,25.559999465942383,18.84000015258789,21.239999771118164,21.239999771118164,2506558
2022-04-18,21.479999542236328,23.639999389648438,20.520000457763672,21.959999084472656,21.959999084472656,459783
2022-04-19,22.079999923706055,22.440000534057617,19.559999465942383,19.920000076293945,19.920000076293945,223042
2022-04-20,19.799999237060547,21.1200008392334,19.31999969482422,20.280000686645508,20.280000686645508,149883
2022-04-21,20.040000915527344,20.040000915527344,17.8799991607666,18.1200008392334,18.1200008392334,148892
2022-04-22,18.1200008392334,18.959999084472656,18.1200008392334,18.719999313354492,18.719999313354492,92425
2022-04-25,18.600000381469727,19.079999923706055,17.8799991607666,18.959999084472656,18.959999084472656,121450
2022-04-26,18.84000015258789,18.84000015258789,17.8799991607666,18.0,18.0,89367
2022-04-27,18.239999771118164,19.079999923706055,18.0,18.1200008392334,18.1200008392334,100283
2022-04-28,18.0,18.479999542236328,17.040000915527344,18.239999771118164,18.239999771118164,113725
2022-04-29,18.719999313354492,18.959999084472656,16.799999237060547,17.040000915527344,17.040000915527344,108233
2022-05-02,17.15999984741211,17.760000228881836,16.440000534057617,17.399999618530273,17.399999618530273,102867
2022-05-03,17.280000686645508,17.520000457763672,16.440000534057617,16.68000030517578,16.68000030517578,84767
2022-05-04,16.68000030517578,17.520000457763672,15.960000038146973,17.520000457763672,17.520000457763672,88333
2022-05-05,17.399999618530273,18.239999771118164,15.960000038146973,16.079999923706055,16.079999923706055,105383
2022-05-06,15.720000267028809,15.720000267028809,14.880000114440918,15.119999885559082,15.119999885559082,111208
2022-05-09,15.119999885559082,15.359999656677246,13.4399995803833,13.680000305175781,13.680000305175781,150775
2022-05-10,15.359999656677246,15.600000381469727,13.800000190734863,14.520000457763672,14.520000457763672,140767
2022-05-11,13.800000190734863,14.039999961853027,12.0,12.239999771118164,12.239999771118164,216267
2022-05-12,12.0,14.039999961853027,12.0,12.84000015258789,12.84000015258789,175008
2022-05-13,14.039999961853027,14.039999961853027,12.720000267028809,12.960000038146973,12.960000038146973,148208
2022-05-16,12.960000038146973,13.319999694824219,12.359999656677246,12.359999656677246,12.359999656677246,124233
2022-05-17,12.960000038146973,14.039999961853027,12.720000267028809,14.039999961853027,14.039999961853027,223275
2022-05-18,13.920000076293945,14.760000228881836,13.680000305175781,14.039999961853027,14.039999961853027,129442
2022-05-19,14.399999618530273,14.880000114440918,14.039999961853027,14.760000228881836,14.760000228881836,133250
2022-05-20,15.600000381469727,16.200000762939453,14.279999732971191,15.0,15.0,162200
2022-05-23,15.0,15.359999656677246,14.760000228881836,15.0,15.0,77167
2022-05-24,14.520000457763672,15.119999885559082,14.279999732971191,15.0,15.0,95517
2022-05-25,14.640000343322754,15.239999771118164,14.399999618530273,14.880000114440918,14.880000114440918,93258
2022-05-26,14.760000228881836,15.479999542236328,14.760000228881836,14.880000114440918,14.880000114440918,87617
2022-05-27,14.880000114440918,15.600000381469727,14.760000228881836,15.239999771118164,15.239999771118164,67175
2022-05-31,15.119999885559082,15.960000038146973,15.0,15.359999656677246,15.359999656677246,134892
2022-06-01,15.600000381469727,15.960000038146973,14.880000114440918,15.0,15.0,103392
2022-06-02,15.0,15.960000038146973,14.880000114440918,15.600000381469727,15.600000381469727,107392
2022-06-03,15.720000267028809,16.440000534057617,15.359999656677246,15.960000038146973,15.960000038146973,89275
2022-06-06,16.200000762939453,16.31999969482422,14.520000457763672,14.640000343322754,14.640000343322754,258092
2022-06-07,14.399999618530273,16.440000534057617,12.84000015258789,16.31999969482422,16.31999969482422,327742
2022-06-08,15.84000015258789,17.639999389648438,15.479999542236328,17.15999984741211,17.15999984741211,214683
2022-06-09,17.15999984741211,17.15999984741211,15.119999885559082,15.119999885559082,15.119999885559082,157533
2022-06-10,15.0,15.0,14.15999984741211,14.15999984741211,14.15999984741211,81475
2022-06-13,13.680000305175781,13.920000076293945,12.720000267028809,13.680000305175781,13.680000305175781,181892
2022-06-14,13.800000190734863,13.800000190734863,12.239999771118164,12.720000267028809,12.720000267028809,192075
2022-06-15,13.079999923706055,13.319999694824219,12.600000381469727,12.720000267028809,12.720000267028809,152758
2022-06-16,12.960000038146973,13.079999923706055,12.0,12.479999542236328,12.479999542236328,204533
2022-06-17,12.479999542236328,13.5600004196167,12.359999656677246,13.199999809265137,13.199999809265137,182183
2022-06-21,13.4399995803833,13.920000076293945,12.479999542236328,13.199999809265137,13.199999809265137,176925
2022-06-22,13.079999923706055,14.520000457763672,12.84000015258789,13.319999694824219,13.319999694824219,177608
2022-06-23,13.319999694824219,14.880000114440918,13.319999694824219,14.880000114440918,14.880000114440918,183283
2022-06-24,14.760000228881836,15.720000267028809,14.039999961853027,15.119999885559082,15.119999885559082,1897025
2022-06-27,15.479999542236328,15.600000381469727,13.5600004196167,14.520000457763672,14.520000457763672,137608
2022-06-28,14.279999732971191,14.520000457763672,13.680000305175781,13.800000190734863,13.800000190734863,82125
2022-06-29,13.680000305175781,14.640000343322754,13.4399995803833,14.399999618530273,14.399999618530273,101983
2022-06-30,13.920000076293945,14.279999732971191,13.5600004196167,13.920000076293945,13.920000076293945,69292
2022-07-01,13.680000305175781,14.640000343322754,13.079999923706055,13.5600004196167,13.5600004196167,170850
2022-07-05,13.800000190734863,14.760000228881836,13.4399995803833,14.640000343322754,14.640000343322754,113433
2022-07-06,14.640000343322754,14.760000228881836,14.039999961853027,14.15999984741211,14.15999984741211,101500
2022-07-07,14.15999984741211,14.279999732971191,13.079999923706055,13.319999694824219,13.319999694824219,177342
2022-07-08,13.5600004196167,14.399999618530273,13.319999694824219,14.279999732971191,14.279999732971191,131525
2022-07-11,14.039999961853027,14.399999618530273,13.4399995803833,13.680000305175781,13.680000305175781,93158
2022-07-12,13.5600004196167,14.039999961853027,13.079999923706055,14.039999961853027,14.039999961853027,88275
2022-07-13,13.5600004196167,14.279999732971191,13.4399995803833,13.920000076293945,13.920000076293945,66183
2022-07-14,13.800000190734863,14.039999961853027,13.4399995803833,13.5600004196167,13.5600004196167,43350
2022-07-15,13.680000305175781,13.800000190734863,13.319999694824219,13.319999694824219,13.319999694824219,70225
2022-07-18,13.4399995803833,13.800000190734863,13.319999694824219,13.319999694824219,13.319999694824219,73392
2022-07-19,13.199999809265137,14.640000343322754,13.199999809265137,14.520000457763672,14.520000457763672,95375
2022-07-20,14.399999618530273,15.0,14.399999618530273,15.0,15.0,104008
2022-07-21,15.119999885559082,15.119999885559082,14.520000457763672,14.880000114440918,14.880000114440918,56333
2022-07-22,15.0,15.119999885559082,13.920000076293945,14.039999961853027,14.039999961853027,46942
2022-07-25,14.039999961853027,14.15999984741211,13.4399995803833,13.4399995803833,13.4399995803833,45633
2022-07-26,13.4399995803833,13.680000305175781,13.319999694824219,13.319999694824219,13.319999694824219,66258
2022-07-27,13.4399995803833,13.800000190734863,13.319999694824219,13.5600004196167,13.5600004196167,54458
2022-07-28,13.5600004196167,13.680000305175781,13.079999923706055,13.319999694824219,13.319999694824219,62392
2022-07-29,13.319999694824219,13.4399995803833,12.720000267028809,12.84000015258789,12.84000015258789,67567
2022-08-01,12.84000015258789,13.319999694824219,12.600000381469727,12.960000038146973,12.960000038146973,62667
2022-08-02,12.960000038146973,13.319999694824219,12.84000015258789,12.960000038146973,12.960000038146973,64467
2022-08-03,13.079999923706055,13.800000190734863,12.960000038146973,13.4399995803833,13.4399995803833,78733
2022-08-04,13.4399995803833,13.800000190734863,13.4399995803833,13.5600004196167,13.5600004196167,78642
2022-08-05,13.4399995803833,14.399999618530273,13.319999694824219,14.279999732971191,14.279999732971191,119683
2022-08-08,14.039999961853027,15.600000381469727,13.920000076293945,15.359999656677246,15.359999656677246,170108
2022-08-09,15.119999885559082,15.119999885559082,13.800000190734863,14.520000457763672,14.520000457763672,97592
2022-08-10,14.640000343322754,15.359999656677246,14.640000343322754,15.119999885559082,15.119999885559082,76167
2022-08-11,15.239999771118164,15.359999656677246,14.399999618530273,14.520000457763672,14.520000457763672,71708
2022-08-12,14.880000114440918,15.239999771118164,14.640000343322754,15.239999771118164,15.239999771118164,401500
2022-08-15,15.359999656677246,16.799999237060547,15.0,16.440000534057617,16.440000534057617,107792
2022-08-16,16.799999237060547,17.520000457763672,16.200000762939453,16.440000534057617,16.440000534057617,89650
2022-08-17,16.31999969482422,16.68000030517578,15.600000381469727,15.600000381469727,15.600000381469727,64758
2022-08-18,15.600000381469727,15.720000267028809,14.880000114440918,15.119999885559082,15.119999885559082,58833
2022-08-19,14.880000114440918,15.119999885559082,14.039999961853027,14.039999961853027,14.039999961853027,37467
2022-08-22,14.039999961853027,14.640000343322754,13.4399995803833,14.279999732971191,14.279999732971191,1521117
2022-08-23,14.520000457763672,15.119999885559082,14.399999618530273,14.640000343322754,14.640000343322754,34800
2022-08-24,14.399999618530273,16.31999969482422,14.15999984741211,16.200000762939453,16.200000762939453,83483
2022-08-25,16.200000762939453,16.68000030517578,16.200000762939453,16.440000534057617,16.440000534057617,52325
2022-08-26,16.200000762939453,16.31999969482422,15.239999771118164,15.239999771118164,15.239999771118164,63933
2022-08-29,15.239999771118164,15.359999656677246,14.279999732971191,14.399999618530273,14.399999618530273,43142
2022-08-30,14.760000228881836,14.880000114440918,13.680000305175781,14.15999984741211,14.15999984741211,39150
2022-08-31,14.279999732971191,14.640000343322754,13.800000190734863,13.920000076293945,13.920000076293945,29842
2022-09-01,13.920000076293945,14.279999732971191,13.4399995803833,13.800000190734863,13.800000190734863,49267
2022-09-02,13.680000305175781,14.640000343322754,13.680000305175781,14.15999984741211,14.15999984741211,29258
2022-09-06,14.520000457763672,14.520000457763672,13.680000305175781,13.800000190734863,13.800000190734863,30033
2022-09-07,14.520000457763672,14.760000228881836,13.920000076293945,14.640000343322754,14.640000343322754,41200
2022-09-08,14.760000228881836,15.960000038146973,14.520000457763672,15.960000038146973,15.960000038146973,70017
2022-09-09,16.079999923706055,16.079999923706055,14.520000457763672,14.880000114440918,14.880000114440918,58308
2022-09-12,14.640000343322754,15.720000267028809,14.399999618530273,15.479999542236328,15.479999542236328,49817
2022-09-13,15.0,15.0,14.399999618530273,14.640000343322754,14.640000343322754,37500
2022-09-14,14.279999732971191,14.640000343322754,14.15999984741211,14.279999732971191,14.279999732971191,74450
2022-09-15,14.279999732971191,15.239999771118164,14.279999732971191,14.520000457763672,14.520000457763672,30767
2022-09-16,14.279999732971191,14.399999618530273,13.800000190734863,14.15999984741211,14.15999984741211,66258
2022-09-19,13.800000190734863,14.15999984741211,13.199999809265137,13.5600004196167,13.5600004196167,59408
2022-09-20,13.4399995803833,13.5600004196167,13.079999923706055,13.4399995803833,13.4399995803833,74500
2022-09-21,13.319999694824219,13.319999694824219,12.600000381469727,12.720000267028809,12.720000267028809,60517
2022-09-22,12.720000267028809,12.84000015258789,11.039999961853027,12.119999885559082,12.119999885559082,229225
2022-09-23,12.0,12.359999656677246,10.800000190734863,11.039999961853027,11.039999961853027,126792
2022-09-26,10.800000190734863,11.520000457763672,10.800000190734863,11.039999961853027,11.039999961853027,51742
2022-09-27,11.039999961853027,11.640000343322754,10.920000076293945,11.039999961853027,11.039999961853027,38467
2022-09-28,11.15999984741211,11.520000457763672,11.039999961853027,11.15999984741211,11.15999984741211,49667
2022-09-29,11.279999732971191,11.279999732971191,10.199999809265137,10.4399995803833,10.4399995803833,74175
2022-09-30,10.4399995803833,10.800000190734863,10.199999809265137,10.199999809265137,10.199999809265137,52725
2022-10-03,10.5600004196167,10.680000305175781,10.199999809265137,10.4399995803833,10.4399995803833,40250
2022-10-04,8.760000228881836,9.0,6.840000152587891,6.840000152587891,6.840000152587891,687025
2022-10-05,6.960000038146973,6.960000038146973,6.360000133514404,6.360000133514404,6.360000133514404,218067
2022-10-06,6.71999979019165,6.71999979019165,5.880000114440918,6.360000133514404,6.360000133514404,493950
2022-10-07,6.239999771118164,6.480000019073486,5.760000228881836,5.880000114440918,5.880000114440918,141442
2022-10-10,5.760000228881836,6.0,5.639999866485596,5.760000228881836,5.760000228881836,94425
2022-10-11,5.880000114440918,5.880000114440918,5.28000020980835,5.400000095367432,5.400000095367432,166225
2022-10-12,5.519999980926514,5.639999866485596,4.920000076293945,4.920000076293945,4.920000076293945,169975
2022-10-13,4.800000190734863,4.920000076293945,4.559999942779541,4.679999828338623,4.679999828338623,189733
2022-10-14,4.920000076293945,5.039999961853027,4.320000171661377,4.320000171661377,4.320000171661377,190033
2022-10-17,4.679999828338623,4.679999828338623,4.199999809265137,4.440000057220459,4.440000057220459,251600
2022-10-18,4.440000057220459,4.559999942779541,4.199999809265137,4.199999809265137,4.199999809265137,246667
2022-10-19,4.199999809265137,4.320000171661377,3.7200000286102295,3.7200000286102295,3.7200000286102295,347908
2022-10-20,3.7200000286102295,3.8399999141693115,3.4800000190734863,3.5999999046325684,3.5999999046325684,261558
2022-10-21,3.5999999046325684,3.9600000381469727,3.4800000190734863,3.7200000286102295,3.7200000286102295,328875
2022-10-24,3.8399999141693115,3.9600000381469727,3.5999999046325684,3.5999999046325684,3.5999999046325684,236375
2022-10-25,3.5999999046325684,4.679999828338623,3.5999999046325684,4.559999942779541,4.559999942779541,355383
2022-10-26,4.800000190734863,4.920000076293945,4.079999923706055,4.199999809265137,4.199999809265137,274283
2022-10-27,4.320000171661377,4.440000057220459,4.199999809265137,4.199999809265137,4.199999809265137,154900
2022-10-28,4.320000171661377,5.159999847412109,4.079999923706055,4.920000076293945,4.920000076293945,297692
2022-10-31,5.039999961853027,5.159999847412109,4.679999828338623,5.039999961853027,5.039999961853027,161192
2022-11-01,5.159999847412109,5.400000095367432,4.920000076293945,5.159999847412109,5.159999847412109,129658
2022-11-02,5.639999866485596,5.639999866485596,4.679999828338623,4.679999828338623,4.679999828338623,167633
2022-11-03,4.679999828338623,5.039999961853027,4.559999942779541,4.800000190734863,4.800000190734863,55933
2022-11-04,5.039999961853027,5.039999961853027,4.440000057220459,4.679999828338623,4.679999828338623,107183
2022-11-07,4.679999828338623,4.920000076293945,4.559999942779541,4.679999828338623,4.679999828338623,64367
2022-11-08,4.800000190734863,5.159999847412109,4.559999942779541,4.800000190734863,4.800000190734863,81725
2022-11-09,4.679999828338623,4.800000190734863,4.320000171661377,4.559999942779541,4.559999942779541,56617
2022-11-10,4.679999828338623,4.920000076293945,4.440000057220459,4.920000076293945,4.920000076293945,89842
2022-11-11,4.920000076293945,5.159999847412109,4.679999828338623,5.039999961853027,5.039999961853027,89350
2022-11-14,4.920000076293945,5.039999961853027,4.679999828338623,4.800000190734863,4.800000190734863,53050
2022-11-15,4.920000076293945,5.039999961853027,4.679999828338623,5.039999961853027,5.039999961853027,63783
2022-11-16,5.039999961853027,5.039999961853027,4.679999828338623,4.800000190734863,4.800000190734863,61767
2022-11-17,4.800000190734863,4.920000076293945,4.320000171661377,4.800000190734863,4.800000190734863,172142
2022-11-18,4.920000076293945,4.920000076293945,4.559999942779541,4.920000076293945,4.920000076293945,162100
2022-11-21,4.800000190734863,4.920000076293945,4.559999942779541,4.800000190734863,4.800000190734863,90233
2022-11-22,4.679999828338623,4.800000190734863,4.559999942779541,4.559999942779541,4.559999942779541,73167
2022-11-23,4.559999942779541,4.800000190734863,4.559999942779541,4.679999828338623,4.679999828338623,29183
2022-11-25,4.800000190734863,4.920000076293945,4.559999942779541,4.679999828338623,4.679999828338623,42242
2022-11-28,4.679999828338623,4.800000190734863,4.679999828338623,4.679999828338623,4.679999828338623,44975
2022-11-29,4.800000190734863,5.039999961853027,4.679999828338623,4.920000076293945,4.920000076293945,49192
2022-11-30,4.920000076293945,5.639999866485596,4.800000190734863,5.519999980926514,5.519999980926514,82142
2022-12-01,5.519999980926514,5.519999980926514,5.159999847412109,5.28000020980835,5.28000020980835,42567
2022-12-02,5.159999847412109,5.400000095367432,4.920000076293945,5.28000020980835,5.28000020980835,50167
2022-12-05,5.28000020980835,5.400000095367432,4.920000076293945,5.039999961853027,5.039999961853027,71842
2022-12-06,4.920000076293945,5.159999847412109,4.559999942779541,4.800000190734863,4.800000190734863,76717
2022-12-07,4.679999828338623,4.920000076293945,4.679999828338623,4.800000190734863,4.800000190734863,41500
2022-12-08,5.039999961853027,5.159999847412109,4.800000190734863,4.920000076293945,4.920000076293945,378850
2022-12-09,4.920000076293945,5.400000095367432,4.800000190734863,5.400000095367432,5.400000095367432,51617
2022-12-12,5.400000095367432,5.880000114440918,5.159999847412109,5.760000228881836,5.760000228881836,96125
2022-12-13,5.760000228881836,5.760000228881836,4.800000190734863,5.400000095367432,5.400000095367432,69033
2022-12-14,5.28000020980835,5.639999866485596,5.159999847412109,5.28000020980835,5.28000020980835,36600
2022-12-15,5.159999847412109,5.400000095367432,4.920000076293945,5.039999961853027,5.039999961853027,36358
2022-12-16,4.800000190734863,5.039999961853027,4.559999942779541,4.679999828338623,4.679999828338623,197608
2022-12-19,4.559999942779541,4.559999942779541,4.320000171661377,4.559999942779541,4.559999942779541,61975
2022-12-20,4.320000171661377,4.679999828338623,4.320000171661377,4.440000057220459,4.440000057220459,52950
2022-12-21,4.440000057220459,4.800000190734863,4.320000171661377,4.440000057220459,4.440000057220459,47483
2022-12-22,4.440000057220459,4.559999942779541,4.440000057220459,4.440000057220459,4.440000057220459,52542
2022-12-23,4.559999942779541,4.559999942779541,4.079999923706055,4.079999923706055,4.079999923706055,75200
2022-12-27,4.199999809265137,4.199999809265137,3.9600000381469727,3.9600000381469727,3.9600000381469727,78592
2022-12-28,3.9600000381469727,4.199999809265137,3.8399999141693115,4.079999923706055,4.079999923706055,77283
2022-12-29,4.079999923706055,4.559999942779541,4.079999923706055,4.440000057220459,4.440000057220459,73467
2022-12-30,4.079999923706055,4.800000190734863,4.079999923706055,4.800000190734863,4.800000190734863,65100
2023-01-03,4.679999828338623,5.039999961853027,4.679999828338623,5.039999961853027,5.039999961853027,53917
2023-01-04,5.159999847412109,5.519999980926514,4.800000190734863,5.28000020980835,5.28000020980835,95300
2023-01-05,5.28000020980835,5.519999980926514,5.039999961853027,5.400000095367432,5.400000095367432,78342
2023-01-06,5.519999980926514,5.639999866485596,5.28000020980835,5.639999866485596,5.639999866485596,52267
2023-01-09,5.639999866485596,5.760000228881836,5.039999961853027,5.28000020980835,5.28000020980835,53475
2023-01-10,5.400000095367432,6.480000019073486,5.28000020980835,6.0,6.0,127408
2023-01-11,6.119999885559082,7.079999923706055,6.0,6.71999979019165,6.71999979019165,168550
2023-01-12,6.840000152587891,7.079999923706055,6.239999771118164,6.480000019073486,6.480000019073486,79750
2023-01-13,6.599999904632568,7.320000171661377,6.480000019073486,7.320000171661377,7.320000171661377,128225
2023-01-17,7.440000057220459,7.679999828338623,6.840000152587891,7.079999923706055,7.079999923706055,80008
2023-01-18,7.079999923706055,7.199999809265137,6.840000152587891,6.960000038146973,6.960000038146973,48308
2023-01-19,6.599999904632568,6.960000038146973,6.480000019073486,6.71999979019165,6.71999979019165,28733
2023-01-20,6.840000152587891,7.199999809265137,6.480000019073486,7.079999923706055,7.079999923706055,31517
2023-01-23,7.199999809265137,7.440000057220459,6.960000038146973,7.079999923706055,7.079999923706055,58042
2023-01-24,7.559999942779541,7.559999942779541,7.320000171661377,7.320000171661377,7.320000171661377,102400
2023-01-25,7.320000171661377,7.679999828338623,7.079999923706055,7.559999942779541,7.559999942779541,156933
2023-01-26,7.920000076293945,8.279999732971191,7.800000190734863,8.279999732971191,8.279999732971191,68633
2023-01-27,8.15999984741211,8.279999732971191,7.800000190734863,7.920000076293945,7.920000076293945,98217
2023-01-30,8.15999984741211,8.15999984741211,7.559999942779541,7.559999942779541,7.559999942779541,85825
2023-01-31,8.039999961853027,8.279999732971191,7.559999942779541,7.800000190734863,7.800000190734863,58517
2023-02-01,7.679999828338623,8.039999961853027,7.559999942779541,7.679999828338623,7.679999828338623,41225
2023-02-02,8.039999961853027,8.640000343322754,7.679999828338623,8.399999618530273,8.399999618530273,170058
2023-02-03,8.399999618530273,8.640000343322754,8.15999984741211,8.520000457763672,8.520000457763672,57300
2023-02-06,8.520000457763672,8.640000343322754,8.039999961853027,8.279999732971191,8.279999732971191,39575
2023-02-07,8.520000457763672,8.520000457763672,8.039999961853027,8.279999732971191,8.279999732971191,89875
2023-02-08,8.520000457763672,8.640000343322754,8.039999961853027,8.15999984741211,8.15999984741211,55642
2023-02-09,8.15999984741211,8.520000457763672,7.199999809265137,7.440000057220459,7.440000057220459,71608
2023-02-10,7.920000076293945,7.920000076293945,7.440000057220459,7.800000190734863,7.800000190734863,35425
2023-02-13,7.679999828338623,7.800000190734863,7.440000057220459,7.559999942779541,7.559999942779541,20733
2023-02-14,7.559999942779541,7.679999828338623,6.960000038146973,7.079999923706055,7.079999923706055,36100
2023-02-15,7.320000171661377,7.679999828338623,6.960000038146973,7.079999923706055,7.079999923706055,32242
2023-02-16,7.079999923706055,7.320000171661377,6.71999979019165,6.840000152587891,6.840000152587891,55975
2023-02-17,7.199999809265137,7.199999809265137,6.599999904632568,6.960000038146973,6.960000038146973,50150
2023-02-21,6.960000038146973,6.960000038146973,6.239999771118164,6.360000133514404,6.360000133514404,69342
2023-02-22,6.360000133514404,6.480000019073486,5.880000114440918,6.0,6.0,54958
2023-02-23,6.0,6.119999885559082,5.519999980926514,5.760000228881836,5.760000228881836,71900
2023-02-24,5.880000114440918,6.0,5.159999847412109,5.400000095367432,5.400000095367432,59425
2023-02-27,5.639999866485596,6.239999771118164,5.639999866485596,5.880000114440918,5.880000114440918,118983
2023-02-28,6.360000133514404,6.599999904632568,6.0,6.239999771118164,6.239999771118164,40117
2023-03-01,6.239999771118164,6.360000133514404,5.760000228881836,6.0,6.0,51500
2023-03-02,5.760000228881836,6.0,5.760000228881836,5.880000114440918,5.880000114440918,24108
2023-03-03,6.0,6.119999885559082,5.639999866485596,5.880000114440918,5.880000114440918,56867
2023-03-06,6.0,6.0,5.639999866485596,5.639999866485596,5.639999866485596,29575
2023-03-07,5.639999866485596,5.639999866485596,5.28000020980835,5.400000095367432,5.400000095367432,42850
2023-03-08,5.400000095367432,5.519999980926514,5.28000020980835,5.400000095367432,5.400000095367432,78467
2023-03-09,5.400000095367432,5.519999980926514,5.039999961853027,5.159999847412109,5.159999847412109,57617
2023-03-10,5.28000020980835,5.28000020980835,4.320000171661377,4.679999828338623,4.679999828338623,126792
2023-03-13,5.159999847412109,5.400000095367432,4.920000076293945,5.400000095367432,5.400000095367432,97742
2023-03-14,5.400000095367432,5.519999980926514,4.920000076293945,5.159999847412109,5.159999847412109,47233
2023-03-15,5.400000095367432,5.519999980926514,5.039999961853027,5.159999847412109,5.159999847412109,34817
2023-03-16,5.039999961853027,5.400000095367432,4.800000190734863,5.400000095367432,5.400000095367432,42717
2023-03-17,5.400000095367432,5.639999866485596,5.039999961853027,5.519999980926514,5.519999980926514,46950
2023-03-20,5.28000020980835,5.519999980926514,5.159999847412109,5.400000095367432,5.400000095367432,51242
2023-03-21,5.519999980926514,5.519999980926514,5.159999847412109,5.400000095367432,5.400000095367432,31625
2023-03-22,5.400000095367432,5.400000095367432,5.039999961853027,5.159999847412109,5.159999847412109,36042
2023-03-23,5.039999961853027,5.400000095367432,4.920000076293945,5.28000020980835,5.28000020980835,42433
2023-03-24,5.159999847412109,5.28000020980835,5.039999961853027,5.28000020980835,5.28000020980835,22167
2023-03-27,5.28000020980835,5.400000095367432,5.039999961853027,5.039999961853027,5.039999961853027,35025
2023-03-28,5.159999847412109,5.159999847412109,5.039999961853027,5.039999961853027,5.039999961853027,30250
2023-03-29,5.039999961853027,5.400000095367432,5.039999961853027,5.400000095367432,5.400000095367432,51392
2023-03-30,5.400000095367432,5.519999980926514,4.800000190734863,4.800000190734863,4.800000190734863,51967
2023-03-31,5.159999847412109,5.159999847412109,4.800000190734863,5.039999961853027,5.039999961853027,37233
2023-04-03,5.039999961853027,5.039999961853027,4.559999942779541,4.679999828338623,4.679999828338623,67033
2023-04-04,4.679999828338623,4.800000190734863,4.199999809265137,4.199999809265137,4.199999809265137,72475
2023-04-05,4.440000057220459,5.039999961853027,4.440000057220459,5.039999961853027,5.039999961853027,157167
2023-04-06,5.159999847412109,5.159999847412109,4.679999828338623,4.800000190734863,4.800000190734863,36133
2023-04-10,5.039999961853027,5.039999961853027,4.679999828338623,4.800000190734863,4.800000190734863,36425
2023-04-11,4.679999828338623,4.920000076293945,4.440000057220459,4.679999828338623,4.679999828338623,72008
2023-04-12,4.679999828338623,4.920000076293945,4.440000057220459,4.559999942779541,4.559999942779541,35008
2023-04-13,4.800000190734863,4.800000190734863,4.559999942779541,4.679999828338623,4.679999828338623,38883
2023-04-14,4.679999828338623,4.800000190734863,4.559999942779541,4.679999828338623,4.679999828338623,25892
2023-04-17,4.679999828338623,4.800000190734863,4.679999828338623,4.679999828338623,4.679999828338623,33650
2023-04-18,4.800000190734863,4.800000190734863,4.559999942779541,4.559999942779541,4.559999942779541,33633
2023-04-19,4.679999828338623,4.800000190734863,4.559999942779541,4.800000190734863,4.800000190734863,31658
2023-04-20,4.679999828338623,4.800000190734863,4.679999828338623,4.679999828338623,4.679999828338623,14033
2023-04-21,4.679999828338623,4.679999828338623,4.440000057220459,4.440000057220459,4.440000057220459,62625
2023-04-24,4.920000076293945,4.920000076293945,4.440000057220459,4.559999942779541,4.559999942779541,48158
2023-04-25,4.559999942779541,4.679999828338623,4.320000171661377,4.440000057220459,4.440000057220459,33750
2023-04-26,4.559999942779541,4.679999828338623,4.320000171661377,4.440000057220459,4.440000057220459,60650
2023-04-27,4.320000171661377,4.679999828338623,4.320000171661377,4.679999828338623,4.679999828338623,38283
2023-04-28,4.800000190734863,4.800000190734863,4.559999942779541,4.679999828338623,4.679999828338623,49942
2023-05-01,4.800000190734863,5.400000095367432,4.679999828338623,5.28000020980835,5.28000020980835,94900
2023-05-02,5.400000095367432,5.400000095367432,5.159999847412109,5.28000020980835,5.28000020980835,54767
2023-05-03,5.400000095367432,5.400000095367432,5.159999847412109,5.28000020980835,5.28000020980835,64850
2023-05-04,5.400000095367432,5.400000095367432,5.159999847412109,5.400000095367432,5.400000095367432,40650
2023-05-05,5.400000095367432,5.400000095367432,4.800000190734863,5.159999847412109,5.159999847412109,51367
2023-05-08,5.159999847412109,5.28000020980835,4.800000190734863,5.039999961853027,5.039999961853027,52667
2023-05-09,5.039999961853027,5.159999847412109,4.920000076293945,5.159999847412109,5.159999847412109,32083
2023-05-10,5.039999961853027,5.159999847412109,4.920000076293945,5.159999847412109,5.159999847412109,23983
2023-05-11,5.28000020980835,5.28000020980835,4.800000190734863,4.920000076293945,4.920000076293945,59242
2023-05-12,5.159999847412109,5.159999847412109,4.800000190734863,4.800000190734863,4.800000190734863,48050
2023-05-15,5.039999961853027,5.039999961853027,4.920000076293945,5.039999961853027,5.039999961853027,39000
2023-05-16,5.159999847412109,5.159999847412109,4.920000076293945,5.039999961853027,5.039999961853027,53117
2023-05-17,5.039999961853027,5.039999961853027,4.679999828338623,4.800000190734863,4.800000190734863,57575
2023-05-18,5.039999961853027,5.159999847412109,4.800000190734863,5.159999847412109,5.159999847412109,82900
2023-05-19,5.519999980926514,5.639999866485596,5.159999847412109,5.400000095367432,5.400000095367432,133408
2023-05-22,6.0,6.0,5.28000020980835,5.639999866485596,5.639999866485596,98317
2023-05-23,5.639999866485596,5.760000228881836,5.400000095367432,5.519999980926514,5.519999980926514,42475
2023-05-24,5.28000020980835,5.519999980926514,5.28000020980835,5.28000020980835,5.28000020980835,25050
2023-05-25,5.28000020980835,5.880000114440918,4.920000076293945,5.400000095367432,5.400000095367432,106000
2023-05-26,6.0,14.520000457763672,5.519999980926514,12.119999885559082,12.119999885559082,6980975
2023-05-30,12.600000381469727,15.119999885559082,12.0,12.479999542236328,12.479999542236328,1644867
2023-05-31,11.399999618530273,13.4399995803833,10.199999809265137,12.239999771118164,12.239999771118164,1052175
2023-06-01,11.949999809265137,12.470000267028809,11.029999732971191,12.0600004196167,12.0600004196167,295100
2023-06-02,11.75,12.050000190734863,11.40999984741211,11.960000038146973,11.960000038146973,231100
2023-06-05,11.760000228881836,12.800000190734863,11.75,12.050000190734863,12.050000190734863,253900
2023-06-06,12.0,13.329999923706055,11.220000267028809,11.550000190734863,11.550000190734863,421600
2023-06-07,11.380000114440918,11.550000190734863,11.010000228881836,11.199999809265137,11.199999809265137,170400
2023-06-08,11.010000228881836,11.260000228881836,10.899999618530273,11.15999984741211,11.15999984741211,107600
2023-06-09,11.210000038146973,11.210000038146973,10.300000190734863,10.550000190734863,10.550000190734863,213200
2023-06-12,10.489999771118164,11.199999809265137,9.829999923706055,9.890000343322754,9.890000343322754,372600
2023-06-13,9.649999618530273,10.079999923706055,8.800000190734863,9.529999732971191,9.529999732971191,288800
2023-06-14,9.3100004196167,9.619999885559082,9.170000076293945,9.319999694824219,9.319999694824219,105100
2023-06-15,11.119999885559082,12.0,9.960000038146973,10.819999694824219,10.819999694824219,738800
2023-06-16,9.90999984741211,11.119999885559082,9.899999618530273,10.279999732971191,10.279999732971191,1414900
2023-06-20,10.300000190734863,10.350000381469727,9.600000381469727,9.8100004196167,9.8100004196167,309300
2023-06-21,9.739999771118164,9.970000267028809,9.40999984741211,9.720000267028809,9.720000267028809,172300
2023-06-22,9.619999885559082,9.649999618530273,9.25,9.25,9.25,232600
2023-06-23,9.239999771118164,9.270000457763672,8.539999961853027,8.770000457763672,8.770000457763672,270300
2023-06-26,9.449999809265137,9.449999809265137,8.069999694824219,8.550000190734863,8.550000190734863,320600
2023-06-27,8.4399995803833,8.550000190734863,8.039999961853027,8.0600004196167,8.0600004196167,274400
2023-06-28,7.960000038146973,8.0,7.099999904632568,7.099999904632568,7.099999904632568,1098200
2023-06-29,7.28000020980835,7.699999809265137,7.239999771118164,7.590000152587891,7.590000152587891,466500
2023-06-30,7.639999866485596,7.880000114440918,7.400000095367432,7.440000057220459,7.440000057220459,219100
2023-07-03,7.369999885559082,7.769999980926514,7.369999885559082,7.75,7.75,103300
2023-07-05,7.619999885559082,8.100000381469727,7.619999885559082,7.880000114440918,7.880000114440918,217200
2023-07-06,7.929999828338623,8.229999542236328,7.809999942779541,7.960000038146973,7.960000038146973,231200
2023-07-07,7.920000076293945,8.300000190734863,7.849999904632568,8.0,8.0,805300
2023-07-10,8.239999771118164,9.329999923706055,8.09000015258789,8.760000228881836,8.760000228881836,584200
2023-07-11,8.699999809265137,9.300000190734863,8.460000038146973,9.15999984741211,9.15999984741211,472200
2023-07-12,9.470000267028809,9.470000267028809,8.869999885559082,9.050000190734863,9.050000190734863,319000
2023-07-13,9.140000343322754,9.140000343322754,8.739999771118164,9.039999961853027,9.039999961853027,353900
2023-07-14,9.0,9.199999809265137,8.789999961853027,9.079999923706055,9.079999923706055,162600
2023-07-17,9.079999923706055,9.3100004196167,8.960000038146973,9.050000190734863,9.050000190734863,316700
2023-07-18,9.020000457763672,9.430000305175781,8.9399995803833,9.09000015258789,9.09000015258789,249100
2023-07-19,9.09000015258789,9.319999694824219,8.979999542236328,8.979999542236328,8.979999542236328,88300
2023-07-20,8.90999984741211,9.100000381469727,8.90999984741211,9.0600004196167,9.0600004196167,109800
2023-07-21,9.09000015258789,9.989999771118164,9.020000457763672,9.899999618530273,9.899999618530273,223600
2023-07-24,9.899999618530273,10.279999732971191,9.550000190734863,9.65999984741211,9.65999984741211,150600
2023-07-25,9.729999542236328,9.869999885559082,9.420000076293945,9.460000038146973,9.460000038146973,92000
2023-07-26,9.399999618530273,9.600000381469727,9.1899995803833,9.5600004196167,9.5600004196167,210600
2023-07-27,9.5600004196167,9.670000076293945,9.319999694824219,9.640000343322754,9.640000343322754,152000
2023-07-28,9.710000038146973,10.670000076293945,9.619999885559082,10.300000190734863,10.300000190734863,469600
2023-07-31,10.300000190734863,11.329999923706055,10.210000038146973,11.0600004196167,11.0600004196167,292700
2023-08-01,11.069999694824219,11.199999809265137,10.770000457763672,10.979999542236328,10.979999542236328,126600
2023-08-02,10.75,10.75,10.25,10.4399995803833,10.4399995803833,102400
2023-08-03,10.3100004196167,10.970000267028809,10.119999885559082,10.789999961853027,10.789999961853027,135900
2023-08-04,10.75,11.289999961853027,10.529999732971191,11.15999984741211,11.15999984741211,158900
2023-08-07,11.09000015258789,11.180000305175781,9.609999656677246,10.220000267028809,10.220000267028809,294100
2023-08-08,10.100000381469727,10.420000076293945,9.90999984741211,10.029999732971191,10.029999732971191,86500
2023-08-09,10.399999618530273,10.649999618530273,9.949999809265137,10.0,10.0,161200
2023-08-10,10.010000228881836,10.329999923706055,9.670000076293945,9.819999694824219,9.819999694824219,122100
2023-08-11,9.720000267028809,10.130000114440918,9.649999618530273,9.8100004196167,9.8100004196167,116100
2023-08-14,9.789999961853027,9.789999961853027,9.359999656677246,9.529999732971191,9.529999732971191,161400
2023-08-15,9.5,9.789999961853027,9.4399995803833,9.550000190734863,9.550000190734863,100600
2023-08-16,9.420000076293945,9.680000305175781,9.279999732971191,9.59000015258789,9.59000015258789,137700
2023-08-17,9.600000381469727,9.869999885559082,9.4399995803833,9.789999961853027,9.789999961853027,146900
2023-08-18,9.670000076293945,10.270000457763672,9.520000457763672,10.25,10.25,173200
2023-08-21,10.289999961853027,11.09000015258789,10.15999984741211,10.619999885559082,10.619999885559082,347000
2023-08-22,10.619999885559082,10.619999885559082,9.640000343322754,9.770000457763672,9.770000457763672,173500
2023-08-23,9.75,10.579999923706055,9.720000267028809,10.569999694824219,10.569999694824219,146800
2023-08-24,10.609999656677246,10.649999618530273,10.15999984741211,10.319999694824219,10.319999694824219,58500
2023-08-25,10.329999923706055,10.569999694824219,10.220000267028809,10.359999656677246,10.359999656677246,55500
2023-08-28,10.430000305175781,10.550000190734863,9.729999542236328,9.979999542236328,9.979999542236328,106700
2023-08-29,9.930000305175781,10.279999732971191,9.760000228881836,9.800000190734863,9.800000190734863,80700
2023-08-30,9.760000228881836,10.0600004196167,9.729999542236328,9.979999542236328,9.979999542236328,81600
2023-08-31,9.880000114440918,10.149999618530273,9.699999809265137,9.760000228881836,9.760000228881836,46200
2023-09-01,9.84000015258789,9.989999771118164,9.600000381469727,9.859999656677246,9.859999656677246,82800
2023-09-05,9.760000228881836,9.890000343322754,9.680000305175781,9.800000190734863,9.800000190734863,44200
2023-09-06,9.770000457763672,9.979999542236328,9.550000190734863,9.960000038146973,9.960000038146973,62900
2023-09-07,9.770000457763672,9.970000267028809,9.569999694824219,9.829999923706055,9.829999923706055,46300
2023-09-08,9.789999961853027,9.789999961853027,9.520000457763672,9.720000267028809,9.720000267028809,54700
2023-09-11,9.850000381469727,9.920000076293945,9.699999809265137,9.789999961853027,9.789999961853027,46800
2023-09-12,9.710000038146973,10.050000190734863,9.569999694824219,9.8100004196167,9.8100004196167,44700
2023-09-13,9.609999656677246,9.800000190734863,9.479999542236328,9.520000457763672,9.520000457763672,110000
2023-09-14,9.550000190734863,9.800000190734863,9.5,9.6899995803833,9.6899995803833,52700
2023-09-15,9.630000114440918,9.930000305175781,9.229999542236328,9.899999618530273,9.899999618530273,526500
2023-09-18,9.569999694824219,10.300000190734863,9.399999618530273,9.899999618530273,9.899999618530273,111300
2023-09-19,9.850000381469727,9.90999984741211,9.449999809265137,9.5,9.5,82800
2023-09-20,9.5,9.609999656677246,9.430000305175781,9.5,9.5,58800
2023-09-21,9.369999885559082,9.539999961853027,9.199999809265137,9.5,9.5,119600
2023-09-22,9.5600004196167,9.829999923706055,9.300000190734863,9.699999809265137,9.699999809265137,99200
2023-09-25,9.59000015258789,9.609999656677246,9.3100004196167,9.369999885559082,9.369999885559082,98200
2023-09-26,9.3100004196167,9.539999961853027,8.819999694824219,8.949999809265137,8.949999809265137,79300
2023-09-27,9.210000038146973,9.5,8.619999885559082,8.770000457763672,8.770000457763672,126900
2023-09-28,8.779999732971191,8.779999732971191,8.050000190734863,8.319999694824219,8.319999694824219,97100
2023-09-29,8.460000038146973,8.470000267028809,7.829999923706055,8.130000114440918,8.130000114440918,157400
2023-10-02,8.109999656677246,8.130000114440918,7.639999866485596,7.840000152587891,7.840000152587891,117500
2023-10-03,7.730000019073486,7.960000038146973,7.559999942779541,7.900000095367432,7.900000095367432,64400
2023-10-04,7.940000057220459,7.940000057220459,7.269999980926514,7.400000095367432,7.400000095367432,81100
2023-10-05,7.449999809265137,7.820000171661377,7.21999979019165,7.75,7.75,82700
2023-10-06,7.699999809265137,8.050000190734863,7.409999847412109,8.010000228881836,8.010000228881836,75000
2023-10-09,7.940000057220459,8.029999732971191,7.570000171661377,7.599999904632568,7.599999904632568,40200
2023-10-10,7.599999904632568,8.15999984741211,7.559999942779541,8.0600004196167,8.0600004196167,95300
2023-10-11,8.0600004196167,8.3100004196167,7.949999809265137,8.220000267028809,8.220000267028809,66600
2023-10-12,8.289999961853027,9.0,7.5,7.650000095367432,7.650000095367432,150600
2023-10-13,7.590000152587891,8.069999694824219,7.360000133514404,7.909999847412109,7.909999847412109,108300
2023-10-16,7.949999809265137,8.09000015258789,7.820000171661377,7.860000133514404,7.860000133514404,42700
2023-10-17,7.71999979019165,8.020000457763672,7.710000038146973,7.929999828338623,7.929999828338623,63600
2023-10-18,7.909999847412109,7.909999847412109,7.420000076293945,7.590000152587891,7.590000152587891,50200
2023-10-19,7.570000171661377,7.570000171661377,7.210000038146973,7.25,7.25,58300
2023-10-20,7.21999979019165,7.380000114440918,7.099999904632568,7.340000152587891,7.340000152587891,33100
2023-10-23,7.25,7.25,6.599999904632568,6.619999885559082,6.619999885559082,62000
2023-10-24,6.619999885559082,7.190000057220459,6.579999923706055,6.889999866485596,6.889999866485596,81600
2023-10-25,6.800000190734863,6.800000190734863,6.269999980926514,6.610000133514404,6.610000133514404,76300
2023-10-26,6.75,7.329999923706055,6.5,6.75,6.75,150500
2023-10-27,6.5,6.78000020980835,6.150000095367432,6.21999979019165,6.21999979019165,87300
2023-10-30,6.179999828338623,6.559999942779541,6.090000152587891,6.21999979019165,6.21999979019165,35800
2023-10-31,6.170000076293945,6.590000152587891,6.170000076293945,6.28000020980835,6.28000020980835,57700
2023-11-01,6.300000190734863,6.46999979019165,6.190000057220459,6.309999942779541,6.309999942779541,42200
2023-11-02,6.329999923706055,6.53000020980835,6.28000020980835,6.440000057220459,6.440000057220459,40000
2023-11-03,6.559999942779541,7.289999961853027,6.519999980926514,6.849999904632568,6.849999904632568,84000
2023-11-06,6.849999904632568,6.920000076293945,6.550000190734863,6.619999885559082,6.619999885559082,51300
2023-11-07,6.53000020980835,7.389999866485596,6.53000020980835,7.059999942779541,7.059999942779541,72700
2023-11-08,7.159999847412109,7.300000190734863,6.800000190734863,7.070000171661377,7.070000171661377,60900
2023-11-09,7.0,7.059999942779541,6.599999904632568,6.670000076293945,6.670000076293945,74300
2023-11-10,6.679999828338623,6.71999979019165,6.0,6.380000114440918,6.380000114440918,76300
2023-11-13,6.320000171661377,6.46999979019165,6.210000038146973,6.380000114440918,6.380000114440918,57100
2023-11-14,6.550000190734863,6.860000133514404,6.090000152587891,6.230000019073486,6.230000019073486,82800
2023-11-15,6.440000057220459,6.440000057220459,6.050000190734863,6.139999866485596,6.139999866485596,71500
2023-11-16,6.170000076293945,6.349999904632568,5.940000057220459,6.050000190734863,6.050000190734863,59400
2023-11-17,6.050000190734863,6.480000019073486,6.010000228881836,6.329999923706055,6.329999923706055,37300
2023-11-20,6.369999885559082,6.5,6.150000095367432,6.449999809265137,6.449999809265137,95000
2023-11-21,6.489999771118164,6.539999961853027,6.210000038146973,6.28000020980835,6.28000020980835,40000
2023-11-22,6.46999979019165,6.480000019073486,6.170000076293945,6.429999828338623,6.429999828338623,76400
2023-11-24,6.400000095367432,6.849999904632568,6.360000133514404,6.769999980926514,6.769999980926514,44900
2023-11-27,6.849999904632568,6.849999904632568,6.5,6.550000190734863,6.550000190734863,46800
2023-11-28,6.5,6.550000190734863,6.289999961853027,6.320000171661377,6.320000171661377,51700
2023-11-29,6.320000171661377,6.579999923706055,6.300000190734863,6.400000095367432,6.400000095367432,43700
2023-11-30,6.46999979019165,6.940000057220459,6.449999809265137,6.889999866485596,6.889999866485596,117300
2023-12-01,6.800000190734863,7.079999923706055,6.559999942779541,7.010000228881836,7.010000228881836,72700
2023-12-04,6.96999979019165,7.570000171661377,6.96999979019165,7.489999771118164,7.489999771118164,76600
2023-12-05,7.5,7.789999961853027,7.190000057220459,7.239999771118164,7.239999771118164,98100
2023-12-06,7.289999961853027,7.789999961853027,7.110000133514404,7.409999847412109,7.409999847412109,61000
2023-12-07,7.429999828338623,7.71999979019165,7.260000228881836,7.590000152587891,7.590000152587891,75100
2023-12-08,7.590000152587891,7.800000190734863,7.309999942779541,7.360000133514404,7.360000133514404,67100
2023-12-11,7.369999885559082,7.400000095367432,7.139999866485596,7.170000076293945,7.170000076293945,44200
2023-12-12,7.139999866485596,7.400000095367432,6.980000019073486,7.03000020980835,7.03000020980835,42500
2023-12-13,7.019999980926514,7.78000020980835,7.010000228881836,7.78000020980835,7.78000020980835,80000
2023-12-14,8.0600004196167,8.0600004196167,7.46999979019165,7.670000076293945,7.670000076293945,167800
2023-12-15,7.630000114440918,7.699999809265137,7.039999961853027,7.610000133514404,7.610000133514404,133500
2023-12-18,7.519999980926514,8.100000381469727,7.420000076293945,7.809999942779541,7.809999942779541,92600
2023-12-19,7.849999904632568,8.029999732971191,7.659999847412109,8.010000228881836,8.010000228881836,70600
2023-12-20,8.039999961853027,8.380000114440918,7.610000133514404,7.769999980926514,7.769999980926514,82700
2023-12-21,7.800000190734863,8.149999618530273,7.699999809265137,8.039999961853027,8.039999961853027,36500
2023-12-22,8.039999961853027,8.539999961853027,7.949999809265137,8.260000228881836,8.260000228881836,63700
2023-12-26,8.319999694824219,8.329999923706055,7.860000133514404,8.039999961853027,8.039999961853027,104300
2023-12-27,8.25,8.350000381469727,7.920000076293945,8.300000190734863,8.300000190734863,96200
2023-12-28,8.260000228881836,8.430000305175781,8.15999984741211,8.270000457763672,8.270000457763672,79000
2023-12-29,8.199999809265137,8.470000267028809,8.100000381469727,8.140000343322754,8.140000343322754,55800
2024-01-02,8.140000343322754,8.649999618530273,8.119999885559082,8.300000190734863,8.300000190734863,77300
2024-01-03,8.130000114440918,8.34000015258789,7.880000114440918,8.180000305175781,8.180000305175781,61000
2024-01-04,8.180000305175781,8.670000076293945,8.029999732971191,8.460000038146973,8.460000038146973,109100
2024-01-05,8.329999923706055,8.6899995803833,8.130000114440918,8.479999542236328,8.479999542236328,77200
2024-01-08,8.449999809265137,9.270000457763672,8.319999694824219,9.270000457763672,9.270000457763672,70300
2024-01-09,9.220000267028809,10.260000228881836,9.1899995803833,10.0,10.0,137000
2024-01-10,10.050000190734863,10.430000305175781,9.9399995803833,10.430000305175781,10.430000305175781,140500
2024-01-11,10.380000114440918,10.739999771118164,10.149999618530273,10.640000343322754,10.640000343322754,115500
2024-01-12,10.739999771118164,11.199999809265137,10.670000076293945,10.989999771118164,10.989999771118164,112100
2024-01-16,11.569999694824219,11.59000015258789,10.510000228881836,11.029999732971191,11.029999732971191,154400
2024-01-17,10.949999809265137,11.300000190734863,10.819999694824219,11.109999656677246,11.109999656677246,96800
2024-01-18,11.109999656677246,11.109999656677246,10.329999923706055,10.390000343322754,10.390000343322754,130700
2024-01-19,10.569999694824219,11.170000076293945,9.779999732971191,11.170000076293945,11.170000076293945,141300
2024-01-22,11.260000228881836,11.430000305175781,10.390000343322754,10.630000114440918,10.630000114440918,114800
2024-01-23,10.829999923706055,10.829999923706055,10.390000343322754,10.739999771118164,10.739999771118164,87600
2024-01-24,10.800000190734863,11.09000015258789,10.5600004196167,10.770000457763672,10.770000457763672,155100
2024-01-25,10.979999542236328,11.989999771118164,10.819999694824219,11.890000343322754,11.890000343322754,118000
2024-01-26,11.779999732971191,12.199999809265137,11.270000457763672,11.520000457763672,11.520000457763672,98200
2024-01-29,11.399999618530273,12.470000267028809,11.399999618530273,12.34000015258789,12.34000015258789,105300
2024-01-30,12.109999656677246,12.130000114440918,10.979999542236328,11.710000038146973,11.710000038146973,192800
2024-01-31,11.550000190734863,12.119999885559082,11.550000190734863,11.75,11.75,114800
2024-02-01,11.720000267028809,12.569999694824219,11.380000114440918,12.25,12.25,167000
2024-02-02,12.390000343322754,12.390000343322754,11.850000381469727,12.25,12.25,79900
2024-02-05,12.020000457763672,12.369999885559082,11.899999618530273,12.300000190734863,12.300000190734863,49700
2024-02-06,12.350000381469727,14.220000267028809,12.319999694824219,14.069999694824219,14.069999694824219,252400
2024-02-07,14.0,14.1899995803833,13.149999618530273,13.449999809265137,13.449999809265137,163800
2024-02-08,13.510000228881836,14.09000015258789,13.119999885559082,13.449999809265137,13.449999809265137,147500
2024-02-09,13.470000267028809,13.970000267028809,13.180000305175781,13.220000267028809,13.220000267028809,133500
2024-02-12,13.199999809265137,13.239999771118164,11.550000190734863,11.859999656677246,11.859999656677246,312300
2024-02-13,11.920000076293945,12.09000015258789,11.260000228881836,11.739999771118164,11.739999771118164,258300
2024-02-14,11.8100004196167,12.180000305175781,11.479999542236328,11.859999656677246,11.859999656677246,198500
2024-02-15,12.100000381469727,12.149999618530273,11.470000267028809,11.739999771118164,11.739999771118164,172700
2024-02-16,11.520000457763672,12.930000305175781,11.399999618530273,12.449999809265137,12.449999809265137,347400
2024-02-20,12.609999656677246,12.789999961853027,12.149999618530273,12.670000076293945,12.670000076293945,101100
2024-02-21,12.739999771118164,13.170000076293945,12.319999694824219,12.329999923706055,12.329999923706055,134800
2024-02-22,12.34000015258789,12.5,11.609999656677246,12.039999961853027,12.039999961853027,164300
2024-02-23,12.380000114440918,13.300000190734863,12.050000190734863,12.699999809265137,12.699999809265137,184500
2024-02-26,12.59000015258789,13.289999961853027,12.199999809265137,13.09000015258789,13.09000015258789,125700
2024-02-27,13.40999984741211,13.819999694824219,12.869999885559082,13.119999885559082,13.119999885559082,99600
2024-02-28,13.029999732971191,13.229999542236328,12.550000190734863,12.8100004196167,12.8100004196167,155200
2024-02-29,13.020000457763672,13.020000457763672,12.329999923706055,12.460000038146973,12.460000038146973,90100
2024-03-01,12.739999771118164,13.609999656677246,12.460000038146973,13.020000457763672,13.020000457763672,279800
2024-03-04,13.050000190734863,13.050000190734863,12.380000114440918,12.6899995803833,12.6899995803833,144900
2024-03-05,12.430000305175781,12.789999961853027,12.270000457763672,12.399999618530273,12.399999618530273,104700
2024-03-06,12.619999885559082,12.859999656677246,12.220000267028809,12.6899995803833,12.6899995803833,87200
2024-03-07,12.75,12.880000114440918,11.779999732971191,11.789999961853027,11.789999961853027,234600
2024-03-08,11.739999771118164,12.0,11.329999923706055,11.569999694824219,11.569999694824219,162200
2024-03-11,11.5600004196167,11.859999656677246,11.4399995803833,11.4399995803833,11.4399995803833,82200
2024-03-12,11.4399995803833,11.5,10.779999732971191,10.84000015258789,10.84000015258789,139500
2024-03-13,10.779999732971191,11.020000457763672,10.600000381469727,10.739999771118164,10.739999771118164,98900
2024-03-14,10.600000381469727,10.630000114440918,10.1899995803833,10.5,10.5,152200
2024-03-15,9.989999771118164,11.109999656677246,9.8100004196167,11.0,11.0,189800
2024-03-18,11.0,11.130000114440918,10.430000305175781,10.619999885559082,10.619999885559082,105200
2024-03-19,10.460000038146973,11.449999809265137,10.210000038146973,11.3100004196167,11.3100004196167,194900
2024-03-20,11.380000114440918,12.239999771118164,11.279999732971191,11.789999961853027,11.789999961853027,367300
2024-03-21,11.699999809265137,12.5,11.399999618530273,11.930000305175781,11.930000305175781,320500
2024-03-22,11.930000305175781,12.369999885559082,11.770000457763672,12.039999961853027,12.039999961853027,275400
2024-03-25,11.979999542236328,12.100000381469727,11.510000228881836,11.529999732971191,11.529999732971191,142200
2024-03-26,11.739999771118164,11.880000114440918,11.40999984741211,11.59000015258789,11.59000015258789,84000
2024-03-27,11.770000457763672,12.260000228881836,11.539999961853027,11.819999694824219,11.819999694824219,168700
2024-03-28,11.789999961853027,12.100000381469727,11.680000305175781,11.800000190734863,11.800000190734863,98800
2024-04-01,11.859999656677246,12.050000190734863,11.399999618530273,11.729999542236328,11.729999542236328,118500
2024-04-02,11.670000076293945,11.859999656677246,11.390000343322754,11.520000457763672,11.520000457763672,87100
2024-04-03,11.579999923706055,12.020000457763672,11.350000381469727,11.979999542236328,11.979999542236328,103800
2024-04-04,11.949999809265137,12.1899995803833,11.289999961853027,11.329999923706055,11.329999923706055,84200
2024-04-05,11.180000305175781,11.8100004196167,10.859999656677246,11.4399995803833,11.4399995803833,88100
2024-04-08,11.420000076293945,11.979999542236328,11.279999732971191,11.859999656677246,11.859999656677246,138400
2024-04-09,12.09000015258789,12.260000228881836,11.600000381469727,11.739999771118164,11.739999771118164,124300
2024-04-10,11.5,11.65999984741211,11.119999885559082,11.300000190734863,11.300000190734863,92000
2024-04-11,11.270000457763672,11.819999694824219,11.119999885559082,11.8100004196167,11.8100004196167,75900
2024-04-12,11.760000228881836,11.770000457763672,11.100000381469727,11.300000190734863,11.300000190734863,85300
2024-04-15,11.300000190734863,11.34000015258789,10.9399995803833,11.069999694824219,11.069999694824219,117000
2024-04-16,11.029999732971191,11.489999771118164,10.930000305175781,10.930000305175781,10.930000305175781,64200
2024-04-17,10.899999618530273,11.180000305175781,10.770000457763672,10.84000015258789,10.84000015258789,54300
2024-04-18,10.890000343322754,11.020000457763672,10.1899995803833,10.229999542236328,10.229999542236328,66800
2024-04-19,10.100000381469727,10.359999656677246,9.5600004196167,9.84000015258789,9.84000015258789,151400
2024-04-22,9.84000015258789,10.0,9.670000076293945,9.739999771118164,9.739999771118164,95500
2024-04-23,9.680000305175781,9.930000305175781,9.579999923706055,9.609999656677246,9.609999656677246,101500
2024-04-24,9.539999961853027,9.75,9.270000457763672,9.3100004196167,9.3100004196167,79300
2024-04-25,9.130000114440918,9.380000114440918,9.020000457763672,9.220000267028809,9.220000267028809,71200
2024-04-26,9.229999542236328,9.520000457763672,9.229999542236328,9.380000114440918,9.380000114440918,42700
2024-04-29,9.399999618530273,9.800000190734863,9.399999618530273,9.630000114440918,9.630000114440918,39800
2024-04-30,9.670000076293945,9.989999771118164,9.670000076293945,9.979999542236328,9.979999542236328,83800
2024-05-01,10.0,10.619999885559082,9.880000114440918,9.979999542236328,9.979999542236328,91200
2024-05-02,10.010000228881836,10.449999809265137,9.8100004196167,10.359999656677246,10.359999656677246,78900
2024-05-03,10.479999542236328,11.15999984741211,10.479999542236328,10.899999618530273,10.899999618530273,104300
2024-05-06,11.010000228881836,12.039999961853027,11.010000228881836,11.84000015258789,11.84000015258789,195200
2024-05-07,11.979999542236328,11.979999542236328,11.119999885559082,11.420000076293945,11.420000076293945,144300
2024-05-08,11.40999984741211,11.630000114440918,11.09000015258789,11.399999618530273,11.399999618530273,82700
2024-05-09,11.350000381469727,12.109999656677246,11.350000381469727,11.920000076293945,11.920000076293945,94600
2024-05-10,11.75,12.069999694824219,11.649999618530273,11.850000381469727,11.850000381469727,85600
2024-05-13,11.8100004196167,12.279999732971191,11.609999656677246,12.020000457763672,12.020000457763672,91400
2024-05-14,12.1899995803833,13.1899995803833,12.0,13.15999984741211,13.15999984741211,229800
2024-05-15,13.329999923706055,13.520000457763672,12.989999771118164,13.119999885559082,13.119999885559082,147400
2024-05-16,13.15999984741211,13.15999984741211,12.0,12.130000114440918,12.130000114440918,352100
2024-05-17,11.989999771118164,12.15999984741211,11.34000015258789,11.5,11.5,137700
2024-05-20,11.430000305175781,11.880000114440918,11.279999732971191,11.609999656677246,11.609999656677246,74700
2024-05-21,11.640000343322754,12.449999809265137,11.420000076293945,12.0600004196167,12.0600004196167,393100
2024-05-22,12.069999694824219,12.329999923706055,11.649999618530273,11.880000114440918,11.880000114440918,74900
2024-05-23,11.859999656677246,12.260000228881836,11.430000305175781,12.180000305175781,12.180000305175781,308800
2024-05-24,4.690000057220459,5.25,4.0,4.119999885559082,4.119999885559082,19714900
2024-05-28,4.489999771118164,4.5,4.019999980926514,4.019999980926514,4.019999980926514,4007200
2024-05-29,4.0,4.320000171661377,3.859999895095825,4.0,4.0,2545400
2024-05-30,4.059999942779541,4.130000114440918,3.950000047683716,3.990000009536743,3.990000009536743,998100
2024-05-31,4.050000190734863,4.079999923706055,3.9200000762939453,3.9600000381469727,3.9600000381469727,979700
2024-06-03,4.0,4.03000020980835,3.8499999046325684,3.940000057220459,3.940000057220459,877500
2024-06-04,3.9200000762939453,3.9200000762939453,3.680000066757202,3.680000066757202,3.680000066757202,1255000
2024-06-05,3.7100000381469727,3.819999933242798,3.630000114440918,3.7899999618530273,3.7899999618530273,792000
2024-06-06,3.7699999809265137,3.859999895095825,3.5899999141693115,3.640000104904175,3.640000104904175,826800
2024-06-07,3.5899999141693115,3.640000104904175,3.390000104904175,3.4000000953674316,3.4000000953674316,872200
2024-06-10,3.4000000953674316,3.4100000858306885,3.2799999713897705,3.319999933242798,3.319999933242798,533400
2024-06-11,3.309999942779541,3.549999952316284,3.2699999809265137,3.4700000286102295,3.4700000286102295,738900
2024-06-12,3.549999952316284,3.609999895095825,3.4600000381469727,3.559999942779541,3.559999942779541,489100
2024-06-13,3.549999952316284,3.700000047683716,3.490000009536743,3.6600000858306885,3.6600000858306885,487600
2024-06-14,3.6700000762939453,3.6700000762939453,3.4600000381469727,3.4700000286102295,3.4700000286102295,364600
2024-06-17,3.509999990463257,3.5799999237060547,3.4100000858306885,3.4700000286102295,3.4700000286102295,372900
2024-06-18,3.5,3.5,3.200000047683716,3.2699999809265137,3.2699999809265137,606900
2024-06-20,3.299999952316284,3.299999952316284,3.140000104904175,3.25,3.25,625700
2024-06-21,3.2799999713897705,3.2899999618530273,3.109999895095825,3.1600000858306885,3.1600000858306885,381400
2024-06-24,3.1500000953674316,3.190000057220459,3.0399999618530273,3.0999999046325684,3.0999999046325684,353900
2024-06-25,3.130000114440918,3.130000114440918,2.940000057220459,2.940000057220459,2.940000057220459,552200
2024-06-26,2.9100000858306885,3.0999999046325684,2.799999952316284,3.069999933242798,3.069999933242798,1035200
2024-06-27,3.0199999809265137,3.180000066757202,2.9000000953674316,2.9000000953674316,2.9000000953674316,997000
2024-06-28,2.930000066757202,3.009999990463257,2.809999942779541,2.9800000190734863,2.9800000190734863,3912200
2024-07-01,3.0,3.2799999713897705,2.9800000190734863,3.25,3.25,847600
2024-07-02,3.190000057220459,3.2200000286102295,2.9200000762939453,2.940000057220459,2.940000057220459,397300
2024-07-03,2.940000057220459,3.009999990463257,2.9000000953674316,2.940000057220459,2.940000057220459,185100
2024-07-05,2.950000047683716,2.950000047683716,2.700000047683716,2.740000009536743,2.740000009536743,690200
2024-07-08,2.700000047683716,2.7799999713897705,2.5999999046325684,2.609999895095825,2.609999895095825,669100
2024-07-09,2.630000114440918,2.8399999141693115,2.609999895095825,2.7899999618530273,2.7899999618530273,505300
2024-07-10,2.799999952316284,2.869999885559082,2.7200000286102295,2.7300000190734863,2.7300000190734863,429800
2024-07-11,2.7799999713897705,3.009999990463257,2.7799999713897705,2.9800000190734863,2.9800000190734863,501300
2024-07-12,3.0299999713897705,3.5199999809265137,3.0299999713897705,3.359999895095825,3.359999895095825,1398200
2024-07-15,3.390000104904175,3.440000057220459,3.2799999713897705,3.369999885559082,3.369999885559082,386300
2024-07-16,3.4100000858306885,3.7799999713897705,3.390000104904175,3.680000066757202,3.680000066757202,601900
2024-07-17,3.680000066757202,3.7899999618530273,3.4000000953674316,3.4200000762939453,3.4200000762939453,606400
2024-07-18,3.380000114440918,3.4700000286102295,3.2699999809265137,3.2899999618530273,3.2899999618530273,231000
2024-07-19,3.3299999237060547,3.359999895095825,3.2200000286102295,3.319999933242798,3.319999933242798,231400
2024-07-22,3.3299999237060547,3.430000066757202,3.259999990463257,3.4200000762939453,3.4200000762939453,252500
2024-07-23,3.4200000762939453,3.630000114440918,3.4000000953674316,3.5899999141693115,3.5899999141693115,757300
2024-07-24,2.7200000286102295,3.009999990463257,2.5399999618530273,2.9600000381469727,2.9600000381469727,2706900
2024-07-25,2.8499999046325684,3.0,2.8499999046325684,2.9700000286102295,2.9700000286102295,546100
2024-07-26,3.0,3.1600000858306885,2.9200000762939453,2.9600000381469727,2.9600000381469727,856500
2024-07-29,2.9600000381469727,2.9600000381469727,2.7200000286102295,2.740000009536743,2.740000009536743,1047100
2024-07-30,2.869999885559082,2.9200000762939453,2.5999999046325684,2.6700000762939453,2.6700000762939453,983600
2024-07-31,2.700000047683716,2.7300000190734863,2.559999942779541,2.5999999046325684,2.5999999046325684,821400
2024-08-01,2.569999933242798,2.609999895095825,2.430000066757202,2.430000066757202,2.430000066757202,611600
2024-08-02,2.4200000762939453,2.609999895095825,2.369999885559082,2.509999990463257,2.509999990463257,706900
2024-08-05,2.299999952316284,2.299999952316284,2.0999999046325684,2.200000047683716,2.200000047683716,913200
2024-08-06,2.299999952316284,2.5,2.25,2.3399999141693115,2.3399999141693115,534100
2024-08-07,2.4100000858306885,2.4100000858306885,2.180000066757202,2.2200000286102295,2.2200000286102295,623600
2024-08-08,2.180000066757202,2.2899999618530273,2.180000066757202,2.240000009536743,2.240000009536743,242000
2024-08-09,2.380000114440918,2.380000114440918,2.2899999618530273,2.3499999046325684,2.3499999046325684,284300
2024-08-12,2.3499999046325684,2.4100000858306885,2.299999952316284,2.319999933242798,2.319999933242798,486600
2024-08-13,2.3299999237060547,2.5,2.3299999237060547,2.490000009536743,2.490000009536743,384900
2024-08-14,2.509999990463257,2.5299999713897705,2.2699999809265137,2.2699999809265137,2.2699999809265137,610500
2024-08-15,2.319999933242798,2.4600000381469727,2.319999933242798,2.3299999237060547,2.3299999237060547,422600
2024-08-16,2.3299999237060547,2.3299999237060547,2.240000009536743,2.299999952316284,2.299999952316284,313100
2024-08-19,2.3299999237060547,2.5299999713897705,2.319999933242798,2.490000009536743,2.490000009536743,438500
2024-08-20,2.5,2.5299999713897705,2.369999885559082,2.450000047683716,2.450000047683716,445000
2024-08-21,2.4700000286102295,2.5299999713897705,2.3499999046325684,2.5,2.5,439700
2024-08-22,2.5,2.509999990463257,2.390000104904175,2.4000000953674316,2.4000000953674316,261000
2024-08-23,2.4100000858306885,2.549999952316284,2.4000000953674316,2.4600000381469727,2.4600000381469727,459800
2024-08-26,2.440000057220459,2.640000104904175,2.440000057220459,2.609999895095825,2.609999895095825,826200
2024-08-27,2.5899999141693115,2.5999999046325684,2.4200000762939453,2.4700000286102295,2.4700000286102295,489500
2024-08-28,2.430000066757202,2.4700000286102295,2.359999895095825,2.430000066757202,2.430000066757202,309900
2024-08-29,2.450000047683716,2.569999933242798,2.430000066757202,2.4600000381469727,2.4600000381469727,400000
2024-08-30,2.4800000190734863,2.5199999809265137,2.380000114440918,2.5,2.5,369100
2024-09-03,2.490000009536743,2.569999933242798,2.359999895095825,2.4200000762939453,2.4200000762939453,474000
2024-09-04,2.430000066757202,2.4700000286102295,2.359999895095825,2.440000057220459,2.440000057220459,436200
2024-09-05,2.430000066757202,2.450000047683716,2.390000104904175,2.4000000953674316,2.4000000953674316,244900
2024-09-06,2.4000000953674316,2.450000047683716,2.3399999141693115,2.4000000953674316,2.4000000953674316,413500
2024-09-09,2.4000000953674316,2.5899999141693115,2.4000000953674316,2.509999990463257,2.509999990463257,537500
2024-09-10,2.509999990463257,2.7699999809265137,2.4600000381469727,2.7300000190734863,2.7300000190734863,934000
2024-09-11,2.740000009536743,2.809999942779541,2.6500000953674316,2.799999952316284,2.799999952316284,438900
2024-09-12,2.7899999618530273,2.819999933242798,2.680000066757202,2.7699999809265137,2.7699999809265137,236400
2024-09-13,2.7799999713897705,2.8499999046325684,2.75,2.809999942779541,2.809999942779541,270800
2024-09-16,2.8399999141693115,2.8399999141693115,2.7100000381469727,2.7300000190734863,2.7300000190734863,315000
2024-09-17,2.75,2.880000114440918,2.700000047683716,2.7799999713897705,2.7799999713897705,342700
2024-09-18,2.7699999809265137,2.890000104904175,2.7100000381469727,2.7100000381469727,2.7100000381469727,346900
2024-09-19,2.819999933242798,2.880000114440918,2.7300000190734863,2.8299999237060547,2.8299999237060547,479200
2024-09-20,2.8299999237060547,2.990000009536743,2.740000009536743,2.880000114440918,2.880000114440918,2214600
2024-09-23,2.9000000953674316,2.9000000953674316,2.640000104904175,2.740000009536743,2.740000009536743,570500
2024-09-24,2.740000009536743,2.7799999713897705,2.6500000953674316,2.680000066757202,2.680000066757202,359200
2024-09-25,2.680000066757202,2.7300000190734863,2.609999895095825,2.630000114440918,2.630000114440918,382500
2024-09-26,2.6700000762939453,2.700000047683716,2.609999895095825,2.609999895095825,2.609999895095825,337400
2024-09-27,2.6700000762939453,2.740000009536743,2.6500000953674316,2.690000057220459,2.690000057220459,329100
2024-09-30,2.799999952316284,3.0199999809265137,2.799999952316284,2.990000009536743,2.990000009536743,1446700
2024-10-01,3.0,3.009999990463257,2.7799999713897705,2.819999933242798,2.819999933242798,563200
2024-10-02,2.8299999237060547,2.950000047683716,2.759999990463257,2.9100000858306885,2.9100000858306885,678900
2024-10-03,2.869999885559082,2.9100000858306885,2.759999990463257,2.7699999809265137,2.7699999809265137,383000
2024-10-04,2.8499999046325684,2.9200000762939453,2.809999942779541,2.869999885559082,2.869999885559082,450700
2024-10-07,2.869999885559082,2.9600000381469727,2.8499999046325684,2.859999895095825,2.859999895095825,344100
2024-10-08,2.8499999046325684,2.950000047683716,2.8299999237060547,2.9200000762939453,2.9200000762939453,386400
2024-10-09,3.0,3.0299999713897705,2.9000000953674316,3.0,3.0,879200
2024-10-10,2.940000057220459,3.0,2.9000000953674316,2.9800000190734863,2.9800000190734863,430800
2024-10-11,2.9800000190734863,3.059999942779541,2.940000057220459,2.9700000286102295,2.9700000286102295,540900
2024-10-14,2.990000009536743,3.0399999618530273,2.9600000381469727,3.0,3.0,509300
2024-10-15,2.9800000190734863,3.25,2.930000066757202,3.130000114440918,3.130000114440918,945000
2024-10-16,3.130000114440918,3.390000104904175,3.130000114440918,3.3299999237060547,3.3299999237060547,1131700
2024-10-17,3.180000066757202,3.180000066757202,2.5399999618530273,2.6600000858306885,2.6600000858306885,4419800
2024-10-18,2.6600000858306885,2.9600000381469727,2.5399999618530273,2.9600000381469727,2.9600000381469727,1952600
2024-10-21,3.0,3.759999990463257,2.950000047683716,3.569999933242798,3.569999933242798,3221700
2024-10-22,3.559999942779541,3.5799999237060547,3.25,3.4200000762939453,3.4200000762939453,993900
2024-10-23,3.4200000762939453,3.4200000762939453,3.200000047683716,3.2799999713897705,3.2799999713897705,837900
2024-10-24,3.2300000190734863,3.3499999046325684,3.109999895095825,3.2899999618530273,3.2899999618530273,740100
2024-10-25,3.299999952316284,3.440000057220459,3.1700000762939453,3.180000066757202,3.180000066757202,444100
2024-10-28,3.190000057220459,3.450000047683716,3.190000057220459,3.390000104904175,3.390000104904175,995100
2024-10-29,3.359999895095825,3.759999990463257,3.3299999237060547,3.5999999046325684,3.5999999046325684,1171500
2024-10-30,3.5399999618530273,3.9800000190734863,3.5399999618530273,3.740000009536743,3.740000009536743,1387900
2024-10-31,3.759999990463257,3.890000104904175,3.619999885559082,3.759999990463257,3.759999990463257,765500
2024-11-01,3.8399999141693115,4.0,3.7699999809265137,3.9200000762939453,3.9200000762939453,721100
2024-11-04,3.950000047683716,3.990000009536743,3.759999990463257,3.9000000953674316,3.9000000953674316,659600
2024-11-05,3.8499999046325684,3.9100000858306885,3.6600000858306885,3.740000009536743,3.740000009536743,744300
2024-11-06,3.8499999046325684,3.950000047683716,3.7200000286102295,3.869999885559082,3.869999885559082,608000
2024-11-07,3.7200000286102295,3.880000114440918,3.4800000190734863,3.5999999046325684,3.5999999046325684,767600
2024-11-08,3.640000104904175,3.9800000190734863,3.559999942779541,3.950000047683716,3.950000047683716,1725800
2024-11-11,3.990000009536743,4.489999771118164,3.9700000286102295,4.460000038146973,4.460000038146973,1902900
2024-11-12,4.380000114440918,4.800000190734863,4.25,4.400000095367432,4.400000095367432,2080700
2024-11-13,4.429999828338623,4.480000019073486,4.0,4.099999904632568,4.099999904632568,949900
2024-11-14,4.150000095367432,4.179999828338623,3.9200000762939453,4.130000114440918,4.130000114440918,801700
2024-11-15,4.130000114440918,4.289999961853027,3.890000104904175,3.990000009536743,3.990000009536743,1099600
2024-11-18,4.0,4.03000020980835,3.759999990463257,3.819999933242798,3.819999933242798,704600
2024-11-19,3.7699999809265137,4.03000020980835,3.7100000381469727,3.9600000381469727,3.9600000381469727,602300
2024-11-20,3.9600000381469727,4.0,3.75,3.7899999618530273,3.7899999618530273,458800
2024-11-21,3.799999952316284,4.150000095367432,3.7200000286102295,3.930000066757202,3.930000066757202,868100
2024-11-22,3.930000066757202,4.139999866485596,3.809999942779541,4.0,4.0,694000
2024-11-25,4.03000020980835,4.239999771118164,3.9100000858306885,3.9100000858306885,3.9100000858306885,751700
2024-11-26,3.9200000762939453,4.239999771118164,3.9200000762939453,4.050000190734863,4.050000190734863,781500
2024-11-27,4.110000133514404,4.769999980926514,4.079999923706055,4.570000171661377,4.570000171661377,2801300
2024-11-29,4.610000133514404,5.489999771118164,4.610000133514404,5.340000152587891,5.340000152587891,1538500
2024-12-02,5.400000095367432,5.699999809265137,5.119999885559082,5.519999980926514,5.519999980926514,2151200
2024-12-03,5.510000228881836,6.010000228881836,5.269999980926514,5.389999866485596,5.389999866485596,2706600
2024-12-04,5.389999866485596,5.559999942779541,5.300000190734863,5.489999771118164,5.489999771118164,663200
2024-12-05,5.460000038146973,5.489999771118164,5.090000152587891,5.25,5.25,698300
2024-12-06,5.25,6.050000190734863,5.230000019073486,5.650000095367432,5.650000095367432,1032300
2024-12-09,5.599999904632568,5.739999771118164,5.340000152587891,5.489999771118164,5.489999771118164,638400
2024-12-10,5.460000038146973,5.5,4.940000057220459,5.0,5.0,1140200
2024-12-11,5.050000190734863,5.099999904632568,4.880000114440918,4.909999847412109,4.909999847412109,496200
2024-12-12,4.849999904632568,4.849999904632568,4.389999866485596,4.5,4.5,678800
2024-12-13,4.429999828338623,4.630000114440918,4.309999942779541,4.480000019073486,4.480000019073486,530100
2024-12-16,4.599999904632568,4.829999923706055,4.489999771118164,4.679999828338623,4.679999828338623,360100
2024-12-17,4.679999828338623,4.800000190734863,4.570000171661377,4.599999904632568,4.599999904632568,430600
2024-12-18,4.739999771118164,4.849999904632568,4.179999828338623,4.260000228881836,4.260000228881836,790700
2024-12-19,4.460000038146973,4.53000020980835,4.190000057220459,4.440000057220459,4.440000057220459,471100
2024-12-20,4.369999885559082,4.550000190734863,4.190000057220459,4.190000057220459,4.190000057220459,1806700
2024-12-23,4.210000038146973,4.289999961853027,3.950000047683716,3.9600000381469727,3.9600000381469727,618500
2024-12-24,3.940000057220459,3.9800000190734863,3.8399999141693115,3.9000000953674316,3.9000000953674316,379900
2024-12-26,3.869999885559082,4.269999980926514,3.819999933242798,3.940000057220459,3.940000057220459,2006200
2024-12-27,3.9200000762939453,4.010000228881836,3.7100000381469727,3.7100000381469727,3.7100000381469727,1113400
2024-12-30,3.619999885559082,3.819999933242798,3.4600000381469727,3.6700000762939453,3.6700000762939453,3381000
2024-12-31,4.909999847412109,5.539999961853027,4.510000228881836,5.170000076293945,5.170000076293945,15196300
2025-01-02,5.130000114440918,6.78000020980835,4.949999809265137,6.489999771118164,6.489999771118164,8276700
2025-01-03,6.519999980926514,7.260000228881836,6.21999979019165,7.0,7.0,3663000
2025-01-06,7.139999866485596,7.139999866485596,6.53000020980835,6.71999979019165,6.71999979019165,2069900
2025-01-07,6.690000057220459,6.71999979019165,6.019999980926514,6.539999961853027,6.539999961853027,1903300
2025-01-08,6.559999942779541,6.699999809265137,5.889999866485596,5.900000095367432,5.900000095367432,1229500
2025-01-10,5.679999828338623,5.75,5.409999847412109,5.730000019073486,5.730000019073486,975300
2025-01-13,5.760000228881836,6.019999980926514,5.199999809265137,5.340000152587891,5.340000152587891,1152900
2025-01-14,5.400000095367432,5.650000095367432,5.010000228881836,5.039999961853027,5.039999961853027,876500
2025-01-15,5.230000019073486,5.46999979019165,5.139999866485596,5.309999942779541,5.309999942779541,655500
2025-01-16,5.309999942779541,5.440000057220459,5.079999923706055,5.28000020980835,5.28000020980835,624200
2025-01-17,5.309999942779541,5.420000076293945,5.119999885559082,5.329999923706055,5.329999923706055,701300
2025-01-21,5.400000095367432,5.690000057220459,5.269999980926514,5.389999866485596,5.389999866485596,825700
2025-01-22,5.349999904632568,5.610000133514404,5.210000038146973,5.519999980926514,5.519999980926514,953600
2025-01-23,5.420000076293945,5.760000228881836,5.400000095367432,5.590000152587891,5.590000152587891,863600
2025-01-24,5.610000133514404,5.96999979019165,5.440000057220459,5.920000076293945,5.920000076293945,4760500
2025-01-27,5.78000020980835,6.059999942779541,5.409999847412109,5.690000057220459,5.690000057220459,998400
2025-01-28,5.699999809265137,5.860000133514404,5.579999923706055,5.820000171661377,5.820000171661377,942100
2025-01-29,5.769999980926514,6.25,5.769999980926514,6.03000020980835,6.03000020980835,1166700
2025-01-30,6.039999961853027,6.28000020980835,5.860000133514404,6.21999979019165,6.21999979019165,891500
2025-01-31,6.320000171661377,6.489999771118164,6.010000228881836,6.079999923706055,6.079999923706055,834800
2025-02-03,5.78000020980835,5.980000019073486,5.659999847412109,5.710000038146973,5.710000038146973,552600
2025-02-04,5.710000038146973,5.909999847412109,5.599999904632568,5.869999885559082,5.869999885559082,654600
2025-02-05,5.900000095367432,6.159999847412109,5.769999980926514,5.949999809265137,5.949999809265137,523700
2025-02-06,5.929999828338623,6.130000114440918,5.800000190734863,6.090000152587891,6.090000152587891,503200
2025-02-07,6.090000152587891,6.110000133514404,5.760000228881836,5.789999961853027,5.789999961853027,565100
2025-02-10,5.869999885559082,5.869999885559082,5.5,5.699999809265137,5.699999809265137,758500
2025-02-11,5.53000020980835,5.760000228881836,5.409999847412109,5.739999771118164,5.739999771118164,448300
2025-02-12,5.650000095367432,6.099999904632568,5.599999904632568,6.079999923706055,6.079999923706055,430800
2025-02-13,6.090000152587891,6.150000095367432,5.960000038146973,6.110000133514404,6.110000133514404,362600
2025-02-14,6.139999866485596,6.170000076293945,5.869999885559082,5.96999979019165,5.96999979019165,409300
2025-02-18,5.980000019073486,6.03000020980835,5.639999866485596,5.739999771118164,5.739999771118164,514500
2025-02-19,5.739999771118164,5.78000020980835,5.570000171661377,5.650000095367432,5.650000095367432,455800
2025-02-20,5.659999847412109,5.659999847412109,5.480000019073486,5.570000171661377,5.570000171661377,472300
2025-02-21,5.639999866485596,5.869999885559082,5.550000190734863,5.679999828338623,5.679999828338623,505300
2025-02-24,5.679999828338623,5.739999771118164,5.46999979019165,5.559999942779541,5.559999942779541,401700
2025-02-25,5.559999942779541,5.570000171661377,5.340000152587891,5.449999809265137,5.449999809265137,522000
2025-02-26,5.449999809265137,5.5,5.329999923706055,5.409999847412109,5.409999847412109,260700
2025-02-27,5.449999809265137,5.539999961853027,5.389999866485596,5.429999828338623,5.429999828338623,249600
2025-02-28,5.360000133514404,5.659999847412109,5.300000190734863,5.599999904632568,5.599999904632568,309200
2025-03-03,5.659999847412109,5.739999771118164,5.519999980926514,5.539999961853027,5.539999961853027,550700
2025-03-04,5.420000076293945,6.050000190734863,5.400000095367432,5.900000095367432,5.900000095367432,2428200
2025-03-05,6.0,6.099999904632568,5.789999961853027,6.0,6.0,1077800
2025-03-06,5.900000095367432,7.130000114440918,5.809999942779541,6.960000038146973,6.960000038146973,2259000
2025-03-07,6.900000095367432,7.199999809265137,6.670000076293945,7.0,7.0,1265100
2025-03-10,6.869999885559082,7.5,6.840000152587891,7.119999885559082,7.119999885559082,1557600
2025-03-11,7.079999923706055,7.320000171661377,6.949999809265137,7.150000095367432,7.150000095367432,793400
2025-03-12,7.179999828338623,7.590000152587891,7.179999828338623,7.53000020980835,7.53000020980835,1712200
2025-03-13,7.460000038146973,7.570000171661377,7.059999942779541,7.210000038146973,7.210000038146973,700800
2025-03-14,7.389999866485596,7.5,6.949999809265137,6.960000038146973,6.960000038146973,424300
2025-03-17,6.909999847412109,7.309999942779541,6.900000095367432,7.230000019073486,7.230000019073486,576900
2025-03-18,7.119999885559082,7.21999979019165,6.699999809265137,6.710000038146973,6.710000038146973,617700
2025-03-19,6.699999809265137,7.039999961853027,6.659999847412109,6.980000019073486,6.980000019073486,454100
2025-03-20,6.940000057220459,7.050000190734863,6.710000038146973,6.820000171661377,6.820000171661377,473800
2025-03-21,6.710000038146973,6.789999961853027,6.260000228881836,6.650000095367432,6.650000095367432,911900
2025-03-24,7.059999942779541,7.110000133514404,6.829999923706055,6.880000114440918,6.880000114440918,704000
2025-03-25,6.78000020980835,6.960000038146973,6.409999847412109,6.570000171661377,6.570000171661377,653700
2025-03-26,6.579999923706055,6.650000095367432,6.010000228881836,6.400000095367432,6.400000095367432,697200
2025-03-27,6.28000020980835,6.889999866485596,6.28000020980835,6.730000019073486,6.730000019073486,816800
2025-03-28,6.699999809265137,6.71999979019165,6.110000133514404,6.190000057220459,6.190000057220459,811000
2025-03-31,6.0,6.110000133514404,5.679999828338623,6.03000020980835,6.03000020980835,1017300
2025-04-01,6.0,6.329999923706055,5.820000171661377,5.820000171661377,5.820000171661377,1615000
2025-04-02,5.75,6.090000152587891,5.460000038146973,5.840000152587891,5.840000152587891,825800
2025-04-03,5.570000171661377,5.769999980926514,5.389999866485596,5.699999809265137,5.699999809265137,764800
2025-04-04,5.409999847412109,5.570000171661377,4.929999828338623,5.159999847412109,5.159999847412109,810700
2025-04-07,4.800000190734863,5.150000095367432,4.730000019073486,5.099999904632568,5.099999904632568,839900
2025-04-08,5.239999771118164,5.369999885559082,4.590000152587891,4.639999866485596,4.639999866485596,847400
2025-04-09,4.599999904632568,5.300000190734863,4.480000019073486,5.28000020980835,5.28000020980835,1534000
2025-04-10,5.320000171661377,5.349999904632568,4.46999979019165,4.519999980926514,4.519999980926514,1503900
2025-04-11,4.559999942779541,4.670000076293945,4.340000152587891,4.639999866485596,4.639999866485596,824200
2025-04-14,4.809999942779541,4.909999847412109,4.679999828338623,4.78000020980835,4.78000020980835,480000
2025-04-15,4.75,5.119999885559082,4.75,4.809999942779541,4.809999942779541,757800
2025-04-16,4.760000228881836,4.96999979019165,4.690000057220459,4.960000038146973,4.960000038146973,468400
2025-04-17,4.960000038146973,5.860000133514404,4.909999847412109,5.739999771118164,5.739999771118164,1158900
2025-04-21,5.699999809265137,6.28000020980835,5.699999809265137,6.210000038146973,6.210000038146973,1017000
2025-04-22,6.329999923706055,7.130000114440918,6.329999923706055,7.039999961853027,7.039999961853027,1557600
2025-04-23,7.320000171661377,7.480000019073486,6.880000114440918,7.119999885559082,7.119999885559082,1123000
2025-04-24,7.090000152587891,7.590000152587891,7.079999923706055,7.5,7.5,1352100
2025-04-25,7.860000133514404,8.119999885559082,7.460000038146973,7.5,7.5,1804800
2025-04-28,7.619999885559082,7.849999904632568,6.849999904632568,6.989999771118164,6.989999771118164,2158600
2025-04-29,7.0,7.460000038146973,6.840000152587891,6.96999979019165,6.96999979019165,2978400
2025-04-30,6.880000114440918,7.690000057220459,6.820000171661377,7.489999771118164,7.489999771118164,1622900
2025-05-01,7.53000020980835,7.559999942779541,7.050000190734863,7.429999828338623,7.429999828338623,1058600
2025-05-02,7.480000019073486,7.610000133514404,7.320000171661377,7.429999828338623,7.429999828338623,575800
2025-05-05,7.340000152587891,7.340000152587891,6.75,7.010000228881836,7.010000228881836,1025800
2025-05-06,6.960000038146973,7.019999980926514,6.5,6.53000020980835,6.53000020980835,1248200
2025-05-07,6.610000133514404,6.710000038146973,6.349999904632568,6.690000057220459,6.690000057220459,669500
2025-05-08,6.610000133514404,8.0,6.5,6.940000057220459,6.940000057220459,3563400
2025-05-09,7.150000095367432,7.559999942779541,6.960000038146973,7.170000076293945,7.170000076293945,2622200
2025-05-12,7.170000076293945,7.360000133514404,6.53000020980835,7.289999961853027,7.289999961853027,2117000
2025-05-13,7.269999980926514,7.730000019073486,6.920000076293945,7.460000038146973,7.460000038146973,2903400
2025-05-14,7.440000057220459,8.350000381469727,6.929999828338623,7.130000114440918,7.130000114440918,2245100
2025-05-15,7.099999904632568,7.949999809265137,6.96999979019165,7.929999828338623,7.929999828338623,1681200
2025-05-16,7.900000095367432,8.020000457763672,7.489999771118164,7.590000152587891,7.590000152587891,2063300
2025-05-19,7.420000076293945,7.829999923706055,7.170000076293945,7.75,7.75,1178300
2025-05-20,7.860000133514404,8.449999809265137,7.739999771118164,8.029999732971191,8.029999732971191,2397000
2025-05-21,7.949999809265137,8.119999885559082,7.570000171661377,7.610000133514404,7.610000133514404,1868900
2025-05-22,7.71999979019165,7.880000114440918,7.409999847412109,7.480000019073486,7.480000019073486,2066700
2025-05-23,7.119999885559082,8.34000015258789,6.78000020980835,8.3100004196167,8.3100004196167,5318500
2025-05-27,8.5,9.100000381469727,8.319999694824219,8.520000457763672,8.520000457763672,3300800
2025-05-28,8.5600004196167,8.649999618530273,7.599999904632568,7.610000133514404,7.610000133514404,2247000
2025-05-29,7.679999828338623,8.020000457763672,7.679999828338623,7.769999980926514,7.769999980926514,1368100
2025-05-30,7.699999809265137,7.769999980926514,7.159999847412109,7.519999980926514,7.519999980926514,1511200
2025-06-02,7.599999904632568,7.880000114440918,5.800000190734863,6.019999980926514,6.019999980926514,10489900
2025-06-03,6.03000020980835,6.139999866485596,5.730000019073486,5.900000095367432,5.900000095367432,2637200
2025-06-04,5.900000095367432,6.329999923706055,5.880000114440918,6.170000076293945,6.170000076293945,1959700
2025-06-05,6.230000019073486,6.230000019073486,5.889999866485596,6.179999828338623,6.179999828338623,1195200
2025-06-06,6.300000190734863,6.619999885559082,6.179999828338623,6.420000076293945,6.420000076293945,1558100
2025-06-09,6.449999809265137,6.480000019073486,6.070000171661377,6.110000133514404,6.110000133514404,1088300
2025-06-10,6.059999942779541,6.309999942779541,6.059999942779541,6.119999885559082,6.119999885559082,896600
2025-06-11,6.21999979019165,6.300000190734863,5.96999979019165,5.96999979019165,5.96999979019165,1470200
2025-06-12,5.880000114440918,6.010000228881836,5.809999942779541,5.880000114440918,5.880000114440918,1621100
2025-06-13,5.78000020980835,5.840000152587891,5.579999923706055,5.599999904632568,5.599999904632568,1298700
2025-06-16,5.679999828338623,5.699999809265137,5.480000019073486,5.639999866485596,5.639999866485596,967000
2025-06-17,5.610000133514404,5.699999809265137,5.269999980926514,5.309999942779541,5.309999942779541,1846200
2025-06-18,5.300000190734863,5.429999828338623,5.159999847412109,5.190000057220459,5.190000057220459,1610600
2025-06-20,5.239999771118164,5.239999771118164,4.909999847412109,4.929999828338623,4.929999828338623,7283600
2025-06-23,4.880000114440918,4.920000076293945,4.429999828338623,4.619999885559082,4.619999885559082,2914200
2025-06-24,4.710000038146973,4.909999847412109,4.539999961853027,4.559999942779541,4.559999942779541,2546800
2025-06-25,4.519999980926514,4.539999961853027,4.260000228881836,4.300000190734863,4.300000190734863,2548100
2025-06-26,4.329999923706055,4.360000133514404,4.139999866485596,4.159999847412109,4.159999847412109,3175800
2025-06-27,4.139999866485596,4.289999961853027,4.039999961853027,4.150000095367432,4.150000095367432,5154100
2025-06-30,4.150000095367432,4.230000019073486,4.010000228881836,4.150000095367432,4.150000095367432,2369100
2025-07-01,4.159999847412109,4.53000020980835,4.090000152587891,4.289999961853027,4.289999961853027,2720500
2025-07-02,4.309999942779541,5.059999942779541,4.210000038146973,4.849999904632568,4.849999904632568,5316100
2025-07-03,4.869999885559082,4.980000019073486,4.659999847412109,4.800000190734863,4.800000190734863,1675000
2025-07-07,4.71999979019165,4.929999828338623,4.690000057220459,4.690000057220459,4.690000057220459,2224300
2025-07-08,4.710000038146973,4.769999980926514,4.599999904632568,4.710000038146973,4.710000038146973,1376500
2025-07-09,4.769999980926514,4.900000095367432,4.650000095367432,4.809999942779541,4.809999942779541,1973800
2025-07-10,4.820000171661377,4.820000171661377,4.630000114440918,4.739999771118164,4.739999771118164,1592300
2025-07-11,4.71999979019165,4.75,4.579999923706055,4.679999828338623,4.679999828338623,1213600
2025-07-14,4.730000019073486,4.980000019073486,4.630000114440918,4.960000038146973,4.960000038146973,1729900
2025-07-15,4.980000019073486,5.039999961853027,4.800000190734863,4.889999866485596,4.889999866485596,1666700
2025-07-16,4.920000076293945,5.28000020980835,4.809999942779541,5.25,5.25,1527800
2025-07-17,5.28000020980835,5.320000171661377,5.03000020980835,5.110000133514404,5.110000133514404,1261100
2025-07-18,5.170000076293945,5.570000171661377,5.130000114440918,5.159999847412109,5.159999847412109,2413100
2025-07-21,5.25,5.559999942779541,5.050000190734863,5.099999904632568,5.099999904632568,2461300
2025-07-22,5.099999904632568,5.300000190734863,4.860000133514404,5.269999980926514,5.269999980926514,1809400
2025-07-23,5.309999942779541,5.619999885559082,5.269999980926514,5.349999904632568,5.349999904632568,2823000
2025-07-24,5.429999828338623,5.610000133514404,5.289999961853027,5.289999961853027,5.289999961853027,2095000
2025-07-25,5.300000190734863,6.289999961853027,5.150000095367432,6.139999866485596,6.139999866485596,6762500
2025-07-28,6.170000076293945,6.309999942779541,5.909999847412109,6.019999980926514,6.019999980926514,2346700
2025-07-29,6.070000171661377,6.320000171661377,5.78000020980835,6.289999961853027,6.289999961853027,2841100
2025-07-30,6.340000152587891,6.78000020980835,6.119999885559082,6.230000019073486,6.230000019073486,3781700
2025-07-31,6.170000076293945,6.449999809265137,6.039999961853027,6.170000076293945,6.170000076293945,2739200
2025-08-01,6.0,6.329999923706055,5.880000114440918,6.079999923706055,6.079999923706055,2022700
2025-08-04,6.050000190734863,6.099999904632568,5.820000171661377,6.010000228881836,6.010000228881836,1087300
2025-08-05,5.960000038146973,6.039999961853027,5.800000190734863,5.96999979019165,5.96999979019165,1003500
2025-08-06,6.03000020980835,6.03000020980835,5.550000190734863,5.71999979019165,5.71999979019165,1857800
2025-08-07,5.670000076293945,5.760000228881836,5.429999828338623,5.619999885559082,5.619999885559082,2447600
2025-08-08,5.599999904632568,6.880000114440918,5.590000152587891,6.739999771118164,6.739999771118164,3891100
2025-08-11,6.960000038146973,7.809999942779541,6.769999980926514,7.699999809265137,7.699999809265137,6975500
2025-08-12,7.699999809265137,8.300000190734863,7.480000019073486,8.210000038146973,8.210000038146973,3613600
2025-08-13,8.300000190734863,8.760000228881836,8.010000228881836,8.020000457763672,8.020000457763672,4823000
2025-08-14,8.260000228881836,8.359999656677246,7.440000057220459,7.730000019073486,7.730000019073486,3663300
2025-08-15,7.53000020980835,8.300000190734863,7.510000228881836,8.220000267028809,8.220000267028809,2850800
2025-08-18,8.239999771118164,8.300000190734863,7.909999847412109,7.96999979019165,7.96999979019165,1357000
2025-08-19,7.96999979019165,8.029999732971191,7.710000038146973,7.789999961853027,7.789999961853027,1829900
2025-08-20,7.829999923706055,8.34000015258789,7.550000190734863,8.319999694824219,8.319999694824219,4156500
2025-08-21,8.270000457763672,8.779999732971191,8.270000457763672,8.630000114440918,8.630000114440918,2966400
2025-08-22,8.630000114440918,9.399999618530273,8.550000190734863,9.079999923706055,9.079999923706055,4817600
2025-08-25,9.079999923706055,9.34000015258789,8.859999656677246,8.979999542236328,8.979999542236328,3368300
2025-08-26,9.180000305175781,9.180000305175781,8.710000038146973,8.899999618530273,8.899999618530273,1822000
2025-08-27,8.84000015258789,9.430000305175781,8.84000015258789,9.289999961853027,9.289999961853027,2610400
2025-08-28,9.300000190734863,9.369999885559082,8.899999618530273,9.229999542236328,9.229999542236328,2195800
2025-08-29,9.260000228881836,9.319999694824219,8.960000038146973,9.25,9.25,1457600
2025-09-02,9.0,9.550000190734863,9.0,9.220000267028809,9.220000267028809,1814400
2025-09-03,9.09000015258789,9.600000381469727,9.0,9.5,9.5,2871700
2025-09-04,9.59000015258789,10.630000114440918,9.529999732971191,10.5600004196167,10.5600004196167,3981400
2025-09-05,10.75,11.25,10.569999694824219,10.770000457763672,10.770000457763672,3998700
2025-09-08,10.640000343322754,10.779999732971191,10.109999656677246,10.229999542236328,10.229999542236328,2052200
2025-09-09,10.15999984741211,10.609999656677246,9.789999961853027,9.920000076293945,9.920000076293945,2207500
2025-09-10,9.920000076293945,10.0,8.970000267028809,9.880000114440918,9.880000114440918,3119900
2025-09-11,9.890000343322754,10.039999961853027,9.319999694824219,9.350000381469727,9.350000381469727,1564000
2025-09-12,9.270000457763672,9.84000015258789,9.25,9.720000267028809,9.720000267028809,1767000
2025-09-15,9.779999732971191,9.949999809265137,9.399999618530273,9.819999694824219,9.819999694824219,1896400
2025-09-16,9.789999961853027,10.0600004196167,9.109999656677246,9.130000114440918,9.130000114440918,1851200
2025-09-17,9.100000381469727,9.779999732971191,9.100000381469727,9.4399995803833,9.4399995803833,2005300
2025-09-18,9.600000381469727,9.670000076293945,9.319999694824219,9.539999961853027,9.539999961853027,1300300
2025-09-19,9.4399995803833,9.510000228881836,8.930000305175781,9.050000190734863,9.050000190734863,2947900
2025-09-22,9.079999923706055,9.229999542236328,8.75,9.130000114440918,9.130000114440918,2518800
2025-09-23,9.220000267028809,9.430000305175781,9.050000190734863,9.1899995803833,9.1899995803833,2170900
2025-09-24,9.229999542236328,9.270000457763672,8.59000015258789,8.609999656677246,8.609999656677246,1617300
2025-09-25,8.470000267028809,8.760000228881836,8.350000381469727,8.609999656677246,8.609999656677246,1467100
2025-09-26,8.619999885559082,8.989999771118164,8.5,8.890000343322754,8.890000343322754,1171200
2025-09-29,8.979999542236328,9.039999961853027,8.600000381469727,8.640000343322754,8.640000343322754,1840100
2025-09-30,8.649999618530273,8.90999984741211,8.539999961853027,8.829999923706055,8.829999923706055,1240500
2025-10-01,8.789999961853027,9.069999694824219,8.710000038146973,8.800000190734863,8.800000190734863,1131100
2025-10-02,8.850000381469727,9.069999694824219,8.779999732971191,8.989999771118164,8.989999771118164,1038900
2025-10-03,9.010000228881836,9.260000228881836,8.680000305175781,8.699999809265137,8.699999809265137,1536500
2025-10-06,8.720000267028809,8.859999656677246,8.489999771118164,8.609999656677246,8.609999656677246,1200500
2025-10-07,8.630000114440918,9.140000343322754,8.619999885559082,9.0,9.0,1758700
2025-10-08,9.09000015258789,9.460000038146973,8.859999656677246,8.9399995803833,8.9399995803833,1955400
2025-10-09,8.899999618530273,9.369999885559082,8.6899995803833,9.239999771118164,9.239999771118164,3133600
2025-10-10,9.260000228881836,9.300000190734863,8.550000190734863,8.569999694824219,8.569999694824219,2119000
2025-10-13,8.649999618530273,9.399999618530273,8.529999732971191,9.289999961853027,9.289999961853027,1942600
2025-10-14,9.130000114440918,9.359999656677246,8.770000457763672,9.0,9.0,1629900
2025-10-15,8.949999809265137,9.449999809265137,8.920000076293945,9.399999618530273,9.399999618530273,1984300
2025-10-16,9.5600004196167,9.899999618530273,9.34000015258789,9.510000228881836,9.510000228881836,2338000
2025-10-17,9.319999694824219,9.380000114440918,9.039999961853027,9.220000267028809,9.220000267028809,1377500
2025-10-20,9.0,9.020000457763672,6.980000019073486,8.020000457763672,8.020000457763672,7381800
2025-10-21,8.0,8.199999809265137,7.679999828338623,7.989999771118164,7.989999771118164,2674800
2025-10-22,7.949999809265137,7.989999771118164,7.599999904632568,7.860000133514404,7.860000133514404,2304500
2025-10-23,7.849999904632568,7.940000057220459,7.699999809265137,7.809999942779541,7.809999942779541,1508000
2025-10-24,7.920000076293945,8.359999656677246,7.75,7.949999809265137,7.949999809265137,1628600
2025-10-27,8.050000190734863,9.010000228881836,8.050000190734863,8.720000267028809,8.720000267028809,4430600
2025-10-28,8.699999809265137,9.15999984741211,8.5,8.850000381469727,8.850000381469727,2105400
2025-10-29,8.90999984741211,9.039999961853027,8.579999923706055,8.800000190734863,8.800000190734863,1452100
2025-10-30,8.819999694824219,9.430000305175781,8.729999542236328,9.229999542236328,9.229999542236328,3044800
2025-10-31,9.220000267028809,9.470000267028809,9.100000381469727,9.449999809265137,9.449999809265137,1798300
2025-11-03,9.359999656677246,10.09000015258789,9.289999961853027,9.899999618530273,9.899999618530273,3251900
2025-11-04,9.109999656677246,9.279999732971191,7.550000190734863,7.909999847412109,7.909999847412109,8510700
2025-11-05,8.100000381469727,8.550000190734863,8.0,8.15999984741211,8.15999984741211,3574600
2025-11-06,8.199999809265137,8.289999961853027,7.730000019073486,7.929999828338623,7.929999828338623,2548300
2025-11-07,7.840000152587891,8.079999923706055,7.550000190734863,8.069999694824219,8.069999694824219,1424100
2025-11-10,8.279999732971191,8.420000076293945,8.079999923706055,8.25,8.25,1246100
2025-11-11,8.25,8.510000228881836,8.109999656677246,8.449999809265137,8.449999809265137,1447700
2025-11-12,8.5,8.859999656677246,8.369999885559082,8.510000228881836,8.510000228881836,1177900
2025-11-13,8.470000267028809,8.510000228881836,8.100000381469727,8.109999656677246,8.109999656677246,1068300
2025-11-14,7.559999942779541,7.78000020980835,7.289999961853027,7.559999942779541,7.559999942779541,2806400
2025-11-17,7.579999923706055,9.34000015258789,7.46999979019165,9.149999618530273,9.149999618530273,4399800
2025-11-18,9.100000381469727,9.420000076293945,8.550000190734863,9.270000457763672,9.270000457763672,2062600
2025-11-19,9.260000228881836,9.699999809265137,9.0600004196167,9.270000457763672,9.270000457763672,2298400
2025-11-20,9.600000381469727,9.970000267028809,9.300000190734863,9.8100004196167,9.8100004196167,2463400
2025-11-21,9.6899995803833,10.140000343322754,9.40999984741211,10.0,10.0,2458300
2025-11-24,10.0,10.449999809265137,9.569999694824219,9.84000015258789,9.84000015258789,7065000
2025-11-25,10.0,10.430000305175781,9.899999618530273,10.25,10.25,1820300
2025-11-26,10.319999694824219,10.819999694824219,10.15999984741211,10.630000114440918,10.630000114440918,2717800
2025-11-28,10.789999961853027,10.789999961853027,10.479999542236328,10.640000343322754,10.640000343322754,650000
2025-12-01,10.390000343322754,10.5,10.279999732971191,10.34000015258789,10.34000015258789,2662000
2025-12-02,10.319999694824219,10.399999618530273,9.739999771118164,9.779999732971191,9.779999732971191,1564400
2025-12-03,9.850000381469727,10.239999771118164,9.65999984741211,10.0600004196167,10.0600004196167,1325300
2025-12-04,9.989999771118164,10.670000076293945,9.970000267028809,10.600000381469727,10.600000381469727,1736900
2025-12-05,10.609999656677246,10.699999809265137,10.319999694824219,10.359999656677246,10.359999656677246,851600
2025-12-08,10.5,10.5,9.949999809265137,10.25,10.25,1483500
2025-12-09,10.25,10.3100004196167,9.949999809265137,10.119999885559082,10.119999885559082,2047900
2025-12-10,10.069999694824219,10.270000457763672,9.8100004196167,10.010000228881836,10.010000228881836,1463400
2025-12-11,10.0,10.029999732971191,9.359999656677246,9.430000305175781,9.430000305175781,1222900
2025-12-12,9.350000381469727,9.850000381469727,9.130000114440918,9.609999656677246,9.609999656677246,1725100
2025-12-15,9.720000267028809,9.90999984741211,9.239999771118164,9.270000457763672,9.270000457763672,1267000
2025-12-16,9.140000343322754,9.4399995803833,8.520000457763672,8.640000343322754,8.640000343322754,1849300
2025-12-17,8.640000343322754,8.720000267028809,7.800000190734863,7.960000038146973,7.960000038146973,3156300
2025-12-18,8.09000015258789,8.25,7.699999809265137,7.75,7.75,1805200
2025-12-19,7.760000228881836,8.069999694824219,7.590000152587891,7.760000228881836,7.760000228881836,5574400
2025-12-22,7.71999979019165,8.229999542236328,7.699999809265137,7.900000095367432,7.900000095367432,1688100
2025-12-23,7.849999904632568,7.989999771118164,7.769999980926514,7.929999828338623,7.929999828338623,1212700
2025-12-24,7.860000133514404,8.079999923706055,7.769999980926514,7.869999885559082,7.869999885559082,734800
2025-12-26,7.800000190734863,8.140000343322754,7.710000038146973,8.0600004196167,8.0600004196167,897700
2025-12-29,7.96999979019165,8.029999732971191,7.679999828338623,7.760000228881836,7.760000228881836,1029200
2025-12-30,7.670000076293945,7.789999961853027,7.46999979019165,7.539999961853027,7.539999961853027,1313400
2025-12-31,7.539999961853027,7.769999980926514,7.46999979019165,7.71999979019165,7.71999979019165,1099200
2026-01-02,7.739999771118164,7.760000228881836,7.190000057220459,7.230000019073486,7.230000019073486,1253100
2026-01-05,7.289999961853027,7.369999885559082,6.679999828338623,6.869999885559082,6.869999885559082,1950900
2026-01-06,6.829999923706055,7.070000171661377,6.739999771118164,6.880000114440918,6.880000114440918,1202000
2026-01-07,6.920000076293945,8.880000114440918,6.900000095367432,7.639999866485596,7.639999866485596,7020300
2026-01-08,7.5,8.130000114440918,7.489999771118164,7.869999885559082,7.869999885559082,3062700
2026-01-09,8.119999885559082,8.350000381469727,7.739999771118164,7.789999961853027,7.789999961853027,2173600
2026-01-12,7.739999771118164,7.739999771118164,7.010000228881836,7.110000133514404,7.110000133514404,2446300
2026-01-13,7.119999885559082,7.25,6.909999847412109,7.199999809265137,7.199999809265137,1106000
2026-01-14,7.159999847412109,7.260000228881836,6.739999771118164,6.789999961853027,6.789999961853027,1971100
2026-01-15,6.809999942779541,7.03000020980835,6.559999942779541,6.599999904632568,6.599999904632568,2400500
2026-01-16,6.650000095367432,6.960000038146973,6.5,6.679999828338623,6.679999828338623,2046300
2026-01-20,6.599999904632568,6.949999809265137,6.449999809265137,6.650000095367432,6.650000095367432,1841900
2026-01-21,6.619999885559082,6.769999980926514,6.309999942779541,6.360000133514404,6.360000133514404,1260100
2026-01-22,6.400000095367432,6.78000020980835,6.329999923706055,6.690000057220459,6.690000057220459,2628000
2026-01-23,6.670000076293945,6.75,6.360000133514404,6.380000114440918,6.380000114440918,1974900
2026-01-26,6.300000190734863,6.480000019073486,6.139999866485596,6.239999771118164,6.239999771118164,1546900
2026-01-27,6.230000019073486,6.53000020980835,6.190000057220459,6.5,6.5,1227600
2026-01-28,6.489999771118164,6.5,6.110000133514404,6.230000019073486,6.230000019073486,1290700
2026-01-29,6.210000038146973,6.480000019073486,6.150000095367432,6.409999847412109,6.409999847412109,1272500
2026-01-30,6.380000114440918,6.440000057220459,6.079999923706055,6.099999904632568,6.099999904632568,1482300
2026-02-02,6.059999942779541,6.25,6.010000228881836,6.25,6.25,1255200
2026-02-03,6.199999809265137,6.380000114440918,6.099999904632568,6.300000190734863,6.300000190734863,1036200
2026-02-04,6.420000076293945,7.0,6.420000076293945,6.789999961853027,6.789999961853027,4783100
2026-02-05,6.769999980926514,7.050000190734863,6.260000228881836,6.28000020980835,6.28000020980835,1843700
2026-02-06,6.360000133514404,6.760000228881836,6.360000133514404,6.670000076293945,6.670000076293945,1278700
2026-02-09,6.679999828338623,6.809999942779541,6.449999809265137,6.650000095367432,6.650000095367432,1143800
2026-02-10,6.650000095367432,6.650000095367432,6.260000228881836,6.28000020980835,6.28000020980835,1326900
2026-02-11,6.28000020980835,6.400000095367432,6.010000228881836,6.340000152587891,6.340000152587891,819400
2026-02-12,6.340000152587891,6.369999885559082,5.800000190734863,5.840000152587891,5.840000152587891,1567800
2026-02-13,5.889999866485596,6.199999809265137,5.800000190734863,5.820000171661377,5.820000171661377,2275700
2026-02-17,5.829999923706055,5.989999771118164,5.730000019073486,5.860000133514404,5.860000133514404,1761700
2026-02-18,5.869999885559082,5.96999979019165,5.690000057220459,5.710000038146973,5.710000038146973,1483200
2026-02-19,5.730000019073486,5.96999979019165,5.650000095367432,5.940000057220459,5.940000057220459,2232300
2026-02-20,5.849999904632568,6.059999942779541,5.809999942779541,5.929999828338623,5.929999828338623,2012700
2026-02-23,5.900000095367432,6.010000228881836,5.650000095367432,5.699999809265137,5.699999809265137,1010800
2026-02-24,5.710000038146973,5.989999771118164,5.670000076293945,5.900000095367432,5.900000095367432,1022200
2026-02-25,5.900000095367432,6.019999980926514,5.820000171661377,5.829999923706055,5.829999923706055,737000
2026-02-26,5.820000171661377,5.840000152587891,5.53000020980835,5.71999979019165,5.71999979019165,982400
2026-02-27,5.630000114440918,5.769999980926514,5.610000133514404,5.71999979019165,5.71999979019165,852000
2026-03-02,5.639999866485596,5.889999866485596,5.550000190734863,5.820000171661377,5.820000171661377,1108900
2026-03-03,5.730000019073486,5.840000152587891,5.579999923706055,5.679999828338623,5.679999828338623,1198800
2026-03-04,5.739999771118164,5.849999904632568,5.579999923706055,5.809999942779541,5.809999942779541,2438000
2026-03-05,5.949999809265137,6.409999847412109,5.800000190734863,6.150000095367432,6.150000095367432,2682500
2026-03-06,5.989999771118164,6.550000190734863,5.880000114440918,6.380000114440918,6.380000114440918,2025700
2026-03-09,6.230000019073486,6.789999961853027,6.130000114440918,6.300000190734863,6.300000190734863,1696200
2026-03-10,6.440000057220459,6.630000114440918,6.25,6.389999866485596,6.389999866485596,1047500
2026-03-11,6.360000133514404,6.46999979019165,6.159999847412109,6.190000057220459,6.190000057220459,931700
2026-03-12,6.190000057220459,6.190000057220459,5.820000171661377,5.840000152587891,5.840000152587891,1994000
2026-03-13,5.880000114440918,6.0,5.579999923706055,5.599999904632568,5.599999904632568,2042500
2026-03-16,5.610000133514404,5.849999904632568,5.480000019073486,5.809999942779541,5.809999942779541,4233800
2026-03-17,5.820000171661377,5.820000171661377,5.579999923706055,5.670000076293945,5.670000076293945,1792500
2026-03-18,5.670000076293945,5.880000114440918,5.449999809265137,5.559999942779541,5.559999942779541,2084000
2026-03-19,5.46999979019165,5.96999979019165,5.309999942779541,5.820000171661377,5.820000171661377,2186100
2026-03-20,5.739999771118164,5.909999847412109,5.440000057220459,5.53000020980835,5.53000020980835,3828400
2026-03-23,5.630000114440918,5.690000057220459,5.340000152587891,5.389999866485596,5.389999866485596,1825900
2026-03-24,5.329999923706055,5.389999866485596,4.860000133514404,4.929999828338623,4.929999828338623,4272100
2026-03-25,5.010000228881836,5.21999979019165,4.96999979019165,5.090000152587891,5.090000152587891,2550800
2026-03-26,5.019999980926514,5.429999828338623,5.0,5.289999961853027,5.289999961853027,2232400
2026-03-27,5.289999961853027,5.289999961853027,4.929999828338623,5.039999961853027,5.039999961853027,1653200
2026-03-30,5.03000020980835,5.099999904632568,4.800000190734863,4.849999904632568,4.849999904632568,2318900
2026-03-31,4.920000076293945,5.380000114440918,4.920000076293945,5.300000190734863,5.300000190734863,3579800
2026-04-01,5.409999847412109,5.559999942779541,5.210000038146973,5.550000190734863,5.550000190734863,2926400
2026-04-02,5.409999847412109,5.829999923706055,5.329999923706055,5.630000114440918,5.630000114440918,1837500
2026-04-06,5.639999866485596,5.739999771118164,5.460000038146973,5.480000019073486,5.480000019073486,1315200
2026-04-07,5.389999866485596,5.489999771118164,5.199999809265137,5.449999809265137,5.449999809265137,1153100
2026-04-08,5.690000057220459,5.860000133514404,5.369999885559082,5.449999809265137,5.449999809265137,1215500
2026-04-09,5.409999847412109,5.71999979019165,5.340000152587891,5.590000152587891,5.590000152587891,1617300
2026-04-10,5.579999923706055,5.639999866485596,5.230000019073486,5.309999942779541,5.309999942779541,1600700
2026-04-13,5.300000190734863,5.820000171661377,5.300000190734863,5.659999847412109,5.659999847412109,2347400
2026-04-14,5.690000057220459,6.139999866485596,5.679999828338623,6.139999866485596,6.139999866485596,3515600
2026-04-15,6.300000190734863,6.579999923706055,6.21999979019165,6.329999923706055,6.329999923706055,2016700
2026-04-16,6.329999923706055,6.5,6.179999828338623,6.340000152587891,6.340000152587891,2653200
2026-04-17,6.5,6.800000190734863,6.360000133514404,6.579999923706055,6.579999923706055,2524400
2026-04-20,6.599999904632568,6.650000095367432,6.239999771118164,6.519999980926514,6.519999980926514,1954400
2026-04-21,6.53000020980835,6.53000020980835,5.909999847412109,6.050000190734863,6.050000190734863,1735300
2026-04-22,6.090000152587891,6.489999771118164,6.050000190734863,6.070000171661377,6.070000171661377,1600200
2026-04-23,6.090000152587891,6.269999980926514,6.010000228881836,6.230000019073486,6.230000019073486,2415800
2026-04-24,6.260000228881836,6.300000190734863,5.880000114440918,5.909999847412109,5.909999847412109,1693300
2026-04-27,5.829999923706055,6.039999961853027,5.53000020980835,5.539999961853027,5.539999961853027,1401600
2026-04-28,5.53000020980835,5.730000019073486,5.369999885559082,5.460000038146973,5.460000038146973,1918700
2026-04-29,5.460000038146973,5.460000038146973,5.190000057220459,5.400000095367432,5.400000095367432,2840900
2026-04-30,5.489999771118164,5.559999942779541,5.380000114440918,5.460000038146973,5.460000038146973,1580200
2026-05-01,5.420000076293945,5.889999866485596,5.349999904632568,5.840000152587891,5.840000152587891,2040200
2026-05-04,5.820000171661377,6.039999961853027,5.820000171661377,5.949999809265137,5.949999809265137,1816100
2026-05-05,6.0,6.079999923706055,5.829999923706055,5.960000038146973,5.960000038146973,1077400
2026-05-06,5.929999828338623,6.099999904632568,5.900000095367432,6.010000228881836,6.010000228881836,1896300
2026-05-07,5.980000019073486,6.050000190734863,5.630000114440918,5.659999847412109,5.659999847412109,2898100
2026-05-08,5.449999809265137,5.539999961853027,4.75,4.889999866485596,4.889999866485596,7555200
2026-05-11,4.889999866485596,5.289999961853027,4.860000133514404,4.880000114440918,4.880000114440918,3083300
2026-05-12,4.929999828338623,5.0,4.619999885559082,4.630000114440918,4.630000114440918,2272700
2026-05-13,4.599999904632568,4.789999961853027,4.489999771118164,4.71999979019165,4.71999979019165,1912400
2026-05-14,4.710000038146973,4.949999809265137,4.679999828338623,4.710000038146973,4.710000038146973,1740000
2026-05-15,4.699999809265137,4.75,4.300000190734863,4.320000171661377,4.320000171661377,2212600
2026-05-18,4.309999942779541,4.369999885559082,4.230000019073486,4.260000228881836,4.260000228881836,1664500
2026-05-19,4.25,4.369999885559082,4.110000133514404,4.150000095367432,4.150000095367432,1732800
2026-05-20,4.190000057220459,4.300000190734863,4.110000133514404,4.130000114440918,4.130000114440918,2132700
2026-05-21,4.090000152587891,4.340000152587891,4.0,4.269999980926514,4.269999980926514,2942600
2026-05-22,4.269999980926514,4.440000057220459,4.210000038146973,4.239999771118164,4.239999771118164,1607500
2026-05-26,4.369999885559082,4.5,4.269999980926514,4.360000133514404,4.360000133514404,1737800
2026-05-27,4.380000114440918,4.53000020980835,4.190000057220459,4.25,4.25,3409300
2026-05-28,4.210000038146973,4.380000114440918,4.210000038146973,4.289999961853027,4.289999961853027,1690400
2026-05-29,4.28000020980835,4.409999847412109,4.21999979019165,4.329999923706055,4.329999923706055,2105000
2026-06-01,4.329999923706055,4.349999904632568,4.130000114440918,4.190000057220459,4.190000057220459,1353400
2026-06-02,4.210000038146973,4.25,3.7899999618530273,3.809999942779541,3.809999942779541,3435000
2026-06-03,3.799999952316284,3.8399999141693115,3.5799999237060547,3.619999885559082,3.619999885559082,3203300
2026-06-04,3.759999990463257,4.110000133514404,3.7300000190734863,3.859999895095825,3.859999895095825,3540000
2026-06-05,3.9000000953674316,3.9100000858306885,3.690000057220459,3.7100000381469727,3.7100000381469727,3047000
2026-06-08,3.809999942779541,3.8499999046325684,3.619999885559082,3.6700000762939453,3.6700000762939453,1866600
2026-06-09,3.75,3.859999895095825,3.549999952316284,3.819999933242798,3.819999933242798,3069600
2026-06-10,3.7699999809265137,3.9800000190734863,3.740000009536743,3.759999990463257,3.759999990463257,2221200
2026-06-11,3.759999990463257,4.0,3.6700000762939453,3.940000057220459,3.940000057220459,1534000
2026-06-12,3.940000057220459,4.179999828338623,3.940000057220459,4.099999904632568,4.099999904632568,1599900
2026-06-15,4.159999847412109,4.190000057220459,3.930000066757202,4.0,4.0,2323700
2026-06-16,4.010000228881836,4.119999885559082,3.8499999046325684,4.010000228881836,4.010000228881836,1512600
2026-06-17,4.090000152587891,4.400000095367432,4.090000152587891,4.170000076293945,4.170000076293945,2523100
2026-06-18,4.239999771118164,4.429999828338623,4.110000133514404,4.119999885559082,4.119999885559082,4765700
2026-06-22,4.130000114440918,4.340000152587891,4.090000152587891,4.25,4.25,1965000
2026-06-23,4.190000057220459,4.409999847412109,4.150000095367432,4.210000038146973,4.210000038146973,2575800
2026-06-24,4.199999809265137,4.400000095367432,3.8299999237060547,3.8499999046325684,3.8499999046325684,2975400
2026-06-25,3.7799999713897705,3.890000104904175,3.430000066757202,3.450000047683716,3.450000047683716,4598200
2026-06-26,3.5,3.819999933242798,3.440000057220459,3.7799999713897705,3.7799999713897705,8027800
2026-06-29,3.7699999809265137,4.010000228881836,3.759999990463257,3.819999933242798,3.819999933242798,2684200
2026-06-30,3.819999933242798,4.0,3.75,3.819999933242798,3.819999933242798,3445500
2026-07-01,3.8499999046325684,4.139999866485596,3.8399999141693115,4.099999904632568,4.099999904632568,2186500
2026-07-02,4.099999904632568,4.570000171661377,4.070000171661377,4.5,4.5,2967600
2026-07-06,4.519999980926514,4.739999771118164,4.409999847412109,4.460000038146973,4.460000038146973,1811500
2026-07-07,4.489999771118164,4.989999771118164,4.300000190734863,4.849999904632568,4.849999904632568,2851800
2026-07-08,4.800000190734863,5.150000095367432,4.670000076293945,5.079999923706055,5.079999923706055,4355000
2026-07-09,5.050000190734863,5.449999809265137,4.949999809265137,5.400000095367432,5.400000095367432,5131400
2026-07-10,5.400000095367432,5.570000171661377,5.059999942779541,5.53000020980835,5.53000020980835,2987100
