date,open,high,low,close,adjclose,volume
2021-08-02,31.020000457763672,31.68000030517578,30.739999771118164,30.8700008392334,30.8700008392334,134400
2021-08-03,31.040000915527344,31.450000762939453,30.200000762939453,31.360000610351562,31.360000610351562,227500
2021-08-04,31.020000457763672,32.20000076293945,30.8799991607666,31.059999465942383,31.059999465942383,187500
2021-08-05,33.18000030517578,33.220001220703125,31.25,32.27000045776367,32.27000045776367,268300
2021-08-06,32.36000061035156,32.36000061035156,31.06999969482422,31.219999313354492,31.219999313354492,223700
2021-08-09,31.200000762939453,31.219999313354492,30.260000228881836,30.649999618530273,30.649999618530273,122500
2021-08-10,30.850000381469727,31.6299991607666,30.270000457763672,31.59000015258789,31.59000015258789,275000
2021-08-11,31.559999465942383,31.889999389648438,31.270000457763672,31.84000015258789,31.84000015258789,145600
2021-08-12,31.739999771118164,31.93000030517578,30.81399917602539,31.889999389648438,31.889999389648438,132500
2021-08-13,31.989999771118164,32.45000076293945,31.600000381469727,32.2400016784668,32.2400016784668,169000
2021-08-16,32.20000076293945,32.20000076293945,31.40999984741211,31.760000228881836,31.760000228881836,132800
2021-08-17,31.625,32.54999923706055,31.020000457763672,32.45000076293945,32.45000076293945,152900
2021-08-18,32.5,33.060001373291016,31.639999389648438,31.729999542236328,31.729999542236328,172300
2021-08-19,31.479999542236328,32.459999084472656,30.68000030517578,30.709999084472656,30.709999084472656,189900
2021-08-20,30.729999542236328,32.18000030517578,30.1200008392334,31.739999771118164,31.739999771118164,222500
2021-08-23,32.04999923706055,33.08000183105469,32.04999923706055,32.83000183105469,32.83000183105469,168300
2021-08-24,32.91999816894531,32.91999816894531,31.649999618530273,32.029998779296875,32.029998779296875,133000
2021-08-25,32.029998779296875,32.73500061035156,31.690000534057617,32.56999969482422,32.56999969482422,139100
2021-08-26,32.65999984741211,32.95000076293945,31.90999984741211,32.0,32.0,170500
2021-08-27,32.06999969482422,33.28499984741211,31.68000030517578,33.150001525878906,33.150001525878906,258300
2021-08-30,33.16999816894531,34.48500061035156,33.15999984741211,33.900001525878906,33.900001525878906,386000
2021-08-31,34.0099983215332,34.81999969482422,33.56999969482422,33.869998931884766,33.869998931884766,284500
2021-09-01,34.02000045776367,34.900001525878906,33.91999816894531,34.779998779296875,34.779998779296875,160900
2021-09-02,34.93000030517578,34.93000030517578,33.900001525878906,34.529998779296875,34.529998779296875,119300
2021-09-03,34.599998474121094,34.86000061035156,33.47999954223633,33.81999969482422,33.81999969482422,148100
2021-09-07,33.65999984741211,33.95000076293945,32.88999938964844,33.7599983215332,33.7599983215332,154300
2021-09-08,33.689998626708984,33.939998626708984,33.029998779296875,33.529998779296875,33.529998779296875,145400
2021-09-09,33.5,33.849998474121094,32.7400016784668,32.77000045776367,32.77000045776367,166400
2021-09-10,33.55500030517578,33.55500030517578,32.220001220703125,32.630001068115234,32.630001068115234,127800
2021-09-13,32.619998931884766,33.79999923706055,32.375,33.22999954223633,33.22999954223633,174400
2021-09-14,33.380001068115234,33.61000061035156,32.650001525878906,32.72999954223633,32.72999954223633,139700
2021-09-15,32.77000045776367,33.70000076293945,32.66999816894531,33.36000061035156,33.36000061035156,179600
2021-09-16,33.380001068115234,33.560001373291016,32.5099983215332,33.41999816894531,33.41999816894531,164300
2021-09-17,33.650001525878906,34.599998474121094,32.630001068115234,34.56999969482422,34.56999969482422,810900
2021-09-20,33.900001525878906,34.630001068115234,33.36000061035156,33.81999969482422,33.81999969482422,205200
2021-09-21,33.88999938964844,34.0099983215332,33.459999084472656,33.7400016784668,33.7400016784668,101300
2021-09-22,33.81999969482422,34.0,33.150001525878906,33.43000030517578,33.43000030517578,112800
2021-09-23,33.005001068115234,34.40999984741211,33.005001068115234,34.380001068115234,34.380001068115234,101300
2021-09-24,34.119998931884766,35.0,33.534000396728516,33.880001068115234,33.880001068115234,137100
2021-09-27,34.060001373291016,35.2400016784668,33.70000076293945,34.95000076293945,34.95000076293945,153100
2021-09-28,34.849998474121094,35.279998779296875,33.31999969482422,33.4900016784668,33.4900016784668,239500
2021-09-29,33.65999984741211,33.65999984741211,32.03499984741211,32.150001525878906,32.150001525878906,180300
2021-09-30,32.209999084472656,33.5,32.209999084472656,32.65999984741211,32.65999984741211,168600
2021-10-01,32.7400016784668,33.900001525878906,32.119998931884766,33.66999816894531,33.66999816894531,293600
2021-10-04,33.709999084472656,35.61000061035156,33.18000030517578,35.52000045776367,35.52000045776367,296100
2021-10-05,36.349998474121094,36.869998931884766,35.18000030517578,35.790000915527344,35.790000915527344,298100
2021-10-06,35.31999969482422,36.2400016784668,35.130001068115234,35.720001220703125,35.720001220703125,163700
2021-10-07,35.790000915527344,37.005001068115234,35.790000915527344,36.720001220703125,36.720001220703125,238300
2021-10-08,36.7599983215332,37.5,36.72999954223633,37.20000076293945,37.20000076293945,151400
2021-10-11,37.060001373291016,37.654998779296875,36.97999954223633,37.43000030517578,37.43000030517578,159500
2021-10-12,37.5,38.66999816894531,37.5,37.939998626708984,37.939998626708984,191400
2021-10-13,38.189998626708984,39.060001373291016,38.099998474121094,38.689998626708984,38.689998626708984,189600
2021-10-14,39.130001068115234,39.560001373291016,38.72999954223633,38.849998474121094,38.849998474121094,178700
2021-10-15,39.7599983215332,39.869998931884766,38.279998779296875,38.470001220703125,38.470001220703125,222100
2021-10-18,38.36000061035156,38.40999984741211,37.0,37.2400016784668,37.2400016784668,240700
2021-10-19,37.5,38.7400016784668,37.22999954223633,38.09000015258789,38.09000015258789,131300
2021-10-20,38.06999969482422,38.75,37.459999084472656,38.220001220703125,38.220001220703125,216400
2021-10-21,38.290000915527344,39.220001220703125,37.83000183105469,38.720001220703125,38.720001220703125,168600
2021-10-22,38.529998779296875,39.70500183105469,38.27000045776367,39.2400016784668,39.2400016784668,108400
2021-10-25,39.27000045776367,39.54999923706055,38.63999938964844,39.02000045776367,39.02000045776367,145300
2021-10-26,39.11000061035156,39.459999084472656,38.70000076293945,38.81999969482422,38.81999969482422,138800
2021-10-27,38.689998626708984,39.43000030517578,38.349998474121094,38.959999084472656,38.959999084472656,133900
2021-10-28,39.189998626708984,39.7599983215332,38.86000061035156,39.689998626708984,39.689998626708984,182800
2021-10-29,39.630001068115234,40.33000183105469,39.36000061035156,39.560001373291016,39.560001373291016,183300
2021-11-01,39.40999984741211,40.97999954223633,39.400001525878906,40.86000061035156,40.86000061035156,223900
2021-11-02,40.95000076293945,41.3650016784668,40.380001068115234,41.29999923706055,41.29999923706055,138200
2021-11-03,41.20000076293945,43.61000061035156,40.36000061035156,43.439998626708984,43.439998626708984,212500
2021-11-04,43.41999816894531,43.41999816894531,41.869998931884766,42.63999938964844,42.63999938964844,229500
2021-11-05,42.29999923706055,43.29999923706055,40.95000076293945,41.290000915527344,41.290000915527344,293100
2021-11-08,41.47999954223633,41.72999954223633,39.939998626708984,40.599998474121094,40.599998474121094,176700
2021-11-09,38.880001068115234,39.689998626708984,37.310001373291016,38.38999938964844,38.38999938964844,259300
2021-11-10,38.13999938964844,39.91999816894531,38.08000183105469,39.0099983215332,39.0099983215332,169900
2021-11-11,39.060001373291016,40.02000045776367,39.04999923706055,39.56999969482422,39.56999969482422,149000
2021-11-12,39.7400016784668,39.95000076293945,38.44200134277344,38.65999984741211,38.65999984741211,144300
2021-11-15,38.5099983215332,39.06999969482422,37.31999969482422,37.45000076293945,37.45000076293945,195400
2021-11-16,37.18000030517578,37.939998626708984,37.04999923706055,37.630001068115234,37.630001068115234,195000
2021-11-17,37.290000915527344,37.959999084472656,37.130001068115234,37.31999969482422,37.31999969482422,165200
2021-11-18,37.38999938964844,37.81999969482422,36.7599983215332,36.970001220703125,36.970001220703125,186600
2021-11-19,36.84000015258789,37.29999923706055,36.34000015258789,36.86000061035156,36.86000061035156,152400
2021-11-22,37.150001525878906,38.25,36.33000183105469,37.290000915527344,37.290000915527344,211400
2021-11-23,37.130001068115234,37.744998931884766,35.7400016784668,36.88999938964844,36.88999938964844,396100
2021-11-24,36.7400016784668,37.13999938964844,36.09000015258789,37.02000045776367,37.02000045776367,212200
2021-11-26,36.56999969482422,37.47999954223633,35.08000183105469,35.439998626708984,35.439998626708984,215300
2021-11-29,35.93000030517578,36.5099983215332,35.45000076293945,36.09000015258789,36.09000015258789,285800
2021-11-30,35.709999084472656,36.7400016784668,35.02000045776367,36.220001220703125,36.220001220703125,603600
2021-12-01,36.619998931884766,37.2599983215332,35.599998474121094,35.68000030517578,35.68000030517578,337800
2021-12-02,35.599998474121094,37.04999923706055,34.84000015258789,36.72999954223633,36.72999954223633,304600
2021-12-03,37.029998779296875,37.029998779296875,35.005001068115234,35.15999984741211,35.15999984741211,286800
2021-12-06,35.34000015258789,35.34000015258789,34.400001525878906,34.529998779296875,34.529998779296875,220500
2021-12-07,34.599998474121094,36.2400016784668,34.599998474121094,35.56999969482422,35.56999969482422,289300
2021-12-08,35.61000061035156,36.04499816894531,35.1349983215332,35.79999923706055,35.79999923706055,146000
2021-12-09,35.4900016784668,36.025001525878906,34.13999938964844,34.16999816894531,34.16999816894531,273600
2021-12-10,34.25,34.72999954223633,33.61000061035156,33.790000915527344,33.790000915527344,241000
2021-12-13,33.689998626708984,34.595001220703125,33.18000030517578,33.939998626708984,33.939998626708984,306900
2021-12-14,33.79999923706055,34.63999938964844,32.5099983215332,33.7400016784668,33.7400016784668,299400
2021-12-15,34.7599983215332,36.90999984741211,33.400001525878906,36.54999923706055,36.54999923706055,517900
2021-12-16,36.5099983215332,37.43000030517578,35.599998474121094,36.36000061035156,36.36000061035156,569700
2021-12-17,36.27000045776367,39.04999923706055,35.959999084472656,38.040000915527344,38.040000915527344,1509300
2021-12-20,37.77000045776367,39.4900016784668,37.3849983215332,39.0099983215332,39.0099983215332,433500
2021-12-21,39.470001220703125,39.470001220703125,38.31999969482422,39.189998626708984,39.189998626708984,324700
2021-12-22,39.369998931884766,40.209999084472656,38.720001220703125,40.119998931884766,40.119998931884766,225600
2021-12-23,40.20000076293945,41.290000915527344,38.70000076293945,40.720001220703125,40.720001220703125,157100
2021-12-27,40.77000045776367,40.90999984741211,40.255001068115234,40.439998626708984,40.439998626708984,194100
2021-12-28,40.36000061035156,41.40999984741211,40.17499923706055,40.61000061035156,40.61000061035156,191800
2021-12-29,40.439998626708984,41.2400016784668,40.16999816894531,40.81999969482422,40.81999969482422,188500
2021-12-30,40.7599983215332,41.525001525878906,40.540000915527344,40.7400016784668,40.7400016784668,201900
2021-12-31,40.86000061035156,41.3849983215332,39.20000076293945,40.119998931884766,40.119998931884766,247200
2022-01-03,40.439998626708984,41.630001068115234,39.974998474121094,41.630001068115234,41.630001068115234,195400
2022-01-04,41.40999984741211,42.29999923706055,40.875,41.09000015258789,41.09000015258789,253700
2022-01-05,40.83000183105469,41.459999084472656,39.15999984741211,39.2599983215332,39.2599983215332,212800
2022-01-06,39.0099983215332,40.20000076293945,38.470001220703125,39.470001220703125,39.470001220703125,205300
2022-01-07,39.470001220703125,40.04999923706055,37.939998626708984,37.970001220703125,37.970001220703125,188500
2022-01-10,37.65999984741211,38.150001525878906,36.89500045776367,38.08000183105469,38.08000183105469,220300
2022-01-11,38.18000030517578,38.96500015258789,37.52000045776367,37.75,37.75,172500
2022-01-12,38.04999923706055,38.3849983215332,36.369998931884766,36.45000076293945,36.45000076293945,205400
2022-01-13,36.59000015258789,37.0,35.95000076293945,36.11000061035156,36.11000061035156,177700
2022-01-14,35.65999984741211,37.18000030517578,35.400001525878906,37.04999923706055,37.04999923706055,203700
2022-01-18,36.459999084472656,37.06999969482422,34.97999954223633,35.09000015258789,35.09000015258789,235500
2022-01-19,35.369998931884766,36.689998626708984,34.81999969482422,34.970001220703125,34.970001220703125,200000
2022-01-20,35.2599983215332,36.279998779296875,34.7599983215332,34.83000183105469,34.83000183105469,179800
2022-01-21,34.75,36.02000045776367,34.2599983215332,34.2599983215332,34.2599983215332,514500
2022-01-24,34.130001068115234,35.40999984741211,33.0,35.20000076293945,35.20000076293945,344600
2022-01-25,34.630001068115234,34.86000061035156,32.88999938964844,32.900001525878906,32.900001525878906,795600
2022-01-26,33.34000015258789,35.7599983215332,33.189998626708984,33.5,33.5,500400
2022-01-27,33.619998931884766,34.400001525878906,31.75,31.920000076293945,31.920000076293945,280700
2022-01-28,31.969999313354492,32.52000045776367,30.760000228881836,32.45000076293945,32.45000076293945,256900
2022-01-31,32.27000045776367,34.38999938964844,31.799999237060547,34.369998931884766,34.369998931884766,416600
2022-02-01,34.29999923706055,34.68000030517578,33.082000732421875,33.5,33.5,574100
2022-02-02,33.470001220703125,33.470001220703125,32.0,32.08000183105469,32.08000183105469,244500
2022-02-03,31.940000534057617,32.45000076293945,31.079999923706055,31.299999237060547,31.299999237060547,205500
2022-02-04,31.059999465942383,32.3849983215332,30.6200008392334,32.0,32.0,260800
2022-02-07,31.920000076293945,32.80500030517578,31.49799919128418,32.540000915527344,32.540000915527344,182000
2022-02-08,32.52000045776367,34.779998779296875,31.90999984741211,34.56999969482422,34.56999969482422,491500
2022-02-09,34.880001068115234,35.91999816894531,34.47999954223633,35.31999969482422,35.31999969482422,278500
2022-02-10,34.5,35.79999923706055,33.30500030517578,33.959999084472656,33.959999084472656,260300
2022-02-11,34.290000915527344,34.95000076293945,33.439998626708984,33.619998931884766,33.619998931884766,232200
2022-02-14,33.779998779296875,33.935001373291016,32.650001525878906,33.34000015258789,33.34000015258789,269100
2022-02-15,33.970001220703125,34.25,33.150001525878906,33.2599983215332,33.2599983215332,337500
2022-02-16,33.06999969482422,33.06999969482422,32.13999938964844,32.58000183105469,32.58000183105469,193000
2022-02-17,32.47999954223633,32.63999938964844,31.40999984741211,32.02000045776367,32.02000045776367,257100
2022-02-18,31.81999969482422,32.70000076293945,31.600000381469727,32.0,32.0,270700
2022-02-22,31.93000030517578,32.790000915527344,31.059999465942383,32.08000183105469,32.08000183105469,295700
2022-02-23,32.65999984741211,33.18000030517578,31.3700008392334,31.479999542236328,31.479999542236328,274500
2022-02-24,30.520000457763672,32.77000045776367,30.520000457763672,32.4900016784668,32.4900016784668,568800
2022-02-25,32.54999923706055,32.720001220703125,31.1200008392334,31.6200008392334,31.6200008392334,362900
2022-02-28,31.1200008392334,31.59000015258789,30.540000915527344,31.309999465942383,31.309999465942383,569900
2022-03-01,31.3799991607666,32.29999923706055,30.540000915527344,30.8799991607666,30.8799991607666,696100
2022-03-02,30.969999313354492,31.729999542236328,30.65999984741211,31.15999984741211,31.15999984741211,452800
2022-03-03,31.25,31.350000381469727,29.75,30.020000457763672,30.020000457763672,554800
2022-03-04,29.540000915527344,30.09000015258789,28.489999771118164,28.59000015258789,28.59000015258789,380500
2022-03-07,28.670000076293945,29.15999984741211,28.190000534057617,28.290000915527344,28.290000915527344,319300
2022-03-08,28.18000030517578,29.2450008392334,27.920000076293945,28.5,28.5,537900
2022-03-09,29.149999618530273,29.43000030517578,28.530000686645508,28.8799991607666,28.8799991607666,349600
2022-03-10,28.520000457763672,28.540000915527344,27.889999389648438,28.280000686645508,28.280000686645508,201100
2022-03-11,28.290000915527344,28.655000686645508,27.309999465942383,27.489999771118164,27.489999771118164,315600
2022-03-14,27.6200008392334,28.780000686645508,26.59000015258789,26.780000686645508,26.780000686645508,479600
2022-03-15,26.860000610351562,27.295000076293945,26.510000228881836,26.81999969482422,26.81999969482422,330900
2022-03-16,27.149999618530273,28.139999389648438,26.809999465942383,28.139999389648438,28.139999389648438,504800
2022-03-17,27.899999618530273,28.68000030517578,27.030000686645508,28.469999313354492,28.469999313354492,352200
2022-03-18,28.540000915527344,29.459999084472656,28.329999923706055,29.09000015258789,29.09000015258789,1011200
2022-03-21,28.770000457763672,29.219999313354492,28.15999984741211,28.350000381469727,28.350000381469727,296800
2022-03-22,28.309999465942383,29.209999084472656,28.309999465942383,29.010000228881836,29.010000228881836,369200
2022-03-23,28.84000015258789,29.389999389648438,28.010000228881836,28.06999969482422,28.06999969482422,227800
2022-03-24,28.299999237060547,29.079999923706055,27.979999542236328,28.75,28.75,350200
2022-03-25,28.549999237060547,29.104999542236328,27.899999618530273,28.1299991607666,28.1299991607666,351100
2022-03-28,28.309999465942383,28.760000228881836,27.260000228881836,27.670000076293945,27.670000076293945,277400
2022-03-29,27.93000030517578,29.024999618530273,27.93000030517578,28.760000228881836,28.760000228881836,440800
2022-03-30,28.65999984741211,29.059999465942383,27.459999084472656,27.479999542236328,27.479999542236328,277700
2022-03-31,27.559999465942383,27.75,26.610000610351562,26.68000030517578,26.68000030517578,325900
2022-04-01,26.790000915527344,28.684999465942383,26.790000915527344,28.540000915527344,28.540000915527344,544900
2022-04-04,28.700000762939453,29.5,28.530000686645508,29.010000228881836,29.010000228881836,301400
2022-04-05,29.18000030517578,29.360000610351562,28.010000228881836,28.290000915527344,28.290000915527344,315100
2022-04-06,27.979999542236328,28.799999237060547,27.950000762939453,28.540000915527344,28.540000915527344,244600
2022-04-07,28.3700008392334,28.850000381469727,27.93000030517578,28.149999618530273,28.149999618530273,225200
2022-04-08,27.979999542236328,28.110000610351562,27.139999389648438,27.309999465942383,27.309999465942383,198200
2022-04-11,27.010000228881836,27.280000686645508,26.15999984741211,26.579999923706055,26.579999923706055,286600
2022-04-12,26.709999084472656,27.0,26.34000015258789,26.540000915527344,26.540000915527344,384300
2022-04-13,26.559999465942383,27.5,26.489999771118164,27.170000076293945,27.170000076293945,295900
2022-04-14,27.190000534057617,27.25,26.6299991607666,26.690000534057617,26.690000534057617,156600
2022-04-18,26.600000381469727,26.600000381469727,25.450000762939453,25.690000534057617,25.690000534057617,295100
2022-04-19,25.899999618530273,26.6299991607666,25.520000457763672,26.520000457763672,26.520000457763672,268200
2022-04-20,26.6200008392334,27.239999771118164,26.104999542236328,26.920000076293945,26.920000076293945,234700
2022-04-21,27.229999542236328,27.40999984741211,26.079999923706055,26.450000762939453,26.450000762939453,296400
2022-04-22,26.25,26.920000076293945,26.104999542236328,26.34000015258789,26.34000015258789,218300
2022-04-25,26.239999771118164,26.81599998474121,25.719999313354492,26.670000076293945,26.670000076293945,253900
2022-04-26,26.3799991607666,26.799999237060547,25.3799991607666,26.0,26.0,413400
2022-04-27,26.030000686645508,26.55500030517578,25.81999969482422,26.5,26.5,511000
2022-04-28,26.809999465942383,26.809999465942383,24.6200008392334,26.1299991607666,26.1299991607666,332500
2022-04-29,26.15999984741211,26.850000381469727,24.790000915527344,24.979999542236328,24.979999542236328,432800
2022-05-02,25.0,26.1200008392334,24.84000015258789,26.010000228881836,26.010000228881836,303300
2022-05-03,25.989999771118164,26.5,25.479999542236328,25.790000915527344,25.790000915527344,204900
2022-05-04,25.979999542236328,26.229999542236328,24.479999542236328,26.030000686645508,26.030000686645508,227700
2022-05-05,25.6200008392334,25.90999984741211,24.299999237060547,24.75,24.75,325900
2022-05-06,26.5,27.5,24.399999618530273,25.760000228881836,25.760000228881836,484800
2022-05-09,25.219999313354492,26.270000457763672,24.479999542236328,24.649999618530273,24.649999618530273,425400
2022-05-10,25.700000762939453,26.239999771118164,24.950000762939453,25.3700008392334,25.3700008392334,590800
2022-05-11,25.239999771118164,25.920000076293945,23.31999969482422,23.34000015258789,23.34000015258789,714900
2022-05-12,23.399999618530273,24.2450008392334,23.0,23.790000915527344,23.790000915527344,506100
2022-05-13,24.059999465942383,24.440000534057617,23.489999771118164,23.950000762939453,23.950000762939453,315300
2022-05-16,23.84000015258789,24.37299919128418,23.350000381469727,23.6200008392334,23.6200008392334,219400
2022-05-17,24.149999618530273,25.09000015258789,23.579999923706055,24.809999465942383,24.809999465942383,266000
2022-05-18,24.079999923706055,24.229999542236328,22.399999618530273,22.549999237060547,22.549999237060547,533300
2022-05-19,22.530000686645508,23.21299934387207,21.979999542236328,22.979999542236328,22.979999542236328,335900
2022-05-20,23.309999465942383,23.790000915527344,22.709999084472656,23.549999237060547,23.549999237060547,227700
2022-05-23,23.549999237060547,23.709999084472656,22.6299991607666,22.75,22.75,275000
2022-05-24,22.479999542236328,22.8799991607666,22.110000610351562,22.450000762939453,22.450000762939453,243200
2022-05-25,22.420000076293945,23.06999969482422,22.049999237060547,22.229999542236328,22.229999542236328,222500
2022-05-26,22.40999984741211,22.899999618530273,22.052000045776367,22.360000610351562,22.360000610351562,225300
2022-05-27,22.290000915527344,22.704999923706055,21.780000686645508,22.690000534057617,22.690000534057617,256800
2022-05-31,22.81999969482422,22.979999542236328,21.881000518798828,22.329999923706055,22.329999923706055,452900
2022-06-01,22.350000381469727,22.604999542236328,21.719999313354492,21.790000915527344,21.790000915527344,618000
2022-06-02,21.719999313354492,21.8799991607666,21.079999923706055,21.530000686645508,21.530000686645508,260300
2022-06-03,21.420000076293945,21.950000762939453,21.405000686645508,21.690000534057617,21.690000534057617,326000
2022-06-06,21.6200008392334,22.610000610351562,20.799999237060547,21.170000076293945,21.170000076293945,415400
2022-06-07,21.0,21.8799991607666,21.0,21.829999923706055,21.829999923706055,484000
2022-06-08,21.690000534057617,22.899999618530273,21.690000534057617,22.229999542236328,22.229999542236328,250600
2022-06-09,22.110000610351562,22.200000762939453,21.325000762939453,21.459999084472656,21.459999084472656,227000
2022-06-10,21.06999969482422,21.3700008392334,20.469999313354492,20.530000686645508,20.530000686645508,263000
2022-06-13,20.027999877929688,20.25,19.360000610351562,19.739999771118164,19.739999771118164,389800
2022-06-14,19.829999923706055,20.1299991607666,19.354999542236328,20.0,20.0,220400
2022-06-15,20.1200008392334,21.420000076293945,20.059999465942383,21.229999542236328,21.229999542236328,402300
2022-06-16,20.610000610351562,21.420000076293945,19.90999984741211,21.3799991607666,21.3799991607666,334400
2022-06-17,21.709999084472656,23.459999084472656,21.65999984741211,23.020000457763672,23.020000457763672,1001500
2022-06-21,23.1299991607666,24.229999542236328,23.1299991607666,23.65999984741211,23.65999984741211,467800
2022-06-22,23.290000915527344,24.739999771118164,23.290000915527344,24.229999542236328,24.229999542236328,296700
2022-06-23,24.200000762939453,26.6299991607666,24.200000762939453,26.579999923706055,26.579999923706055,549100
2022-06-24,26.850000381469727,27.31999969482422,25.34000015258789,27.1200008392334,27.1200008392334,2121500
2022-06-27,26.6299991607666,27.81999969482422,26.549999237060547,27.760000228881836,27.760000228881836,467200
2022-06-28,27.68000030517578,27.8799991607666,26.780000686645508,27.059999465942383,27.059999465942383,407400
2022-06-29,26.969999313354492,27.399999618530273,26.559999465942383,27.200000762939453,27.200000762939453,315100
2022-06-30,26.81999969482422,27.790000915527344,26.670000076293945,27.3700008392334,27.3700008392334,436100
2022-07-01,27.350000381469727,29.06999969482422,27.219999313354492,28.860000610351562,28.860000610351562,411600
2022-07-05,28.459999084472656,30.549999237060547,28.420000076293945,30.450000762939453,30.450000762939453,572500
2022-07-06,30.75,32.529998779296875,30.725000381469727,32.439998626708984,32.439998626708984,431200
2022-07-07,32.40999984741211,33.439998626708984,32.04999923706055,32.20000076293945,32.20000076293945,405600
2022-07-08,31.799999237060547,32.43299865722656,30.770000457763672,32.040000915527344,32.040000915527344,430600
2022-07-11,31.190000534057617,31.93000030517578,30.520000457763672,30.649999618530273,30.649999618530273,401600
2022-07-12,30.790000915527344,31.104999542236328,29.479999542236328,31.020000457763672,31.020000457763672,273200
2022-07-13,30.540000915527344,31.6299991607666,29.0,31.31999969482422,31.31999969482422,277100
2022-07-14,31.260000228881836,31.299999237060547,30.5,30.790000915527344,30.790000915527344,223400
2022-07-15,31.3700008392334,31.3700008392334,30.489999771118164,31.010000228881836,31.010000228881836,243500
2022-07-18,31.15999984741211,31.405000686645508,29.829999923706055,30.06999969482422,30.06999969482422,283800
2022-07-19,30.530000686645508,31.309999465942383,30.309999465942383,30.670000076293945,30.670000076293945,367200
2022-07-20,30.719999313354492,31.270000457763672,29.030000686645508,29.739999771118164,29.739999771118164,422000
2022-07-21,29.979999542236328,30.18899917602539,29.190000534057617,29.549999237060547,29.549999237060547,274000
2022-07-22,29.700000762939453,29.700000762939453,28.969999313354492,29.18000030517578,29.18000030517578,206600
2022-07-25,29.25,29.260000228881836,28.520000457763672,29.030000686645508,29.030000686645508,205100
2022-07-26,29.049999237060547,29.850000381469727,28.5,29.290000915527344,29.290000915527344,205600
2022-07-27,29.399999618530273,29.959999084472656,28.799999237060547,29.860000610351562,29.860000610351562,229300
2022-07-28,30.030000686645508,30.030000686645508,28.56999969482422,29.18000030517578,29.18000030517578,159600
2022-07-29,29.1200008392334,29.1200008392334,27.8799991607666,28.690000534057617,28.690000534057617,309900
2022-08-01,28.489999771118164,29.25,27.774999618530273,28.010000228881836,28.010000228881836,218500
2022-08-02,27.920000076293945,29.34000015258789,27.920000076293945,29.010000228881836,29.010000228881836,214200
2022-08-03,29.469999313354492,30.520000457763672,29.059999465942383,29.56999969482422,29.56999969482422,389800
2022-08-04,27.049999237060547,30.155000686645508,25.6299991607666,29.670000076293945,29.670000076293945,508400
2022-08-05,29.450000762939453,30.075000762939453,28.729999542236328,29.34000015258789,29.34000015258789,283500
2022-08-08,29.43000030517578,29.84000015258789,28.649999618530273,29.40999984741211,29.40999984741211,350400
2022-08-09,29.520000457763672,29.860000610351562,28.510000228881836,29.209999084472656,29.209999084472656,253400
2022-08-10,29.690000534057617,30.579999923706055,29.1299991607666,30.43000030517578,30.43000030517578,431900
2022-08-11,30.479999542236328,30.479999542236328,28.510000228881836,28.65999984741211,28.65999984741211,317900
2022-08-12,29.190000534057617,30.7450008392334,28.8700008392334,30.469999313354492,30.469999313354492,279400
2022-08-15,30.43000030517578,31.239999771118164,30.1200008392334,31.079999923706055,31.079999923706055,257800
2022-08-16,31.09000015258789,31.149999618530273,30.56999969482422,31.010000228881836,31.010000228881836,227700
2022-08-17,30.93000030517578,31.290000915527344,30.280000686645508,30.34000015258789,30.34000015258789,201300
2022-08-18,30.229999542236328,30.229999542236328,29.149999618530273,29.93000030517578,29.93000030517578,171100
2022-08-19,29.700000762939453,29.969999313354492,29.110000610351562,29.65999984741211,29.65999984741211,211200
2022-08-22,29.739999771118164,30.06999969482422,28.8799991607666,29.110000610351562,29.110000610351562,187100
2022-08-23,28.860000610351562,29.530000686645508,28.059999465942383,28.969999313354492,28.969999313354492,243900
2022-08-24,28.969999313354492,30.309999465942383,28.579999923706055,29.889999389648438,29.889999389648438,211600
2022-08-25,30.15999984741211,30.299999237060547,29.43000030517578,29.6299991607666,29.6299991607666,210200
2022-08-26,29.440000534057617,29.440000534057617,27.549999237060547,27.850000381469727,27.850000381469727,304800
2022-08-29,27.530000686645508,28.309999465942383,27.520000457763672,27.690000534057617,27.690000534057617,225300
2022-08-30,27.690000534057617,27.854999542236328,26.700000762939453,26.920000076293945,26.920000076293945,376000
2022-08-31,27.190000534057617,27.700000762939453,26.329999923706055,26.389999389648438,26.389999389648438,466200
2022-09-01,26.350000381469727,27.200000762939453,25.809999465942383,27.1299991607666,27.1299991607666,379900
2022-09-02,27.3700008392334,27.440000534057617,26.260000228881836,26.549999237060547,26.549999237060547,278000
2022-09-06,26.450000762939453,26.450000762939453,24.860000610351562,24.90999984741211,24.90999984741211,308200
2022-09-07,24.920000076293945,25.354999542236328,24.6299991607666,25.260000228881836,25.260000228881836,385900
2022-09-08,25.040000915527344,25.84000015258789,24.950000762939453,25.31999969482422,25.31999969482422,324100
2022-09-09,25.3799991607666,25.989999771118164,25.204999923706055,25.899999618530273,25.899999618530273,340500
2022-09-12,26.030000686645508,26.829999923706055,25.760000228881836,26.809999465942383,26.809999465942383,309400
2022-09-13,26.469999313354492,27.110000610351562,26.174999237060547,26.989999771118164,26.989999771118164,686600
2022-09-14,26.989999771118164,28.360000610351562,26.670000076293945,28.15999984741211,28.15999984741211,470800
2022-09-15,28.110000610351562,28.739999771118164,27.809999465942383,28.479999542236328,28.479999542236328,319000
2022-09-16,28.420000076293945,28.559999465942383,27.700000762939453,28.40999984741211,28.40999984741211,582800
2022-09-19,28.110000610351562,28.110000610351562,26.84600067138672,27.600000381469727,27.600000381469727,411700
2022-09-20,27.469999313354492,27.65999984741211,27.040000915527344,27.610000610351562,27.610000610351562,264800
2022-09-21,28.25,28.25,26.68000030517578,26.950000762939453,26.950000762939453,396200
2022-09-22,26.729999542236328,26.729999542236328,25.614999771118164,25.760000228881836,25.760000228881836,280700
2022-09-23,25.56999969482422,25.56999969482422,24.5049991607666,24.959999084472656,24.959999084472656,353500
2022-09-26,24.850000381469727,25.549999237060547,24.600000381469727,24.6200008392334,24.6200008392334,254100
2022-09-27,24.969999313354492,25.25,24.459999084472656,25.030000686645508,25.030000686645508,519400
2022-09-28,25.479999542236328,26.6299991607666,25.30500030517578,26.40999984741211,26.40999984741211,393000
2022-09-29,26.450000762939453,26.450000762939453,25.18000030517578,25.520000457763672,25.520000457763672,302600
2022-09-30,25.530000686645508,26.829999923706055,25.530000686645508,25.979999542236328,25.979999542236328,316200
2022-10-03,26.3700008392334,26.700000762939453,25.639999389648438,25.829999923706055,25.829999923706055,242400
2022-10-04,26.1299991607666,26.979999542236328,26.1299991607666,26.809999465942383,26.809999465942383,321400
2022-10-05,26.459999084472656,26.760000228881836,25.920000076293945,26.639999389648438,26.639999389648438,286400
2022-10-06,26.690000534057617,27.450000762939453,26.5,26.75,26.75,271800
2022-10-07,26.549999237060547,26.549999237060547,25.809999465942383,26.040000915527344,26.040000915527344,315100
2022-10-10,26.040000915527344,26.329999923706055,25.450000762939453,25.860000610351562,25.860000610351562,175700
2022-10-11,25.850000381469727,26.739999771118164,25.530000686645508,26.600000381469727,26.600000381469727,317300
2022-10-12,26.639999389648438,26.950000762939453,25.84000015258789,26.520000457763672,26.520000457763672,217300
2022-10-13,27.190000534057617,28.1299991607666,26.6200008392334,27.850000381469727,27.850000381469727,481100
2022-10-14,28.100000381469727,28.75,26.959999084472656,27.030000686645508,27.030000686645508,375900
2022-10-17,27.360000610351562,29.489999771118164,27.040000915527344,29.3799991607666,29.3799991607666,404300
2022-10-18,29.579999923706055,30.100000381469727,29.149999618530273,29.31999969482422,29.31999969482422,256300
2022-10-19,29.100000381469727,29.200000762939453,27.59000015258789,27.989999771118164,27.989999771118164,375700
2022-10-20,27.850000381469727,28.1299991607666,26.540000915527344,26.65999984741211,26.65999984741211,364200
2022-10-21,26.84000015258789,28.440000534057617,26.479999542236328,28.059999465942383,28.059999465942383,350500
2022-10-24,28.110000610351562,28.309999465942383,27.209999084472656,27.6200008392334,27.6200008392334,223000
2022-10-25,27.639999389648438,28.190000534057617,27.600000381469727,27.760000228881836,27.760000228881836,244200
2022-10-26,27.899999618530273,28.78499984741211,27.834999084472656,28.270000457763672,28.270000457763672,300800
2022-10-27,28.3700008392334,28.743999481201172,27.700000762939453,28.110000610351562,28.110000610351562,293200
2022-10-28,28.31999969482422,29.399999618530273,27.899999618530273,29.309999465942383,29.309999465942383,338000
2022-10-31,29.190000534057617,29.190000534057617,27.84000015258789,28.0,28.0,347800
2022-11-01,28.299999237060547,29.010000228881836,27.760000228881836,28.270000457763672,28.270000457763672,555000
2022-11-02,28.239999771118164,28.940000534057617,27.420000076293945,27.43000030517578,27.43000030517578,320400
2022-11-03,27.200000762939453,27.739999771118164,26.93000030517578,27.09000015258789,27.09000015258789,245400
2022-11-04,27.309999465942383,27.700000762939453,26.440000534057617,27.010000228881836,27.010000228881836,268300
2022-11-07,27.15999984741211,27.469999313354492,26.700000762939453,26.959999084472656,26.959999084472656,220900
2022-11-08,27.040000915527344,30.5,27.040000915527344,29.31999969482422,29.31999969482422,531200
2022-11-09,29.280000686645508,30.3700008392334,28.969999313354492,29.489999771118164,29.489999771118164,393400
2022-11-10,30.520000457763672,30.979999542236328,29.5,30.510000228881836,30.510000228881836,594900
2022-11-11,30.479999542236328,30.700000762939453,28.889999389648438,29.450000762939453,29.450000762939453,392000
2022-11-14,29.450000762939453,30.350000381469727,29.25,29.540000915527344,29.540000915527344,371100
2022-11-15,30.1299991607666,30.84000015258789,29.420000076293945,29.8700008392334,29.8700008392334,505700
2022-11-16,29.889999389648438,30.200000762939453,29.559999465942383,29.649999618530273,29.649999618530273,265000
2022-11-17,29.5,29.700000762939453,28.84000015258789,29.3700008392334,29.3700008392334,266600
2022-11-18,29.950000762939453,29.950000762939453,28.94099998474121,29.1299991607666,29.1299991607666,233400
2022-11-21,29.260000228881836,29.860000610351562,28.979999542236328,29.479999542236328,29.479999542236328,226000
2022-11-22,29.6299991607666,29.6299991607666,28.584999084472656,28.739999771118164,28.739999771118164,264100
2022-11-23,28.850000381469727,29.219999313354492,28.469999313354492,28.489999771118164,28.489999771118164,198000
2022-11-25,28.520000457763672,29.0049991607666,28.024999618530273,28.540000915527344,28.540000915527344,88000
2022-11-28,28.56999969482422,28.746000289916992,27.959999084472656,28.170000076293945,28.170000076293945,329900
2022-11-29,28.059999465942383,28.729999542236328,27.770000457763672,28.469999313354492,28.469999313354492,204500
2022-11-30,28.6200008392334,29.770000457763672,27.950000762939453,29.719999313354492,29.719999313354492,483600
2022-12-01,29.760000228881836,30.375,29.44499969482422,30.110000610351562,30.110000610351562,221400
2022-12-02,29.809999465942383,30.989999771118164,29.809999465942383,30.860000610351562,30.860000610351562,228900
2022-12-05,30.6299991607666,30.6299991607666,29.079999923706055,29.510000228881836,29.510000228881836,332100
2022-12-06,29.940000534057617,30.190000534057617,29.19499969482422,29.5,29.5,275700
2022-12-07,29.469999313354492,30.020000457763672,29.18000030517578,29.690000534057617,29.690000534057617,233600
2022-12-08,29.8799991607666,30.354999542236328,29.440000534057617,30.040000915527344,30.040000915527344,180200
2022-12-09,29.920000076293945,30.0,29.219999313354492,29.290000915527344,29.290000915527344,231300
2022-12-12,29.25,29.854999542236328,28.579999923706055,28.690000534057617,28.690000534057617,406000
2022-12-13,29.280000686645508,29.280000686645508,28.06999969482422,28.5,28.5,297000
2022-12-14,28.450000762939453,28.81999969482422,28.0,28.520000457763672,28.520000457763672,322000
2022-12-15,28.31999969482422,28.434999465942383,27.440000534057617,27.59000015258789,27.59000015258789,352500
2022-12-16,27.200000762939453,28.079999923706055,26.530000686645508,27.43000030517578,27.43000030517578,1286400
2022-12-19,27.510000228881836,27.760000228881836,25.860000610351562,25.940000534057617,25.940000534057617,439100
2022-12-20,25.899999618530273,26.450000762939453,25.625,25.84000015258789,25.84000015258789,330800
2022-12-21,26.010000228881836,26.209999084472656,25.440000534057617,25.709999084472656,25.709999084472656,279900
2022-12-22,25.5,25.959999084472656,25.135000228881836,25.75,25.75,375400
2022-12-23,25.760000228881836,26.34000015258789,25.360000610351562,26.100000381469727,26.100000381469727,368000
2022-12-27,26.149999618530273,26.450000762939453,24.969999313354492,25.25,25.25,314500
2022-12-28,25.15999984741211,25.780000686645508,24.760000228881836,24.790000915527344,24.790000915527344,259600
2022-12-29,25.010000228881836,26.024999618530273,24.729999542236328,25.420000076293945,25.420000076293945,299300
2022-12-30,25.270000457763672,26.06999969482422,24.889999389648438,26.040000915527344,26.040000915527344,392500
2023-01-03,26.219999313354492,26.459999084472656,25.729999542236328,25.950000762939453,25.950000762939453,409200
2023-01-04,26.020000457763672,26.34000015258789,25.549999237060547,25.950000762939453,25.950000762939453,351600
2023-01-05,25.8799991607666,26.274999618530273,25.850000381469727,26.170000076293945,26.170000076293945,363300
2023-01-06,26.3700008392334,27.030000686645508,26.09000015258789,27.0,27.0,326800
2023-01-09,27.15999984741211,27.15999984741211,26.489999771118164,26.8799991607666,26.8799991607666,597400
2023-01-10,26.799999237060547,27.40999984741211,26.25,26.969999313354492,26.969999313354492,333600
2023-01-11,26.93000030517578,27.299999237060547,26.75,27.25,27.25,300400
2023-01-12,27.309999465942383,28.049999237060547,26.68000030517578,27.969999313354492,27.969999313354492,340000
2023-01-13,27.709999084472656,28.6200008392334,27.100000381469727,28.299999237060547,28.299999237060547,331300
2023-01-17,28.239999771118164,28.559999465942383,27.729999542236328,28.280000686645508,28.280000686645508,222500
2023-01-18,28.469999313354492,29.1200008392334,28.18400001525879,28.260000228881836,28.260000228881836,275400
2023-01-19,28.139999389648438,29.200000762939453,27.709999084472656,28.940000534057617,28.940000534057617,348900
2023-01-20,29.239999771118164,29.239999771118164,28.440000534057617,28.829999923706055,28.829999923706055,469600
2023-01-23,28.670000076293945,30.5,28.399999618530273,30.25,30.25,405700
2023-01-24,30.209999084472656,32.400001525878906,29.270000457763672,31.8700008392334,31.8700008392334,373500
2023-01-25,31.639999389648438,32.70000076293945,30.610000610351562,32.59000015258789,32.59000015258789,293600
2023-01-26,32.83000183105469,33.060001373291016,31.219999313354492,31.780000686645508,31.780000686645508,404600
2023-01-27,31.81999969482422,32.720001220703125,31.81999969482422,32.5,32.5,259400
2023-01-30,32.4900016784668,33.099998474121094,31.3799991607666,31.700000762939453,31.700000762939453,384100
2023-01-31,32.43000030517578,33.029998779296875,31.93000030517578,32.91999816894531,32.91999816894531,502900
2023-02-01,32.939998626708984,34.4900016784668,32.4900016784668,34.20000076293945,34.20000076293945,498400
2023-02-02,34.290000915527344,35.16999816894531,34.06999969482422,35.13999938964844,35.13999938964844,515800
2023-02-03,34.900001525878906,36.70000076293945,34.86000061035156,36.4900016784668,36.4900016784668,607600
2023-02-06,36.560001373291016,38.20000076293945,36.19499969482422,36.619998931884766,36.619998931884766,445400
2023-02-07,36.54999923706055,36.970001220703125,35.28499984741211,35.720001220703125,35.720001220703125,414200
2023-02-08,35.650001525878906,36.15999984741211,35.209999084472656,35.689998626708984,35.689998626708984,370500
2023-02-09,36.0099983215332,37.130001068115234,35.79999923706055,36.22999954223633,36.22999954223633,372400
2023-02-10,36.20000076293945,37.14500045776367,35.56999969482422,36.95000076293945,36.95000076293945,380600
2023-02-13,37.09000015258789,38.08000183105469,35.93000030517578,36.02000045776367,36.02000045776367,500400
2023-02-14,35.77000045776367,36.65999984741211,35.43000030517578,35.880001068115234,35.880001068115234,302800
2023-02-15,35.68000030517578,35.970001220703125,35.189998626708984,35.25,35.25,414100
2023-02-16,34.81999969482422,35.36000061035156,34.380001068115234,34.849998474121094,34.849998474121094,333300
2023-02-17,34.9900016784668,35.70000076293945,34.75,35.40999984741211,35.40999984741211,279900
2023-02-21,35.11000061035156,35.47999954223633,34.025001525878906,34.13999938964844,34.13999938964844,440500
2023-02-22,34.15999984741211,34.880001068115234,33.720001220703125,34.22999954223633,34.22999954223633,331300
2023-02-23,34.4900016784668,34.88999938964844,33.58000183105469,34.18000030517578,34.18000030517578,256300
2023-02-24,34.119998931884766,34.20000076293945,32.93000030517578,33.130001068115234,33.130001068115234,409400
2023-02-27,33.29999923706055,33.29999923706055,32.75,32.869998931884766,32.869998931884766,381000
2023-02-28,32.79999923706055,33.375,32.060001373291016,32.130001068115234,32.130001068115234,553000
2023-03-01,32.130001068115234,32.59000015258789,31.65999984741211,32.529998779296875,32.529998779296875,291700
2023-03-02,32.27000045776367,32.39500045776367,31.209999084472656,31.43000030517578,31.43000030517578,312800
2023-03-03,31.59000015258789,32.36000061035156,31.149999618530273,31.93000030517578,31.93000030517578,267400
2023-03-06,32.0,32.0,31.190000534057617,31.889999389648438,31.889999389648438,404200
2023-03-07,31.799999237060547,32.0,30.709999084472656,30.729999542236328,30.729999542236328,377200
2023-03-08,30.81999969482422,30.979999542236328,30.375,30.579999923706055,30.579999923706055,314900
2023-03-09,30.56999969482422,30.7549991607666,29.25,29.469999313354492,29.469999313354492,494300
2023-03-10,29.3700008392334,29.420000076293945,26.6200008392334,26.989999771118164,26.989999771118164,751400
2023-03-13,26.739999771118164,28.639999389648438,26.59000015258789,28.40999984741211,28.40999984741211,762100
2023-03-14,28.75,28.799999237060547,27.510000228881836,28.270000457763672,28.270000457763672,452100
2023-03-15,27.860000610351562,28.489999771118164,27.309999465942383,28.200000762939453,28.200000762939453,378200
2023-03-16,27.950000762939453,28.68000030517578,27.239999771118164,28.329999923706055,28.329999923706055,340200
2023-03-17,28.18000030517578,28.5,27.3700008392334,28.049999237060547,28.049999237060547,905000
2023-03-20,28.1200008392334,28.809999465942383,27.93000030517578,28.729999542236328,28.729999542236328,283400
2023-03-21,28.93000030517578,29.06999969482422,28.290000915527344,28.459999084472656,28.459999084472656,251400
2023-03-22,28.309999465942383,28.309999465942383,26.829999923706055,26.860000610351562,26.860000610351562,396600
2023-03-23,27.139999389648438,27.834999084472656,26.96500015258789,27.709999084472656,27.709999084472656,315200
2023-03-24,27.520000457763672,28.15999984741211,26.860000610351562,27.979999542236328,27.979999542236328,289200
2023-03-27,28.0,28.690000534057617,27.809999465942383,28.1200008392334,28.1200008392334,268800
2023-03-28,27.969999313354492,28.489999771118164,27.719999313354492,27.860000610351562,27.860000610351562,204900
2023-03-29,28.209999084472656,28.600000381469727,27.799999237060547,28.030000686645508,28.030000686645508,304500
2023-03-30,28.06999969482422,28.184999465942383,26.899999618530273,27.399999618530273,27.399999618530273,388600
2023-03-31,27.5,28.239999771118164,27.5,27.889999389648438,27.889999389648438,342200
2023-04-03,27.739999771118164,28.420000076293945,27.489999771118164,28.3700008392334,28.3700008392334,251400
2023-04-04,28.34000015258789,28.485000610351562,27.514999389648438,27.850000381469727,27.850000381469727,286400
2023-04-05,27.81999969482422,28.479999542236328,27.81999969482422,28.309999465942383,28.309999465942383,217800
2023-04-06,28.440000534057617,28.969999313354492,28.094999313354492,28.860000610351562,28.860000610351562,207700
2023-04-10,28.65999984741211,28.889999389648438,27.920000076293945,28.670000076293945,28.670000076293945,439400
2023-04-11,28.670000076293945,28.940000534057617,28.44499969482422,28.549999237060547,28.549999237060547,398100
2023-04-12,28.760000228881836,28.760000228881836,28.020000457763672,28.110000610351562,28.110000610351562,167500
2023-04-13,28.239999771118164,29.729999542236328,28.170000076293945,29.049999237060547,29.049999237060547,325700
2023-04-14,29.010000228881836,29.469999313354492,28.579999923706055,29.219999313354492,29.219999313354492,254800
2023-04-17,29.40999984741211,30.209999084472656,29.280000686645508,29.899999618530273,29.899999618530273,335100
2023-04-18,30.049999237060547,30.200000762939453,28.440000534057617,28.5,28.5,268800
2023-04-19,28.31999969482422,28.530000686645508,27.8700008392334,28.25,28.25,257500
2023-04-20,28.110000610351562,28.719999313354492,27.899999618530273,28.350000381469727,28.350000381469727,243900
2023-04-21,28.260000228881836,28.8799991607666,28.239999771118164,28.790000915527344,28.790000915527344,212200
2023-04-24,28.75,28.75,28.010000228881836,28.360000610351562,28.360000610351562,235900
2023-04-25,28.18000030517578,28.46500015258789,27.700000762939453,28.079999923706055,28.079999923706055,188400
2023-04-26,27.940000534057617,28.170000076293945,26.809999465942383,26.899999618530273,26.899999618530273,208900
2023-04-27,26.8799991607666,26.8799991607666,26.344999313354492,26.450000762939453,26.450000762939453,293600
2023-04-28,26.450000762939453,27.020000457763672,26.270000457763672,26.440000534057617,26.440000534057617,256400
2023-05-01,26.440000534057617,27.3700008392334,26.260000228881836,27.06999969482422,27.06999969482422,222800
2023-05-02,26.899999618530273,26.940000534057617,26.139999389648438,26.420000076293945,26.420000076293945,339800
2023-05-03,26.600000381469727,27.43000030517578,26.360000610351562,27.1299991607666,27.1299991607666,435700
2023-05-04,26.950000762939453,27.75,26.770000457763672,27.639999389648438,27.639999389648438,257100
2023-05-05,27.8799991607666,27.8799991607666,27.25,27.420000076293945,27.420000076293945,233700
2023-05-08,27.510000228881836,27.614999771118164,26.889999389648438,27.34000015258789,27.34000015258789,250700
2023-05-09,26.1200008392334,27.170000076293945,25.815000534057617,26.829999923706055,26.829999923706055,419000
2023-05-10,27.209999084472656,27.530000686645508,26.684999465942383,26.889999389648438,26.889999389648438,357500
2023-05-11,26.790000915527344,27.25,26.56999969482422,26.700000762939453,26.700000762939453,259000
2023-05-12,26.920000076293945,27.110000610351562,26.450000762939453,26.75,26.75,156500
2023-05-15,26.829999923706055,28.299999237060547,26.635000228881836,27.8799991607666,27.8799991607666,277300
2023-05-16,27.440000534057617,27.440000534057617,26.540000915527344,26.559999465942383,26.559999465942383,210800
2023-05-17,26.6299991607666,26.799999237060547,26.30500030517578,26.510000228881836,26.510000228881836,300800
2023-05-18,26.399999618530273,26.719999313354492,25.510000228881836,26.049999237060547,26.049999237060547,298200
2023-05-19,27.219999313354492,27.5,26.84000015258789,27.450000762939453,27.450000762939453,329000
2023-05-22,27.610000610351562,28.079999923706055,27.270000457763672,27.770000457763672,27.770000457763672,272200
2023-05-23,27.739999771118164,28.959999084472656,27.739999771118164,28.719999313354492,28.719999313354492,262800
2023-05-24,28.649999618530273,28.649999618530273,27.71500015258789,27.770000457763672,27.770000457763672,304600
2023-05-25,27.6200008392334,27.84000015258789,26.780000686645508,27.170000076293945,27.170000076293945,244600
2023-05-26,27.239999771118164,27.6299991607666,26.68000030517578,27.25,27.25,250500
2023-05-30,27.239999771118164,27.59000015258789,26.530000686645508,27.09000015258789,27.09000015258789,216900
2023-05-31,27.1299991607666,28.0,26.690000534057617,27.100000381469727,27.100000381469727,342200
2023-06-01,27.09000015258789,27.25,26.219999313354492,27.139999389648438,27.139999389648438,203800
2023-06-02,27.420000076293945,27.700000762939453,26.920000076293945,27.690000534057617,27.690000534057617,278900
2023-06-05,27.25,27.545000076293945,26.81999969482422,26.959999084472656,26.959999084472656,314600
2023-06-06,26.8700008392334,27.6200008392334,26.655000686645508,27.110000610351562,27.110000610351562,297100
2023-06-07,27.100000381469727,27.479999542236328,26.729999542236328,26.979999542236328,26.979999542236328,323300
2023-06-08,26.889999389648438,27.299999237060547,26.700000762939453,27.25,27.25,230200
2023-06-09,27.229999542236328,27.239999771118164,26.75,26.8700008392334,26.8700008392334,176300
2023-06-12,26.959999084472656,27.350000381469727,26.739999771118164,27.1200008392334,27.1200008392334,259300
2023-06-13,27.18000030517578,27.368999481201172,26.979999542236328,27.190000534057617,27.190000534057617,439400
2023-06-14,27.149999618530273,27.3700008392334,26.350000381469727,26.540000915527344,26.540000915527344,328800
2023-06-15,26.43000030517578,26.690000534057617,26.110000610351562,26.479999542236328,26.479999542236328,266900
2023-06-16,26.739999771118164,26.7549991607666,26.360000610351562,26.489999771118164,26.489999771118164,1228500
2023-06-20,26.510000228881836,26.655000686645508,25.920000076293945,26.190000534057617,26.190000534057617,247000
2023-06-21,26.0,26.139999389648438,24.940000534057617,25.84000015258789,25.84000015258789,355400
2023-06-22,25.84000015258789,26.100000381469727,25.530000686645508,25.65999984741211,25.65999984741211,228600
2023-06-23,25.510000228881836,25.7450008392334,25.219999313354492,25.549999237060547,25.549999237060547,1416200
2023-06-26,25.59000015258789,25.6299991607666,24.760000228881836,24.770000457763672,24.770000457763672,296000
2023-06-27,24.780000686645508,25.18000030517578,24.639999389648438,25.049999237060547,25.049999237060547,300600
2023-06-28,25.100000381469727,25.329999923706055,24.850000381469727,25.219999313354492,25.219999313354492,232800
2023-06-29,25.079999923706055,25.59000015258789,24.979999542236328,25.25,25.25,239900
2023-06-30,25.399999618530273,25.670000076293945,24.950000762939453,24.969999313354492,24.969999313354492,302600
2023-07-03,24.860000610351562,25.0,24.649999618530273,24.899999618530273,24.899999618530273,105500
2023-07-05,24.81999969482422,24.8700008392334,24.2549991607666,24.270000457763672,24.270000457763672,301800
2023-07-06,24.15999984741211,24.3700008392334,23.420000076293945,23.579999923706055,23.579999923706055,267000
2023-07-07,23.6200008392334,23.790000915527344,23.290000915527344,23.389999389648438,23.389999389648438,249000
2023-07-10,23.399999618530273,23.979999542236328,23.375,23.81999969482422,23.81999969482422,297800
2023-07-11,23.780000686645508,23.84000015258789,23.280000686645508,23.34000015258789,23.34000015258789,250300
2023-07-12,23.610000610351562,23.709999084472656,23.280000686645508,23.5049991607666,23.5049991607666,239700
2023-07-13,23.540000915527344,24.329999923706055,23.43000030517578,24.100000381469727,24.100000381469727,304000
2023-07-14,24.15999984741211,25.020000457763672,24.0,24.950000762939453,24.950000762939453,384600
2023-07-17,25.079999923706055,25.350000381469727,24.40999984741211,24.530000686645508,24.530000686645508,371100
2023-07-18,24.59000015258789,25.0,24.41200065612793,24.989999771118164,24.989999771118164,292800
2023-07-19,25.18000030517578,25.90999984741211,25.06999969482422,25.389999389648438,25.389999389648438,338600
2023-07-20,25.3700008392334,25.454999923706055,24.899999618530273,24.959999084472656,24.959999084472656,210400
2023-07-21,25.1299991607666,25.1299991607666,24.520000457763672,24.799999237060547,24.799999237060547,219600
2023-07-24,24.850000381469727,24.924999237060547,24.209999084472656,24.219999313354492,24.219999313354492,235400
2023-07-25,24.209999084472656,24.299999237060547,23.81999969482422,23.920000076293945,23.920000076293945,260900
2023-07-26,23.8700008392334,24.280000686645508,23.719999313354492,24.270000457763672,24.270000457763672,221100
2023-07-27,24.469999313354492,24.520000457763672,23.25,23.3799991607666,23.3799991607666,340000
2023-07-28,23.6299991607666,24.3700008392334,23.579999923706055,23.989999771118164,23.989999771118164,311100
2023-07-31,23.989999771118164,24.450000762939453,23.920000076293945,24.290000915527344,24.290000915527344,216700
2023-08-01,24.170000076293945,24.170000076293945,23.56999969482422,24.030000686645508,24.030000686645508,194000
2023-08-02,23.790000915527344,23.790000915527344,23.309999465942383,23.520000457763672,23.520000457763672,160900
2023-08-03,23.399999618530273,23.760000228881836,23.235000610351562,23.350000381469727,23.350000381469727,215400
2023-08-04,25.15999984741211,26.329999923706055,24.020000457763672,24.18000030517578,24.18000030517578,523900
2023-08-07,24.459999084472656,25.149999618530273,23.719999313354492,24.260000228881836,24.260000228881836,566500
2023-08-08,24.299999237060547,24.44499969482422,23.479999542236328,23.860000610351562,23.860000610351562,277200
2023-08-09,23.829999923706055,23.950000762939453,22.940000534057617,23.079999923706055,23.079999923706055,364400
2023-08-10,23.149999618530273,23.600000381469727,22.920000076293945,23.290000915527344,23.290000915527344,301300
2023-08-11,23.149999618530273,23.690000534057617,23.059999465942383,23.31999969482422,23.31999969482422,249800
2023-08-14,23.110000610351562,23.389999389648438,22.649999618530273,23.299999237060547,23.299999237060547,296200
2023-08-15,23.219999313354492,23.6299991607666,22.81999969482422,23.40999984741211,23.40999984741211,256300
2023-08-16,23.31999969482422,23.43000030517578,22.520000457763672,22.56999969482422,22.56999969482422,196100
2023-08-17,22.6200008392334,22.829999923706055,22.40999984741211,22.420000076293945,22.420000076293945,248200
2023-08-18,22.25,23.170000076293945,22.170000076293945,22.520000457763672,22.520000457763672,251200
2023-08-21,22.540000915527344,22.68000030517578,22.174999237060547,22.5,22.5,251100
2023-08-22,22.459999084472656,23.125,22.290000915527344,22.959999084472656,22.959999084472656,252000
2023-08-23,23.110000610351562,23.979999542236328,22.6299991607666,22.760000228881836,22.760000228881836,328000
2023-08-24,22.700000762939453,22.899999618530273,22.520000457763672,22.59000015258789,22.59000015258789,235300
2023-08-25,22.700000762939453,22.770000457763672,22.260000228881836,22.600000381469727,22.600000381469727,174200
2023-08-28,22.68000030517578,22.850000381469727,22.3799991607666,22.649999618530273,22.649999618530273,149300
2023-08-29,22.59000015258789,22.8700008392334,22.4950008392334,22.729999542236328,22.729999542236328,245800
2023-08-30,22.670000076293945,22.90999984741211,22.350000381469727,22.639999389648438,22.639999389648438,219600
2023-08-31,22.6200008392334,22.639999389648438,21.950000762939453,21.979999542236328,21.979999542236328,453900
2023-09-01,22.1299991607666,22.559999465942383,22.1299991607666,22.43000030517578,22.43000030517578,249400
2023-09-05,22.25,22.43000030517578,21.549999237060547,21.59000015258789,21.59000015258789,318700
2023-09-06,21.56999969482422,21.825000762939453,21.31999969482422,21.5,21.5,227700
2023-09-07,21.489999771118164,21.579999923706055,21.219999313354492,21.25,21.25,245400
2023-09-08,21.229999542236328,21.440000534057617,21.15999984741211,21.25,21.25,159600
2023-09-11,21.25,21.399999618530273,21.09000015258789,21.34000015258789,21.34000015258789,217800
2023-09-12,21.290000915527344,21.59000015258789,21.1299991607666,21.459999084472656,21.459999084472656,195700
2023-09-13,21.43000030517578,21.559999465942383,20.834999084472656,20.889999389648438,20.889999389648438,262700
2023-09-14,21.020000457763672,21.19700050354004,20.81999969482422,20.93000030517578,20.93000030517578,258700
2023-09-15,20.989999771118164,21.030000686645508,20.59000015258789,20.690000534057617,20.690000534057617,1247000
2023-09-18,20.760000228881836,21.139999389648438,20.459999084472656,20.639999389648438,20.639999389648438,350300
2023-09-19,20.600000381469727,21.5049991607666,20.270000457763672,21.100000381469727,21.100000381469727,649900
2023-09-20,21.139999389648438,21.229999542236328,20.540000915527344,20.549999237060547,20.549999237060547,414800
2023-09-21,20.469999313354492,20.68000030517578,20.139999389648438,20.350000381469727,20.350000381469727,312300
2023-09-22,20.299999237060547,20.530000686645508,20.1200008392334,20.15999984741211,20.15999984741211,325200
2023-09-25,20.170000076293945,20.270000457763672,20.010000228881836,20.139999389648438,20.139999389648438,280000
2023-09-26,20.200000762939453,20.59000015258789,20.040000915527344,20.079999923706055,20.079999923706055,257200
2023-09-27,20.18000030517578,20.59000015258789,20.18000030517578,20.549999237060547,20.549999237060547,405600
2023-09-28,20.56999969482422,20.780000686645508,20.200000762939453,20.5,20.5,369200
2023-09-29,20.579999923706055,20.579999923706055,20.0,20.149999618530273,20.149999618530273,447600
2023-10-02,20.1200008392334,20.1200008392334,19.25,19.479999542236328,19.479999542236328,553200
2023-10-03,19.299999237060547,19.809999465942383,19.18000030517578,19.600000381469727,19.600000381469727,511100
2023-10-04,19.670000076293945,19.670000076293945,19.100000381469727,19.219999313354492,19.219999313354492,494000
2023-10-05,19.219999313354492,19.889999389648438,19.219999313354492,19.670000076293945,19.670000076293945,537000
2023-10-06,19.6200008392334,19.950000762939453,19.46500015258789,19.739999771118164,19.739999771118164,316500
2023-10-09,19.610000610351562,19.815000534057617,19.125,19.489999771118164,19.489999771118164,304000
2023-10-10,19.469999313354492,19.770000457763672,19.239999771118164,19.360000610351562,19.360000610351562,389800
2023-10-11,19.3700008392334,19.979999542236328,18.78499984741211,18.8799991607666,18.8799991607666,304000
2023-10-12,18.760000228881836,18.920000076293945,18.31999969482422,18.489999771118164,18.489999771118164,530900
2023-10-13,18.59000015258789,18.8799991607666,18.260000228881836,18.850000381469727,18.850000381469727,282400
2023-10-16,18.850000381469727,19.1299991607666,18.600000381469727,18.950000762939453,18.950000762939453,291600
2023-10-17,18.84000015258789,19.6200008392334,18.84000015258789,19.25,19.25,319600
2023-10-18,19.09000015258789,19.149999618530273,18.639999389648438,18.700000762939453,18.700000762939453,226800
2023-10-19,18.700000762939453,18.790000915527344,18.25,18.329999923706055,18.329999923706055,368400
2023-10-20,18.360000610351562,18.43000030517578,18.170000076293945,18.190000534057617,18.190000534057617,403900
2023-10-23,18.100000381469727,18.299999237060547,17.8700008392334,17.889999389648438,17.889999389648438,404800
2023-10-24,17.950000762939453,18.280000686645508,17.889999389648438,18.149999618530273,18.149999618530273,237100
2023-10-25,17.959999084472656,18.038999557495117,17.719999313354492,17.739999771118164,17.739999771118164,240300
2023-10-26,17.649999618530273,17.90999984741211,17.510000228881836,17.59000015258789,17.59000015258789,269600
2023-10-27,17.610000610351562,17.614999771118164,16.719999313354492,16.75,16.75,439400
2023-10-30,16.950000762939453,17.44499969482422,16.81999969482422,17.229999542236328,17.229999542236328,451700
2023-10-31,17.15999984741211,17.520000457763672,16.905000686645508,17.350000381469727,17.350000381469727,317600
2023-11-01,17.360000610351562,17.594999313354492,16.934999465942383,17.469999313354492,17.469999313354492,445900
2023-11-02,17.700000762939453,17.780000686645508,17.225000381469727,17.489999771118164,17.489999771118164,453300
2023-11-03,17.799999237060547,18.6200008392334,17.635000228881836,18.450000762939453,18.450000762939453,447300
2023-11-06,18.510000228881836,18.6299991607666,18.201000213623047,18.399999618530273,18.399999618530273,314400
2023-11-07,18.389999389648438,18.649999618530273,18.290000915527344,18.540000915527344,18.540000915527344,277000
2023-11-08,18.18000030517578,18.18000030517578,16.829999923706055,17.239999771118164,17.239999771118164,686700
2023-11-09,17.43000030517578,17.43000030517578,16.489999771118164,16.530000686645508,16.530000686645508,430300
2023-11-10,16.579999923706055,17.1299991607666,16.520000457763672,17.059999465942383,17.059999465942383,344400
2023-11-13,17.0,17.200000762939453,16.639999389648438,17.049999237060547,17.049999237060547,274500
2023-11-14,17.760000228881836,18.469999313354492,17.65999984741211,18.459999084472656,18.459999084472656,548400
2023-11-15,18.389999389648438,19.1299991607666,17.979999542236328,18.920000076293945,18.920000076293945,584200
2023-11-16,18.920000076293945,18.93000030517578,18.229999542236328,18.540000915527344,18.540000915527344,425900
2023-11-17,18.770000457763672,19.239999771118164,18.75,19.219999313354492,19.219999313354492,397600
2023-11-20,19.229999542236328,20.114999771118164,19.209999084472656,19.889999389648438,19.889999389648438,382400
2023-11-21,19.639999389648438,19.680999755859375,18.5,18.5,18.5,285200
2023-11-22,18.799999237060547,18.86199951171875,18.440000534057617,18.729999542236328,18.729999542236328,265500
2023-11-24,18.709999084472656,18.96500015258789,18.329999923706055,18.739999771118164,18.739999771118164,117900
2023-11-27,18.719999313354492,18.809999465942383,18.229999542236328,18.690000534057617,18.690000534057617,454200
2023-11-28,18.709999084472656,18.729999542236328,18.260000228881836,18.709999084472656,18.709999084472656,690700
2023-11-29,18.809999465942383,19.260000228881836,18.299999237060547,18.31999969482422,18.31999969482422,505200
2023-11-30,18.5,18.959999084472656,18.260000228881836,18.34000015258789,18.34000015258789,674100
2023-12-01,18.31999969482422,18.81999969482422,17.81999969482422,18.799999237060547,18.799999237060547,622700
2023-12-04,18.84000015258789,19.399999618530273,18.68000030517578,19.1200008392334,19.1200008392334,395300
2023-12-05,18.959999084472656,18.969999313354492,18.43000030517578,18.6200008392334,18.6200008392334,320000
2023-12-06,18.729999542236328,20.010000228881836,18.510000228881836,19.260000228881836,19.260000228881836,605200
2023-12-07,19.329999923706055,20.260000228881836,19.1200008392334,20.209999084472656,20.209999084472656,497400
2023-12-08,20.15999984741211,20.579999923706055,19.770000457763672,20.25,20.25,510600
2023-12-11,20.360000610351562,20.389999389648438,19.59000015258789,19.6299991607666,19.6299991607666,367600
2023-12-12,19.510000228881836,19.639999389648438,19.260000228881836,19.399999618530273,19.399999618530273,332600
2023-12-13,19.290000915527344,20.600000381469727,19.290000915527344,20.549999237060547,20.549999237060547,569100
2023-12-14,20.700000762939453,21.399999618530273,20.690000534057617,21.219999313354492,21.219999313354492,656900
2023-12-15,21.3799991607666,21.8799991607666,20.809999465942383,20.920000076293945,20.920000076293945,3355400
2023-12-18,20.75,20.969999313354492,20.329999923706055,20.56999969482422,20.56999969482422,876600
2023-12-19,20.8700008392334,21.860000610351562,20.760000228881836,21.190000534057617,21.190000534057617,627400
2023-12-20,21.040000915527344,21.479999542236328,20.360000610351562,20.3799991607666,20.3799991607666,641900
2023-12-21,20.649999618530273,20.92300033569336,20.360000610351562,20.440000534057617,20.440000534057617,400900
2023-12-22,20.670000076293945,21.149999618530273,20.670000076293945,20.940000534057617,20.940000534057617,547400
2023-12-26,21.219999313354492,21.399999618530273,20.950000762939453,21.200000762939453,21.200000762939453,281100
2023-12-27,21.229999542236328,21.399999618530273,20.920000076293945,21.110000610351562,21.110000610351562,278700
2023-12-28,21.020000457763672,21.459999084472656,20.915000915527344,21.420000076293945,21.420000076293945,354600
2023-12-29,21.350000381469727,21.540000915527344,20.610000610351562,21.229999542236328,21.229999542236328,828100
2024-01-02,21.170000076293945,22.843000411987305,21.03499984741211,22.510000228881836,22.510000228881836,1337900
2024-01-03,22.309999465942383,22.309999465942383,21.579999923706055,21.850000381469727,21.850000381469727,780700
2024-01-04,22.059999465942383,22.56999969482422,21.489999771118164,22.110000610351562,22.110000610351562,793800
2024-01-05,21.81999969482422,21.81999969482422,20.500999450683594,20.59000015258789,20.59000015258789,651100
2024-01-08,20.510000228881836,21.200000762939453,20.139999389648438,21.049999237060547,21.049999237060547,940500
2024-01-09,20.829999923706055,20.950000762939453,20.125,20.579999923706055,20.579999923706055,374900
2024-01-10,20.520000457763672,20.969999313354492,20.274999618530273,20.479999542236328,20.479999542236328,358700
2024-01-11,20.209999084472656,20.530000686645508,20.09000015258789,20.420000076293945,20.420000076293945,513000
2024-01-12,20.670000076293945,21.100000381469727,20.110000610351562,20.299999237060547,20.299999237060547,304300
2024-01-16,20.25,20.780000686645508,20.010000228881836,20.389999389648438,20.389999389648438,627800
2024-01-17,20.06999969482422,20.469999313354492,19.75,20.010000228881836,20.010000228881836,600400
2024-01-18,20.079999923706055,20.079999923706055,19.479999542236328,19.670000076293945,19.670000076293945,501900
2024-01-19,19.690000534057617,19.729999542236328,19.200000762939453,19.639999389648438,19.639999389648438,339400
2024-01-22,19.75,20.139999389648438,19.655000686645508,20.020000457763672,20.020000457763672,516600
2024-01-23,20.40999984741211,20.979999542236328,19.600000381469727,19.729999542236328,19.729999542236328,584800
2024-01-24,19.90999984741211,20.110000610351562,19.6299991607666,19.8700008392334,19.8700008392334,639400
2024-01-25,20.1299991607666,20.360000610351562,19.540000915527344,19.829999923706055,19.829999923706055,525400
2024-01-26,20.049999237060547,20.30500030517578,19.510000228881836,20.079999923706055,20.079999923706055,1542200
2024-01-29,20.049999237060547,20.559999465942383,19.729999542236328,20.489999771118164,20.489999771118164,620300
2024-01-30,20.3799991607666,20.3799991607666,19.229999542236328,19.399999618530273,19.399999618530273,524800
2024-01-31,19.360000610351562,19.540000915527344,18.635000228881836,18.700000762939453,18.700000762939453,692000
2024-02-01,18.770000457763672,19.209999084472656,18.399999618530273,19.059999465942383,19.059999465942383,624800
2024-02-02,18.719999313354492,18.899999618530273,18.360000610351562,18.739999771118164,18.739999771118164,400000
2024-02-05,18.450000762939453,18.959999084472656,18.260000228881836,18.790000915527344,18.790000915527344,416800
2024-02-06,18.780000686645508,19.1200008392334,18.56999969482422,19.110000610351562,19.110000610351562,520300
2024-02-07,19.100000381469727,19.100000381469727,18.489999771118164,18.700000762939453,18.700000762939453,319400
2024-02-08,18.649999618530273,18.770000457763672,18.40999984741211,18.649999618530273,18.649999618530273,733600
2024-02-09,18.809999465942383,19.719999313354492,18.799999237060547,19.420000076293945,19.420000076293945,580400
2024-02-12,19.360000610351562,20.584999084472656,19.309999465942383,20.510000228881836,20.510000228881836,663800
2024-02-13,19.780000686645508,20.354999542236328,18.850000381469727,19.1200008392334,19.1200008392334,670800
2024-02-14,19.510000228881836,20.1200008392334,19.25,20.100000381469727,20.100000381469727,452800
2024-02-15,20.15999984741211,21.350000381469727,20.15999984741211,21.299999237060547,21.299999237060547,577600
2024-02-16,21.170000076293945,24.229999542236328,20.954999923706055,24.149999618530273,24.149999618530273,1434200
2024-02-20,23.889999389648438,24.854999542236328,23.2810001373291,23.5,23.5,943900
2024-02-21,23.280000686645508,24.100000381469727,23.09000015258789,24.09000015258789,24.09000015258789,529000
2024-02-22,23.8799991607666,24.56999969482422,23.75,24.389999389648438,24.389999389648438,417700
2024-02-23,24.389999389648438,24.920000076293945,24.260000228881836,24.469999313354492,24.469999313354492,372400
2024-02-26,24.399999618530273,26.200000762939453,24.399999618530273,25.8700008392334,25.8700008392334,980100
2024-02-27,26.18000030517578,26.84000015258789,25.920000076293945,26.520000457763672,26.520000457763672,1065100
2024-02-28,24.469999313354492,24.540000915527344,20.799999237060547,22.790000915527344,22.790000915527344,3428900
2024-02-29,23.399999618530273,23.920000076293945,22.850000381469727,22.950000762939453,22.950000762939453,1136500
2024-03-01,23.110000610351562,23.959999084472656,22.5,23.81999969482422,23.81999969482422,817700
2024-03-04,24.079999923706055,24.139999389648438,23.270000457763672,23.920000076293945,23.920000076293945,816800
2024-03-05,23.75,24.010000228881836,22.489999771118164,22.850000381469727,22.850000381469727,1538500
2024-03-06,23.299999237060547,24.06999969482422,23.0310001373291,23.829999923706055,23.829999923706055,685800
2024-03-07,23.90999984741211,23.969999313354492,23.389999389648438,23.790000915527344,23.790000915527344,576700
2024-03-08,23.899999618530273,24.450000762939453,23.864999771118164,24.25,24.25,838700
2024-03-11,24.059999465942383,24.399999618530273,23.030000686645508,23.1299991607666,23.1299991607666,719600
2024-03-12,23.100000381469727,23.290000915527344,22.670000076293945,22.799999237060547,22.799999237060547,581900
2024-03-13,22.649999618530273,23.600000381469727,22.645000457763672,23.360000610351562,23.360000610351562,468700
2024-03-14,23.239999771118164,23.440000534057617,21.485000610351562,22.030000686645508,22.030000686645508,971100
2024-03-15,21.920000076293945,23.389999389648438,21.920000076293945,23.09000015258789,23.09000015258789,2473700
2024-03-18,22.989999771118164,23.799999237060547,22.06999969482422,22.25,22.25,525200
2024-03-19,22.219999313354492,23.219999313354492,21.780000686645508,22.760000228881836,22.760000228881836,418200
2024-03-20,22.440000534057617,22.860000610351562,22.18199920654297,22.75,22.75,700600
2024-03-21,22.809999465942383,23.520000457763672,22.56999969482422,22.809999465942383,22.809999465942383,444900
2024-03-22,22.739999771118164,23.079999923706055,22.579999923706055,22.6200008392334,22.6200008392334,362100
2024-03-25,22.56999969482422,22.8700008392334,21.809999465942383,21.899999618530273,21.899999618530273,272500
2024-03-26,22.010000228881836,22.25,21.469999313354492,21.530000686645508,21.530000686645508,512500
2024-03-27,21.649999618530273,22.440000534057617,21.34000015258789,22.420000076293945,22.420000076293945,494600
2024-03-28,22.489999771118164,22.700000762939453,21.75,22.1299991607666,22.1299991607666,525500
2024-04-01,22.229999542236328,22.229999542236328,21.440000534057617,21.920000076293945,21.920000076293945,390300
2024-04-02,21.459999084472656,22.0,21.139999389648438,21.510000228881836,21.510000228881836,813400
2024-04-03,21.31999969482422,21.670000076293945,20.920000076293945,21.520000457763672,21.520000457763672,485200
2024-04-04,21.719999313354492,22.1200008392334,21.34000015258789,21.3700008392334,21.3700008392334,392700
2024-04-05,21.149999618530273,21.600000381469727,20.93000030517578,21.290000915527344,21.290000915527344,287800
2024-04-08,21.3799991607666,21.6299991607666,21.049999237060547,21.5,21.5,374200
2024-04-09,21.270000457763672,22.110000610351562,21.229999542236328,21.549999237060547,21.549999237060547,481700
2024-04-10,20.850000381469727,20.860000610351562,19.959999084472656,20.270000457763672,20.270000457763672,1105600
2024-04-11,20.520000457763672,20.690000534057617,20.020000457763672,20.520000457763672,20.520000457763672,545500
2024-04-12,20.43000030517578,20.6299991607666,20.010000228881836,20.479999542236328,20.479999542236328,635100
2024-04-15,20.530000686645508,20.530000686645508,19.780000686645508,20.110000610351562,20.110000610351562,386600
2024-04-16,19.600000381469727,19.600000381469727,18.649999618530273,18.920000076293945,18.920000076293945,499300
2024-04-17,19.1200008392334,19.459999084472656,19.049999237060547,19.06999969482422,19.06999969482422,455900
2024-04-18,19.079999923706055,19.18000030517578,18.719999313354492,18.950000762939453,18.950000762939453,466400
2024-04-19,18.8799991607666,18.989999771118164,17.94499969482422,18.3799991607666,18.3799991607666,833300
2024-04-22,18.549999237060547,18.739999771118164,18.18000030517578,18.209999084472656,18.209999084472656,511800
2024-04-23,18.18000030517578,18.81999969482422,18.149999618530273,18.3700008392334,18.3700008392334,481200
2024-04-24,18.389999389648438,19.110000610351562,18.059999465942383,19.020000457763672,19.020000457763672,763100
2024-04-25,18.719999313354492,19.739999771118164,18.31999969482422,19.229999542236328,19.229999542236328,490900
2024-04-26,19.270000457763672,20.40999984741211,19.139999389648438,19.979999542236328,19.979999542236328,375500
2024-04-29,20.049999237060547,21.350000381469727,20.040000915527344,21.06999969482422,21.06999969482422,735800
2024-04-30,20.770000457763672,21.799999237060547,20.610000610351562,20.940000534057617,20.940000534057617,631300
2024-05-01,20.969999313354492,24.420000076293945,20.850000381469727,23.93000030517578,23.93000030517578,1875500
2024-05-02,24.110000610351562,24.110000610351562,22.270000457763672,23.6299991607666,23.6299991607666,1477500
2024-05-03,24.260000228881836,25.09000015258789,24.010000228881836,24.110000610351562,24.110000610351562,437500
2024-05-06,24.040000915527344,24.639999389648438,23.559999465942383,24.309999465942383,24.309999465942383,369400
2024-05-07,24.510000228881836,24.600000381469727,23.920000076293945,24.239999771118164,24.239999771118164,858500
2024-05-08,24.190000534057617,24.40999984741211,23.190000534057617,23.65999984741211,23.65999984741211,761900
2024-05-09,23.510000228881836,24.209999084472656,23.44499969482422,23.540000915527344,23.540000915527344,446900
2024-05-10,23.59000015258789,24.280000686645508,22.360000610351562,22.479999542236328,22.479999542236328,474000
2024-05-13,22.600000381469727,22.93000030517578,21.28499984741211,21.34000015258789,21.34000015258789,541800
2024-05-14,21.790000915527344,22.190000534057617,20.309999465942383,20.360000610351562,20.360000610351562,563900
2024-05-15,20.850000381469727,21.979999542236328,20.690000534057617,21.290000915527344,21.290000915527344,575100
2024-05-16,21.260000228881836,22.520000457763672,20.985000610351562,22.459999084472656,22.459999084472656,1294900
2024-05-17,22.540000915527344,23.469999313354492,22.299999237060547,23.030000686645508,23.030000686645508,658300
2024-05-20,23.030000686645508,23.790000915527344,22.709999084472656,23.75,23.75,435500
2024-05-21,23.6299991607666,24.049999237060547,23.280000686645508,23.770000457763672,23.770000457763672,562100
2024-05-22,23.690000534057617,24.690000534057617,23.489999771118164,24.5,24.5,663200
2024-05-23,24.549999237060547,24.549999237060547,23.020000457763672,23.75,23.75,716000
2024-05-24,23.889999389648438,23.989999771118164,23.399999618530273,23.600000381469727,23.600000381469727,353600
2024-05-28,23.690000534057617,24.09000015258789,22.809999465942383,23.399999618530273,23.399999618530273,463000
2024-05-29,23.09000015258789,23.3799991607666,22.489999771118164,23.190000534057617,23.190000534057617,541900
2024-05-30,23.399999618530273,24.209999084472656,23.06999969482422,23.889999389648438,23.889999389648438,479200
2024-05-31,24.030000686645508,24.639999389648438,23.469999313354492,23.760000228881836,23.760000228881836,636600
2024-06-03,23.8799991607666,25.40999984741211,23.65999984741211,23.959999084472656,23.959999084472656,614000
2024-06-04,23.81999969482422,24.510000228881836,23.441999435424805,23.489999771118164,23.489999771118164,1095600
2024-06-05,23.5,23.549999237060547,22.68000030517578,22.799999237060547,22.799999237060547,817800
2024-06-06,22.709999084472656,22.8700008392334,21.834999084472656,21.90999984741211,21.90999984741211,606600
2024-06-07,21.600000381469727,22.15999984741211,21.520000457763672,21.739999771118164,21.739999771118164,446300
2024-06-10,21.1200008392334,22.18000030517578,20.399999618530273,21.889999389648438,21.889999389648438,713100
2024-06-11,21.6299991607666,22.010000228881836,21.350000381469727,21.940000534057617,21.940000534057617,331500
2024-06-12,22.530000686645508,23.135000228881836,22.010000228881836,22.020000457763672,22.020000457763672,488100
2024-06-13,21.899999618530273,22.34000015258789,21.079999923706055,21.309999465942383,21.309999465942383,456700
2024-06-14,21.040000915527344,21.110000610351562,20.389999389648438,20.579999923706055,20.579999923706055,511700
2024-06-17,20.530000686645508,20.56999969482422,19.43000030517578,19.520000457763672,19.520000457763672,705700
2024-06-18,19.440000534057617,19.549999237060547,18.81999969482422,19.440000534057617,19.440000534057617,593200
2024-06-20,19.229999542236328,19.59000015258789,18.979999542236328,19.3700008392334,19.3700008392334,529600
2024-06-21,19.510000228881836,19.899999618530273,19.299999237060547,19.799999237060547,19.799999237060547,2204000
2024-06-24,19.959999084472656,20.43000030517578,19.790000915527344,20.09000015258789,20.09000015258789,425800
2024-06-25,19.979999542236328,20.040000915527344,19.309999465942383,19.350000381469727,19.350000381469727,409000
2024-06-26,19.270000457763672,19.540000915527344,19.170000076293945,19.43000030517578,19.43000030517578,352300
2024-06-27,19.469999313354492,19.489999771118164,19.139999389648438,19.200000762939453,19.200000762939453,313200
2024-06-28,19.239999771118164,19.510000228881836,18.510000228881836,18.93000030517578,18.93000030517578,1149800
2024-07-01,18.950000762939453,19.31999969482422,18.850000381469727,19.020000457763672,19.020000457763672,433700
2024-07-02,18.989999771118164,19.010000228881836,18.18000030517578,18.260000228881836,18.260000228881836,420200
2024-07-03,18.420000076293945,18.90999984741211,18.190000534057617,18.610000610351562,18.610000610351562,270700
2024-07-05,18.610000610351562,18.610000610351562,17.959999084472656,18.229999542236328,18.229999542236328,274200
2024-07-08,18.489999771118164,18.770000457763672,17.969999313354492,18.18000030517578,18.18000030517578,529000
2024-07-09,18.18000030517578,18.610000610351562,17.6299991607666,18.399999618530273,18.399999618530273,410200
2024-07-10,18.459999084472656,18.65999984741211,18.200000762939453,18.649999618530273,18.649999618530273,331900
2024-07-11,19.079999923706055,19.719999313354492,18.959999084472656,19.389999389648438,19.389999389648438,386500
2024-07-12,19.690000534057617,20.06999969482422,19.31999969482422,19.709999084472656,19.709999084472656,413000
2024-07-15,19.81999969482422,19.93000030517578,19.479999542236328,19.68000030517578,19.68000030517578,406000
2024-07-16,19.989999771118164,20.6200008392334,19.90999984741211,20.43000030517578,20.43000030517578,868600
2024-07-17,20.139999389648438,20.75,19.719999313354492,19.860000610351562,19.860000610351562,336600
2024-07-18,19.760000228881836,19.979999542236328,19.440000534057617,19.649999618530273,19.649999618530273,283100
2024-07-19,19.729999542236328,19.8700008392334,19.1299991607666,19.139999389648438,19.139999389648438,226900
2024-07-22,19.229999542236328,19.81999969482422,18.889999389648438,19.639999389648438,19.639999389648438,327800
2024-07-23,19.520000457763672,20.25,19.469999313354492,19.809999465942383,19.809999465942383,454200
2024-07-24,19.65999984741211,20.850000381469727,19.65999984741211,20.40999984741211,20.40999984741211,707000
2024-07-25,20.530000686645508,21.59000015258789,20.229999542236328,21.270000457763672,21.270000457763672,493800
2024-07-26,21.329999923706055,22.389999389648438,21.329999923706055,21.649999618530273,21.649999618530273,426100
2024-07-29,21.389999389648438,21.84000015258789,20.729999542236328,21.010000228881836,21.010000228881836,276600
2024-07-30,21.139999389648438,21.350000381469727,20.6299991607666,20.84000015258789,20.84000015258789,250100
2024-07-31,20.760000228881836,21.270000457763672,20.149999618530273,20.420000076293945,20.420000076293945,396100
2024-08-01,20.25,20.670000076293945,19.809999465942383,19.899999618530273,19.899999618530273,329500
2024-08-02,19.100000381469727,20.71500015258789,18.739999771118164,19.18000030517578,19.18000030517578,482600
2024-08-05,18.709999084472656,18.959999084472656,17.485000610351562,17.780000686645508,17.780000686645508,571000
2024-08-06,17.530000686645508,18.15999984741211,17.280000686645508,17.850000381469727,17.850000381469727,463600
2024-08-07,18.170000076293945,18.170000076293945,15.3100004196167,15.699999809265137,15.699999809265137,1073500
2024-08-08,15.850000381469727,16.1200008392334,15.449999809265137,16.059999465942383,16.059999465942383,629500
2024-08-09,16.06999969482422,16.56999969482422,15.920000076293945,16.040000915527344,16.040000915527344,348000
2024-08-12,16.149999618530273,16.149999618530273,15.345000267028809,15.800000190734863,15.800000190734863,491700
2024-08-13,15.949999809265137,16.360000610351562,15.760000228881836,15.970000267028809,15.970000267028809,441900
2024-08-14,16.100000381469727,16.100000381469727,15.420000076293945,15.729999542236328,15.729999542236328,424800
2024-08-15,16.1200008392334,16.670000076293945,15.920000076293945,16.030000686645508,16.030000686645508,535200
2024-08-16,16.0,16.299999237060547,15.835000038146973,16.229999542236328,16.229999542236328,276400
2024-08-19,16.309999465942383,17.010000228881836,16.229999542236328,16.860000610351562,16.860000610351562,420700
2024-08-20,16.75,17.135000228881836,16.56999969482422,16.959999084472656,16.959999084472656,218900
2024-08-21,17.31999969482422,17.670000076293945,17.149999618530273,17.399999618530273,17.399999618530273,420100
2024-08-22,17.3799991607666,17.5,16.514999389648438,16.670000076293945,16.670000076293945,338400
2024-08-23,16.889999389648438,17.670000076293945,16.3799991607666,17.670000076293945,17.670000076293945,538100
2024-08-26,17.770000457763672,17.799999237060547,17.290000915527344,17.600000381469727,17.600000381469727,437100
2024-08-27,17.559999465942383,17.690000534057617,17.09000015258789,17.139999389648438,17.139999389648438,197900
2024-08-28,17.1299991607666,17.325000762939453,16.739999771118164,16.940000534057617,16.940000534057617,237600
2024-08-29,17.09000015258789,17.71500015258789,16.760000228881836,17.309999465942383,17.309999465942383,299300
2024-08-30,17.43000030517578,17.709999084472656,17.09000015258789,17.489999771118164,17.489999771118164,355500
2024-09-03,17.34000015258789,17.770000457763672,16.93000030517578,16.940000534057617,16.940000534057617,345200
2024-09-04,16.90999984741211,17.229999542236328,16.469999313354492,16.6299991607666,16.6299991607666,408600
2024-09-05,16.75,16.75,16.270000457763672,16.31999969482422,16.31999969482422,274400
2024-09-06,16.450000762939453,16.65999984741211,16.135000228881836,16.18000030517578,16.18000030517578,276900
2024-09-09,16.799999237060547,20.5,16.520000457763672,19.889999389648438,19.889999389648438,1487500
2024-09-10,19.899999618530273,20.375,18.924999237060547,19.1299991607666,19.1299991607666,727200
2024-09-11,20.010000228881836,21.489999771118164,19.649999618530273,21.1299991607666,21.1299991607666,4516500
2024-09-12,21.110000610351562,21.5,20.260000228881836,20.81999969482422,20.81999969482422,823800
2024-09-13,20.969999313354492,21.530000686645508,20.729999542236328,21.469999313354492,21.469999313354492,508700
2024-09-16,21.5,21.604999542236328,20.799999237060547,21.149999618530273,21.149999618530273,569100
2024-09-17,21.25,21.645000457763672,20.899999618530273,21.040000915527344,21.040000915527344,443500
2024-09-18,21.040000915527344,21.559999465942383,20.530000686645508,20.850000381469727,20.850000381469727,411000
2024-09-19,21.43000030517578,21.729999542236328,20.760000228881836,21.200000762939453,21.200000762939453,433300
2024-09-20,21.139999389648438,21.25,20.860000610351562,21.06999969482422,21.06999969482422,1363100
2024-09-23,21.280000686645508,21.3799991607666,20.239999771118164,20.280000686645508,20.280000686645508,420900
2024-09-24,20.3700008392334,20.56999969482422,20.049999237060547,20.209999084472656,20.209999084472656,431100
2024-09-25,20.219999313354492,20.3700008392334,19.709999084472656,19.760000228881836,19.760000228881836,395500
2024-09-26,20.197999954223633,20.684999465942383,19.8799991607666,20.459999084472656,20.459999084472656,425600
2024-09-27,20.68000030517578,20.889999389648438,20.059999465942383,20.25,20.25,433400
2024-09-30,20.239999771118164,20.65999984741211,19.6299991607666,20.110000610351562,20.110000610351562,385300
2024-10-01,19.959999084472656,19.9950008392334,19.200000762939453,19.639999389648438,19.639999389648438,1291300
2024-10-02,19.510000228881836,19.670000076293945,19.204999923706055,19.459999084472656,19.459999084472656,294700
2024-10-03,19.170000076293945,19.610000610351562,19.06999969482422,19.479999542236328,19.479999542236328,290900
2024-10-04,19.770000457763672,20.030000686645508,19.538999557495117,19.850000381469727,19.850000381469727,287000
2024-10-07,19.850000381469727,19.989999771118164,19.264999389648438,19.479999542236328,19.479999542236328,266400
2024-10-08,19.479999542236328,19.920000076293945,19.360000610351562,19.43000030517578,19.43000030517578,448700
2024-10-09,19.399999618530273,19.690000534057617,19.06999969482422,19.649999618530273,19.649999618530273,278300
2024-10-10,19.239999771118164,20.43000030517578,19.239999771118164,20.43000030517578,20.43000030517578,390700
2024-10-11,20.479999542236328,21.344999313354492,20.329999923706055,21.290000915527344,21.290000915527344,426300
2024-10-14,21.290000915527344,21.645000457763672,20.760000228881836,21.030000686645508,21.030000686645508,308500
2024-10-15,21.040000915527344,21.459999084472656,20.700000762939453,21.1299991607666,21.1299991607666,409200
2024-10-16,21.34000015258789,21.8799991607666,21.139999389648438,21.520000457763672,21.520000457763672,411800
2024-10-17,21.520000457763672,21.670000076293945,21.059999465942383,21.360000610351562,21.360000610351562,261200
2024-10-18,21.510000228881836,21.979999542236328,21.479999542236328,21.780000686645508,21.780000686645508,253400
2024-10-21,21.59000015258789,21.59000015258789,20.81999969482422,21.079999923706055,21.079999923706055,274100
2024-10-22,20.860000610351562,21.31999969482422,20.700000762939453,21.229999542236328,21.229999542236328,275100
2024-10-23,21.09000015258789,21.524999618530273,20.75,21.09000015258789,21.09000015258789,318500
2024-10-24,21.190000534057617,21.360000610351562,20.729999542236328,21.15999984741211,21.15999984741211,295000
2024-10-25,21.25,21.770000457763672,21.1299991607666,21.15999984741211,21.15999984741211,392900
2024-10-28,21.440000534057617,21.889999389648438,21.170000076293945,21.56999969482422,21.56999969482422,306900
2024-10-29,21.309999465942383,21.760000228881836,21.309999465942383,21.56999969482422,21.56999969482422,186700
2024-10-30,21.450000762939453,21.8799991607666,21.010000228881836,21.020000457763672,21.020000457763672,218300
2024-10-31,20.959999084472656,21.610000610351562,20.844999313354492,21.010000228881836,21.010000228881836,341800
2024-11-01,21.15999984741211,21.6299991607666,20.836000442504883,21.260000228881836,21.260000228881836,368900
2024-11-04,21.09000015258789,22.0,20.94499969482422,21.520000457763672,21.520000457763672,382300
2024-11-05,21.309999465942383,21.65999984741211,21.010000228881836,21.520000457763672,21.520000457763672,282300
2024-11-06,22.579999923706055,22.799999237060547,21.825000762939453,22.68000030517578,22.68000030517578,693900
2024-11-07,22.850000381469727,23.600000381469727,22.5,23.18000030517578,23.18000030517578,533300
2024-11-08,23.010000228881836,23.8799991607666,22.850000381469727,23.6200008392334,23.6200008392334,538800
2024-11-11,23.770000457763672,24.09000015258789,23.25,23.309999465942383,23.309999465942383,649000
2024-11-12,23.149999618530273,23.825000762939453,23.049999237060547,23.709999084472656,23.709999084472656,648700
2024-11-13,23.850000381469727,24.040000915527344,23.469999313354492,23.610000610351562,23.610000610351562,652900
2024-11-14,23.670000076293945,23.989999771118164,23.239999771118164,23.5,23.5,1321200
2024-11-15,23.559999465942383,23.559999465942383,22.600000381469727,23.06999969482422,23.06999969482422,1292200
2024-11-18,23.200000762939453,23.440000534057617,22.7450008392334,23.190000534057617,23.190000534057617,805900
2024-11-19,23.010000228881836,23.860000610351562,22.834999084472656,23.6299991607666,23.6299991607666,929700
2024-11-20,23.6200008392334,23.760000228881836,23.219999313354492,23.719999313354492,23.719999313354492,546600
2024-11-21,23.510000228881836,24.202999114990234,23.5,24.100000381469727,24.100000381469727,774200
2024-11-22,24.18000030517578,25.149999618530273,23.920000076293945,25.010000228881836,25.010000228881836,844200
2024-11-25,25.5,26.385000228881836,25.5,26.059999465942383,26.059999465942383,940500
2024-11-26,25.68000030517578,25.950000762939453,25.045000076293945,25.299999237060547,25.299999237060547,502200
2024-11-27,25.540000915527344,25.81999969482422,25.239999771118164,25.6200008392334,25.6200008392334,369100
2024-11-29,25.610000610351562,25.81999969482422,25.329999923706055,25.600000381469727,25.600000381469727,317400
2024-12-02,26.719999313354492,27.200000762939453,26.415000915527344,26.84000015258789,26.84000015258789,849500
2024-12-03,26.690000534057617,26.93000030517578,26.420000076293945,26.600000381469727,26.600000381469727,883700
2024-12-04,26.639999389648438,27.239999771118164,25.989999771118164,26.200000762939453,26.200000762939453,682900
2024-12-05,26.219999313354492,26.5049991607666,25.280000686645508,25.31999969482422,25.31999969482422,935300
2024-12-06,25.40999984741211,26.34000015258789,25.18000030517578,25.34000015258789,25.34000015258789,413600
2024-12-09,25.559999465942383,25.940000534057617,25.145000457763672,25.200000762939453,25.200000762939453,393600
2024-12-10,25.350000381469727,25.520000457763672,24.899999618530273,25.290000915527344,25.290000915527344,495100
2024-12-11,25.56999969482422,25.670000076293945,25.020000457763672,25.260000228881836,25.260000228881836,428600
2024-12-12,25.799999237060547,26.59000015258789,24.579999923706055,24.760000228881836,24.760000228881836,510500
2024-12-13,24.559999465942383,24.760000228881836,23.915000915527344,24.030000686645508,24.030000686645508,777800
2024-12-16,23.979999542236328,25.350000381469727,23.780000686645508,24.520000457763672,24.520000457763672,606600
2024-12-17,24.280000686645508,25.540000915527344,23.975000381469727,25.040000915527344,25.040000915527344,923900
2024-12-18,25.350000381469727,25.520000457763672,23.510000228881836,23.729999542236328,23.729999542236328,1056800
2024-12-19,23.770000457763672,24.020000457763672,22.739999771118164,24.010000228881836,24.010000228881836,825200
2024-12-20,23.860000610351562,25.020000457763672,23.520000457763672,24.1299991607666,24.1299991607666,4248600
2024-12-23,24.049999237060547,24.610000610351562,23.64299964904785,24.56999969482422,24.56999969482422,447900
2024-12-24,24.56999969482422,24.940000534057617,23.889999389648438,24.290000915527344,24.290000915527344,197500
2024-12-26,24.06999969482422,24.90999984741211,24.06999969482422,24.799999237060547,24.799999237060547,316300
2024-12-27,24.540000915527344,24.8799991607666,24.165000915527344,24.290000915527344,24.290000915527344,1041200
2024-12-30,24.040000915527344,24.075000762939453,22.760000228881836,23.709999084472656,23.709999084472656,391300
2024-12-31,23.950000762939453,23.950000762939453,22.78499984741211,22.979999542236328,22.979999542236328,416400
2025-01-02,23.229999542236328,24.0,22.8799991607666,23.790000915527344,23.790000915527344,420100
2025-01-03,23.850000381469727,24.5,23.165000915527344,24.1299991607666,24.1299991607666,414000
2025-01-06,24.06999969482422,24.65999984741211,23.690000534057617,23.719999313354492,23.719999313354492,895500
2025-01-07,23.829999923706055,24.165000915527344,23.559999465942383,23.940000534057617,23.940000534057617,317100
2025-01-08,23.68000030517578,23.840999603271484,23.299999237060547,23.43000030517578,23.43000030517578,438500
2025-01-10,22.829999923706055,22.829999923706055,20.604999542236328,20.604999542236328,20.604999542236328,681200
2025-01-13,20.209999084472656,20.600000381469727,19.69499969482422,20.260000228881836,20.260000228881836,590300
2025-01-14,20.5,20.5,19.049999237060547,19.110000610351562,19.110000610351562,563200
2025-01-15,19.770000457763672,20.25,19.059999465942383,20.049999237060547,20.049999237060547,600600
2025-01-16,20.059999465942383,20.295000076293945,19.600000381469727,20.030000686645508,20.030000686645508,800200
2025-01-17,20.350000381469727,20.350000381469727,19.149999618530273,19.239999771118164,19.239999771118164,661600
2025-01-21,19.5,20.5,19.21500015258789,20.450000762939453,20.450000762939453,559500
2025-01-22,20.3700008392334,20.729999542236328,19.899999618530273,20.670000076293945,20.670000076293945,459200
2025-01-23,20.3799991607666,21.0,19.700000762939453,20.459999084472656,20.459999084472656,605500
2025-01-24,20.3700008392334,20.459999084472656,19.360000610351562,19.649999618530273,19.649999618530273,393800
2025-01-27,19.670000076293945,20.084999084472656,19.020000457763672,19.229999542236328,19.229999542236328,392500
2025-01-28,19.270000457763672,19.40999984741211,18.860000610351562,19.299999237060547,19.299999237060547,403200
2025-01-29,19.170000076293945,19.450000762939453,18.700000762939453,18.829999923706055,18.829999923706055,304500
2025-01-30,19.059999465942383,19.239999771118164,18.489999771118164,18.5,18.5,535400
2025-01-31,18.360000610351562,19.170000076293945,18.219999313354492,18.280000686645508,18.280000686645508,624500
2025-02-03,17.829999923706055,18.280000686645508,17.3799991607666,17.6200008392334,17.6200008392334,450400
2025-02-04,17.610000610351562,18.290000915527344,17.334999084472656,17.760000228881836,17.760000228881836,524900
2025-02-05,17.760000228881836,18.25,17.469999313354492,17.520000457763672,17.520000457763672,435100
2025-02-06,17.56999969482422,17.68000030517578,16.790000915527344,17.25,17.25,690600
2025-02-07,17.25,17.459999084472656,16.8700008392334,17.040000915527344,17.040000915527344,328200
2025-02-10,17.079999923706055,17.5,16.610000610351562,16.829999923706055,16.829999923706055,554700
2025-02-11,16.5,16.645000457763672,16.100000381469727,16.1299991607666,16.1299991607666,369300
2025-02-12,15.819999694824219,16.25,15.729999542236328,16.219999313354492,16.219999313354492,567700
2025-02-13,16.459999084472656,16.700000762939453,15.470000267028809,16.290000915527344,16.290000915527344,372300
2025-02-14,16.40999984741211,16.780000686645508,15.930000305175781,16.309999465942383,16.309999465942383,416700
2025-02-18,16.389999389648438,16.68000030517578,16.059999465942383,16.219999313354492,16.219999313354492,497300
2025-02-19,16.149999618530273,16.684999465942383,16.149999618530273,16.200000762939453,16.200000762939453,404200
2025-02-20,16.15999984741211,16.295000076293945,15.529999732971191,15.789999961853027,15.789999961853027,385900
2025-02-21,16.020000457763672,16.135000228881836,15.571000099182129,15.739999771118164,15.739999771118164,459800
2025-02-24,15.850000381469727,15.975000381469727,15.050000190734863,15.0600004196167,15.0600004196167,482700
2025-02-25,15.229999542236328,15.229999542236328,14.40999984741211,14.449999809265137,14.449999809265137,479800
2025-02-26,14.529999732971191,14.755000114440918,14.180000305175781,14.380000114440918,14.380000114440918,345500
2025-02-27,14.8100004196167,15.619999885559082,14.65999984741211,14.979999542236328,14.979999542236328,787900
2025-02-28,14.979999542236328,15.65999984741211,14.614999771118164,15.359999656677246,15.359999656677246,1069700
2025-03-03,15.140000343322754,15.460000038146973,14.420000076293945,14.460000038146973,14.460000038146973,721500
2025-03-04,14.239999771118164,14.414999961853027,13.829999923706055,14.149999618530273,14.149999618530273,1146100
2025-03-05,14.260000228881836,14.595000267028809,13.640000343322754,13.899999618530273,13.899999618530273,704700
2025-03-06,13.65999984741211,13.930000305175781,13.420000076293945,13.850000381469727,13.850000381469727,525400
2025-03-07,13.859999656677246,14.020000457763672,13.586000442504883,13.869999885559082,13.869999885559082,430400
2025-03-10,13.600000381469727,13.84000015258789,13.420000076293945,13.630000114440918,13.630000114440918,686500
2025-03-11,13.529999732971191,13.84000015258789,13.109999656677246,13.449999809265137,13.449999809265137,577400
2025-03-12,13.449999809265137,13.479999542236328,13.045000076293945,13.130000114440918,13.130000114440918,647700
2025-03-13,13.229999542236328,13.520000457763672,12.800000190734863,12.869999885559082,12.869999885559082,593700
2025-03-14,12.8100004196167,13.119999885559082,12.6850004196167,12.760000228881836,12.760000228881836,723200
2025-03-17,12.800000190734863,13.220000267028809,12.710000038146973,12.979999542236328,12.979999542236328,584000
2025-03-18,12.760000228881836,12.869999885559082,12.539999961853027,12.619999885559082,12.619999885559082,761600
2025-03-19,12.619999885559082,13.170000076293945,12.585000038146973,13.140000343322754,13.140000343322754,697100
2025-03-20,13.0,13.65999984741211,13.0,13.470000267028809,13.470000267028809,854900
2025-03-21,13.25,13.470000267028809,13.03499984741211,13.199999809265137,13.199999809265137,2567800
2025-03-24,13.239999771118164,13.524999618530273,12.819999694824219,12.949999809265137,12.949999809265137,424200
2025-03-25,12.90999984741211,13.170000076293945,11.640000343322754,11.819999694824219,11.819999694824219,781800
2025-03-26,11.760000228881836,12.039999961853027,11.020000457763672,11.055000305175781,11.055000305175781,815100
2025-03-27,11.020000457763672,11.550000190734863,10.895000457763672,11.510000228881836,11.510000228881836,1226600
2025-03-28,11.489999771118164,11.489999771118164,10.98900032043457,11.229999542236328,11.229999542236328,848500
2025-03-31,11.0,11.21500015258789,10.399999618530273,10.640000343322754,10.640000343322754,967200
2025-04-01,10.59000015258789,10.59000015258789,9.649999618530273,9.6899995803833,9.6899995803833,954800
2025-04-02,9.520000457763672,10.015000343322754,9.520000457763672,9.819999694824219,9.819999694824219,765400
2025-04-03,9.619999885559082,9.619999885559082,8.890000343322754,8.920000076293945,8.920000076293945,826100
2025-04-04,8.6899995803833,8.869999885559082,8.449999809265137,8.6899995803833,8.6899995803833,1098700
2025-04-07,8.369999885559082,8.975000381469727,8.010000228881836,8.369999885559082,8.369999885559082,1305300
2025-04-08,8.579999923706055,8.579999923706055,7.599999904632568,7.670000076293945,7.670000076293945,927600
2025-04-09,7.389999866485596,8.850000381469727,7.159999847412109,8.8100004196167,8.8100004196167,1429200
2025-04-10,8.449999809265137,8.619999885559082,7.864999771118164,7.920000076293945,7.920000076293945,1227200
2025-04-11,7.920000076293945,8.539999961853027,7.570000171661377,8.539999961853027,8.539999961853027,1270200
2025-04-14,8.640000343322754,9.039999961853027,8.260000228881836,8.9399995803833,8.9399995803833,793400
2025-04-15,8.819999694824219,9.595000267028809,8.819999694824219,9.539999961853027,9.539999961853027,899100
2025-04-16,9.529999732971191,10.0,9.149999618530273,9.520000457763672,9.520000457763672,1205900
2025-04-17,9.470000267028809,9.760000228881836,9.3149995803833,9.699999809265137,9.699999809265137,614300
2025-04-21,9.649999618530273,10.979999542236328,9.460000038146973,10.600000381469727,10.600000381469727,1024800
2025-04-22,10.729999542236328,10.8100004196167,10.194999694824219,10.649999618530273,10.649999618530273,811100
2025-04-23,10.970000267028809,12.430000305175781,10.800000190734863,10.869999885559082,10.869999885559082,1368100
2025-04-24,10.819999694824219,10.9399995803833,10.401000022888184,10.84000015258789,10.84000015258789,618500
2025-04-25,10.670000076293945,10.670000076293945,10.260000228881836,10.510000228881836,10.510000228881836,463500
2025-04-28,10.539999961853027,10.75,10.420000076293945,10.600000381469727,10.600000381469727,388300
2025-04-29,10.539999961853027,10.899999618530273,10.295000076293945,10.579999923706055,10.579999923706055,540900
2025-04-30,10.430000305175781,11.239999771118164,10.289999961853027,11.020000457763672,11.020000457763672,803400
2025-05-01,10.949999809265137,11.069999694824219,10.553000450134277,10.859999656677246,10.859999656677246,555700
2025-05-02,10.979999542236328,11.699999809265137,10.850000381469727,11.260000228881836,11.260000228881836,1057600
2025-05-05,11.140000343322754,11.140000343322754,10.470000267028809,10.720000267028809,10.720000267028809,1194900
2025-05-06,10.59000015258789,10.699999809265137,8.40999984741211,8.460000038146973,8.460000038146973,2356600
2025-05-07,8.5600004196167,8.5600004196167,7.869999885559082,7.985000133514404,7.985000133514404,1982900
2025-05-08,7.849999904632568,9.050000190734863,7.849999904632568,8.789999961853027,8.789999961853027,1343700
2025-05-09,8.84000015258789,9.369999885559082,8.3100004196167,8.329999923706055,8.329999923706055,935800
2025-05-12,8.739999771118164,9.180000305175781,8.619999885559082,8.770000457763672,8.770000457763672,837100
2025-05-13,8.84000015258789,8.850000381469727,7.940000057220459,8.109999656677246,8.109999656677246,1190600
2025-05-14,8.15999984741211,8.348999977111816,7.889999866485596,8.140000343322754,8.140000343322754,1129300
2025-05-15,8.149999618530273,8.390000343322754,7.920000076293945,8.199999809265137,8.199999809265137,1016100
2025-05-16,8.210000038146973,8.210000038146973,7.96999979019165,8.0600004196167,8.0600004196167,728500
2025-05-19,7.940000057220459,8.255000114440918,7.920000076293945,8.0600004196167,8.0600004196167,748500
2025-05-20,8.069999694824219,8.239999771118164,7.949999809265137,8.140000343322754,8.140000343322754,852700
2025-05-21,7.989999771118164,8.175000190734863,7.460000038146973,7.519999980926514,7.519999980926514,1138500
2025-05-22,7.480000019073486,7.704999923706055,7.260000228881836,7.690000057220459,7.690000057220459,1010200
2025-05-23,7.480000019073486,7.860000133514404,7.474999904632568,7.570000171661377,7.570000171661377,841100
2025-05-27,7.730000019073486,7.989999771118164,7.510000228881836,7.75,7.75,1491800
2025-05-28,7.639999866485596,7.880000114440918,7.46999979019165,7.550000190734863,7.550000190734863,582600
2025-05-29,7.690000057220459,7.820000171661377,7.545000076293945,7.735000133514404,7.735000133514404,1123600
2025-05-30,7.630000114440918,8.055000305175781,7.340000152587891,8.0,8.0,1338600
2025-06-02,8.09000015258789,8.59000015258789,7.78000020980835,8.579999923706055,8.579999923706055,1137700
2025-06-03,8.640000343322754,9.329999923706055,8.430000305175781,9.140000343322754,9.140000343322754,1388500
2025-06-04,9.15999984741211,9.600000381469727,9.079999923706055,9.100000381469727,9.100000381469727,796400
2025-06-05,9.050000190734863,9.130000114440918,8.760000228881836,9.119999885559082,9.119999885559082,561900
2025-06-06,9.239999771118164,9.890000343322754,9.229999542236328,9.649999618530273,9.649999618530273,526000
2025-06-09,9.960000038146973,9.970000267028809,9.5,9.550000190734863,9.550000190734863,818100
2025-06-10,9.609999656677246,10.199999809265137,9.550000190734863,9.739999771118164,9.739999771118164,545600
2025-06-11,9.819999694824219,9.979999542236328,9.479999542236328,9.520000457763672,9.520000457763672,482500
2025-06-12,9.289999961853027,9.600000381469727,9.149999618530273,9.430000305175781,9.430000305175781,451900
2025-06-13,9.170000076293945,9.454999923706055,9.0,9.1899995803833,9.1899995803833,421600
2025-06-16,9.220000267028809,9.350000381469727,8.885000228881836,9.050000190734863,9.050000190734863,571000
2025-06-17,8.930000305175781,9.020000457763672,8.289999961853027,8.3100004196167,8.3100004196167,575800
2025-06-18,8.270000457763672,8.460000038146973,8.050000190734863,8.359999656677246,8.359999656677246,835300
2025-06-20,8.449999809265137,8.729999542236328,8.180000305175781,8.539999961853027,8.539999961853027,1652400
2025-06-23,8.430000305175781,8.543000221252441,8.010000228881836,8.40999984741211,8.40999984741211,585200
2025-06-24,8.5600004196167,8.5600004196167,8.180000305175781,8.270000457763672,8.270000457763672,1466600
2025-06-25,8.300000190734863,8.800000190734863,7.880000114440918,8.5600004196167,8.5600004196167,805600
2025-06-26,8.569999694824219,8.59000015258789,8.305999755859375,8.399999618530273,8.399999618530273,686500
2025-06-27,8.34000015258789,8.420000076293945,8.0600004196167,8.140000343322754,8.140000343322754,1622500
2025-06-30,8.170000076293945,8.241000175476074,7.804999828338623,7.860000133514404,7.860000133514404,896000
2025-07-01,7.789999961853027,8.413999557495117,7.650000095367432,8.069999694824219,8.069999694824219,537200
2025-07-02,8.130000114440918,8.569999694824219,7.980000019073486,8.300000190734863,8.300000190734863,918500
2025-07-03,8.329999923706055,8.430000305175781,8.199999809265137,8.420000076293945,8.420000076293945,306900
2025-07-07,8.279999732971191,8.4399995803833,7.929999828338623,7.940000057220459,7.940000057220459,564000
2025-07-08,7.960000038146973,8.520000457763672,7.925000190734863,8.270000457763672,8.270000457763672,590900
2025-07-09,8.399999618530273,9.34000015258789,8.399999618530273,9.329999923706055,9.329999923706055,948200
2025-07-10,9.329999923706055,9.475000381469727,9.0600004196167,9.279999732971191,9.279999732971191,772700
2025-07-11,9.130000114440918,9.194999694824219,8.75,8.829999923706055,8.829999923706055,564100
2025-07-14,8.75,9.010000228881836,8.729999542236328,8.850000381469727,8.850000381469727,433000
2025-07-15,8.9399995803833,9.020000457763672,8.359999656677246,8.4399995803833,8.4399995803833,554000
2025-07-16,8.539999961853027,8.960000038146973,8.5,8.829999923706055,8.829999923706055,560600
2025-07-17,8.850000381469727,9.1899995803833,8.829999923706055,9.069999694824219,9.069999694824219,427900
2025-07-18,9.199999809265137,9.359999656677246,8.949999809265137,8.970000267028809,8.970000267028809,417400
2025-07-21,9.029999732971191,9.390000343322754,8.899999618530273,9.100000381469727,9.100000381469727,503900
2025-07-22,9.09000015258789,9.279999732971191,8.989999771118164,9.199999809265137,9.199999809265137,569000
2025-07-23,9.380000114440918,10.0600004196167,9.210000038146973,9.569999694824219,9.569999694824219,706500
2025-07-24,9.510000228881836,9.574999809265137,9.220000267028809,9.239999771118164,9.239999771118164,493700
2025-07-25,9.239999771118164,9.359999656677246,9.0,9.239999771118164,9.239999771118164,454800
2025-07-28,9.300000190734863,9.444999694824219,9.020000457763672,9.029999732971191,9.029999732971191,509800
2025-07-29,9.0600004196167,9.0600004196167,8.710000038146973,8.819999694824219,8.819999694824219,494400
2025-07-30,9.029999732971191,9.210000038146973,8.579999923706055,8.729999542236328,8.729999542236328,888500
2025-07-31,8.550000190734863,8.869999885559082,8.3100004196167,8.319999694824219,8.319999694824219,721400
2025-08-01,8.199999809265137,8.59000015258789,7.840000152587891,7.980000019073486,7.980000019073486,893200
2025-08-04,8.010000228881836,8.164999961853027,7.679999828338623,7.949999809265137,7.949999809265137,595200
2025-08-05,7.920000076293945,8.210000038146973,7.730000019073486,7.949999809265137,7.949999809265137,672000
2025-08-06,7.920000076293945,7.949999809265137,7.269999980926514,7.489999771118164,7.489999771118164,599000
2025-08-07,7.650000095367432,7.940000057220459,7.070000171661377,7.320000171661377,7.320000171661377,1107000
2025-08-08,7.349999904632568,7.603000164031982,7.090000152587891,7.230000019073486,7.230000019073486,872500
2025-08-11,7.170000076293945,7.295000076293945,6.920000076293945,7.0,7.0,943600
2025-08-12,7.050000190734863,7.760000228881836,7.019999980926514,7.75,7.75,1140200
2025-08-13,7.869999885559082,8.239999771118164,7.675000190734863,7.71999979019165,7.71999979019165,1107400
2025-08-14,7.550000190734863,7.760000228881836,7.295000076293945,7.650000095367432,7.650000095367432,629900
2025-08-15,7.699999809265137,7.78000020980835,7.579999923706055,7.679999828338623,7.679999828338623,467400
2025-08-18,7.679999828338623,7.949999809265137,7.650000095367432,7.809999942779541,7.809999942779541,408900
2025-08-19,7.78000020980835,7.989999771118164,7.440000057220459,7.590000152587891,7.590000152587891,515200
2025-08-20,7.570000171661377,7.734000205993652,7.429999828338623,7.510000228881836,7.510000228881836,294600
2025-08-21,7.380000114440918,7.489999771118164,7.130000114440918,7.440000057220459,7.440000057220459,470000
2025-08-22,7.510000228881836,8.800000190734863,7.5,8.40999984741211,8.40999984741211,1066200
2025-08-25,8.380000114440918,8.407999992370605,7.985000133514404,8.010000228881836,8.010000228881836,730900
2025-08-26,7.989999771118164,8.0,7.710000038146973,7.900000095367432,7.900000095367432,778800
2025-08-27,7.829999923706055,8.055000305175781,7.800000190734863,8.020000457763672,8.020000457763672,1251400
2025-08-28,8.109999656677246,8.329999923706055,7.96999979019165,8.050000190734863,8.050000190734863,450800
2025-08-29,8.100000381469727,8.130000114440918,7.829999923706055,8.130000114440918,8.130000114440918,769400
2025-09-02,8.140000343322754,8.6899995803833,8.09000015258789,8.550000190734863,8.550000190734863,785600
2025-09-03,7.994999885559082,8.4350004196167,7.909999847412109,8.329999923706055,8.329999923706055,830100
2025-09-04,8.300000190734863,8.539999961853027,8.053999900817871,8.369999885559082,8.369999885559082,870100
2025-09-05,8.460000038146973,8.84000015258789,8.399999618530273,8.550000190734863,8.550000190734863,665100
2025-09-08,8.520000457763672,8.520000457763672,8.1899995803833,8.40999984741211,8.40999984741211,914600
2025-09-09,8.420000076293945,8.515999794006348,8.289999961853027,8.3100004196167,8.3100004196167,658100
2025-09-10,8.279999732971191,8.505000114440918,8.25,8.359999656677246,8.359999656677246,986500
2025-09-11,8.359999656677246,8.729999542236328,8.345000267028809,8.5,8.5,981700
2025-09-12,8.510000228881836,8.699999809265137,8.260000228881836,8.600000381469727,8.600000381469727,791800
2025-09-15,8.609999656677246,8.720000267028809,8.289999961853027,8.489999771118164,8.489999771118164,948100
2025-09-16,8.520000457763672,8.84000015258789,8.51099967956543,8.619999885559082,8.619999885559082,728000
2025-09-17,8.539999961853027,9.505000114440918,8.489999771118164,9.25,9.25,1645800
2025-09-18,9.479999542236328,10.170000076293945,9.449999809265137,10.029999732971191,10.029999732971191,1811900
2025-09-19,10.100000381469727,10.420000076293945,9.800000190734863,10.289999961853027,10.289999961853027,4502600
2025-09-22,10.199999809265137,10.789999961853027,10.045000076293945,10.390000343322754,10.390000343322754,1812700
2025-09-23,10.399999618530273,10.538000106811523,10.25,10.319999694824219,10.319999694824219,1200700
2025-09-24,10.350000381469727,10.65999984741211,10.319999694824219,10.470000267028809,10.470000267028809,1191100
2025-09-25,10.359999656677246,10.479999542236328,10.239999771118164,10.329999923706055,10.329999923706055,428700
2025-09-26,10.460000038146973,11.71500015258789,10.390000343322754,11.569999694824219,11.569999694824219,1055700
2025-09-29,11.59000015258789,11.8100004196167,11.194999694824219,11.550000190734863,11.550000190734863,1123700
2025-09-30,11.510000228881836,11.875,11.300000190734863,11.729999542236328,11.729999542236328,1238000
2025-10-01,11.640000343322754,12.0,11.539999961853027,11.829999923706055,11.829999923706055,851700
2025-10-02,11.90999984741211,12.020000457763672,11.670000076293945,11.819999694824219,11.819999694824219,982400
2025-10-03,11.9399995803833,12.114999771118164,11.720000267028809,11.770000457763672,11.770000457763672,540900
2025-10-06,12.0600004196167,12.630000114440918,11.779999732971191,11.789999961853027,11.789999961853027,927200
2025-10-07,11.84000015258789,12.085000038146973,11.359999656677246,12.029999732971191,12.029999732971191,959600
2025-10-08,12.140000343322754,12.609999656677246,11.9399995803833,12.399999618530273,12.399999618530273,960600
2025-10-09,12.4399995803833,13.140000343322754,12.130000114440918,13.0600004196167,13.0600004196167,1603000
2025-10-10,13.119999885559082,13.119999885559082,12.420000076293945,13.029999732971191,13.029999732971191,699500
2025-10-13,13.130000114440918,13.989999771118164,13.020000457763672,13.960000038146973,13.960000038146973,1052900
2025-10-14,13.949999809265137,13.979999542236328,11.170000076293945,12.430000305175781,12.430000305175781,2898000
2025-10-15,12.579999923706055,14.25,12.470000267028809,14.100000381469727,14.100000381469727,1414300
2025-10-16,14.399999618530273,15.369999885559082,14.375,14.949999809265137,14.949999809265137,3193200
2025-10-17,14.850000381469727,15.069999694824219,14.470000267028809,14.770000457763672,14.770000457763672,1938300
2025-10-20,14.9399995803833,15.6850004196167,14.600000381469727,15.069999694824219,15.069999694824219,2007800
2025-10-21,15.069999694824219,15.34000015258789,14.274999618530273,14.510000228881836,14.510000228881836,1155700
2025-10-22,14.510000228881836,14.59000015258789,13.270000457763672,13.289999961853027,13.289999961853027,1892000
2025-10-23,13.25,13.289999961853027,12.164999961853027,12.34000015258789,12.34000015258789,1290300
2025-10-24,12.470000267028809,14.199999809265137,12.300000190734863,13.210000038146973,13.210000038146973,1563400
2025-10-27,13.720000267028809,14.829999923706055,13.5,14.270000457763672,14.270000457763672,1636900
2025-10-28,14.100000381469727,14.66100025177002,14.005000114440918,14.25,14.25,1219500
2025-10-29,15.239999771118164,15.5,14.470000267028809,14.670000076293945,14.670000076293945,1748600
2025-10-30,14.4399995803833,14.880000114440918,14.0600004196167,14.130000114440918,14.130000114440918,962600
2025-10-31,14.130000114440918,14.850000381469727,13.800000190734863,14.710000038146973,14.710000038146973,1210900
2025-11-03,14.489999771118164,14.760000228881836,13.430000305175781,13.9399995803833,13.9399995803833,1026200
2025-11-04,13.550000190734863,14.460000038146973,13.300000190734863,13.699999809265137,13.699999809265137,1071500
2025-11-05,13.699999809265137,14.399999618530273,13.390000343322754,14.369999885559082,14.369999885559082,944300
2025-11-06,14.399999618530273,15.15999984741211,13.829999923706055,14.0,14.0,1060700
2025-11-07,13.75,13.9399995803833,13.119999885559082,13.899999618530273,13.899999618530273,897700
2025-11-10,14.34000015258789,14.34000015258789,13.569999694824219,13.739999771118164,13.739999771118164,959400
2025-11-11,14.020000457763672,15.020000457763672,13.75,14.869999885559082,14.869999885559082,601800
2025-11-12,14.779999732971191,15.289999961853027,14.359999656677246,14.390000343322754,14.390000343322754,918900
2025-11-13,14.1899995803833,14.420000076293945,13.770000457763672,13.989999771118164,13.989999771118164,662700
2025-11-14,13.829999923706055,15.09000015258789,13.729999542236328,14.930000305175781,14.930000305175781,788300
2025-11-17,14.899999618530273,16.0,14.720000267028809,15.619999885559082,15.619999885559082,990300
2025-11-18,15.619999885559082,16.549999237060547,15.390000343322754,16.020000457763672,16.020000457763672,1285000
2025-11-19,16.020000457763672,16.239999771118164,15.65999984741211,15.770000457763672,15.770000457763672,666200
2025-11-20,15.989999771118164,16.6299991607666,15.420000076293945,15.574999809265137,15.574999809265137,549800
2025-11-21,15.609999656677246,16.21500015258789,15.380000114440918,15.869999885559082,15.869999885559082,628200
2025-11-24,16.149999618530273,17.06800079345703,16.010000228881836,16.739999771118164,16.739999771118164,698600
2025-11-25,16.940000534057617,17.549999237060547,16.780000686645508,17.260000228881836,17.260000228881836,813200
2025-11-26,17.360000610351562,17.799999237060547,17.139999389648438,17.3799991607666,17.3799991607666,1231200
2025-11-28,17.530000686645508,17.829999923706055,17.204999923706055,17.31999969482422,17.31999969482422,214200
2025-12-01,17.0,17.0049991607666,16.405000686645508,16.510000228881836,16.510000228881836,496800
2025-12-02,16.559999465942383,16.709999084472656,15.6899995803833,15.989999771118164,15.989999771118164,575700
2025-12-03,16.030000686645508,17.329999923706055,16.030000686645508,17.309999465942383,17.309999465942383,528200
2025-12-04,17.5,18.68000030517578,17.020000457763672,18.139999389648438,18.139999389648438,950900
2025-12-05,18.399999618530273,18.690000534057617,17.274999618530273,17.299999237060547,17.299999237060547,552800
2025-12-08,17.75,18.299999237060547,17.440000534057617,17.68000030517578,17.68000030517578,699900
2025-12-09,17.579999923706055,17.979999542236328,16.700000762939453,16.809999465942383,16.809999465942383,1684900
2025-12-10,16.799999237060547,17.329999923706055,16.579999923706055,17.15999984741211,17.15999984741211,611000
2025-12-11,16.989999771118164,17.6200008392334,16.940000534057617,17.059999465942383,17.059999465942383,611400
2025-12-12,17.020000457763672,17.139999389648438,16.434999465942383,16.520000457763672,16.520000457763672,507400
2025-12-15,16.709999084472656,17.18000030517578,16.450000762939453,16.790000915527344,16.790000915527344,872900
2025-12-16,16.59000015258789,16.920000076293945,16.450000762939453,16.549999237060547,16.549999237060547,1038000
2025-12-17,16.5,16.889999389648438,15.619999885559082,15.800000190734863,15.800000190734863,681000
2025-12-18,15.829999923706055,16.309999465942383,15.529999732971191,15.6899995803833,15.6899995803833,595200
2025-12-19,15.699999809265137,16.114999771118164,15.510000228881836,15.550000190734863,15.550000190734863,2847700
2025-12-22,15.489999771118164,16.170000076293945,15.300000190734863,15.970000267028809,15.970000267028809,583100
2025-12-23,15.739999771118164,16.040000915527344,15.220000267028809,15.470000267028809,15.470000267028809,546900
2025-12-24,15.210000038146973,15.5,14.970000267028809,15.449999809265137,15.449999809265137,278000
2025-12-26,15.449999809265137,15.449999809265137,15.050000190734863,15.220000267028809,15.220000267028809,421700
2025-12-29,15.079999923706055,15.40999984741211,14.930000305175781,15.170000076293945,15.170000076293945,438900
2025-12-30,15.109999656677246,15.204999923706055,14.899999618530273,15.029999732971191,15.029999732971191,380300
2025-12-31,15.029999732971191,15.420000076293945,14.850000381469727,15.3100004196167,15.3100004196167,485700
2026-01-02,15.3100004196167,15.354999542236328,14.710000038146973,14.920000076293945,14.920000076293945,603200
2026-01-05,14.989999771118164,15.09000015258789,13.831000328063965,14.270000457763672,14.270000457763672,723400
2026-01-06,14.140000343322754,14.479999542236328,13.770000457763672,14.0600004196167,14.0600004196167,1109900
2026-01-07,14.079999923706055,15.399999618530273,13.98799991607666,14.949999809265137,14.949999809265137,1595900
2026-01-08,14.390000343322754,14.65999984741211,13.9399995803833,14.1899995803833,14.1899995803833,931700
2026-01-09,14.220000267028809,14.5,13.8100004196167,13.890000343322754,13.890000343322754,1397200
2026-01-12,13.890000343322754,14.375,13.800000190734863,14.170000076293945,14.170000076293945,930900
2026-01-13,14.210000038146973,14.244999885559082,13.770000457763672,13.9399995803833,13.9399995803833,517000
2026-01-14,13.850000381469727,14.649999618530273,13.710000038146973,14.449999809265137,14.449999809265137,560200
2026-01-15,14.420000076293945,14.649999618530273,13.1899995803833,13.210000038146973,13.210000038146973,514900
2026-01-16,13.529999732971191,13.649999618530273,12.755000114440918,12.789999961853027,12.789999961853027,673500
2026-01-20,12.5,12.779999732971191,12.40999984741211,12.640000343322754,12.640000343322754,869700
2026-01-21,12.619999885559082,13.100000381469727,12.609999656677246,13.0,13.0,679000
2026-01-22,12.9399995803833,13.744999885559082,12.930000305175781,13.109999656677246,13.109999656677246,735100
2026-01-23,13.029999732971191,13.220000267028809,12.510000228881836,12.779999732971191,12.779999732971191,616800
2026-01-26,12.619999885559082,13.079999923706055,12.5,13.020000457763672,13.020000457763672,641200
2026-01-27,13.020000457763672,13.630000114440918,12.930000305175781,13.170000076293945,13.170000076293945,352600
2026-01-28,13.220000267028809,13.383999824523926,12.279999732971191,12.350000381469727,12.350000381469727,635100
2026-01-29,12.329999923706055,12.795000076293945,12.329999923706055,12.380000114440918,12.380000114440918,406300
2026-01-30,12.550000190734863,12.720000267028809,11.819999694824219,12.09000015258789,12.09000015258789,565400
2026-02-02,12.0,12.420000076293945,11.850000381469727,12.109999656677246,12.109999656677246,585000
2026-02-03,12.109999656677246,12.4350004196167,11.760000228881836,11.989999771118164,11.989999771118164,471300
2026-02-04,12.050000190734863,12.130000114440918,11.375,11.529999732971191,11.529999732971191,466100
2026-02-05,11.359999656677246,11.869999885559082,10.760000228881836,10.819999694824219,10.819999694824219,487600
2026-02-06,11.140000343322754,11.649999618530273,11.010000228881836,11.609999656677246,11.609999656677246,630100
2026-02-09,11.569999694824219,12.0600004196167,11.300000190734863,11.930000305175781,11.930000305175781,407400
2026-02-10,11.979999542236328,12.729999542236328,11.949999809265137,12.369999885559082,12.369999885559082,680800
2026-02-11,12.359999656677246,12.59000015258789,11.75,12.220000267028809,12.220000267028809,415500
2026-02-12,12.260000228881836,12.550000190734863,11.25,11.619999885559082,11.619999885559082,415000
2026-02-13,11.760000228881836,11.949999809265137,11.359999656677246,11.59000015258789,11.59000015258789,417300
2026-02-17,11.539999961853027,11.729999542236328,11.170000076293945,11.539999961853027,11.539999961853027,580700
2026-02-18,11.449999809265137,11.699999809265137,11.187999725341797,11.34000015258789,11.34000015258789,396000
2026-02-19,11.239999771118164,11.899999618530273,11.119999885559082,11.739999771118164,11.739999771118164,666500
2026-02-20,11.800000190734863,11.8100004196167,11.140000343322754,11.40999984741211,11.40999984741211,487500
2026-02-23,11.390000343322754,11.78499984741211,11.229999542236328,11.569999694824219,11.569999694824219,547200
2026-02-24,11.84000015258789,12.1899995803833,11.59000015258789,11.8100004196167,11.8100004196167,484400
2026-02-25,12.100000381469727,12.350000381469727,11.829999923706055,11.979999542236328,11.979999542236328,712500
2026-02-26,12.430000305175781,14.539999961853027,12.0600004196167,13.550000190734863,13.550000190734863,1511200
2026-02-27,13.489999771118164,13.569999694824219,12.670000076293945,12.770000457763672,12.770000457763672,874800
2026-03-02,12.369999885559082,13.29800033569336,11.850000381469727,12.300000190734863,12.300000190734863,848700
2026-03-03,11.920000076293945,12.239999771118164,11.479999542236328,12.020000457763672,12.020000457763672,788900
2026-03-04,12.25,12.800000190734863,11.850000381469727,12.739999771118164,12.739999771118164,705800
2026-03-05,11.850000381469727,11.977999687194824,10.890000343322754,11.15999984741211,11.15999984741211,1649500
2026-03-06,10.850000381469727,11.319999694824219,10.619999885559082,11.319999694824219,11.319999694824219,877500
2026-03-09,11.25,12.0,11.239999771118164,11.869999885559082,11.869999885559082,835900
2026-03-10,11.949999809265137,12.359999656677246,11.619999885559082,11.979999542236328,11.979999542236328,931900
2026-03-11,11.819999694824219,12.130000114440918,11.555000305175781,12.039999961853027,12.039999961853027,745300
2026-03-12,11.720000267028809,11.739999771118164,11.225000381469727,11.609999656677246,11.609999656677246,1137800
2026-03-13,11.720000267028809,12.079999923706055,11.449999809265137,12.0,12.0,646500
2026-03-16,11.75,12.5,11.75,12.029999732971191,12.029999732971191,759300
2026-03-17,12.050000190734863,12.25,11.675000190734863,11.739999771118164,11.739999771118164,801000
2026-03-18,11.75,11.75,11.369999885559082,11.59000015258789,11.59000015258789,746600
2026-03-19,11.449999809265137,12.300000190734863,11.34000015258789,12.119999885559082,12.119999885559082,852400
2026-03-20,12.170000076293945,12.414999961853027,11.789999961853027,12.130000114440918,12.130000114440918,2315300
2026-03-23,12.210000038146973,12.5,11.979999542236328,12.050000190734863,12.050000190734863,1516700
2026-03-24,11.364999771118164,12.010000228881836,11.039999961853027,11.890000343322754,11.890000343322754,1275200
2026-03-25,12.100000381469727,12.789999961853027,11.960000038146973,12.399999618530273,12.399999618530273,638300
2026-03-26,12.010000228881836,12.819999694824219,12.010000228881836,12.3100004196167,12.3100004196167,811300
2026-03-27,12.170000076293945,12.399999618530273,11.270000457763672,11.420000076293945,11.420000076293945,846000
2026-03-30,11.460000038146973,11.609999656677246,10.960000038146973,11.350000381469727,11.350000381469727,938500
2026-03-31,11.510000228881836,12.4399995803833,11.170000076293945,12.0600004196167,12.0600004196167,1090200
2026-04-01,12.350000381469727,12.729999542236328,12.170000076293945,12.529999732971191,12.529999732971191,1030500
2026-04-02,12.210000038146973,12.824999809265137,12.199999809265137,12.8100004196167,12.8100004196167,608600
2026-04-06,12.789999961853027,13.100000381469727,12.375,12.4399995803833,12.4399995803833,864700
2026-04-07,12.600000381469727,12.600000381469727,11.979999542236328,12.3100004196167,12.3100004196167,490000
2026-04-08,12.970000267028809,13.199999809265137,11.989999771118164,12.25,12.25,974800
2026-04-09,12.149999618530273,12.585000038146973,12.050000190734863,12.529999732971191,12.529999732971191,1013500
2026-04-10,12.609999656677246,12.609999656677246,12.180000305175781,12.420000076293945,12.420000076293945,530500
2026-04-13,12.529999732971191,13.300000190734863,12.039999961853027,12.069999694824219,12.069999694824219,771700
2026-04-14,12.069999694824219,12.649999618530273,12.039999961853027,12.510000228881836,12.510000228881836,807000
2026-04-15,12.649999618530273,12.819999694824219,12.25,12.510000228881836,12.510000228881836,978400
2026-04-16,12.539999961853027,12.609999656677246,12.0,12.449999809265137,12.449999809265137,635500
2026-04-17,12.789999961853027,13.15999984741211,12.739999771118164,13.0600004196167,13.0600004196167,877100
2026-04-20,13.109999656677246,13.399999618530273,12.779999732971191,12.800000190734863,12.800000190734863,643700
2026-04-21,12.779999732971191,12.779999732971191,12.460000038146973,12.609999656677246,12.609999656677246,395800
2026-04-22,12.6899995803833,13.010000228881836,12.510000228881836,12.850000381469727,12.850000381469727,630900
2026-04-23,12.84000015258789,13.050000190734863,12.329999923706055,12.449999809265137,12.449999809265137,335000
2026-04-24,12.430000305175781,13.239999771118164,12.210000038146973,12.979999542236328,12.979999542236328,627200
2026-04-27,12.859999656677246,13.5600004196167,12.859999656677246,13.100000381469727,13.100000381469727,1115800
2026-04-28,13.050000190734863,13.350000381469727,11.890000343322754,12.149999618530273,12.149999618530273,1044800
2026-04-29,11.880000114440918,11.970999717712402,11.470000267028809,11.619999885559082,11.619999885559082,903100
2026-04-30,11.699999809265137,12.039999961853027,11.600000381469727,11.930000305175781,11.930000305175781,460300
2026-05-01,11.890000343322754,12.930000305175781,11.8100004196167,12.6899995803833,12.6899995803833,869500
2026-05-04,12.8100004196167,13.460000038146973,12.800000190734863,13.359999656677246,13.359999656677246,1297600
2026-05-05,13.489999771118164,13.819999694824219,12.510000228881836,12.850000381469727,12.850000381469727,697400
2026-05-06,12.930000305175781,13.220000267028809,12.720000267028809,13.010000228881836,13.010000228881836,819600
2026-05-07,12.640000343322754,13.210000038146973,12.100000381469727,12.3100004196167,12.3100004196167,947700
2026-05-08,12.220000267028809,13.154999732971191,12.0,12.859999656677246,12.859999656677246,899500
2026-05-11,13.010000228881836,13.489999771118164,12.75,12.789999961853027,12.789999961853027,857000
2026-05-12,12.84000015258789,13.0,12.399999618530273,12.4399995803833,12.4399995803833,664300
2026-05-13,12.359999656677246,12.470000267028809,12.0,12.380000114440918,12.380000114440918,761900
2026-05-14,12.319999694824219,12.350000381469727,11.770000457763672,11.880000114440918,11.880000114440918,570400
2026-05-15,11.65999984741211,11.65999984741211,10.970000267028809,11.220000267028809,11.220000267028809,895200
2026-05-18,11.029999732971191,11.399999618530273,10.859999656677246,11.0600004196167,11.0600004196167,854100
2026-05-19,10.989999771118164,10.989999771118164,10.375,10.40999984741211,10.40999984741211,794300
2026-05-20,10.489999771118164,11.375,10.489999771118164,11.319999694824219,11.319999694824219,904900
2026-05-21,11.100000381469727,11.460000038146973,11.010000228881836,11.270000457763672,11.270000457763672,642700
2026-05-22,11.289999961853027,11.619999885559082,11.199999809265137,11.3100004196167,11.3100004196167,522200
2026-05-26,11.399999618530273,11.75,11.279999732971191,11.630000114440918,11.630000114440918,526300
2026-05-27,11.569999694824219,12.140000343322754,11.524999618530273,11.720000267028809,11.720000267028809,484400
2026-05-28,11.699999809265137,12.020000457763672,11.399999618530273,11.970000267028809,11.970000267028809,374000
2026-05-29,11.970000267028809,12.220000267028809,11.74899959564209,11.880000114440918,11.880000114440918,647100
2026-06-01,11.829999923706055,11.989999771118164,11.510000228881836,11.800000190734863,11.800000190734863,709400
2026-06-02,11.609999656677246,11.670000076293945,11.074999809265137,11.210000038146973,11.210000038146973,595400
2026-06-03,11.300000190734863,11.4399995803833,11.229999542236328,11.420000076293945,11.420000076293945,602700
2026-06-04,11.84000015258789,12.119999885559082,11.510000228881836,12.010000228881836,12.010000228881836,942700
2026-06-05,12.079999923706055,12.079999923706055,11.550000190734863,11.770000457763672,11.770000457763672,862600
2026-06-08,11.899999618530273,11.96500015258789,11.199999809265137,11.40999984741211,11.40999984741211,776200
2026-06-09,11.609999656677246,12.039999961853027,11.569999694824219,11.890000343322754,11.890000343322754,1009000
2026-06-10,11.819999694824219,12.239999771118164,11.569999694824219,11.829999923706055,11.829999923706055,651000
2026-06-11,11.800000190734863,12.270000457763672,11.5600004196167,12.09000015258789,12.09000015258789,500300
2026-06-12,12.34000015258789,12.529999732971191,12.020000457763672,12.329999923706055,12.329999923706055,590500
2026-06-15,12.3100004196167,12.595000267028809,11.989999771118164,12.210000038146973,12.210000038146973,638700
2026-06-16,12.25,12.354999542236328,11.899999618530273,12.199999809265137,12.199999809265137,871500
2026-06-17,12.239999771118164,13.260000228881836,12.239999771118164,12.779999732971191,12.779999732971191,1051800
2026-06-18,13.0600004196167,13.319999694824219,12.489999771118164,12.640000343322754,12.640000343322754,1815300
2026-06-22,12.890000343322754,14.210000038146973,12.890000343322754,14.010000228881836,14.010000228881836,1203500
2026-06-23,13.899999618530273,14.5,13.899999618530273,14.079999923706055,14.079999923706055,1142500
2026-06-24,14.279999732971191,14.949999809265137,14.279999732971191,14.449999809265137,14.449999809265137,825300
2026-06-25,14.890000343322754,15.3100004196167,14.428000450134277,14.739999771118164,14.739999771118164,874700
2026-06-26,14.819999694824219,15.569999694824219,14.59000015258789,15.050000190734863,15.050000190734863,1981700
2026-06-29,15.300000190734863,15.619999885559082,14.819999694824219,15.600000381469727,15.600000381469727,749500
2026-06-30,15.6899995803833,16.80500030517578,15.460000038146973,16.100000381469727,16.100000381469727,1500300
2026-07-01,15.930000305175781,16.100000381469727,15.359999656677246,15.380000114440918,15.380000114440918,1020100
2026-07-02,15.390000343322754,15.720000267028809,14.6899995803833,15.0,15.0,919400
2026-07-06,14.970000267028809,15.199999809265137,14.609999656677246,14.890000343322754,14.890000343322754,504900
2026-07-07,14.920000076293945,15.779999732971191,14.725000381469727,15.670000076293945,15.670000076293945,719100
2026-07-08,15.470000267028809,16.510000228881836,15.359999656677246,16.459999084472656,16.459999084472656,1164100
2026-07-09,16.399999618530273,16.979999542236328,15.779999732971191,16.114999771118164,16.114999771118164,1478000
2026-07-10,15.84000015258789,15.890000343322754,15.109999656677246,15.850000381469727,15.850000381469727,544600
